#VRML V2.0 utf8
# 3D model generated by easyeda2kicad.py (https://github.com/uPesy/easyeda2kicad.py)

Shape{
    appearance Appearance {
        material  Material 	{
            diffuseColor 0.8313725490196079 0.6705882352941176 0.12941176470588237
            specularColor 0.6666666666666666 0.5372549019607843 0.10196078431372549
            ambientIntensity 0.657
            transparency 0.0
            shininess 0.5
        }
    }
    geometry IndexedFaceSet {
        ccw TRUE
        solid FALSE
        coord DEF co Coordinate {
            point [
                0.2787 0.2953 0.3766, 0.8262 0.2953 0.5759, 0.2787 0.0492 0.3766, 0.8262 0.0492 0.5759, 0.7992 0.0492 0.6499, 0.7992 0.2953 0.6499, 0.2517 0.0492 0.4506, 0.2517 0.2953 0.4506, 0.2647 0.2953 0.3729, 0.2647 0.0492 0.3729, 0.2511 0.0492 0.4504, 0.2511 0.2953 0.4504, 0.8131 0.0492 0.6536, 0.8131 0.2953 0.6536, 0.8275 0.0492 0.6549, 0.8275 0.2953 0.6549, 0.8275 0.2953 0.5761, 0.8275 0.0492 0.5761, 0.8268 0.2953 0.5761, 0.8268 0.0492 0.5761, 1.0058 0.1368 0.6549, 1.0098 0.1673 0.6549, 1.0098 0.1772 0.6549, 0.8917 0.2953 0.6549, 0.8917 0.0492 0.6549, 0.9222 0.0532 0.6549, 0.9507 0.065 0.6549, 0.9752 0.0838 0.6549, 0.994 0.1083 0.6549, 0.994 0.2362 0.6549, 0.9752 0.2607 0.6549, 0.9507 0.2795 0.6549, 1.0058 0.2077 0.6549, 0.9222 0.2913 0.6549, 1.0058 0.2077 0.5761, 1.0098 0.1772 0.5761, 1.0098 0.1673 0.5761, 0.8917 0.0492 0.5761, 0.8917 0.2953 0.5761, 0.9222 0.2913 0.5761, 0.9507 0.2795 0.5761, 0.9752 0.2607 0.5761, 0.994 0.2362 0.5761, 0.994 0.1083 0.5761, 0.9752 0.0838 0.5761, 0.9507 0.065 0.5761, 1.0058 0.1368 0.5761, 0.9222 0.0532 0.5761, -2.2449 -0.3543 0.315, -2.2488 -0.3543 0.3149, -1.7039 -0.6431 0.315, -0.2303 0.9314 0.315, -0.2303 0.9441 0.315, -0.3468 0.9441 0.315, 0.2298 -0.9314 0.315, 0.2298 -0.9441 0.315, 0.3432 -0.9441 0.315, -0.5153 -0.3128 0.315, -0.5172 -0.2953 0.315, -0.5176 -0.2953 0.315, -1.5196 0.689 0.315, -0.5176 0.2953 0.315, -0.5172 0.2953 0.315, -0.5153 0.3128 0.315, -0.5094 0.3294 0.315, -0.3468 0.689 0.315, -0.5001 0.3444 0.315, 0.1183 -0.7541 0.315, 0.1557 -0.7775 0.315, 0.3432 -0.689 0.315, -0.456 0.372 0.315, 1.4297 0.6578 0.315, 1.3631 0.6811 0.315, -1.5196 -0.689 0.315, -0.5001 -0.3444 0.315, -0.5094 -0.3294 0.315, -2.2449 0.3543 0.315, -1.6145 -0.6773 0.315, 1.1712 0.374 0.315, 1.1887 0.372 0.315, 1.4894 0.6203 0.315, 1.608 -0.374 0.315, 1.2479 -0.3128 0.315, 1.6001 -0.4441 0.315, 1.2421 -0.3294 0.315, -0.4876 0.3568 0.315, -0.4727 0.3662 0.315, 0.3432 0.689 0.315, 1.293 0.689 0.315, -0.4385 0.374 0.315, 1.2053 0.3662 0.315, 1.2202 0.3568 0.315, 1.5393 0.5704 0.315, 1.2327 0.3444 0.315, 1.5768 0.5107 0.315, 1.2421 0.3294 0.315, 1.6001 0.4441 0.315, 1.2479 0.3128 0.315, 1.608 0.374 0.315, 1.2499 0.2953 0.315, 1.2499 -0.2953 0.315, 0.2298 0.9441 0.315, 0.2298 0.9314 0.315, 0.3432 0.9441 0.315, 0.2248 0.8876 0.315, 0.2103 0.846 0.315, 0.1868 0.8087 0.315, -0.1189 0.7541 0.315, -0.1562 0.7775 0.315, -0.4385 -0.374 0.315, -0.3468 -0.689 0.315, 1.1712 -0.374 0.315, 1.1887 -0.372 0.315, 0.1868 -0.8087 0.315, 0.2103 -0.846 0.315, 0.2248 -0.8876 0.315, 1.2202 -0.3568 0.315, 1.4894 -0.6203 0.315, 1.2327 -0.3444 0.315, 1.5393 -0.5704 0.315, 1.5768 -0.5107 0.315, 0.1557 0.7775 0.315, 0.1183 0.7541 0.315, 0.0767 0.7395 0.315, -0.456 -0.372 0.315, -0.4727 -0.3662 0.315, -0.4876 -0.3568 0.315, -1.6145 0.6773 0.315, -1.7039 0.6431 0.315, -0.2303 -0.9441 0.315, -0.2303 -0.9314 0.315, -0.3468 -0.9441 0.315, -0.2254 -0.8876 0.315, -0.2108 -0.846 0.315, -0.1874 -0.8087 0.315, -0.1562 -0.7775 0.315, -0.1189 -0.7541 0.315, -0.0773 -0.7395 0.315, -0.1874 0.8087 0.315, -0.2108 0.846 0.315, -0.2254 0.8876 0.315, -2.2488 0.3543 0.3149, -0.0335 -0.7346 0.315, 0.0329 -0.7346 0.315, 0.0767 -0.7395 0.315, 0.0329 0.7346 0.315, -0.0335 0.7346 0.315, -0.0773 0.7395 0.315, 1.293 -0.689 0.315, 1.2053 -0.3662 0.315, 1.3631 -0.6811 0.315, 1.4297 -0.6578 0.315, -2.2449 0.3543 0.2362, -2.2488 0.3543 0.2362, -1.7039 0.6431 0.2362, -0.5153 0.3128 0.2362, -0.5172 0.2953 0.2362, -0.5176 0.2953 0.2362, -1.5196 0.689 0.2362, -0.5001 0.3444 0.2362, -0.5094 0.3294 0.2362, 0.2298 0.9314 0.2362, 0.2298 0.9441 0.2362, 0.3432 0.9441 0.2362, 1.1712 0.374 0.2362, -0.4385 0.374 0.2362, -0.3468 0.689 0.2362, -0.2303 -0.9314 0.2362, -0.2303 -0.9441 0.2362, -0.3468 -0.9441 0.2362, -0.456 0.372 0.2362, -0.4727 0.3662 0.2362, -0.4876 0.3568 0.2362, 0.1868 -0.8087 0.2362, 0.1557 -0.7775 0.2362, 0.3432 -0.689 0.2362, 1.2202 0.3568 0.2362, 1.4894 0.6203 0.2362, 1.2327 0.3444 0.2362, 1.5393 0.5704 0.2362, 1.2421 0.3294 0.2362, 1.2053 0.3662 0.2362, 1.3631 0.6811 0.2362, 1.4297 0.6578 0.2362, 1.1887 0.372 0.2362, 0.3432 0.689 0.2362, 1.293 0.689 0.2362, -0.5094 -0.3294 0.2362, -0.5001 -0.3444 0.2362, -1.5196 -0.689 0.2362, -0.2303 0.9441 0.2362, -0.2303 0.9314 0.2362, -0.3468 0.9441 0.2362, -0.2254 0.8876 0.2362, -0.2108 0.846 0.2362, -0.1874 0.8087 0.2362, -0.1562 0.7775 0.2362, -0.1189 0.7541 0.2362, 0.0767 0.7395 0.2362, 0.1183 0.7541 0.2362, 0.1557 0.7775 0.2362, -0.456 -0.372 0.2362, 1.4297 -0.6578 0.2362, 1.3631 -0.6811 0.2362, 1.1712 -0.374 0.2362, 1.1887 -0.372 0.2362, 1.4894 -0.6203 0.2362, -2.2449 -0.3543 0.2362, -1.6145 0.6773 0.2362, 0.1868 0.8087 0.2362, 0.2103 0.846 0.2362, 0.2248 0.8876 0.2362, 1.608 0.374 0.2362, 1.2479 0.3128 0.2362, 1.6001 0.4441 0.2362, 1.5768 0.5107 0.2362, 0.2298 -0.9441 0.2362, 0.2298 -0.9314 0.2362, 0.3432 -0.9441 0.2362, 0.2248 -0.8876 0.2362, 0.2103 -0.846 0.2362, 1.293 -0.689 0.2362, -0.4727 -0.3662 0.2362, -0.4385 -0.374 0.2362, 1.2053 -0.3662 0.2362, 1.2202 -0.3568 0.2362, 1.5393 -0.5704 0.2362, 1.2327 -0.3444 0.2362, 1.5768 -0.5107 0.2362, 1.2421 -0.3294 0.2362, 1.6001 -0.4441 0.2362, 1.2479 -0.3128 0.2362, 1.608 -0.374 0.2362, 1.2499 -0.2953 0.2362, 1.2499 0.2953 0.2362, -0.0335 -0.7346 0.2362, -0.0773 -0.7395 0.2362, -0.3468 -0.689 0.2362, -0.1189 -0.7541 0.2362, -0.1562 -0.7775 0.2362, -0.5176 -0.2953 0.2362, -0.5172 -0.2953 0.2362, -0.5153 -0.3128 0.2362, -0.0773 0.7395 0.2362, -0.0335 0.7346 0.2362, 0.0329 0.7346 0.2362, 0.1183 -0.7541 0.2362, 0.0767 -0.7395 0.2362, 0.0329 -0.7346 0.2362, -0.4876 -0.3568 0.2362, -0.1874 -0.8087 0.2362, -0.2108 -0.846 0.2362, -0.2254 -0.8876 0.2362, -1.6145 -0.6773 0.2362, -1.7039 -0.6431 0.2362, -2.2488 -0.3543 0.2362, -0.3468 -0.9655 0.3121, -0.2303 -0.9655 0.3121, -0.3468 -0.9854 0.3039, -0.2303 -0.9854 0.3039, -0.3468 -1.0025 0.2907, -0.2303 -1.0025 0.2907, -0.3468 -1.0157 0.2736, -0.2303 -1.0157 0.2736, -0.3468 -1.0239 0.2537, -0.2303 -1.0239 0.2537, -0.3468 -1.0268 0.2323, -0.2303 -1.0268 0.2323, 0.2298 -0.9655 0.3121, 0.3432 -0.9655 0.3121, 0.2298 -0.9854 0.3039, 0.3432 -0.9854 0.3039, 0.2298 -1.0025 0.2907, 0.3432 -1.0025 0.2907, 0.2298 -1.0157 0.2736, 0.3432 -1.0157 0.2736, 0.2298 -1.0239 0.2537, 0.3432 -1.0239 0.2537, 0.2298 -1.0268 0.2323, 0.3432 -1.0268 0.2323, -0.2303 -0.948 0.2323, -0.3468 -0.948 0.2323, -0.2303 -0.9479 0.2333, -0.3468 -0.9479 0.2333, -0.2303 -0.9475 0.2343, -0.3468 -0.9475 0.2343, -0.2303 -0.9469 0.2351, -0.3468 -0.9469 0.2351, -0.2303 -0.946 0.2357, -0.3468 -0.946 0.2357, -0.2303 -0.9451 0.2361, -0.3468 -0.9451 0.2361, 0.3432 -0.948 0.2323, 0.2298 -0.948 0.2323, 0.3432 -0.9479 0.2333, 0.2298 -0.9479 0.2333, 0.3432 -0.9475 0.2343, 0.2298 -0.9475 0.2343, 0.3432 -0.9469 0.2351, 0.2298 -0.9469 0.2351, 0.3432 -0.946 0.2357, 0.2298 -0.946 0.2357, 0.3432 -0.9451 0.2361, 0.2298 -0.9451 0.2361, -0.2303 -1.0268 0.0, -0.3468 -1.0268 0.0, 0.2298 -1.0268 0.0, 0.3432 -1.0268 0.0, -0.3468 -0.948 0.0, -0.2303 -0.948 0.0, 0.3432 -0.948 0.0, 0.2298 -0.948 0.0, -0.2303 0.9655 0.3121, -0.3468 0.9655 0.3121, -0.2303 0.9854 0.3039, -0.3468 0.9854 0.3039, -0.2303 1.0025 0.2907, -0.3468 1.0025 0.2907, -0.2303 1.0157 0.2736, -0.3468 1.0157 0.2736, -0.2303 1.0239 0.2537, -0.3468 1.0239 0.2537, -0.2303 1.0268 0.2323, -0.3468 1.0268 0.2323, -0.3468 0.948 0.2323, -0.2303 0.948 0.2323, -0.3468 0.9479 0.2333, -0.2303 0.9479 0.2333, -0.3468 0.9475 0.2343, -0.2303 0.9475 0.2343, -0.3468 0.9469 0.2351, -0.2303 0.9469 0.2351, -0.3468 0.946 0.2357, -0.2303 0.946 0.2357, -0.3468 0.9451 0.2361, -0.2303 0.9451 0.2361, -0.3468 1.0268 0.0, -0.2303 1.0268 0.0, -0.2303 0.948 0.0, -0.3468 0.948 0.0, 0.7992 -0.2953 0.6499, 0.2517 -0.2953 0.4506, 0.8262 -0.2953 0.5759, 0.2787 -0.2953 0.3766, 0.8262 -0.0492 0.5759, 0.2787 -0.0492 0.3766, 0.2517 -0.0492 0.4506, 0.7992 -0.0492 0.6499, -0.5032 0.2953 0.2375, -0.5169 0.2953 0.315, -0.5169 -0.2953 0.315, -0.5032 -0.2953 0.2375, 0.2511 -0.2953 0.4504, 0.2647 -0.2953 0.3729, -0.3709 0.0314 0.2608, -0.3765 0.0225 0.2598, -0.38 -0.0125 0.2592, -0.3765 -0.0225 0.2598, -0.3445 0.048 0.2655, -0.3545 0.0445 0.2637, -0.3634 0.0389 0.2621, -0.38 0.0125 0.2592, -0.3812 0.002 0.259, -0.3812 -0.002 0.259, -0.3709 -0.0314 0.2608, -0.3634 -0.0389 0.2621, -0.3545 -0.0445 0.2637, -0.334 0.0492 0.2673, 0.2647 -0.0492 0.3729, -0.334 -0.0492 0.2673, -0.3445 -0.048 0.2655, -0.38 0.0125 0.3392, -0.3765 0.0225 0.3398, -0.3709 -0.0314 0.3408, -0.3765 -0.0225 0.3398, -0.38 -0.0125 0.3392, -0.3812 -0.002 0.3389, -0.3812 0.002 0.3389, -0.3709 0.0314 0.3408, -0.3634 0.0389 0.3421, -0.3545 0.0445 0.3437, -0.3445 -0.048 0.3454, -0.3545 -0.0445 0.3437, -0.3634 -0.0389 0.3421, -0.334 0.0492 0.3473, -0.3445 0.048 0.3454, 0.2511 -0.0492 0.4504, -0.334 -0.0492 0.3473, -2.2488 -0.3543 0.0748, -2.2488 -0.3543 0.2323, -2.3276 -0.3543 0.0748, -2.3276 -0.3543 0.2323, -2.3276 0.3543 0.0748, -2.3276 0.3543 0.2323, -2.2488 0.3543 0.2323, -2.2488 0.3543 0.0748, -2.2459 -0.3543 0.2361, -2.2469 -0.3543 0.2357, -2.3239 -0.3543 0.2573, -2.326 -0.3543 0.2461, -2.3274 -0.3543 0.2382, -2.2586 -0.3543 0.3133, -2.2487 -0.3543 0.2333, -2.2483 -0.3543 0.2343, -2.2477 -0.3543 0.2351, -2.2694 -0.3543 0.3115, -2.2781 -0.3543 0.3076, -2.2878 -0.3543 0.3032, -2.2954 -0.3543 0.2971, -2.3033 -0.3543 0.2907, -2.3096 -0.3543 0.2827, -2.3166 -0.3543 0.2738, -2.3203 -0.3543 0.2655, -2.2487 0.3543 0.2333, -2.2581 0.3543 0.314, -2.2459 0.3543 0.2361, -2.3259 0.3543 0.2461, -2.3249 0.3543 0.2538, -2.3203 0.3543 0.2655, -2.3183 0.3543 0.2707, -2.3098 0.3543 0.2829, -2.3071 0.3543 0.2868, -2.2954 0.3543 0.2972, -2.2913 0.3543 0.3009, -2.2783 0.3543 0.308, -2.2767 0.3543 0.3089, -2.2587 0.3543 0.3138, -2.2469 0.3543 0.2357, -2.2477 0.3543 0.2351, -2.2483 0.3543 0.2343, -2.3277 0.3543 0.0738, -2.2516 0.3543 0.0534, -2.3281 0.3543 0.0728, -2.2599 0.3543 0.0335, -2.3287 0.3543 0.072, -2.273 0.3543 0.0163, -2.3295 0.3543 0.0714, -2.2902 0.3543 0.0032, -2.3305 0.3543 0.071, -2.3101 0.3543 -0.0051, -2.3315 0.3543 0.0709, -2.3315 0.3543 -0.0079, -2.3315 -0.3543 0.0709, -2.3315 -0.3543 -0.0079, -2.3305 -0.3543 0.071, -2.3101 -0.3543 -0.0051, -2.3295 -0.3543 0.0714, -2.2902 -0.3543 0.0032, -2.3287 -0.3543 0.072, -2.273 -0.3543 0.0163, -2.3281 -0.3543 0.0728, -2.2599 -0.3543 0.0335, -2.3277 -0.3543 0.0738, -2.2516 -0.3543 0.0534, -3.6071 -0.3543 -0.0079, -3.6071 -0.3543 0.0709, -3.6071 0.3543 0.0709, -3.6071 0.3543 -0.0079, -3.7252 0.2362 -0.0079, -3.7212 -0.2668 -0.0079, -3.7252 -0.2362 -0.0079, -3.6377 -0.3503 -0.0079, -3.6661 -0.3385 -0.0079, -3.7212 0.2668 -0.0079, -3.7094 0.2953 -0.0079, -3.6377 0.3503 -0.0079, -3.6906 0.3197 -0.0079, -3.6661 0.3385 -0.0079, -3.6906 -0.3197 -0.0079, -3.7094 -0.2953 -0.0079, -3.7252 0.2362 0.0709, -3.7252 -0.2362 0.0709, -3.6661 0.3385 0.0709, -3.6906 0.3197 0.0709, -3.6377 0.3503 0.0709, -3.7094 0.2953 0.0709, -3.7212 0.2668 0.0709, -3.7094 -0.2953 0.0709, -3.6906 -0.3197 0.0709, -3.6661 -0.3385 0.0709, -3.7212 -0.2668 0.0709, -3.6377 -0.3503 0.0709
            ]
        }
        coordIndex [
            0,1,2,-1,2,1,3,-1,4,5,6,-1,6,5,7,-1,8,0,9,-1,9,0,2,-1,6,7,10,-1,10,7,11,-1,5,4,12,-1,5,12,13,-1,13,12,14,-1,13,14,15,-1,16,17,18,-1,18,17,19,-1,18,19,1,-1,1,19,3,-1,20,21,15,-1,15,21,22,-1,15,22,23,-1,14,24,15,-1,15,24,25,-1,15,25,26,-1,26,27,15,-1,15,27,28,-1,15,28,20,-1,29,30,31,-1,22,32,23,-1,23,32,29,-1,23,29,33,-1,33,29,31,-1,34,35,17,-1,17,35,36,-1,17,36,37,-1,16,38,17,-1,17,38,39,-1,17,39,40,-1,40,41,17,-1,17,41,42,-1,17,42,34,-1,43,44,45,-1,36,46,37,-1,37,46,43,-1,37,43,47,-1,47,43,45,-1,22,21,35,-1,35,21,36,-1,48,49,50,-1,51,52,53,-1,54,55,56,-1,57,58,59,-1,60,61,62,-1,62,63,60,-1,60,63,64,-1,60,64,65,-1,65,64,66,-1,67,68,69,-1,70,71,72,-1,73,74,75,-1,48,50,76,-1,76,50,77,-1,76,77,73,-1,78,79,80,-1,81,82,83,-1,83,82,84,-1,66,85,65,-1,65,85,86,-1,65,86,87,-1,87,86,70,-1,87,70,88,-1,88,70,72,-1,71,70,80,-1,80,70,89,-1,80,89,78,-1,79,90,80,-1,80,90,91,-1,80,91,92,-1,92,91,93,-1,92,93,94,-1,94,93,95,-1,94,95,96,-1,96,95,97,-1,96,97,98,-1,98,97,99,-1,98,99,81,-1,81,99,100,-1,81,100,82,-1,101,102,103,-1,103,102,104,-1,103,104,87,-1,87,104,105,-1,87,105,106,-1,107,108,65,-1,109,110,111,-1,111,110,112,-1,75,57,73,-1,73,57,59,-1,73,59,76,-1,76,59,61,-1,68,113,69,-1,69,113,114,-1,69,114,56,-1,56,114,115,-1,56,115,54,-1,116,117,118,-1,118,117,119,-1,118,119,84,-1,84,119,120,-1,84,120,83,-1,106,121,87,-1,87,121,122,-1,87,122,123,-1,109,124,110,-1,110,124,125,-1,110,125,73,-1,73,125,126,-1,73,126,74,-1,60,127,128,-1,129,130,131,-1,131,130,132,-1,131,132,110,-1,110,132,133,-1,110,133,134,-1,134,135,110,-1,110,135,136,-1,110,136,137,-1,108,138,65,-1,65,138,139,-1,65,139,53,-1,53,139,140,-1,53,140,51,-1,61,60,76,-1,76,60,128,-1,76,128,141,-1,142,143,69,-1,69,143,144,-1,69,144,67,-1,123,145,87,-1,87,145,146,-1,87,146,65,-1,65,146,147,-1,65,147,107,-1,137,142,110,-1,110,142,69,-1,110,69,112,-1,112,69,148,-1,112,148,149,-1,149,148,150,-1,149,150,116,-1,116,150,151,-1,116,151,117,-1,152,153,154,-1,155,156,157,-1,158,159,160,-1,161,162,163,-1,164,165,166,-1,167,168,169,-1,165,170,166,-1,166,170,171,-1,166,171,158,-1,158,171,172,-1,158,172,159,-1,173,174,175,-1,176,177,178,-1,178,177,179,-1,178,179,180,-1,181,182,176,-1,176,182,183,-1,176,183,177,-1,164,166,184,-1,184,166,185,-1,184,185,181,-1,181,185,186,-1,181,186,182,-1,187,188,189,-1,190,191,192,-1,192,191,193,-1,192,193,166,-1,166,193,194,-1,194,195,166,-1,166,195,196,-1,166,196,197,-1,198,199,185,-1,185,199,200,-1,201,202,203,-1,204,205,206,-1,152,154,207,-1,207,154,208,-1,207,208,158,-1,200,209,185,-1,185,209,210,-1,185,210,163,-1,163,210,211,-1,163,211,161,-1,212,213,214,-1,214,213,180,-1,214,180,215,-1,215,180,179,-1,216,217,218,-1,218,217,219,-1,218,219,175,-1,175,219,220,-1,175,220,173,-1,203,221,201,-1,201,221,175,-1,201,175,222,-1,202,201,206,-1,206,201,223,-1,206,223,204,-1,205,224,206,-1,206,224,225,-1,206,225,226,-1,226,225,227,-1,226,227,228,-1,228,227,229,-1,228,229,230,-1,230,229,231,-1,230,231,232,-1,232,231,233,-1,232,233,212,-1,212,233,234,-1,212,234,213,-1,235,236,237,-1,237,236,238,-1,237,238,239,-1,160,155,158,-1,158,155,157,-1,158,157,207,-1,207,157,240,-1,240,241,189,-1,189,241,242,-1,189,242,187,-1,197,243,166,-1,166,243,244,-1,166,244,185,-1,185,244,245,-1,185,245,198,-1,174,246,175,-1,175,246,247,-1,175,247,248,-1,188,249,189,-1,189,249,222,-1,189,222,237,-1,237,222,175,-1,237,175,235,-1,235,175,248,-1,239,250,237,-1,237,250,251,-1,237,251,169,-1,169,251,252,-1,169,252,167,-1,189,253,254,-1,240,189,207,-1,207,189,254,-1,207,254,255,-1,129,131,256,-1,129,256,257,-1,257,256,258,-1,257,258,259,-1,259,258,260,-1,259,260,261,-1,261,260,262,-1,261,262,263,-1,263,262,264,-1,263,264,265,-1,265,264,266,-1,265,266,267,-1,56,55,268,-1,56,268,269,-1,269,268,270,-1,269,270,271,-1,271,270,272,-1,271,272,273,-1,273,272,274,-1,273,274,275,-1,275,274,276,-1,275,276,277,-1,277,276,278,-1,277,278,279,-1,280,281,282,-1,282,281,283,-1,282,283,284,-1,284,283,285,-1,284,285,286,-1,286,285,287,-1,286,287,288,-1,288,287,289,-1,288,289,290,-1,290,289,291,-1,290,291,168,-1,168,291,169,-1,292,293,294,-1,294,293,295,-1,294,295,296,-1,296,295,297,-1,296,297,298,-1,298,297,299,-1,298,299,300,-1,300,299,301,-1,300,301,302,-1,302,301,303,-1,302,303,218,-1,218,303,216,-1,267,266,304,-1,304,266,305,-1,306,307,278,-1,278,307,279,-1,308,281,309,-1,309,281,280,-1,292,310,293,-1,293,310,311,-1,305,308,304,-1,304,308,309,-1,310,307,311,-1,311,307,306,-1,110,237,131,-1,131,237,169,-1,175,69,218,-1,218,69,56,-1,73,189,110,-1,110,189,237,-1,221,148,175,-1,175,148,69,-1,53,52,312,-1,53,312,313,-1,313,312,314,-1,313,314,315,-1,315,314,316,-1,315,316,317,-1,317,316,318,-1,317,318,319,-1,319,318,320,-1,319,320,321,-1,321,320,322,-1,321,322,323,-1,324,325,326,-1,326,325,327,-1,326,327,328,-1,328,327,329,-1,328,329,330,-1,330,329,331,-1,330,331,332,-1,332,331,333,-1,332,333,334,-1,334,333,335,-1,334,335,192,-1,192,335,190,-1,336,323,337,-1,337,323,322,-1,325,324,338,-1,338,324,339,-1,339,336,338,-1,338,336,337,-1,103,87,163,-1,163,87,185,-1,166,158,65,-1,65,158,60,-1,340,341,342,-1,342,341,343,-1,342,343,344,-1,344,343,345,-1,346,341,347,-1,347,341,340,-1,348,349,8,-1,8,349,11,-1,350,351,352,-1,352,351,353,-1,354,355,348,-1,351,356,357,-1,358,359,348,-1,348,359,360,-1,348,360,354,-1,355,361,348,-1,348,361,362,-1,348,362,351,-1,351,362,363,-1,351,363,356,-1,357,364,351,-1,351,364,365,-1,351,365,366,-1,8,9,348,-1,348,9,367,-1,348,367,358,-1,368,353,369,-1,369,353,351,-1,369,351,370,-1,370,351,366,-1,349,371,372,-1,373,374,350,-1,374,375,350,-1,350,375,376,-1,350,376,349,-1,349,376,377,-1,349,377,371,-1,372,378,349,-1,349,378,379,-1,349,379,380,-1,381,382,350,-1,350,382,383,-1,350,383,373,-1,10,11,384,-1,384,11,349,-1,384,349,385,-1,385,349,380,-1,352,386,350,-1,350,386,387,-1,350,387,381,-1,388,389,390,-1,390,389,391,-1,390,391,392,-1,392,391,393,-1,394,389,395,-1,395,389,388,-1,50,49,254,-1,254,49,255,-1,50,254,253,-1,50,253,77,-1,77,253,189,-1,77,189,73,-1,148,221,203,-1,148,203,150,-1,150,203,202,-1,150,202,151,-1,151,202,206,-1,151,206,117,-1,117,206,226,-1,117,226,119,-1,119,226,228,-1,119,228,120,-1,120,228,230,-1,120,230,83,-1,83,230,232,-1,83,232,81,-1,98,81,212,-1,212,81,232,-1,98,212,214,-1,98,214,96,-1,96,214,215,-1,96,215,94,-1,94,215,179,-1,94,179,92,-1,92,179,177,-1,92,177,80,-1,80,177,183,-1,80,183,71,-1,71,183,182,-1,71,182,72,-1,72,182,186,-1,72,186,88,-1,87,88,185,-1,185,88,186,-1,60,158,208,-1,60,208,127,-1,127,208,154,-1,127,154,128,-1,141,128,153,-1,153,128,154,-1,78,164,79,-1,79,164,184,-1,79,184,90,-1,90,184,181,-1,90,181,91,-1,91,181,176,-1,91,176,93,-1,93,176,178,-1,93,178,95,-1,95,178,180,-1,95,180,97,-1,97,180,213,-1,97,213,99,-1,99,213,234,-1,78,89,164,-1,164,89,165,-1,62,156,63,-1,63,156,155,-1,63,155,64,-1,64,155,160,-1,64,160,66,-1,66,160,159,-1,66,159,85,-1,85,159,172,-1,85,172,86,-1,86,172,171,-1,86,171,70,-1,70,171,170,-1,70,170,89,-1,89,170,165,-1,109,223,124,-1,124,223,201,-1,124,201,125,-1,125,201,222,-1,125,222,126,-1,126,222,249,-1,126,249,74,-1,74,249,188,-1,74,188,75,-1,75,188,187,-1,75,187,57,-1,57,187,242,-1,57,242,58,-1,58,242,241,-1,109,111,223,-1,223,111,204,-1,100,233,82,-1,82,233,231,-1,82,231,84,-1,84,231,229,-1,84,229,118,-1,118,229,227,-1,118,227,116,-1,116,227,225,-1,116,225,149,-1,149,225,224,-1,149,224,112,-1,112,224,205,-1,112,205,111,-1,111,205,204,-1,100,99,233,-1,233,99,234,-1,396,207,255,-1,396,255,397,-1,398,399,255,-1,255,399,400,-1,255,400,391,-1,255,49,401,-1,389,402,391,-1,391,402,403,-1,391,403,255,-1,255,403,404,-1,255,404,397,-1,401,405,255,-1,255,405,406,-1,255,406,407,-1,407,408,255,-1,255,408,409,-1,255,409,410,-1,410,411,255,-1,255,411,412,-1,255,412,398,-1,413,394,393,-1,414,141,153,-1,153,152,415,-1,393,416,153,-1,153,416,417,-1,153,417,418,-1,418,419,153,-1,153,419,420,-1,153,420,421,-1,421,422,153,-1,153,422,423,-1,153,423,424,-1,424,425,153,-1,153,425,426,-1,153,426,414,-1,415,427,153,-1,153,427,428,-1,153,428,393,-1,393,428,429,-1,393,429,413,-1,49,48,76,-1,76,141,49,-1,49,141,414,-1,49,414,401,-1,401,414,426,-1,401,426,405,-1,405,426,425,-1,405,425,406,-1,406,425,424,-1,406,424,407,-1,407,424,423,-1,407,423,408,-1,408,423,422,-1,408,422,409,-1,409,422,421,-1,409,421,410,-1,410,421,420,-1,410,420,411,-1,411,420,419,-1,411,419,412,-1,412,419,418,-1,412,418,398,-1,398,418,417,-1,398,417,399,-1,399,417,416,-1,399,416,400,-1,400,416,393,-1,400,393,391,-1,389,394,402,-1,402,394,413,-1,402,413,403,-1,403,413,429,-1,403,429,404,-1,404,429,428,-1,404,428,397,-1,397,428,427,-1,397,427,396,-1,396,427,415,-1,396,415,207,-1,207,415,152,-1,393,394,392,-1,392,394,395,-1,392,395,430,-1,430,395,431,-1,430,431,432,-1,432,431,433,-1,432,433,434,-1,434,433,435,-1,434,435,436,-1,436,435,437,-1,436,437,438,-1,438,437,439,-1,438,439,440,-1,440,439,441,-1,442,443,444,-1,444,443,445,-1,444,445,446,-1,446,445,447,-1,446,447,448,-1,448,447,449,-1,448,449,450,-1,450,449,451,-1,450,451,452,-1,452,451,453,-1,452,453,390,-1,390,453,388,-1,395,388,453,-1,395,453,431,-1,431,453,451,-1,431,451,433,-1,433,451,449,-1,433,449,435,-1,435,449,447,-1,435,447,437,-1,437,447,445,-1,437,445,439,-1,439,445,443,-1,439,443,441,-1,440,442,438,-1,438,442,444,-1,438,444,436,-1,436,444,446,-1,436,446,434,-1,434,446,448,-1,434,448,432,-1,432,448,450,-1,432,450,430,-1,430,450,452,-1,430,452,392,-1,392,452,390,-1,454,443,455,-1,455,443,442,-1,456,440,457,-1,457,440,441,-1,457,441,458,-1,459,460,454,-1,458,441,460,-1,460,441,443,-1,460,443,454,-1,454,461,462,-1,458,463,457,-1,457,463,464,-1,457,464,465,-1,465,464,466,-1,465,466,467,-1,462,468,454,-1,454,468,469,-1,454,469,459,-1,470,440,456,-1,440,470,442,-1,442,470,471,-1,442,471,455,-1,472,473,474,-1,474,473,475,-1,474,475,456,-1,456,475,476,-1,456,476,470,-1,477,478,479,-1,471,480,455,-1,455,480,477,-1,455,477,481,-1,481,477,479,-1,458,460,470,-1,470,460,471,-1,
        ]
    }
}
Shape{
    appearance Appearance {
        material  Material 	{
            diffuseColor 1.0 1.0 1.0
            specularColor 0.8784313725490196 0.8784313725490196 0.8784313725490196
            ambientIntensity 1.0
            transparency 0.0
            shininess 0.5
        }
    }
    geometry IndexedFaceSet {
        ccw TRUE
        solid FALSE
        coord DEF co Coordinate {
            point [
                -0.5032 0.2953 0.2375, -0.5172 0.2953 0.2362, -0.5169 0.2953 0.315, -0.5172 0.2953 0.315, -0.5176 0.2953 0.315, -0.5172 -0.2953 0.2362, -0.5032 -0.2953 0.2375, -0.5172 -0.2953 0.315, -0.5169 -0.2953 0.315, -0.5176 -0.2953 0.315, -0.5176 0.2953 0.2362, -0.5176 -0.2953 0.2362
            ]
        }
        coordIndex [
            0,1,2,-1,2,1,3,-1,2,3,4,-1,5,6,7,-1,7,6,8,-1,7,8,9,-1,0,6,1,-1,1,6,5,-1,1,5,10,-1,10,5,11,-1,8,2,9,-1,9,2,4,-1,
        ]
    }
}
Shape{
    appearance Appearance {
        material  Material 	{
            diffuseColor 0.8313725490196079 0.6705882352941176 0.12941176470588237
            specularColor 0.6666666666666666 0.5372549019607843 0.10196078431372549
            ambientIntensity 0.657
            transparency 0.0
            shininess 0.5
        }
    }
    geometry IndexedFaceSet {
        ccw TRUE
        solid FALSE
        coord DEF co Coordinate {
            point [
                0.2511 -0.2953 0.4504, 0.2647 -0.2953 0.3729, 0.2517 -0.2953 0.4506, 0.2787 -0.2953 0.3766, 0.2787 0.2953 0.3766, 0.2647 0.2953 0.3729, 0.2517 0.2953 0.4506, 0.2511 0.2953 0.4504, 0.2647 -0.0492 0.3729, 0.2787 -0.0492 0.3766, 0.2517 -0.0492 0.4506, 0.2511 -0.0492 0.4504, 0.8262 0.2953 0.5759, 0.7992 0.2953 0.6499, 0.8268 0.2953 0.5761, 0.8131 0.2953 0.6536, 0.8275 0.2953 0.5761, 0.8275 0.2953 0.6549, 0.8275 -0.2953 0.5761, 0.8275 -0.2953 0.6549, 0.8268 -0.2953 0.5761, 0.8131 -0.2953 0.6536, 0.8262 -0.2953 0.5759, 0.7992 -0.2953 0.6499, 0.7992 -0.0492 0.6499, 0.8131 -0.0492 0.6536, 0.8275 -0.0492 0.6549, 0.8275 -0.0492 0.5761, 0.8268 -0.0492 0.5761, 0.8262 -0.0492 0.5759, 0.8917 -0.2953 0.6549, 0.8917 -0.2953 0.5761, 0.8917 0.2953 0.5761, 0.8917 0.2953 0.6549, 0.8917 -0.0492 0.6549, 1.0058 -0.1368 0.6549, 0.994 -0.1083 0.6549, 0.9752 -0.0838 0.6549, 0.994 -0.2362 0.6549, 1.0058 -0.2077 0.6549, 1.0098 -0.1772 0.6549, 1.0098 -0.1673 0.6549, 0.9752 -0.2607 0.6549, 0.9222 -0.2913 0.6549, 0.9507 -0.2795 0.6549, 0.9507 -0.065 0.6549, 0.9222 -0.0532 0.6549, 0.8917 -0.0492 0.5761, 0.9222 -0.0532 0.5761, 0.994 -0.1083 0.5761, 1.0058 -0.1368 0.5761, 1.0098 -0.1673 0.5761, 1.0098 -0.1772 0.5761, 1.0058 -0.2077 0.5761, 0.9507 -0.065 0.5761, 0.9752 -0.0838 0.5761, 0.994 -0.2362 0.5761, 0.9752 -0.2607 0.5761, 0.9222 -0.2913 0.5761, 0.9507 -0.2795 0.5761, -0.3468 0.689 0.2362, -0.3468 0.689 0.315, -0.3468 0.9441 0.2362, -0.3468 0.9441 0.315, -0.3468 0.9451 0.2361, -0.3468 0.9655 0.3121, -0.3468 0.946 0.2357, -0.3468 0.9854 0.3039, -0.3468 0.9469 0.2351, -0.3468 1.0025 0.2907, -0.3468 0.9475 0.2343, -0.3468 1.0157 0.2736, -0.3468 0.9479 0.2333, -0.3468 1.0239 0.2537, -0.3468 0.948 0.2323, -0.3468 1.0268 0.2323, 0.3432 0.948 0.2323, 0.3432 1.0268 0.2323, 0.3432 0.9479 0.2333, 0.3432 1.0239 0.2537, 0.3432 0.9475 0.2343, 0.3432 1.0157 0.2736, 0.3432 0.9469 0.2351, 0.3432 1.0025 0.2907, 0.3432 0.946 0.2357, 0.3432 0.9854 0.3039, 0.3432 0.9451 0.2361, 0.3432 0.9655 0.3121, 0.3432 0.9441 0.2362, 0.3432 0.9441 0.315, 0.2298 0.9441 0.315, 0.2298 0.9655 0.3121, 0.2298 0.9854 0.3039, 0.2298 1.0025 0.2907, 0.2298 1.0157 0.2736, 0.2298 1.0239 0.2537, 0.2298 1.0268 0.2323, 0.2298 0.948 0.2323, 0.2298 0.9479 0.2333, 0.2298 0.9475 0.2343, 0.2298 0.9469 0.2351, 0.2298 0.946 0.2357, 0.2298 0.9451 0.2361, 0.2298 0.9441 0.2362, 0.3432 0.948 0.0, 0.3432 1.0268 0.0, -0.3468 1.0268 0.0, -0.3468 0.948 0.0, 0.2298 1.0268 0.0, 0.2298 0.948 0.0, -0.2303 0.948 0.0, -0.2303 1.0268 0.0, -0.2303 0.948 0.2323, -0.2303 1.0268 0.2323, -0.2303 0.9479 0.2333, -0.2303 1.0239 0.2537, -0.2303 0.9475 0.2343, -0.2303 1.0157 0.2736, -0.2303 0.9469 0.2351, -0.2303 1.0025 0.2907, -0.2303 0.946 0.2357, -0.2303 0.9854 0.3039, -0.2303 0.9451 0.2361, -0.2303 0.9655 0.3121, -0.2303 0.9441 0.2362, -0.2303 0.9441 0.315, -0.2303 0.9314 0.2362, -0.2303 0.9314 0.315, 0.2298 0.9314 0.2362, 0.2298 0.9314 0.315, 0.0329 0.7346 0.2362, 0.0329 0.7346 0.315, 0.0767 0.7395 0.2362, 0.0767 0.7395 0.315, 0.1183 0.7541 0.2362, 0.1183 0.7541 0.315, 0.1557 0.7775 0.2362, 0.1557 0.7775 0.315, 0.1868 0.8087 0.2362, 0.1868 0.8087 0.315, 0.2103 0.846 0.2362, 0.2103 0.846 0.315, 0.2248 0.8876 0.2362, 0.2248 0.8876 0.315, -0.0335 0.7346 0.315, -0.0335 0.7346 0.2362, -0.2254 0.8876 0.2362, -0.2254 0.8876 0.315, -0.2108 0.846 0.2362, -0.2108 0.846 0.315, -0.1874 0.8087 0.2362, -0.1874 0.8087 0.315, -0.1562 0.7775 0.2362, -0.1562 0.7775 0.315, -0.1189 0.7541 0.2362, -0.1189 0.7541 0.315, -0.0773 0.7395 0.2362, -0.0773 0.7395 0.315, 0.3432 -0.9441 0.2362, 0.3432 -0.9441 0.315, 0.3432 -0.9451 0.2361, 0.3432 -0.9655 0.3121, 0.3432 -0.946 0.2357, 0.3432 -0.9854 0.3039, 0.3432 -0.9469 0.2351, 0.3432 -1.0025 0.2907, 0.3432 -0.9475 0.2343, 0.3432 -1.0157 0.2736, 0.3432 -0.9479 0.2333, 0.3432 -1.0239 0.2537, 0.3432 -0.948 0.2323, 0.3432 -1.0268 0.2323, -0.3468 -0.948 0.2323, -0.3468 -1.0268 0.2323, -0.3468 -0.9479 0.2333, -0.3468 -1.0239 0.2537, -0.3468 -0.9475 0.2343, -0.3468 -1.0157 0.2736, -0.3468 -0.9469 0.2351, -0.3468 -1.0025 0.2907, -0.3468 -0.946 0.2357, -0.3468 -0.9854 0.3039, -0.3468 -0.9451 0.2361, -0.3468 -0.9655 0.3121, -0.3468 -0.9441 0.2362, -0.3468 -0.9441 0.315, -0.3468 -0.948 0.0, -0.3468 -1.0268 0.0, 0.3432 -1.0268 0.0, 0.3432 -0.948 0.0, -0.2303 -0.9314 0.2362, -0.2303 -0.9314 0.315, -0.2303 -0.9441 0.2362, -0.2303 -0.9441 0.315, -0.2303 -0.9451 0.2361, -0.2303 -0.9655 0.3121, -0.2303 -0.946 0.2357, -0.2303 -0.9854 0.3039, -0.2303 -0.9469 0.2351, -0.2303 -1.0025 0.2907, -0.2303 -0.9475 0.2343, -0.2303 -1.0157 0.2736, -0.2303 -0.9479 0.2333, -0.2303 -1.0239 0.2537, -0.2303 -0.948 0.2323, -0.2303 -1.0268 0.2323, -0.2303 -0.948 0.0, -0.2303 -1.0268 0.0, -0.0335 -0.7346 0.2362, -0.0335 -0.7346 0.315, -0.0773 -0.7395 0.2362, -0.0773 -0.7395 0.315, -0.1189 -0.7541 0.2362, -0.1189 -0.7541 0.315, -0.1562 -0.7775 0.2362, -0.1562 -0.7775 0.315, -0.1874 -0.8087 0.2362, -0.1874 -0.8087 0.315, -0.2108 -0.846 0.2362, -0.2108 -0.846 0.315, -0.2254 -0.8876 0.2362, -0.2254 -0.8876 0.315, 0.0329 -0.7346 0.315, 0.0329 -0.7346 0.2362, 0.2298 -0.9314 0.2362, 0.2298 -0.9314 0.315, 0.2248 -0.8876 0.2362, 0.2248 -0.8876 0.315, 0.2103 -0.846 0.2362, 0.2103 -0.846 0.315, 0.1868 -0.8087 0.2362, 0.1868 -0.8087 0.315, 0.1557 -0.7775 0.2362, 0.1557 -0.7775 0.315, 0.1183 -0.7541 0.2362, 0.1183 -0.7541 0.315, 0.0767 -0.7395 0.2362, 0.0767 -0.7395 0.315, 0.2298 -0.948 0.0, 0.2298 -1.0268 0.0, 0.2298 -0.948 0.2323, 0.2298 -1.0268 0.2323, 0.2298 -0.9479 0.2333, 0.2298 -1.0239 0.2537, 0.2298 -0.9475 0.2343, 0.2298 -1.0157 0.2736, 0.2298 -0.9469 0.2351, 0.2298 -1.0025 0.2907, 0.2298 -0.946 0.2357, 0.2298 -0.9854 0.3039, 0.2298 -0.9451 0.2361, 0.2298 -0.9655 0.3121, 0.2298 -0.9441 0.2362, 0.2298 -0.9441 0.315, -0.3812 -0.002 0.259, -0.3812 -0.002 0.3389, -0.38 -0.0125 0.3392, -0.38 -0.0125 0.2592, -0.3765 -0.0225 0.3398, -0.3765 -0.0225 0.2598, -0.3709 -0.0314 0.3408, -0.3709 -0.0314 0.2608, -0.3634 -0.0389 0.3421, -0.3634 -0.0389 0.2621, -0.3545 -0.0445 0.3437, -0.3545 -0.0445 0.2637, -0.3445 -0.048 0.3454, -0.3445 -0.048 0.2655, -0.334 -0.0492 0.3473, -0.334 -0.0492 0.2673, -0.3812 0.002 0.3389, -0.3812 0.002 0.259, -0.334 0.0492 0.2673, -0.334 0.0492 0.3473, -0.3445 0.048 0.3454, -0.3445 0.048 0.2655, -0.3545 0.0445 0.3437, -0.3545 0.0445 0.2637, -0.3634 0.0389 0.3421, -0.3634 0.0389 0.2621, -0.3709 0.0314 0.3408, -0.3709 0.0314 0.2608, -0.3765 0.0225 0.3398, -0.3765 0.0225 0.2598, -0.38 0.0125 0.3392, -0.38 0.0125 0.2592, 0.2511 0.0492 0.4504, 0.2647 0.0492 0.3729, 0.2517 0.0492 0.4506, 0.2787 0.0492 0.3766, 0.7992 0.0492 0.6499, 0.8262 0.0492 0.5759, 0.8131 0.0492 0.6536, 0.8268 0.0492 0.5761, 0.8275 0.0492 0.6549, 0.8275 0.0492 0.5761, 0.8917 0.0492 0.6549, 0.8917 0.0492 0.5761, -3.7252 0.2362 -0.0079, -3.7252 0.2362 0.0709, -3.7212 0.2668 0.0709, -3.7212 0.2668 -0.0079, -3.7094 0.2953 0.0709, -3.7094 0.2953 -0.0079, -3.6906 0.3197 0.0709, -3.6906 0.3197 -0.0079, -3.6661 0.3385 0.0709, -3.6661 0.3385 -0.0079, -3.6377 0.3503 0.0709, -3.6377 0.3503 -0.0079, -3.6071 0.3543 0.0709, -3.6071 0.3543 -0.0079, -3.6071 -0.3543 -0.0079, -3.6071 -0.3543 0.0709, -3.6377 -0.3503 0.0709, -3.6377 -0.3503 -0.0079, -3.6661 -0.3385 0.0709, -3.6661 -0.3385 -0.0079, -3.6906 -0.3197 0.0709, -3.6906 -0.3197 -0.0079, -3.7094 -0.2953 0.0709, -3.7094 -0.2953 -0.0079, -3.7212 -0.2668 0.0709, -3.7212 -0.2668 -0.0079, -3.7252 -0.2362 0.0709, -3.7252 -0.2362 -0.0079, 1.0098 0.1772 0.6549, 1.0098 0.1772 0.5761, 1.0058 0.2077 0.5761, 1.0058 0.2077 0.6549, 0.994 0.2362 0.5761, 0.994 0.2362 0.6549, 0.9752 0.2607 0.5761, 0.9752 0.2607 0.6549, 0.9507 0.2795 0.5761, 0.9507 0.2795 0.6549, 0.9222 0.2913 0.5761, 0.9222 0.2913 0.6549, 0.9222 0.0532 0.5761, 0.9222 0.0532 0.6549, 0.9507 0.065 0.5761, 0.9507 0.065 0.6549, 0.9752 0.0838 0.5761, 0.9752 0.0838 0.6549, 0.994 0.1083 0.5761, 0.994 0.1083 0.6549, 1.0058 0.1368 0.5761, 1.0058 0.1368 0.6549, 1.0098 0.1673 0.5761, 1.0098 0.1673 0.6549, 2.1409 -1.4397 0.6112, 2.1498 -1.4863 0.6112, 2.2197 -1.4863 0.6112, 2.1409 1.4397 0.6112, 2.2197 1.4863 0.6112, 2.1498 1.4863 0.6112, 2.1409 -2.1329 1.3179, 2.2197 -2.1329 1.3179, 2.1409 -2.1329 1.0049, 2.2197 -2.1329 1.0049, 2.2197 2.1329 1.3179, 2.1409 2.1329 1.3179, 2.2197 2.1329 1.0049, 2.1409 2.1329 1.0049, 2.5346 -1.7124 0.0207, 2.5346 -1.4863 0.0207, 2.5346 -1.7124 0.2963, 2.5346 -1.4863 0.5286, 2.5346 -1.9068 0.2963, 2.5346 -2.1329 0.5286, 2.5346 -1.9068 0.0207, 2.5346 -2.1329 0.0207, 2.4559 -1.9068 0.0207, 2.4559 -2.1329 0.0207, 2.4559 -1.9068 0.2963, 2.4559 -2.1329 0.5286, 2.4559 -1.7124 0.2963, 2.4559 -1.4863 0.5286, 2.4559 -1.7124 0.0207, 2.4559 -1.4863 0.0207, 2.452 -2.1329 0.6112, 2.2236 -2.1329 0.6112, 2.452 -2.1329 0.5325, 2.2236 -2.1329 0.5325, 2.2236 -1.4863 0.6112, 2.452 -1.4863 0.6112, 2.452 -1.4863 0.5325, 2.2236 -1.4863 0.5325, 2.2022 -1.4863 0.6084, 2.1409 -1.4863 0.6112, 2.1409 -1.4863 0.5286, 2.1438 -1.4863 0.55, 2.152 -1.4863 0.5699, 2.1652 -1.4863 0.587, 2.1823 -1.4863 0.6002, 2.2197 -2.3622 0.315, 2.2197 -2.1329 0.5286, 2.2197 -2.1329 0.6111, 2.2197 -2.0593 0.6112, 2.2197 -2.0593 1.0049, 2.2197 -2.1329 0.6112, 2.2197 2.3622 1.6142, 2.2197 -2.3622 1.6142, 2.2197 2.0593 1.0049, 2.2197 2.0593 0.6112, 2.2197 2.1329 0.6112, 2.2197 2.1329 0.6111, 2.2197 2.3622 0.315, 2.2197 2.1329 0.5286, 2.2197 1.4863 0.5286, 2.2197 0.3543 0.315, 2.2197 -1.4863 0.5286, 2.2197 -0.3543 0.315, 2.2197 -0.3543 0.3976, 2.2197 0.3543 0.3976, 2.1409 -2.0593 1.0049, 2.1409 -2.0593 0.6112, 2.1409 -2.1329 0.6112, 2.1409 2.3622 1.6142, 2.1409 -2.3622 1.6142, 2.1409 2.0593 0.6112, 2.1409 2.0593 1.0049, 2.1409 2.1329 0.6112, 2.1409 -0.3543 0.3976, 2.1409 -0.3543 0.315, 2.1409 -2.1329 0.5286, 2.1409 -2.3622 0.315, 2.1409 0.3543 0.315, 2.1409 0.3543 0.3976, 2.1409 2.3622 0.315, 2.1409 1.4863 0.5286, 2.1409 2.1329 0.5286, 2.1409 1.4863 0.6112, 2.5346 1.4863 0.0207, 2.4559 1.4863 0.0207, 2.5346 1.7124 0.0207, 2.4559 1.7124 0.0207, 2.2236 1.4863 0.6112, 2.2236 1.4863 0.5325, 2.452 1.4863 0.6112, 2.452 1.4863 0.5325, 2.2236 2.1329 0.5325, 2.2236 2.1329 0.6112, 2.452 2.1329 0.5325, 2.452 2.1329 0.6112, 2.1438 1.4863 0.55, 2.152 1.4863 0.5699, 2.2022 1.4863 0.6084, 2.1823 1.4863 0.6002, 2.1652 1.4863 0.587, 2.4165 0.3543 0.311, 2.4953 0.3543 0.311, 2.4165 0.3543 0.0748, 2.4953 0.3543 0.0748, 2.4953 -0.3543 0.311, 2.4165 -0.3543 0.311, 2.4953 -0.3543 0.0748, 2.4165 -0.3543 0.0748, 2.2236 -0.3543 0.3937, 2.2236 -0.3543 0.315, 2.4126 -0.3543 0.3937, 2.4126 -0.3543 0.315, 2.2236 0.3543 0.315, 2.2236 0.3543 0.3937, 2.4126 0.3543 0.315, 2.4126 0.3543 0.3937
            ]
        }
        coordIndex [
            0,1,2,-1,2,1,3,-1,4,5,6,-1,6,5,7,-1,8,9,1,-1,1,9,3,-1,2,10,0,-1,0,10,11,-1,4,6,12,-1,12,6,13,-1,12,13,14,-1,14,13,15,-1,14,15,16,-1,16,15,17,-1,18,19,20,-1,20,19,21,-1,20,21,22,-1,22,21,23,-1,24,23,21,-1,24,21,25,-1,25,21,19,-1,25,19,26,-1,27,18,28,-1,28,18,20,-1,28,20,29,-1,29,20,22,-1,30,19,31,-1,31,19,18,-1,32,16,33,-1,33,16,17,-1,34,26,19,-1,35,36,19,-1,19,36,37,-1,38,39,30,-1,30,39,40,-1,30,40,19,-1,19,40,41,-1,19,41,35,-1,38,30,42,-1,42,30,43,-1,42,43,44,-1,37,45,19,-1,19,45,46,-1,19,46,34,-1,27,47,18,-1,18,47,48,-1,18,49,50,-1,50,51,18,-1,18,51,52,-1,18,52,31,-1,31,52,53,-1,48,54,18,-1,18,54,55,-1,18,55,49,-1,53,56,31,-1,31,56,57,-1,31,57,58,-1,58,57,59,-1,41,40,51,-1,51,40,52,-1,60,61,62,-1,62,61,63,-1,62,63,64,-1,64,63,65,-1,64,65,66,-1,66,65,67,-1,66,67,68,-1,68,67,69,-1,68,69,70,-1,70,69,71,-1,70,71,72,-1,72,71,73,-1,72,73,74,-1,74,73,75,-1,76,77,78,-1,78,77,79,-1,78,79,80,-1,80,79,81,-1,80,81,82,-1,82,81,83,-1,82,83,84,-1,84,83,85,-1,84,85,86,-1,86,85,87,-1,86,87,88,-1,88,87,89,-1,90,89,87,-1,90,87,91,-1,91,87,85,-1,91,85,92,-1,92,85,83,-1,92,83,93,-1,93,83,81,-1,93,81,94,-1,94,81,79,-1,94,79,95,-1,95,79,77,-1,95,77,96,-1,97,76,98,-1,98,76,78,-1,98,78,99,-1,99,78,80,-1,99,80,100,-1,100,80,82,-1,100,82,101,-1,101,82,84,-1,101,84,102,-1,102,84,86,-1,102,86,103,-1,103,86,88,-1,76,104,77,-1,77,104,105,-1,75,106,74,-1,74,106,107,-1,77,105,96,-1,96,105,108,-1,109,104,97,-1,97,104,76,-1,105,104,108,-1,108,104,109,-1,110,111,112,-1,112,111,113,-1,112,113,114,-1,114,113,115,-1,114,115,116,-1,116,115,117,-1,116,117,118,-1,118,117,119,-1,118,119,120,-1,120,119,121,-1,120,121,122,-1,122,121,123,-1,122,123,124,-1,124,123,125,-1,124,125,126,-1,126,125,127,-1,128,129,103,-1,103,129,90,-1,103,90,102,-1,102,90,91,-1,102,91,101,-1,101,91,92,-1,101,92,100,-1,100,92,93,-1,100,93,99,-1,99,93,94,-1,99,94,98,-1,98,94,95,-1,98,95,97,-1,97,95,96,-1,97,96,109,-1,109,96,108,-1,130,131,132,-1,132,131,133,-1,132,133,134,-1,134,133,135,-1,134,135,136,-1,136,135,137,-1,136,137,138,-1,138,137,139,-1,138,139,140,-1,140,139,141,-1,140,141,142,-1,142,141,143,-1,142,143,128,-1,128,143,129,-1,144,131,145,-1,145,131,130,-1,126,127,146,-1,146,127,147,-1,146,147,148,-1,148,147,149,-1,148,149,150,-1,150,149,151,-1,150,151,152,-1,152,151,153,-1,152,153,154,-1,154,153,155,-1,154,155,156,-1,156,155,157,-1,156,157,145,-1,145,157,144,-1,158,159,160,-1,160,159,161,-1,160,161,162,-1,162,161,163,-1,162,163,164,-1,164,163,165,-1,164,165,166,-1,166,165,167,-1,166,167,168,-1,168,167,169,-1,168,169,170,-1,170,169,171,-1,172,173,174,-1,174,173,175,-1,174,175,176,-1,176,175,177,-1,176,177,178,-1,178,177,179,-1,178,179,180,-1,180,179,181,-1,180,181,182,-1,182,181,183,-1,182,183,184,-1,184,183,185,-1,186,187,172,-1,172,187,173,-1,188,189,171,-1,171,189,170,-1,190,191,192,-1,192,191,193,-1,192,193,194,-1,194,193,195,-1,194,195,196,-1,196,195,197,-1,196,197,198,-1,198,197,199,-1,198,199,200,-1,200,199,201,-1,200,201,202,-1,202,201,203,-1,202,203,204,-1,204,203,205,-1,204,205,206,-1,206,205,207,-1,208,209,210,-1,210,209,211,-1,210,211,212,-1,212,211,213,-1,212,213,214,-1,214,213,215,-1,214,215,216,-1,216,215,217,-1,216,217,218,-1,218,217,219,-1,218,219,220,-1,220,219,221,-1,220,221,190,-1,190,221,191,-1,209,208,222,-1,222,208,223,-1,224,225,226,-1,226,225,227,-1,226,227,228,-1,228,227,229,-1,228,229,230,-1,230,229,231,-1,230,231,232,-1,232,231,233,-1,232,233,234,-1,234,233,235,-1,234,235,236,-1,236,235,237,-1,236,237,223,-1,223,237,222,-1,238,239,240,-1,240,239,241,-1,240,241,242,-1,242,241,243,-1,242,243,244,-1,244,243,245,-1,244,245,246,-1,246,245,247,-1,246,247,248,-1,248,247,249,-1,248,249,250,-1,250,249,251,-1,250,251,252,-1,252,251,253,-1,252,253,224,-1,224,253,225,-1,254,255,256,-1,254,256,257,-1,257,256,258,-1,257,258,259,-1,259,258,260,-1,259,260,261,-1,261,260,262,-1,261,262,263,-1,263,262,264,-1,263,264,265,-1,265,264,266,-1,265,266,267,-1,267,266,268,-1,267,268,269,-1,255,254,270,-1,270,254,271,-1,272,273,274,-1,272,274,275,-1,275,274,276,-1,275,276,277,-1,277,276,278,-1,277,278,279,-1,279,278,280,-1,279,280,281,-1,281,280,282,-1,281,282,283,-1,283,282,284,-1,283,284,285,-1,285,284,270,-1,285,270,271,-1,273,272,286,-1,286,272,287,-1,286,287,288,-1,288,287,289,-1,288,289,290,-1,290,289,291,-1,290,291,292,-1,292,291,293,-1,292,293,294,-1,294,293,295,-1,294,295,296,-1,296,295,297,-1,34,47,26,-1,26,47,27,-1,26,27,25,-1,25,27,28,-1,25,28,24,-1,24,28,29,-1,24,29,10,-1,10,29,9,-1,10,9,11,-1,11,9,8,-1,11,8,268,-1,268,8,269,-1,298,299,300,-1,298,300,301,-1,301,300,302,-1,301,302,303,-1,303,302,304,-1,303,304,305,-1,305,304,306,-1,305,306,307,-1,307,306,308,-1,307,308,309,-1,309,308,310,-1,309,310,311,-1,312,313,314,-1,312,314,315,-1,315,314,316,-1,315,316,317,-1,317,316,318,-1,317,318,319,-1,319,318,320,-1,319,320,321,-1,321,320,322,-1,321,322,323,-1,323,322,324,-1,323,324,325,-1,326,327,328,-1,326,328,329,-1,329,328,330,-1,329,330,331,-1,331,330,332,-1,331,332,333,-1,333,332,334,-1,333,334,335,-1,335,334,336,-1,335,336,337,-1,337,336,32,-1,337,32,33,-1,296,297,338,-1,296,338,339,-1,339,338,340,-1,339,340,341,-1,341,340,342,-1,341,342,343,-1,343,342,344,-1,343,344,345,-1,345,344,346,-1,345,346,347,-1,347,346,348,-1,347,348,349,-1,47,34,46,-1,47,46,48,-1,48,46,45,-1,48,45,54,-1,54,45,37,-1,54,37,55,-1,55,37,36,-1,55,36,49,-1,49,36,35,-1,49,35,50,-1,50,35,41,-1,50,41,51,-1,30,31,58,-1,30,58,43,-1,43,58,59,-1,43,59,44,-1,44,59,57,-1,44,57,42,-1,42,57,56,-1,42,56,38,-1,38,56,53,-1,38,53,39,-1,39,53,52,-1,39,52,40,-1,350,351,352,-1,350,352,353,-1,353,352,354,-1,353,354,355,-1,356,357,358,-1,358,357,359,-1,360,361,362,-1,362,361,363,-1,364,365,366,-1,366,365,367,-1,366,367,368,-1,368,367,369,-1,368,369,370,-1,370,369,371,-1,372,373,374,-1,374,373,375,-1,374,375,376,-1,376,375,377,-1,376,377,378,-1,378,377,379,-1,371,373,370,-1,370,373,372,-1,379,365,378,-1,378,365,364,-1,380,381,382,-1,382,381,383,-1,384,381,385,-1,385,381,380,-1,382,383,386,-1,386,383,387,-1,388,352,351,-1,389,390,391,-1,391,392,389,-1,389,392,393,-1,389,393,351,-1,351,393,394,-1,351,394,388,-1,395,396,397,-1,398,399,400,-1,400,399,359,-1,360,401,357,-1,357,401,402,-1,357,402,359,-1,359,402,395,-1,359,395,400,-1,400,395,397,-1,403,404,362,-1,362,404,405,-1,406,407,405,-1,405,407,401,-1,405,401,362,-1,362,401,360,-1,406,408,407,-1,407,408,409,-1,407,409,410,-1,396,395,411,-1,411,395,412,-1,411,412,352,-1,352,412,413,-1,352,413,414,-1,410,409,414,-1,414,409,354,-1,414,354,352,-1,415,416,358,-1,358,416,417,-1,418,361,419,-1,419,361,356,-1,420,421,422,-1,422,421,363,-1,423,424,425,-1,425,424,426,-1,425,426,417,-1,417,426,419,-1,417,419,358,-1,358,419,356,-1,390,389,350,-1,427,428,429,-1,429,428,430,-1,430,431,429,-1,429,431,422,-1,429,422,418,-1,418,422,363,-1,418,363,361,-1,432,430,353,-1,353,430,428,-1,353,428,350,-1,350,428,423,-1,350,423,390,-1,390,423,425,-1,433,434,435,-1,435,434,436,-1,437,438,439,-1,439,438,440,-1,441,442,443,-1,443,442,444,-1,442,437,444,-1,444,437,439,-1,440,438,443,-1,443,438,441,-1,445,430,432,-1,445,432,446,-1,354,447,355,-1,355,447,448,-1,355,448,432,-1,432,448,449,-1,432,449,446,-1,450,451,452,-1,452,451,453,-1,454,455,456,-1,456,455,457,-1,451,454,453,-1,453,454,456,-1,457,455,452,-1,452,455,450,-1,458,459,460,-1,460,459,461,-1,462,463,464,-1,464,463,465,-1,459,462,461,-1,461,462,464,-1,465,463,460,-1,460,463,458,-1,
        ]
    }
}
Shape{
    appearance Appearance {
        material  Material 	{
            diffuseColor 1.0 1.0 1.0
            specularColor 0.8784313725490196 0.8784313725490196 0.8784313725490196
            ambientIntensity 1.0
            transparency 0.0
            shininess 0.5
        }
    }
    geometry IndexedFaceSet {
        ccw TRUE
        solid FALSE
        coord DEF co Coordinate {
            point [
                2.1652 0.3543 0.3392, 2.152 0.3543 0.3563, 2.1409 0.3543 0.315, 2.1438 0.3543 0.3762, 2.1409 0.3543 0.3976, 2.2197 0.3543 0.315, 2.2022 0.3543 0.3178, 2.1823 0.3543 0.326, 2.1409 -0.3543 0.3976, 2.1438 -0.3543 0.3762, 2.1409 -0.3543 0.315, 2.152 -0.3543 0.3563, 2.1652 -0.3543 0.3392, 2.1823 -0.3543 0.326, 2.2022 -0.3543 0.3178, 2.2197 -0.3543 0.315
            ]
        }
        coordIndex [
            0,1,2,-1,2,1,3,-1,2,3,4,-1,5,6,2,-1,2,6,7,-1,2,7,0,-1,8,9,10,-1,10,9,11,-1,10,11,12,-1,12,13,10,-1,10,13,14,-1,10,14,15,-1,
        ]
    }
}
Shape{
    appearance Appearance {
        material  Material 	{
            diffuseColor 0.8313725490196079 0.6705882352941176 0.12941176470588237
            specularColor 0.6666666666666666 0.5372549019607843 0.10196078431372549
            ambientIntensity 0.657
            transparency 0.0
            shininess 0.5
        }
    }
    geometry IndexedFaceSet {
        ccw TRUE
        solid FALSE
        coord DEF co Coordinate {
            point [
                2.1409 2.3622 0.315, 2.2197 2.3622 0.315, 2.1409 0.3543 0.315, 2.2197 0.3543 0.315, 2.2197 -2.3622 0.315, 2.1409 -2.3622 0.315, 2.2197 -0.3543 0.315, 2.1409 -0.3543 0.315, 2.2197 -2.3622 1.6142, 2.2197 2.3622 1.6142, 2.1409 -2.3622 1.6142, 2.1409 2.3622 1.6142, 2.1438 -2.1329 0.55, 2.1409 -2.1329 0.5286, 2.1409 -2.1329 0.6112, 2.1823 -2.1329 0.6002, 2.1652 -2.1329 0.587, 2.152 -2.1329 0.5699, 2.2022 -2.1329 0.6084, 2.2197 -2.1329 0.6112, 2.2197 -2.1329 0.6111, 2.2197 -2.1329 1.3179, 2.1409 -2.1329 1.3179, 2.2197 2.1329 1.3179, 2.1409 2.1329 1.3179, 2.1409 2.1329 0.5286, 2.1438 2.1329 0.55, 2.1409 2.1329 0.6112, 2.152 2.1329 0.5699, 2.1652 2.1329 0.587, 2.2197 2.1329 0.6111, 2.2197 2.1329 0.6112, 2.2022 2.1329 0.6084, 2.1823 2.1329 0.6002
            ]
        }
        coordIndex [
            0,1,2,-1,2,1,3,-1,4,5,6,-1,6,5,7,-1,8,9,10,-1,10,9,11,-1,4,8,5,-1,5,8,10,-1,9,1,11,-1,11,1,0,-1,12,13,14,-1,15,16,14,-1,14,16,17,-1,14,17,12,-1,15,14,18,-1,18,14,19,-1,18,19,20,-1,21,22,23,-1,23,22,24,-1,25,26,27,-1,27,26,28,-1,27,28,29,-1,30,31,32,-1,32,31,27,-1,32,27,33,-1,33,27,29,-1,
        ]
    }
}
Shape{
    appearance Appearance {
        material  Material 	{
            diffuseColor 1.0 1.0 1.0
            specularColor 0.8784313725490196 0.8784313725490196 0.8784313725490196
            ambientIntensity 1.0
            transparency 0.0
            shininess 0.5
        }
    }
    geometry IndexedFaceSet {
        ccw TRUE
        solid FALSE
        coord DEF co Coordinate {
            point [
                2.2197 -0.3543 0.315, 2.2217 -0.3543 0.3942, 2.2208 -0.3543 0.3949, 2.2236 -0.3543 0.315, 2.2236 -0.3543 0.3937, 2.2226 -0.3543 0.3938, 2.2202 -0.3543 0.3957, 2.2198 -0.3543 0.3966, 2.2197 -0.3543 0.3976, 2.2236 0.3543 0.3937, 2.2236 0.3543 0.315, 2.2226 0.3543 0.3938, 2.2197 0.3543 0.315, 2.2217 0.3543 0.3942, 2.2208 0.3543 0.3949, 2.2197 0.3543 0.3976, 2.2198 0.3543 0.3966, 2.2202 0.3543 0.3957, 2.2022 0.3543 0.3178, 2.1823 -0.3543 0.326, 2.1823 0.3543 0.326, 2.1652 -0.3543 0.3392, 2.1652 0.3543 0.3392, 2.152 -0.3543 0.3563, 2.152 0.3543 0.3563, 2.1438 -0.3543 0.3762, 2.1438 0.3543 0.3762, 2.1409 -0.3543 0.3976, 2.1409 0.3543 0.3976, 2.2022 -0.3543 0.3178
            ]
        }
        coordIndex [
            0,1,2,-1,3,4,0,-1,0,4,5,-1,0,5,1,-1,2,6,0,-1,0,6,7,-1,0,7,8,-1,9,10,11,-1,11,10,12,-1,11,12,13,-1,13,12,14,-1,15,16,12,-1,12,16,17,-1,12,17,14,-1,18,19,20,-1,20,19,21,-1,20,21,22,-1,22,21,23,-1,22,23,24,-1,24,23,25,-1,24,25,26,-1,26,25,27,-1,26,27,28,-1,10,3,12,-1,12,3,0,-1,12,0,18,-1,18,0,29,-1,18,29,19,-1,4,9,5,-1,5,9,11,-1,5,11,1,-1,1,11,13,-1,1,13,2,-1,2,13,14,-1,2,14,6,-1,6,14,17,-1,6,17,7,-1,7,17,16,-1,7,16,8,-1,8,16,15,-1,
        ]
    }
}
Shape{
    appearance Appearance {
        material  Material 	{
            diffuseColor 0.8313725490196079 0.6705882352941176 0.12941176470588237
            specularColor 0.6666666666666666 0.5372549019607843 0.10196078431372549
            ambientIntensity 0.657
            transparency 0.0
            shininess 0.5
        }
    }
    geometry IndexedFaceSet {
        ccw TRUE
        solid FALSE
        coord DEF co Coordinate {
            point [
                2.4126 0.3543 0.315, 2.4126 0.3543 0.3937, 2.4136 0.3543 0.3148, 2.434 0.3543 0.3909, 2.4146 0.3543 0.3144, 2.4539 0.3543 0.3826, 2.4154 0.3543 0.3138, 2.4711 0.3543 0.3695, 2.416 0.3543 0.313, 2.4842 0.3543 0.3524, 2.4164 0.3543 0.312, 2.4925 0.3543 0.3324, 2.4165 0.3543 0.311, 2.4953 0.3543 0.311, 2.4165 -0.3543 0.311, 2.4953 -0.3543 0.311, 2.4164 -0.3543 0.312, 2.4925 -0.3543 0.3324, 2.416 -0.3543 0.313, 2.4842 -0.3543 0.3524, 2.4154 -0.3543 0.3138, 2.4711 -0.3543 0.3695, 2.4146 -0.3543 0.3144, 2.4539 -0.3543 0.3826, 2.4136 -0.3543 0.3148, 2.434 -0.3543 0.3909, 2.4126 -0.3543 0.315, 2.4126 -0.3543 0.3937, 2.4953 -0.3543 0.0748, 2.4165 -0.3543 0.0748, 2.4954 -0.3543 0.0738, 2.4194 -0.3543 0.0534, 2.4958 -0.3543 0.0728, 2.4276 -0.3543 0.0335, 2.4964 -0.3543 0.072, 2.4408 -0.3543 0.0163, 2.4972 -0.3543 0.0714, 2.4579 -0.3543 0.0032, 2.4982 -0.3543 0.071, 2.4778 -0.3543 -0.0051, 2.4992 -0.3543 0.0709, 2.4992 -0.3543 -0.0079, 2.4992 0.3543 0.0709, 2.4992 0.3543 -0.0079, 2.4982 0.3543 0.071, 2.4778 0.3543 -0.0051, 2.4972 0.3543 0.0714, 2.4579 0.3543 0.0032, 2.4964 0.3543 0.072, 2.4408 0.3543 0.0163, 2.4958 0.3543 0.0728, 2.4276 0.3543 0.0335, 2.4954 0.3543 0.0738, 2.4194 0.3543 0.0534, 2.4953 0.3543 0.0748, 2.4165 0.3543 0.0748, 3.4795 0.3543 -0.0079, 3.4795 0.3543 0.0709, 3.4795 -0.3543 0.0709, 3.4795 -0.3543 -0.0079, 3.5936 0.2668 -0.0079, 3.5976 0.2362 -0.0079, 3.5386 0.3385 -0.0079, 3.563 0.3197 -0.0079, 3.5818 0.2953 -0.0079, 3.5976 -0.2362 -0.0079, 3.5936 -0.2668 -0.0079, 3.5818 -0.2953 -0.0079, 3.563 -0.3197 -0.0079, 3.5386 -0.3385 -0.0079, 3.5101 -0.3503 -0.0079, 3.5101 0.3503 -0.0079, 3.5936 -0.2668 0.0709, 3.5976 -0.2362 0.0709, 3.5976 0.2362 0.0709, 3.5101 -0.3503 0.0709, 3.5386 -0.3385 0.0709, 3.563 -0.3197 0.0709, 3.5818 -0.2953 0.0709, 3.5936 0.2668 0.0709, 3.5818 0.2953 0.0709, 3.5101 0.3503 0.0709, 3.563 0.3197 0.0709, 3.5386 0.3385 0.0709, 2.2197 2.1329 0.6111, 2.2217 2.1329 0.532, 2.2208 2.1329 0.5313, 2.2236 2.1329 0.6112, 2.2236 2.1329 0.5325, 2.2226 2.1329 0.5324, 2.2202 2.1329 0.5305, 2.2198 2.1329 0.5296, 2.2197 2.1329 0.5286, 2.2236 1.4863 0.5325, 2.2236 1.4863 0.6112, 2.2226 1.4863 0.5324, 2.2197 1.4863 0.6112, 2.2217 1.4863 0.532, 2.2208 1.4863 0.5313, 2.2197 1.4863 0.5286, 2.2198 1.4863 0.5296, 2.2202 1.4863 0.5305, 2.2022 1.4863 0.6084, 2.1823 2.1329 0.6002, 2.1823 1.4863 0.6002, 2.1652 2.1329 0.587, 2.1652 1.4863 0.587, 2.152 2.1329 0.5699, 2.152 1.4863 0.5699, 2.1438 2.1329 0.55, 2.1438 1.4863 0.55, 2.1409 2.1329 0.5286, 2.1409 1.4863 0.5286, 2.2022 2.1329 0.6084, 2.452 2.1329 0.5325, 2.452 2.1329 0.6112, 2.453 2.1329 0.5324, 2.4734 2.1329 0.6084, 2.4539 2.1329 0.532, 2.4933 2.1329 0.6002, 2.4548 2.1329 0.5313, 2.5104 2.1329 0.587, 2.4554 2.1329 0.5305, 2.5236 2.1329 0.5699, 2.4558 2.1329 0.5296, 2.5318 2.1329 0.55, 2.4559 2.1329 0.5286, 2.5346 2.1329 0.5286, 2.4559 1.4863 0.5286, 2.5346 1.4863 0.5286, 2.4558 1.4863 0.5296, 2.5318 1.4863 0.55, 2.4554 1.4863 0.5305, 2.5236 1.4863 0.5699, 2.4548 1.4863 0.5313, 2.5104 1.4863 0.587, 2.4539 1.4863 0.532, 2.4933 1.4863 0.6002, 2.453 1.4863 0.5324, 2.4734 1.4863 0.6084, 2.452 1.4863 0.5325, 2.452 1.4863 0.6112, 2.4559 1.4863 0.0207, 2.5346 1.4863 0.0207, 2.5346 2.1329 0.0207, 2.4559 2.1329 0.0207, 2.5346 1.9068 0.0207, 2.5346 1.9068 0.2963, 2.5346 1.7124 0.2963, 2.5346 1.7124 0.0207, 2.4559 1.7124 0.0207, 2.4559 1.7124 0.2963, 2.4559 1.9068 0.2963, 2.4559 1.9068 0.0207, 2.2197 -1.4863 0.6112, 2.2217 -1.4863 0.532, 2.2208 -1.4863 0.5313, 2.2236 -1.4863 0.6112, 2.2236 -1.4863 0.5325, 2.2226 -1.4863 0.5324, 2.2202 -1.4863 0.5305, 2.2198 -1.4863 0.5296, 2.2197 -1.4863 0.5286, 2.2197 -2.1329 0.6111, 2.2197 -2.1329 0.5286, 2.2198 -2.1329 0.5296, 2.2208 -2.1329 0.5313, 2.2217 -2.1329 0.532, 2.2236 -2.1329 0.6112, 2.2226 -2.1329 0.5324, 2.2236 -2.1329 0.5325, 2.2202 -2.1329 0.5305, 2.2022 -2.1329 0.6084, 2.1823 -1.4863 0.6002, 2.1823 -2.1329 0.6002, 2.1652 -1.4863 0.587, 2.1652 -2.1329 0.587, 2.152 -1.4863 0.5699, 2.152 -2.1329 0.5699, 2.1438 -1.4863 0.55, 2.1438 -2.1329 0.55, 2.1409 -1.4863 0.5286, 2.1409 -2.1329 0.5286, 2.2022 -1.4863 0.6084, 2.452 -1.4863 0.5325, 2.452 -1.4863 0.6112, 2.453 -1.4863 0.5324, 2.4734 -1.4863 0.6084, 2.4539 -1.4863 0.532, 2.4933 -1.4863 0.6002, 2.4548 -1.4863 0.5313, 2.5104 -1.4863 0.587, 2.4554 -1.4863 0.5305, 2.5236 -1.4863 0.5699, 2.4558 -1.4863 0.5296, 2.5318 -1.4863 0.55, 2.4559 -1.4863 0.5286, 2.5346 -1.4863 0.5286, 2.4559 -2.1329 0.5286, 2.5346 -2.1329 0.5286, 2.4558 -2.1329 0.5296, 2.5318 -2.1329 0.55, 2.4554 -2.1329 0.5305, 2.5236 -2.1329 0.5699, 2.4548 -2.1329 0.5313, 2.5104 -2.1329 0.587, 2.4539 -2.1329 0.532, 2.4933 -2.1329 0.6002, 2.453 -2.1329 0.5324, 2.4734 -2.1329 0.6084, 2.452 -2.1329 0.5325, 2.452 -2.1329 0.6112, 2.4559 -2.1329 0.0207, 2.5346 -2.1329 0.0207, 2.5346 -1.4863 0.0207, 2.4559 -1.4863 0.0207, 2.4559 -1.9068 0.2963, 2.5346 -1.9068 0.2963, 2.4559 -1.9068 0.0207, 2.5346 -1.9068 0.0207, 2.4559 -1.7124 0.0207, 2.5346 -1.7124 0.0207, 2.4559 -1.7124 0.2963, 2.5346 -1.7124 0.2963, 1.9649 0.5131 0.6112, 1.8876 0.5278 0.6112, 2.1409 1.4397 0.6112, 2.1031 1.6623 0.6112, 2.1409 1.4863 0.6112, 2.1498 1.4863 0.6112, 2.1804 1.6476 0.6112, 2.2043 1.8093 0.6112, 2.126 1.8175 0.6112, 2.2089 1.8535 0.6112, 2.1306 1.8618 0.6112, 2.2197 2.0593 0.6112, 2.1409 2.0593 0.6112, 2.2197 2.1329 0.6112, 2.1409 2.1329 0.6112, 2.1031 1.6623 1.0049, 1.8876 0.5278 1.0049, 1.878 0.4778 0.9982, 1.878 0.4778 0.6179, 1.8692 0.4311 0.6376, 1.8508 0.3344 0.8081, 1.8616 0.3911 0.6689, 1.8557 0.3603 0.7097, 1.8521 0.341 0.7571, 1.8521 0.341 0.859, 1.8557 0.3603 0.9065, 1.8616 0.3911 0.9473, 1.8692 0.4311 0.9786, 2.1804 1.6476 1.0049, 1.9554 0.4631 0.6179, 1.9282 0.3197 0.8081, 1.9649 0.5131 1.0049, 1.9294 0.3263 0.7571, 1.9331 0.3456 0.7097, 1.9389 0.3764 0.6689, 1.9554 0.4631 0.9982, 1.9465 0.4164 0.9786, 1.9389 0.3764 0.9473, 1.9465 0.4164 0.6376, 1.9331 0.3456 0.9065, 1.9294 0.3263 0.859, 2.2043 1.8093 1.0049, 2.2089 1.8535 1.0049, 2.2197 2.0593 1.0049, 2.1409 2.0593 1.0049, 2.1306 1.8618 1.0049, 2.126 1.8175 1.0049, 2.1409 2.1329 1.0049, 2.2197 2.1329 1.0049, 2.1031 -1.6623 0.6112, 2.1031 -1.6623 1.0049, 1.8876 -0.5278 0.6112, 1.8876 -0.5278 1.0049, 1.878 -0.4778 0.6179, 1.878 -0.4778 0.9982, 1.8692 -0.4311 0.9786, 1.8508 -0.3344 0.8081, 1.8616 -0.3911 0.9473, 1.8557 -0.3603 0.9065, 1.8521 -0.341 0.859, 1.8521 -0.341 0.7571, 1.8557 -0.3603 0.7097, 1.8616 -0.3911 0.6689, 1.8692 -0.4311 0.6376, 2.126 -1.8175 1.0049, 2.126 -1.8175 0.6112, 2.1306 -1.8618 1.0049, 2.1306 -1.8618 0.6112, 2.1409 -2.0593 1.0049, 2.1409 -2.0593 0.6112, 2.2197 -2.0593 0.6112, 2.2089 -1.8535 0.6112, 2.2197 -2.0593 1.0049, 2.2089 -1.8535 1.0049, 2.2043 -1.8093 1.0049, 2.2043 -1.8093 0.6112, 2.1804 -1.6476 0.6112, 2.1804 -1.6476 1.0049, 2.1498 -1.4863 0.6112, 2.1409 -1.4397 0.6112, 1.9649 -0.5131 1.0049, 1.9649 -0.5131 0.6112, 1.9389 -0.3764 0.9473, 1.9282 -0.3197 0.8081, 1.9331 -0.3456 0.9065, 1.9294 -0.3263 0.859, 1.9554 -0.4631 0.6179, 1.9465 -0.4164 0.6376, 1.9389 -0.3764 0.6689, 1.9331 -0.3456 0.7097, 1.9294 -0.3263 0.7571, 1.9465 -0.4164 0.9786, 1.9554 -0.4631 0.9982, 2.1409 -2.1329 1.0049, 2.2197 -2.1329 1.0049, 2.1409 -1.4863 0.6112, 2.2197 -2.1329 0.6112, 2.1409 -2.1329 0.6112
            ]
        }
        coordIndex [
            0,1,2,-1,2,1,3,-1,2,3,4,-1,4,3,5,-1,4,5,6,-1,6,5,7,-1,6,7,8,-1,8,7,9,-1,8,9,10,-1,10,9,11,-1,10,11,12,-1,12,11,13,-1,14,15,16,-1,16,15,17,-1,16,17,18,-1,18,17,19,-1,18,19,20,-1,20,19,21,-1,20,21,22,-1,22,21,23,-1,22,23,24,-1,24,23,25,-1,24,25,26,-1,26,25,27,-1,1,27,25,-1,1,25,3,-1,3,25,23,-1,3,23,5,-1,5,23,21,-1,5,21,7,-1,7,21,19,-1,7,19,9,-1,9,19,17,-1,9,17,11,-1,11,17,15,-1,11,15,13,-1,12,14,10,-1,10,14,16,-1,10,16,8,-1,8,16,18,-1,8,18,6,-1,6,18,20,-1,6,20,4,-1,4,20,22,-1,4,22,2,-1,2,22,24,-1,2,24,0,-1,0,24,26,-1,28,29,30,-1,30,29,31,-1,30,31,32,-1,32,31,33,-1,32,33,34,-1,34,33,35,-1,34,35,36,-1,36,35,37,-1,36,37,38,-1,38,37,39,-1,38,39,40,-1,40,39,41,-1,42,43,44,-1,44,43,45,-1,44,45,46,-1,46,45,47,-1,46,47,48,-1,48,47,49,-1,48,49,50,-1,50,49,51,-1,50,51,52,-1,52,51,53,-1,52,53,54,-1,54,53,55,-1,29,55,53,-1,29,53,31,-1,31,53,51,-1,31,51,33,-1,33,51,49,-1,33,49,35,-1,35,49,47,-1,35,47,37,-1,37,47,45,-1,37,45,39,-1,39,45,43,-1,39,43,41,-1,40,42,38,-1,38,42,44,-1,38,44,36,-1,36,44,46,-1,36,46,34,-1,34,46,48,-1,34,48,32,-1,32,48,50,-1,32,50,30,-1,30,50,52,-1,30,52,28,-1,28,52,54,-1,56,43,57,-1,57,43,42,-1,58,40,59,-1,59,40,41,-1,60,61,56,-1,56,61,43,-1,62,63,64,-1,43,61,41,-1,41,61,65,-1,41,65,59,-1,59,65,66,-1,59,66,67,-1,67,68,59,-1,59,68,69,-1,59,69,70,-1,60,56,64,-1,64,56,71,-1,64,71,62,-1,72,73,58,-1,58,73,40,-1,40,73,42,-1,42,73,74,-1,42,74,57,-1,58,75,76,-1,76,77,58,-1,58,77,78,-1,58,78,72,-1,74,79,57,-1,57,79,80,-1,57,80,81,-1,81,80,82,-1,81,82,83,-1,65,61,73,-1,73,61,74,-1,84,85,86,-1,87,88,84,-1,84,88,89,-1,84,89,85,-1,86,90,84,-1,84,90,91,-1,84,91,92,-1,93,94,95,-1,95,94,96,-1,95,96,97,-1,97,96,98,-1,99,100,96,-1,96,100,101,-1,96,101,98,-1,102,103,104,-1,104,103,105,-1,104,105,106,-1,106,105,107,-1,106,107,108,-1,108,107,109,-1,108,109,110,-1,110,109,111,-1,110,111,112,-1,94,87,96,-1,96,87,84,-1,96,84,102,-1,102,84,113,-1,102,113,103,-1,88,93,89,-1,89,93,95,-1,89,95,85,-1,85,95,97,-1,85,97,86,-1,86,97,98,-1,86,98,90,-1,90,98,101,-1,90,101,91,-1,91,101,100,-1,91,100,92,-1,92,100,99,-1,114,115,116,-1,116,115,117,-1,116,117,118,-1,118,117,119,-1,118,119,120,-1,120,119,121,-1,120,121,122,-1,122,121,123,-1,122,123,124,-1,124,123,125,-1,124,125,126,-1,126,125,127,-1,128,129,130,-1,130,129,131,-1,130,131,132,-1,132,131,133,-1,132,133,134,-1,134,133,135,-1,134,135,136,-1,136,135,137,-1,136,137,138,-1,138,137,139,-1,138,139,140,-1,140,139,141,-1,115,141,139,-1,115,139,117,-1,117,139,137,-1,117,137,119,-1,119,137,135,-1,119,135,121,-1,121,135,133,-1,121,133,123,-1,123,133,131,-1,123,131,125,-1,125,131,129,-1,125,129,127,-1,126,128,124,-1,124,128,130,-1,124,130,122,-1,122,130,132,-1,122,132,120,-1,120,132,134,-1,120,134,118,-1,118,134,136,-1,118,136,116,-1,116,136,138,-1,116,138,114,-1,114,138,140,-1,128,142,129,-1,129,142,143,-1,127,144,126,-1,126,144,145,-1,146,144,147,-1,147,144,127,-1,147,127,148,-1,148,127,129,-1,148,129,149,-1,149,129,143,-1,150,142,151,-1,151,142,128,-1,151,128,152,-1,152,128,126,-1,152,126,153,-1,153,126,145,-1,145,144,153,-1,153,144,146,-1,150,151,149,-1,149,151,148,-1,152,153,147,-1,147,153,146,-1,152,147,151,-1,151,147,148,-1,154,155,156,-1,157,158,154,-1,154,158,159,-1,154,159,155,-1,156,160,154,-1,154,160,161,-1,154,161,162,-1,163,164,165,-1,166,167,168,-1,168,167,169,-1,168,169,170,-1,163,165,168,-1,168,165,171,-1,168,171,166,-1,172,173,174,-1,174,173,175,-1,174,175,176,-1,176,175,177,-1,176,177,178,-1,178,177,179,-1,178,179,180,-1,180,179,181,-1,180,181,182,-1,168,157,163,-1,163,157,154,-1,163,154,172,-1,172,154,183,-1,172,183,173,-1,158,170,159,-1,159,170,169,-1,159,169,155,-1,155,169,167,-1,155,167,156,-1,156,167,166,-1,156,166,160,-1,160,166,171,-1,160,171,161,-1,161,171,165,-1,161,165,162,-1,162,165,164,-1,158,157,184,-1,184,157,185,-1,184,185,186,-1,186,185,187,-1,186,187,188,-1,188,187,189,-1,188,189,190,-1,190,189,191,-1,190,191,192,-1,192,191,193,-1,192,193,194,-1,194,193,195,-1,194,195,196,-1,196,195,197,-1,198,199,200,-1,200,199,201,-1,200,201,202,-1,202,201,203,-1,202,203,204,-1,204,203,205,-1,204,205,206,-1,206,205,207,-1,206,207,208,-1,208,207,209,-1,208,209,210,-1,210,209,211,-1,185,211,209,-1,185,209,187,-1,187,209,207,-1,187,207,189,-1,189,207,205,-1,189,205,191,-1,191,205,203,-1,191,203,193,-1,193,203,201,-1,193,201,195,-1,195,201,199,-1,195,199,197,-1,196,198,194,-1,194,198,200,-1,194,200,192,-1,192,200,202,-1,192,202,190,-1,190,202,204,-1,190,204,188,-1,188,204,206,-1,188,206,186,-1,186,206,208,-1,186,208,184,-1,184,208,210,-1,212,213,198,-1,198,213,199,-1,214,215,197,-1,197,215,196,-1,216,217,218,-1,218,217,219,-1,220,221,222,-1,222,221,223,-1,222,223,216,-1,216,223,217,-1,65,73,72,-1,65,72,66,-1,66,72,78,-1,66,78,67,-1,67,78,77,-1,67,77,68,-1,68,77,76,-1,68,76,69,-1,69,76,75,-1,69,75,70,-1,70,75,58,-1,70,58,59,-1,56,57,81,-1,56,81,71,-1,71,81,83,-1,71,83,62,-1,62,83,82,-1,62,82,63,-1,63,82,80,-1,63,80,64,-1,64,80,79,-1,64,79,60,-1,60,79,74,-1,60,74,61,-1,224,225,226,-1,226,225,227,-1,226,227,228,-1,229,228,230,-1,230,228,227,-1,230,227,231,-1,231,227,232,-1,231,232,233,-1,233,232,234,-1,233,234,235,-1,235,234,236,-1,235,236,237,-1,237,236,238,-1,239,227,240,-1,240,227,225,-1,240,225,241,-1,242,243,244,-1,243,245,244,-1,244,245,246,-1,244,246,247,-1,242,244,225,-1,225,244,248,-1,225,248,249,-1,249,250,225,-1,225,250,251,-1,225,251,241,-1,229,230,252,-1,253,224,254,-1,255,224,252,-1,252,224,226,-1,252,226,229,-1,256,257,258,-1,255,259,224,-1,224,259,260,-1,224,260,261,-1,256,258,254,-1,254,258,262,-1,254,262,253,-1,261,263,224,-1,224,263,264,-1,224,264,254,-1,230,231,252,-1,252,231,265,-1,266,265,233,-1,233,265,231,-1,233,235,266,-1,266,235,267,-1,268,236,269,-1,269,236,234,-1,270,269,232,-1,232,269,234,-1,270,232,239,-1,239,232,227,-1,240,255,239,-1,239,255,252,-1,239,252,270,-1,270,252,265,-1,270,265,269,-1,269,265,266,-1,269,266,268,-1,268,266,267,-1,268,267,271,-1,271,267,272,-1,244,254,264,-1,244,264,248,-1,248,264,263,-1,248,263,249,-1,249,263,261,-1,249,261,250,-1,250,261,260,-1,250,260,251,-1,251,260,259,-1,251,259,241,-1,241,259,255,-1,241,255,240,-1,254,244,247,-1,254,247,256,-1,256,247,246,-1,256,246,257,-1,257,246,245,-1,257,245,258,-1,258,245,243,-1,258,243,262,-1,262,243,242,-1,262,242,253,-1,253,242,225,-1,253,225,224,-1,273,274,275,-1,275,274,276,-1,275,276,277,-1,278,279,280,-1,279,281,280,-1,280,281,282,-1,280,282,283,-1,278,280,276,-1,276,280,284,-1,276,284,285,-1,285,286,276,-1,276,286,287,-1,276,287,277,-1,274,273,288,-1,288,273,289,-1,290,288,291,-1,291,288,289,-1,290,291,292,-1,292,291,293,-1,294,295,296,-1,296,295,297,-1,298,297,299,-1,299,297,295,-1,299,300,298,-1,298,300,301,-1,300,302,301,-1,301,302,303,-1,301,303,304,-1,304,303,305,-1,306,307,308,-1,308,307,309,-1,305,310,304,-1,304,310,311,-1,304,311,312,-1,312,313,304,-1,304,313,314,-1,304,314,307,-1,306,315,307,-1,307,315,316,-1,307,316,304,-1,317,318,292,-1,292,318,296,-1,292,296,290,-1,290,296,297,-1,290,297,288,-1,288,297,298,-1,288,298,274,-1,274,298,301,-1,274,301,276,-1,276,301,304,-1,275,305,273,-1,273,305,303,-1,273,303,319,-1,320,321,294,-1,294,321,293,-1,294,293,295,-1,295,293,291,-1,295,291,299,-1,299,291,289,-1,299,289,300,-1,300,289,273,-1,300,273,302,-1,302,273,319,-1,307,280,283,-1,307,283,309,-1,309,283,282,-1,309,282,308,-1,308,282,281,-1,308,281,306,-1,306,281,279,-1,306,279,315,-1,315,279,278,-1,315,278,316,-1,316,278,276,-1,316,276,304,-1,280,307,314,-1,280,314,284,-1,284,314,313,-1,284,313,285,-1,285,313,312,-1,285,312,286,-1,286,312,311,-1,286,311,287,-1,287,311,310,-1,287,310,277,-1,277,310,305,-1,277,305,275,-1,
        ]
    }
}
Shape{
    appearance Appearance {
        material  Material 	{
            diffuseColor 0.6078431372549019 0.36470588235294116 0.3568627450980392
            specularColor 0.3058823529411765 0.1843137254901961 0.17647058823529413
            ambientIntensity 0.4365
            transparency 0.0
            shininess 0.5
        }
    }
    geometry IndexedFaceSet {
        ccw TRUE
        solid FALSE
        coord DEF co Coordinate {
            point [
                2.9283 1.2623 0.0394, 2.9283 1.2976 0.0394, 2.9283 1.2976 1.1737, 2.9283 2.1136 1.3087, 2.9283 2.144 1.3087, 2.9283 2.144 1.336, 2.9283 2.0116 1.2122, 2.9283 2.0077 1.2118, 2.9283 2.0316 1.2118, 2.9283 2.2194 1.365, 2.9283 2.2096 1.3913, 2.9283 2.1744 1.3913, 2.9283 1.6338 1.4719, 2.9283 1.6486 1.4619, 2.9283 1.8082 1.4619, 2.9283 1.6643 1.4514, 2.9283 1.6869 1.4252, 2.9283 1.7634 1.336, 2.9283 1.8082 1.336, 2.9283 1.7573 1.3511, 2.9283 1.7434 1.3706, 2.9283 1.7248 1.3862, 2.9283 1.7012 1.3974, 2.9283 1.7045 1.3963, 2.9283 1.5061 1.4706, 2.9283 1.5376 1.4827, 2.9283 1.2976 1.5505, 2.9283 1.5714 1.4869, 2.9283 1.8082 1.5505, 2.9283 1.5996 1.4839, 2.9283 1.2976 1.4619, 2.9283 1.4167 1.4282, 2.9283 1.4436 1.4316, 2.9283 1.3332 1.3274, 2.9283 1.3347 1.336, 2.9283 1.2976 1.336, 2.9283 1.3377 1.3531, 2.9283 1.3486 1.3777, 2.9283 1.3651 1.3988, 2.9283 1.4921 1.4619, 2.9283 1.4894 1.4602, 2.9283 1.4734 1.4465, 2.9283 1.4515 1.4311, 2.9283 1.4594 1.4302, 2.9283 1.3697 1.4031, 2.9283 1.3914 1.4184, 2.9283 1.4163 1.2136, 2.9283 1.4076 1.2162, 2.9283 1.2976 1.2118, 2.9283 1.383 1.2283, 2.9283 1.3617 1.2464, 2.9283 1.3461 1.2686, 2.9283 1.3363 1.2941, 2.9283 1.333 1.3209, 2.9283 1.4468 1.1763, 2.9283 1.4334 1.1864, 2.9283 1.4232 1.1989, 2.9283 1.4172 1.2118, 2.9283 1.8082 1.1737, 2.9283 1.5095 1.1737, 2.9283 1.8082 0.0394, 2.9283 1.4978 1.1692, 2.9283 1.4812 1.1672, 2.9283 1.4787 1.1672, 2.9283 1.4625 1.1697, 2.9283 1.453 1.1737, 2.9283 1.8082 1.2118, 2.9283 1.5452 1.2118, 2.9283 1.5451 1.2114, 2.9283 1.537 1.1962, 2.9283 1.5266 1.1846, 2.9283 1.513 1.1751, 2.9283 1.6325 1.2521, 2.9283 1.6371 1.2539, 2.9283 1.6452 1.2929, 2.9283 1.7435 1.243, 2.9283 1.725 1.2273, 2.9283 1.5325 1.2813, 2.9283 1.624 1.3291, 2.9283 1.5205 1.2922, 2.9283 1.506 1.2999, 2.9283 1.6283 1.2491, 2.9283 1.7571 1.2619, 2.9283 1.7261 1.3134, 2.9283 1.7228 1.3265, 2.9283 1.7177 1.336, 2.9283 1.3777 1.336, 2.9283 1.7657 1.3303, 2.9283 1.7688 1.3079, 2.9283 1.7657 1.2836, 2.9283 1.6424 1.2546, 2.9283 1.6431 1.2546, 2.9283 1.6452 1.2541, 2.9283 1.3818 1.2949, 2.9283 1.3898 1.2812, 2.9283 1.4245 1.274, 2.9283 1.4021 1.2686, 2.9283 1.417 1.2594, 2.9283 1.4498 1.2967, 2.9283 1.4358 1.287, 2.9283 1.376 1.3223, 2.9283 1.3769 1.3116, 2.9283 1.4648 1.3025, 2.9283 1.4812 1.3045, 2.9283 1.4895 1.304, 2.9283 1.6213 1.2334, 2.9283 1.6214 1.2361, 2.9283 1.5495 1.2423, 2.9283 1.6228 1.2413, 2.9283 1.6254 1.246, 2.9283 1.6465 1.2539, 2.9283 1.6773 1.2539, 2.9283 1.6841 1.2549, 2.9283 1.6372 1.2129, 2.9283 1.6327 1.2147, 2.9283 1.6283 1.2178, 2.9283 1.6267 1.2194, 2.9283 1.6237 1.2237, 2.9283 1.6219 1.2284, 2.9283 1.5491 1.2282, 2.9283 1.5495 1.2355, 2.9283 1.7041 1.2171, 2.9283 1.6814 1.2123, 2.9283 1.6411 1.2123, 2.9283 1.7138 1.2725, 2.9283 1.7209 1.2834, 2.9283 1.7252 1.2957, 2.9283 1.7265 1.3072, 2.9283 1.6967 1.2592, 2.9283 1.7077 1.2664, 2.9283 1.6529 1.4017, 2.9283 1.6375 1.4201, 2.9283 1.4805 1.3803, 2.9283 1.6359 1.4215, 2.9283 1.6167 1.4348, 2.9283 1.491 1.402, 2.9283 1.4759 1.3829, 2.9283 1.4605 1.3885, 2.9283 1.6846 1.3593, 2.9283 1.6732 1.3605, 2.9283 1.6677 1.3605, 2.9283 1.6635 1.3797, 2.9283 1.7164 1.3383, 2.9283 1.7074 1.348, 2.9283 1.6966 1.3551, 2.9283 1.4202 1.3861, 2.9283 1.405 1.378, 2.9283 1.4371 1.3902, 2.9283 1.3934 1.3677, 2.9283 1.3839 1.3541, 2.9283 1.5063 1.4203, 2.9283 1.5953 1.443, 2.9283 1.5246 1.4336, 2.9283 1.5721 1.4459, 2.9283 1.5469 1.4427, 2.9283 1.4443 1.3906, 2.9283 1.3781 1.3388, 2.9283 2.2331 1.365, 2.9283 2.1744 1.336, 2.9283 2.1965 1.4611, 2.9283 2.4803 1.336, 2.9283 2.4803 1.4619, 2.9283 2.1744 1.4619, 2.9283 2.1833 1.4611, 2.9283 2.1744 1.4377, 2.9283 2.1604 1.365, 2.9283 2.1467 1.365, 2.9283 2.1696 1.3913, 2.9283 2.0428 1.4501, 2.9283 2.054 1.4619, 2.9283 2.0428 1.4611, 2.9283 2.0316 1.4619, 2.9283 2.0316 1.4611, 2.9283 2.0057 1.4083, 2.9283 2.0057 1.376, 2.9283 2.0316 1.4083, 2.9283 2.0316 1.376, 2.9283 2.04 1.4083, 2.9283 2.045 1.376, 2.9283 2.04 1.4193, 2.9283 2.0057 1.4501, 2.9283 2.0057 1.4193, 2.9283 2.0316 1.4501, 2.9283 2.0316 1.4193, 2.9283 1.9933 1.365, 2.9283 1.9877 1.336, 2.9283 2.0316 1.365, 2.9283 2.0316 1.336, 2.9283 2.045 1.365, 2.9283 2.054 1.336, 2.9283 1.9933 1.4611, 2.9283 1.9877 1.4619, 2.9283 1.9612 1.4619, 2.9283 1.9646 1.4616, 2.9283 1.9741 1.4588, 2.9283 1.9741 1.4458, 2.9283 1.9539 1.3746, 2.9283 1.9647 1.3767, 2.9283 1.9151 1.4111, 2.9283 1.9741 1.3809, 2.9283 1.9151 1.412, 2.9283 1.9239 1.4394, 2.9283 1.9194 1.4325, 2.9283 1.9164 1.424, 2.9283 1.9741 1.369, 2.9283 1.9724 1.3682, 2.9283 1.9313 1.3658, 2.9283 1.9222 1.3701, 2.9283 1.9064 1.336, 2.9283 1.9144 1.3765, 2.9283 1.9135 1.3776, 2.9283 1.9627 1.4503, 2.9283 1.9514 1.4515, 2.9283 1.9472 1.4513, 2.9283 1.9389 1.4496, 2.9283 1.9166 1.3993, 2.9283 1.9197 1.3915, 2.9283 1.9246 1.3846, 2.9283 1.9333 1.378, 2.9283 1.9402 1.3755, 2.9283 1.9492 1.3745, 2.9283 1.9725 1.4467, 2.9283 1.9314 1.446, 2.9283 1.9252 1.4409, 2.9283 1.9269 1.3823, 2.9283 1.9621 1.3648, 2.9283 1.9475 1.3634, 2.9283 1.9418 1.3637, 2.9283 1.9522 1.4627, 2.9283 1.9877 1.5505, 2.9283 1.9513 1.4627, 2.9283 1.9064 1.5505, 2.9283 1.9436 1.4619, 2.9283 1.9064 1.4619, 2.9283 1.9288 1.4579, 2.9283 1.9391 1.4615, 2.9283 1.9093 1.44, 2.9283 1.916 1.4486, 2.9283 1.9192 1.4516, 2.9283 1.9078 1.3858, 2.9283 1.9064 1.3894, 2.9283 1.9007 1.336, 2.9283 1.9007 1.4619, 2.9283 1.9046 1.4294, 2.9283 1.9064 1.4334, 2.9283 1.9039 1.3959, 2.9283 1.9021 1.4113, 2.9283 1.9023 1.417, 2.9283 2.144 1.4619, 2.9283 2.1071 1.4619, 2.9283 2.1071 1.4589, 2.9283 2.141 1.4077, 2.9283 2.1386 1.3966, 2.9283 2.1338 1.3867, 2.9283 2.1268 1.3785, 2.9283 2.1259 1.3776, 2.9283 2.1177 1.4548, 2.9283 2.1268 1.4484, 2.9283 2.131 1.4442, 2.9283 2.1367 1.4356, 2.9283 2.1401 1.4262, 2.9283 2.1413 1.4143, 2.9283 2.1166 1.3712, 2.9283 2.1071 1.3675, 2.9283 2.1071 1.336, 2.9283 2.1056 1.3669, 2.9283 2.0895 1.365, 2.9283 2.0631 1.365, 2.9283 2.0631 1.4611, 2.9283 2.0905 1.4611, 2.9283 2.1062 1.4592, 2.9283 1.9132 1.2419, 2.9283 1.9156 1.2453, 2.9283 1.9174 1.2647, 2.9283 1.9436 1.2134, 2.9283 1.939 1.2118, 2.9283 1.9538 1.2126, 2.9283 1.9478 1.2163, 2.9283 1.944 1.2726, 2.9283 1.9399 1.273, 2.9283 1.9335 1.2534, 2.9283 1.9207 1.2136, 2.9283 1.9064 1.2118, 2.9283 1.9253 1.2118, 2.9283 1.9255 1.2118, 2.9283 1.9128 1.2214, 2.9283 1.9113 1.2255, 2.9283 1.9107 1.231, 2.9283 1.9533 1.2806, 2.9283 1.9841 1.2709, 2.9283 1.9864 1.2741, 2.9283 1.9193 1.2485, 2.9283 1.9244 1.2511, 2.9283 1.926 1.2701, 2.9283 1.9336 1.2724, 2.9283 1.9166 1.2164, 2.9283 1.9153 1.2177, 2.9283 1.9538 1.2232, 2.9283 1.9535 1.2232, 2.9283 1.9516 1.2204, 2.9283 1.9107 1.2324, 2.9283 1.9115 1.2376, 2.9283 1.9573 1.2784, 2.9283 1.9605 1.2753, 2.9283 1.9827 1.267, 2.9283 1.963 1.2714, 2.9283 1.9649 1.266, 2.9283 1.9482 1.2822, 2.9283 1.941 1.2828, 2.9283 1.9297 1.2815, 2.9283 1.9174 1.2764, 2.9283 1.9206 1.2782, 2.9283 1.9876 1.2498, 2.9283 1.9822 1.2274, 2.9283 1.9877 1.2497, 2.9283 1.9869 1.2245, 2.9283 1.9877 1.2242, 2.9283 1.9856 1.2519, 2.9283 1.9841 1.2544, 2.9283 1.9658 1.2568, 2.9283 1.9827 1.258, 2.9283 1.9822 1.2627, 2.9283 1.9538 1.2562, 2.9283 1.9534 1.2615, 2.9283 1.9522 1.2658, 2.9283 1.9507 1.2683, 2.9283 1.9489 1.2702, 2.9283 1.9468 1.2716, 2.9283 1.9325 1.211, 2.9283 1.9064 1.1737, 2.9283 1.9387 1.2117, 2.9283 1.9877 1.1737, 2.9283 1.9822 1.215, 2.9283 1.9658 1.2126, 2.9283 1.9877 1.2131, 2.9283 1.9877 1.2118, 2.9283 1.9908 1.212, 2.9283 1.9928 1.2118, 2.9283 2.0008 1.211, 2.9283 2.0316 1.1737, 2.9283 2.0252 1.2798, 2.9283 2.0252 1.2681, 2.9283 1.9899 1.2773, 2.9283 1.9934 1.2794, 2.9283 1.9877 1.2753, 2.9283 2.0279 1.2264, 2.9283 2.0265 1.2226, 2.9283 2.0242 1.2194, 2.9283 2.0 1.2818, 2.9283 2.009 1.2828, 2.9283 2.0158 1.2823, 2.9283 2.0245 1.2426, 2.9283 2.0267 1.2393, 2.9283 2.028 1.2358, 2.9283 2.0285 1.2313, 2.9283 2.0208 1.2164, 2.9283 2.0179 1.2147, 2.9283 2.0078 1.273, 2.9283 2.0042 1.2728, 2.9283 1.9946 1.2638, 2.9283 2.001 1.2719, 2.9283 1.9983 1.2705, 2.9283 1.9947 1.2622, 2.9283 1.9952 1.2603, 2.9283 1.9961 1.2587, 2.9283 1.9973 1.2574, 2.9283 2.0015 1.2547, 2.9283 2.0157 1.2721, 2.9283 2.009 1.2515, 2.9283 2.0225 1.2696, 2.9283 2.0136 1.2496, 2.9283 2.0216 1.2452, 2.9283 1.9965 1.2689, 2.9283 1.9954 1.2673, 2.9283 1.9949 1.2657, 2.9283 1.9944 1.2217, 2.9283 2.0005 1.2428, 2.9283 1.9933 1.2461, 2.9283 2.002 1.2208, 2.9283 2.0025 1.2208, 2.9283 2.0084 1.2395, 2.9283 2.0087 1.2215, 2.9283 2.0162 1.2301, 2.9283 2.016 1.2316, 2.9283 2.0118 1.2226, 2.9283 2.0129 1.2233, 2.9283 2.0142 1.2245, 2.9283 2.0153 1.2261, 2.9283 2.0159 1.2278, 2.9283 2.0155 1.2335, 2.9283 2.0146 1.2351, 2.9283 2.0131 1.2366, 2.9283 2.0882 1.2812, 2.9283 2.1006 1.2812, 2.9283 2.1071 1.2118, 2.9283 2.0662 1.2296, 2.9283 2.0676 1.224, 2.9283 2.068 1.224, 2.9283 2.054 1.2645, 2.9283 2.0694 1.2295, 2.9283 2.0685 1.2263, 2.9283 2.054 1.2322, 2.9283 2.0348 1.2812, 2.9283 2.0482 1.2812, 2.9283 2.0613 1.2118, 2.9283 2.0617 1.2127, 2.9283 2.054 1.1959, 2.9283 2.0541 1.196, 2.9283 2.054 1.2118, 2.9283 2.0564 1.2003, 2.9283 2.0372 1.192, 2.9283 2.0372 1.1813, 2.9283 2.0397 1.1912, 2.9283 2.0441 1.1906, 2.9283 2.047 1.1909, 2.9283 2.054 1.1824, 2.9283 2.0499 1.1808, 2.9283 2.054 1.1737, 2.9283 2.045 1.1803, 2.9283 2.0424 1.1804, 2.9283 2.0496 1.1919, 2.9283 2.0518 1.1934, 2.9283 2.0695 1.2022, 2.9283 2.064 1.1916, 2.9283 2.1071 1.1737, 2.9283 2.0733 1.2118, 2.9283 2.0596 1.1863, 2.9283 2.0588 1.1856, 2.9283 2.0546 1.1826, 2.9283 2.1631 1.3087, 2.9283 2.1631 1.2976, 2.9283 2.1653 1.2236, 2.9283 2.1744 1.2118, 2.9283 2.1653 1.2126, 2.9283 2.144 1.2118, 2.9283 2.126 1.2559, 2.9283 2.126 1.2236, 2.9283 2.144 1.2559, 2.9283 2.144 1.2236, 2.9283 2.1604 1.2559, 2.9283 2.1604 1.2669, 2.9283 2.144 1.2669, 2.9283 2.144 1.2976, 2.9283 2.126 1.2669, 2.9283 2.126 1.2976, 2.9283 2.144 1.2126, 2.9283 2.1136 1.2126, 2.9283 2.3036 1.3087, 2.9283 2.3169 1.3087, 2.9283 2.2589 1.2441, 2.9283 2.2541 1.2342, 2.9283 2.267 1.2126, 2.9283 2.2472 1.2261, 2.9283 2.2462 1.2252, 2.9283 2.2513 1.2918, 2.9283 2.2571 1.2832, 2.9283 2.2108 1.3087, 2.9283 2.2265 1.3068, 2.9283 2.2472 1.296, 2.9283 2.2604 1.2738, 2.9283 2.2617 1.2619, 2.9283 2.2613 1.2553, 2.9283 2.2369 1.2188, 2.9283 2.2259 1.2145, 2.9283 2.2099 1.2126, 2.9283 2.238 1.3024, 2.9283 2.3299 1.2389, 2.9283 2.2899 1.2389, 2.9283 2.3397 1.2126, 2.9283 2.2807 1.2126, 2.9283 2.4803 1.2118, 2.9283 2.3535 1.2126, 2.9283 2.1834 1.2126, 2.9283 2.1834 1.3087, 2.9283 2.4803 1.1737, 2.9283 2.1744 1.1737, 2.9283 2.144 1.1737, 2.9283 2.4803 1.5505, 2.9283 2.1744 1.5505, 2.9283 2.144 1.5505, 2.9283 2.1071 1.5505, 2.9283 2.054 1.5505, 2.9283 2.0316 1.5505, 2.9283 2.4803 0.0394, 2.9283 2.1744 0.0394, 2.9283 2.144 0.0394, 2.9283 2.1071 0.0394, 2.9283 2.054 0.0394, 2.9283 2.0316 0.0394, 2.9283 1.9877 0.0394, 2.9283 1.9064 0.0394, 2.9283 1.9007 0.0394, 2.9283 1.9007 1.1737, 2.9283 1.9007 1.2118, 2.9283 1.8992 1.2236, 2.9283 1.8992 1.2126, 2.9283 1.8475 1.2126, 2.9283 1.897 1.2976, 2.9283 1.8475 1.3087, 2.9283 1.897 1.3087, 2.9283 1.8599 1.2559, 2.9283 1.8599 1.2236, 2.9283 1.8943 1.2559, 2.9283 1.8943 1.2669, 2.9283 1.8599 1.2669, 2.9283 1.8599 1.2976, 2.9283 1.8599 1.4611, 2.9283 1.8599 1.376, 2.9283 1.8982 1.376, 2.9283 1.8475 1.365, 2.9283 1.8475 1.4611, 2.9283 1.8982 1.365, 2.9283 1.9007 1.5505, 2.9283 1.2623 1.1737, 2.9283 1.2623 1.2118, 2.9283 1.2623 1.336, 2.9283 1.2623 1.4619, 2.9283 1.2623 1.5505, 2.9283 2.4803 1.6142, 2.9283 2.1744 1.6142, 2.9283 2.144 1.6142, 2.9283 2.1071 1.6142, 2.9283 2.054 1.6142, 2.9283 2.0316 1.6142, 2.9283 1.9877 1.6142, 2.9283 1.9064 1.6142, 2.9283 1.9007 1.6142, 2.9283 1.8082 1.6142, 2.9283 1.2976 1.6142, 2.9283 1.2623 1.6142, 2.5543 -2.3031 0.1181, 2.6528 -2.4016 0.1181, 2.3575 -2.3031 0.1181, 2.2591 -2.4016 0.1181, 2.3575 -1.3189 0.1181, 2.2591 -1.2205 0.1181, 2.5543 -1.3189 0.1181, 2.6528 -1.2205 0.1181, 0.389 0.9058 0.2362, 0.389 1.0627 0.2362, 0.389 0.9058 0.1181, 0.389 1.0627 0.1181, -0.3984 0.9058 0.2362, -0.3984 0.9058 0.1181, -0.3984 1.0627 0.2362, -0.3984 1.0627 0.1181, -2.9266 -0.2559 1.6142, -2.9266 -0.2559 0.2362, -2.9017 -0.459 1.6142, -2.9113 -0.3937 0.2362, -2.8626 -0.6598 0.0394, -2.8626 -0.6598 1.6142, -2.89 -0.5273 0.0394, -2.9009 -0.4588 0.0394, -2.9113 -0.3937 0.0394, 3.1252 0.4503 0.0394, 3.1252 0.4503 1.6142, 3.1252 0.3937 0.0394, 3.1252 0.3937 1.6142, -1.4267 -2.5653 1.6142, -1.6212 -2.4474 1.6142, -1.4267 -2.5653 0.0394, -1.6212 -2.4474 0.0394, -0.6645 -2.8579 1.6142, -0.884 -2.7982 1.6142, -0.6645 -2.8579 0.0394, -0.884 -2.7982 0.0394, 0.7324 2.8389 0.0394, 0.7324 2.8389 1.6142, 0.9607 2.7696 0.0394, 1.0126 2.751 1.6142, 1.0119 2.7493 0.0394, 1.1892 2.6791 0.0394, 1.2826 2.6355 1.6142, 1.2814 2.6332 0.0394, 1.4094 2.5697 0.0394, 1.5396 2.4936 1.6142, 1.5384 2.4915 0.0394, 1.6196 2.4422 0.0394, 1.7812 2.3266 1.6142, 1.7812 2.3266 0.0394, -0.0787 2.9321 1.6142, 0.1488 2.9291 1.6142, -0.0787 2.9321 0.0394, 0.1488 2.9291 0.0394, -0.884 2.7982 1.6142, -0.6645 2.8579 1.6142, -0.884 2.7982 0.0394, -0.6645 2.8579 0.0394, -1.6212 2.4474 1.6142, -1.4267 2.5653 1.6142, -1.6212 2.4474 0.0394, -1.4267 2.5653 0.0394, -2.2332 1.907 1.6142, -2.0787 2.074 1.6142, -2.2332 1.907 0.0394, -2.0787 2.074 0.0394, 0.1488 -2.9291 1.6142, -0.0787 -2.9321 1.6142, 0.1488 -2.9291 0.0394, -0.0787 -2.9321 0.0394, -2.9266 0.2559 0.2362, -2.9266 0.2559 1.6142, -2.9113 0.3937 0.2362, -2.9017 0.459 1.6142, -2.9113 0.3937 0.0394, -2.9009 0.4588 0.0394, -2.89 0.5273 0.0394, -2.8626 0.6598 1.6142, -2.8626 0.6598 0.0394, -2.57 -1.422 1.6142, -2.6725 -1.2189 1.6142, -2.57 -1.422 0.0394, -2.6725 -1.2189 0.0394, -2.0787 -2.074 1.6142, -2.2332 -1.907 1.6142, -2.0787 -2.074 0.0394, -2.2332 -1.907 0.0394, -2.6725 1.2189 1.6142, -2.57 1.422 1.6142, -2.6725 1.2189 0.0394, -2.57 1.422 0.0394, -1.8235 2.0705 1.6142, -2.358 0.9542 1.6142, -2.2656 0.92 1.6142, -2.147 1.1699 1.6142, -2.5801 0.981 1.6142, -2.6443 0.7921 1.6142, -2.4797 0.5683 1.6142, -1.8202 1.6317 1.6142, -1.6239 1.8266 1.6142, -1.6868 1.9024 1.6142, 2.0464 2.6721 1.6142, 2.1409 2.3622 1.6142, 1.7738 1.8125 1.6142, 2.1409 1.8125 1.6142, -2.3897 0.8719 1.6142, -2.5312 0.2559 1.6142, -2.3238 1.489 1.6142, -2.21 1.6529 1.6142, 2.2247 2.7871 1.6142, 2.157 2.7628 1.6142, 2.0965 2.7238 1.6142, 2.9421 0.3937 1.6142, 3.1225 0.4918 1.6142, 2.9421 0.4998 1.6142, 3.1143 0.5325 1.6142, 2.7315 1.1434 1.6142, 2.9393 1.1801 1.6142, 2.7315 2.3622 1.6142, 2.9204 2.5504 1.6142, 2.8972 2.617 1.6142, 2.8596 2.6767 1.6142, 2.8098 2.7266 1.6142, 2.75 2.7641 1.6142, 2.6835 2.7874 1.6142, 2.6134 2.7953 1.6142, 2.2962 2.7953 1.6142, 2.9311 1.2208 1.6142, 0.317 2.7371 1.6142, 0.0647 2.5384 1.6142, 0.3801 2.51 1.6142, 0.5141 2.7066 1.6142, 0.6894 2.4426 1.6142, 0.988 2.3373 1.6142, 1.2712 2.1956 1.6142, -1.1823 2.4916 1.6142, -1.1587 2.262 1.6142, -0.999 2.5703 1.6142, -0.8682 2.3881 1.6142, 1.5345 2.0197 1.6142, -0.4499 2.7197 1.6142, -0.5643 2.4769 1.6142, -0.252 2.7448 1.6142, -0.2517 2.5273 1.6142, -1.4312 2.1009 1.6142, -1.669 2.1967 1.6142, -1.6815 1.907 1.6142, -1.997 1.4103 1.6142, 3.1252 -0.3937 0.0394, 3.1252 -0.3937 1.6142, 3.1252 -0.4503 0.0394, 3.1252 -0.4503 1.6142, -2.5801 -0.981 1.6142, 1.7812 -2.3266 1.6142, 2.1409 -2.3622 1.6142, 2.1409 -1.8125 1.6142, 2.9421 -0.4998 1.6142, 3.1225 -0.4918 1.6142, 2.9421 -0.3937 1.6142, 2.9283 -1.2623 1.6142, 2.9311 -1.2208 1.6142, 2.7315 -1.1434 1.6142, 2.9393 -1.1801 1.6142, 3.1143 -0.5325 1.6142, -2.5312 -0.2559 1.6142, 2.9283 -2.4803 1.6142, 2.7315 -2.3622 1.6142, 2.9204 -2.5504 1.6142, 2.0464 -2.6721 1.6142, 2.0965 -2.7238 1.6142, 2.157 -2.7628 1.6142, 2.75 -2.7641 1.6142, 2.8098 -2.7266 1.6142, -2.6443 -0.7921 1.6142, 2.6835 -2.7874 1.6142, 2.8596 -2.6767 1.6142, 2.8972 -2.617 1.6142, -2.4797 -0.5683 1.6142, -2.3897 -0.8719 1.6142, -2.358 -0.9542 1.6142, -2.3238 -1.489 1.6142, 2.2247 -2.7871 1.6142, 2.2962 -2.7953 1.6142, 2.6134 -2.7953 1.6142, -2.2656 -0.92 1.6142, -2.147 -1.1699 1.6142, -1.997 -1.4103 1.6142, -2.21 -1.6529 1.6142, -1.8202 -1.6317 1.6142, -1.6239 -1.8266 1.6142, -1.6868 -1.9024 1.6142, -1.8235 -2.0705 1.6142, 0.5141 -2.7066 1.6142, 0.6894 -2.4426 1.6142, 0.317 -2.7371 1.6142, 0.3801 -2.51 1.6142, 0.0647 -2.5384 1.6142, -1.1823 -2.4916 1.6142, -0.5643 -2.4769 1.6142, -0.4499 -2.7197 1.6142, -0.2517 -2.5273 1.6142, -0.252 -2.7448 1.6142, -1.1587 -2.262 1.6142, -1.4312 -2.1009 1.6142, -1.669 -2.1967 1.6142, 0.7324 -2.8389 1.6142, 1.0126 -2.751 1.6142, 0.988 -2.3373 1.6142, 1.2826 -2.6355 1.6142, 1.2712 -2.1956 1.6142, 1.5396 -2.4936 1.6142, 1.5345 -2.0197 1.6142, 1.7738 -1.8125 1.6142, -1.6815 -1.907 1.6142, -0.8682 -2.3881 1.6142, -0.999 -2.5703 1.6142, -2.0278 -0.2165 0.0, -2.2094 -0.2165 0.0, -2.2094 0.2165 0.0, -2.2094 -0.4331 0.0, 2.8821 -2.5416 0.0, 2.8617 -2.5999 0.0, 2.6921 -2.4409 0.0, 2.889 -2.2249 0.0, 2.6921 -2.2249 0.0, 2.6921 -1.6057 0.0, -0.6434 1.2025 0.0, -0.6434 0.9718 0.0, -0.9343 0.9718 0.0, -1.2829 -0.1392 0.0, -1.2788 -0.1339 0.0, -1.2788 -0.2165 0.0, -1.2516 -0.0984 0.0, -0.9343 -0.2165 0.0, -1.2319 -0.0509 0.0, -1.2252 -0.0 0.0, -0.9343 0.2165 0.0, -1.2319 0.0509 0.0, -1.2516 0.0984 0.0, -1.5925 0.0984 0.0, -1.6122 0.0509 0.0, -2.0278 0.2165 0.0, -1.2788 0.2165 0.0, -1.2788 0.1339 0.0, -1.2829 0.1392 0.0, -1.6189 -0.0 0.0, -1.6122 -0.0509 0.0, -1.3236 -0.1705 0.0, -1.473 0.1901 0.0, -1.5205 0.1705 0.0, -1.5612 0.1392 0.0, -1.5925 -0.0984 0.0, -1.5612 -0.1392 0.0, -1.5205 -0.1705 0.0, -1.3236 0.1705 0.0, -1.3711 0.1901 0.0, -1.422 0.1969 0.0, -1.473 -0.1901 0.0, -1.422 -0.1969 0.0, -1.3711 -0.1901 0.0, 1.7353 0.1181 0.0, 1.6977 0.167 0.0, 1.9933 0.2165 0.0, 1.7353 -0.1181 0.0, 1.9933 -0.2165 0.0, 1.6977 -0.167 0.0, 1.6488 -0.2046 0.0, 1.7589 -0.0611 0.0, 1.7669 -0.0 0.0, 1.7589 0.0611 0.0, 1.4696 -0.2282 0.0, 1.5307 -0.2362 0.0, 1.9933 -0.7314 0.0, 1.5918 -0.2282 0.0, 1.6199 -0.2165 0.0, 0.9642 0.2165 0.0, 1.4126 0.2046 0.0, 1.3637 0.167 0.0, 1.3261 0.1181 0.0, 1.3025 0.0611 0.0, 0.9642 -0.2165 0.0, 1.2945 -0.0 0.0, 1.3025 -0.0611 0.0, 1.3261 -0.1181 0.0, 1.3637 -0.167 0.0, 0.9642 -0.7314 0.0, 1.4415 -0.2165 0.0, 1.4126 -0.2046 0.0, 1.6488 0.2046 0.0, 1.6199 0.2165 0.0, 1.9933 0.4683 0.0, 1.5918 0.2282 0.0, 1.5307 0.2362 0.0, 0.9642 0.4683 0.0, 1.4696 0.2282 0.0, 1.4415 0.2165 0.0, -0.9343 0.7314 0.0, 0.634 0.7625 0.0, 0.634 0.9718 0.0, 0.9642 0.9718 0.0, 0.634 1.2025 0.0, 0.2974 2.6997 0.0, 0.5215 2.6651 0.0, 0.7386 2.7966 0.0, -0.0611 2.8932 0.0, 0.1302 2.8906 0.0, -0.2334 2.7069 0.0, -0.8564 2.7655 0.0, -0.6718 2.8158 0.0, -0.9343 2.6111 0.0, -0.4584 2.6784 0.0, 2.6921 -1.1811 0.0, 3.0197 -0.7314 0.0, 2.9012 -1.1698 0.0, 1.9933 -1.6057 0.0, 2.2197 -1.1811 0.0, 2.8921 -1.2157 0.0, 2.889 -1.2623 0.0, 2.889 -1.6057 0.0, 2.889 -2.4803 0.0, 2.1744 -2.7275 0.0, 2.1214 -2.6934 0.0, 2.2197 -2.4409 0.0, 2.8289 -2.6521 0.0, 2.7852 -2.6958 0.0, 2.733 -2.7286 0.0, 2.2337 -2.7487 0.0, 2.6747 -2.749 0.0, 2.6134 -2.7559 0.0, 2.2962 -2.7559 0.0, 2.2197 -1.6057 0.0, 2.2197 -2.2249 0.0, 1.9933 -2.2249 0.0, -1.9399 -0.8802 0.0, -1.9996 -0.7314 0.0, -1.2788 -0.7314 0.0, -2.0121 -0.7003 0.0, -1.4781 -1.5326 0.0, -1.6162 -1.3867 0.0, -1.74 -1.2283 0.0, -1.8482 -1.059 0.0, -1.3948 -1.6057 0.0, -1.2788 -1.6057 0.0, -1.3324 -1.6605 0.0, -1.2788 -2.2249 0.0, -1.6217 -2.0088 0.0, -2.1694 -1.6413 0.0, -2.1941 -1.6057 0.0, -2.0278 -1.6057 0.0, -2.0481 -1.573 0.0, -2.1675 -1.4044 0.0, -2.2987 -1.455 0.0, -2.2729 -1.2269 0.0, -2.6685 -0.7314 0.0, -2.8279 -0.6348 0.0, -2.8513 -0.5202 0.0, -2.0962 -0.7314 0.0, -2.0278 -0.7061 0.0, -2.5436 -1.3884 0.0, -2.6298 -1.2176 0.0, -2.3638 -1.0414 0.0, -2.5379 -0.9811 0.0, -2.4368 -0.8574 0.0, -2.6109 -0.7663 0.0, -2.8658 -0.4331 0.0, -1.9157 1.7315 0.0, -2.0278 1.5973 0.0, -2.0278 2.0339 0.0, -1.771 1.8789 0.0, -1.8088 2.031 0.0, -1.6217 2.0088 0.0, -1.6331 2.1744 0.0, -1.5857 2.4237 0.0, -1.8929 0.9718 0.0, -1.8482 1.059 0.0, -1.2788 0.9718 0.0, -1.74 1.2283 0.0, -1.4221 2.5228 0.0, -1.2788 2.4796 0.0, -1.3324 1.6605 0.0, -1.6162 1.3867 0.0, -1.4781 1.5326 0.0, -1.9399 0.8802 0.0, -1.2788 0.7314 0.0, -1.9996 0.7314 0.0, -2.0962 0.7314 0.0, -2.0278 0.7061 0.0, -2.0278 0.4683 0.0, -2.0121 0.7003 0.0, -2.86 0.4683 0.0, -2.8513 0.5202 0.0, -2.8279 0.6348 0.0, -2.6685 0.7314 0.0, -2.6109 0.7663 0.0, -2.4368 0.8574 0.0, -2.3914 0.9718 0.0, -2.6298 1.2176 0.0, -2.5436 1.3884 0.0, -2.2987 1.455 0.0, -2.5411 0.9718 0.0, -2.5379 0.9811 0.0, -2.3638 1.0414 0.0, -2.2729 1.2269 0.0, -2.0626 2.0344 0.0, -2.1925 1.894 0.0, -2.1694 1.6413 0.0, -2.0481 1.573 0.0, -2.1675 1.4044 0.0, 2.889 1.2623 0.0, 2.8921 1.2157 0.0, 2.6921 1.1811 0.0, 2.9012 1.1698 0.0, 2.9548 0.9718 0.0, 2.2197 1.1811 0.0, 1.9933 0.9718 0.0, 2.2197 2.4409 0.0, 1.9933 2.5383 0.0, 2.889 2.4803 0.0, 2.6921 2.4409 0.0, 2.8821 2.5416 0.0, 2.0776 2.6481 0.0, 2.1214 2.6934 0.0, 2.1744 2.7275 0.0, 2.7852 2.6958 0.0, 2.733 2.7286 0.0, 2.6747 2.749 0.0, 2.8289 2.6521 0.0, 2.8617 2.5999 0.0, 2.2337 2.7487 0.0, 2.2962 2.7559 0.0, 2.6134 2.7559 0.0, 0.9477 2.7325 0.0, 0.9642 2.7259 0.0, 1.1732 2.6431 0.0, 1.3904 2.5352 0.0, 1.5978 2.4094 0.0, 1.7883 2.2712 0.0, -1.1791 2.4496 0.0, -0.9707 2.539 0.0, -2.8658 0.4331 0.0, -2.2094 0.4331 0.0, -2.0278 -2.0339 0.0, -2.0626 -2.0344 0.0, -2.1925 -1.894 0.0, -1.1791 -2.4496 0.0, -1.2788 -2.4796 0.0, -1.4221 -2.5228 0.0, -2.0278 -1.5973 0.0, -2.0208 -1.6057 0.0, -1.9157 -1.7315 0.0, -1.8088 -2.031 0.0, -1.771 -1.8789 0.0, -1.6331 -2.1744 0.0, -1.6235 -2.2249 0.0, -1.5857 -2.4237 0.0, -0.9343 -2.2249 0.0, -0.9343 -2.6111 0.0, -0.9707 -2.539 0.0, 0.5215 -2.6651 0.0, 0.2974 -2.6997 0.0, -0.4584 -2.6784 0.0, -0.6718 -2.8158 0.0, -0.8564 -2.7655 0.0, -0.2334 -2.7069 0.0, -0.0611 -2.8932 0.0, 0.1302 -2.8906 0.0, 0.7386 -2.7966 0.0, 0.9477 -2.7325 0.0, 0.9642 -2.2249 0.0, 0.9642 -2.7259 0.0, 2.0776 -2.6481 0.0, 1.9933 -2.5383 0.0, 1.7883 -2.2712 0.0, 1.5978 -2.4094 0.0, 1.3904 -2.5352 0.0, 1.1732 -2.6431 0.0, 2.34 -0.2165 0.0, 2.34 -0.5973 0.0, 2.5324 -0.5973 0.0, 2.5324 -0.4331 0.0, 3.0858 -0.4331 0.0, 3.0858 -0.4503 0.0, 3.0834 -0.4866 0.0, 3.0763 -0.5222 0.0, 2.34 0.2165 0.0, 2.34 0.163 0.0, 2.2123 0.163 0.0, 2.34 0.5973 0.0, 2.34 0.4683 0.0, 2.2123 -0.163 0.0, 2.34 -0.163 0.0, 2.5324 0.4683 0.0, 3.0763 0.5222 0.0, 3.0834 0.4866 0.0, 3.0197 0.7314 0.0, 2.5324 0.5973 0.0, 1.9933 0.7314 0.0, 3.0858 0.4331 0.0, 2.5324 0.4331 0.0, 3.0858 0.4503 0.0, 3.0846 0.4683 0.0, -0.9343 -1.6057 0.0, 0.9642 -1.6057 0.0, 0.634 -0.7625 0.0, 0.634 -1.2025 0.0, -0.6434 -1.2025 0.0, -0.6434 -0.7625 0.0, -0.9343 -0.7314 0.0, -1.2788 0.4683 0.0, 0.9642 0.7314 0.0, -0.9343 0.4683 0.0, -0.6434 0.7625 0.0, 1.7812 -2.3266 0.0394, 1.6196 -2.4422 0.0394, 1.5384 -2.4915 0.0394, 1.4094 -2.5697 0.0394, 1.2814 -2.6332 0.0394, 1.1892 -2.6791 0.0394, 1.0119 -2.7493 0.0394, 0.9607 -2.7696 0.0394, 0.7324 -2.8389 0.0394, 2.0464 2.6721 0.0394, 2.0965 2.7238 0.0394, 2.157 2.7628 0.0394, 2.2247 2.7871 0.0394, 2.2962 2.7953 0.0394, 2.6134 2.7953 0.0394, 2.6835 2.7874 0.0394, 2.75 2.7641 0.0394, 2.8098 2.7266 0.0394, 2.8596 2.6767 0.0394, 2.8972 2.617 0.0394, 2.9204 2.5504 0.0394, 2.9311 1.2208 0.0394, 2.9393 1.1801 0.0394, 3.1143 0.5325 0.0394, 3.1225 0.4918 0.0394, 3.1225 -0.4918 0.0394, 3.1143 -0.5325 0.0394, 2.9393 -1.1801 0.0394, 2.9311 -1.2208 0.0394, 2.9283 -1.2623 0.0394, 2.9283 -2.4803 0.0394, 2.9204 -2.5504 0.0394, 2.8972 -2.617 0.0394, 2.8596 -2.6767 0.0394, 2.8098 -2.7266 0.0394, 2.75 -2.7641 0.0394, 2.6835 -2.7874 0.0394, 2.6134 -2.7953 0.0394, 2.2962 -2.7953 0.0394, 2.2247 -2.7871 0.0394, 2.157 -2.7628 0.0394, 2.0965 -2.7238 0.0394, 2.0464 -2.6721 0.0394, 2.4931 0.3937 0.2362, 2.4931 0.3937 0.0394, 2.9421 0.3937 0.2362, 2.9421 -0.3937 0.2362, 2.4931 -0.3937 0.2362, 2.4931 -0.3937 0.0394, -2.3897 -0.8719 0.2362, -2.3865 -0.8807 0.2362, -2.0357 -0.751 0.2362, 2.9421 -0.4998 0.2362, 2.7315 -1.1434 0.2362, 2.5543 -1.3189 0.2362, 2.7315 -2.3622 0.2362, 2.5543 -2.3031 0.2362, 2.3575 -2.3031 0.2362, -2.2488 -0.3937 0.2362, -2.5134 -0.3937 0.2362, -2.4797 -0.5683 0.2362, -1.627 -1.9536 0.2362, -1.4312 -2.1009 0.2362, -1.3881 -1.6659 0.2362, -1.1587 -2.262 0.2362, -0.2517 -2.5273 0.2362, -1.9203 -1.0097 0.2362, -1.5937 -1.4711 0.2362, -1.7721 -1.2511 0.2362, -0.8682 -2.3881 0.2362, -0.5643 -2.4769 0.2362, 2.4931 -0.558 0.2362, 2.3794 -0.558 0.2362, 2.3575 -1.3189 0.2362, 0.3801 -2.51 0.2362, 2.3794 -0.1237 0.2362, 0.6894 -2.4426 0.2362, 0.988 -2.3373 0.2362, 1.2712 -2.1956 0.2362, 1.5345 -2.0197 0.2362, 1.7738 -1.8125 0.2362, 2.1409 -1.8125 0.2362, 2.1409 -2.3622 0.2362, 2.2516 0.1237 0.2362, 0.389 -0.9058 0.2362, 2.2516 -0.1237 0.2362, 0.389 -1.0627 0.2362, 2.7315 1.1434 0.2362, 2.4931 0.558 0.2362, 2.9421 0.4998 0.2362, 0.0647 -2.5384 0.2362, -0.3984 -1.0627 0.2362, 2.3794 0.1237 0.2362, 2.3794 0.558 0.2362, 2.5543 1.3189 0.2362, 2.3575 1.3189 0.2362, -1.627 1.9536 0.2362, -1.3881 1.6659 0.2362, 0.988 2.3373 0.2362, 0.6894 2.4426 0.2362, -0.5643 2.4769 0.2362, -0.8682 2.3881 0.2362, -0.3984 -0.9058 0.2362, -2.5134 0.3937 0.2362, -2.2488 0.3937 0.2362, -2.4797 0.5683 0.2362, -2.0357 0.751 0.2362, -2.3897 0.8719 0.2362, -2.3865 0.8807 0.2362, -1.1587 2.262 0.2362, -1.4312 2.1009 0.2362, -1.5937 1.4711 0.2362, -1.9203 1.0097 0.2362, -1.7721 1.2511 0.2362, 0.3801 2.51 0.2362, 0.0647 2.5384 0.2362, -0.2517 2.5273 0.2362, 1.7738 1.8125 0.2362, 1.5345 2.0197 0.2362, 1.2712 2.1956 0.2362, 2.1409 1.8125 0.2362, 2.1409 2.3622 0.2362, 2.3575 2.3031 0.2362, 2.7315 2.3622 0.2362, 2.5543 2.3031 0.2362, -1.6868 -1.9024 1.3386, -1.627 -1.9536 0.0394, -1.6807 -1.9061 0.0394, -2.5312 -0.2559 0.2362, -2.358 -0.9542 1.3386, -2.3278 -1.0255 0.0394, -2.3865 -0.8807 0.0394, -2.2627 -1.1619 1.3386, -1.8865 -1.7051 0.0394, -1.9058 -1.6835 1.3386, -1.744 -1.8502 0.0394, -2.0991 -1.4329 0.0394, -2.1005 -1.4339 1.3386, -2.0169 -1.549 0.0394, -1.9051 -1.6829 0.0394, -2.1344 -1.383 0.0394, -2.2383 -1.2081 0.0394, -2.2613 -1.1612 0.0394, -2.5312 0.2559 0.2362, -2.358 0.9542 1.3386, -1.6868 1.9024 1.3386, -1.6807 1.9061 0.0394, -1.627 1.9536 0.0394, -1.744 1.8502 0.0394, -1.9058 1.6835 1.3386, -1.8865 1.7051 0.0394, -2.3278 1.0255 0.0394, -2.2613 1.1612 0.0394, -2.2627 1.1619 1.3386, -2.3865 0.8807 0.0394, -2.2383 1.2081 0.0394, -2.1344 1.383 0.0394, -2.1005 1.4339 1.3386, -2.0991 1.4329 0.0394, -2.0169 1.549 0.0394, -1.9051 1.6829 0.0394, -2.0357 0.751 0.0394, -1.9758 0.8965 0.0394, -1.9182 1.0086 0.0394, -1.8823 1.0786 0.0394, -1.7721 1.2511 0.0394, -1.6461 1.4124 0.0394, -1.592 1.4695 0.0394, -1.3881 1.6659 0.0394, -1.5054 1.561 0.0394, -0.3984 -0.9058 0.1181, -0.3984 -1.0627 0.1181, 0.389 -0.9058 0.1181, 0.389 -1.0627 0.1181, -1.3881 -1.6659 0.0394, -1.5054 -1.561 0.0394, -1.592 -1.4695 0.0394, -1.6461 -1.4124 0.0394, -1.7721 -1.2511 0.0394, -1.8823 -1.0786 0.0394, -1.9182 -1.0086 0.0394, -2.0357 -0.751 0.0394, -1.9758 -0.8965 0.0394, -2.5801 0.981 0.0394, -2.6443 0.7921 0.0394, -1.8235 -2.0705 0.0394, -1.669 -2.1967 0.0394, -2.3238 -1.489 0.0394, -2.21 -1.6529 0.0394, -2.6443 -0.7921 0.0394, -2.5801 -0.981 0.0394, 0.317 -2.7371 0.0394, 0.5141 -2.7066 0.0394, -2.21 1.6529 0.0394, -2.3238 1.489 0.0394, -1.669 2.1967 0.0394, -1.8235 2.0705 0.0394, -0.999 2.5703 0.0394, -1.1823 2.4916 0.0394, -0.252 2.7448 0.0394, -0.4499 2.7197 0.0394, 0.5141 2.7066 0.0394, 0.317 2.7371 0.0394, -0.4499 -2.7197 0.0394, -0.252 -2.7448 0.0394, -1.1823 -2.4916 0.0394, -0.999 -2.5703 0.0394, -2.2488 -0.3937 0.0394, -2.2488 0.3937 0.0394, 2.4931 0.558 0.0394, 2.3794 0.558 0.0394, 2.3794 0.1237 0.0394, 2.2516 0.1237 0.0394, 2.2516 -0.1237 0.0394, 2.3794 -0.1237 0.0394, 2.3794 -0.558 0.0394, 2.4931 -0.558 0.0394, 0.5946 0.8019 0.1181, -0.6041 0.8019 0.1181, -0.6041 1.1632 0.1181, 0.5946 1.1632 0.1181, -0.6041 1.1632 0.0394, -0.6041 0.8019 0.0394, 0.5946 0.8019 0.0394, 0.5946 1.1632 0.0394, 0.5946 -1.1632 0.1181, -0.6041 -1.1632 0.1181, -0.6041 -0.8019 0.1181, 0.5946 -0.8019 0.1181, 0.5946 -1.1632 0.0394, 0.5946 -0.8019 0.0394, -0.6041 -0.8019 0.0394, -0.6041 -1.1632 0.0394, 2.6528 -2.4016 0.0394, 2.6528 -1.2205 0.0394, 2.2591 -1.2205 0.0394, 2.2591 -2.4016 0.0394, 2.2591 2.4016 0.0394, 2.2591 2.4016 0.1181, 2.2591 1.2205 0.0394, 2.2591 1.2205 0.1181, 2.6528 1.2205 0.0394, 2.6528 1.2205 0.1181, 2.6528 2.4016 0.0394, 2.6528 2.4016 0.1181, 2.3575 2.3031 0.1181, 2.5543 2.3031 0.1181, 2.5543 1.3189 0.1181, 2.3575 1.3189 0.1181, 1.7276 0.0 -0.0394, 1.7209 0.0509 -0.1968, 1.7209 0.0509 -0.0394, 1.7012 0.0984 -0.1968, 1.7012 0.0984 -0.0394, 1.6699 0.1392 -0.1968, 1.6699 0.1392 -0.0394, 1.6291 0.1705 -0.1968, 1.6291 0.1705 -0.0394, 1.5817 0.1901 -0.1968, 1.5817 0.1901 -0.0394, 1.5307 0.1969 -0.1968, 1.5307 0.1969 -0.0394, 1.4798 0.1901 -0.1968, 1.4798 0.1901 -0.0394, 1.4323 0.1705 -0.1968, 1.4323 0.1705 -0.0394, 1.3915 0.1392 -0.1968, 1.3915 0.1392 -0.0394, 1.3602 0.0984 -0.1968, 1.3602 0.0984 -0.0394, 1.3406 0.0509 -0.1968, 1.3406 0.0509 -0.0394, 1.3339 0.0 -0.1968, 1.3339 0.0 -0.0394, 1.3406 -0.0509 -0.1968, 1.3406 -0.0509 -0.0394, 1.3602 -0.0984 -0.1968, 1.3602 -0.0984 -0.0394, 1.3915 -0.1392 -0.1968, 1.3915 -0.1392 -0.0394, 1.4323 -0.1705 -0.1968, 1.4323 -0.1705 -0.0394, 1.4798 -0.1901 -0.1968, 1.4798 -0.1901 -0.0394, 1.5307 -0.1969 -0.1968, 1.5307 -0.1969 -0.0394, 1.5817 -0.1901 -0.1968, 1.5817 -0.1901 -0.0394, 1.6291 -0.1705 -0.1968, 1.6291 -0.1705 -0.0394, 1.6699 -0.1392 -0.1968, 1.6699 -0.1392 -0.0394, 1.7012 -0.0984 -0.1968, 1.7012 -0.0984 -0.0394, 1.7209 -0.0509 -0.1968, 1.7209 -0.0509 -0.0394, 1.7276 0.0 -0.1968, 1.4284 -0.0591 -0.2756, 1.4166 -0.0306 -0.2756, 1.5307 0.0 -0.2756, 1.4126 -0.0 -0.2756, 1.4166 0.0306 -0.2756, 1.5001 -0.1141 -0.2756, 1.4717 -0.1023 -0.2756, 1.4472 -0.0835 -0.2756, 1.5898 -0.1023 -0.2756, 1.5613 -0.1141 -0.2756, 1.5307 -0.1181 -0.2756, 1.6448 -0.0306 -0.2756, 1.633 -0.0591 -0.2756, 1.6142 -0.0835 -0.2756, 1.633 0.0591 -0.2756, 1.6448 0.0306 -0.2756, 1.6488 -0.0 -0.2756, 1.5613 0.1141 -0.2756, 1.5898 0.1023 -0.2756, 1.6142 0.0835 -0.2756, 1.4717 0.1023 -0.2756, 1.5001 0.1141 -0.2756, 1.5307 0.1181 -0.2756, 1.4284 0.0591 -0.2756, 1.4472 0.0835 -0.2756, -1.2646 0.0 -0.0394, -1.2699 0.0408 -0.1968, -1.2699 0.0408 -0.0394, -1.2857 0.0787 -0.1968, -1.2857 0.0787 -0.0394, -1.3107 0.1114 -0.1968, -1.3107 0.1114 -0.0394, -1.3433 0.1364 -0.1968, -1.3433 0.1364 -0.0394, -1.3813 0.1521 -0.1968, -1.3813 0.1521 -0.0394, -1.422 0.1575 -0.1968, -1.422 0.1575 -0.0394, -1.4628 0.1521 -0.1968, -1.4628 0.1521 -0.0394, -1.5008 0.1364 -0.1968, -1.5008 0.1364 -0.0394, -1.5334 0.1114 -0.1968, -1.5334 0.1114 -0.0394, -1.5584 0.0787 -0.1968, -1.5584 0.0787 -0.0394, -1.5742 0.0408 -0.1968, -1.5742 0.0408 -0.0394, -1.5795 0.0 -0.1968, -1.5795 0.0 -0.0394, -1.5742 -0.0408 -0.1968, -1.5742 -0.0408 -0.0394, -1.5584 -0.0787 -0.1968, -1.5584 -0.0787 -0.0394, -1.5334 -0.1114 -0.1968, -1.5334 -0.1114 -0.0394, -1.5008 -0.1364 -0.1968, -1.5008 -0.1364 -0.0394, -1.4628 -0.1521 -0.1968, -1.4628 -0.1521 -0.0394, -1.422 -0.1575 -0.1968, -1.422 -0.1575 -0.0394, -1.3813 -0.1521 -0.1968, -1.3813 -0.1521 -0.0394, -1.3433 -0.1364 -0.1968, -1.3433 -0.1364 -0.0394, -1.3107 -0.1114 -0.1968, -1.3107 -0.1114 -0.0394, -1.2857 -0.0787 -0.1968, -1.2857 -0.0787 -0.0394, -1.2699 -0.0408 -0.1968, -1.2699 -0.0408 -0.0394, -1.2646 0.0 -0.1968, -1.4902 -0.0394 -0.2756, -1.4981 -0.0204 -0.2756, -1.422 0.0 -0.2756, -1.5008 -0.0 -0.2756, -1.4981 0.0204 -0.2756, -1.4424 -0.0761 -0.2756, -1.4614 -0.0682 -0.2756, -1.4777 -0.0557 -0.2756, -1.3827 -0.0682 -0.2756, -1.4017 -0.0761 -0.2756, -1.422 -0.0787 -0.2756, -1.346 -0.0204 -0.2756, -1.3539 -0.0394 -0.2756, -1.3664 -0.0557 -0.2756, -1.3539 0.0394 -0.2756, -1.346 0.0204 -0.2756, -1.3433 -0.0 -0.2756, -1.4017 0.0761 -0.2756, -1.3827 0.0682 -0.2756, -1.3664 0.0557 -0.2756, -1.4614 0.0682 -0.2756, -1.4424 0.0761 -0.2756, -1.422 0.0787 -0.2756, -1.4902 0.0394 -0.2756, -1.4777 0.0557 -0.2756, -1.5178 0.0257 -0.2729, -1.5079 0.0496 -0.2729, -1.4921 0.0701 -0.2729, -1.4716 0.0858 -0.2729, -1.4477 0.0957 -0.2729, -1.422 0.0991 -0.2729, -1.3964 0.0957 -0.2729, -1.3725 0.0858 -0.2729, -1.352 0.0701 -0.2729, -1.3362 0.0496 -0.2729, -1.3263 0.0257 -0.2729, -1.3229 0.0 -0.2729, -1.3263 -0.0257 -0.2729, -1.3362 -0.0496 -0.2729, -1.352 -0.0701 -0.2729, -1.3725 -0.0858 -0.2729, -1.3964 -0.0957 -0.2729, -1.422 -0.0991 -0.2729, -1.4477 -0.0957 -0.2729, -1.4716 -0.0858 -0.2729, -1.4921 -0.0701 -0.2729, -1.5079 -0.0496 -0.2729, -1.5178 -0.0257 -0.2729, -1.5212 0.0 -0.2729, -1.5361 0.0306 -0.265, -1.5243 0.0591 -0.265, -1.5056 0.0835 -0.265, -1.4811 0.1023 -0.265, -1.4526 0.1141 -0.265, -1.422 0.1181 -0.265, -1.3915 0.1141 -0.265, -1.363 0.1023 -0.265, -1.3385 0.0835 -0.265, -1.3198 0.0591 -0.265, -1.308 0.0306 -0.265, -1.3039 0.0 -0.265, -1.308 -0.0306 -0.265, -1.3198 -0.0591 -0.265, -1.3385 -0.0835 -0.265, -1.363 -0.1023 -0.265, -1.3915 -0.1141 -0.265, -1.422 -0.1181 -0.265, -1.4526 -0.1141 -0.265, -1.4811 -0.1023 -0.265, -1.5056 -0.0835 -0.265, -1.5243 -0.0591 -0.265, -1.5361 -0.0306 -0.265, -1.5402 0.0 -0.265, -1.5519 0.0348 -0.2525, -1.5385 0.0672 -0.2525, -1.5171 0.095 -0.2525, -1.4893 0.1164 -0.2525, -1.4568 0.1298 -0.2525, -1.422 0.1344 -0.2525, -1.3873 0.1298 -0.2525, -1.3548 0.1164 -0.2525, -1.327 0.095 -0.2525, -1.3056 0.0672 -0.2525, -1.2922 0.0348 -0.2525, -1.2876 0.0 -0.2525, -1.2922 -0.0348 -0.2525, -1.3056 -0.0672 -0.2525, -1.327 -0.095 -0.2525, -1.3548 -0.1164 -0.2525, -1.3873 -0.1298 -0.2525, -1.422 -0.1344 -0.2525, -1.4568 -0.1298 -0.2525, -1.4893 -0.1164 -0.2525, -1.5171 -0.095 -0.2525, -1.5385 -0.0672 -0.2525, -1.5519 -0.0348 -0.2525, -1.5565 0.0 -0.2525, -1.564 0.038 -0.2362, -1.5493 0.0735 -0.2362, -1.5259 0.1039 -0.2362, -1.4955 0.1272 -0.2362, -1.4601 0.1419 -0.2362, -1.422 0.1469 -0.2362, -1.384 0.1419 -0.2362, -1.3486 0.1272 -0.2362, -1.3182 0.1039 -0.2362, -1.2948 0.0735 -0.2362, -1.2801 0.038 -0.2362, -1.2751 0.0 -0.2362, -1.2801 -0.038 -0.2362, -1.2948 -0.0735 -0.2362, -1.3182 -0.1039 -0.2362, -1.3486 -0.1272 -0.2362, -1.384 -0.1419 -0.2362, -1.422 -0.1469 -0.2362, -1.4601 -0.1419 -0.2362, -1.4955 -0.1272 -0.2362, -1.5259 -0.1039 -0.2362, -1.5493 -0.0735 -0.2362, -1.564 -0.038 -0.2362, -1.569 0.0 -0.2362, -1.5716 0.0401 -0.2172, -1.5561 0.0774 -0.2172, -1.5315 0.1095 -0.2172, -1.4994 0.1341 -0.2172, -1.4621 0.1495 -0.2172, -1.422 0.1548 -0.2172, -1.382 0.1495 -0.2172, -1.3446 0.1341 -0.2172, -1.3126 0.1095 -0.2172, -1.288 0.0774 -0.2172, -1.2725 0.0401 -0.2172, -1.2673 0.0 -0.2172, -1.2725 -0.0401 -0.2172, -1.288 -0.0774 -0.2172, -1.3126 -0.1095 -0.2172, -1.3446 -0.1341 -0.2172, -1.382 -0.1495 -0.2172, -1.422 -0.1548 -0.2172, -1.4621 -0.1495 -0.2172, -1.4994 -0.1341 -0.2172, -1.5315 -0.1095 -0.2172, -1.5561 -0.0774 -0.2172, -1.5716 -0.0401 -0.2172, -1.5768 0.0 -0.2172, 1.3969 0.0358 -0.2729, 1.4108 0.0692 -0.2729, 1.4328 0.0979 -0.2729, 1.4615 0.1199 -0.2729, 1.4949 0.1338 -0.2729, 1.5307 0.1385 -0.2729, 1.5666 0.1338 -0.2729, 1.6 0.1199 -0.2729, 1.6286 0.0979 -0.2729, 1.6506 0.0692 -0.2729, 1.6645 0.0358 -0.2729, 1.6692 0.0 -0.2729, 1.6645 -0.0358 -0.2729, 1.6506 -0.0692 -0.2729, 1.6286 -0.0979 -0.2729, 1.6 -0.1199 -0.2729, 1.5666 -0.1338 -0.2729, 1.5307 -0.1385 -0.2729, 1.4949 -0.1338 -0.2729, 1.4615 -0.1199 -0.2729, 1.4328 -0.0979 -0.2729, 1.4108 -0.0692 -0.2729, 1.3969 -0.0358 -0.2729, 1.3922 0.0 -0.2729, 1.3786 0.0408 -0.265, 1.3943 0.0787 -0.265, 1.4194 0.1114 -0.265, 1.452 0.1364 -0.265, 1.4899 0.1521 -0.265, 1.5307 0.1575 -0.265, 1.5715 0.1521 -0.265, 1.6094 0.1364 -0.265, 1.6421 0.1114 -0.265, 1.6671 0.0787 -0.265, 1.6828 0.0408 -0.265, 1.6882 0.0 -0.265, 1.6828 -0.0408 -0.265, 1.6671 -0.0787 -0.265, 1.6421 -0.1114 -0.265, 1.6094 -0.1364 -0.265, 1.5715 -0.1521 -0.265, 1.5307 -0.1575 -0.265, 1.4899 -0.1521 -0.265, 1.452 -0.1364 -0.265, 1.4194 -0.1114 -0.265, 1.3943 -0.0787 -0.265, 1.3786 -0.0408 -0.265, 1.3732 0.0 -0.265, 1.3628 0.045 -0.2525, 1.3802 0.0869 -0.2525, 1.4078 0.1229 -0.2525, 1.4438 0.1505 -0.2525, 1.4857 0.1679 -0.2525, 1.5307 0.1738 -0.2525, 1.5757 0.1679 -0.2525, 1.6176 0.1505 -0.2525, 1.6536 0.1229 -0.2525, 1.6812 0.0869 -0.2525, 1.6986 0.045 -0.2525, 1.7045 0.0 -0.2525, 1.6986 -0.045 -0.2525, 1.6812 -0.0869 -0.2525, 1.6536 -0.1229 -0.2525, 1.6176 -0.1505 -0.2525, 1.5757 -0.1679 -0.2525, 1.5307 -0.1738 -0.2525, 1.4857 -0.1679 -0.2525, 1.4438 -0.1505 -0.2525, 1.4078 -0.1229 -0.2525, 1.3802 -0.0869 -0.2525, 1.3628 -0.045 -0.2525, 1.3569 0.0 -0.2525, 1.3508 0.0482 -0.2362, 1.3694 0.0932 -0.2362, 1.399 0.1317 -0.2362, 1.4376 0.1613 -0.2362, 1.4825 0.18 -0.2362, 1.5307 0.1863 -0.2362, 1.5789 0.18 -0.2362, 1.6239 0.1613 -0.2362, 1.6624 0.1317 -0.2362, 1.692 0.0932 -0.2362, 1.7107 0.0482 -0.2362, 1.717 0.0 -0.2362, 1.7107 -0.0482 -0.2362, 1.692 -0.0932 -0.2362, 1.6624 -0.1317 -0.2362, 1.6239 -0.1613 -0.2362, 1.5789 -0.18 -0.2362, 1.5307 -0.1863 -0.2362, 1.4825 -0.18 -0.2362, 1.4376 -0.1613 -0.2362, 1.399 -0.1317 -0.2362, 1.3694 -0.0932 -0.2362, 1.3508 -0.0482 -0.2362, 1.3444 0.0 -0.2362, 1.3432 0.0503 -0.2172, 1.3626 0.0971 -0.2172, 1.3934 0.1373 -0.2172, 1.4336 0.1682 -0.2172, 1.4805 0.1876 -0.2172, 1.5307 0.1942 -0.2172, 1.581 0.1876 -0.2172, 1.6278 0.1682 -0.2172, 1.668 0.1373 -0.2172, 1.6989 0.0971 -0.2172, 1.7183 0.0503 -0.2172, 1.7249 0.0 -0.2172, 1.7183 -0.0503 -0.2172, 1.6989 -0.0971 -0.2172, 1.668 -0.1373 -0.2172, 1.6278 -0.1682 -0.2172, 1.581 -0.1876 -0.2172, 1.5307 -0.1942 -0.2172, 1.4805 -0.1876 -0.2172, 1.4336 -0.1682 -0.2172, 1.3934 -0.1373 -0.2172, 1.3626 -0.0971 -0.2172, 1.3432 -0.0503 -0.2172, 1.3365 0.0 -0.2172, -2.5692 -1.4209 0.0307, -2.3231 -1.4881 0.0306, -2.5699 -1.4218 0.0355, -2.3231 -1.4882 0.0307, -2.5687 -1.4203 0.0271, -2.5679 -1.4193 0.0239, -2.3225 -1.4873 0.027, -2.5673 -1.4185 0.0224, -2.3211 -1.4854 0.0224, -2.565 -1.4156 0.0162, -2.3201 -1.484 0.0188, -2.5643 -1.4146 0.0148, -2.3189 -1.4824 0.016, -2.56 -1.4092 0.0087, -2.3143 -1.4762 0.0086, -2.5637 -1.4139 0.0138, -2.3148 -1.4768 0.0092, -2.3182 -1.4815 0.0149, -2.5592 -1.4081 0.0075, -2.5574 -1.4059 0.0058, -2.3133 -1.4747 0.0073, -2.555 -1.4028 0.0042, -2.3095 -1.4696 0.0041, -2.5514 -1.3983 0.0017, -2.3078 -1.4673 0.0027, -2.5495 -1.3958 0.0013, -2.3058 -1.4646 0.0016, -2.5442 -1.3891 0.0, -2.2993 -1.4558 0.0, -2.3043 -1.4625 0.0012, -2.209 -1.6526 0.0307, -2.2089 -1.6526 0.0306, -2.2057 -1.6516 0.0224, -2.2079 -1.6523 0.027, -2.3182 -1.4815 0.0149, -2.202 -1.6506 0.016, -2.204 -1.6512 0.0188, -2.1947 -1.6485 0.0086, -2.1954 -1.6487 0.0092, -2.201 -1.6503 0.0149, -2.3095 -1.4696 0.0041, -2.1869 -1.6463 0.0041, -2.1929 -1.648 0.0073, -2.1809 -1.6446 0.0016, -2.1841 -1.6455 0.0027, -2.1784 -1.6439 0.0012, -2.1703 -1.6416 0.0, -2.3043 -1.4625 0.0012, -2.5495 -1.3958 0.0013, -2.6392 -1.2179 0.0013, -2.6307 -1.2176 0.0, -2.6424 -1.218 0.0017, -2.6482 -1.2182 0.0042, -2.6563 -1.2184 0.0087, -2.6549 -1.2184 0.0075, -2.652 -1.2183 0.0058, -2.555 -1.4028 0.0042, -2.6623 -1.2186 0.0138, -2.6632 -1.2186 0.0148, -2.6644 -1.2187 0.0162, -2.6681 -1.2188 0.0224, -2.6691 -1.2188 0.0239, -2.6704 -1.2189 0.0271, -2.6723 -1.2189 0.0355, -2.6712 -1.2189 0.0307, -2.2322 -1.9067 0.0308, -2.2322 -1.9067 0.0306, -2.2312 -1.9064 0.0271, -2.2289 -1.9057 0.0224, -2.2273 -1.9052 0.019, -2.2254 -1.9046 0.0162, -2.2242 -1.9042 0.0149, -2.201 -1.6503 0.0149, -2.2189 -1.9025 0.0094, -2.2178 -1.9021 0.0086, -2.1947 -1.6485 0.0086, -2.2164 -1.9017 0.0075, -2.21 -1.8996 0.0041, -2.1869 -1.6463 0.0041, -2.2076 -1.8988 0.0028, -2.2045 -1.8979 0.0017, -2.2015 -1.8969 0.0013, -2.1784 -1.6439 0.0012, -2.1934 -1.8943 0.0, -2.5389 -0.9811 0.0, -2.5473 -0.981 0.0012, -2.6392 -1.2179 0.0013, -2.5499 -0.981 0.0016, -2.5561 -0.981 0.0041, -2.6482 -1.2182 0.0042, -2.5594 -0.981 0.0055, -2.5624 -0.981 0.0073, -2.5641 -0.981 0.0087, -2.6563 -1.2184 0.0087, -2.5698 -0.981 0.0135, -2.5709 -0.981 0.0148, -2.5719 -0.981 0.016, -2.5758 -0.981 0.0224, -2.5767 -0.981 0.0238, -2.578 -0.981 0.027, -2.5788 -0.981 0.0307, -2.5799 -0.981 0.0355, -2.0783 -2.073 0.0308, -2.0783 -2.073 0.0306, -2.0779 -2.072 0.0271, -2.077 -2.0698 0.0224, -2.0764 -2.0683 0.019, -2.0756 -2.0664 0.0162, -2.0752 -2.0652 0.0149, -2.2242 -1.9042 0.0149, -2.073 -2.06 0.0094, -2.0726 -2.0591 0.0086, -2.0721 -2.0577 0.0075, -2.21 -1.8996 0.0041, -2.0695 -2.0515 0.0041, -2.0686 -2.0491 0.0028, -2.0673 -2.0461 0.0017, -2.2015 -1.8969 0.0013, -2.0662 -2.0432 0.0013, -2.0629 -2.0353 0.0, -2.6117 -0.7669 0.0, -2.6183 -0.772 0.0012, -2.5473 -0.981 0.0012, -2.6317 -0.7823 0.0087, -2.6303 -0.7813 0.0073, -2.6279 -0.7794 0.0055, -2.5561 -0.981 0.0041, -2.6276 -0.7792 0.0053, -2.6253 -0.7774 0.0041, -2.6204 -0.7736 0.0016, -2.6196 -0.773 0.0015, -2.6397 -0.7885 0.0198, -2.6378 -0.7871 0.016, -2.637 -0.7865 0.0148, -2.6361 -0.7858 0.0135, -2.6344 -0.7844 0.0117, -2.6442 -0.792 0.0355, -2.6433 -0.7913 0.0307, -2.6431 -0.7911 0.0292, -2.6426 -0.7908 0.027, -2.6416 -0.79 0.0238, -2.6409 -0.7895 0.0224, -1.8231 -2.0696 0.0307, -1.8231 -2.0695 0.0306, -1.8228 -2.0685 0.027, -1.822 -2.0664 0.0224, -1.8203 -2.0618 0.0149, -1.8206 -2.0628 0.016, -1.8213 -2.0647 0.0188, -1.8183 -2.0564 0.0092, -1.818 -2.0556 0.0086, -1.8173 -2.0539 0.0073, -2.0695 -2.0515 0.0041, -1.8152 -2.048 0.0041, -1.8121 -2.0397 0.0012, -1.813 -2.0422 0.0016, -2.0662 -2.0432 0.0013, -1.8142 -2.0453 0.0027, -1.8092 -2.0319 0.0, -2.8287 -0.6353 0.0, -2.8369 -0.6412 0.0015, -2.8382 -0.6421 0.0017, -2.8453 -0.6473 0.0054, -2.846 -0.6478 0.0058, -2.8523 -0.6524 0.0117, -2.8483 -0.6495 0.0075, -2.8543 -0.6538 0.0138, -2.8578 -0.6563 0.0198, -2.856 -0.655 0.0162, -2.8599 -0.6578 0.0239, -2.8609 -0.6585 0.0271, -2.8613 -0.6588 0.0292, -2.8625 -0.6597 0.0355, -1.6681 -2.1961 0.0307, -1.668 -2.1961 0.0306, -1.6671 -2.1955 0.027, -1.6652 -2.1943 0.0224, -1.822 -2.0664 0.0224, -1.6637 -2.1934 0.0188, -1.6554 -2.1883 0.0086, -1.6561 -2.1887 0.0092, -1.8203 -2.0618 0.0149, -1.661 -2.1918 0.0149, -1.662 -2.1923 0.016, -1.8152 -2.048 0.0041, -1.6486 -2.184 0.0041, -1.6539 -2.1873 0.0073, -1.6461 -2.1825 0.0027, -1.6433 -2.1807 0.0016, -1.8121 -2.0397 0.0012, -1.6411 -2.1793 0.0012, -1.6339 -2.1749 0.0, -2.906 -0.3983 0.0209, -2.9052 -0.399 0.0197, -2.8848 -0.5264 0.0197, -2.8664 -0.4326 0.0, -2.8939 -0.4088 0.0083, -2.8884 -0.4136 0.0056, -2.8706 -0.5238 0.0053, -2.8824 -0.4188 0.0027, -2.8775 -0.423 0.0019, -2.8775 -0.423 0.0019, -2.8613 -0.5221 0.0013, -2.904 -0.4 0.018, -2.898 -0.4053 0.0116, -2.8787 -0.5252 0.0115, -2.8976 -0.4056 0.0112, -2.9097 -0.395 0.0292, -2.9091 -0.3956 0.0274, -2.8887 -0.5271 0.0292, -2.9098 -0.395 0.0295, -2.9111 -0.3939 0.0357, -2.8369 -0.6412 0.0015, -2.8453 -0.6473 0.0054, -1.6204 -2.4468 0.0308, -1.6203 -2.4468 0.0306, -1.6194 -2.4462 0.0271, -1.6175 -2.4449 0.0224, -1.6161 -2.444 0.019, -1.6144 -2.4429 0.0162, -1.6133 -2.4422 0.0149, -1.661 -2.1918 0.0149, -1.6087 -2.4391 0.0094, -1.6078 -2.4385 0.0086, -1.6066 -2.4376 0.0075, -1.601 -2.4339 0.0041, -1.6486 -2.184 0.0041, -1.5988 -2.4325 0.0028, -1.5961 -2.4307 0.0017, -1.5935 -2.4289 0.0013, -1.6411 -2.1793 0.0012, -1.5864 -2.4242 0.0, -2.2485 -0.394 0.0342, -2.2475 -0.395 0.0292, -2.2196 -0.4229 0.0013, -2.2291 -0.4134 0.0053, -2.8884 -0.4136 0.0056, -2.2373 -0.4052 0.0115, -2.2407 -0.4018 0.0154, -2.2435 -0.399 0.0197, -2.2458 -0.3967 0.0243, -1.4266 -2.5643 0.0308, -1.4266 -2.5642 0.0306, -1.4265 -2.5632 0.0271, -1.4262 -2.5609 0.0224, -1.426 -2.5592 0.019, -1.4258 -2.5572 0.0162, -1.4257 -2.5559 0.0149, -1.6133 -2.4422 0.0149, -1.4251 -2.5503 0.0094, -1.425 -2.5493 0.0086, -1.4248 -2.5478 0.0075, -1.601 -2.4339 0.0041, -1.4241 -2.5411 0.0041, -1.4238 -2.5386 0.0028, -1.4235 -2.5353 0.0017, -1.5935 -2.4289 0.0013, -1.4222 -2.5237 0.0, -1.4231 -2.5322 0.0013, -2.2196 0.4229 0.0013, -2.2291 0.4134 0.0053, -2.2485 0.394 0.0342, -2.2475 0.395 0.0292, -2.2458 0.3967 0.0243, -2.2435 0.399 0.0197, -2.2407 0.4018 0.0154, -2.2373 0.4052 0.0115, -1.1822 -2.4906 0.0307, -1.1822 -2.4906 0.0306, -1.1822 -2.4895 0.027, -1.182 -2.4872 0.0224, -1.1816 -2.4823 0.0149, -1.1817 -2.4834 0.016, -1.4257 -2.5559 0.0149, -1.1819 -2.4855 0.0188, -1.1812 -2.4766 0.0092, -1.1811 -2.4758 0.0086, -1.181 -2.4739 0.0073, -1.4241 -2.5411 0.0041, -1.1805 -2.4677 0.0041, -1.4231 -2.5322 0.0013, -1.1803 -2.4648 0.0027, -1.1798 -2.4589 0.0012, -1.1792 -2.4505 0.0, -1.18 -2.4615 0.0016, -2.8664 0.4326 0.0, -2.8854 0.4161 0.0042, -2.8824 0.4188 0.0027, -2.8775 0.423 0.0019, -2.8758 0.4244 0.0016, -2.8884 0.4136 0.0056, -2.8939 0.4088 0.0083, -2.8976 0.4056 0.0112, -2.898 0.4053 0.0116, -2.9012 0.4025 0.015, -2.904 0.4 0.018, -2.9052 0.399 0.0197, -2.906 0.3983 0.0209, -2.9067 0.3977 0.0223, -2.9111 0.3939 0.0357, -2.91 0.3948 0.0306, -2.9098 0.395 0.0295, -2.9097 0.395 0.0292, -2.9091 0.3956 0.0274, -0.9983 -2.5695 0.0307, -0.9983 -2.5695 0.0306, -0.9976 -2.5687 0.027, -0.996 -2.567 0.0224, -0.9948 -2.5657 0.0188, -0.9935 -2.5642 0.016, -1.1816 -2.4823 0.0149, -0.9883 -2.5585 0.0086, -0.9889 -2.5591 0.0092, -0.9927 -2.5634 0.0149, -1.1798 -2.4589 0.0012, -0.977 -2.5459 0.0012, -0.9787 -2.5479 0.0016, -0.9871 -2.5571 0.0073, -0.9829 -2.5525 0.0041, -1.1805 -2.4677 0.0041, -0.9809 -2.5503 0.0027, -0.9713 -2.5397 0.0, -2.889 0.5271 0.0306, -2.8382 0.6421 0.0017, -2.8356 0.6403 0.0013, -2.8599 0.5218 0.001, -2.8287 0.6353 0.0, -2.8429 0.6456 0.0042, -2.8681 0.5233 0.0039, -2.846 0.6478 0.0058, -2.8754 0.5246 0.0086, -2.8483 0.6495 0.0075, -2.8495 0.6503 0.0087, -2.8543 0.6538 0.0138, -2.8816 0.5258 0.0148, -2.8599 0.6578 0.0239, -2.8591 0.6572 0.0224, -2.8862 0.5266 0.0223, -2.856 0.655 0.0162, -2.855 0.6543 0.0148, -2.8616 0.659 0.0307, -2.8609 0.6585 0.0271, -2.8625 0.6597 0.0355, -0.8833 -2.7974 0.0308, -0.8833 -2.7974 0.0306, -0.8826 -2.7966 0.0271, -0.8811 -2.7948 0.0224, -0.88 -2.7935 0.019, -0.8787 -2.7919 0.0162, -0.8779 -2.791 0.0149, -0.9927 -2.5634 0.0149, -0.8743 -2.7867 0.0094, -0.8736 -2.7859 0.0086, -0.8726 -2.7847 0.0075, -0.8683 -2.7796 0.0041, -0.9829 -2.5525 0.0041, -0.8666 -2.7776 0.0028, -0.8645 -2.7752 0.0017, -0.8625 -2.7728 0.0013, -0.977 -2.5459 0.0012, -0.857 -2.7662 0.0, -2.6279 0.7794 0.0055, -2.6253 0.7774 0.0041, -2.8429 0.6456 0.0042, -2.6117 0.7669 0.0, -2.6183 0.772 0.0012, -2.6204 0.7736 0.0016, -2.8356 0.6403 0.0013, -2.6303 0.7813 0.0073, -2.6317 0.7823 0.0087, -2.6361 0.7858 0.0135, -2.637 0.7865 0.0148, -2.855 0.6543 0.0148, -2.6378 0.7871 0.016, -2.6409 0.7895 0.0224, -2.6416 0.79 0.0238, -2.6426 0.7908 0.027, -2.6433 0.7913 0.0307, -2.6442 0.792 0.0355, -0.6656 -2.8518 0.019, -0.6653 -2.8535 0.0224, -0.6649 -2.8558 0.0271, -0.6647 -2.8568 0.0306, -0.6647 -2.8569 0.0308, -0.6659 -2.8499 0.0162, -0.8779 -2.791 0.0149, -0.6661 -2.8486 0.0149, -0.6671 -2.8431 0.0094, -0.6673 -2.842 0.0086, -0.6675 -2.8405 0.0075, -0.8683 -2.7796 0.0041, -0.6687 -2.8339 0.0041, -0.6691 -2.8314 0.0028, -0.6697 -2.8282 0.0017, -0.6702 -2.8251 0.0013, -0.8625 -2.7728 0.0013, -0.6716 -2.8167 0.0, -2.5767 0.981 0.0238, -2.5758 0.981 0.0224, -2.5594 0.981 0.0055, -2.5561 0.981 0.0041, -2.5389 0.9811 0.0, -2.5473 0.981 0.0012, -2.6183 0.772 0.0012, -2.5499 0.981 0.0016, -2.6253 0.7774 0.0041, -2.5624 0.981 0.0073, -2.5641 0.981 0.0087, -2.5719 0.981 0.016, -2.5709 0.981 0.0148, -2.5698 0.981 0.0135, -2.578 0.981 0.027, -2.5788 0.981 0.0307, -2.5799 0.981 0.0355, -0.4501 -2.7187 0.0307, -0.4501 -2.7187 0.0306, -0.4504 -2.7176 0.027, -0.4508 -2.7154 0.0224, -0.4518 -2.7106 0.0149, -0.4516 -2.7116 0.016, -0.4512 -2.7136 0.0188, -0.453 -2.7049 0.0092, -0.4531 -2.7041 0.0086, -0.4535 -2.7023 0.0073, -0.6687 -2.8339 0.0041, -0.4548 -2.6962 0.0041, -0.4554 -2.6933 0.0027, -0.6702 -2.8251 0.0013, -0.456 -2.6901 0.0016, -0.4583 -2.6793 0.0, -0.4566 -2.6875 0.0012, -2.6307 1.2176 0.0, -2.6392 1.2179 0.0013, -2.5473 0.981 0.0012, -2.6424 1.218 0.0017, -2.5561 0.981 0.0041, -2.6482 1.2182 0.0042, -2.652 1.2183 0.0058, -2.6549 1.2184 0.0075, -2.6563 1.2184 0.0087, -2.6623 1.2186 0.0138, -2.6632 1.2186 0.0148, -2.6644 1.2187 0.0162, -2.6681 1.2188 0.0224, -2.6691 1.2188 0.0239, -2.6704 1.2189 0.0271, -2.6712 1.2189 0.0307, -2.6723 1.2189 0.0355, -0.2516 -2.7439 0.0307, -0.2515 -2.7438 0.0306, -0.2514 -2.7435 0.0292, -0.2511 -2.7429 0.027, -0.2501 -2.7408 0.0224, -0.4518 -2.7106 0.0149, -0.2484 -2.7374 0.016, -0.2493 -2.7392 0.0188, -0.2495 -2.7396 0.0197, -0.245 -2.7305 0.0086, -0.2454 -2.7312 0.0092, -0.2465 -2.7335 0.0117, -0.2479 -2.7364 0.0149, -0.2442 -2.7289 0.0073, -0.4548 -2.6962 0.0041, -0.2427 -2.7257 0.0055, -0.2414 -2.7232 0.0041, -0.4566 -2.6875 0.0012, -0.2387 -2.7176 0.0016, -0.2402 -2.7206 0.0027, -0.2339 -2.7078 0.0, -0.2375 -2.7153 0.0012, -0.2382 -2.7167 0.0015, -2.5442 1.3891 0.0, -2.5495 1.3958 0.0013, -2.6392 1.2179 0.0013, -2.5514 1.3983 0.0017, -2.6482 1.2182 0.0042, -2.555 1.4028 0.0042, -2.6563 1.2184 0.0087, -2.56 1.4092 0.0087, -2.5592 1.4081 0.0075, -2.5574 1.4059 0.0058, -2.5637 1.4139 0.0138, -2.5643 1.4146 0.0148, -2.565 1.4156 0.0162, -2.5673 1.4185 0.0224, -2.5679 1.4193 0.0239, -2.5687 1.4203 0.0271, -2.5692 1.4209 0.0307, -2.5699 1.4218 0.0355, -0.0763 -2.9268 0.0197, -0.078 -2.9308 0.0292, -0.0782 -2.9312 0.0306, -0.0782 -2.9312 0.0308, -0.0778 -2.9302 0.0271, -0.0768 -2.9281 0.0224, -0.0748 -2.9235 0.0149, -0.0753 -2.9247 0.0162, -0.0761 -2.9265 0.019, -0.0734 -2.9205 0.0117, -0.0725 -2.9184 0.0094, -0.0698 -2.9125 0.0055, -0.0714 -2.9161 0.0075, -0.072 -2.9175 0.0086, -0.0686 -2.91 0.0041, -0.0656 -2.9032 0.0015, -0.0663 -2.9047 0.0017, -0.0676 -2.9076 0.0028, -0.065 -2.9018 0.0013, -0.0615 -2.894 0.0, -2.2993 1.4558 0.0, -2.3043 1.4625 0.0012, -2.5495 1.3958 0.0013, -2.3058 1.4646 0.0016, -2.3095 1.4697 0.0041, -2.555 1.4028 0.0042, -2.3115 1.4723 0.0055, -2.3133 1.4747 0.0073, -2.3143 1.4761 0.0087, -2.3176 1.4806 0.0135, -2.3183 1.4816 0.0148, -2.3189 1.4824 0.016, -2.3212 1.4855 0.0224, -2.3217 1.4862 0.0238, -2.3225 1.4873 0.027, -2.323 1.4879 0.0307, -2.3236 1.4888 0.0355, 0.1483 -2.9281 0.0308, 0.1483 -2.9281 0.0306, 0.1479 -2.9271 0.0271, 0.1468 -2.925 0.0224, 0.1461 -2.9235 0.019, 0.1452 -2.9217 0.0162, 0.1447 -2.9205 0.0149, 0.1418 -2.9146 0.0086, 0.1422 -2.9155 0.0094, 0.1382 -2.9072 0.0041, 0.1411 -2.9132 0.0075, 0.1356 -2.9019 0.0017, 0.137 -2.9048 0.0028, 0.1306 -2.8914 0.0, 0.1343 -2.8991 0.0013, -2.2066 1.6519 0.0238, -2.2058 1.6517 0.0224, -2.2 1.65 0.0135, -2.1945 1.6485 0.0087, -2.1784 1.6439 0.0012, -2.1703 1.6416 0.0, -2.3043 1.4625 0.0012, -2.1809 1.6446 0.0016, -2.1929 1.648 0.0073, -2.19 1.6472 0.0055, -2.1869 1.6463 0.0041, -2.3095 1.4697 0.0041, -2.3143 1.4761 0.0087, -2.2011 1.6503 0.0148, -2.202 1.6506 0.016, -2.2079 1.6523 0.027, -2.2087 1.6525 0.0307, -2.2098 1.6528 0.0355, 0.3165 -2.7361 0.0307, 0.3165 -2.7361 0.0306, 0.316 -2.7352 0.027, 0.3149 -2.7331 0.0224, 0.3126 -2.7288 0.0149, 0.3132 -2.7298 0.016, 0.3141 -2.7316 0.0188, 0.31 -2.7237 0.0092, 0.3096 -2.723 0.0086, 0.3087 -2.7214 0.0073, 0.1382 -2.9072 0.0041, 0.3058 -2.7158 0.0041, 0.3045 -2.7132 0.0027, 0.1343 -2.8991 0.0013, 0.3029 -2.7103 0.0016, 0.2978 -2.7005 0.0, 0.3017 -2.708 0.0012, -2.1934 1.8943 0.0, -2.2015 1.8969 0.0013, -2.1784 1.6439 0.0012, -2.2045 1.8979 0.0017, -2.1869 1.6463 0.0041, -2.21 1.8996 0.0042, -2.2137 1.9008 0.0058, -2.2164 1.9017 0.0075, -2.2177 1.9021 0.0087, -2.2235 1.9039 0.0138, -2.2243 1.9042 0.0148, -2.2254 1.9046 0.0162, -2.229 1.9057 0.0224, -2.2299 1.906 0.0239, -2.2312 1.9064 0.0271, -2.2319 1.9066 0.0307, -2.233 1.907 0.0355, 0.5143 -2.7056 0.0307, 0.5143 -2.7056 0.0306, 0.5145 -2.7045 0.027, 0.5149 -2.7023 0.0224, 0.5152 -2.7005 0.0188, 0.5156 -2.6985 0.016, 0.3126 -2.7288 0.0149, 0.5169 -2.691 0.0086, 0.5168 -2.6918 0.0092, 0.5158 -2.6974 0.0149, 0.5173 -2.6892 0.0073, 0.5184 -2.683 0.0041, 0.3058 -2.7158 0.0041, 0.5189 -2.6801 0.0027, 0.3017 -2.708 0.0012, 0.5214 -2.666 0.0, 0.5199 -2.6743 0.0012, 0.5195 -2.6768 0.0016, -2.0726 2.059 0.0087, -2.0721 2.0577 0.0075, -2.0629 2.0353 0.0, -2.0662 2.0432 0.0013, -2.2015 1.8969 0.0013, -2.0673 2.0461 0.0017, -2.0695 2.0515 0.0042, -2.21 1.8996 0.0042, -2.071 2.055 0.0058, -2.0749 2.0645 0.0138, -2.0752 2.0653 0.0148, -2.0756 2.0664 0.0162, -2.0771 2.0699 0.0224, -2.0774 2.0708 0.0239, -2.0779 2.072 0.0271, -2.0782 2.0728 0.0307, -2.0786 2.0738 0.0355, 0.7326 -2.8379 0.0308, 0.7326 -2.8379 0.0306, 0.7327 -2.8368 0.0271, 0.7331 -2.8345 0.0224, 0.7333 -2.8328 0.019, 0.7336 -2.8309 0.0162, 0.7338 -2.8296 0.0149, 0.5158 -2.6974 0.0149, 0.7346 -2.824 0.0094, 0.7347 -2.823 0.0086, 0.735 -2.8215 0.0075, 0.7359 -2.8149 0.0041, 0.5184 -2.683 0.0041, 0.7363 -2.8123 0.0028, 0.7368 -2.8091 0.0017, 0.7372 -2.806 0.0013, 0.5199 -2.6743 0.0012, 0.7384 -2.7975 0.0, -1.8163 2.0511 0.0055, -1.8152 2.048 0.0041, -2.0695 2.0515 0.0042, -2.0662 2.0432 0.0013, -1.813 2.0422 0.0016, -1.8121 2.0397 0.0012, -1.8092 2.0319 0.0, -1.8173 2.0539 0.0073, -1.8179 2.0555 0.0087, -2.0726 2.059 0.0087, -1.8199 2.0608 0.0135, -1.8203 2.0619 0.0148, -1.8206 2.0628 0.016, -1.822 2.0665 0.0224, -2.0771 2.0699 0.0224, -1.8223 2.0673 0.0238, -1.8228 2.0685 0.027, -1.823 2.0693 0.0307, -1.8234 2.0703 0.0355, 1.1768 -2.6511 0.001, 0.9604 -2.7687 0.0306, 1.1888 -2.6782 0.0306, 1.4089 -2.5688 0.0306, 1.7813 -2.3258 0.0326, 1.6191 -2.4414 0.0306, 1.7814 -2.3252 0.0306, 1.6175 -2.439 0.0223, 1.782 -2.321 0.022, 1.7815 -2.3247 0.0291, 1.7815 -2.3248 0.0292, 1.7822 -2.3195 0.0201, 1.6149 -2.4351 0.0148, 1.7822 -2.3192 0.0197, 1.7836 -2.3086 0.0103, 1.7833 -2.3104 0.0116, 1.6114 -2.4299 0.0086, 1.7831 -2.3119 0.0126, 1.7828 -2.3143 0.015, 1.6073 -2.4237 0.0039, 1.7848 -2.2987 0.0055, 1.784 -2.3056 0.0088, 1.7868 -2.2835 0.0015, 1.7865 -2.2855 0.0017, 1.6027 -2.4167 0.001, 1.786 -2.29 0.0023, 1.7853 -2.2953 0.0039, 1.7882 -2.272 0.0, 0.9506 -2.7407 0.001, 0.7372 -2.806 0.0013, 0.9533 -2.7486 0.0039, 0.9558 -2.7556 0.0086, 0.7359 -2.8149 0.0041, 0.9579 -2.7615 0.0148, 0.9594 -2.766 0.0223, 1.4075 -2.5662 0.0223, 1.4053 -2.5621 0.0148, 1.4022 -2.5567 0.0086, 1.3986 -2.5501 0.0039, 1.3946 -2.5428 0.001, 1.1876 -2.6755 0.0223, 1.1857 -2.6712 0.0148, 1.1832 -2.6655 0.0086, 1.1802 -2.6587 0.0039, -1.6339 2.1749 0.0, -1.6411 2.1793 0.0012, -1.8121 2.0397 0.0012, -1.6553 2.1882 0.0087, -1.6539 2.1873 0.0073, -1.6513 2.1857 0.0055, -1.8152 2.048 0.0041, -1.651 2.1855 0.0053, -1.6486 2.184 0.0041, -1.6433 2.1807 0.0016, -1.6424 2.1801 0.0015, -1.6639 2.1936 0.0198, -1.662 2.1923 0.016, -1.6611 2.1918 0.0148, -1.6601 2.1912 0.0135, -1.6583 2.1901 0.0117, -1.6688 2.1966 0.0355, -1.6678 2.196 0.0307, -1.6676 2.1958 0.0292, -1.6671 2.1955 0.027, -1.666 2.1948 0.0238, -1.6653 2.1944 0.0224, 2.0695 -2.6543 0.0013, 2.062 -2.6601 0.0053, 2.0555 -2.6651 0.0115, 2.0506 -2.6689 0.0197, 2.0475 -2.6713 0.0292, -1.5864 2.4242 0.0, -1.5935 2.4289 0.0013, -1.5948 2.4298 0.0015, -1.5961 2.4307 0.0017, -1.601 2.4339 0.0042, -1.6034 2.4355 0.0054, -1.6042 2.436 0.0058, -1.6066 2.4376 0.0075, -1.6107 2.4404 0.0117, -1.6077 2.4384 0.0087, -1.6127 2.4418 0.0138, -1.6134 2.4422 0.0148, -1.6163 2.4441 0.0198, -1.6144 2.4429 0.0162, -1.6199 2.4465 0.0292, -1.6194 2.4462 0.0271, -1.6176 2.445 0.0224, -1.6184 2.4455 0.0239, -1.6201 2.4467 0.0307, -1.6211 2.4473 0.0355, 2.2962 -2.7941 0.0306, 2.225 -2.7857 0.0292, 2.2962 -2.7939 0.0292, 2.2962 -2.7911 0.0224, 2.2259 -2.7819 0.0197, 2.2962 -2.79 0.0197, 2.2962 -2.7864 0.015, 2.2273 -2.7758 0.0115, 2.2962 -2.7837 0.0115, 2.2962 -2.7803 0.0089, 2.2292 -2.7679 0.0053, 2.2962 -2.7756 0.0053, 2.2962 -2.7729 0.0042, 2.2313 -2.7586 0.0013, 2.2962 -2.7661 0.0013, 2.2962 -2.7646 0.0012, 2.1575 -2.7616 0.0292, 2.1593 -2.7581 0.0197, 2.1621 -2.7525 0.0115, 2.1657 -2.7452 0.0053, 2.1699 -2.7366 0.0013, 2.0973 -2.7228 0.0292, 2.0998 -2.7197 0.0197, 2.1038 -2.7149 0.0115, 2.1089 -2.7086 0.0053, 2.115 -2.7012 0.0013, -1.4222 2.5237 0.0, -1.4231 2.5322 0.0013, -1.4235 2.5353 0.0017, -1.4241 2.5411 0.0042, -1.4245 2.5449 0.0058, -1.425 2.5492 0.0087, -1.4248 2.5478 0.0075, -1.4256 2.5552 0.0138, -1.4257 2.556 0.0148, -1.4258 2.5572 0.0162, -1.4262 2.561 0.0224, -1.4263 2.5619 0.0239, -1.4265 2.5632 0.0271, -1.4266 2.564 0.0307, -1.4267 2.5651 0.0355, 2.6134 -2.7941 0.0306, 2.6134 -2.7939 0.0292, 2.6134 -2.7911 0.0224, 2.6134 -2.79 0.0197, 2.6134 -2.7864 0.015, 2.6134 -2.7837 0.0115, 2.6134 -2.7803 0.0089, 2.6134 -2.7756 0.0053, 2.6134 -2.7729 0.0042, 2.6134 -2.7661 0.0013, 2.6134 -2.7646 0.0012, -1.1808 2.471 0.0055, -1.1805 2.4677 0.0041, -1.4241 2.5411 0.0042, -1.1792 2.4505 0.0, -1.1798 2.4589 0.0012, -1.18 2.4615 0.0016, -1.4231 2.5322 0.0013, -1.181 2.4739 0.0073, -1.1811 2.4757 0.0087, -1.425 2.5492 0.0087, -1.1816 2.4813 0.0135, -1.1816 2.4824 0.0148, -1.1817 2.4834 0.016, -1.182 2.4873 0.0224, -1.1821 2.4882 0.0238, -1.1822 2.4895 0.027, -1.1822 2.4903 0.0307, -1.1823 2.4914 0.0355, 2.8992 -2.4803 0.0013, 2.892 -2.5439 0.0013, 2.9087 -2.4803 0.0053, 2.9013 -2.546 0.0053, 2.9168 -2.4803 0.0115, 2.9231 -2.4803 0.0197, 2.9153 -2.5492 0.0197, 2.927 -2.4803 0.0292, 2.9191 -2.5501 0.0292, 2.8959 -2.6164 0.0292, 2.8586 -2.6759 0.0292, 2.8089 -2.7255 0.0292, 2.7495 -2.7629 0.0292, 2.6832 -2.7861 0.0292, 2.6823 -2.7822 0.0197, 2.7478 -2.7593 0.0197, 2.8065 -2.7224 0.0197, 2.8555 -2.6734 0.0197, 2.8924 -2.6147 0.0197, 2.9092 -2.5478 0.0115, 2.8868 -2.612 0.0115, 2.8506 -2.6695 0.0115, 2.8026 -2.7175 0.0115, 2.745 -2.7537 0.0115, 2.6809 -2.7761 0.0115, 2.6791 -2.7682 0.0053, 2.7415 -2.7463 0.0053, 2.7975 -2.7112 0.0053, 2.8442 -2.6644 0.0053, 2.8794 -2.6084 0.0053, 2.8709 -2.6043 0.0013, 2.8368 -2.6585 0.0013, 2.7916 -2.7037 0.0013, 2.7374 -2.7378 0.0013, 2.677 -2.7589 0.0013, -0.9967 2.5677 0.0238, -0.9961 2.5671 0.0224, -0.992 2.5626 0.0135, -0.9882 2.5584 0.0087, -0.9713 2.5397 0.0, -0.977 2.5459 0.0012, -1.1798 2.4589 0.0012, -0.9787 2.5479 0.0016, -0.9829 2.5525 0.0041, -1.1805 2.4677 0.0041, -0.9851 2.5549 0.0055, -0.9871 2.5571 0.0073, -0.9928 2.5635 0.0148, -0.9935 2.5642 0.016, -0.9976 2.5687 0.027, -0.9981 2.5693 0.0307, -0.9989 2.5702 0.0355, 2.927 -1.2623 0.0292, 2.9231 -1.2623 0.0197, 2.9168 -1.2623 0.0115, 2.9087 -1.2623 0.0053, 2.8992 -1.2623 0.0013, -0.977 2.5459 0.0012, -0.857 2.7662 0.0, -0.8625 2.7728 0.0013, -0.8645 2.7752 0.0017, -0.9829 2.5525 0.0041, -0.8683 2.7796 0.0042, -0.8707 2.7825 0.0058, -0.8726 2.7847 0.0075, -0.8735 2.7858 0.0087, -0.8774 2.7904 0.0138, -0.878 2.791 0.0148, -0.8787 2.7919 0.0162, -0.8812 2.7948 0.0224, -0.8818 2.7956 0.0239, -0.8826 2.7966 0.0271, -0.8831 2.7972 0.0307, -0.8839 2.798 0.0355, 2.9022 -1.217 0.0013, 2.9116 -1.2182 0.0053, 2.9197 -1.2193 0.0115, 2.9259 -1.2201 0.0197, 2.9298 -1.2207 0.0292, 2.9111 -1.1725 0.0013, 2.9203 -1.175 0.0053, 2.9281 -1.1771 0.0115, 2.9342 -1.1787 0.0197, 2.938 -1.1798 0.0292, -0.6673 2.8419 0.0087, -0.6675 2.8405 0.0075, -0.668 2.8377 0.0058, -0.6687 2.8339 0.0042, -0.8683 2.7796 0.0042, -0.6697 2.8282 0.0017, -0.6702 2.8251 0.0013, -0.8625 2.7728 0.0013, -0.6716 2.8167 0.0, -0.8735 2.7858 0.0087, -0.6663 2.8478 0.0138, -0.6661 2.8487 0.0148, -0.6659 2.8499 0.0162, -0.6653 2.8536 0.0224, -0.6647 2.8566 0.0307, -0.6649 2.8558 0.0271, -0.6651 2.8545 0.0239, -0.6646 2.8577 0.0355, 3.0861 -0.5249 0.0013, 3.0953 -0.5274 0.0053, 3.1032 -0.5295 0.0115, 3.1092 -0.5311 0.0197, 3.113 -0.5321 0.0292, -0.4583 2.6793 0.0, -0.4566 2.6875 0.0012, -0.6702 2.8251 0.0013, -0.456 2.6901 0.0016, -0.4548 2.6962 0.0041, -0.6687 2.8339 0.0042, -0.4541 2.6994 0.0055, -0.4535 2.7023 0.0073, -0.4532 2.704 0.0087, -0.452 2.7096 0.0135, -0.4518 2.7107 0.0148, -0.4516 2.7116 0.016, -0.4508 2.7155 0.0224, -0.4506 2.7163 0.0238, -0.4504 2.7176 0.027, -0.4502 2.7184 0.0307, -0.45 2.7195 0.0355, 3.1239 -0.4503 0.0292, 3.1211 -0.4916 0.0292, 3.1199 -0.4503 0.0197, 3.1172 -0.4911 0.0197, 3.1137 -0.4503 0.0115, 3.111 -0.4902 0.0115, 3.1055 -0.4503 0.0053, 3.1029 -0.4892 0.0053, 3.096 -0.4503 0.0013, 3.0935 -0.4879 0.0013, -0.2505 2.7417 0.0238, -0.2501 2.7409 0.0224, -0.2484 2.7374 0.016, -0.2479 2.7365 0.0148, -0.2474 2.7355 0.0135, -0.2449 2.7304 0.0087, -0.2429 2.7262 0.0055, -0.2414 2.7232 0.0041, -0.2375 2.7153 0.0012, -0.2339 2.7078 0.0, -0.4566 2.6875 0.0012, -0.2387 2.7176 0.0016, -0.4548 2.6962 0.0041, -0.2442 2.7289 0.0073, -0.4508 2.7155 0.0224, -0.2511 2.7429 0.027, -0.2514 2.7436 0.0307, -0.2519 2.7446 0.0355, 3.1249 -0.394 0.0342, 3.1222 -0.3967 0.0243, 3.1239 -0.395 0.0292, 3.1137 -0.4052 0.0115, 3.1171 -0.4018 0.0154, 3.1199 -0.399 0.0197, 3.1055 -0.4134 0.0053, 3.096 -0.4229 0.0013, -0.0615 2.894 0.0, -0.065 2.9018 0.0013, -0.2375 2.7153 0.0012, -0.0663 2.9047 0.0017, -0.2414 2.7232 0.0041, -0.0686 2.91 0.0042, -0.0702 2.9135 0.0058, -0.0714 2.9161 0.0075, -0.072 2.9174 0.0087, -0.0745 2.9228 0.0138, -0.0748 2.9236 0.0148, -0.0753 2.9247 0.0162, -0.0768 2.9281 0.0224, -0.0772 2.929 0.0239, -0.0778 2.9302 0.0271, -0.0781 2.9309 0.0307, -0.0786 2.932 0.0355, 2.4934 -0.394 0.0342, 2.4944 -0.395 0.0292, 2.4961 -0.3967 0.0243, 2.4983 -0.399 0.0197, 2.5012 -0.4018 0.0154, 2.5046 -0.4052 0.0115, 2.5127 -0.4134 0.0053, 2.5222 -0.4229 0.0013, -0.065 2.9018 0.0013, 0.1343 2.8991 0.0013, 0.1306 2.8914 0.0, 0.1356 2.9019 0.0017, 0.1382 2.9072 0.0042, -0.0686 2.91 0.0042, 0.1398 2.9106 0.0058, 0.1411 2.9132 0.0075, 0.1417 2.9145 0.0087, -0.072 2.9174 0.0087, 0.1443 2.9199 0.0138, 0.1447 2.9206 0.0148, -0.0748 2.9236 0.0148, 0.1452 2.9217 0.0162, 0.1469 2.9251 0.0224, 0.1473 2.926 0.0239, 0.1479 2.9271 0.0271, 0.1487 2.9289 0.0355, 0.1482 2.9279 0.0307, 2.4934 -0.5583 0.0342, 2.4944 -0.5593 0.0292, 2.4961 -0.561 0.0243, 2.4983 -0.5633 0.0197, 2.5012 -0.5661 0.0154, 2.5046 -0.5695 0.0115, 2.5127 -0.5777 0.0053, 2.5222 -0.5872 0.0013, 0.2978 2.7005 0.0, 0.3017 2.708 0.0012, 0.1343 2.8991 0.0013, 0.3029 2.7103 0.0016, 0.3058 2.7158 0.0041, 0.1382 2.9072 0.0042, 0.3073 2.7187 0.0055, 0.3087 2.7214 0.0073, 0.3095 2.7229 0.0087, 0.3122 2.7279 0.0135, 0.3127 2.7289 0.0148, 0.3132 2.7298 0.016, 0.315 2.7332 0.0224, 0.1469 2.9251 0.0224, 0.3154 2.734 0.0238, 0.316 2.7352 0.027, 0.3164 2.7359 0.0307, 0.3169 2.7369 0.0355, 2.378 -0.5593 0.0292, 2.379 -0.5583 0.0342, 2.3741 -0.5633 0.0197, 2.3764 -0.561 0.0243, 2.3712 -0.5661 0.0154, 2.3678 -0.5695 0.0115, 2.3597 -0.5777 0.0053, 2.3502 -0.5872 0.0013, 0.5147 2.7032 0.0238, 0.5149 2.7024 0.0224, 0.516 2.6964 0.0135, 0.517 2.6908 0.0087, 0.5199 2.6743 0.0012, 0.5214 2.666 0.0, 0.3017 2.708 0.0012, 0.5195 2.6768 0.0016, 0.5173 2.6892 0.0073, 0.5178 2.6862 0.0055, 0.5184 2.683 0.0041, 0.3058 2.7158 0.0041, 0.5158 2.6975 0.0148, 0.5156 2.6985 0.016, 0.5145 2.7045 0.027, 0.5144 2.7053 0.0307, 0.5142 2.7064 0.0355, 2.3502 -0.1529 0.0013, 2.3678 -0.1352 0.0115, 2.379 -0.124 0.0342, 2.378 -0.125 0.0292, 2.3764 -0.1267 0.0243, 2.3741 -0.129 0.0197, 2.3712 -0.1318 0.0154, 2.3597 -0.1434 0.0053, 0.7384 2.7975 0.0, 0.7372 2.806 0.0013, 0.5199 2.6743 0.0012, 0.7368 2.8091 0.0017, 0.5184 2.683 0.0041, 0.7359 2.8149 0.0042, 0.7354 2.8186 0.0058, 0.735 2.8215 0.0075, 0.7348 2.8229 0.0087, 0.7339 2.8288 0.0138, 0.7338 2.8297 0.0148, 0.7336 2.8309 0.0162, 0.733 2.8346 0.0224, 0.7329 2.8355 0.0239, 0.7327 2.8368 0.0271, 0.7326 2.8376 0.0307, 0.7324 2.8387 0.0355, 2.2513 -0.124 0.0342, 2.2503 -0.125 0.0292, 2.2486 -0.1267 0.0243, 2.2464 -0.129 0.0197, 2.2435 -0.1318 0.0154, 2.2401 -0.1352 0.0115, 2.232 -0.1434 0.0053, 2.2225 -0.1529 0.0013, 1.4089 2.5688 0.0306, 1.1888 2.6782 0.0306, 1.7816 2.3238 0.0269, 1.782 2.321 0.0224, 1.6175 2.439 0.0223, 1.7825 2.3169 0.017, 1.7828 2.3144 0.015, 1.6149 2.4351 0.0148, 1.7882 2.272 0.0, 1.7853 2.2951 0.0042, 1.786 2.29 0.0023, 1.6027 2.4167 0.001, 1.7868 2.2835 0.0015, 1.7868 2.2835 0.0015, 1.7839 2.3058 0.0086, 1.7842 2.3039 0.0075, 1.6114 2.4299 0.0086, 1.6073 2.4237 0.0039, 1.7836 2.3086 0.0103, 1.7822 2.3195 0.0201, 1.6191 2.4414 0.0306, 1.7813 2.3264 0.0357, 1.7814 2.3251 0.0306, 1.7815 2.3247 0.0291, 0.9604 2.7687 0.0306, 0.9594 2.766 0.0223, 0.9579 2.7615 0.0148, 0.9533 2.7486 0.0039, 0.9558 2.7556 0.0086, 0.7372 2.806 0.0013, 0.9506 2.7407 0.001, 0.7359 2.8149 0.0042, 1.1876 2.6755 0.0223, 1.4075 2.5662 0.0223, 1.1857 2.6712 0.0148, 1.4053 2.5621 0.0148, 1.1832 2.6655 0.0086, 1.4022 2.5567 0.0086, 1.1802 2.6587 0.0039, 1.3986 2.5501 0.0039, 1.1768 2.6511 0.001, 1.3946 2.5428 0.001, 2.2503 0.125 0.0292, 2.2513 0.124 0.0342, 2.2464 0.129 0.0197, 2.2486 0.1267 0.0243, 2.2435 0.1318 0.0154, 2.2401 0.1352 0.0115, 2.232 0.1434 0.0053, 2.2225 0.1529 0.0013, 2.0497 2.6696 0.0224, 2.0475 2.6713 0.0292, 2.0473 2.6714 0.0306, 1.7828 2.3144 0.015, 2.0534 2.6667 0.015, 2.0506 2.6689 0.0197, 2.0583 2.6629 0.0089, 2.0555 2.6651 0.0115, 2.0642 2.6585 0.0042, 1.7853 2.2951 0.0042, 2.062 2.6601 0.0053, 2.0707 2.6534 0.0012, 2.0695 2.6543 0.0013, 2.3678 0.1352 0.0115, 2.379 0.124 0.0342, 2.378 0.125 0.0292, 2.3764 0.1267 0.0243, 2.3741 0.129 0.0197, 2.3712 0.1318 0.0154, 2.3597 0.1434 0.0053, 2.3502 0.1529 0.0013, 2.0973 2.7228 0.0292, 2.0998 2.7197 0.0197, 2.1038 2.7149 0.0115, 2.1089 2.7086 0.0053, 2.115 2.7012 0.0013, 2.1575 2.7616 0.0292, 2.1593 2.7581 0.0197, 2.1621 2.7525 0.0115, 2.1657 2.7452 0.0053, 2.1699 2.7366 0.0013, 2.225 2.7857 0.0292, 2.2259 2.7819 0.0197, 2.2273 2.7758 0.0115, 2.2292 2.7679 0.0053, 2.2313 2.7586 0.0013, 2.2962 2.7939 0.0292, 2.2962 2.79 0.0197, 2.2962 2.7837 0.0115, 2.2962 2.7756 0.0053, 2.2962 2.7661 0.0013, 2.379 0.5583 0.0342, 2.378 0.5593 0.0292, 2.3764 0.561 0.0243, 2.3741 0.5633 0.0197, 2.3712 0.5661 0.0154, 2.3678 0.5695 0.0115, 2.3597 0.5777 0.0053, 2.3502 0.5872 0.0013, 2.6134 2.7939 0.0292, 2.6134 2.79 0.0197, 2.6134 2.7837 0.0115, 2.6134 2.7756 0.0053, 2.6134 2.7661 0.0013, 2.4944 0.5593 0.0292, 2.4934 0.5583 0.0342, 2.4961 0.561 0.0243, 2.4983 0.5633 0.0197, 2.5012 0.5661 0.0154, 2.5046 0.5695 0.0115, 2.5127 0.5777 0.0053, 2.5222 0.5872 0.0013, 2.677 2.7589 0.0013, 2.6791 2.7682 0.0053, 2.6809 2.7761 0.0115, 2.6823 2.7822 0.0197, 2.6832 2.7861 0.0292, 2.7495 2.7629 0.0292, 2.8089 2.7255 0.0292, 2.8586 2.6759 0.0292, 2.8959 2.6164 0.0292, 2.9191 2.5501 0.0292, 2.927 2.4803 0.0292, 2.7478 2.7593 0.0197, 2.8065 2.7224 0.0197, 2.8555 2.6734 0.0197, 2.8924 2.6147 0.0197, 2.9153 2.5492 0.0197, 2.9231 2.4803 0.0197, 2.745 2.7537 0.0115, 2.8026 2.7175 0.0115, 2.8506 2.6695 0.0115, 2.8868 2.612 0.0115, 2.9092 2.5478 0.0115, 2.9168 2.4803 0.0115, 2.7415 2.7463 0.0053, 2.7975 2.7112 0.0053, 2.8442 2.6644 0.0053, 2.8794 2.6084 0.0053, 2.9013 2.546 0.0053, 2.9087 2.4803 0.0053, 2.7374 2.7378 0.0013, 2.7916 2.7037 0.0013, 2.8368 2.6585 0.0013, 2.8709 2.6043 0.0013, 2.892 2.5439 0.0013, 2.8992 2.4803 0.0013, 2.5222 0.4229 0.0013, 2.5046 0.4052 0.0115, 2.4934 0.394 0.0342, 2.4944 0.395 0.0292, 2.4961 0.3967 0.0243, 2.4983 0.399 0.0197, 2.5012 0.4018 0.0154, 2.5127 0.4134 0.0053, 2.927 1.2623 0.0292, 2.9231 1.2623 0.0197, 2.9168 1.2623 0.0115, 2.9087 1.2623 0.0053, 2.8992 1.2623 0.0013, 3.1137 0.4052 0.0115, 3.1171 0.4018 0.0154, 3.1199 0.399 0.0197, 3.1222 0.3967 0.0243, 3.1239 0.395 0.0292, 3.1249 0.394 0.0342, 3.1055 0.4134 0.0053, 3.096 0.4229 0.0013, 2.9111 1.1725 0.0013, 2.9022 1.217 0.0013, 2.9203 1.175 0.0053, 2.9116 1.2182 0.0053, 2.9281 1.1771 0.0115, 2.9197 1.2193 0.0115, 2.9342 1.1787 0.0197, 2.9259 1.2201 0.0197, 2.938 1.1798 0.0292, 2.9298 1.2207 0.0292, 3.096 0.4503 0.0013, 3.1055 0.4503 0.0053, 3.1137 0.4503 0.0115, 3.1199 0.4503 0.0197, 3.1239 0.4503 0.0292, 3.113 0.5321 0.0292, 3.0861 0.5249 0.0013, 3.1092 0.5311 0.0197, 3.1032 0.5295 0.0115, 3.0953 0.5274 0.0053, 3.0935 0.4879 0.0013, 3.1211 0.4916 0.0292, 3.1172 0.4911 0.0197, 3.111 0.4902 0.0115, 3.1029 0.4892 0.0053, -1.5047 1.5603 0.0306, -1.8815 1.0781 0.0306, -1.37 1.6642 0.0103, -1.3652 1.6637 0.0075, -1.4951 1.5503 0.0086, -1.3467 1.6619 0.0017, -1.3447 1.6617 0.0015, -1.4842 1.539 0.001, -1.3332 1.6605 0.0, -1.4899 1.545 0.0039, -1.36 1.6632 0.0056, -1.3564 1.6628 0.0042, -1.3513 1.6624 0.0023, -1.3806 1.6652 0.0197, -1.3783 1.665 0.017, -1.4994 1.5548 0.0148, -1.3757 1.6647 0.015, -1.3716 1.6643 0.0116, -1.3861 1.6657 0.0291, -1.3852 1.6656 0.0269, -1.5027 1.5582 0.0223, -1.3824 1.6653 0.0224, -1.3809 1.6652 0.0201, -1.3862 1.6657 0.0292, -1.3865 1.6657 0.0306, -1.3878 1.6659 0.0357, -2.0353 0.7503 0.0326, -1.9749 0.8961 0.0306, -2.0351 0.7497 0.0306, -1.9722 0.8949 0.0223, -2.0333 0.7458 0.022, -2.0349 0.7493 0.0291, -2.0349 0.7493 0.0292, -2.0327 0.7445 0.0201, -1.968 0.893 0.0148, -2.0325 0.7442 0.0197, -2.0281 0.7345 0.0103, -2.0288 0.7362 0.0116, -1.9623 0.8904 0.0086, -2.0294 0.7375 0.0126, -2.0305 0.7397 0.015, -1.9555 0.8873 0.0039, -2.0238 0.7255 0.0055, -2.0268 0.7317 0.0088, -2.0173 0.7115 0.0015, -2.0182 0.7134 0.0017, -1.9479 0.8838 0.001, -2.0201 0.7175 0.0023, -2.0224 0.7223 0.0039, -1.8789 1.0767 0.0223, -1.8749 1.0743 0.0148, -1.8695 1.0712 0.0086, -1.863 1.0675 0.0039, -1.8558 1.0634 0.001, -1.7713 1.2505 0.0306, -1.7689 1.2488 0.0223, -1.7651 1.2461 0.0148, -1.76 1.2425 0.0086, -1.7539 1.2382 0.0039, -1.7471 1.2334 0.001, -1.6453 1.4117 0.0306, -1.6431 1.4098 0.0223, -1.6396 1.4068 0.0148, -1.6348 1.4027 0.0086, -1.6292 1.3978 0.0039, -1.6229 1.3924 0.001, -2.0124 0.701 0.0, -1.6218 2.008 0.0, -1.6231 1.9947 0.0017, -1.6235 1.9904 0.0023, -1.6244 1.9815 0.0056, -1.6255 1.97 0.0116, -1.6248 1.9766 0.0074, -1.6253 1.9717 0.0102, -1.6263 1.9611 0.0197, -1.6261 1.9634 0.017, -1.6268 1.9556 0.0291, -1.6267 1.9565 0.0269, -1.6263 1.9608 0.02, -1.6268 1.9555 0.0292, -1.627 1.9539 0.0357, -2.3933 0.8776 0.0197, -2.3872 0.8804 0.0326, -2.393 0.8777 0.02, -2.3917 0.8783 0.022, -2.3882 0.8799 0.0291, -2.3882 0.8799 0.0292, -2.4013 0.8739 0.0116, -2.4 0.8745 0.0126, -2.403 0.8731 0.0102, -2.4119 0.869 0.0056, -2.4152 0.8675 0.0038, -2.42 0.8652 0.0023, -2.4239 0.8634 0.0017, -2.4361 0.8577 0.0, -2.018 1.5498 0.0292, -2.1356 1.3837 0.0292, -1.9082 1.7247 0.0013, -2.3326 1.0276 0.0197, -2.3384 1.0302 0.0115, -2.4239 0.8634 0.0017, -2.3545 1.0373 0.0013, -2.3458 1.0335 0.0053, -2.4119 0.869 0.0056, -2.329 1.0261 0.0292, -1.745 1.8512 0.0292, -1.7519 1.8586 0.0115, -1.7477 1.854 0.0197, -1.7575 1.8645 0.0053, -1.6244 1.9815 0.0056, -1.764 1.8714 0.0013, -1.6231 1.9947 0.0017, -2.2395 1.2088 0.0292, -2.2429 1.2106 0.0197, -2.2484 1.2136 0.0115, -2.2556 1.2175 0.0053, -2.264 1.222 0.0013, -2.1589 1.3989 0.0013, -2.151 1.3937 0.0053, -2.1441 1.3893 0.0115, -2.1389 1.3859 0.0197, -2.0401 1.5668 0.0013, -2.0325 1.561 0.0053, -2.0261 1.556 0.0115, -2.0211 1.5522 0.0197, -1.8875 1.706 0.0292, -1.8904 1.7086 0.0197, -1.8951 1.7128 0.0115, -1.9011 1.7183 0.0053, -1.9749 -0.8961 0.0306, -1.6453 -1.4117 0.0306, -2.0281 -0.7345 0.0103, -2.026 -0.7302 0.0075, -1.9623 -0.8904 0.0086, -2.0124 -0.701 0.0, -1.9479 -0.8838 0.001, -2.0173 -0.7115 0.0015, -2.0182 -0.7134 0.0017, -1.9555 -0.8873 0.0039, -2.0238 -0.7255 0.0056, -2.0223 -0.7221 0.0042, -2.0201 -0.7175 0.0023, -2.0325 -0.7442 0.0197, -2.0316 -0.7421 0.017, -1.968 -0.893 0.0148, -2.0305 -0.7398 0.015, -2.0287 -0.736 0.0116, -2.0349 -0.7493 0.0291, -2.0345 -0.7484 0.0269, -1.9722 -0.8949 0.0223, -2.0333 -0.7458 0.0224, -2.0327 -0.7445 0.0201, -2.0349 -0.7493 0.0292, -2.035 -0.7496 0.0306, -2.0356 -0.7508 0.0357, -1.3872 -1.6658 0.0326, -1.5047 -1.5603 0.0306, -1.3824 -1.6653 0.022, -1.3861 -1.6657 0.0291, -1.5027 -1.5582 0.0223, -1.3862 -1.6657 0.0292, -1.3866 -1.6657 0.0306, -1.3809 -1.6652 0.0201, -1.4994 -1.5548 0.0148, -1.3806 -1.6652 0.0197, -1.4951 -1.5503 0.0086, -1.3669 -1.6639 0.0088, -1.37 -1.6642 0.0103, -1.3718 -1.6643 0.0116, -1.3733 -1.6645 0.0126, -1.3757 -1.6647 0.015, -1.36 -1.6632 0.0055, -1.4899 -1.545 0.0039, -1.3566 -1.6629 0.0039, -1.3513 -1.6624 0.0023, -1.4842 -1.539 0.001, -1.3467 -1.6619 0.0017, -1.3447 -1.6617 0.0015, -1.3332 -1.6605 0.0, -1.6431 -1.4098 0.0223, -1.6396 -1.4068 0.0148, -1.6348 -1.4027 0.0086, -1.6292 -1.3978 0.0039, -1.6229 -1.3924 0.001, -1.7713 -1.2505 0.0306, -1.7689 -1.2488 0.0223, -1.7651 -1.2461 0.0148, -1.76 -1.2425 0.0086, -1.7539 -1.2382 0.0039, -1.7471 -1.2334 0.001, -1.8815 -1.0781 0.0306, -1.8789 -1.0767 0.0223, -1.8749 -1.0743 0.0148, -1.8695 -1.0712 0.0086, -1.863 -1.0675 0.0039, -1.8558 -1.0634 0.001, -2.4361 -0.8577 0.0, -2.4239 -0.8634 0.0017, -2.42 -0.8652 0.0023, -2.4119 -0.869 0.0056, -2.4014 -0.8738 0.0116, -2.4074 -0.8711 0.0074, -2.403 -0.8731 0.0102, -2.3933 -0.8776 0.0197, -2.3954 -0.8766 0.017, -2.3882 -0.8799 0.0291, -2.3891 -0.8795 0.0269, -2.393 -0.8777 0.02, -2.3882 -0.8799 0.0292, -2.3867 -0.8806 0.0357, -1.6263 -1.9611 0.0197, -1.6269 -1.9544 0.0326, -1.6263 -1.9608 0.02, -1.6265 -1.9593 0.022, -1.6268 -1.9556 0.0291, -1.6268 -1.9555 0.0292, -1.6255 -1.9699 0.0116, -1.6256 -1.9685 0.0126, -1.6253 -1.9717 0.0102, -1.6244 -1.9815 0.0056, -1.624 -1.9851 0.0038, -1.6235 -1.9904 0.0023, -1.6231 -1.9947 0.0017, -1.6218 -2.008 0.0, -2.2395 -1.2088 0.0292, -2.018 -1.5498 0.0292, -2.0401 -1.5668 0.0013, -1.6255 -1.9699 0.0116, -1.7519 -1.8586 0.0115, -1.6231 -1.9947 0.0017, -1.764 -1.8714 0.0013, -1.7575 -1.8645 0.0053, -1.6244 -1.9815 0.0056, -1.7477 -1.854 0.0197, -1.745 -1.8512 0.0292, -2.329 -1.0261 0.0292, -2.3384 -1.0302 0.0115, -2.3326 -1.0276 0.0197, -2.3458 -1.0335 0.0053, -2.4119 -0.869 0.0056, -2.3545 -1.0373 0.0013, -2.4239 -0.8634 0.0017, -1.9082 -1.7247 0.0013, -1.9011 -1.7183 0.0053, -2.0325 -1.561 0.0053, -1.8951 -1.7128 0.0115, -2.0261 -1.556 0.0115, -1.8904 -1.7086 0.0197, -2.0211 -1.5522 0.0197, -1.8875 -1.706 0.0292, -2.1356 -1.3837 0.0292, -2.1389 -1.3859 0.0197, -2.1441 -1.3893 0.0115, -2.151 -1.3937 0.0053, -2.1589 -1.3989 0.0013, -2.264 -1.222 0.0013, -2.2556 -1.2175 0.0053, -2.2484 -1.2136 0.0115, -2.2429 -1.2106 0.0197, 2.6819 -2.4308 0.0013, 2.6558 -1.2175 0.0243, 2.658 -1.2152 0.0197, 2.658 -2.4068 0.0197, 2.6531 -1.2201 0.0342, 2.6541 -1.2191 0.0292, 2.6541 -2.4029 0.0292, 2.6531 -2.4019 0.0342, 2.6558 -2.4046 0.0243, 2.6609 -1.2123 0.0154, 2.6643 -2.4131 0.0115, 2.6609 -2.4097 0.0154, 2.6819 -1.1913 0.0013, 2.6643 -1.2089 0.0115, 2.6724 -1.2008 0.0053, 2.6724 -2.4213 0.0053, 2.2538 -2.4068 0.0197, 2.2561 -2.4046 0.0243, 2.2587 -2.4019 0.0342, 2.2577 -2.4029 0.0292, 2.2509 -2.4097 0.0154, 2.2475 -2.4131 0.0115, 2.2394 -2.4213 0.0053, 2.2299 -2.4308 0.0013, 2.2538 -1.2152 0.0197, 2.2509 -1.2123 0.0154, 2.2475 -1.2089 0.0115, 2.2394 -1.2008 0.0053, 2.2299 -1.1913 0.0013, 2.2561 -1.2175 0.0243, 2.2577 -1.2191 0.0292, 2.2587 -1.2201 0.0342, -0.6044 1.1635 0.0342, -0.6044 0.8016 0.0342, -0.6054 1.1645 0.0292, -0.6054 0.8006 0.0292, -0.6071 1.1662 0.0243, -0.6071 0.7989 0.0243, -0.6094 1.1684 0.0197, -0.6094 0.7966 0.0197, -0.6122 1.1713 0.0154, -0.6122 0.7938 0.0154, -0.6156 1.1747 0.0115, -0.6333 0.7727 0.0013, -0.6156 0.7904 0.0115, -0.6238 0.7822 0.0053, -0.6238 1.1828 0.0053, -0.6333 1.1923 0.0013, 0.5999 1.1684 0.0197, 0.595 1.1635 0.0342, 0.596 1.1645 0.0292, 0.5976 1.1662 0.0243, 0.6062 1.1747 0.0115, 0.6028 1.1713 0.0154, 0.6143 1.1828 0.0053, 0.6238 1.1923 0.0013, 0.595 0.8016 0.0342, 0.596 0.8006 0.0292, 0.6238 0.7727 0.0013, 0.6143 0.7822 0.0053, 0.6062 0.7904 0.0115, 0.5999 0.7966 0.0197, 0.6028 0.7938 0.0154, 0.5976 0.7989 0.0243, 0.595 -1.1635 0.0342, 0.595 -0.8016 0.0342, 0.596 -1.1645 0.0292, 0.596 -0.8006 0.0292, 0.5976 -1.1662 0.0243, 0.5976 -0.7989 0.0243, 0.5999 -1.1684 0.0197, 0.5999 -0.7966 0.0197, 0.6028 -1.1713 0.0154, 0.6028 -0.7938 0.0154, 0.6062 -1.1747 0.0115, 0.6062 -0.7904 0.0115, 0.6143 -0.7822 0.0053, 0.6143 -1.1828 0.0053, 0.6238 -0.7727 0.0013, 0.6238 -1.1923 0.0013, -0.6044 -1.1635 0.0342, -0.6054 -1.1645 0.0292, -0.6071 -1.1662 0.0243, -0.6094 -1.1684 0.0197, -0.6156 -1.1747 0.0115, -0.6122 -1.1713 0.0154, -0.6238 -1.1828 0.0053, -0.6333 -1.1923 0.0013, -0.6333 -0.7727 0.0013, -0.6238 -0.7822 0.0053, -0.6156 -0.7904 0.0115, -0.6094 -0.7966 0.0197, -0.6122 -0.7938 0.0154, -0.6054 -0.8006 0.0292, -0.6071 -0.7989 0.0243, -0.6044 -0.8016 0.0342, 2.2587 2.4019 0.0342, 2.2577 2.4029 0.0292, 2.2587 1.2201 0.0342, 2.2577 1.2191 0.0292, 2.2561 2.4046 0.0243, 2.2538 2.4068 0.0197, 2.2538 1.2152 0.0197, 2.2509 1.2123 0.0154, 2.2475 2.4131 0.0115, 2.2561 1.2175 0.0243, 2.2509 2.4097 0.0154, 2.2475 1.2089 0.0115, 2.2394 1.2008 0.0053, 2.2394 2.4213 0.0053, 2.2299 1.1913 0.0013, 2.2299 2.4308 0.0013, 2.6531 2.4019 0.0342, 2.6541 2.4029 0.0292, 2.6558 2.4046 0.0243, 2.658 2.4068 0.0197, 2.6609 2.4097 0.0154, 2.6643 2.4131 0.0115, 2.6724 2.4213 0.0053, 2.6819 2.4308 0.0013, 2.6819 1.1913 0.0013, 2.6724 1.2008 0.0053, 2.6643 1.2089 0.0115, 2.6609 1.2123 0.0154, 2.658 1.2152 0.0197, 2.6531 1.2201 0.0342, 2.6541 1.2191 0.0292, 2.6558 1.2175 0.0243, 1.5892 -0.2183 -0.0013, 1.5307 -0.226 -0.0013, 1.4722 -0.2183 -0.0013, 1.4177 -0.1957 -0.0013, 1.3709 -0.1598 -0.0013, 1.335 -0.113 -0.0013, 1.3124 -0.0585 -0.0013, 1.3047 0.0 -0.0013, 1.3124 0.0585 -0.0013, 1.335 0.113 -0.0013, 1.3709 0.1598 -0.0013, 1.4177 0.1957 -0.0013, 1.4722 0.2183 -0.0013, 1.5307 0.226 -0.0013, 1.5892 0.2183 -0.0013, 1.6437 0.1957 -0.0013, 1.6905 0.1598 -0.0013, 1.7265 0.113 -0.0013, 1.749 0.0585 -0.0013, 1.7567 0.0 -0.0013, 1.749 -0.0585 -0.0013, 1.7265 -0.113 -0.0013, 1.6905 -0.1598 -0.0013, 1.6437 -0.1957 -0.0013, 1.7399 0.056 -0.0053, 1.7182 0.1083 -0.0053, 1.6838 0.1531 -0.0053, 1.639 0.1875 -0.0053, 1.5868 0.2092 -0.0053, 1.5307 0.2165 -0.0053, 1.4747 0.2092 -0.0053, 1.4224 0.1875 -0.0053, 1.3776 0.1531 -0.0053, 1.3432 0.1083 -0.0053, 1.3216 0.056 -0.0053, 1.3142 0.0 -0.0053, 1.3216 -0.056 -0.0053, 1.3432 -0.1083 -0.0053, 1.3776 -0.1531 -0.0053, 1.4224 -0.1875 -0.0053, 1.4747 -0.2092 -0.0053, 1.5307 -0.2165 -0.0053, 1.5868 -0.2092 -0.0053, 1.639 -0.1875 -0.0053, 1.6838 -0.1531 -0.0053, 1.7182 -0.1083 -0.0053, 1.7399 -0.056 -0.0053, 1.7472 0.0 -0.0053, 1.732 0.0539 -0.0115, 1.7112 0.1042 -0.0115, 1.6781 0.1473 -0.0115, 1.6349 0.1805 -0.0115, 1.5846 0.2013 -0.0115, 1.5307 0.2084 -0.0115, 1.4768 0.2013 -0.0115, 1.4265 0.1805 -0.0115, 1.3834 0.1473 -0.0115, 1.3502 0.1042 -0.0115, 1.3294 0.0539 -0.0115, 1.3223 0.0 -0.0115, 1.3294 -0.0539 -0.0115, 1.3502 -0.1042 -0.0115, 1.3834 -0.1473 -0.0115, 1.4265 -0.1805 -0.0115, 1.4768 -0.2013 -0.0115, 1.5307 -0.2084 -0.0115, 1.5846 -0.2013 -0.0115, 1.6349 -0.1805 -0.0115, 1.6781 -0.1473 -0.0115, 1.7112 -0.1042 -0.0115, 1.732 -0.0539 -0.0115, 1.7391 0.0 -0.0115, 1.7259 0.0523 -0.0197, 1.7058 0.1011 -0.0197, 1.6736 0.1429 -0.0197, 1.6318 0.175 -0.0197, 1.583 0.1952 -0.0197, 1.5307 0.2021 -0.0197, 1.4784 0.1952 -0.0197, 1.4296 0.175 -0.0197, 1.3878 0.1429 -0.0197, 1.3557 0.1011 -0.0197, 1.3355 0.0523 -0.0197, 1.3286 0.0 -0.0197, 1.3355 -0.0523 -0.0197, 1.3557 -0.1011 -0.0197, 1.3878 -0.1429 -0.0197, 1.4296 -0.175 -0.0197, 1.4784 -0.1952 -0.0197, 1.5307 -0.2021 -0.0197, 1.583 -0.1952 -0.0197, 1.6318 -0.175 -0.0197, 1.6736 -0.1429 -0.0197, 1.7058 -0.1011 -0.0197, 1.7259 -0.0523 -0.0197, 1.7328 0.0 -0.0197, 1.7221 0.0513 -0.0292, 1.7023 0.0991 -0.0292, 1.6709 0.1401 -0.0292, 1.6298 0.1716 -0.0292, 1.582 0.1914 -0.0292, 1.5307 0.1982 -0.0292, 1.4794 0.1914 -0.0292, 1.4316 0.1716 -0.0292, 1.3906 0.1401 -0.0292, 1.3591 0.0991 -0.0292, 1.3393 0.0513 -0.0292, 1.3325 0.0 -0.0292, 1.3393 -0.0513 -0.0292, 1.3591 -0.0991 -0.0292, 1.3906 -0.1401 -0.0292, 1.4316 -0.1716 -0.0292, 1.4794 -0.1914 -0.0292, 1.5307 -0.1982 -0.0292, 1.582 -0.1914 -0.0292, 1.6298 -0.1716 -0.0292, 1.6709 -0.1401 -0.0292, 1.7023 -0.0991 -0.0292, 1.7221 -0.0513 -0.0292, 1.7289 0.0 -0.0292, -1.2604 -0.0933 -0.0013, -1.2901 -0.132 -0.0013, -1.3287 -0.1617 -0.0013, -1.3737 -0.1803 -0.0013, -1.422 -0.1867 -0.0013, -1.4704 -0.1803 -0.0013, -1.5154 -0.1617 -0.0013, -1.554 -0.132 -0.0013, -1.5837 -0.0933 -0.0013, -1.6023 -0.0483 -0.0013, -1.6087 0.0 -0.0013, -1.6023 0.0483 -0.0013, -1.5837 0.0933 -0.0013, -1.554 0.132 -0.0013, -1.5154 0.1617 -0.0013, -1.4704 0.1803 -0.0013, -1.422 0.1867 -0.0013, -1.3737 0.1803 -0.0013, -1.3287 0.1617 -0.0013, -1.2901 0.132 -0.0013, -1.2604 0.0933 -0.0013, -1.2417 0.0483 -0.0013, -1.2354 0.0 -0.0013, -1.2417 -0.0483 -0.0013, -1.2509 0.0459 -0.0053, -1.2686 0.0886 -0.0053, -1.2968 0.1253 -0.0053, -1.3335 0.1534 -0.0053, -1.3762 0.1711 -0.0053, -1.422 0.1772 -0.0053, -1.4679 0.1711 -0.0053, -1.5106 0.1534 -0.0053, -1.5473 0.1253 -0.0053, -1.5755 0.0886 -0.0053, -1.5932 0.0459 -0.0053, -1.5992 0.0 -0.0053, -1.5932 -0.0459 -0.0053, -1.5755 -0.0886 -0.0053, -1.5473 -0.1253 -0.0053, -1.5106 -0.1534 -0.0053, -1.4679 -0.1711 -0.0053, -1.422 -0.1772 -0.0053, -1.3762 -0.1711 -0.0053, -1.3335 -0.1534 -0.0053, -1.2968 -0.1253 -0.0053, -1.2686 -0.0886 -0.0053, -1.2509 -0.0459 -0.0053, -1.2449 0.0 -0.0053, -1.2588 0.0437 -0.0115, -1.2757 0.0845 -0.0115, -1.3025 0.1195 -0.0115, -1.3375 0.1464 -0.0115, -1.3783 0.1633 -0.0115, -1.422 0.169 -0.0115, -1.4658 0.1633 -0.0115, -1.5066 0.1464 -0.0115, -1.5416 0.1195 -0.0115, -1.5684 0.0845 -0.0115, -1.5853 0.0437 -0.0115, -1.5911 0.0 -0.0115, -1.5853 -0.0437 -0.0115, -1.5684 -0.0845 -0.0115, -1.5416 -0.1195 -0.0115, -1.5066 -0.1464 -0.0115, -1.4658 -0.1633 -0.0115, -1.422 -0.169 -0.0115, -1.3783 -0.1633 -0.0115, -1.3375 -0.1464 -0.0115, -1.3025 -0.1195 -0.0115, -1.2757 -0.0845 -0.0115, -1.2588 -0.0437 -0.0115, -1.253 0.0 -0.0115, -1.2648 0.0421 -0.0197, -1.2811 0.0814 -0.0197, -1.307 0.1151 -0.0197, -1.3407 0.141 -0.0197, -1.3799 0.1572 -0.0197, -1.422 0.1628 -0.0197, -1.4642 0.1572 -0.0197, -1.5034 0.141 -0.0197, -1.5371 0.1151 -0.0197, -1.563 0.0814 -0.0197, -1.5793 0.0421 -0.0197, -1.5848 0.0 -0.0197, -1.5793 -0.0421 -0.0197, -1.563 -0.0814 -0.0197, -1.5371 -0.1151 -0.0197, -1.5034 -0.141 -0.0197, -1.4642 -0.1572 -0.0197, -1.422 -0.1628 -0.0197, -1.3799 -0.1572 -0.0197, -1.3407 -0.141 -0.0197, -1.307 -0.1151 -0.0197, -1.2811 -0.0814 -0.0197, -1.2648 -0.0421 -0.0197, -1.2593 0.0 -0.0197, -1.2686 0.0411 -0.0292, -1.2845 0.0794 -0.0292, -1.3097 0.1123 -0.0292, -1.3426 0.1375 -0.0292, -1.3809 0.1534 -0.0292, -1.422 0.1588 -0.0292, -1.4632 0.1534 -0.0292, -1.5015 0.1375 -0.0292, -1.5344 0.1123 -0.0292, -1.5596 0.0794 -0.0292, -1.5755 0.0411 -0.0292, -1.5809 0.0 -0.0292, -1.5755 -0.0411 -0.0292, -1.5596 -0.0794 -0.0292, -1.5344 -0.1123 -0.0292, -1.5015 -0.1375 -0.0292, -1.4632 -0.1534 -0.0292, -1.422 -0.1588 -0.0292, -1.3809 -0.1534 -0.0292, -1.3426 -0.1375 -0.0292, -1.3097 -0.1123 -0.0292, -1.2845 -0.0794 -0.0292, -1.2686 -0.0411 -0.0292, -1.2632 0.0 -0.0292, -2.0809 0.8517 1.3386, -2.0809 0.8517 1.4173, -1.4981 1.6751 1.4173, -1.4981 1.6751 1.3386, -1.9713 1.0811 1.3386, -1.8364 1.2966 1.3386, -1.6779 1.4954 1.3386, -1.6738 1.5001 1.4173, -1.6777 1.4952 1.4173, -1.8364 1.2966 1.4173, -1.9743 1.0756 1.4173, -1.971 1.0809 1.4173, -2.0809 -0.8517 1.4173, -2.0809 -0.8517 1.3386, -1.4981 -1.6751 1.3386, -1.4981 -1.6751 1.4173, -1.6779 -1.4954 1.3386, -1.8364 -1.2966 1.3386, -1.9713 -1.0811 1.3386, -1.9743 -1.0756 1.4173, -1.971 -1.0809 1.4173, -1.8364 -1.2966 1.4173, -1.6738 -1.5001 1.4173, -1.6777 -1.4952 1.4173
            ]
        }
        coordIndex [
            0,1,2,-1,3,4,5,-1,6,7,8,-1,9,10,11,-1,12,13,14,-1,14,13,15,-1,14,15,16,-1,17,18,19,-1,19,18,14,-1,19,14,20,-1,20,14,21,-1,16,22,14,-1,14,22,23,-1,14,23,21,-1,24,25,26,-1,26,25,27,-1,26,27,28,-1,28,27,29,-1,30,31,32,-1,33,34,35,-1,35,34,36,-1,35,36,30,-1,30,36,37,-1,30,37,38,-1,24,26,39,-1,39,26,30,-1,39,30,40,-1,40,30,32,-1,40,32,41,-1,41,32,42,-1,41,42,43,-1,38,44,30,-1,30,44,45,-1,30,45,31,-1,46,47,48,-1,48,47,49,-1,48,49,50,-1,50,51,48,-1,48,51,52,-1,48,52,35,-1,35,52,53,-1,35,53,33,-1,54,55,2,-1,2,55,56,-1,2,56,48,-1,48,56,57,-1,48,57,46,-1,58,59,60,-1,60,59,61,-1,60,61,1,-1,1,61,62,-1,62,63,1,-1,1,63,64,-1,1,64,2,-1,2,64,65,-1,2,65,54,-1,66,67,58,-1,58,67,68,-1,58,68,69,-1,69,70,58,-1,58,70,71,-1,58,71,59,-1,72,73,74,-1,75,76,66,-1,77,78,79,-1,79,78,80,-1,72,74,81,-1,75,66,82,-1,83,84,78,-1,78,84,85,-1,78,85,86,-1,17,87,18,-1,18,87,88,-1,18,88,66,-1,66,88,89,-1,66,89,82,-1,73,90,74,-1,74,90,91,-1,74,91,92,-1,93,94,95,-1,95,94,96,-1,95,96,97,-1,98,86,99,-1,99,86,100,-1,99,100,95,-1,95,100,101,-1,95,101,93,-1,98,102,86,-1,86,102,103,-1,86,103,78,-1,78,103,104,-1,78,104,80,-1,105,106,107,-1,107,106,108,-1,107,108,74,-1,74,108,109,-1,74,109,81,-1,92,110,74,-1,74,110,111,-1,74,111,112,-1,113,114,67,-1,67,114,115,-1,67,115,116,-1,116,117,67,-1,67,117,118,-1,67,118,119,-1,119,118,105,-1,119,105,120,-1,120,105,107,-1,76,121,66,-1,66,121,122,-1,66,122,67,-1,67,122,123,-1,67,123,113,-1,124,125,74,-1,74,125,126,-1,74,126,78,-1,78,126,127,-1,78,127,83,-1,112,128,74,-1,74,128,129,-1,74,129,124,-1,130,131,132,-1,131,133,132,-1,132,133,134,-1,132,134,135,-1,85,132,86,-1,86,132,136,-1,86,136,137,-1,138,139,85,-1,85,139,140,-1,85,140,132,-1,132,140,141,-1,132,141,130,-1,142,143,85,-1,85,143,144,-1,85,144,138,-1,145,146,147,-1,147,146,148,-1,147,148,149,-1,135,134,150,-1,150,134,151,-1,150,151,152,-1,152,151,153,-1,152,153,154,-1,137,155,86,-1,86,155,147,-1,86,147,156,-1,156,147,149,-1,157,9,158,-1,159,157,160,-1,160,161,159,-1,159,161,162,-1,159,162,163,-1,163,162,164,-1,165,166,5,-1,9,11,158,-1,158,11,167,-1,158,167,165,-1,168,169,170,-1,170,169,171,-1,170,171,172,-1,173,174,175,-1,175,174,176,-1,175,176,177,-1,177,176,178,-1,177,178,179,-1,180,181,182,-1,182,181,183,-1,182,183,168,-1,184,185,186,-1,186,185,187,-1,186,187,188,-1,188,187,189,-1,188,189,178,-1,172,171,190,-1,190,171,191,-1,190,191,184,-1,192,193,191,-1,191,193,194,-1,191,194,195,-1,196,197,198,-1,198,197,199,-1,198,199,200,-1,201,202,199,-1,199,202,203,-1,199,203,200,-1,199,204,185,-1,185,204,205,-1,206,207,208,-1,208,207,209,-1,208,209,210,-1,211,212,199,-1,199,212,213,-1,199,213,214,-1,215,216,217,-1,218,219,198,-1,198,219,220,-1,198,220,196,-1,184,191,185,-1,185,191,195,-1,185,195,199,-1,199,195,221,-1,199,221,211,-1,214,222,199,-1,199,222,223,-1,199,223,201,-1,215,217,198,-1,198,217,224,-1,198,224,218,-1,205,225,185,-1,185,225,226,-1,185,226,208,-1,208,226,227,-1,208,227,206,-1,228,229,230,-1,230,229,231,-1,230,231,232,-1,233,234,235,-1,236,237,233,-1,233,237,238,-1,233,238,234,-1,210,239,208,-1,208,239,240,-1,208,240,241,-1,242,243,233,-1,233,243,244,-1,233,244,236,-1,240,245,241,-1,241,245,246,-1,241,246,242,-1,242,246,247,-1,242,247,243,-1,248,249,250,-1,251,252,5,-1,252,253,5,-1,5,253,254,-1,5,254,255,-1,250,256,248,-1,248,256,257,-1,248,257,258,-1,258,259,248,-1,248,259,260,-1,248,260,261,-1,164,162,166,-1,166,162,248,-1,166,248,5,-1,5,248,261,-1,5,261,251,-1,262,263,264,-1,264,263,265,-1,266,267,189,-1,189,267,169,-1,189,169,178,-1,178,169,168,-1,178,168,179,-1,179,168,183,-1,267,268,169,-1,169,268,269,-1,169,269,249,-1,249,269,270,-1,249,270,250,-1,271,272,273,-1,274,275,276,-1,274,276,277,-1,278,279,280,-1,281,282,283,-1,283,282,284,-1,285,286,282,-1,282,286,287,-1,288,289,290,-1,272,291,273,-1,273,291,292,-1,273,292,293,-1,293,292,280,-1,293,280,294,-1,294,280,279,-1,281,295,282,-1,282,295,296,-1,282,296,285,-1,297,298,276,-1,276,298,299,-1,276,299,277,-1,208,300,301,-1,288,302,289,-1,289,302,303,-1,289,303,304,-1,304,303,305,-1,304,305,306,-1,307,208,308,-1,308,208,309,-1,271,273,301,-1,301,273,310,-1,301,310,208,-1,208,310,311,-1,208,311,309,-1,312,313,314,-1,314,313,315,-1,314,315,316,-1,317,318,319,-1,319,318,320,-1,319,320,306,-1,306,320,321,-1,306,321,304,-1,322,323,280,-1,280,323,324,-1,280,324,325,-1,325,326,280,-1,280,326,327,-1,280,327,278,-1,328,329,330,-1,330,329,331,-1,330,331,275,-1,312,317,313,-1,313,317,319,-1,313,319,332,-1,332,319,333,-1,332,333,334,-1,334,333,335,-1,334,335,336,-1,336,335,337,-1,338,337,331,-1,331,337,335,-1,331,335,275,-1,275,335,333,-1,275,333,276,-1,338,331,7,-1,7,331,339,-1,7,339,8,-1,340,341,8,-1,342,343,185,-1,307,288,208,-1,208,288,290,-1,208,290,185,-1,185,290,344,-1,185,344,342,-1,345,346,8,-1,8,346,347,-1,343,348,185,-1,185,348,349,-1,185,349,187,-1,187,349,350,-1,187,350,340,-1,351,352,341,-1,341,352,353,-1,341,353,8,-1,8,353,354,-1,8,354,345,-1,347,355,8,-1,8,355,356,-1,8,356,6,-1,357,358,359,-1,359,358,360,-1,359,360,361,-1,359,362,357,-1,357,362,363,-1,357,363,364,-1,364,365,357,-1,357,365,366,-1,357,366,367,-1,367,366,368,-1,367,368,369,-1,369,368,370,-1,369,370,341,-1,341,370,371,-1,341,371,351,-1,372,373,361,-1,361,373,374,-1,361,374,359,-1,375,376,316,-1,316,376,377,-1,316,377,314,-1,375,378,376,-1,376,378,379,-1,376,379,380,-1,380,379,381,-1,380,382,383,-1,381,384,380,-1,380,384,385,-1,380,385,386,-1,386,387,380,-1,380,387,388,-1,380,388,382,-1,383,389,380,-1,380,389,390,-1,380,390,391,-1,392,393,264,-1,264,393,394,-1,395,396,397,-1,265,266,264,-1,264,266,189,-1,264,189,392,-1,392,189,398,-1,392,398,399,-1,399,398,395,-1,399,395,400,-1,400,395,397,-1,401,402,8,-1,340,8,187,-1,187,8,402,-1,187,402,189,-1,189,402,403,-1,189,403,398,-1,404,405,401,-1,406,407,408,-1,408,407,409,-1,408,409,404,-1,404,401,408,-1,408,401,8,-1,408,8,410,-1,410,8,339,-1,410,339,411,-1,410,412,408,-1,408,412,413,-1,408,413,414,-1,415,416,417,-1,417,416,418,-1,417,418,339,-1,339,418,419,-1,339,419,411,-1,414,420,408,-1,408,420,421,-1,408,421,406,-1,422,423,424,-1,422,424,425,-1,423,426,424,-1,424,426,427,-1,424,427,417,-1,417,427,428,-1,417,428,415,-1,165,5,158,-1,158,5,4,-1,158,4,429,-1,429,430,158,-1,158,430,431,-1,158,431,432,-1,432,431,433,-1,432,433,434,-1,435,436,437,-1,437,436,438,-1,437,438,439,-1,439,438,431,-1,439,431,440,-1,440,431,430,-1,440,430,441,-1,441,430,442,-1,441,442,443,-1,443,442,444,-1,433,445,434,-1,434,445,446,-1,434,446,394,-1,394,446,3,-1,394,3,264,-1,264,3,5,-1,264,5,262,-1,262,5,255,-1,158,447,448,-1,449,450,451,-1,451,450,452,-1,451,452,453,-1,454,455,447,-1,158,456,457,-1,454,447,458,-1,455,459,447,-1,447,459,460,-1,447,460,451,-1,451,460,461,-1,451,461,449,-1,453,462,451,-1,451,462,463,-1,451,463,464,-1,158,457,447,-1,447,457,465,-1,447,465,458,-1,466,467,468,-1,468,467,469,-1,468,469,470,-1,157,158,160,-1,160,158,448,-1,160,448,470,-1,470,448,471,-1,470,471,468,-1,469,451,470,-1,470,451,464,-1,470,464,432,-1,432,464,472,-1,432,472,158,-1,158,472,473,-1,158,473,456,-1,474,470,475,-1,475,470,432,-1,475,432,476,-1,476,432,434,-1,476,434,424,-1,424,434,394,-1,424,394,425,-1,425,394,393,-1,161,477,162,-1,162,477,478,-1,162,478,248,-1,248,478,479,-1,248,479,249,-1,249,479,480,-1,249,480,169,-1,169,480,481,-1,169,481,171,-1,171,481,482,-1,171,482,191,-1,191,482,229,-1,191,229,192,-1,192,229,228,-1,483,474,484,-1,484,474,475,-1,484,475,485,-1,485,475,476,-1,485,476,486,-1,486,476,424,-1,486,424,487,-1,487,424,417,-1,487,417,488,-1,488,417,339,-1,488,339,489,-1,489,339,331,-1,489,331,490,-1,490,331,329,-1,490,329,491,-1,491,329,492,-1,491,492,60,-1,328,284,329,-1,329,284,282,-1,329,282,492,-1,492,282,493,-1,494,495,493,-1,493,495,496,-1,287,300,282,-1,282,300,208,-1,282,208,493,-1,493,208,241,-1,493,241,494,-1,494,241,497,-1,60,492,58,-1,58,492,493,-1,58,493,66,-1,66,493,496,-1,66,496,18,-1,18,496,498,-1,18,498,241,-1,241,498,499,-1,241,499,497,-1,500,501,502,-1,502,501,494,-1,502,494,503,-1,503,494,497,-1,503,497,504,-1,504,497,505,-1,506,507,508,-1,509,510,14,-1,14,510,506,-1,14,506,242,-1,242,506,508,-1,242,508,241,-1,241,508,511,-1,241,511,18,-1,18,511,509,-1,18,509,14,-1,235,232,233,-1,233,232,231,-1,233,231,242,-1,242,231,512,-1,242,512,14,-1,14,512,28,-1,14,28,12,-1,12,28,29,-1,0,2,513,-1,513,2,48,-1,513,48,514,-1,514,48,35,-1,514,35,515,-1,515,35,30,-1,515,30,516,-1,516,30,26,-1,516,26,517,-1,477,518,478,-1,478,518,519,-1,478,519,479,-1,479,519,520,-1,479,520,480,-1,480,520,521,-1,480,521,481,-1,481,521,522,-1,481,522,482,-1,482,522,523,-1,482,523,229,-1,229,523,524,-1,229,524,231,-1,231,524,525,-1,231,525,512,-1,512,525,526,-1,512,526,28,-1,28,526,527,-1,28,527,26,-1,26,527,528,-1,26,528,517,-1,517,528,529,-1,530,531,532,-1,532,531,533,-1,532,533,534,-1,534,533,535,-1,534,535,536,-1,536,535,537,-1,536,537,530,-1,530,537,531,-1,538,539,540,-1,540,539,541,-1,542,538,543,-1,543,538,540,-1,544,542,545,-1,545,542,543,-1,539,544,541,-1,541,544,545,-1,546,547,548,-1,548,547,549,-1,550,551,552,-1,552,551,548,-1,552,548,553,-1,553,548,549,-1,553,549,554,-1,555,556,557,-1,557,556,558,-1,559,560,561,-1,561,560,562,-1,563,564,565,-1,565,564,566,-1,567,568,569,-1,569,568,570,-1,569,570,571,-1,571,570,572,-1,572,570,573,-1,572,573,574,-1,574,573,575,-1,575,573,576,-1,575,576,577,-1,577,576,578,-1,578,576,579,-1,578,579,580,-1,581,582,583,-1,583,582,584,-1,585,586,587,-1,587,586,588,-1,589,590,591,-1,591,590,592,-1,593,594,595,-1,595,594,596,-1,597,598,599,-1,599,598,600,-1,601,602,603,-1,603,602,604,-1,605,603,606,-1,606,603,604,-1,606,604,607,-1,607,604,608,-1,607,608,609,-1,610,611,612,-1,612,611,613,-1,614,615,616,-1,616,615,617,-1,618,619,620,-1,620,619,621,-1,622,594,593,-1,623,624,625,-1,626,627,628,-1,629,630,631,-1,632,579,633,-1,633,579,634,-1,633,634,635,-1,619,618,623,-1,623,618,626,-1,623,626,636,-1,636,626,628,-1,627,608,628,-1,628,608,604,-1,628,604,637,-1,637,604,602,-1,619,623,638,-1,638,623,625,-1,638,625,639,-1,640,641,633,-1,633,641,642,-1,633,642,632,-1,558,556,643,-1,643,556,644,-1,643,644,645,-1,645,644,646,-1,645,646,647,-1,647,646,648,-1,649,650,651,-1,651,652,649,-1,649,652,653,-1,649,653,654,-1,654,655,649,-1,649,655,656,-1,649,656,633,-1,633,656,657,-1,633,657,640,-1,648,658,647,-1,647,658,529,-1,647,529,649,-1,649,529,518,-1,649,518,650,-1,659,660,661,-1,570,568,662,-1,659,661,662,-1,662,661,663,-1,662,663,570,-1,570,663,664,-1,570,664,573,-1,573,664,665,-1,573,665,576,-1,666,667,668,-1,668,667,669,-1,576,665,579,-1,579,665,670,-1,579,670,634,-1,585,668,586,-1,586,668,669,-1,586,669,671,-1,671,669,672,-1,671,672,673,-1,673,672,674,-1,673,674,581,-1,581,674,660,-1,581,660,582,-1,582,660,659,-1,666,590,667,-1,667,590,589,-1,667,589,675,-1,675,589,676,-1,675,676,677,-1,677,676,622,-1,677,622,631,-1,631,622,593,-1,631,593,629,-1,629,593,639,-1,629,639,678,-1,678,639,625,-1,679,680,681,-1,681,680,682,-1,683,611,610,-1,684,685,686,-1,687,688,689,-1,689,688,682,-1,689,682,680,-1,690,691,692,-1,692,691,693,-1,692,693,687,-1,687,693,694,-1,687,694,688,-1,695,546,548,-1,690,692,696,-1,696,692,697,-1,696,697,698,-1,684,699,685,-1,685,699,700,-1,685,700,701,-1,702,703,697,-1,548,551,704,-1,702,697,705,-1,703,706,697,-1,697,706,707,-1,697,707,698,-1,695,548,708,-1,708,548,704,-1,708,704,709,-1,709,704,683,-1,709,683,710,-1,710,683,610,-1,710,610,711,-1,701,712,685,-1,685,712,713,-1,685,713,697,-1,697,713,714,-1,697,714,705,-1,715,710,716,-1,716,710,711,-1,716,711,717,-1,717,711,718,-1,717,718,719,-1,719,718,615,-1,719,615,720,-1,720,615,721,-1,721,615,614,-1,721,614,722,-1,723,724,725,-1,725,724,726,-1,725,726,727,-1,560,559,728,-1,729,730,731,-1,731,730,732,-1,731,732,727,-1,727,732,598,-1,727,598,725,-1,725,598,597,-1,733,734,735,-1,723,736,724,-1,724,736,737,-1,724,737,738,-1,738,737,739,-1,738,739,740,-1,740,739,741,-1,740,741,742,-1,742,741,684,-1,742,684,743,-1,743,684,686,-1,735,734,722,-1,722,734,744,-1,722,744,721,-1,735,560,733,-1,733,560,728,-1,733,728,745,-1,745,728,746,-1,745,746,729,-1,729,746,564,-1,729,564,730,-1,730,564,563,-1,747,748,749,-1,748,747,750,-1,751,752,753,-1,754,755,756,-1,757,758,759,-1,760,761,762,-1,761,763,764,-1,763,765,764,-1,764,765,766,-1,764,766,767,-1,767,766,768,-1,767,768,769,-1,770,771,772,-1,773,774,775,-1,776,777,747,-1,760,762,778,-1,779,780,772,-1,772,780,781,-1,772,781,770,-1,777,782,747,-1,747,782,783,-1,747,783,784,-1,775,785,773,-1,773,785,786,-1,773,786,787,-1,784,788,747,-1,747,788,789,-1,747,789,762,-1,762,789,790,-1,762,790,778,-1,791,792,793,-1,794,795,796,-1,796,795,797,-1,794,798,795,-1,795,798,799,-1,795,799,793,-1,793,799,800,-1,793,800,791,-1,801,802,803,-1,803,802,804,-1,803,804,795,-1,795,804,805,-1,795,805,797,-1,806,807,808,-1,808,809,806,-1,806,809,810,-1,806,810,811,-1,811,810,812,-1,812,813,811,-1,811,813,814,-1,811,814,815,-1,801,816,817,-1,817,816,811,-1,817,811,818,-1,818,811,815,-1,792,819,793,-1,793,819,820,-1,793,820,821,-1,820,822,821,-1,821,822,823,-1,821,823,824,-1,824,823,825,-1,824,825,806,-1,806,825,826,-1,806,826,807,-1,759,758,827,-1,828,829,830,-1,830,829,831,-1,832,833,831,-1,831,833,834,-1,835,836,837,-1,837,836,832,-1,837,832,757,-1,757,832,831,-1,838,839,840,-1,840,839,841,-1,842,843,844,-1,845,803,846,-1,844,847,842,-1,842,847,848,-1,842,848,756,-1,756,848,849,-1,756,849,754,-1,755,754,753,-1,753,754,850,-1,753,850,751,-1,851,852,853,-1,752,854,753,-1,753,854,855,-1,753,855,856,-1,851,853,857,-1,856,858,753,-1,753,858,859,-1,753,859,853,-1,853,859,860,-1,853,860,857,-1,846,861,845,-1,845,861,862,-1,845,862,863,-1,863,862,853,-1,864,865,866,-1,866,865,867,-1,866,868,869,-1,869,870,866,-1,866,870,871,-1,866,871,864,-1,868,866,872,-1,872,866,873,-1,872,873,874,-1,874,873,875,-1,874,875,876,-1,877,878,879,-1,879,878,880,-1,880,878,881,-1,881,878,882,-1,881,882,883,-1,884,885,886,-1,887,750,888,-1,888,750,747,-1,888,747,867,-1,867,747,762,-1,867,762,866,-1,882,889,883,-1,883,889,890,-1,883,890,891,-1,891,890,892,-1,891,892,893,-1,893,892,894,-1,893,894,887,-1,887,894,884,-1,887,884,750,-1,750,884,886,-1,750,886,895,-1,896,897,898,-1,896,898,899,-1,899,898,900,-1,899,900,901,-1,901,900,902,-1,901,902,903,-1,904,905,906,-1,906,905,907,-1,903,908,901,-1,901,908,909,-1,901,909,910,-1,910,909,906,-1,907,911,906,-1,906,911,912,-1,906,912,910,-1,904,906,913,-1,913,906,914,-1,913,914,915,-1,916,917,918,-1,918,917,919,-1,918,920,921,-1,921,922,918,-1,918,922,923,-1,918,923,916,-1,916,923,924,-1,916,924,925,-1,925,924,926,-1,927,928,929,-1,924,930,926,-1,926,930,931,-1,926,931,932,-1,932,931,927,-1,932,927,933,-1,933,927,929,-1,934,898,935,-1,935,898,897,-1,935,897,936,-1,936,897,937,-1,936,937,929,-1,929,937,938,-1,929,938,933,-1,939,940,941,-1,940,942,941,-1,941,942,943,-1,941,943,944,-1,944,943,945,-1,944,945,946,-1,946,945,947,-1,939,941,948,-1,948,941,949,-1,948,949,950,-1,947,951,946,-1,946,951,952,-1,946,952,953,-1,954,949,955,-1,955,949,956,-1,954,957,949,-1,949,957,958,-1,949,958,950,-1,953,959,946,-1,946,959,960,-1,946,960,949,-1,949,960,961,-1,949,961,956,-1,834,962,831,-1,831,962,963,-1,831,963,830,-1,830,963,964,-1,964,965,830,-1,830,965,966,-1,830,966,945,-1,945,966,967,-1,945,967,947,-1,909,968,759,-1,968,969,759,-1,759,969,840,-1,759,840,757,-1,757,840,841,-1,757,841,837,-1,970,920,971,-1,971,920,918,-1,971,918,749,-1,749,918,772,-1,749,772,747,-1,747,772,771,-1,747,771,776,-1,972,973,879,-1,879,973,974,-1,879,974,877,-1,975,976,875,-1,875,976,977,-1,880,978,879,-1,879,978,979,-1,879,979,972,-1,972,979,980,-1,972,980,981,-1,981,980,982,-1,981,982,983,-1,983,982,876,-1,983,876,984,-1,984,876,875,-1,984,875,985,-1,985,875,977,-1,986,987,988,-1,989,990,986,-1,991,992,993,-1,993,987,991,-1,991,987,986,-1,991,986,994,-1,994,986,990,-1,994,990,995,-1,995,990,996,-1,997,989,998,-1,998,989,999,-1,998,999,1000,-1,852,1001,853,-1,853,1001,1002,-1,853,1002,863,-1,863,1002,1003,-1,1004,1005,999,-1,999,1005,1006,-1,999,1006,1000,-1,795,1007,803,-1,803,1007,1008,-1,803,1008,1009,-1,1010,1011,1012,-1,1012,1013,1010,-1,1010,1013,1014,-1,1010,1014,1009,-1,1009,1014,843,-1,1009,843,803,-1,803,843,842,-1,803,842,846,-1,1015,1016,1017,-1,1018,1019,821,-1,821,1019,1015,-1,821,1015,793,-1,793,1015,1017,-1,793,1017,795,-1,795,1017,1020,-1,795,1020,1007,-1,1007,1020,1021,-1,1022,1023,1024,-1,1023,1022,1025,-1,1025,1022,1026,-1,1025,1026,1027,-1,1028,1029,1030,-1,1030,1029,1022,-1,1030,1022,1031,-1,1031,1022,1024,-1,989,986,999,-1,999,986,1032,-1,999,1032,1033,-1,801,803,816,-1,816,803,845,-1,816,845,1033,-1,1033,845,863,-1,1033,863,999,-1,999,863,1003,-1,999,1003,1004,-1,1034,816,1035,-1,1035,816,1033,-1,1035,1033,1036,-1,1036,1033,1032,-1,1036,1032,1037,-1,1037,1032,1038,-1,1037,1038,1034,-1,761,764,762,-1,762,764,1038,-1,762,1038,866,-1,866,1038,1032,-1,866,1032,873,-1,873,1032,986,-1,873,986,875,-1,875,986,988,-1,875,988,975,-1,915,914,919,-1,919,914,1039,-1,919,1039,918,-1,918,1039,773,-1,918,773,772,-1,772,773,787,-1,772,787,779,-1,824,1040,821,-1,821,1040,1027,-1,821,1027,1018,-1,1018,1027,1026,-1,1034,1038,816,-1,816,1038,764,-1,816,764,811,-1,811,764,767,-1,811,767,806,-1,806,767,1041,-1,806,1041,824,-1,824,1041,827,-1,824,827,1040,-1,758,1042,827,-1,827,1042,828,-1,827,828,1040,-1,1040,828,830,-1,1040,830,1027,-1,1027,830,945,-1,1027,945,1025,-1,1025,945,943,-1,909,759,906,-1,906,759,827,-1,906,827,914,-1,914,827,1041,-1,914,1041,1039,-1,1039,1041,767,-1,1039,767,773,-1,773,767,769,-1,773,769,774,-1,1043,684,1044,-1,1044,684,741,-1,1044,741,1045,-1,1045,741,1046,-1,1046,741,739,-1,1046,739,1047,-1,1047,739,1048,-1,1048,739,737,-1,1048,737,1049,-1,1049,737,1050,-1,1050,737,736,-1,1050,736,1051,-1,580,579,1052,-1,1052,579,632,-1,1052,632,642,-1,1052,642,1053,-1,1053,642,641,-1,1053,641,1054,-1,1054,641,640,-1,1054,640,1055,-1,1055,640,657,-1,1055,657,1056,-1,1056,657,1057,-1,1057,657,656,-1,1057,656,655,-1,1057,655,1058,-1,1058,655,654,-1,1058,654,1059,-1,1059,654,653,-1,1059,653,1060,-1,1060,653,652,-1,1060,652,1061,-1,1061,652,651,-1,1061,651,1062,-1,1062,651,650,-1,1062,650,1063,-1,1063,650,518,-1,1063,518,483,-1,0,529,1064,-1,1064,529,658,-1,1064,658,1065,-1,1065,658,648,-1,1065,648,1066,-1,1066,648,646,-1,1066,646,644,-1,1066,644,1067,-1,1067,644,556,-1,1067,556,555,-1,681,682,688,-1,681,688,1068,-1,1068,688,694,-1,1068,694,1069,-1,1069,694,1070,-1,1070,694,693,-1,1070,693,1071,-1,1071,693,691,-1,1071,691,1072,-1,1072,691,690,-1,1072,690,1073,-1,1073,690,696,-1,1073,696,698,-1,1073,698,1074,-1,1074,698,707,-1,1074,707,1075,-1,1075,707,706,-1,1075,706,1076,-1,1076,706,703,-1,1076,703,1077,-1,1077,703,702,-1,1077,702,1078,-1,1078,702,705,-1,1078,705,1079,-1,1079,705,714,-1,1079,714,1080,-1,1080,714,1081,-1,1081,714,713,-1,1081,713,712,-1,1081,712,1082,-1,1082,712,701,-1,1082,701,1083,-1,1083,701,700,-1,1083,700,1084,-1,1084,700,699,-1,1084,699,1085,-1,1085,699,1043,-1,1043,699,684,-1,1086,1087,1088,-1,1088,1087,557,-1,1088,557,643,-1,643,557,558,-1,689,680,1089,-1,1089,680,679,-1,1089,679,1090,-1,1090,679,1091,-1,1092,1093,1094,-1,1095,1089,1090,-1,1096,1097,1098,-1,1098,1097,1099,-1,1098,1099,1100,-1,1101,1102,1103,-1,1104,1105,1106,-1,1106,1105,1107,-1,1108,1094,1106,-1,1106,1094,1109,-1,1106,1109,1110,-1,1110,1109,1111,-1,1107,1112,1106,-1,1106,1112,1113,-1,1106,1113,1108,-1,1095,1090,1096,-1,1096,1090,1114,-1,1096,1114,1097,-1,1097,1114,1115,-1,1097,1115,1116,-1,1117,1115,1118,-1,1117,1119,1115,-1,1115,1119,1120,-1,1115,1120,1121,-1,1121,1122,1115,-1,1115,1122,1123,-1,1115,1123,1116,-1,1116,1123,1124,-1,1116,1124,1100,-1,1100,1124,1125,-1,1100,1125,1098,-1,1126,1127,1128,-1,1128,1127,1129,-1,1130,1131,1132,-1,1132,1131,1086,-1,1132,1086,1088,-1,1118,1128,1117,-1,1117,1128,1129,-1,1117,1129,1133,-1,1133,1129,1134,-1,1133,1134,1108,-1,1108,1134,1101,-1,1108,1101,1094,-1,1094,1101,1103,-1,1094,1103,1092,-1,1135,1136,1126,-1,1126,1136,1137,-1,1126,1137,1127,-1,1127,1137,1138,-1,1139,1140,544,-1,544,1140,542,-1,1141,1142,539,-1,1143,1144,544,-1,542,1145,538,-1,538,1145,1127,-1,1146,1147,1148,-1,1148,1147,1149,-1,1148,1149,1150,-1,1150,1149,1151,-1,1144,1152,544,-1,544,1152,1153,-1,544,1153,1139,-1,1134,1145,1101,-1,1101,1145,542,-1,1101,542,1147,-1,1147,542,1140,-1,1147,1140,1149,-1,1149,1140,1154,-1,1149,1154,1155,-1,1155,1154,1156,-1,1142,1157,539,-1,539,1157,1158,-1,539,1158,544,-1,544,1158,1159,-1,544,1159,1143,-1,1160,1161,539,-1,539,1161,1162,-1,539,1162,1141,-1,539,538,1160,-1,1160,538,1127,-1,1160,1127,1163,-1,1163,1127,1138,-1,1163,1138,1164,-1,1164,1138,1165,-1,1164,1165,1166,-1,1166,1165,1167,-1,1166,1167,1130,-1,1130,1167,1137,-1,1130,1137,1131,-1,1131,1137,1136,-1,1168,721,744,-1,1104,1169,1170,-1,1171,695,1102,-1,1102,695,708,-1,1102,708,1103,-1,1103,708,1092,-1,709,710,1172,-1,1173,1174,1093,-1,708,709,1092,-1,1092,709,1172,-1,1092,1172,1093,-1,1093,1172,1175,-1,1093,1175,1173,-1,743,1123,742,-1,742,1123,1122,-1,742,1122,740,-1,740,1122,1121,-1,740,1121,738,-1,738,1121,1120,-1,738,1120,724,-1,724,1120,1119,-1,724,1119,726,-1,726,1119,1117,-1,726,1117,727,-1,727,1117,1133,-1,727,1133,731,-1,731,1133,1108,-1,731,1108,729,-1,729,1108,1113,-1,729,1113,745,-1,745,1113,1112,-1,745,1112,733,-1,733,1112,1107,-1,733,1107,734,-1,734,1107,1105,-1,734,1105,744,-1,1176,1177,1168,-1,1105,1104,744,-1,744,1104,1170,-1,744,1170,1168,-1,1168,1170,1178,-1,1168,1178,1176,-1,1179,1180,1181,-1,1181,1180,1177,-1,1181,1177,1182,-1,1182,1177,1176,-1,1179,1183,1180,-1,1180,1183,1184,-1,1180,1184,1175,-1,1175,1184,1185,-1,1175,1185,1173,-1,695,1171,546,-1,546,1171,547,-1,1186,637,601,-1,601,637,602,-1,1187,623,636,-1,677,631,1188,-1,1189,1190,1139,-1,1160,634,1161,-1,1161,634,670,-1,1161,670,1162,-1,1162,670,665,-1,1162,665,1141,-1,1141,665,664,-1,1141,664,1142,-1,1142,664,663,-1,1142,663,1157,-1,1157,663,661,-1,1157,661,1158,-1,1158,661,660,-1,1158,660,1159,-1,1159,660,674,-1,1159,674,1143,-1,1143,674,672,-1,1143,672,1144,-1,1144,672,669,-1,1144,669,1152,-1,1152,669,667,-1,1152,667,1153,-1,1153,667,675,-1,1153,675,1139,-1,1139,675,677,-1,1139,677,1189,-1,1189,677,1188,-1,1189,1188,1191,-1,1191,1188,1192,-1,1191,1192,1193,-1,1194,1195,1196,-1,1197,1194,1151,-1,1151,1194,1196,-1,1151,1196,1150,-1,1196,1187,1150,-1,1150,1187,636,-1,1150,636,1148,-1,1148,636,628,-1,1148,628,1146,-1,1146,628,637,-1,1146,637,1186,-1,1195,1198,1196,-1,1196,1198,1199,-1,1196,1199,1200,-1,1199,1201,1200,-1,1200,1201,1202,-1,1200,1202,1192,-1,1192,1202,1203,-1,1192,1203,1193,-1,1163,1164,635,-1,635,1164,633,-1,1164,1166,633,-1,633,1166,649,-1,647,649,1130,-1,1130,649,1166,-1,1096,1098,692,-1,692,1098,697,-1,1098,1125,697,-1,697,1125,685,-1,686,685,1124,-1,1124,685,1125,-1,1204,1149,1205,-1,1205,1149,1155,-1,1205,1155,1206,-1,1206,1155,1207,-1,1207,1155,1156,-1,1207,1156,1208,-1,1208,1156,1209,-1,1209,1156,1154,-1,1209,1154,1210,-1,1140,1211,1154,-1,1154,1211,1212,-1,1154,1212,1210,-1,1197,1151,1204,-1,1204,1151,1149,-1,1211,1140,1190,-1,1190,1140,1139,-1,1213,1145,1214,-1,1214,1145,1134,-1,1215,1127,1213,-1,1213,1127,1145,-1,1216,1129,1215,-1,1215,1129,1127,-1,1214,1134,1216,-1,1216,1134,1129,-1,1217,1106,1218,-1,1218,1106,1110,-1,1218,1110,1219,-1,1219,1110,1220,-1,1220,1110,1111,-1,1220,1111,1221,-1,1221,1111,1222,-1,1222,1111,1109,-1,1222,1109,1223,-1,1094,1224,1109,-1,1109,1224,1225,-1,1109,1225,1223,-1,1169,1104,1217,-1,1217,1104,1106,-1,1224,1094,1174,-1,1174,1094,1093,-1,1226,626,620,-1,620,626,618,-1,627,626,1227,-1,1227,626,1226,-1,609,608,1227,-1,1227,608,627,-1,1228,722,616,-1,616,722,614,-1,735,722,1229,-1,1229,722,1228,-1,562,560,1229,-1,1229,560,735,-1,1230,711,612,-1,612,711,610,-1,718,711,1231,-1,1231,711,1230,-1,617,615,1231,-1,1231,615,718,-1,1232,704,550,-1,550,704,551,-1,683,704,1233,-1,1233,704,1232,-1,613,611,1233,-1,1233,611,683,-1,1234,725,599,-1,599,725,597,-1,723,725,1235,-1,1235,725,1234,-1,1051,736,1235,-1,1235,736,723,-1,1236,639,595,-1,595,639,593,-1,638,639,1237,-1,1237,639,1236,-1,621,619,1237,-1,1237,619,638,-1,1238,676,591,-1,591,676,589,-1,622,676,1239,-1,1239,676,1238,-1,596,594,1239,-1,1239,594,622,-1,1240,668,587,-1,587,668,585,-1,666,668,1241,-1,1241,668,1240,-1,592,590,1241,-1,1241,590,666,-1,1242,673,583,-1,583,673,581,-1,671,673,1243,-1,1243,673,1242,-1,588,586,1243,-1,1243,586,671,-1,1244,662,567,-1,567,662,568,-1,659,662,1245,-1,1245,662,1244,-1,584,582,1245,-1,1245,582,659,-1,1246,730,565,-1,565,730,563,-1,732,730,1247,-1,1247,730,1246,-1,600,598,1247,-1,1247,598,732,-1,1248,728,561,-1,561,728,559,-1,746,728,1249,-1,1249,728,1248,-1,566,564,1249,-1,1249,564,746,-1,743,686,1123,-1,1123,686,1124,-1,1089,1095,689,-1,689,1095,687,-1,1095,1096,687,-1,687,1096,692,-1,1130,1132,647,-1,647,1132,645,-1,1132,1088,645,-1,645,1088,643,-1,1160,1163,634,-1,634,1163,635,-1,1171,1102,547,-1,547,1102,549,-1,1250,1101,1251,-1,1251,1101,1147,-1,603,605,1146,-1,1146,605,1251,-1,1146,1251,1147,-1,554,549,1250,-1,1250,549,1102,-1,1250,1102,1101,-1,1146,1186,603,-1,603,1186,601,-1,1087,1086,1252,-1,1252,1086,1131,-1,1252,1131,1253,-1,1253,1131,1136,-1,1253,1136,1254,-1,1254,1136,1135,-1,1254,1135,1255,-1,1255,1135,1126,-1,1255,1126,1256,-1,1256,1126,1128,-1,1256,1128,1257,-1,1257,1128,1118,-1,1257,1118,1258,-1,1258,1118,1115,-1,1258,1115,1259,-1,1259,1115,1114,-1,1259,1114,1091,-1,1091,1114,1090,-1,540,1260,543,-1,543,1260,1261,-1,543,1261,545,-1,545,1261,1262,-1,545,1262,541,-1,541,1262,1263,-1,541,1263,540,-1,540,1263,1260,-1,1264,1262,1265,-1,1265,1262,1261,-1,1265,1261,1266,-1,1266,1261,1260,-1,1266,1260,1267,-1,1267,1260,1263,-1,1267,1263,1264,-1,1264,1263,1262,-1,1216,1268,1214,-1,1214,1268,1269,-1,1214,1269,1213,-1,1213,1269,1270,-1,1213,1270,1215,-1,1215,1270,1271,-1,1215,1271,1216,-1,1216,1271,1268,-1,1272,1268,1273,-1,1273,1268,1271,-1,1273,1271,1274,-1,1274,1271,1270,-1,1274,1270,1275,-1,1275,1270,1269,-1,1275,1269,1272,-1,1272,1269,1268,-1,1276,531,1277,-1,1277,531,537,-1,1277,537,1278,-1,1278,537,535,-1,1278,535,1279,-1,1279,535,533,-1,1279,533,1276,-1,1276,533,531,-1,1280,1281,1282,-1,1282,1281,1283,-1,1282,1283,1284,-1,1284,1283,1285,-1,1284,1285,1286,-1,1286,1285,1287,-1,1286,1287,1280,-1,1280,1287,1281,-1,1288,1281,1289,-1,1289,1281,1287,-1,1289,1287,1290,-1,1290,1287,1285,-1,1290,1285,1291,-1,1291,1285,1283,-1,1291,1283,1288,-1,1288,1283,1281,-1,1099,1097,530,-1,530,1097,536,-1,1097,1116,536,-1,536,1116,534,-1,1116,1100,534,-1,534,1100,532,-1,1100,1099,532,-1,532,1099,530,-1,1165,1138,1288,-1,1288,1138,1291,-1,1138,1137,1291,-1,1291,1137,1290,-1,1137,1167,1290,-1,1290,1167,1289,-1,1167,1165,1289,-1,1289,1165,1288,-1,1292,1293,1294,-1,1294,1293,1295,-1,1294,1295,1296,-1,1296,1295,1297,-1,1296,1297,1298,-1,1298,1297,1299,-1,1298,1299,1300,-1,1300,1299,1301,-1,1300,1301,1302,-1,1302,1301,1303,-1,1302,1303,1304,-1,1304,1303,1305,-1,1304,1305,1306,-1,1306,1305,1307,-1,1306,1307,1308,-1,1308,1307,1309,-1,1308,1309,1310,-1,1310,1309,1311,-1,1310,1311,1312,-1,1312,1311,1313,-1,1312,1313,1314,-1,1314,1313,1315,-1,1314,1315,1316,-1,1316,1315,1317,-1,1316,1317,1318,-1,1318,1317,1319,-1,1318,1319,1320,-1,1320,1319,1321,-1,1320,1321,1322,-1,1322,1321,1323,-1,1322,1323,1324,-1,1324,1323,1325,-1,1324,1325,1326,-1,1326,1325,1327,-1,1326,1327,1328,-1,1328,1327,1329,-1,1328,1329,1330,-1,1330,1329,1331,-1,1330,1331,1332,-1,1332,1331,1333,-1,1332,1333,1334,-1,1334,1333,1335,-1,1334,1335,1336,-1,1336,1335,1337,-1,1336,1337,1338,-1,1338,1337,1339,-1,1338,1339,1292,-1,1292,1339,1293,-1,1340,1341,1342,-1,1342,1341,1343,-1,1342,1343,1344,-1,1345,1346,1342,-1,1342,1346,1347,-1,1342,1347,1340,-1,1348,1349,1342,-1,1342,1349,1350,-1,1342,1350,1345,-1,1351,1352,1342,-1,1342,1352,1353,-1,1342,1353,1348,-1,1354,1355,1342,-1,1342,1355,1356,-1,1342,1356,1351,-1,1357,1358,1342,-1,1342,1358,1359,-1,1342,1359,1354,-1,1360,1361,1342,-1,1342,1361,1362,-1,1342,1362,1357,-1,1344,1363,1342,-1,1342,1363,1364,-1,1342,1364,1360,-1,1365,1366,1367,-1,1367,1366,1368,-1,1367,1368,1369,-1,1369,1368,1370,-1,1369,1370,1371,-1,1371,1370,1372,-1,1371,1372,1373,-1,1373,1372,1374,-1,1373,1374,1375,-1,1375,1374,1376,-1,1375,1376,1377,-1,1377,1376,1378,-1,1377,1378,1379,-1,1379,1378,1380,-1,1379,1380,1381,-1,1381,1380,1382,-1,1381,1382,1383,-1,1383,1382,1384,-1,1383,1384,1385,-1,1385,1384,1386,-1,1385,1386,1387,-1,1387,1386,1388,-1,1387,1388,1389,-1,1389,1388,1390,-1,1389,1390,1391,-1,1391,1390,1392,-1,1391,1392,1393,-1,1393,1392,1394,-1,1393,1394,1395,-1,1395,1394,1396,-1,1395,1396,1397,-1,1397,1396,1398,-1,1397,1398,1399,-1,1399,1398,1400,-1,1399,1400,1401,-1,1401,1400,1402,-1,1401,1402,1403,-1,1403,1402,1404,-1,1403,1404,1405,-1,1405,1404,1406,-1,1405,1406,1407,-1,1407,1406,1408,-1,1407,1408,1409,-1,1409,1408,1410,-1,1409,1410,1411,-1,1411,1410,1412,-1,1411,1412,1365,-1,1365,1412,1366,-1,1413,1414,1415,-1,1415,1414,1416,-1,1415,1416,1417,-1,1418,1419,1415,-1,1415,1419,1420,-1,1415,1420,1413,-1,1421,1422,1415,-1,1415,1422,1423,-1,1415,1423,1418,-1,1424,1425,1415,-1,1415,1425,1426,-1,1415,1426,1421,-1,1427,1428,1415,-1,1415,1428,1429,-1,1415,1429,1424,-1,1430,1431,1415,-1,1415,1431,1432,-1,1415,1432,1427,-1,1433,1434,1415,-1,1415,1434,1435,-1,1415,1435,1430,-1,1417,1436,1415,-1,1415,1436,1437,-1,1415,1437,1433,-1,1416,1438,1417,-1,1417,1438,1439,-1,1417,1439,1436,-1,1436,1439,1440,-1,1436,1440,1437,-1,1437,1440,1441,-1,1437,1441,1433,-1,1433,1441,1442,-1,1433,1442,1434,-1,1434,1442,1443,-1,1434,1443,1435,-1,1435,1443,1444,-1,1435,1444,1430,-1,1430,1444,1445,-1,1430,1445,1431,-1,1431,1445,1446,-1,1431,1446,1432,-1,1432,1446,1447,-1,1432,1447,1427,-1,1427,1447,1448,-1,1427,1448,1428,-1,1428,1448,1449,-1,1428,1449,1429,-1,1429,1449,1450,-1,1429,1450,1424,-1,1424,1450,1451,-1,1424,1451,1425,-1,1425,1451,1452,-1,1425,1452,1426,-1,1426,1452,1453,-1,1426,1453,1421,-1,1421,1453,1454,-1,1421,1454,1422,-1,1422,1454,1455,-1,1422,1455,1423,-1,1423,1455,1456,-1,1423,1456,1418,-1,1418,1456,1457,-1,1418,1457,1419,-1,1419,1457,1458,-1,1419,1458,1420,-1,1420,1458,1459,-1,1420,1459,1413,-1,1413,1459,1460,-1,1413,1460,1414,-1,1414,1460,1461,-1,1414,1461,1416,-1,1416,1461,1438,-1,1461,1462,1438,-1,1438,1462,1463,-1,1438,1463,1439,-1,1439,1463,1464,-1,1439,1464,1440,-1,1440,1464,1465,-1,1440,1465,1441,-1,1441,1465,1466,-1,1441,1466,1442,-1,1442,1466,1467,-1,1442,1467,1443,-1,1443,1467,1468,-1,1443,1468,1444,-1,1444,1468,1469,-1,1444,1469,1445,-1,1445,1469,1470,-1,1445,1470,1446,-1,1446,1470,1471,-1,1446,1471,1447,-1,1447,1471,1472,-1,1447,1472,1448,-1,1448,1472,1473,-1,1448,1473,1449,-1,1449,1473,1474,-1,1449,1474,1450,-1,1450,1474,1475,-1,1450,1475,1451,-1,1451,1475,1476,-1,1451,1476,1452,-1,1452,1476,1477,-1,1452,1477,1453,-1,1453,1477,1478,-1,1453,1478,1454,-1,1454,1478,1479,-1,1454,1479,1455,-1,1455,1479,1480,-1,1455,1480,1456,-1,1456,1480,1481,-1,1456,1481,1457,-1,1457,1481,1482,-1,1457,1482,1458,-1,1458,1482,1483,-1,1458,1483,1459,-1,1459,1483,1484,-1,1459,1484,1460,-1,1460,1484,1485,-1,1460,1485,1461,-1,1461,1485,1462,-1,1485,1486,1462,-1,1462,1486,1487,-1,1462,1487,1463,-1,1463,1487,1488,-1,1463,1488,1464,-1,1464,1488,1489,-1,1464,1489,1465,-1,1465,1489,1490,-1,1465,1490,1466,-1,1466,1490,1491,-1,1466,1491,1467,-1,1467,1491,1492,-1,1467,1492,1468,-1,1468,1492,1493,-1,1468,1493,1469,-1,1469,1493,1494,-1,1469,1494,1470,-1,1470,1494,1495,-1,1470,1495,1471,-1,1471,1495,1496,-1,1471,1496,1472,-1,1472,1496,1497,-1,1472,1497,1473,-1,1473,1497,1498,-1,1473,1498,1474,-1,1474,1498,1499,-1,1474,1499,1475,-1,1475,1499,1500,-1,1475,1500,1476,-1,1476,1500,1501,-1,1476,1501,1477,-1,1477,1501,1502,-1,1477,1502,1478,-1,1478,1502,1503,-1,1478,1503,1479,-1,1479,1503,1504,-1,1479,1504,1480,-1,1480,1504,1505,-1,1480,1505,1481,-1,1481,1505,1506,-1,1481,1506,1482,-1,1482,1506,1507,-1,1482,1507,1483,-1,1483,1507,1508,-1,1483,1508,1484,-1,1484,1508,1509,-1,1484,1509,1485,-1,1485,1509,1486,-1,1509,1510,1486,-1,1486,1510,1511,-1,1486,1511,1487,-1,1487,1511,1512,-1,1487,1512,1488,-1,1488,1512,1513,-1,1488,1513,1489,-1,1489,1513,1514,-1,1489,1514,1490,-1,1490,1514,1515,-1,1490,1515,1491,-1,1491,1515,1516,-1,1491,1516,1492,-1,1492,1516,1517,-1,1492,1517,1493,-1,1493,1517,1518,-1,1493,1518,1494,-1,1494,1518,1519,-1,1494,1519,1495,-1,1495,1519,1520,-1,1495,1520,1496,-1,1496,1520,1521,-1,1496,1521,1497,-1,1497,1521,1522,-1,1497,1522,1498,-1,1498,1522,1523,-1,1498,1523,1499,-1,1499,1523,1524,-1,1499,1524,1500,-1,1500,1524,1525,-1,1500,1525,1501,-1,1501,1525,1526,-1,1501,1526,1502,-1,1502,1526,1527,-1,1502,1527,1503,-1,1503,1527,1528,-1,1503,1528,1504,-1,1504,1528,1529,-1,1504,1529,1505,-1,1505,1529,1530,-1,1505,1530,1506,-1,1506,1530,1531,-1,1506,1531,1507,-1,1507,1531,1532,-1,1507,1532,1508,-1,1508,1532,1533,-1,1508,1533,1509,-1,1509,1533,1510,-1,1533,1534,1510,-1,1510,1534,1535,-1,1510,1535,1511,-1,1511,1535,1536,-1,1511,1536,1512,-1,1512,1536,1537,-1,1512,1537,1513,-1,1513,1537,1538,-1,1513,1538,1514,-1,1514,1538,1539,-1,1514,1539,1515,-1,1515,1539,1540,-1,1515,1540,1516,-1,1516,1540,1541,-1,1516,1541,1517,-1,1517,1541,1542,-1,1517,1542,1518,-1,1518,1542,1543,-1,1518,1543,1519,-1,1519,1543,1544,-1,1519,1544,1520,-1,1520,1544,1545,-1,1520,1545,1521,-1,1521,1545,1546,-1,1521,1546,1522,-1,1522,1546,1547,-1,1522,1547,1523,-1,1523,1547,1548,-1,1523,1548,1524,-1,1524,1548,1549,-1,1524,1549,1525,-1,1525,1549,1550,-1,1525,1550,1526,-1,1526,1550,1551,-1,1526,1551,1527,-1,1527,1551,1552,-1,1527,1552,1528,-1,1528,1552,1553,-1,1528,1553,1529,-1,1529,1553,1554,-1,1529,1554,1530,-1,1530,1554,1555,-1,1530,1555,1531,-1,1531,1555,1556,-1,1531,1556,1532,-1,1532,1556,1557,-1,1532,1557,1533,-1,1533,1557,1534,-1,1557,1386,1534,-1,1534,1386,1384,-1,1534,1384,1535,-1,1535,1384,1382,-1,1535,1382,1536,-1,1536,1382,1380,-1,1536,1380,1537,-1,1537,1380,1378,-1,1537,1378,1538,-1,1538,1378,1376,-1,1538,1376,1539,-1,1539,1376,1374,-1,1539,1374,1540,-1,1540,1374,1372,-1,1540,1372,1541,-1,1541,1372,1370,-1,1541,1370,1542,-1,1542,1370,1368,-1,1542,1368,1543,-1,1543,1368,1366,-1,1543,1366,1544,-1,1544,1366,1412,-1,1544,1412,1545,-1,1545,1412,1410,-1,1545,1410,1546,-1,1546,1410,1408,-1,1546,1408,1547,-1,1547,1408,1406,-1,1547,1406,1548,-1,1548,1406,1404,-1,1548,1404,1549,-1,1549,1404,1402,-1,1549,1402,1550,-1,1550,1402,1400,-1,1550,1400,1551,-1,1551,1400,1398,-1,1551,1398,1552,-1,1552,1398,1396,-1,1552,1396,1553,-1,1553,1396,1394,-1,1553,1394,1554,-1,1554,1394,1392,-1,1554,1392,1555,-1,1555,1392,1390,-1,1555,1390,1556,-1,1556,1390,1388,-1,1556,1388,1557,-1,1557,1388,1386,-1,1343,1558,1344,-1,1344,1558,1559,-1,1344,1559,1363,-1,1363,1559,1560,-1,1363,1560,1364,-1,1364,1560,1561,-1,1364,1561,1360,-1,1360,1561,1562,-1,1360,1562,1361,-1,1361,1562,1563,-1,1361,1563,1362,-1,1362,1563,1564,-1,1362,1564,1357,-1,1357,1564,1565,-1,1357,1565,1358,-1,1358,1565,1566,-1,1358,1566,1359,-1,1359,1566,1567,-1,1359,1567,1354,-1,1354,1567,1568,-1,1354,1568,1355,-1,1355,1568,1569,-1,1355,1569,1356,-1,1356,1569,1570,-1,1356,1570,1351,-1,1351,1570,1571,-1,1351,1571,1352,-1,1352,1571,1572,-1,1352,1572,1353,-1,1353,1572,1573,-1,1353,1573,1348,-1,1348,1573,1574,-1,1348,1574,1349,-1,1349,1574,1575,-1,1349,1575,1350,-1,1350,1575,1576,-1,1350,1576,1345,-1,1345,1576,1577,-1,1345,1577,1346,-1,1346,1577,1578,-1,1346,1578,1347,-1,1347,1578,1579,-1,1347,1579,1340,-1,1340,1579,1580,-1,1340,1580,1341,-1,1341,1580,1581,-1,1341,1581,1343,-1,1343,1581,1558,-1,1581,1582,1558,-1,1558,1582,1583,-1,1558,1583,1559,-1,1559,1583,1584,-1,1559,1584,1560,-1,1560,1584,1585,-1,1560,1585,1561,-1,1561,1585,1586,-1,1561,1586,1562,-1,1562,1586,1587,-1,1562,1587,1563,-1,1563,1587,1588,-1,1563,1588,1564,-1,1564,1588,1589,-1,1564,1589,1565,-1,1565,1589,1590,-1,1565,1590,1566,-1,1566,1590,1591,-1,1566,1591,1567,-1,1567,1591,1592,-1,1567,1592,1568,-1,1568,1592,1593,-1,1568,1593,1569,-1,1569,1593,1594,-1,1569,1594,1570,-1,1570,1594,1595,-1,1570,1595,1571,-1,1571,1595,1596,-1,1571,1596,1572,-1,1572,1596,1597,-1,1572,1597,1573,-1,1573,1597,1598,-1,1573,1598,1574,-1,1574,1598,1599,-1,1574,1599,1575,-1,1575,1599,1600,-1,1575,1600,1576,-1,1576,1600,1601,-1,1576,1601,1577,-1,1577,1601,1602,-1,1577,1602,1578,-1,1578,1602,1603,-1,1578,1603,1579,-1,1579,1603,1604,-1,1579,1604,1580,-1,1580,1604,1605,-1,1580,1605,1581,-1,1581,1605,1582,-1,1605,1606,1582,-1,1582,1606,1607,-1,1582,1607,1583,-1,1583,1607,1608,-1,1583,1608,1584,-1,1584,1608,1609,-1,1584,1609,1585,-1,1585,1609,1610,-1,1585,1610,1586,-1,1586,1610,1611,-1,1586,1611,1587,-1,1587,1611,1612,-1,1587,1612,1588,-1,1588,1612,1613,-1,1588,1613,1589,-1,1589,1613,1614,-1,1589,1614,1590,-1,1590,1614,1615,-1,1590,1615,1591,-1,1591,1615,1616,-1,1591,1616,1592,-1,1592,1616,1617,-1,1592,1617,1593,-1,1593,1617,1618,-1,1593,1618,1594,-1,1594,1618,1619,-1,1594,1619,1595,-1,1595,1619,1620,-1,1595,1620,1596,-1,1596,1620,1621,-1,1596,1621,1597,-1,1597,1621,1622,-1,1597,1622,1598,-1,1598,1622,1623,-1,1598,1623,1599,-1,1599,1623,1624,-1,1599,1624,1600,-1,1600,1624,1625,-1,1600,1625,1601,-1,1601,1625,1626,-1,1601,1626,1602,-1,1602,1626,1627,-1,1602,1627,1603,-1,1603,1627,1628,-1,1603,1628,1604,-1,1604,1628,1629,-1,1604,1629,1605,-1,1605,1629,1606,-1,1629,1630,1606,-1,1606,1630,1631,-1,1606,1631,1607,-1,1607,1631,1632,-1,1607,1632,1608,-1,1608,1632,1633,-1,1608,1633,1609,-1,1609,1633,1634,-1,1609,1634,1610,-1,1610,1634,1635,-1,1610,1635,1611,-1,1611,1635,1636,-1,1611,1636,1612,-1,1612,1636,1637,-1,1612,1637,1613,-1,1613,1637,1638,-1,1613,1638,1614,-1,1614,1638,1639,-1,1614,1639,1615,-1,1615,1639,1640,-1,1615,1640,1616,-1,1616,1640,1641,-1,1616,1641,1617,-1,1617,1641,1642,-1,1617,1642,1618,-1,1618,1642,1643,-1,1618,1643,1619,-1,1619,1643,1644,-1,1619,1644,1620,-1,1620,1644,1645,-1,1620,1645,1621,-1,1621,1645,1646,-1,1621,1646,1622,-1,1622,1646,1647,-1,1622,1647,1623,-1,1623,1647,1648,-1,1623,1648,1624,-1,1624,1648,1649,-1,1624,1649,1625,-1,1625,1649,1650,-1,1625,1650,1626,-1,1626,1650,1651,-1,1626,1651,1627,-1,1627,1651,1652,-1,1627,1652,1628,-1,1628,1652,1653,-1,1628,1653,1629,-1,1629,1653,1630,-1,1653,1654,1630,-1,1630,1654,1655,-1,1630,1655,1631,-1,1631,1655,1656,-1,1631,1656,1632,-1,1632,1656,1657,-1,1632,1657,1633,-1,1633,1657,1658,-1,1633,1658,1634,-1,1634,1658,1659,-1,1634,1659,1635,-1,1635,1659,1660,-1,1635,1660,1636,-1,1636,1660,1661,-1,1636,1661,1637,-1,1637,1661,1662,-1,1637,1662,1638,-1,1638,1662,1663,-1,1638,1663,1639,-1,1639,1663,1664,-1,1639,1664,1640,-1,1640,1664,1665,-1,1640,1665,1641,-1,1641,1665,1666,-1,1641,1666,1642,-1,1642,1666,1667,-1,1642,1667,1643,-1,1643,1667,1668,-1,1643,1668,1644,-1,1644,1668,1669,-1,1644,1669,1645,-1,1645,1669,1670,-1,1645,1670,1646,-1,1646,1670,1671,-1,1646,1671,1647,-1,1647,1671,1672,-1,1647,1672,1648,-1,1648,1672,1673,-1,1648,1673,1649,-1,1649,1673,1674,-1,1649,1674,1650,-1,1650,1674,1675,-1,1650,1675,1651,-1,1651,1675,1676,-1,1651,1676,1652,-1,1652,1676,1677,-1,1652,1677,1653,-1,1653,1677,1654,-1,1677,1313,1654,-1,1654,1313,1311,-1,1654,1311,1655,-1,1655,1311,1309,-1,1655,1309,1656,-1,1656,1309,1307,-1,1656,1307,1657,-1,1657,1307,1305,-1,1657,1305,1658,-1,1658,1305,1303,-1,1658,1303,1659,-1,1659,1303,1301,-1,1659,1301,1660,-1,1660,1301,1299,-1,1660,1299,1661,-1,1661,1299,1297,-1,1661,1297,1662,-1,1662,1297,1295,-1,1662,1295,1663,-1,1663,1295,1293,-1,1663,1293,1664,-1,1664,1293,1339,-1,1664,1339,1665,-1,1665,1339,1337,-1,1665,1337,1666,-1,1666,1337,1335,-1,1666,1335,1667,-1,1667,1335,1333,-1,1667,1333,1668,-1,1668,1333,1331,-1,1668,1331,1669,-1,1669,1331,1329,-1,1669,1329,1670,-1,1670,1329,1327,-1,1670,1327,1671,-1,1671,1327,1325,-1,1671,1325,1672,-1,1672,1325,1323,-1,1672,1323,1673,-1,1673,1323,1321,-1,1673,1321,1674,-1,1674,1321,1319,-1,1674,1319,1675,-1,1675,1319,1317,-1,1675,1317,1676,-1,1676,1317,1315,-1,1676,1315,1677,-1,1677,1315,1313,-1,1678,1679,1680,-1,1680,1679,1681,-1,1680,1681,612,-1,612,1681,1230,-1,1678,1682,1679,-1,1679,1682,1683,-1,1679,1683,1684,-1,1684,1683,1685,-1,1684,1685,1686,-1,1686,1685,1687,-1,1686,1687,1688,-1,1688,1687,1689,-1,1688,1689,1690,-1,1691,1692,1693,-1,1693,1692,1694,-1,1693,1694,1689,-1,1689,1694,1695,-1,1689,1695,1690,-1,1691,1696,1692,-1,1692,1696,1697,-1,1692,1697,1698,-1,1698,1697,1699,-1,1698,1699,1700,-1,1700,1699,1701,-1,1700,1701,1702,-1,1702,1701,1703,-1,1702,1703,1704,-1,889,882,1705,-1,1705,882,1706,-1,1705,1706,1703,-1,1703,1706,1707,-1,1703,1707,1704,-1,1708,1231,1230,-1,1708,1230,1709,-1,1686,1710,1711,-1,1230,1681,1709,-1,1709,1681,1679,-1,1709,1679,1711,-1,1711,1679,1684,-1,1711,1684,1686,-1,1712,1713,1690,-1,1690,1713,1714,-1,1710,1686,1714,-1,1714,1686,1688,-1,1714,1688,1690,-1,1715,1716,1712,-1,1712,1716,1717,-1,1712,1717,1713,-1,1718,1719,1720,-1,1712,1694,1715,-1,1715,1694,1692,-1,1715,1692,1720,-1,1720,1692,1698,-1,1720,1698,1718,-1,1704,1721,1722,-1,1719,1718,1722,-1,1722,1718,1702,-1,1722,1702,1704,-1,1723,878,1724,-1,1724,878,877,-1,1721,1704,1723,-1,1723,1704,1725,-1,1723,1725,878,-1,878,1725,1706,-1,878,1706,882,-1,1726,1727,1728,-1,1726,1728,1705,-1,1705,1728,890,-1,1705,890,889,-1,1727,1726,1729,-1,1729,1726,1701,-1,1729,1701,1730,-1,1731,1732,1696,-1,1696,1732,1733,-1,1696,1733,1697,-1,1697,1733,1730,-1,1697,1730,1734,-1,1734,1730,1701,-1,1696,1691,1731,-1,1731,1691,1693,-1,1731,1693,1735,-1,1735,1693,1689,-1,1735,1689,1736,-1,1736,1689,1687,-1,1736,1687,1737,-1,1737,1687,1685,-1,1737,1685,1738,-1,1738,1685,1739,-1,1739,1685,1683,-1,1739,1683,1740,-1,1740,1683,1682,-1,1740,1682,1678,-1,612,613,1680,-1,1680,613,1741,-1,1680,1741,1678,-1,1678,1741,1742,-1,1678,1742,1740,-1,617,1231,1743,-1,1743,1231,1708,-1,1743,1708,1744,-1,1744,1708,1709,-1,1744,1709,1745,-1,1745,1709,1711,-1,1745,1711,1746,-1,1746,1711,1710,-1,1746,1710,1747,-1,1747,1710,1748,-1,1748,1710,1714,-1,1748,1714,1749,-1,1714,1713,1749,-1,1749,1713,1750,-1,1749,1750,1751,-1,1751,1750,1716,-1,1751,1716,1752,-1,1752,1716,1753,-1,1752,1753,1754,-1,1754,1753,1720,-1,1754,1720,1755,-1,1755,1720,1756,-1,1755,1756,1757,-1,1757,1756,1758,-1,1758,1756,1722,-1,1758,1722,1759,-1,1722,1721,1759,-1,1759,1721,1760,-1,1759,1760,1761,-1,1761,1760,1724,-1,1761,1724,974,-1,974,1724,877,-1,892,890,1762,-1,1762,890,1728,-1,1762,1728,1763,-1,1763,1728,1764,-1,1763,1764,1765,-1,1765,1764,1729,-1,1765,1729,1766,-1,1766,1729,1767,-1,1766,1767,1768,-1,1768,1767,1769,-1,1769,1767,1733,-1,1769,1733,1770,-1,1733,1732,1770,-1,1770,1732,1771,-1,1770,1771,1772,-1,1772,1771,1735,-1,1772,1735,1773,-1,1773,1735,1736,-1,1773,1736,1774,-1,1774,1736,1737,-1,1774,1737,1775,-1,1775,1737,1738,-1,1775,1738,1776,-1,1776,1738,1777,-1,1777,1738,1739,-1,1777,1739,1778,-1,613,1233,1741,-1,1741,1233,1779,-1,1741,1779,1742,-1,1742,1779,1778,-1,1742,1778,1740,-1,1740,1778,1739,-1,616,617,1780,-1,1780,617,1743,-1,1780,1743,1781,-1,1743,1744,1781,-1,1781,1744,1745,-1,1781,1745,1782,-1,1782,1745,1746,-1,1782,1746,1783,-1,1783,1746,1747,-1,1783,1747,1784,-1,1784,1747,1785,-1,1785,1747,1748,-1,1785,1748,1786,-1,1786,1748,1787,-1,1786,1787,1788,-1,1788,1787,1751,-1,1788,1751,1789,-1,1751,1752,1789,-1,1789,1752,1754,-1,1789,1754,1790,-1,1790,1754,1791,-1,1790,1791,1792,-1,1792,1791,1793,-1,1791,1757,1793,-1,1793,1757,1758,-1,1793,1758,1794,-1,1794,1758,1795,-1,1794,1795,1796,-1,1796,1795,1761,-1,1796,1761,1797,-1,1797,1761,974,-1,1797,974,973,-1,1798,894,892,-1,1798,892,1799,-1,1799,892,1762,-1,1799,1762,1800,-1,1770,1801,1769,-1,1769,1801,1802,-1,1769,1802,1768,-1,1768,1802,1803,-1,1768,1803,1804,-1,1803,1805,1804,-1,1804,1805,1806,-1,1804,1806,1765,-1,1765,1806,1807,-1,1765,1807,1800,-1,1800,1807,1808,-1,1800,1808,1799,-1,1775,1809,1774,-1,1774,1809,1810,-1,1774,1810,1773,-1,1773,1810,1811,-1,1773,1811,1772,-1,1772,1811,1812,-1,1772,1812,1770,-1,1770,1812,1813,-1,1770,1813,1801,-1,1779,1233,1232,-1,1232,1814,1779,-1,1779,1814,1815,-1,1779,1815,1778,-1,1778,1815,1816,-1,1778,1816,1777,-1,1777,1816,1817,-1,1777,1817,1776,-1,1776,1817,1818,-1,1776,1818,1775,-1,1775,1818,1819,-1,1775,1819,1809,-1,1228,616,1820,-1,1820,616,1780,-1,1820,1780,1821,-1,1780,1781,1821,-1,1821,1781,1782,-1,1821,1782,1822,-1,1822,1782,1783,-1,1822,1783,1823,-1,1824,1825,1786,-1,1786,1825,1826,-1,1786,1826,1785,-1,1785,1826,1823,-1,1785,1823,1784,-1,1784,1823,1783,-1,1824,1786,1827,-1,1827,1786,1788,-1,1827,1788,1828,-1,1788,1789,1828,-1,1828,1789,1790,-1,1828,1790,1829,-1,1829,1790,1830,-1,1829,1830,1831,-1,1832,1833,1834,-1,1834,1833,1835,-1,1834,1835,1794,-1,1794,1835,1831,-1,1794,1831,1793,-1,1793,1831,1830,-1,973,972,1797,-1,1797,972,1834,-1,1832,1834,1836,-1,1836,1834,972,-1,1836,972,981,-1,894,1798,884,-1,884,1798,1799,-1,884,1799,1808,-1,885,884,1837,-1,1837,884,1808,-1,1837,1808,1838,-1,1838,1808,1839,-1,1839,1808,1807,-1,1839,1807,1840,-1,1807,1806,1840,-1,1840,1806,1805,-1,1840,1805,1841,-1,1841,1805,1803,-1,1802,1842,1803,-1,1803,1842,1843,-1,1803,1843,1841,-1,1802,1801,1842,-1,1842,1801,1813,-1,1842,1813,1812,-1,1812,1811,1842,-1,1842,1811,1810,-1,1842,1810,1844,-1,1844,1810,1809,-1,1819,1845,1809,-1,1809,1845,1846,-1,1809,1846,1844,-1,1819,1818,1845,-1,1845,1818,1817,-1,1845,1817,1847,-1,1847,1817,1816,-1,1847,1816,1848,-1,1848,1816,1849,-1,1816,1815,1849,-1,1849,1815,1814,-1,1849,1814,1850,-1,1850,1814,1232,-1,1850,1232,550,-1,1851,1229,1228,-1,1851,1228,1852,-1,1228,1820,1852,-1,1852,1820,1821,-1,1852,1821,1853,-1,1853,1821,1822,-1,1853,1822,1854,-1,1854,1822,1855,-1,1854,1855,1856,-1,1856,1855,1826,-1,1856,1826,1825,-1,1857,1858,1859,-1,1859,1858,1860,-1,1859,1860,1825,-1,1825,1860,1861,-1,1825,1861,1856,-1,1862,1863,1864,-1,1859,1827,1857,-1,1857,1827,1828,-1,1857,1828,1864,-1,1864,1828,1829,-1,1864,1829,1862,-1,1863,1862,1865,-1,1865,1862,1835,-1,1865,1835,1866,-1,1835,1833,1866,-1,1866,1833,1867,-1,1866,1867,1868,-1,1868,1867,1869,-1,1869,1867,983,-1,983,1867,1836,-1,983,1836,981,-1,1870,1871,1872,-1,1873,895,886,-1,1874,1875,1876,-1,1876,1875,1877,-1,1877,1878,1876,-1,1876,1878,1879,-1,1876,1879,1880,-1,1871,1881,1872,-1,1872,1881,1882,-1,1872,1882,1883,-1,1883,1882,1884,-1,1883,1884,1874,-1,1885,1886,1887,-1,1887,1886,1870,-1,1888,553,1889,-1,1889,553,554,-1,1888,1885,553,-1,553,1885,1887,-1,553,1887,552,-1,552,1887,1850,-1,552,1850,550,-1,1870,1872,1887,-1,1887,1872,1845,-1,1887,1845,1847,-1,1847,1848,1887,-1,1887,1848,1849,-1,1887,1849,1850,-1,1843,1842,1883,-1,1883,1842,1844,-1,1883,1844,1872,-1,1872,1844,1846,-1,1872,1846,1845,-1,1874,1876,1883,-1,1883,1876,1841,-1,1883,1841,1843,-1,1837,1890,1880,-1,1880,1890,1839,-1,1880,1839,1876,-1,1876,1839,1891,-1,1876,1891,1841,-1,885,1837,886,-1,886,1837,1880,-1,886,1880,1873,-1,1873,1880,1879,-1,1869,983,984,-1,562,1229,1892,-1,1892,1229,1851,-1,1892,1851,1893,-1,1893,1851,1852,-1,1893,1852,1894,-1,1894,1852,1853,-1,1894,1853,1895,-1,1895,1853,1854,-1,1895,1854,1896,-1,1896,1854,1897,-1,1897,1854,1856,-1,1897,1856,1898,-1,1856,1861,1898,-1,1898,1861,1899,-1,1898,1899,1900,-1,1900,1899,1858,-1,1900,1858,1901,-1,1901,1858,1857,-1,1901,1857,1902,-1,1902,1857,1864,-1,1902,1864,1903,-1,1903,1864,1904,-1,1903,1904,1905,-1,1905,1904,1906,-1,1906,1904,1865,-1,1906,1865,1907,-1,1869,984,1908,-1,1865,1866,1907,-1,1907,1866,1908,-1,1907,1908,1909,-1,1909,1908,984,-1,1909,984,985,-1,1910,1911,1885,-1,750,895,1912,-1,1912,895,1873,-1,1873,1879,1912,-1,1912,1879,1878,-1,1912,1878,1913,-1,1878,1877,1913,-1,1913,1877,1914,-1,1913,1914,1915,-1,1915,1914,1874,-1,1874,1884,1915,-1,1915,1884,1882,-1,1915,1882,1916,-1,1916,1882,1917,-1,1882,1881,1917,-1,1917,1881,1871,-1,1917,1871,1918,-1,1918,1871,1870,-1,1918,1870,1911,-1,1911,1870,1886,-1,1911,1886,1885,-1,1889,554,1250,-1,1910,1885,1250,-1,1250,1885,1888,-1,1250,1888,1889,-1,561,562,1892,-1,561,1892,1919,-1,1919,1892,1893,-1,1919,1893,1920,-1,1920,1893,1894,-1,1920,1894,1921,-1,1921,1894,1895,-1,1921,1895,1922,-1,1922,1895,1896,-1,1922,1896,1923,-1,1923,1896,1924,-1,1924,1896,1897,-1,1924,1897,1925,-1,1925,1897,1926,-1,1925,1926,1927,-1,1927,1926,1900,-1,1927,1900,1928,-1,1900,1901,1928,-1,1928,1901,1902,-1,1928,1902,1929,-1,1929,1902,1930,-1,1929,1930,1931,-1,1931,1930,1932,-1,1930,1905,1932,-1,1932,1905,1906,-1,1932,1906,1933,-1,1933,1906,1934,-1,985,977,1909,-1,1909,977,1935,-1,1909,1935,1934,-1,1934,1935,1936,-1,1934,1936,1933,-1,748,750,1912,-1,1937,971,749,-1,1915,1938,1913,-1,1913,1938,1937,-1,1913,1937,1912,-1,1912,1937,749,-1,1912,749,748,-1,1250,1251,1910,-1,1910,1251,1939,-1,1910,1939,1911,-1,1911,1939,1940,-1,1911,1940,1918,-1,1918,1940,1941,-1,1918,1941,1917,-1,1917,1941,1942,-1,1917,1942,1916,-1,1916,1942,1943,-1,1916,1943,1915,-1,1915,1943,1944,-1,1915,1944,1938,-1,1248,561,1945,-1,1945,561,1919,-1,1945,1919,1946,-1,1919,1920,1946,-1,1946,1920,1921,-1,1946,1921,1947,-1,1947,1921,1922,-1,1947,1922,1948,-1,1949,1950,1951,-1,1951,1950,1952,-1,1951,1952,1924,-1,1924,1952,1948,-1,1924,1948,1923,-1,1923,1948,1922,-1,1949,1951,1953,-1,1953,1951,1927,-1,1953,1927,1954,-1,1927,1928,1954,-1,1954,1928,1929,-1,1954,1929,1955,-1,1955,1929,1956,-1,1955,1956,1957,-1,1958,1959,1933,-1,1933,1959,1957,-1,1933,1957,1932,-1,1932,1957,1956,-1,1960,976,1961,-1,1961,976,975,-1,977,976,1935,-1,1935,976,1960,-1,1935,1960,1958,-1,1958,1960,1962,-1,1958,1962,1959,-1,1963,970,971,-1,1964,1965,1937,-1,1937,1965,1966,-1,1937,1966,971,-1,971,1966,1967,-1,971,1967,1963,-1,1964,1937,1968,-1,1968,1937,1938,-1,1968,1938,1969,-1,1969,1938,1944,-1,1969,1944,1970,-1,1970,1944,1971,-1,1971,1944,1943,-1,1971,1943,1972,-1,1972,1943,1942,-1,1972,1942,1973,-1,1973,1942,1974,-1,1974,1942,1941,-1,1974,1941,1975,-1,1975,1941,1940,-1,1975,1940,1976,-1,1251,605,1977,-1,1977,1978,1251,-1,1251,1978,1979,-1,1251,1979,1939,-1,1939,1979,1980,-1,1939,1980,1940,-1,1940,1980,1981,-1,1940,1981,1976,-1,1961,975,988,-1,1982,1249,1248,-1,1982,1248,1983,-1,1248,1945,1983,-1,1983,1945,1946,-1,1983,1946,1984,-1,1984,1946,1947,-1,1984,1947,1985,-1,1985,1947,1948,-1,1985,1948,1986,-1,1986,1948,1952,-1,1986,1952,1987,-1,1987,1952,1950,-1,1987,1950,1988,-1,1989,1990,1988,-1,1988,1990,1991,-1,1988,1991,1987,-1,1992,1993,1994,-1,1988,1953,1989,-1,1989,1953,1954,-1,1989,1954,1995,-1,1995,1954,1955,-1,1995,1955,1996,-1,1996,1955,1997,-1,1996,1997,1998,-1,1998,1997,1959,-1,1998,1959,1994,-1,1994,1959,1962,-1,1994,1962,1992,-1,1961,988,1992,-1,1992,988,1999,-1,1992,1999,1993,-1,606,607,2000,-1,2001,2002,2003,-1,2003,2002,2004,-1,2005,2006,2007,-1,2007,2006,2008,-1,2007,2008,2009,-1,2009,2008,2010,-1,2011,2010,2012,-1,2013,2014,2015,-1,2015,2014,2016,-1,2015,2016,2012,-1,2012,2016,2017,-1,2012,2017,2011,-1,2018,2019,2000,-1,2000,2019,2013,-1,2018,2000,2020,-1,2020,2000,607,-1,2020,607,609,-1,2013,2015,2000,-1,2000,2015,1981,-1,2000,1981,1980,-1,1980,1979,2000,-1,2000,1979,1978,-1,2000,1978,606,-1,606,1978,1977,-1,606,1977,605,-1,1974,1975,2015,-1,2015,1975,1976,-1,2015,1976,1981,-1,1970,1971,2012,-1,2012,1971,1972,-1,2012,1972,2015,-1,2015,1972,1973,-1,2015,1973,1974,-1,2010,2008,2012,-1,2012,2008,1969,-1,2012,1969,1970,-1,1967,1966,2006,-1,1966,1965,2006,-1,2006,1965,1964,-1,2006,1964,2008,-1,2008,1964,1968,-1,2008,1968,1969,-1,920,2003,921,-1,921,2003,2004,-1,921,2004,922,-1,2005,2001,2006,-1,2006,2001,2003,-1,2006,2003,1967,-1,1967,2003,920,-1,1967,920,1963,-1,1963,920,970,-1,1999,988,987,-1,566,1249,2021,-1,2021,1249,1982,-1,2021,1982,2022,-1,2022,1982,1983,-1,2022,1983,2023,-1,2023,1983,1984,-1,2023,1984,2024,-1,2024,1984,1985,-1,2024,1985,2025,-1,2025,1985,2026,-1,2026,1985,1986,-1,2026,1986,2027,-1,1986,1987,2027,-1,2027,1987,2028,-1,2027,2028,2029,-1,2029,2028,1990,-1,2029,1990,2030,-1,2030,1990,1989,-1,2030,1989,2031,-1,2031,1989,1995,-1,2031,1995,2032,-1,2032,1995,2033,-1,2032,2033,2034,-1,2034,2033,2035,-1,2035,2033,1998,-1,2035,1998,2036,-1,1999,987,2037,-1,1998,1994,2036,-1,2036,1994,2037,-1,2036,2037,2038,-1,2038,2037,987,-1,2038,987,993,-1,2039,2040,2041,-1,2042,924,923,-1,2042,923,2043,-1,2041,2040,2001,-1,2001,2040,2044,-1,2001,2044,2045,-1,2045,2044,2043,-1,2045,2043,2004,-1,2004,2043,923,-1,2004,923,922,-1,2039,2041,2046,-1,2046,2041,2007,-1,2046,2007,2047,-1,2007,2009,2047,-1,2047,2009,2010,-1,2047,2010,2048,-1,2048,2010,2011,-1,2048,2011,2049,-1,2049,2011,2050,-1,2049,2050,2051,-1,2051,2050,2016,-1,2051,2016,2052,-1,2052,2016,2014,-1,2052,2014,2053,-1,2053,2014,2054,-1,2054,2014,2013,-1,2054,2013,2055,-1,609,1227,2020,-1,2020,1227,2056,-1,2020,2056,2018,-1,2018,2056,2055,-1,2018,2055,2019,-1,2019,2055,2013,-1,2057,2058,2024,-1,2024,2058,2059,-1,2024,2059,2023,-1,2023,2059,2060,-1,2023,2060,2022,-1,2022,2060,2061,-1,2022,2061,2021,-1,2021,2061,565,-1,2021,565,566,-1,2024,2025,2057,-1,2057,2025,2026,-1,2057,2026,2062,-1,2062,2026,2063,-1,2062,2063,2064,-1,2064,2063,2065,-1,2065,2063,2029,-1,2065,2029,2066,-1,2029,2030,2066,-1,2066,2030,2031,-1,2066,2031,2067,-1,2067,2031,2068,-1,2067,2068,2069,-1,2069,2068,2070,-1,2070,2068,2034,-1,2070,2034,2071,-1,2071,2034,2035,-1,2071,2035,2072,-1,2035,2073,2072,-1,2072,2073,2038,-1,2072,2038,2074,-1,2074,2038,993,-1,2074,993,992,-1,2075,2076,2052,-1,2077,2078,2039,-1,2079,931,930,-1,930,924,2042,-1,2079,930,2080,-1,930,2042,2080,-1,2080,2042,2081,-1,2080,2081,2082,-1,2082,2081,2044,-1,2082,2044,2078,-1,2078,2044,2083,-1,2078,2083,2039,-1,2077,2039,2084,-1,2084,2039,2046,-1,2084,2046,2085,-1,2085,2046,2047,-1,2085,2047,2048,-1,2052,2076,2051,-1,2051,2076,2086,-1,2051,2086,2049,-1,2049,2086,2087,-1,2049,2087,2048,-1,2048,2087,2088,-1,2048,2088,2085,-1,2052,2053,2075,-1,2075,2053,2054,-1,2075,2054,2089,-1,2089,2054,2090,-1,2056,1227,1226,-1,2054,2055,2090,-1,2090,2055,2056,-1,2090,2056,2091,-1,2091,2056,1226,-1,1246,565,2092,-1,2092,565,2061,-1,2092,2061,2093,-1,2061,2060,2093,-1,2093,2060,2059,-1,2093,2059,2094,-1,2094,2059,2058,-1,2094,2058,2095,-1,2096,2097,2064,-1,2064,2097,2098,-1,2064,2098,2062,-1,2062,2098,2095,-1,2062,2095,2057,-1,2057,2095,2058,-1,2096,2064,2099,-1,2099,2064,2065,-1,2099,2065,2100,-1,2065,2066,2100,-1,2100,2066,2067,-1,2100,2067,2101,-1,2101,2067,2102,-1,2101,2102,2103,-1,2102,2070,2103,-1,2103,2070,2071,-1,2103,2071,2104,-1,2104,2071,2105,-1,2104,2105,2106,-1,992,991,2074,-1,2074,991,2107,-1,2074,2107,2105,-1,2105,2107,2108,-1,2105,2108,2106,-1,927,931,2109,-1,2109,931,2079,-1,2109,2079,2110,-1,2079,2111,2110,-1,2110,2111,2082,-1,2110,2082,2112,-1,2112,2082,2113,-1,2112,2113,2114,-1,2113,2077,2114,-1,2114,2077,2084,-1,2114,2084,2115,-1,2115,2084,2085,-1,2115,2085,2116,-1,2116,2085,2117,-1,2117,2085,2088,-1,2117,2088,2118,-1,2118,2088,2087,-1,2118,2087,2119,-1,2119,2087,2086,-1,2119,2086,2120,-1,2120,2086,2076,-1,2120,2076,2121,-1,2076,2075,2121,-1,2121,2075,2089,-1,2121,2089,2122,-1,2122,2089,2090,-1,2122,2090,2123,-1,2123,2090,2124,-1,2124,2090,2091,-1,2124,2091,2125,-1,2125,2091,1226,-1,2125,1226,620,-1,2126,1247,1246,-1,2126,1246,2127,-1,1246,2092,2127,-1,2127,2092,2093,-1,2127,2093,2128,-1,2128,2093,2094,-1,2128,2094,2129,-1,2129,2094,2095,-1,2129,2095,2130,-1,2131,2132,2097,-1,2097,2132,2133,-1,2097,2133,2098,-1,2098,2133,2095,-1,2095,2133,2134,-1,2095,2134,2130,-1,2135,2136,2131,-1,2136,2137,2131,-1,2131,2137,2138,-1,2131,2138,2132,-1,2139,2140,2141,-1,2141,2140,2142,-1,2131,2099,2135,-1,2135,2099,2100,-1,2135,2100,2139,-1,2139,2100,2101,-1,2139,2101,2140,-1,2143,2144,2106,-1,2106,2144,2145,-1,2142,2140,2145,-1,2145,2140,2104,-1,2145,2104,2106,-1,2146,2147,2143,-1,2143,2147,2148,-1,2143,2148,2144,-1,2146,2143,994,-1,994,2143,2107,-1,994,2107,991,-1,928,927,2149,-1,2149,927,2109,-1,2149,2109,2150,-1,2109,2151,2150,-1,2150,2151,2112,-1,2150,2112,2152,-1,2152,2112,2153,-1,2152,2153,2154,-1,2155,2156,2157,-1,2154,2153,2158,-1,2158,2153,2115,-1,2158,2115,2157,-1,2157,2115,2116,-1,2157,2116,2155,-1,2156,2155,2159,-1,2159,2155,2118,-1,2159,2118,2160,-1,2160,2118,2119,-1,2160,2119,2161,-1,2161,2119,2120,-1,2161,2120,2162,-1,2162,2120,2121,-1,2162,2121,2163,-1,2163,2121,2122,-1,2163,2122,2164,-1,2122,2123,2164,-1,2164,2123,2124,-1,2164,2124,2165,-1,2165,2124,2125,-1,2165,2125,2166,-1,2166,2125,620,-1,2166,620,621,-1,2130,2134,2167,-1,1247,2126,2168,-1,2168,2169,1247,-1,1247,2169,2170,-1,1247,2170,600,-1,2126,2127,2168,-1,2168,2127,2128,-1,2168,2128,2171,-1,2171,2128,2172,-1,2172,2128,2167,-1,2167,2128,2129,-1,2167,2129,2130,-1,2173,2174,2134,-1,2134,2174,2175,-1,2134,2175,2167,-1,2173,2134,2176,-1,2176,2134,2133,-1,2176,2133,2132,-1,2132,2138,2176,-1,2176,2138,2137,-1,2176,2137,2177,-1,2135,2178,2136,-1,2136,2178,2179,-1,2136,2179,2137,-1,2137,2179,2180,-1,2137,2180,2177,-1,2135,2139,2178,-1,2178,2139,2141,-1,2178,2141,2181,-1,2145,2182,2142,-1,2142,2182,2183,-1,2142,2183,2141,-1,2141,2183,2184,-1,2141,2184,2181,-1,2145,2144,2182,-1,2182,2144,2148,-1,2182,2148,2185,-1,2185,2148,2186,-1,2186,2148,2147,-1,2186,2147,995,-1,995,2147,2146,-1,995,2146,994,-1,929,928,2187,-1,2187,928,2149,-1,2187,2149,2188,-1,2188,2149,2189,-1,2188,2189,2190,-1,2190,2189,2152,-1,2190,2152,2191,-1,2191,2152,2192,-1,2191,2192,2193,-1,2193,2192,2194,-1,2194,2192,2158,-1,2194,2158,2195,-1,2158,2157,2195,-1,2195,2157,2156,-1,2195,2156,2196,-1,2196,2156,2159,-1,2196,2159,2197,-1,2197,2159,2160,-1,2197,2160,2198,-1,2198,2160,2161,-1,2198,2161,2199,-1,2199,2161,2162,-1,2199,2162,2200,-1,2200,2162,2201,-1,2201,2162,2163,-1,2201,2163,2202,-1,621,1237,2166,-1,2166,1237,2203,-1,2166,2203,2165,-1,2165,2203,2202,-1,2165,2202,2164,-1,2164,2202,2163,-1,599,600,2170,-1,599,2170,2204,-1,2204,2170,2169,-1,2204,2169,2205,-1,2205,2169,2168,-1,2205,2168,2206,-1,2206,2168,2171,-1,2206,2171,2207,-1,2171,2172,2207,-1,2207,2172,2167,-1,2207,2167,2208,-1,2208,2167,2175,-1,2208,2175,2209,-1,2209,2175,2174,-1,2209,2174,2210,-1,2180,2211,2177,-1,2177,2211,2212,-1,2177,2212,2176,-1,2176,2212,2210,-1,2176,2210,2173,-1,2173,2210,2174,-1,2183,2182,2213,-1,2180,2179,2211,-1,2211,2179,2178,-1,2211,2178,2214,-1,2214,2178,2181,-1,2214,2181,2213,-1,2213,2181,2184,-1,2213,2184,2183,-1,2185,2215,2182,-1,2182,2215,2216,-1,2182,2216,2213,-1,995,996,2186,-1,2186,996,2217,-1,2186,2217,2185,-1,2185,2217,2218,-1,2185,2218,2215,-1,2219,2220,2200,-1,2221,2222,2196,-1,2187,2223,929,-1,929,2223,2224,-1,929,2224,936,-1,2187,2225,2223,-1,2223,2225,2190,-1,2223,2190,2226,-1,2227,2228,2194,-1,2226,2190,2229,-1,2229,2190,2230,-1,2229,2230,2228,-1,2228,2230,2193,-1,2228,2193,2194,-1,2227,2194,2222,-1,2222,2194,2231,-1,2222,2231,2196,-1,2221,2196,2232,-1,2232,2196,2197,-1,2232,2197,2233,-1,2233,2197,2198,-1,2233,2198,2220,-1,2220,2198,2199,-1,2220,2199,2200,-1,2219,2200,2234,-1,2234,2200,2201,-1,2234,2201,2235,-1,2203,1237,1236,-1,2201,2202,2235,-1,2235,2202,2203,-1,2235,2203,2236,-1,2236,2203,1236,-1,1234,599,2237,-1,2237,599,2204,-1,2237,2204,2238,-1,2204,2205,2238,-1,2238,2205,2206,-1,2238,2206,2239,-1,2239,2206,2207,-1,2239,2207,2240,-1,2241,2242,2210,-1,2210,2242,2243,-1,2210,2243,2209,-1,2209,2243,2240,-1,2209,2240,2208,-1,2208,2240,2207,-1,2241,2210,2244,-1,2244,2210,2212,-1,2244,2212,2245,-1,2212,2211,2245,-1,2245,2211,2214,-1,2245,2214,2246,-1,2246,2214,2247,-1,2246,2247,2248,-1,2247,2216,2248,-1,2248,2216,2215,-1,2248,2215,2249,-1,2249,2215,2250,-1,2249,2250,2251,-1,996,990,2217,-1,2217,990,2252,-1,2217,2252,2250,-1,2250,2252,2253,-1,2250,2253,2251,-1,935,936,2254,-1,2254,936,2224,-1,2254,2224,2255,-1,2224,2256,2255,-1,2255,2256,2226,-1,2255,2226,2257,-1,2257,2226,2258,-1,2257,2258,2259,-1,2258,2228,2259,-1,2259,2228,2227,-1,2259,2227,2260,-1,2260,2227,2222,-1,2260,2222,2261,-1,2261,2222,2262,-1,2262,2222,2221,-1,2262,2221,2263,-1,2263,2221,2232,-1,2263,2232,2264,-1,2264,2232,2233,-1,2264,2233,2265,-1,2265,2233,2220,-1,2265,2220,2266,-1,2220,2219,2266,-1,2266,2219,2234,-1,2266,2234,2267,-1,2267,2234,2235,-1,2267,2235,2268,-1,2268,2235,2269,-1,2269,2235,2236,-1,2269,2236,2270,-1,2270,2236,1236,-1,2270,1236,595,-1,2252,990,989,-1,2271,1235,1234,-1,2271,1234,2272,-1,1234,2237,2272,-1,2272,2237,2238,-1,2272,2238,2273,-1,2273,2238,2239,-1,2273,2239,2274,-1,2274,2239,2240,-1,2274,2240,2275,-1,2275,2240,2243,-1,2275,2243,2276,-1,2276,2243,2242,-1,2276,2242,2277,-1,2278,2279,2277,-1,2277,2279,2280,-1,2277,2280,2276,-1,2277,2244,2278,-1,2278,2244,2245,-1,2278,2245,2281,-1,2281,2245,2246,-1,2281,2246,2282,-1,2282,2246,2283,-1,2282,2283,2284,-1,2284,2283,2249,-1,2284,2249,2251,-1,2252,989,2285,-1,989,2286,2285,-1,2285,2286,2287,-1,2285,2287,2251,-1,2251,2287,2288,-1,2251,2288,2284,-1,2262,2289,2290,-1,934,935,2291,-1,2291,935,2254,-1,2291,2254,2292,-1,2292,2254,2293,-1,2292,2293,2294,-1,2294,2293,2257,-1,2294,2257,2295,-1,2295,2257,2296,-1,2295,2296,2297,-1,2297,2296,2260,-1,2297,2260,2290,-1,2290,2260,2261,-1,2290,2261,2262,-1,2289,2262,2298,-1,2298,2262,2263,-1,2298,2263,2299,-1,2263,2264,2299,-1,2299,2264,2265,-1,2299,2265,2300,-1,2300,2265,2266,-1,2300,2266,2301,-1,2301,2266,2302,-1,2302,2266,2267,-1,2302,2267,2303,-1,2267,2268,2303,-1,2303,2268,2269,-1,2303,2269,2304,-1,2304,2269,2270,-1,2304,2270,2305,-1,2305,2270,595,-1,2305,595,596,-1,1051,1235,2306,-1,2306,1235,2271,-1,2306,2271,2307,-1,2307,2271,2272,-1,2307,2272,2308,-1,2308,2272,2273,-1,2308,2273,2309,-1,2309,2273,2274,-1,2309,2274,2310,-1,2310,2274,2311,-1,2311,2274,2275,-1,2311,2275,2312,-1,2275,2276,2312,-1,2312,2276,2313,-1,2312,2313,2314,-1,2314,2313,2279,-1,2314,2279,2315,-1,2315,2279,2278,-1,2315,2278,2316,-1,2316,2278,2281,-1,2316,2281,2317,-1,2317,2281,2318,-1,2317,2318,2319,-1,2319,2318,2320,-1,2320,2318,2284,-1,2320,2284,2321,-1,2284,2288,2321,-1,2321,2288,2322,-1,2321,2322,2323,-1,2323,2322,2286,-1,2323,2286,997,-1,997,2286,989,-1,2324,2325,2326,-1,2327,898,2291,-1,2291,898,934,-1,2326,2325,2294,-1,2294,2325,2328,-1,2294,2328,2327,-1,2327,2328,2329,-1,2327,2329,898,-1,898,2329,2330,-1,898,2330,900,-1,2324,2326,2331,-1,2331,2326,2297,-1,2331,2297,2332,-1,2297,2290,2332,-1,2332,2290,2333,-1,2332,2333,2334,-1,2334,2333,2298,-1,2334,2298,2335,-1,2335,2298,2299,-1,2335,2299,2336,-1,2336,2299,2300,-1,2336,2300,2337,-1,2337,2300,2338,-1,2337,2338,2339,-1,2339,2338,2340,-1,2340,2338,2302,-1,2340,2302,2341,-1,596,1239,2305,-1,2305,1239,2342,-1,2305,2342,2304,-1,2304,2342,2341,-1,2304,2341,2303,-1,2303,2341,2302,-1,1000,1006,2343,-1,1049,1050,2344,-1,1047,1048,2345,-1,1045,1046,2346,-1,1043,1044,2347,-1,2347,1044,2348,-1,2347,2348,2349,-1,2350,2351,2352,-1,2350,2352,2348,-1,2348,2352,2353,-1,2348,2353,2349,-1,2351,2350,2354,-1,2354,2350,2355,-1,2354,2355,2356,-1,2357,2358,2359,-1,2359,2358,2360,-1,2359,2360,2355,-1,2355,2360,2361,-1,2355,2361,2356,-1,2362,2363,2359,-1,2359,2363,2364,-1,2359,2364,2357,-1,2365,2366,2367,-1,2367,2366,2368,-1,2367,2368,2362,-1,2362,2368,2369,-1,2362,2369,2363,-1,1004,1003,2367,-1,2367,1003,2370,-1,2367,2370,2365,-1,997,998,2323,-1,2323,998,2371,-1,2323,2371,2372,-1,2372,2371,2320,-1,2320,2371,2373,-1,2320,2373,2319,-1,2374,2316,2373,-1,2373,2316,2375,-1,2373,2375,2319,-1,2311,2312,2376,-1,2376,2312,2314,-1,2376,2314,2374,-1,2374,2314,2315,-1,2374,2315,2316,-1,2311,2376,2310,-1,2310,2376,2377,-1,2310,2377,2309,-1,2309,2377,2308,-1,2308,2377,2344,-1,2308,2344,2307,-1,2307,2344,2306,-1,2306,2344,1050,-1,2306,1050,1051,-1,1044,1045,2348,-1,2348,1045,2346,-1,2348,2346,2350,-1,2350,2346,2378,-1,2350,2378,2355,-1,2355,2378,2379,-1,2355,2379,2359,-1,2359,2379,2380,-1,2359,2380,2362,-1,2362,2380,2381,-1,2362,2381,2367,-1,2367,2381,2382,-1,2367,2382,1004,-1,1004,2382,1005,-1,1046,1047,2346,-1,2346,1047,2345,-1,2346,2345,2378,-1,2378,2345,2383,-1,2378,2383,2379,-1,2379,2383,2384,-1,2379,2384,2380,-1,2380,2384,2385,-1,2380,2385,2381,-1,2381,2385,2386,-1,2381,2386,2382,-1,2382,2386,2343,-1,2382,2343,1005,-1,1005,2343,1006,-1,998,1000,2371,-1,2371,1000,2343,-1,2371,2343,2373,-1,2373,2343,2386,-1,2373,2386,2374,-1,2374,2386,2385,-1,2374,2385,2376,-1,2376,2385,2384,-1,2376,2384,2377,-1,2377,2384,2383,-1,2377,2383,2344,-1,2344,2383,2345,-1,2344,2345,1049,-1,1049,2345,1048,-1,2387,902,900,-1,2387,900,2388,-1,2388,900,2330,-1,2388,2330,2389,-1,2332,2390,2331,-1,2331,2390,2391,-1,2331,2391,2324,-1,2324,2391,2392,-1,2324,2392,2393,-1,2392,2394,2393,-1,2393,2394,2395,-1,2393,2395,2328,-1,2328,2395,2396,-1,2328,2396,2389,-1,2389,2396,2397,-1,2389,2397,2388,-1,2337,2398,2336,-1,2336,2398,2399,-1,2336,2399,2335,-1,2335,2399,2400,-1,2335,2400,2334,-1,2334,2400,2401,-1,2334,2401,2332,-1,2332,2401,2402,-1,2332,2402,2390,-1,2342,1239,1238,-1,1238,2403,2342,-1,2342,2403,2404,-1,2342,2404,2341,-1,2341,2404,2405,-1,2341,2405,2340,-1,2340,2405,2406,-1,2340,2406,2339,-1,2339,2406,2407,-1,2339,2407,2337,-1,2337,2407,2408,-1,2337,2408,2398,-1,2368,2366,2409,-1,2370,1003,1002,-1,1002,1001,2409,-1,2409,2366,1002,-1,1002,2366,2365,-1,1002,2365,2370,-1,2357,2410,2358,-1,2358,2410,2411,-1,2358,2411,2360,-1,2357,2364,2410,-1,2410,2364,2363,-1,2410,2363,2409,-1,2409,2363,2369,-1,2409,2369,2368,-1,2351,2354,2412,-1,2412,2354,2356,-1,2412,2356,2411,-1,2411,2356,2361,-1,2411,2361,2360,-1,1085,1043,2413,-1,2413,1043,2347,-1,2347,2349,2413,-1,2413,2349,2353,-1,2413,2353,2412,-1,2412,2353,2352,-1,2412,2352,2351,-1,903,902,2414,-1,2414,902,2387,-1,2414,2387,2415,-1,2415,2387,2416,-1,2387,2388,2416,-1,2416,2388,2397,-1,2416,2397,2417,-1,2417,2397,2396,-1,2417,2396,2418,-1,2418,2396,2419,-1,2396,2395,2419,-1,2419,2395,2394,-1,2419,2394,2420,-1,2420,2394,2392,-1,2420,2392,2421,-1,2391,2422,2392,-1,2392,2422,2423,-1,2392,2423,2421,-1,2391,2390,2422,-1,2422,2390,2402,-1,2422,2402,2401,-1,2401,2400,2422,-1,2422,2400,2399,-1,2422,2399,2424,-1,2424,2399,2398,-1,2424,2398,2425,-1,2408,2426,2398,-1,2398,2426,2427,-1,2398,2427,2425,-1,2405,2428,2429,-1,2408,2407,2426,-1,2426,2407,2406,-1,2426,2406,2430,-1,2430,2406,2405,-1,2430,2405,2431,-1,2431,2405,2429,-1,2405,2404,2428,-1,2428,2404,2403,-1,2428,2403,2432,-1,2432,2403,1238,-1,2432,1238,2433,-1,2433,1238,591,-1,1081,1082,2434,-1,2434,1082,2435,-1,2434,2435,2436,-1,2436,2435,2437,-1,2437,2435,2438,-1,2437,2438,2439,-1,2439,2438,2440,-1,2440,2438,2441,-1,2440,2441,2442,-1,2442,2441,2443,-1,2443,2441,2444,-1,2443,2444,2445,-1,2445,2444,2446,-1,2446,2444,2447,-1,2446,2447,2448,-1,2448,2447,2449,-1,2449,2447,857,-1,2449,857,860,-1,1082,1083,2435,-1,2435,1083,2450,-1,2435,2450,2438,-1,2438,2450,2451,-1,2438,2451,2441,-1,2441,2451,2452,-1,2441,2452,2444,-1,2444,2452,2453,-1,2444,2453,2447,-1,2447,2453,2454,-1,2447,2454,857,-1,857,2454,851,-1,1083,1084,2450,-1,2450,1084,2455,-1,2450,2455,2451,-1,2451,2455,2456,-1,2451,2456,2452,-1,2452,2456,2457,-1,2452,2457,2453,-1,2453,2457,2458,-1,2453,2458,2454,-1,2454,2458,2459,-1,2454,2459,851,-1,851,2459,852,-1,1084,1085,2455,-1,2455,1085,2413,-1,2455,2413,2456,-1,2456,2413,2412,-1,2456,2412,2457,-1,2457,2412,2411,-1,2457,2411,2458,-1,2458,2411,2410,-1,2458,2410,2459,-1,2459,2410,2409,-1,2459,2409,852,-1,852,2409,1001,-1,908,903,2460,-1,2460,903,2414,-1,2460,2414,2461,-1,2461,2414,2415,-1,2461,2415,2462,-1,2462,2415,2416,-1,2462,2416,2463,-1,2416,2417,2463,-1,2463,2417,2418,-1,2463,2418,2464,-1,2464,2418,2419,-1,2420,2465,2419,-1,2419,2465,2466,-1,2419,2466,2464,-1,2420,2421,2465,-1,2465,2421,2423,-1,2465,2423,2467,-1,2467,2423,2422,-1,2467,2422,2468,-1,2468,2422,2424,-1,2424,2425,2468,-1,2468,2425,2427,-1,2468,2427,2469,-1,2469,2427,2426,-1,2469,2426,2470,-1,2470,2426,2430,-1,2470,2430,2471,-1,2471,2430,2431,-1,2471,2431,2472,-1,2431,2429,2472,-1,2472,2429,2428,-1,2472,2428,2473,-1,2473,2428,2432,-1,2473,2432,2474,-1,2474,2432,2433,-1,2474,2433,592,-1,592,2433,591,-1,1081,2434,1080,-1,1080,2434,2475,-1,2475,2434,2476,-1,2476,2434,2436,-1,2476,2436,2477,-1,2477,2436,2437,-1,2477,2437,2478,-1,2478,2437,2439,-1,2478,2439,2479,-1,2479,2439,2440,-1,2479,2440,2480,-1,2480,2440,2442,-1,2480,2442,2481,-1,2481,2442,2443,-1,2481,2443,2482,-1,2482,2443,2445,-1,2482,2445,2483,-1,2483,2445,2446,-1,2483,2446,2484,-1,2484,2446,2448,-1,2484,2448,2485,-1,2448,2449,2485,-1,2485,2449,860,-1,2485,860,859,-1,2486,2487,2488,-1,2489,968,909,-1,2489,909,2490,-1,2488,2487,2462,-1,2462,2487,2491,-1,2462,2491,2492,-1,2492,2491,2490,-1,2492,2490,2460,-1,2460,2490,909,-1,2460,909,908,-1,2486,2488,2493,-1,2493,2488,2464,-1,2493,2464,2494,-1,2464,2466,2494,-1,2494,2466,2495,-1,2494,2495,2496,-1,2496,2495,2467,-1,2496,2467,2497,-1,2497,2467,2468,-1,2497,2468,2498,-1,2498,2468,2469,-1,2498,2469,2499,-1,2499,2469,2470,-1,2499,2470,2500,-1,2500,2470,2501,-1,2501,2470,2471,-1,2501,2471,2502,-1,592,1241,2474,-1,2474,1241,2503,-1,2474,2503,2473,-1,2473,2503,2502,-1,2473,2502,2472,-1,2472,2502,2471,-1,850,2504,2505,-1,2504,2506,2507,-1,2508,2509,2510,-1,2511,1073,1074,-1,2511,1074,2512,-1,2512,1074,1075,-1,2512,1075,2513,-1,2513,1075,1076,-1,2513,1076,2514,-1,2514,1076,1077,-1,2514,1077,2515,-1,2515,1077,1078,-1,2515,1078,2516,-1,2516,1078,1079,-1,2516,1079,2517,-1,1079,1080,2475,-1,1079,2475,2517,-1,2517,2475,2476,-1,2517,2476,2477,-1,2477,2518,2517,-1,2517,2518,2519,-1,2517,2519,2516,-1,2516,2519,2520,-1,2516,2520,2515,-1,2515,2520,2521,-1,2515,2521,2514,-1,2514,2521,2522,-1,2514,2522,2513,-1,2513,2522,2510,-1,2513,2510,2512,-1,2512,2510,2509,-1,2512,2509,2511,-1,2508,2510,2523,-1,2523,2510,2522,-1,2523,2522,2524,-1,2524,2522,2521,-1,2524,2521,2525,-1,2525,2521,2520,-1,2525,2520,2526,-1,2526,2520,2519,-1,2526,2519,2527,-1,2527,2519,2518,-1,2527,2518,2528,-1,2477,2478,2518,-1,2518,2478,2479,-1,2518,2479,2528,-1,2528,2479,2480,-1,2528,2480,2481,-1,2481,2529,2528,-1,2528,2529,2530,-1,2528,2530,2527,-1,2527,2530,2531,-1,2527,2531,2526,-1,2526,2531,2532,-1,2526,2532,2525,-1,2525,2532,2533,-1,2525,2533,2524,-1,2524,2533,2507,-1,2524,2507,2523,-1,2523,2507,2506,-1,2523,2506,2508,-1,2504,2507,2505,-1,2505,2507,2533,-1,2505,2533,2534,-1,2534,2533,2532,-1,2534,2532,2535,-1,2535,2532,2531,-1,2535,2531,2536,-1,2536,2531,2530,-1,2536,2530,2537,-1,2537,2530,2529,-1,2537,2529,2538,-1,2481,2482,2529,-1,2529,2482,2483,-1,2529,2483,2538,-1,2538,2483,2484,-1,2538,2484,2485,-1,850,2505,751,-1,751,2505,2534,-1,751,2534,752,-1,752,2534,2535,-1,752,2535,854,-1,854,2535,2536,-1,854,2536,855,-1,855,2536,2537,-1,855,2537,856,-1,856,2537,2538,-1,856,2538,858,-1,858,2538,2485,-1,858,2485,859,-1,2539,2540,2500,-1,2541,2542,2496,-1,2543,969,968,-1,2543,968,2544,-1,968,2489,2544,-1,2544,2489,2545,-1,2544,2545,2546,-1,2546,2545,2491,-1,2546,2491,2547,-1,2491,2548,2547,-1,2547,2548,2486,-1,2547,2486,2549,-1,2549,2486,2493,-1,2549,2493,2550,-1,2550,2493,2542,-1,2542,2493,2494,-1,2542,2494,2496,-1,2541,2496,2551,-1,2551,2496,2497,-1,2551,2497,2552,-1,2552,2497,2498,-1,2552,2498,2540,-1,2540,2498,2499,-1,2540,2499,2500,-1,2539,2500,2553,-1,2553,2500,2501,-1,2553,2501,2554,-1,2503,1241,1240,-1,2501,2502,2554,-1,2554,2502,2503,-1,2554,2503,2555,-1,2555,2503,1240,-1,1072,1073,2511,-1,1072,2511,2556,-1,2556,2511,2509,-1,2556,2509,2557,-1,2557,2509,2508,-1,2557,2508,2558,-1,2558,2508,2506,-1,2558,2506,2559,-1,2559,2506,2504,-1,2559,2504,2560,-1,850,754,2504,-1,2504,754,849,-1,2504,849,2560,-1,2560,849,848,-1,2561,840,2543,-1,2543,840,969,-1,838,840,2562,-1,2562,840,2561,-1,2562,2561,2563,-1,2563,2561,2546,-1,2563,2546,2564,-1,2564,2546,2565,-1,2564,2565,2566,-1,2565,2549,2566,-1,2566,2549,2550,-1,2566,2550,2567,-1,2567,2550,2542,-1,2567,2542,2568,-1,2568,2542,2569,-1,2569,2542,2541,-1,2569,2541,2570,-1,2570,2541,2551,-1,2570,2551,2571,-1,2571,2551,2552,-1,2571,2552,2572,-1,2572,2552,2540,-1,2572,2540,2573,-1,2540,2539,2573,-1,2573,2539,2553,-1,2573,2553,2574,-1,2574,2553,2554,-1,2574,2554,2575,-1,2575,2554,2576,-1,2576,2554,2555,-1,2576,2555,2577,-1,2577,2555,1240,-1,2577,1240,587,-1,848,847,2560,-1,2560,847,2578,-1,2560,2578,2559,-1,2559,2578,2579,-1,2559,2579,2558,-1,2558,2579,2580,-1,2558,2580,2557,-1,2557,2580,2581,-1,2557,2581,2556,-1,2556,2581,2582,-1,2556,2582,1072,-1,1072,2582,1071,-1,847,844,2578,-1,2578,844,2583,-1,2578,2583,2579,-1,2579,2583,2584,-1,2579,2584,2580,-1,2580,2584,2585,-1,2580,2585,2581,-1,2581,2585,2586,-1,2581,2586,2582,-1,2582,2586,2587,-1,2582,2587,1071,-1,1071,2587,1070,-1,2588,2589,2568,-1,2568,2589,2590,-1,2568,2590,2567,-1,2567,2590,2591,-1,2567,2591,2592,-1,2592,2591,2593,-1,2592,2593,2564,-1,2564,2593,2594,-1,2564,2594,2595,-1,2595,2594,2596,-1,2595,2596,2562,-1,2562,2596,839,-1,2562,839,838,-1,2568,2597,2588,-1,2588,2597,2570,-1,2588,2570,2598,-1,2598,2570,2571,-1,2598,2571,2599,-1,2599,2571,2600,-1,2600,2571,2572,-1,2600,2572,2601,-1,2602,2603,2575,-1,2575,2603,2604,-1,2575,2604,2574,-1,2574,2604,2601,-1,2574,2601,2573,-1,2573,2601,2572,-1,2575,2576,2602,-1,2602,2576,2577,-1,2602,2577,2605,-1,2605,2577,587,-1,2605,587,588,-1,843,1014,2606,-1,2583,2607,2584,-1,2584,2607,2608,-1,2584,2608,2585,-1,2585,2608,2609,-1,2585,2609,2586,-1,2586,2609,2610,-1,2586,2610,2587,-1,2587,2610,1069,-1,2587,1069,1070,-1,844,843,2583,-1,2583,843,2606,-1,2583,2606,2607,-1,841,839,2611,-1,2611,839,2596,-1,2611,2596,2612,-1,2612,2596,2613,-1,2612,2613,2614,-1,2614,2613,2593,-1,2614,2593,2615,-1,2615,2593,2616,-1,2615,2616,2617,-1,2617,2616,2618,-1,2618,2616,2590,-1,2618,2590,2619,-1,2590,2589,2619,-1,2619,2589,2588,-1,2619,2588,2620,-1,2620,2588,2598,-1,2620,2598,2621,-1,2621,2598,2599,-1,2621,2599,2622,-1,2622,2599,2600,-1,2622,2600,2623,-1,2623,2600,2601,-1,2623,2601,2624,-1,2624,2601,2625,-1,2625,2601,2604,-1,2625,2604,2626,-1,588,1243,2605,-1,2605,1243,2627,-1,2605,2627,2602,-1,2602,2627,2626,-1,2602,2626,2603,-1,2603,2626,2604,-1,681,1068,2628,-1,2628,1068,2629,-1,2628,2629,2630,-1,2630,2629,2631,-1,2630,2631,2632,-1,2632,2631,2633,-1,2632,2633,2634,-1,2634,2633,2635,-1,2634,2635,2636,-1,2636,2635,2637,-1,2636,2637,1012,-1,1012,2637,1013,-1,1068,1069,2629,-1,2629,1069,2610,-1,2629,2610,2631,-1,2631,2610,2609,-1,2631,2609,2633,-1,2633,2609,2608,-1,2633,2608,2635,-1,2635,2608,2607,-1,2635,2607,2637,-1,2637,2607,2606,-1,2637,2606,1013,-1,1013,2606,1014,-1,2638,2639,2624,-1,2640,2641,2622,-1,2642,2643,2620,-1,2644,2645,2617,-1,2611,2646,841,-1,841,2646,2647,-1,841,2647,837,-1,2611,2648,2646,-1,2646,2648,2614,-1,2646,2614,2649,-1,2649,2614,2645,-1,2645,2614,2650,-1,2645,2650,2617,-1,2644,2617,2651,-1,2651,2617,2618,-1,2651,2618,2643,-1,2643,2618,2619,-1,2643,2619,2620,-1,2642,2620,2641,-1,2641,2620,2621,-1,2641,2621,2622,-1,2640,2622,2639,-1,2639,2622,2652,-1,2639,2652,2624,-1,2638,2624,2653,-1,2653,2624,2625,-1,2653,2625,2654,-1,2627,1243,1242,-1,2625,2626,2654,-1,2654,2626,2627,-1,2654,2627,2655,-1,2655,2627,1242,-1,679,681,2656,-1,2656,681,2628,-1,2630,2657,2628,-1,2628,2657,2658,-1,2628,2658,2656,-1,2659,2660,2630,-1,2630,2660,2661,-1,2630,2661,2657,-1,2630,2632,2659,-1,2659,2632,2634,-1,2659,2634,2662,-1,2662,2634,2636,-1,2662,2636,2663,-1,2663,2636,1012,-1,2663,1012,1011,-1,835,837,2664,-1,2664,837,2647,-1,2664,2647,2665,-1,2647,2666,2665,-1,2665,2666,2649,-1,2665,2649,2667,-1,2667,2649,2668,-1,2667,2668,2669,-1,2668,2644,2669,-1,2669,2644,2651,-1,2669,2651,2670,-1,2670,2651,2643,-1,2670,2643,2671,-1,2671,2643,2672,-1,2672,2643,2642,-1,2672,2642,2673,-1,2673,2642,2641,-1,2673,2641,2674,-1,2674,2641,2640,-1,2674,2640,2675,-1,2675,2640,2639,-1,2675,2639,2676,-1,2639,2638,2676,-1,2676,2638,2653,-1,2676,2653,2677,-1,2677,2653,2654,-1,2677,2654,2678,-1,2678,2654,2679,-1,2679,2654,2655,-1,2679,2655,2680,-1,2680,2655,1242,-1,2680,1242,583,-1,1091,679,2681,-1,2681,679,2656,-1,2681,2656,2682,-1,2682,2656,2658,-1,2682,2658,2683,-1,2683,2658,2657,-1,2683,2657,2684,-1,2684,2657,2661,-1,2684,2661,2685,-1,2685,2661,2660,-1,2685,2660,2686,-1,2660,2659,2686,-1,2686,2659,2662,-1,2686,2662,2687,-1,2687,2662,2663,-1,2687,2663,2688,-1,2688,2663,1011,-1,2688,1011,1010,-1,2689,2690,2691,-1,2689,2691,2664,-1,2664,2691,836,-1,2664,836,835,-1,2690,2689,2692,-1,2692,2689,2667,-1,2692,2667,2693,-1,2667,2694,2693,-1,2693,2694,2670,-1,2693,2670,2695,-1,2695,2670,2671,-1,2695,2671,2696,-1,2696,2671,2697,-1,2697,2671,2698,-1,2697,2698,2699,-1,2699,2698,2673,-1,2699,2673,2700,-1,2673,2701,2700,-1,2700,2701,2675,-1,2700,2675,2702,-1,2702,2675,2676,-1,2702,2676,2703,-1,2703,2676,2704,-1,2704,2676,2677,-1,2704,2677,2705,-1,2705,2677,2678,-1,2705,2678,2679,-1,583,584,2680,-1,2680,584,2706,-1,2680,2706,2679,-1,2679,2706,2707,-1,2679,2707,2705,-1,1259,1091,2681,-1,1259,2681,2708,-1,2708,2681,2682,-1,2708,2682,2709,-1,2709,2682,2683,-1,2709,2683,2710,-1,2710,2683,2684,-1,2710,2684,2711,-1,2711,2684,2685,-1,2711,2685,2712,-1,2712,2685,2686,-1,2712,2686,2713,-1,2713,2686,2687,-1,2713,2687,2714,-1,2714,2687,2688,-1,2714,2688,2715,-1,2715,2688,1010,-1,2715,1010,1009,-1,832,836,2716,-1,2716,836,2691,-1,2716,2691,2717,-1,2717,2691,2718,-1,2717,2718,2719,-1,2719,2718,2692,-1,2719,2692,2720,-1,2720,2692,2721,-1,2720,2721,2722,-1,2722,2721,2723,-1,2723,2721,2695,-1,2723,2695,2724,-1,2695,2696,2724,-1,2724,2696,2697,-1,2724,2697,2725,-1,2725,2697,2699,-1,2725,2699,2726,-1,2726,2699,2700,-1,2726,2700,2727,-1,2727,2700,2702,-1,2727,2702,2728,-1,2728,2702,2729,-1,2728,2729,2730,-1,2730,2729,2731,-1,2731,2729,2704,-1,2731,2704,2732,-1,584,1245,2706,-1,2706,1245,2733,-1,2706,2733,2707,-1,2707,2733,2732,-1,2707,2732,2705,-1,2705,2732,2704,-1,2709,2734,2735,-1,1258,1259,2735,-1,2735,1259,2708,-1,2735,2708,2709,-1,2711,2736,2737,-1,2734,2709,2737,-1,2737,2709,2710,-1,2737,2710,2711,-1,2736,2711,2738,-1,2738,2711,2712,-1,2738,2712,2739,-1,2712,2713,2739,-1,2739,2713,2714,-1,2739,2714,2740,-1,2740,2714,2715,-1,2740,2715,2741,-1,2741,2715,1009,-1,2741,1009,1008,-1,2742,2743,2728,-1,2744,2745,2725,-1,2716,2746,832,-1,832,2746,2747,-1,832,2747,833,-1,2716,2748,2746,-1,2746,2748,2719,-1,2746,2719,2749,-1,2750,2751,2723,-1,2749,2719,2752,-1,2752,2719,2753,-1,2752,2753,2751,-1,2751,2753,2722,-1,2751,2722,2723,-1,2750,2723,2745,-1,2745,2723,2724,-1,2745,2724,2725,-1,2744,2725,2754,-1,2754,2725,2726,-1,2754,2726,2727,-1,2728,2743,2727,-1,2727,2743,2755,-1,2727,2755,2754,-1,2728,2730,2742,-1,2742,2730,2731,-1,2742,2731,2756,-1,2756,2731,2757,-1,2733,1245,1244,-1,2731,2732,2757,-1,2757,2732,2733,-1,2757,2733,2758,-1,2758,2733,1244,-1,1007,1021,2759,-1,2736,2738,2760,-1,1257,1258,2761,-1,2761,1258,2735,-1,2761,2735,2762,-1,2762,2735,2734,-1,2762,2734,2763,-1,2763,2734,2737,-1,2763,2737,2764,-1,2764,2737,2736,-1,2764,2736,2765,-1,2765,2736,2760,-1,2741,2766,2740,-1,2740,2766,2760,-1,2740,2760,2739,-1,2739,2760,2738,-1,1008,1007,2741,-1,2741,1007,2759,-1,2741,2759,2766,-1,834,833,2767,-1,2767,833,2747,-1,2767,2747,2768,-1,2747,2769,2768,-1,2768,2769,2749,-1,2768,2749,2770,-1,2770,2749,2771,-1,2770,2771,2772,-1,2771,2751,2772,-1,2772,2751,2750,-1,2772,2750,2773,-1,2773,2750,2745,-1,2773,2745,2774,-1,2774,2745,2775,-1,2775,2745,2744,-1,2775,2744,2776,-1,2776,2744,2754,-1,2776,2754,2777,-1,2777,2754,2755,-1,2777,2755,2778,-1,2778,2755,2743,-1,2778,2743,2779,-1,2743,2742,2779,-1,2779,2742,2756,-1,2779,2756,2780,-1,2780,2756,2757,-1,2780,2757,2781,-1,2781,2757,2782,-1,2782,2757,2758,-1,2782,2758,2783,-1,2783,2758,1244,-1,2783,1244,567,-1,1256,1257,2761,-1,1256,2761,2784,-1,2784,2761,2762,-1,2784,2762,2785,-1,2785,2762,2763,-1,2785,2763,2786,-1,2786,2763,2764,-1,2786,2764,2787,-1,2787,2764,2765,-1,2787,2765,2788,-1,2788,2765,2760,-1,2788,2760,2789,-1,2789,2760,2766,-1,2789,2766,2790,-1,2790,2766,2759,-1,2790,2759,2791,-1,2791,2759,1021,-1,2791,1021,1020,-1,574,575,2792,-1,571,572,2793,-1,2794,2795,2796,-1,2797,2798,2799,-1,2800,967,966,-1,2801,2802,2803,-1,2803,2802,2804,-1,2803,2804,2805,-1,2806,2807,2808,-1,2808,2807,2801,-1,2808,2801,2809,-1,2809,2801,2803,-1,2799,2798,2808,-1,2808,2798,2810,-1,2808,2810,2806,-1,2796,2795,2799,-1,2799,2795,2811,-1,2799,2811,2797,-1,577,578,2812,-1,2812,578,580,-1,580,2813,2812,-1,2812,2813,2814,-1,2812,2814,2796,-1,2796,2814,2815,-1,2796,2815,2794,-1,567,569,2783,-1,2783,569,2816,-1,2783,2816,2782,-1,2817,2780,2816,-1,2816,2780,2781,-1,2816,2781,2782,-1,2776,2777,2818,-1,2818,2777,2778,-1,2818,2778,2817,-1,2817,2778,2779,-1,2817,2779,2780,-1,2819,2773,2820,-1,2820,2773,2774,-1,2820,2774,2818,-1,2818,2774,2775,-1,2818,2775,2776,-1,2767,2821,2822,-1,2822,2821,2770,-1,2822,2770,2819,-1,2819,2770,2823,-1,2819,2823,2773,-1,572,574,2793,-1,2793,574,2792,-1,2793,2792,2824,-1,2824,2792,2825,-1,2824,2825,2826,-1,2826,2825,2827,-1,2826,2827,2828,-1,2828,2827,2829,-1,2828,2829,2830,-1,2830,2829,2831,-1,2830,2831,2832,-1,2832,2831,2833,-1,575,577,2792,-1,2792,577,2812,-1,2792,2812,2825,-1,2825,2812,2796,-1,2825,2796,2827,-1,2827,2796,2799,-1,2827,2799,2829,-1,2829,2799,2808,-1,2829,2808,2831,-1,2831,2808,2809,-1,2831,2809,2833,-1,2833,2809,2803,-1,834,2767,962,-1,962,2767,2822,-1,962,2822,963,-1,963,2822,964,-1,569,571,2816,-1,2816,571,2793,-1,2816,2793,2817,-1,2817,2793,2824,-1,2817,2824,2818,-1,2818,2824,2826,-1,2818,2826,2820,-1,2820,2826,2828,-1,2820,2828,2819,-1,2819,2828,2830,-1,2819,2830,2822,-1,2822,2830,2832,-1,2822,2832,964,-1,964,2832,2833,-1,964,2833,965,-1,965,2833,2803,-1,965,2803,966,-1,966,2803,2805,-1,966,2805,2800,-1,2785,2834,2835,-1,1255,1256,2835,-1,2835,1256,2784,-1,2835,2784,2785,-1,2787,2836,2837,-1,2834,2785,2837,-1,2837,2785,2786,-1,2837,2786,2787,-1,2836,2787,2838,-1,2838,2787,2788,-1,2838,2788,2839,-1,2788,2789,2839,-1,2839,2789,2790,-1,2839,2790,2840,-1,2840,2790,2791,-1,2840,2791,2841,-1,2841,2791,1020,-1,2841,1020,1017,-1,2842,2815,2843,-1,2843,2815,2814,-1,2843,2814,2844,-1,2844,2814,2813,-1,2844,2813,1052,-1,1052,2813,580,-1,2845,2797,2846,-1,2846,2797,2811,-1,2846,2811,2847,-1,2847,2811,2795,-1,2847,2795,2842,-1,2842,2795,2794,-1,2842,2794,2815,-1,2848,2806,2810,-1,2845,2846,2810,-1,2810,2846,2849,-1,2810,2849,2848,-1,2850,2851,2807,-1,2806,2848,2807,-1,2807,2848,2852,-1,2807,2852,2850,-1,2853,2804,2802,-1,2851,2850,2802,-1,2802,2850,2854,-1,2802,2854,2853,-1,947,967,2800,-1,2853,951,947,-1,947,2800,2853,-1,2853,2800,2805,-1,2853,2805,2804,-1,2836,2838,2855,-1,1254,1255,2856,-1,2856,1255,2835,-1,2856,2835,2857,-1,2857,2835,2834,-1,2857,2834,2858,-1,2858,2834,2837,-1,2858,2837,2859,-1,2859,2837,2836,-1,2859,2836,2860,-1,2860,2836,2855,-1,2838,2839,2855,-1,2855,2839,2840,-1,2855,2840,2861,-1,2861,2840,2841,-1,2861,2841,2862,-1,2862,2841,1017,-1,2862,1017,1016,-1,1052,1053,2844,-1,2844,1053,2863,-1,2844,2863,2843,-1,2843,2863,2842,-1,2842,2863,2864,-1,2842,2864,2847,-1,2847,2864,2846,-1,2846,2864,2865,-1,2846,2865,2849,-1,2849,2865,2848,-1,2848,2865,2866,-1,2848,2866,2852,-1,2852,2866,2850,-1,2850,2866,2867,-1,2850,2867,2854,-1,2854,2867,2853,-1,2853,2867,952,-1,2853,952,951,-1,1053,1054,2863,-1,2863,1054,2868,-1,2863,2868,2864,-1,2864,2868,2869,-1,2864,2869,2865,-1,2865,2869,2870,-1,2865,2870,2866,-1,2866,2870,2871,-1,2866,2871,2867,-1,2867,2871,2872,-1,2867,2872,952,-1,952,2872,953,-1,1054,1055,2868,-1,2868,1055,2873,-1,2868,2873,2869,-1,2869,2873,2874,-1,2869,2874,2870,-1,2870,2874,2875,-1,2870,2875,2871,-1,2871,2875,2876,-1,2871,2876,2872,-1,2872,2876,2877,-1,2872,2877,953,-1,953,2877,959,-1,1055,1056,2873,-1,2873,1056,2878,-1,2873,2878,2874,-1,2874,2878,2879,-1,2874,2879,2875,-1,2875,2879,2880,-1,2875,2880,2876,-1,2876,2880,2881,-1,2876,2881,2877,-1,2877,2881,2882,-1,2877,2882,959,-1,959,2882,960,-1,1253,1254,2856,-1,1253,2856,2883,-1,2883,2856,2857,-1,2883,2857,2884,-1,2884,2857,2858,-1,2884,2858,2885,-1,2885,2858,2859,-1,2885,2859,2886,-1,2886,2859,2860,-1,2886,2860,2887,-1,2887,2860,2855,-1,2887,2855,2888,-1,2888,2855,2861,-1,2888,2861,2889,-1,2889,2861,2862,-1,2889,2862,2890,-1,1016,1015,2862,-1,2862,1015,1019,-1,2862,1019,2890,-1,2890,1019,1018,-1,1056,1057,2891,-1,1056,2891,2878,-1,2878,2891,2892,-1,2878,2892,2879,-1,2879,2892,2893,-1,2879,2893,2880,-1,2880,2893,2894,-1,2880,2894,2881,-1,2881,2894,2895,-1,2881,2895,2882,-1,2882,2895,961,-1,2882,961,960,-1,2884,2896,2897,-1,1252,1253,2897,-1,2897,1253,2883,-1,2897,2883,2884,-1,2896,2884,2898,-1,2898,2884,2885,-1,2898,2885,2899,-1,2899,2885,2886,-1,2899,2886,2900,-1,2900,2886,2887,-1,2900,2887,2901,-1,2887,2888,2901,-1,2901,2888,2889,-1,2901,2889,2902,-1,2902,2889,2890,-1,2902,2890,2903,-1,2903,2890,1018,-1,2903,1018,1026,-1,961,2895,2904,-1,2895,2894,2905,-1,2894,2893,2906,-1,2893,2892,2907,-1,2892,2891,2908,-1,2891,1057,1058,-1,2891,1058,2908,-1,2908,1058,1059,-1,2908,1059,2909,-1,2909,1059,1060,-1,2909,1060,2910,-1,2910,1060,1061,-1,2910,1061,2911,-1,2911,1061,1062,-1,2911,1062,2912,-1,2912,1062,1063,-1,2912,1063,2913,-1,2913,1063,483,-1,2913,483,2914,-1,2892,2908,2907,-1,2907,2908,2909,-1,2907,2909,2915,-1,2915,2909,2910,-1,2915,2910,2916,-1,2916,2910,2911,-1,2916,2911,2917,-1,2917,2911,2912,-1,2917,2912,2918,-1,2918,2912,2913,-1,2918,2913,2919,-1,2919,2913,2914,-1,2919,2914,2920,-1,2893,2907,2906,-1,2906,2907,2915,-1,2906,2915,2921,-1,2921,2915,2916,-1,2921,2916,2922,-1,2922,2916,2917,-1,2922,2917,2923,-1,2923,2917,2918,-1,2923,2918,2924,-1,2924,2918,2919,-1,2924,2919,2925,-1,2925,2919,2920,-1,2925,2920,2926,-1,2894,2906,2905,-1,2905,2906,2921,-1,2905,2921,2927,-1,2927,2921,2922,-1,2927,2922,2928,-1,2928,2922,2923,-1,2928,2923,2929,-1,2929,2923,2924,-1,2929,2924,2930,-1,2930,2924,2925,-1,2930,2925,2931,-1,2931,2925,2926,-1,2931,2926,2932,-1,2895,2905,2904,-1,2904,2905,2927,-1,2904,2927,2933,-1,2933,2927,2928,-1,2933,2928,2934,-1,2934,2928,2929,-1,2934,2929,2935,-1,2935,2929,2930,-1,2935,2930,2936,-1,2936,2930,2931,-1,2936,2931,2937,-1,2937,2931,2932,-1,2937,2932,2938,-1,961,2904,956,-1,956,2904,2933,-1,956,2933,955,-1,955,2933,2934,-1,955,2934,954,-1,954,2934,2935,-1,954,2935,957,-1,957,2935,2936,-1,957,2936,958,-1,958,2936,2937,-1,958,2937,950,-1,950,2937,2938,-1,950,2938,948,-1,1022,1029,2939,-1,2899,2900,2940,-1,1087,1252,2941,-1,2941,1252,2897,-1,2941,2897,2942,-1,2942,2897,2896,-1,2942,2896,2943,-1,2943,2896,2898,-1,2943,2898,2944,-1,2944,2898,2899,-1,2944,2899,2945,-1,2945,2899,2940,-1,2903,2946,2902,-1,2902,2946,2940,-1,2902,2940,2901,-1,2901,2940,2900,-1,1026,1022,2903,-1,2903,1022,2939,-1,2903,2939,2946,-1,483,0,2947,-1,483,2947,2914,-1,2914,2947,2948,-1,2914,2948,2920,-1,2920,2948,2949,-1,2920,2949,2926,-1,2926,2949,2950,-1,2926,2950,2932,-1,2932,2950,2951,-1,2932,2951,2938,-1,2938,2951,939,-1,2938,939,948,-1,2952,2953,2945,-1,2945,2953,2954,-1,2945,2954,2944,-1,2944,2954,2955,-1,2944,2955,2943,-1,2943,2955,2956,-1,2943,2956,2942,-1,2942,2956,2957,-1,2942,2957,2941,-1,2941,2957,557,-1,2941,557,1087,-1,2945,2940,2952,-1,2952,2940,2946,-1,2952,2946,2958,-1,2958,2946,2939,-1,2958,2939,2959,-1,2959,2939,1029,-1,2959,1029,1028,-1,942,940,2960,-1,2960,940,2961,-1,2960,2961,2962,-1,2962,2961,2963,-1,2962,2963,2964,-1,2964,2963,2965,-1,2964,2965,2966,-1,2966,2965,2967,-1,2966,2967,2968,-1,2968,2967,2969,-1,2968,2969,1065,-1,1065,2969,1064,-1,940,939,2961,-1,2961,939,2951,-1,2961,2951,2963,-1,2963,2951,2950,-1,2963,2950,2965,-1,2965,2950,2949,-1,2965,2949,2967,-1,2967,2949,2948,-1,2967,2948,2969,-1,2969,2948,2947,-1,2969,2947,1064,-1,1064,2947,0,-1,1028,1030,2970,-1,1028,2970,2959,-1,2959,2970,2971,-1,2959,2971,2958,-1,2958,2971,2972,-1,2958,2972,2952,-1,2952,2972,2953,-1,2953,2972,2973,-1,2953,2973,2954,-1,2954,2973,2955,-1,2955,2973,2974,-1,2955,2974,2956,-1,2956,2974,2957,-1,2957,2974,555,-1,2957,555,557,-1,943,942,2960,-1,1065,1066,2975,-1,2976,1023,1025,-1,1065,2975,2968,-1,2968,2975,2977,-1,2968,2977,2966,-1,2966,2977,2978,-1,2966,2978,2964,-1,2964,2978,2979,-1,2964,2979,2962,-1,2962,2979,2976,-1,2962,2976,2960,-1,2960,2976,1025,-1,2960,1025,943,-1,1031,1024,2980,-1,1066,1067,2975,-1,2975,1067,2981,-1,2975,2981,2977,-1,2977,2981,2982,-1,2977,2982,2978,-1,2978,2982,2983,-1,2978,2983,2979,-1,2979,2983,2984,-1,2979,2984,2976,-1,2976,2984,2980,-1,2976,2980,1023,-1,1023,2980,1024,-1,1030,1031,2970,-1,2970,1031,2980,-1,2970,2980,2971,-1,2971,2980,2984,-1,2971,2984,2972,-1,2972,2984,2983,-1,2972,2983,2973,-1,2973,2983,2982,-1,2973,2982,2974,-1,2974,2982,2981,-1,2974,2981,555,-1,555,2981,1067,-1,1210,1212,2985,-1,1206,1207,2986,-1,2987,2988,2989,-1,2990,2991,2992,-1,2993,910,912,-1,2989,2988,2994,-1,2988,2995,2994,-1,2994,2995,2996,-1,2994,2996,2992,-1,2992,2996,2997,-1,2992,2997,2990,-1,2998,2999,3000,-1,3000,2999,3001,-1,3000,3001,2989,-1,2989,3001,3002,-1,2989,3002,2987,-1,3003,3004,3005,-1,3005,3004,3006,-1,3005,3006,3000,-1,3000,3006,3007,-1,3000,3007,2998,-1,3003,3005,3008,-1,3008,3005,2985,-1,3008,2985,3009,-1,1212,1211,2985,-1,2985,1211,3010,-1,2985,3010,3009,-1,1204,1205,3011,-1,3011,1205,3012,-1,3011,3012,3013,-1,3014,3015,3016,-1,3014,3016,3012,-1,3012,3016,3017,-1,3012,3017,3013,-1,3015,3014,3018,-1,3018,3014,3019,-1,3018,3019,3020,-1,3021,3022,3023,-1,3023,3022,3024,-1,3023,3024,3019,-1,3019,3024,3025,-1,3019,3025,3020,-1,3026,3027,3023,-1,3023,3027,3028,-1,3023,3028,3021,-1,3029,3030,3031,-1,3031,3030,3032,-1,3031,3032,3026,-1,3026,3032,3033,-1,3026,3033,3027,-1,1205,1206,3012,-1,3012,1206,2986,-1,3012,2986,3014,-1,3014,2986,3034,-1,3014,3034,3019,-1,3019,3034,3035,-1,3019,3035,3023,-1,3023,3035,3036,-1,3023,3036,3026,-1,3026,3036,3037,-1,3026,3037,3031,-1,3031,3037,3038,-1,1207,1208,2986,-1,2986,1208,3039,-1,2986,3039,3034,-1,3034,3039,3040,-1,3034,3040,3035,-1,3035,3040,3041,-1,3035,3041,3036,-1,3036,3041,3042,-1,3036,3042,3037,-1,3037,3042,3043,-1,3037,3043,3038,-1,3038,3043,3044,-1,1208,1209,3039,-1,3039,1209,3045,-1,3039,3045,3040,-1,3040,3045,3046,-1,3040,3046,3041,-1,3041,3046,3047,-1,3041,3047,3042,-1,3042,3047,3048,-1,3042,3048,3043,-1,3043,3048,3049,-1,3043,3049,3044,-1,3044,3049,3050,-1,1209,1210,3045,-1,3045,1210,2985,-1,3045,2985,3046,-1,3046,2985,3005,-1,3046,3005,3047,-1,3047,3005,3000,-1,3047,3000,3048,-1,3048,3000,2989,-1,3048,2989,3049,-1,3049,2989,2994,-1,3049,2994,3050,-1,3050,2994,2992,-1,919,3051,915,-1,915,3051,3029,-1,915,3029,913,-1,913,3029,3031,-1,913,3031,904,-1,904,3031,3038,-1,904,3038,905,-1,905,3038,3044,-1,905,3044,907,-1,907,3044,3050,-1,907,3050,911,-1,911,3050,2992,-1,911,2992,912,-1,912,2992,2991,-1,912,2991,2993,-1,3052,901,910,-1,3052,910,3053,-1,3053,910,2993,-1,3053,2993,2991,-1,2991,2990,3053,-1,3053,2990,2997,-1,3053,2997,3054,-1,3054,2997,2996,-1,3054,2996,3055,-1,2987,3002,3056,-1,2996,2995,3055,-1,3055,2995,2988,-1,3055,2988,3057,-1,3057,2988,2987,-1,3057,2987,3058,-1,3058,2987,3056,-1,2999,2998,3059,-1,3002,3001,3056,-1,3056,3001,2999,-1,3056,2999,3060,-1,3060,2999,3059,-1,3061,3062,2998,-1,2998,3062,3063,-1,2998,3063,3059,-1,3006,3004,3064,-1,3061,2998,3064,-1,3064,2998,3007,-1,3064,3007,3006,-1,3004,3003,3064,-1,3064,3003,3008,-1,3064,3008,3065,-1,1211,1190,3010,-1,3010,1190,3065,-1,3010,3065,3009,-1,3009,3065,3008,-1,3051,919,917,-1,3018,3020,3066,-1,3067,1197,1204,-1,1204,3011,3067,-1,3067,3011,3013,-1,3067,3013,3017,-1,3068,3069,3016,-1,3016,3069,3070,-1,3016,3070,3017,-1,3017,3070,3071,-1,3017,3071,3067,-1,3068,3016,3066,-1,3066,3016,3015,-1,3066,3015,3018,-1,3025,3072,3020,-1,3020,3072,3073,-1,3020,3073,3066,-1,3025,3024,3072,-1,3072,3024,3022,-1,3072,3022,3074,-1,3074,3022,3021,-1,3074,3021,3075,-1,3021,3028,3075,-1,3075,3028,3027,-1,3075,3027,3076,-1,3076,3027,3033,-1,3076,3033,3077,-1,3077,3033,3078,-1,3033,3032,3078,-1,3078,3032,3030,-1,3078,3030,3079,-1,925,3079,916,-1,916,3079,3030,-1,916,3030,917,-1,917,3030,3029,-1,917,3029,3051,-1,1203,1202,3080,-1,1201,1199,3081,-1,897,896,3082,-1,3069,3068,3083,-1,3073,3072,3084,-1,3077,3085,3086,-1,926,932,3086,-1,3086,3085,926,-1,926,3085,3079,-1,926,3079,925,-1,3084,3072,3087,-1,3072,3074,3087,-1,3087,3074,3088,-1,3087,3088,3086,-1,3086,3088,3076,-1,3086,3076,3077,-1,3083,3068,3084,-1,3084,3068,3066,-1,3084,3066,3073,-1,1195,1194,3089,-1,3089,1194,1197,-1,1197,3067,3089,-1,3089,3067,3071,-1,3089,3071,3083,-1,3083,3071,3070,-1,3083,3070,3069,-1,1191,3090,1189,-1,1189,3090,3065,-1,1189,3065,1190,-1,3062,3061,3090,-1,3090,3061,3064,-1,3090,3064,3065,-1,3058,3056,3091,-1,3091,3056,3060,-1,3091,3060,3092,-1,3092,3060,3059,-1,3092,3059,3090,-1,3090,3059,3063,-1,3090,3063,3062,-1,3058,3091,3057,-1,3057,3091,3093,-1,3057,3093,3094,-1,3094,3093,3054,-1,3054,3093,3095,-1,3054,3095,3096,-1,899,901,3095,-1,3095,901,3052,-1,3095,3052,3096,-1,1198,1195,3097,-1,3097,1195,3089,-1,3097,3089,3098,-1,3098,3089,3083,-1,3098,3083,3099,-1,3099,3083,3084,-1,3099,3084,3100,-1,3100,3084,3087,-1,3100,3087,3101,-1,3101,3087,3086,-1,3101,3086,933,-1,933,3086,932,-1,933,938,3101,-1,3101,938,3102,-1,3101,3102,3100,-1,3100,3102,3103,-1,3100,3103,3099,-1,3099,3103,3104,-1,3099,3104,3098,-1,3098,3104,3105,-1,3098,3105,3097,-1,3097,3105,3081,-1,3097,3081,1198,-1,1198,3081,1199,-1,938,937,3102,-1,3102,937,3106,-1,3102,3106,3103,-1,3103,3106,3107,-1,3103,3107,3104,-1,3104,3107,3108,-1,3104,3108,3105,-1,3105,3108,3109,-1,3105,3109,3081,-1,3081,3109,3080,-1,3081,3080,1201,-1,1201,3080,1202,-1,1193,1203,3110,-1,3110,1203,3080,-1,3110,3080,3111,-1,3111,3080,3109,-1,3111,3109,3112,-1,3112,3109,3108,-1,3112,3108,3113,-1,3113,3108,3107,-1,3113,3107,3082,-1,3082,3107,3106,-1,3082,3106,897,-1,897,3106,937,-1,896,899,3082,-1,3082,899,3095,-1,3082,3095,3113,-1,3113,3095,3093,-1,3113,3093,3112,-1,3112,3093,3091,-1,3112,3091,3111,-1,3111,3091,3092,-1,3111,3092,3110,-1,3110,3092,3090,-1,3110,3090,1193,-1,1193,3090,1191,-1,1223,1225,3114,-1,1219,1220,3115,-1,3116,3117,3118,-1,3119,867,865,-1,865,864,3120,-1,3119,865,3121,-1,3121,865,3120,-1,3121,3120,3122,-1,3118,3117,3123,-1,3117,3124,3123,-1,3123,3124,3125,-1,3123,3125,3120,-1,3120,3125,3126,-1,3120,3126,3122,-1,3127,3128,3129,-1,3129,3128,3130,-1,3129,3130,3118,-1,3118,3130,3131,-1,3118,3131,3116,-1,3132,3133,3134,-1,3134,3133,3135,-1,3134,3135,3129,-1,3129,3135,3136,-1,3129,3136,3127,-1,3132,3134,3137,-1,3137,3134,3114,-1,3137,3114,3138,-1,1225,1224,3114,-1,3114,1224,3139,-1,3114,3139,3138,-1,1217,1218,3140,-1,3140,1218,3141,-1,3142,3143,3144,-1,3144,3143,3145,-1,3144,3145,3141,-1,3141,3145,3146,-1,3141,3146,3140,-1,3142,3144,3147,-1,3147,3144,3148,-1,3147,3148,3149,-1,3150,3151,3152,-1,3152,3153,3150,-1,3150,3153,3154,-1,3150,3154,3148,-1,3148,3154,3155,-1,3148,3155,3149,-1,3151,3150,3156,-1,3156,3150,3157,-1,3156,3157,3158,-1,3158,3157,3159,-1,3159,3157,3160,-1,3159,3160,3161,-1,3162,872,3163,-1,3163,872,874,-1,868,872,3160,-1,3160,872,3162,-1,3160,3162,3161,-1,1218,1219,3141,-1,3141,1219,3115,-1,3141,3115,3144,-1,3144,3115,3164,-1,3144,3164,3148,-1,3148,3164,3165,-1,3148,3165,3150,-1,3150,3165,3166,-1,3150,3166,3157,-1,3157,3166,3167,-1,3157,3167,3160,-1,3160,3167,3168,-1,3160,3168,868,-1,868,3168,869,-1,1220,1221,3115,-1,3115,1221,3169,-1,3115,3169,3164,-1,3164,3169,3170,-1,3164,3170,3165,-1,3165,3170,3171,-1,3165,3171,3166,-1,3166,3171,3172,-1,3166,3172,3167,-1,3167,3172,3173,-1,3167,3173,3168,-1,3168,3173,3174,-1,3168,3174,869,-1,869,3174,870,-1,1221,1222,3169,-1,3169,1222,3175,-1,3169,3175,3170,-1,3170,3175,3176,-1,3170,3176,3171,-1,3171,3176,3177,-1,3171,3177,3172,-1,3172,3177,3178,-1,3172,3178,3173,-1,3173,3178,3179,-1,3173,3179,3174,-1,3174,3179,3180,-1,3174,3180,870,-1,870,3180,871,-1,1222,1223,3175,-1,3175,1223,3114,-1,3175,3114,3176,-1,3176,3114,3134,-1,3176,3134,3177,-1,3177,3134,3129,-1,3177,3129,3178,-1,3178,3129,3118,-1,3178,3118,3179,-1,3179,3118,3123,-1,3179,3123,3180,-1,3180,3123,3120,-1,3180,3120,871,-1,871,3120,864,-1,3181,893,887,-1,3181,887,3182,-1,867,3119,888,-1,888,3119,3121,-1,888,3121,887,-1,887,3121,3122,-1,887,3122,3182,-1,3182,3122,3126,-1,3182,3126,3183,-1,3183,3126,3125,-1,3183,3125,3184,-1,3116,3131,3185,-1,3125,3124,3184,-1,3184,3124,3117,-1,3184,3117,3186,-1,3186,3117,3116,-1,3186,3116,3187,-1,3187,3116,3185,-1,3128,3127,3188,-1,3131,3130,3185,-1,3185,3130,3128,-1,3185,3128,3189,-1,3189,3128,3188,-1,3190,3191,3127,-1,3127,3191,3192,-1,3127,3192,3188,-1,3135,3133,3193,-1,3190,3127,3193,-1,3193,3127,3136,-1,3193,3136,3135,-1,3133,3132,3193,-1,3193,3132,3137,-1,3193,3137,3194,-1,1224,1174,3139,-1,3139,1174,3194,-1,3139,3194,3138,-1,3138,3194,3137,-1,3163,874,876,-1,3147,3149,3195,-1,3196,1169,1217,-1,1217,3140,3196,-1,3196,3140,3146,-1,3196,3146,3145,-1,3197,3198,3143,-1,3143,3198,3199,-1,3143,3199,3145,-1,3145,3199,3200,-1,3145,3200,3196,-1,3197,3143,3195,-1,3195,3143,3142,-1,3195,3142,3147,-1,3155,3201,3149,-1,3149,3201,3202,-1,3149,3202,3195,-1,3155,3154,3201,-1,3201,3154,3153,-1,3201,3153,3203,-1,3203,3153,3152,-1,3203,3152,3204,-1,3152,3151,3204,-1,3204,3151,3156,-1,3204,3156,3205,-1,3205,3156,3158,-1,3205,3158,3206,-1,3206,3158,3207,-1,3158,3159,3207,-1,3207,3159,3161,-1,3207,3161,3208,-1,3208,3161,876,-1,876,3161,3162,-1,876,3162,3163,-1,1185,1184,3209,-1,1179,1181,3210,-1,978,880,3211,-1,3202,3212,3213,-1,3206,3214,3215,-1,3215,3214,982,-1,982,3214,3208,-1,982,3208,876,-1,3213,3212,3216,-1,3212,3203,3216,-1,3216,3203,3217,-1,3216,3217,3215,-1,3215,3217,3205,-1,3215,3205,3206,-1,3199,3198,3218,-1,3218,3198,3197,-1,3218,3197,3213,-1,3213,3197,3195,-1,3213,3195,3202,-1,3219,1178,1170,-1,3199,3218,3200,-1,3200,3218,3219,-1,3200,3219,3196,-1,3196,3219,1170,-1,3196,1170,1169,-1,1174,1173,3194,-1,3194,1173,3220,-1,3191,3190,3220,-1,3220,3190,3193,-1,3220,3193,3194,-1,3187,3185,3221,-1,3221,3185,3189,-1,3221,3189,3222,-1,3222,3189,3188,-1,3222,3188,3220,-1,3220,3188,3192,-1,3220,3192,3191,-1,3187,3221,3186,-1,3186,3221,3223,-1,3186,3223,3224,-1,3224,3223,3183,-1,3183,3223,3225,-1,3183,3225,3226,-1,891,893,3225,-1,3225,893,3181,-1,3225,3181,3226,-1,978,3211,979,-1,980,979,3227,-1,3227,979,3211,-1,3227,3211,3228,-1,3228,3211,3229,-1,3228,3229,3230,-1,3230,3229,3231,-1,3230,3231,3232,-1,3232,3231,3233,-1,3232,3233,3234,-1,3234,3233,3210,-1,982,980,3215,-1,3215,980,3227,-1,3215,3227,3216,-1,3216,3227,3228,-1,3216,3228,3213,-1,3213,3228,3230,-1,3213,3230,3218,-1,3218,3230,3232,-1,3218,3232,3219,-1,3219,3232,3234,-1,3219,3234,1178,-1,1178,3234,1176,-1,3210,1181,3234,-1,3234,1181,1182,-1,3234,1182,1176,-1,1183,1179,3235,-1,3235,1179,3210,-1,3235,3210,3236,-1,3236,3210,3233,-1,3236,3233,3237,-1,3237,3233,3231,-1,3237,3231,3238,-1,3238,3231,3229,-1,3238,3229,3239,-1,3239,3229,3211,-1,3239,3211,881,-1,881,3211,880,-1,881,883,3239,-1,3239,883,3240,-1,3239,3240,3238,-1,3238,3240,3241,-1,3238,3241,3237,-1,3237,3241,3242,-1,3237,3242,3236,-1,3236,3242,3243,-1,3236,3243,3235,-1,3235,3243,3209,-1,3235,3209,1183,-1,1183,3209,1184,-1,883,891,3240,-1,3240,891,3225,-1,3240,3225,3241,-1,3241,3225,3223,-1,3241,3223,3242,-1,3242,3223,3221,-1,3242,3221,3243,-1,3243,3221,3222,-1,3243,3222,3209,-1,3209,3222,3220,-1,3209,3220,1185,-1,1185,3220,1173,-1,755,753,3244,-1,3245,3246,3247,-1,3248,3249,3250,-1,3248,3250,1277,-1,1277,3250,3251,-1,1277,3251,1276,-1,3245,3247,3249,-1,3249,3247,3252,-1,3249,3252,3250,-1,3253,3254,3246,-1,3246,3254,3255,-1,3246,3255,3247,-1,3256,842,756,-1,3253,3257,3254,-1,3254,3257,3258,-1,3254,3258,3259,-1,3259,3258,3256,-1,3259,3256,3244,-1,3244,3256,756,-1,3244,756,755,-1,3247,3260,3261,-1,1279,1276,3262,-1,3262,1276,3251,-1,3262,3251,3263,-1,3263,3251,3250,-1,3263,3250,3261,-1,3261,3250,3252,-1,3261,3252,3247,-1,3260,3247,3264,-1,3264,3247,3255,-1,3264,3255,3265,-1,3255,3254,3265,-1,3265,3254,3259,-1,3265,3259,3266,-1,3266,3259,3244,-1,3266,3244,3267,-1,3267,3244,753,-1,3267,753,853,-1,3268,3269,3253,-1,3253,3269,3270,-1,3253,3270,3257,-1,3257,3270,3271,-1,3257,3271,3258,-1,3258,3271,3272,-1,3258,3272,3256,-1,3256,3272,846,-1,3256,846,842,-1,3253,3246,3268,-1,3268,3246,3245,-1,3268,3245,3273,-1,3273,3245,3274,-1,3248,1277,1278,-1,3245,3249,3274,-1,3274,3249,3248,-1,3274,3248,3275,-1,3275,3248,1278,-1,3275,1278,1279,-1,3275,1279,3274,-1,1279,3262,3274,-1,3274,3262,3263,-1,3274,3263,3273,-1,3273,3263,3268,-1,3268,3263,3261,-1,3268,3261,3260,-1,3264,3270,3260,-1,3260,3270,3269,-1,3260,3269,3268,-1,3264,3265,3270,-1,3270,3265,3266,-1,3270,3266,3271,-1,3271,3266,3267,-1,3271,3267,3272,-1,853,862,3267,-1,3267,862,861,-1,3267,861,3272,-1,3272,861,846,-1,1264,1265,3276,-1,3276,1265,3277,-1,3276,3277,3278,-1,3278,3277,3279,-1,3278,3279,3280,-1,3280,3279,3281,-1,3280,3281,3282,-1,3282,3281,3283,-1,3282,3283,3284,-1,3284,3283,3285,-1,3284,3285,3286,-1,3287,1042,758,-1,3285,3288,3286,-1,3286,3288,3289,-1,3286,3289,3290,-1,3290,3289,3287,-1,3290,3287,3291,-1,3291,3287,758,-1,3291,758,757,-1,3280,3282,3292,-1,3293,1267,1264,-1,3293,1264,3294,-1,3294,1264,3276,-1,3294,3276,3278,-1,3280,3292,3278,-1,3278,3292,3295,-1,3278,3295,3294,-1,3284,3296,3282,-1,3282,3296,3297,-1,3282,3297,3292,-1,3284,3286,3296,-1,3296,3286,3290,-1,3296,3290,3298,-1,3298,3290,3291,-1,3298,3291,3299,-1,3299,3291,757,-1,3299,757,831,-1,3300,3301,3279,-1,828,1042,3287,-1,828,3287,3302,-1,3302,3287,3289,-1,3302,3289,3303,-1,3303,3289,3288,-1,3303,3288,3304,-1,3285,3283,3305,-1,3285,3305,3288,-1,3288,3305,3306,-1,3288,3306,3304,-1,3279,3301,3281,-1,3281,3301,3283,-1,3283,3301,3307,-1,3283,3307,3305,-1,3300,3279,1266,-1,1266,3279,3277,-1,1266,3277,1265,-1,829,828,3302,-1,3300,1266,1267,-1,1267,3293,3300,-1,3300,3293,3294,-1,3300,3294,3301,-1,3301,3294,3307,-1,3294,3295,3307,-1,3307,3295,3292,-1,3307,3292,3305,-1,3305,3292,3306,-1,3299,3303,3298,-1,3298,3303,3304,-1,3298,3304,3296,-1,3296,3304,3306,-1,3296,3306,3297,-1,3297,3306,3292,-1,831,829,3299,-1,3299,829,3302,-1,3299,3302,3303,-1,1272,1273,3308,-1,3308,1273,3309,-1,3308,3309,3310,-1,3310,3309,3311,-1,3310,3311,3312,-1,3312,3311,3313,-1,3312,3313,3314,-1,3314,3313,3315,-1,3314,3315,3316,-1,3316,3315,3317,-1,3316,3317,3318,-1,3317,3319,3318,-1,3318,3319,3320,-1,3318,3320,3321,-1,3321,3320,3322,-1,3321,3322,3323,-1,3323,3322,1034,-1,3323,1034,1035,-1,3324,1275,1272,-1,3324,1272,3325,-1,1272,3308,3325,-1,3325,3308,3310,-1,3325,3310,3326,-1,3326,3310,3327,-1,3314,3316,3328,-1,3310,3312,3327,-1,3327,3312,3314,-1,3327,3314,3329,-1,3329,3314,3328,-1,3316,3318,3328,-1,3328,3318,3321,-1,3328,3321,3330,-1,3330,3321,3323,-1,3330,3323,3331,-1,3331,3323,1035,-1,3331,1035,1036,-1,1037,1034,3322,-1,1037,3322,3332,-1,3332,3322,3320,-1,3332,3320,3333,-1,3333,3320,3319,-1,3333,3319,3334,-1,3317,3315,3335,-1,3317,3335,3319,-1,3319,3335,3336,-1,3319,3336,3334,-1,3313,3311,3337,-1,3313,3337,3315,-1,3315,3337,3338,-1,3315,3338,3335,-1,3309,1273,1274,-1,3309,1274,3311,-1,3311,1274,3339,-1,3311,3339,3337,-1,3325,3337,3339,-1,1274,1275,3339,-1,3339,1275,3324,-1,3339,3324,3325,-1,3337,3325,3338,-1,3338,3325,3326,-1,3338,3326,3335,-1,3335,3326,3327,-1,3335,3327,3336,-1,3327,3329,3336,-1,3336,3329,3328,-1,3336,3328,3334,-1,3334,3328,3330,-1,3334,3330,3333,-1,3333,3330,3331,-1,3333,3331,3332,-1,3332,3331,1036,-1,3332,1036,1037,-1,3340,1280,1282,-1,3340,1282,3341,-1,1282,3342,3341,-1,3341,3342,3343,-1,3341,3343,3344,-1,3344,3343,3345,-1,3346,3347,3348,-1,3343,3349,3345,-1,3345,3349,3346,-1,3345,3346,3350,-1,3350,3346,3348,-1,3347,3351,3348,-1,3348,3351,3352,-1,3348,3352,3353,-1,3353,3352,3354,-1,3353,3354,3355,-1,3355,3354,944,-1,3355,944,946,-1,1286,1280,3356,-1,3356,1280,3340,-1,3356,3340,3357,-1,3357,3340,3341,-1,3357,3341,3358,-1,3358,3341,3344,-1,3358,3344,3359,-1,3359,3344,3345,-1,3359,3345,3360,-1,3360,3345,3350,-1,3360,3350,3361,-1,3350,3348,3361,-1,3361,3348,3353,-1,3361,3353,3362,-1,3362,3353,3355,-1,3362,3355,3363,-1,3363,3355,946,-1,3363,946,949,-1,941,944,3354,-1,941,3354,3364,-1,3364,3354,3352,-1,3364,3352,3365,-1,3365,3352,3351,-1,3365,3351,3366,-1,3366,3351,3347,-1,3366,3347,3367,-1,3367,3347,3368,-1,3368,3347,3346,-1,3368,3346,3349,-1,1282,1284,3342,-1,3342,1284,3369,-1,3342,3369,3343,-1,3343,3369,3370,-1,3343,3370,3349,-1,3349,3370,3371,-1,3349,3371,3368,-1,3369,1284,1286,-1,3369,1286,3370,-1,1286,3356,3370,-1,3370,3356,3357,-1,3370,3357,3371,-1,3371,3357,3368,-1,3368,3357,3358,-1,3368,3358,3359,-1,3360,3366,3359,-1,3359,3366,3367,-1,3359,3367,3368,-1,3360,3361,3366,-1,3366,3361,3362,-1,3366,3362,3365,-1,3365,3362,3363,-1,3365,3363,3364,-1,3364,3363,949,-1,3364,949,941,-1,3372,804,3373,-1,3373,804,802,-1,3373,802,3374,-1,802,801,3374,-1,3374,801,817,-1,3374,817,3375,-1,3375,817,818,-1,3375,818,3376,-1,3376,818,815,-1,3376,815,3377,-1,3377,815,814,-1,3377,814,3378,-1,3378,814,813,-1,3378,813,3379,-1,3379,813,812,-1,3379,812,3380,-1,3380,812,810,-1,3380,810,3381,-1,3381,810,809,-1,3381,809,3382,-1,3382,809,808,-1,3382,808,3383,-1,3383,808,807,-1,3383,807,3384,-1,807,826,3384,-1,3384,826,825,-1,3384,825,3385,-1,3385,825,823,-1,3385,823,3386,-1,823,822,3386,-1,3386,822,820,-1,3386,820,3387,-1,3387,820,819,-1,3387,819,3388,-1,3388,819,792,-1,3388,792,3389,-1,3389,792,791,-1,3389,791,3390,-1,3390,791,800,-1,3390,800,3391,-1,3391,800,799,-1,3391,799,3392,-1,3392,799,798,-1,3392,798,3393,-1,3393,798,794,-1,3393,794,3394,-1,3394,794,796,-1,3394,796,3395,-1,3395,796,797,-1,3395,797,3372,-1,3372,797,805,-1,3372,805,804,-1,3390,3396,3389,-1,3389,3396,3397,-1,3389,3397,3388,-1,3388,3397,3398,-1,3388,3398,3387,-1,3387,3398,3399,-1,3387,3399,3386,-1,3386,3399,3400,-1,3386,3400,3385,-1,3385,3400,3401,-1,3385,3401,3384,-1,3384,3401,3402,-1,3384,3402,3383,-1,3383,3402,3403,-1,3383,3403,3382,-1,3382,3403,3404,-1,3382,3404,3381,-1,3381,3404,3405,-1,3381,3405,3380,-1,3380,3405,3406,-1,3380,3406,3379,-1,3379,3406,3407,-1,3379,3407,3378,-1,3378,3407,3408,-1,3378,3408,3377,-1,3377,3408,3409,-1,3377,3409,3376,-1,3376,3409,3410,-1,3376,3410,3375,-1,3375,3410,3411,-1,3375,3411,3374,-1,3374,3411,3412,-1,3374,3412,3373,-1,3373,3412,3413,-1,3373,3413,3372,-1,3372,3413,3414,-1,3372,3414,3395,-1,3395,3414,3415,-1,3395,3415,3394,-1,3394,3415,3416,-1,3394,3416,3393,-1,3393,3416,3417,-1,3393,3417,3392,-1,3392,3417,3418,-1,3392,3418,3391,-1,3391,3418,3419,-1,3391,3419,3390,-1,3390,3419,3396,-1,3396,3420,3397,-1,3397,3420,3421,-1,3397,3421,3398,-1,3398,3421,3422,-1,3398,3422,3399,-1,3399,3422,3423,-1,3399,3423,3400,-1,3400,3423,3424,-1,3400,3424,3401,-1,3401,3424,3425,-1,3401,3425,3402,-1,3402,3425,3426,-1,3402,3426,3403,-1,3403,3426,3427,-1,3403,3427,3404,-1,3404,3427,3428,-1,3404,3428,3405,-1,3405,3428,3429,-1,3405,3429,3406,-1,3406,3429,3430,-1,3406,3430,3407,-1,3407,3430,3431,-1,3407,3431,3408,-1,3408,3431,3432,-1,3408,3432,3409,-1,3409,3432,3433,-1,3409,3433,3410,-1,3410,3433,3434,-1,3410,3434,3411,-1,3411,3434,3435,-1,3411,3435,3412,-1,3412,3435,3436,-1,3412,3436,3413,-1,3413,3436,3437,-1,3413,3437,3414,-1,3414,3437,3438,-1,3414,3438,3415,-1,3415,3438,3439,-1,3415,3439,3416,-1,3416,3439,3440,-1,3416,3440,3417,-1,3417,3440,3441,-1,3417,3441,3418,-1,3418,3441,3442,-1,3418,3442,3419,-1,3419,3442,3443,-1,3419,3443,3396,-1,3396,3443,3420,-1,3420,3444,3421,-1,3421,3444,3445,-1,3421,3445,3422,-1,3422,3445,3446,-1,3422,3446,3423,-1,3423,3446,3447,-1,3423,3447,3424,-1,3424,3447,3448,-1,3424,3448,3425,-1,3425,3448,3449,-1,3425,3449,3426,-1,3426,3449,3450,-1,3426,3450,3427,-1,3427,3450,3451,-1,3427,3451,3428,-1,3428,3451,3452,-1,3428,3452,3429,-1,3429,3452,3453,-1,3429,3453,3430,-1,3430,3453,3454,-1,3430,3454,3431,-1,3431,3454,3455,-1,3431,3455,3432,-1,3432,3455,3456,-1,3432,3456,3433,-1,3433,3456,3457,-1,3433,3457,3434,-1,3434,3457,3458,-1,3434,3458,3435,-1,3435,3458,3459,-1,3435,3459,3436,-1,3436,3459,3460,-1,3436,3460,3437,-1,3437,3460,3461,-1,3437,3461,3438,-1,3438,3461,3462,-1,3438,3462,3439,-1,3439,3462,3463,-1,3439,3463,3440,-1,3440,3463,3464,-1,3440,3464,3441,-1,3441,3464,3465,-1,3441,3465,3442,-1,3442,3465,3466,-1,3442,3466,3443,-1,3443,3466,3467,-1,3443,3467,3420,-1,3420,3467,3444,-1,3444,3468,3445,-1,3445,3468,3469,-1,3445,3469,3446,-1,3446,3469,3470,-1,3446,3470,3447,-1,3447,3470,3471,-1,3447,3471,3448,-1,3448,3471,3472,-1,3448,3472,3449,-1,3449,3472,3473,-1,3449,3473,3450,-1,3450,3473,3474,-1,3450,3474,3451,-1,3451,3474,3475,-1,3451,3475,3452,-1,3452,3475,3476,-1,3452,3476,3453,-1,3453,3476,3477,-1,3453,3477,3454,-1,3454,3477,3478,-1,3454,3478,3455,-1,3455,3478,3479,-1,3455,3479,3456,-1,3456,3479,3480,-1,3456,3480,3457,-1,3457,3480,3481,-1,3457,3481,3458,-1,3458,3481,3482,-1,3458,3482,3459,-1,3459,3482,3483,-1,3459,3483,3460,-1,3460,3483,3484,-1,3460,3484,3461,-1,3461,3484,3485,-1,3461,3485,3462,-1,3462,3485,3486,-1,3462,3486,3463,-1,3463,3486,3487,-1,3463,3487,3464,-1,3464,3487,3488,-1,3464,3488,3465,-1,3465,3488,3489,-1,3465,3489,3466,-1,3466,3489,3490,-1,3466,3490,3467,-1,3467,3490,3491,-1,3467,3491,3444,-1,3444,3491,3468,-1,3468,1294,3469,-1,3469,1294,1296,-1,3469,1296,3470,-1,3470,1296,1298,-1,3470,1298,3471,-1,3471,1298,1300,-1,3471,1300,3472,-1,3472,1300,1302,-1,3472,1302,3473,-1,3473,1302,1304,-1,3473,1304,3474,-1,3474,1304,1306,-1,3474,1306,3475,-1,3475,1306,1308,-1,3475,1308,3476,-1,3476,1308,1310,-1,3476,1310,3477,-1,3477,1310,1312,-1,3477,1312,3478,-1,3478,1312,1314,-1,3478,1314,3479,-1,3479,1314,1316,-1,3479,1316,3480,-1,3480,1316,1318,-1,3480,1318,3481,-1,3481,1318,1320,-1,3481,1320,3482,-1,3482,1320,1322,-1,3482,1322,3483,-1,3483,1322,1324,-1,3483,1324,3484,-1,3484,1324,1326,-1,3484,1326,3485,-1,3485,1326,1328,-1,3485,1328,3486,-1,3486,1328,1330,-1,3486,1330,3487,-1,3487,1330,1332,-1,3487,1332,3488,-1,3488,1332,1334,-1,3488,1334,3489,-1,3489,1334,1336,-1,3489,1336,3490,-1,3490,1336,1338,-1,3490,1338,3491,-1,3491,1338,1292,-1,3491,1292,3468,-1,3468,1292,1294,-1,3492,761,3493,-1,3493,761,760,-1,3493,760,3494,-1,3494,760,778,-1,3494,778,3495,-1,3495,778,790,-1,3495,790,3496,-1,3496,790,789,-1,3496,789,3497,-1,3497,789,788,-1,3497,788,3498,-1,3498,788,784,-1,3498,784,3499,-1,3499,784,783,-1,3499,783,3500,-1,3500,783,782,-1,3500,782,3501,-1,3501,782,777,-1,3501,777,3502,-1,3502,777,776,-1,3502,776,3503,-1,3503,776,771,-1,3503,771,3504,-1,3504,771,770,-1,3504,770,3505,-1,3505,770,781,-1,3505,781,3506,-1,3506,781,780,-1,3506,780,3507,-1,3507,780,779,-1,3507,779,3508,-1,3508,779,787,-1,3508,787,3509,-1,3509,787,786,-1,3509,786,3510,-1,3510,786,785,-1,3510,785,3511,-1,785,775,3511,-1,3511,775,774,-1,3511,774,3512,-1,3512,774,769,-1,3512,769,3513,-1,3513,769,768,-1,3513,768,3514,-1,3514,768,766,-1,3514,766,3515,-1,3515,766,765,-1,3515,765,3492,-1,3492,765,763,-1,3492,763,761,-1,3513,3516,3512,-1,3512,3516,3517,-1,3512,3517,3511,-1,3511,3517,3518,-1,3511,3518,3510,-1,3510,3518,3519,-1,3510,3519,3509,-1,3509,3519,3520,-1,3509,3520,3508,-1,3508,3520,3521,-1,3508,3521,3507,-1,3507,3521,3522,-1,3507,3522,3506,-1,3506,3522,3523,-1,3506,3523,3505,-1,3505,3523,3524,-1,3505,3524,3504,-1,3504,3524,3525,-1,3504,3525,3503,-1,3503,3525,3526,-1,3503,3526,3502,-1,3502,3526,3527,-1,3502,3527,3501,-1,3501,3527,3528,-1,3501,3528,3500,-1,3500,3528,3529,-1,3500,3529,3499,-1,3499,3529,3530,-1,3499,3530,3498,-1,3498,3530,3531,-1,3498,3531,3497,-1,3497,3531,3532,-1,3497,3532,3496,-1,3496,3532,3533,-1,3496,3533,3495,-1,3495,3533,3534,-1,3495,3534,3494,-1,3494,3534,3535,-1,3494,3535,3493,-1,3493,3535,3536,-1,3493,3536,3492,-1,3492,3536,3537,-1,3492,3537,3515,-1,3515,3537,3538,-1,3515,3538,3514,-1,3514,3538,3539,-1,3514,3539,3513,-1,3513,3539,3516,-1,3516,3540,3517,-1,3517,3540,3541,-1,3517,3541,3518,-1,3518,3541,3542,-1,3518,3542,3519,-1,3519,3542,3543,-1,3519,3543,3520,-1,3520,3543,3544,-1,3520,3544,3521,-1,3521,3544,3545,-1,3521,3545,3522,-1,3522,3545,3546,-1,3522,3546,3523,-1,3523,3546,3547,-1,3523,3547,3524,-1,3524,3547,3548,-1,3524,3548,3525,-1,3525,3548,3549,-1,3525,3549,3526,-1,3526,3549,3550,-1,3526,3550,3527,-1,3527,3550,3551,-1,3527,3551,3528,-1,3528,3551,3552,-1,3528,3552,3529,-1,3529,3552,3553,-1,3529,3553,3530,-1,3530,3553,3554,-1,3530,3554,3531,-1,3531,3554,3555,-1,3531,3555,3532,-1,3532,3555,3556,-1,3532,3556,3533,-1,3533,3556,3557,-1,3533,3557,3534,-1,3534,3557,3558,-1,3534,3558,3535,-1,3535,3558,3559,-1,3535,3559,3536,-1,3536,3559,3560,-1,3536,3560,3537,-1,3537,3560,3561,-1,3537,3561,3538,-1,3538,3561,3562,-1,3538,3562,3539,-1,3539,3562,3563,-1,3539,3563,3516,-1,3516,3563,3540,-1,3540,3564,3541,-1,3541,3564,3565,-1,3541,3565,3542,-1,3542,3565,3566,-1,3542,3566,3543,-1,3543,3566,3567,-1,3543,3567,3544,-1,3544,3567,3568,-1,3544,3568,3545,-1,3545,3568,3569,-1,3545,3569,3546,-1,3546,3569,3570,-1,3546,3570,3547,-1,3547,3570,3571,-1,3547,3571,3548,-1,3548,3571,3572,-1,3548,3572,3549,-1,3549,3572,3573,-1,3549,3573,3550,-1,3550,3573,3574,-1,3550,3574,3551,-1,3551,3574,3575,-1,3551,3575,3552,-1,3552,3575,3576,-1,3552,3576,3553,-1,3553,3576,3577,-1,3553,3577,3554,-1,3554,3577,3578,-1,3554,3578,3555,-1,3555,3578,3579,-1,3555,3579,3556,-1,3556,3579,3580,-1,3556,3580,3557,-1,3557,3580,3581,-1,3557,3581,3558,-1,3558,3581,3582,-1,3558,3582,3559,-1,3559,3582,3583,-1,3559,3583,3560,-1,3560,3583,3584,-1,3560,3584,3561,-1,3561,3584,3585,-1,3561,3585,3562,-1,3562,3585,3586,-1,3562,3586,3563,-1,3563,3586,3587,-1,3563,3587,3540,-1,3540,3587,3564,-1,3564,3588,3565,-1,3565,3588,3589,-1,3565,3589,3566,-1,3566,3589,3590,-1,3566,3590,3567,-1,3567,3590,3591,-1,3567,3591,3568,-1,3568,3591,3592,-1,3568,3592,3569,-1,3569,3592,3593,-1,3569,3593,3570,-1,3570,3593,3594,-1,3570,3594,3571,-1,3571,3594,3595,-1,3571,3595,3572,-1,3572,3595,3596,-1,3572,3596,3573,-1,3573,3596,3597,-1,3573,3597,3574,-1,3574,3597,3598,-1,3574,3598,3575,-1,3575,3598,3599,-1,3575,3599,3576,-1,3576,3599,3600,-1,3576,3600,3577,-1,3577,3600,3601,-1,3577,3601,3578,-1,3578,3601,3602,-1,3578,3602,3579,-1,3579,3602,3603,-1,3579,3603,3580,-1,3580,3603,3604,-1,3580,3604,3581,-1,3581,3604,3605,-1,3581,3605,3582,-1,3582,3605,3606,-1,3582,3606,3583,-1,3583,3606,3607,-1,3583,3607,3584,-1,3584,3607,3608,-1,3584,3608,3585,-1,3585,3608,3609,-1,3585,3609,3586,-1,3586,3609,3610,-1,3586,3610,3587,-1,3587,3610,3611,-1,3587,3611,3564,-1,3564,3611,3588,-1,3588,1367,3589,-1,3589,1367,1369,-1,3589,1369,3590,-1,3590,1369,1371,-1,3590,1371,3591,-1,3591,1371,1373,-1,3591,1373,3592,-1,3592,1373,1375,-1,3592,1375,3593,-1,3593,1375,1377,-1,3593,1377,3594,-1,3594,1377,1379,-1,3594,1379,3595,-1,3595,1379,1381,-1,3595,1381,3596,-1,3596,1381,1383,-1,3596,1383,3597,-1,3597,1383,1385,-1,3597,1385,3598,-1,3598,1385,1387,-1,3598,1387,3599,-1,3599,1387,1389,-1,3599,1389,3600,-1,3600,1389,1391,-1,3600,1391,3601,-1,3601,1391,1393,-1,3601,1393,3602,-1,3602,1393,1395,-1,3602,1395,3603,-1,3603,1395,1397,-1,3603,1397,3604,-1,3604,1397,1399,-1,3604,1399,3605,-1,3605,1399,1401,-1,3605,1401,3606,-1,3606,1401,1403,-1,3606,1403,3607,-1,3607,1403,1405,-1,3607,1405,3608,-1,3608,1405,1407,-1,3608,1407,3609,-1,3609,1407,1409,-1,3609,1409,3610,-1,3610,1409,1411,-1,3610,1411,3611,-1,3611,1411,1365,-1,3611,1365,3588,-1,3588,1365,1367,-1,3612,3613,1187,-1,1187,3613,624,-1,1187,624,623,-1,3614,3615,630,-1,630,3615,1188,-1,630,1188,631,-1,3612,1187,3616,-1,3616,1187,1196,-1,3616,1196,3617,-1,3617,1196,1200,-1,3617,1200,3618,-1,3618,1200,1192,-1,3618,1192,3615,-1,3615,1192,1188,-1,3615,3614,3619,-1,3615,3619,3618,-1,3618,3619,3620,-1,3618,3620,3617,-1,3617,3620,3621,-1,3617,3621,3616,-1,3613,3612,3622,-1,3622,3612,3616,-1,3622,3616,3623,-1,3623,3616,3621,-1,3624,3625,715,-1,715,3625,1172,-1,715,1172,710,-1,3626,3627,1168,-1,1168,3627,720,-1,1168,720,721,-1,3626,1168,3628,-1,3628,1168,1177,-1,3628,1177,3629,-1,3629,1177,1180,-1,3629,1180,3630,-1,3630,1180,1175,-1,3630,1175,3625,-1,3625,1175,1172,-1,3625,3624,3631,-1,3625,3631,3630,-1,3630,3631,3632,-1,3630,3632,3629,-1,3629,3632,3633,-1,3629,3633,3628,-1,3627,3626,3634,-1,3634,3626,3628,-1,3634,3628,3635,-1,3635,3628,3633,-1,719,720,3627,-1,3627,3634,719,-1,719,3634,3635,-1,719,3635,717,-1,3624,715,3631,-1,3631,715,716,-1,3631,716,3632,-1,3632,716,717,-1,3632,717,3633,-1,3633,717,3635,-1,625,624,3613,-1,3613,3622,625,-1,625,3622,3623,-1,625,3623,678,-1,3614,630,3619,-1,3619,630,629,-1,3619,629,3620,-1,3620,629,678,-1,3620,678,3621,-1,3621,678,3623,-1,
        ]
    }
}
Shape{
    appearance Appearance {
        material  Material 	{
            diffuseColor 1.0 1.0 1.0
            specularColor 0.5019607843137255 0.5019607843137255 0.5019607843137255
            ambientIntensity 1.0
            transparency 0.0
            shininess 0.5
        }
    }
    geometry IndexedFaceSet {
        ccw TRUE
        solid FALSE
        coord DEF co Coordinate {
            point [
                2.9323 1.8982 1.376, 2.9323 1.8982 1.365, 2.9283 1.8982 1.376, 2.9283 1.8982 1.365, 2.9323 1.8599 1.376, 2.9283 1.8599 1.376, 2.9323 1.8599 1.4611, 2.9283 1.8599 1.4611, 2.9323 1.8475 1.4611, 2.9283 1.8475 1.4611, 2.9323 1.8475 1.365, 2.9283 1.8475 1.365, 2.9323 1.9475 1.3634, 2.9283 1.9475 1.3634, 2.9283 1.9621 1.3648, 2.9323 1.9621 1.3648, 2.9283 1.9724 1.3682, 2.9323 1.9724 1.3682, 2.9283 1.9741 1.369, 2.9323 1.9741 1.369, 2.9323 1.9741 1.3809, 2.9283 1.9741 1.3809, 2.9283 1.9647 1.3767, 2.9323 1.9647 1.3767, 2.9283 1.9539 1.3746, 2.9323 1.9539 1.3746, 2.9283 1.9492 1.3745, 2.9323 1.9492 1.3745, 2.9283 1.9402 1.3755, 2.9323 1.9402 1.3755, 2.9283 1.9333 1.378, 2.9323 1.9333 1.378, 2.9283 1.9269 1.3823, 2.9323 1.9269 1.3823, 2.9283 1.9246 1.3846, 2.9323 1.9246 1.3846, 2.9283 1.9197 1.3915, 2.9323 1.9197 1.3915, 2.9283 1.9166 1.3993, 2.9323 1.9166 1.3993, 2.9283 1.9151 1.4111, 2.9323 1.9151 1.4111, 2.9283 1.9151 1.412, 2.9323 1.9151 1.412, 2.9283 1.9164 1.424, 2.9323 1.9164 1.424, 2.9283 1.9194 1.4325, 2.9323 1.9194 1.4325, 2.9283 1.9239 1.4394, 2.9323 1.9239 1.4394, 2.9283 1.9252 1.4409, 2.9323 1.9252 1.4409, 2.9283 1.9314 1.446, 2.9323 1.9314 1.446, 2.9283 1.9389 1.4496, 2.9323 1.9389 1.4496, 2.9283 1.9472 1.4513, 2.9323 1.9472 1.4513, 2.9283 1.9514 1.4515, 2.9323 1.9514 1.4515, 2.9283 1.9627 1.4503, 2.9323 1.9627 1.4503, 2.9283 1.9725 1.4467, 2.9323 1.9725 1.4467, 2.9283 1.9741 1.4458, 2.9323 1.9741 1.4458, 2.9323 1.9741 1.4588, 2.9283 1.9741 1.4588, 2.9283 1.9513 1.4627, 2.9323 1.9513 1.4627, 2.9323 1.9522 1.4627, 2.9283 1.9646 1.4616, 2.9323 1.9646 1.4616, 2.9283 1.9612 1.4619, 2.9283 1.9522 1.4627, 2.9323 1.9391 1.4615, 2.9283 1.9436 1.4619, 2.9283 1.9391 1.4615, 2.9283 1.9288 1.4579, 2.9323 1.9288 1.4579, 2.9283 1.9192 1.4516, 2.9323 1.9192 1.4516, 2.9283 1.916 1.4486, 2.9323 1.916 1.4486, 2.9283 1.9093 1.44, 2.9283 1.9064 1.4334, 2.9323 1.9046 1.4294, 2.9323 1.9093 1.44, 2.9283 1.9046 1.4294, 2.9283 1.9023 1.417, 2.9323 1.9023 1.417, 2.9283 1.9021 1.4113, 2.9323 1.9021 1.4113, 2.9283 1.9039 1.3959, 2.9283 1.9064 1.3894, 2.9323 1.9078 1.3858, 2.9323 1.9039 1.3959, 2.9283 1.9078 1.3858, 2.9283 1.9135 1.3776, 2.9323 1.9135 1.3776, 2.9283 1.9144 1.3765, 2.9323 1.9144 1.3765, 2.9283 1.9222 1.3701, 2.9323 1.9222 1.3701, 2.9283 1.9313 1.3658, 2.9323 1.9313 1.3658, 2.9283 1.9418 1.3637, 2.9323 1.9418 1.3637, 2.9323 2.045 1.376, 2.9323 2.045 1.365, 2.9283 2.045 1.376, 2.9283 2.045 1.365, 2.9283 2.0057 1.376, 2.9323 2.0057 1.376, 2.9283 2.0316 1.376, 2.9323 2.0057 1.4083, 2.9283 2.0057 1.4083, 2.9323 2.04 1.4083, 2.9283 2.0316 1.4083, 2.9283 2.04 1.4083, 2.9323 2.04 1.4193, 2.9283 2.04 1.4193, 2.9283 2.0057 1.4193, 2.9323 2.0057 1.4193, 2.9283 2.0316 1.4193, 2.9323 2.0057 1.4501, 2.9283 2.0057 1.4501, 2.9323 2.0428 1.4501, 2.9283 2.0316 1.4501, 2.9283 2.0428 1.4501, 2.9323 2.0428 1.4611, 2.9283 2.0428 1.4611, 2.9283 1.9933 1.4611, 2.9323 1.9933 1.4611, 2.9283 2.0316 1.4611, 2.9323 1.9933 1.365, 2.9283 1.9933 1.365, 2.9283 2.0316 1.365, 2.9323 2.128 1.4085, 2.9323 2.141 1.4077, 2.9323 2.1283 1.414, 2.9323 2.1413 1.4143, 2.9323 2.127 1.4254, 2.9323 2.1401 1.4262, 2.9323 2.1244 1.4326, 2.9323 2.1367 1.4356, 2.9323 2.1207 1.438, 2.9323 2.131 1.4442, 2.9323 2.1178 1.441, 2.9323 2.1268 1.4484, 2.9323 2.1104 1.4459, 2.9323 2.1177 1.4548, 2.9323 2.102 1.4488, 2.9323 2.1062 1.4592, 2.9323 2.09 1.4501, 2.9323 2.0905 1.4611, 2.9323 2.0755 1.4501, 2.9323 2.0631 1.4611, 2.9323 2.0755 1.376, 2.9323 2.0631 1.365, 2.9323 2.0895 1.376, 2.9323 2.0895 1.365, 2.9323 2.1015 1.3773, 2.9323 2.1056 1.3669, 2.9323 2.1098 1.3802, 2.9323 2.1166 1.3712, 2.9323 2.1162 1.3843, 2.9323 2.1259 1.3776, 2.9323 2.118 1.386, 2.9323 2.1268 1.3785, 2.9323 2.123 1.3923, 2.9323 2.1338 1.3867, 2.9323 2.1263 1.3995, 2.9323 2.1386 1.3966, 2.9283 2.0895 1.365, 2.9283 2.0631 1.365, 2.9283 2.1056 1.3669, 2.9283 2.1071 1.3675, 2.9283 2.1166 1.3712, 2.9283 2.1259 1.3776, 2.9283 2.1268 1.3785, 2.9283 2.1338 1.3867, 2.9283 2.1386 1.3966, 2.9283 2.141 1.4077, 2.9283 2.1413 1.4143, 2.9283 2.1401 1.4262, 2.9283 2.1367 1.4356, 2.9283 2.131 1.4442, 2.9283 2.1268 1.4484, 2.9283 2.0905 1.4611, 2.9283 2.1177 1.4548, 2.9283 2.1071 1.4589, 2.9283 2.1062 1.4592, 2.9283 2.0631 1.4611, 2.9283 2.09 1.4501, 2.9283 2.0755 1.4501, 2.9283 2.0755 1.376, 2.9283 2.0895 1.376, 2.9283 2.118 1.386, 2.9283 2.1162 1.3843, 2.9283 2.1098 1.3802, 2.9283 2.1015 1.3773, 2.9283 2.1283 1.414, 2.9283 2.128 1.4085, 2.9283 2.1263 1.3995, 2.9283 2.123 1.3923, 2.9283 2.1178 1.441, 2.9283 2.1207 1.438, 2.9283 2.1244 1.4326, 2.9283 2.127 1.4254, 2.9283 2.102 1.4488, 2.9283 2.1104 1.4459
            ]
        }
        coordIndex [
            0,1,2,-1,2,1,3,-1,4,0,5,-1,5,0,2,-1,6,4,7,-1,7,4,5,-1,8,6,9,-1,9,6,7,-1,10,8,11,-1,11,8,9,-1,1,10,3,-1,3,10,11,-1,6,8,4,-1,4,8,10,-1,4,10,0,-1,0,10,1,-1,12,13,14,-1,12,14,15,-1,15,14,16,-1,15,16,17,-1,17,16,18,-1,17,18,19,-1,20,19,21,-1,21,19,18,-1,20,21,22,-1,20,22,23,-1,23,22,24,-1,23,24,25,-1,25,24,26,-1,25,26,27,-1,27,26,28,-1,27,28,29,-1,29,28,30,-1,29,30,31,-1,31,30,32,-1,31,32,33,-1,33,32,34,-1,33,34,35,-1,35,34,36,-1,35,36,37,-1,37,36,38,-1,37,38,39,-1,39,38,40,-1,39,40,41,-1,41,40,42,-1,41,42,43,-1,43,42,44,-1,43,44,45,-1,45,44,46,-1,45,46,47,-1,47,46,48,-1,47,48,49,-1,49,48,50,-1,49,50,51,-1,51,50,52,-1,51,52,53,-1,53,52,54,-1,53,54,55,-1,55,54,56,-1,55,56,57,-1,57,56,58,-1,57,58,59,-1,59,58,60,-1,59,60,61,-1,61,60,62,-1,61,62,63,-1,63,62,64,-1,63,64,65,-1,66,65,67,-1,67,65,64,-1,68,69,70,-1,66,67,71,-1,66,71,72,-1,72,71,73,-1,72,73,70,-1,70,73,74,-1,70,74,68,-1,69,68,75,-1,75,68,76,-1,76,77,75,-1,75,77,78,-1,75,78,79,-1,79,78,80,-1,79,80,81,-1,81,80,82,-1,81,82,83,-1,83,82,84,-1,85,86,84,-1,84,86,87,-1,84,87,83,-1,85,88,86,-1,86,88,89,-1,86,89,90,-1,90,89,91,-1,90,91,92,-1,92,91,93,-1,94,95,93,-1,93,95,96,-1,93,96,92,-1,94,97,95,-1,95,97,98,-1,95,98,99,-1,99,98,100,-1,99,100,101,-1,101,100,102,-1,101,102,103,-1,103,102,104,-1,103,104,105,-1,105,104,106,-1,105,106,107,-1,107,106,13,-1,107,13,12,-1,63,65,66,-1,37,39,96,-1,45,47,87,-1,96,39,92,-1,87,47,83,-1,63,66,61,-1,61,66,72,-1,61,72,59,-1,59,72,70,-1,59,70,57,-1,57,70,69,-1,57,69,55,-1,55,69,75,-1,55,75,53,-1,75,79,53,-1,53,79,81,-1,53,81,51,-1,51,81,83,-1,51,83,49,-1,49,83,47,-1,96,95,37,-1,37,95,99,-1,37,99,35,-1,35,99,101,-1,35,101,33,-1,33,101,103,-1,33,103,31,-1,31,103,105,-1,31,105,29,-1,29,105,107,-1,29,107,27,-1,27,107,12,-1,27,12,25,-1,25,12,15,-1,25,15,23,-1,23,15,17,-1,23,17,20,-1,20,17,19,-1,39,41,92,-1,92,41,43,-1,92,43,90,-1,90,43,45,-1,90,45,86,-1,86,45,87,-1,108,109,110,-1,110,109,111,-1,112,113,114,-1,114,113,108,-1,114,108,110,-1,115,113,116,-1,116,113,112,-1,115,116,117,-1,117,116,118,-1,117,118,119,-1,120,117,121,-1,121,117,119,-1,122,123,124,-1,124,123,120,-1,124,120,121,-1,125,123,126,-1,126,123,122,-1,125,126,127,-1,127,126,128,-1,127,128,129,-1,130,127,131,-1,131,127,129,-1,132,133,134,-1,134,133,130,-1,134,130,131,-1,135,133,136,-1,136,133,132,-1,111,109,137,-1,137,109,135,-1,137,135,136,-1,135,109,108,-1,108,113,135,-1,135,113,115,-1,135,115,133,-1,127,130,125,-1,125,130,133,-1,125,133,123,-1,123,133,115,-1,123,115,120,-1,120,115,117,-1,138,139,140,-1,140,139,141,-1,140,141,142,-1,142,141,143,-1,142,143,144,-1,144,143,145,-1,144,145,146,-1,146,145,147,-1,146,147,148,-1,148,147,149,-1,148,149,150,-1,150,149,151,-1,150,151,152,-1,152,151,153,-1,152,153,154,-1,154,153,155,-1,154,155,156,-1,156,155,157,-1,156,157,158,-1,158,157,159,-1,158,159,160,-1,160,159,161,-1,160,161,162,-1,162,161,163,-1,162,163,164,-1,164,163,165,-1,164,165,166,-1,166,165,167,-1,166,167,168,-1,168,167,169,-1,168,169,170,-1,170,169,171,-1,170,171,172,-1,172,171,173,-1,172,173,138,-1,138,173,139,-1,161,159,174,-1,174,159,175,-1,161,174,176,-1,161,176,163,-1,163,176,177,-1,163,177,165,-1,177,178,165,-1,165,178,179,-1,165,179,167,-1,167,179,180,-1,167,180,169,-1,169,180,181,-1,169,181,171,-1,171,181,182,-1,171,182,173,-1,173,182,183,-1,173,183,139,-1,139,183,184,-1,139,184,141,-1,141,184,185,-1,141,185,143,-1,143,185,186,-1,143,186,145,-1,145,186,187,-1,145,187,147,-1,147,187,188,-1,147,188,149,-1,189,155,153,-1,149,188,190,-1,149,190,151,-1,151,190,191,-1,151,191,153,-1,153,191,192,-1,153,192,189,-1,157,155,193,-1,193,155,189,-1,159,157,175,-1,175,157,193,-1,154,156,194,-1,194,156,195,-1,156,158,195,-1,195,158,196,-1,158,160,196,-1,196,160,197,-1,168,198,199,-1,168,199,166,-1,166,199,200,-1,166,200,164,-1,164,200,201,-1,164,201,162,-1,162,201,197,-1,162,197,160,-1,140,202,203,-1,140,203,138,-1,138,203,204,-1,138,204,172,-1,172,204,205,-1,172,205,170,-1,170,205,198,-1,170,198,168,-1,148,206,207,-1,148,207,146,-1,146,207,208,-1,146,208,144,-1,144,208,209,-1,144,209,142,-1,142,209,202,-1,142,202,140,-1,154,194,210,-1,154,210,152,-1,152,210,211,-1,152,211,150,-1,150,211,206,-1,150,206,148,-1,
        ]
    }
}
Shape{
    appearance Appearance {
        material  Material 	{
            diffuseColor 0.6078431372549019 0.36470588235294116 0.3568627450980392
            specularColor 0.3058823529411765 0.1843137254901961 0.17647058823529413
            ambientIntensity 0.4365
            transparency 0.0
            shininess 0.5
        }
    }
    geometry IndexedFaceSet {
        ccw TRUE
        solid FALSE
        coord DEF co Coordinate {
            point [
                2.9283 2.0755 1.4501, 2.9283 2.0755 1.376, 2.9283 2.09 1.4501, 2.9283 2.0895 1.376, 2.9283 2.1015 1.3773, 2.9283 2.1098 1.3802, 2.9283 2.1162 1.3843, 2.9283 2.118 1.386, 2.9283 2.123 1.3923, 2.9283 2.1263 1.3995, 2.9283 2.128 1.4085, 2.9283 2.1283 1.414, 2.9283 2.127 1.4254, 2.9283 2.1244 1.4326, 2.9283 2.1207 1.438, 2.9283 2.1178 1.441, 2.9283 2.102 1.4488, 2.9283 2.1104 1.4459
            ]
        }
        coordIndex [
            0,1,2,-1,2,1,3,-1,2,3,4,-1,4,5,2,-1,2,5,6,-1,2,6,7,-1,7,8,2,-1,2,8,9,-1,2,9,10,-1,10,11,2,-1,2,11,12,-1,2,12,13,-1,13,14,2,-1,2,14,15,-1,2,15,16,-1,16,15,17,-1,
        ]
    }
}
Shape{
    appearance Appearance {
        material  Material 	{
            diffuseColor 1.0 1.0 1.0
            specularColor 0.5019607843137255 0.5019607843137255 0.5019607843137255
            ambientIntensity 1.0
            transparency 0.0
            shininess 0.5
        }
    }
    geometry IndexedFaceSet {
        ccw TRUE
        solid FALSE
        coord DEF co Coordinate {
            point [
                2.9323 2.1735 1.4022, 2.9323 2.1696 1.3913, 2.9323 2.2058 1.4022, 2.9323 2.2096 1.3913, 2.9323 2.1879 1.4421, 2.9323 2.1833 1.4611, 2.9323 2.1467 1.365, 2.9323 2.1604 1.365, 2.9323 2.1887 1.445, 2.9323 2.1895 1.4488, 2.9323 2.1965 1.4611, 2.9323 2.1898 1.4488, 2.9323 2.1906 1.4448, 2.9323 2.1913 1.4421, 2.9323 2.2331 1.365, 2.9323 2.2194 1.365, 2.9283 2.1965 1.4611, 2.9283 2.2331 1.365, 2.9283 2.1833 1.4611, 2.9283 2.1467 1.365, 2.9283 2.1744 1.4377, 2.9283 2.1604 1.365, 2.9283 2.1696 1.3913, 2.9283 2.2096 1.3913, 2.9283 2.1744 1.3913, 2.9283 2.2194 1.365, 2.9283 2.1735 1.4022, 2.9283 2.2058 1.4022, 2.9283 2.1913 1.4421, 2.9283 2.1898 1.4488, 2.9283 2.1906 1.4448, 2.9283 2.1895 1.4488, 2.9283 2.1879 1.4421, 2.9283 2.1887 1.445
            ]
        }
        coordIndex [
            0,1,2,-1,2,1,3,-1,4,5,0,-1,0,5,6,-1,0,6,1,-1,1,6,7,-1,4,8,5,-1,5,8,9,-1,5,9,10,-1,10,9,11,-1,10,11,12,-1,12,13,10,-1,10,13,2,-1,10,2,14,-1,14,2,3,-1,14,3,15,-1,10,14,16,-1,16,14,17,-1,5,10,18,-1,18,10,16,-1,19,6,20,-1,20,6,5,-1,20,5,18,-1,7,6,21,-1,21,6,19,-1,1,7,22,-1,22,7,21,-1,23,3,24,-1,24,3,1,-1,24,1,22,-1,15,3,25,-1,25,3,23,-1,14,15,17,-1,17,15,25,-1,0,2,26,-1,26,2,27,-1,2,13,27,-1,27,13,28,-1,11,29,30,-1,11,30,12,-1,12,30,28,-1,12,28,13,-1,11,9,29,-1,29,9,31,-1,4,32,33,-1,4,33,8,-1,8,33,31,-1,8,31,9,-1,4,0,32,-1,32,0,26,-1,
        ]
    }
}
Shape{
    appearance Appearance {
        material  Material 	{
            diffuseColor 0.6078431372549019 0.36470588235294116 0.3568627450980392
            specularColor 0.3058823529411765 0.1843137254901961 0.17647058823529413
            ambientIntensity 0.4365
            transparency 0.0
            shininess 0.5
        }
    }
    geometry IndexedFaceSet {
        ccw TRUE
        solid FALSE
        coord DEF co Coordinate {
            point [
                2.9283 2.1898 1.4488, 2.9283 2.1895 1.4488, 2.9283 2.1906 1.4448, 2.9283 2.1887 1.445, 2.9283 2.1913 1.4421, 2.9283 2.1879 1.4421, 2.9283 2.2058 1.4022, 2.9283 2.1735 1.4022
            ]
        }
        coordIndex [
            0,1,2,-1,2,1,3,-1,2,3,4,-1,4,3,5,-1,4,5,6,-1,6,5,7,-1,
        ]
    }
}
Shape{
    appearance Appearance {
        material  Material 	{
            diffuseColor 1.0 1.0 1.0
            specularColor 0.5019607843137255 0.5019607843137255 0.5019607843137255
            ambientIntensity 1.0
            transparency 0.0
            shininess 0.5
        }
    }
    geometry IndexedFaceSet {
        ccw TRUE
        solid FALSE
        coord DEF co Coordinate {
            point [
                2.9323 1.8992 1.2236, 2.9323 1.8992 1.2126, 2.9283 1.8992 1.2236, 2.9283 1.8992 1.2126, 2.9323 1.8599 1.2236, 2.9283 1.8599 1.2236, 2.9323 1.8599 1.2559, 2.9283 1.8599 1.2559, 2.9323 1.8943 1.2559, 2.9283 1.8943 1.2559, 2.9323 1.8943 1.2669, 2.9283 1.8943 1.2669, 2.9323 1.8599 1.2669, 2.9283 1.8599 1.2669, 2.9323 1.8599 1.2976, 2.9283 1.8599 1.2976, 2.9323 1.897 1.2976, 2.9283 1.897 1.2976, 2.9323 1.897 1.3087, 2.9283 1.897 1.3087, 2.9323 1.8475 1.3087, 2.9283 1.8475 1.3087, 2.9323 1.8475 1.2126, 2.9283 1.8475 1.2126, 2.9323 1.9535 1.2232, 2.9323 1.9538 1.2232, 2.9323 1.953 1.2343, 2.9323 1.9244 1.2511, 2.9323 1.9279 1.242, 2.9323 1.9309 1.2433, 2.9323 1.9538 1.2397, 2.9323 1.9658 1.2568, 2.9323 1.9538 1.2405, 2.9323 1.9538 1.247, 2.9323 1.9538 1.2126, 2.9323 1.9658 1.2126, 2.9323 1.9335 1.2534, 2.9323 1.9378 1.2449, 2.9323 1.9538 1.2562, 2.9323 1.9513 1.23, 2.9323 1.9487 1.2265, 2.9323 1.9516 1.2204, 2.9323 1.9471 1.225, 2.9323 1.9478 1.2163, 2.9323 1.9437 1.2227, 2.9323 1.9436 1.2134, 2.9323 1.9401 1.2214, 2.9323 1.9387 1.2117, 2.9323 1.9356 1.2209, 2.9323 1.9325 1.211, 2.9323 1.9315 1.2213, 2.9323 1.9253 1.2118, 2.9323 1.9288 1.2223, 2.9323 1.9207 1.2136, 2.9323 1.9264 1.2239, 2.9323 1.9166 1.2164, 2.9323 1.9254 1.225, 2.9323 1.9261 1.2407, 2.9323 1.9193 1.2485, 2.9323 1.9247 1.2389, 2.9323 1.9156 1.2453, 2.9323 1.9236 1.2366, 2.9323 1.9132 1.2419, 2.9323 1.923 1.2339, 2.9323 1.9174 1.2764, 2.9323 1.9174 1.2647, 2.9323 1.9206 1.2782, 2.9323 1.926 1.2701, 2.9323 1.9297 1.2815, 2.9323 1.9336 1.2724, 2.9323 1.941 1.2828, 2.9323 1.9399 1.273, 2.9323 1.9482 1.2822, 2.9323 1.944 1.2726, 2.9323 1.9533 1.2806, 2.9323 1.9468 1.2716, 2.9323 1.9573 1.2784, 2.9323 1.9489 1.2702, 2.9323 1.9605 1.2753, 2.9323 1.9507 1.2683, 2.9323 1.963 1.2714, 2.9323 1.9522 1.2658, 2.9323 1.9649 1.266, 2.9323 1.9534 1.2615, 2.9323 1.9115 1.2376, 2.9323 1.9107 1.2324, 2.9323 1.9229 1.232, 2.9323 1.9107 1.231, 2.9323 1.9232 1.2292, 2.9323 1.9113 1.2255, 2.9323 1.924 1.227, 2.9323 1.9128 1.2214, 2.9323 1.9153 1.2177, 2.9283 1.941 1.2828, 2.9283 1.9297 1.2815, 2.9283 1.9206 1.2782, 2.9283 1.9174 1.2764, 2.9283 1.9174 1.2647, 2.9283 1.926 1.2701, 2.9283 1.9336 1.2724, 2.9283 1.9399 1.273, 2.9283 1.944 1.2726, 2.9283 1.9468 1.2716, 2.9283 1.9489 1.2702, 2.9283 1.9507 1.2683, 2.9283 1.9522 1.2658, 2.9283 1.9534 1.2615, 2.9283 1.9538 1.2562, 2.9283 1.9335 1.2534, 2.9283 1.9244 1.2511, 2.9283 1.9193 1.2485, 2.9283 1.9156 1.2453, 2.9283 1.9132 1.2419, 2.9283 1.9115 1.2376, 2.9283 1.9107 1.2324, 2.9283 1.9107 1.231, 2.9283 1.9113 1.2255, 2.9283 1.9128 1.2214, 2.9283 1.9153 1.2177, 2.9283 1.9166 1.2164, 2.9283 1.9325 1.211, 2.9283 1.9255 1.2118, 2.9283 1.9253 1.2118, 2.9283 1.9207 1.2136, 2.9283 1.9387 1.2117, 2.9283 1.939 1.2118, 2.9283 1.9436 1.2134, 2.9283 1.9478 1.2163, 2.9283 1.9516 1.2204, 2.9283 1.9535 1.2232, 2.9283 1.9538 1.2232, 2.9283 1.9538 1.2126, 2.9283 1.9658 1.2126, 2.9283 1.9658 1.2568, 2.9283 1.9649 1.266, 2.9283 1.963 1.2714, 2.9283 1.9605 1.2753, 2.9283 1.9573 1.2784, 2.9283 1.9533 1.2806, 2.9283 1.9482 1.2822, 2.9283 1.9261 1.2407, 2.9283 1.9279 1.242, 2.9283 1.9309 1.2433, 2.9283 1.9378 1.2449, 2.9283 1.9229 1.232, 2.9283 1.923 1.2339, 2.9283 1.9236 1.2366, 2.9283 1.9247 1.2389, 2.9283 1.9264 1.2239, 2.9283 1.9254 1.225, 2.9283 1.924 1.227, 2.9283 1.9232 1.2292, 2.9283 1.9356 1.2209, 2.9283 1.9315 1.2213, 2.9283 1.9288 1.2223, 2.9283 1.9487 1.2265, 2.9283 1.9471 1.225, 2.9283 1.9437 1.2227, 2.9283 1.9401 1.2214, 2.9283 1.9538 1.2405, 2.9283 1.9538 1.2397, 2.9283 1.953 1.2343, 2.9283 1.9513 1.23, 2.9283 1.9538 1.247
            ]
        }
        coordIndex [
            0,1,2,-1,2,1,3,-1,4,0,5,-1,5,0,2,-1,6,4,7,-1,7,4,5,-1,8,6,9,-1,9,6,7,-1,10,8,11,-1,11,8,9,-1,12,10,13,-1,13,10,11,-1,14,12,15,-1,15,12,13,-1,16,14,17,-1,17,14,15,-1,18,16,19,-1,19,16,17,-1,20,18,21,-1,21,18,19,-1,22,20,23,-1,23,20,21,-1,1,22,3,-1,3,22,23,-1,1,0,22,-1,22,0,4,-1,8,10,6,-1,6,10,12,-1,16,18,14,-1,14,18,20,-1,14,20,12,-1,12,20,22,-1,12,22,6,-1,6,22,4,-1,24,25,26,-1,27,28,29,-1,30,31,32,-1,32,31,33,-1,34,35,25,-1,25,35,31,-1,25,31,26,-1,26,31,30,-1,27,29,36,-1,36,29,37,-1,36,37,38,-1,26,39,24,-1,24,39,40,-1,24,40,41,-1,41,40,42,-1,41,42,43,-1,43,42,44,-1,43,44,45,-1,45,44,46,-1,45,46,47,-1,47,46,48,-1,47,48,49,-1,49,48,50,-1,49,50,51,-1,51,50,52,-1,51,52,53,-1,53,52,54,-1,53,54,55,-1,55,54,56,-1,28,27,57,-1,57,27,58,-1,57,58,59,-1,59,58,60,-1,59,60,61,-1,61,60,62,-1,61,62,63,-1,64,65,66,-1,66,65,67,-1,66,67,68,-1,68,67,69,-1,68,69,70,-1,70,69,71,-1,70,71,72,-1,72,71,73,-1,72,73,74,-1,74,73,75,-1,74,75,76,-1,76,75,77,-1,76,77,78,-1,78,77,79,-1,78,79,80,-1,80,79,81,-1,80,81,82,-1,82,81,83,-1,82,83,31,-1,31,83,38,-1,31,38,33,-1,33,38,37,-1,62,84,63,-1,63,84,85,-1,63,85,86,-1,86,85,87,-1,86,87,88,-1,88,87,89,-1,88,89,90,-1,90,89,91,-1,90,91,56,-1,56,91,92,-1,56,92,55,-1,70,93,94,-1,70,94,68,-1,68,94,95,-1,68,95,66,-1,66,95,96,-1,66,96,64,-1,65,64,97,-1,97,64,96,-1,65,97,98,-1,65,98,67,-1,67,98,99,-1,67,99,69,-1,69,99,100,-1,69,100,71,-1,71,100,101,-1,71,101,73,-1,73,101,102,-1,73,102,75,-1,75,102,103,-1,75,103,77,-1,77,103,104,-1,77,104,79,-1,79,104,105,-1,79,105,81,-1,81,105,106,-1,81,106,83,-1,83,106,107,-1,83,107,38,-1,36,38,108,-1,108,38,107,-1,36,108,109,-1,36,109,27,-1,27,109,110,-1,27,110,58,-1,58,110,111,-1,58,111,60,-1,60,111,112,-1,60,112,62,-1,62,112,113,-1,62,113,84,-1,84,113,114,-1,84,114,85,-1,85,114,115,-1,85,115,87,-1,87,115,116,-1,87,116,89,-1,89,116,117,-1,89,117,91,-1,91,117,118,-1,91,118,92,-1,92,118,119,-1,92,119,55,-1,120,49,121,-1,121,49,51,-1,121,51,122,-1,122,51,53,-1,122,53,123,-1,123,53,55,-1,123,55,119,-1,49,120,124,-1,49,124,47,-1,47,124,125,-1,47,125,45,-1,125,126,45,-1,45,126,127,-1,45,127,43,-1,43,127,128,-1,43,128,41,-1,41,128,129,-1,41,129,24,-1,25,24,130,-1,130,24,129,-1,34,25,131,-1,131,25,130,-1,35,34,132,-1,132,34,131,-1,31,35,133,-1,133,35,132,-1,31,133,134,-1,31,134,82,-1,82,134,135,-1,82,135,80,-1,80,135,136,-1,80,136,78,-1,78,136,137,-1,78,137,76,-1,76,137,138,-1,76,138,74,-1,74,138,139,-1,74,139,72,-1,72,139,93,-1,72,93,70,-1,57,140,141,-1,57,141,28,-1,28,141,142,-1,28,142,29,-1,29,142,143,-1,29,143,37,-1,86,144,145,-1,86,145,63,-1,63,145,146,-1,63,146,61,-1,61,146,147,-1,61,147,59,-1,59,147,140,-1,59,140,57,-1,54,148,149,-1,54,149,56,-1,56,149,150,-1,56,150,90,-1,90,150,151,-1,90,151,88,-1,88,151,144,-1,88,144,86,-1,48,152,153,-1,48,153,50,-1,50,153,154,-1,50,154,52,-1,52,154,148,-1,52,148,54,-1,40,155,156,-1,40,156,42,-1,42,156,157,-1,42,157,44,-1,44,157,158,-1,44,158,46,-1,46,158,152,-1,46,152,48,-1,32,159,160,-1,32,160,30,-1,30,160,161,-1,30,161,26,-1,26,161,162,-1,26,162,39,-1,39,162,155,-1,39,155,40,-1,32,33,159,-1,159,33,163,-1,33,37,163,-1,163,37,143,-1,
        ]
    }
}
Shape{
    appearance Appearance {
        material  Material 	{
            diffuseColor 0.6078431372549019 0.36470588235294116 0.3568627450980392
            specularColor 0.3058823529411765 0.1843137254901961 0.17647058823529413
            ambientIntensity 0.4365
            transparency 0.0
            shininess 0.5
        }
    }
    geometry IndexedFaceSet {
        ccw TRUE
        solid FALSE
        coord DEF co Coordinate {
            point [
                2.9283 1.9538 1.247, 2.9283 1.9378 1.2449, 2.9283 1.9538 1.2405, 2.9283 1.9309 1.2433, 2.9283 1.9279 1.242, 2.9283 1.9261 1.2407, 2.9283 1.9538 1.2397, 2.9283 1.953 1.2343, 2.9283 1.9247 1.2389, 2.9283 1.9513 1.23, 2.9283 1.9254 1.225, 2.9283 1.9264 1.2239, 2.9283 1.9471 1.225, 2.9283 1.924 1.227, 2.9283 1.9437 1.2227, 2.9283 1.9401 1.2214, 2.9283 1.9356 1.2209, 2.9283 1.9236 1.2366, 2.9283 1.923 1.2339, 2.9283 1.9487 1.2265, 2.9283 1.9229 1.232, 2.9283 1.9232 1.2292, 2.9283 1.9288 1.2223, 2.9283 1.9315 1.2213
            ]
        }
        coordIndex [
            0,1,2,-1,2,1,3,-1,3,4,2,-1,2,4,5,-1,2,5,6,-1,6,5,7,-1,7,5,8,-1,7,8,9,-1,10,11,12,-1,10,12,13,-1,14,12,15,-1,15,12,16,-1,8,17,9,-1,9,17,18,-1,9,18,19,-1,19,18,20,-1,19,20,12,-1,12,20,21,-1,12,21,13,-1,11,22,12,-1,12,22,23,-1,12,23,16,-1,
        ]
    }
}
Shape{
    appearance Appearance {
        material  Material 	{
            diffuseColor 1.0 1.0 1.0
            specularColor 0.5019607843137255 0.5019607843137255 0.5019607843137255
            ambientIntensity 1.0
            transparency 0.0
            shininess 0.5
        }
    }
    geometry IndexedFaceSet {
        ccw TRUE
        solid FALSE
        coord DEF co Coordinate {
            point [
                2.9283 1.9822 1.2274, 2.9323 1.9822 1.2274, 2.9323 1.9869 1.2245, 2.9323 2.002 1.2208, 2.9283 2.002 1.2208, 2.9283 1.9944 1.2217, 2.9323 1.9944 1.2217, 2.9283 1.9877 1.2242, 2.9283 1.9869 1.2245, 2.9323 1.9822 1.215, 2.9283 1.9822 1.215, 2.9323 1.9908 1.212, 2.9283 1.9877 1.2131, 2.9283 2.0008 1.211, 2.9323 2.0008 1.211, 2.9283 1.9928 1.2118, 2.9283 1.9908 1.212, 2.9323 2.0116 1.2122, 2.9283 2.0077 1.2118, 2.9283 2.0116 1.2122, 2.9283 2.0179 1.2147, 2.9323 2.0179 1.2147, 2.9283 2.0208 1.2164, 2.9323 2.0208 1.2164, 2.9283 2.0242 1.2194, 2.9323 2.0242 1.2194, 2.9283 2.0265 1.2226, 2.9323 2.0265 1.2226, 2.9283 2.0279 1.2264, 2.9323 2.0279 1.2264, 2.9283 2.0285 1.2313, 2.9323 2.0285 1.2313, 2.9283 2.028 1.2358, 2.9323 2.028 1.2358, 2.9283 2.0267 1.2393, 2.9323 2.0267 1.2393, 2.9283 2.0245 1.2426, 2.9323 2.0245 1.2426, 2.9283 2.0216 1.2452, 2.9323 2.0216 1.2452, 2.9283 2.0136 1.2496, 2.9323 2.0136 1.2496, 2.9283 2.009 1.2515, 2.9323 2.009 1.2515, 2.9283 2.0015 1.2547, 2.9323 2.0015 1.2547, 2.9283 1.9973 1.2574, 2.9323 1.9973 1.2574, 2.9283 1.9961 1.2587, 2.9323 1.9961 1.2587, 2.9283 1.9952 1.2603, 2.9323 1.9952 1.2603, 2.9283 1.9947 1.2622, 2.9323 1.9947 1.2622, 2.9283 1.9946 1.2638, 2.9323 1.9946 1.2638, 2.9283 1.9949 1.2657, 2.9323 1.9949 1.2657, 2.9283 1.9954 1.2673, 2.9323 1.9954 1.2673, 2.9283 1.9965 1.2689, 2.9323 1.9965 1.2689, 2.9283 1.9983 1.2705, 2.9323 1.9983 1.2705, 2.9283 2.001 1.2719, 2.9323 2.001 1.2719, 2.9283 2.0042 1.2728, 2.9323 2.0042 1.2728, 2.9283 2.0078 1.273, 2.9323 2.0078 1.273, 2.9283 2.0157 1.2721, 2.9323 2.0157 1.2721, 2.9283 2.0225 1.2696, 2.9323 2.0225 1.2696, 2.9283 2.0252 1.2681, 2.9323 2.0252 1.2681, 2.9323 2.0252 1.2798, 2.9283 2.0252 1.2798, 2.9283 2.0158 1.2823, 2.9323 2.0158 1.2823, 2.9283 2.009 1.2828, 2.9323 2.009 1.2828, 2.9283 2.0 1.2818, 2.9323 2.0 1.2818, 2.9283 1.9934 1.2794, 2.9323 1.9934 1.2794, 2.9283 1.9899 1.2773, 2.9323 1.9899 1.2773, 2.9283 1.9877 1.2753, 2.9323 1.9864 1.2741, 2.9283 1.9864 1.2741, 2.9283 1.9841 1.2709, 2.9323 1.9841 1.2709, 2.9283 1.9827 1.267, 2.9323 1.9827 1.267, 2.9283 1.9822 1.2627, 2.9323 1.9822 1.2627, 2.9283 1.9827 1.258, 2.9323 1.9827 1.258, 2.9283 1.9841 1.2544, 2.9323 1.9841 1.2544, 2.9283 1.9856 1.2519, 2.9323 1.9856 1.2519, 2.9283 2.0005 1.2428, 2.9323 2.0005 1.2428, 2.9323 1.9933 1.2461, 2.9283 1.9876 1.2498, 2.9323 1.9876 1.2498, 2.9283 1.9877 1.2497, 2.9283 1.9933 1.2461, 2.9283 2.0084 1.2395, 2.9323 2.0084 1.2395, 2.9283 2.0131 1.2366, 2.9323 2.0131 1.2366, 2.9283 2.0146 1.2351, 2.9323 2.0146 1.2351, 2.9283 2.0155 1.2335, 2.9323 2.0155 1.2335, 2.9283 2.016 1.2316, 2.9323 2.016 1.2316, 2.9283 2.0162 1.2301, 2.9323 2.0162 1.2301, 2.9283 2.0159 1.2278, 2.9323 2.0159 1.2278, 2.9283 2.0153 1.2261, 2.9323 2.0153 1.2261, 2.9283 2.0142 1.2245, 2.9323 2.0142 1.2245, 2.9283 2.0129 1.2233, 2.9323 2.0129 1.2233, 2.9283 2.0118 1.2226, 2.9323 2.0118 1.2226, 2.9283 2.0087 1.2215, 2.9323 2.0087 1.2215, 2.9283 2.0025 1.2208, 2.9323 2.0025 1.2208, 2.9323 2.0882 1.2812, 2.9323 2.1006 1.2812, 2.9283 2.0882 1.2812, 2.9283 2.1006 1.2812, 2.9323 2.0694 1.2295, 2.9283 2.0694 1.2295, 2.9283 2.0685 1.2263, 2.9323 2.0685 1.2263, 2.9283 2.068 1.224, 2.9323 2.068 1.224, 2.9323 2.0676 1.224, 2.9283 2.0676 1.224, 2.9323 2.0662 1.2296, 2.9283 2.0662 1.2296, 2.9283 2.0482 1.2812, 2.9323 2.0482 1.2812, 2.9283 2.054 1.2645, 2.9323 2.0348 1.2812, 2.9283 2.0348 1.2812, 2.9283 2.0617 1.2127, 2.9323 2.0617 1.2127, 2.9283 2.054 1.2322, 2.9283 2.0564 1.2003, 2.9323 2.0564 1.2003, 2.9283 2.0613 1.2118, 2.9283 2.0541 1.196, 2.9323 2.0541 1.196, 2.9283 2.054 1.1959, 2.9323 2.0518 1.1934, 2.9283 2.0518 1.1934, 2.9283 2.0496 1.1919, 2.9323 2.0496 1.1919, 2.9283 2.047 1.1909, 2.9323 2.047 1.1909, 2.9283 2.0441 1.1906, 2.9323 2.0441 1.1906, 2.9283 2.0397 1.1912, 2.9323 2.0397 1.1912, 2.9283 2.0372 1.192, 2.9323 2.0372 1.192, 2.9323 2.0372 1.1813, 2.9283 2.0372 1.1813, 2.9283 2.0424 1.1804, 2.9323 2.0424 1.1804, 2.9283 2.045 1.1803, 2.9323 2.045 1.1803, 2.9283 2.0499 1.1808, 2.9323 2.0499 1.1808, 2.9283 2.054 1.1824, 2.9323 2.0546 1.1826, 2.9283 2.0546 1.1826, 2.9283 2.0588 1.1856, 2.9323 2.0588 1.1856, 2.9283 2.0596 1.1863, 2.9323 2.0596 1.1863, 2.9283 2.064 1.1916, 2.9323 2.064 1.1916, 2.9283 2.0695 1.2022, 2.9323 2.0695 1.2022, 2.9283 2.0733 1.2118, 2.9323 2.1653 1.2236, 2.9323 2.1653 1.2126, 2.9283 2.1653 1.2236, 2.9283 2.1653 1.2126, 2.9283 2.126 1.2236, 2.9323 2.126 1.2236, 2.9283 2.144 1.2236, 2.9323 2.126 1.2559, 2.9283 2.126 1.2559, 2.9283 2.1604 1.2559, 2.9323 2.1604 1.2559, 2.9283 2.144 1.2559, 2.9323 2.1604 1.2669, 2.9283 2.1604 1.2669, 2.9283 2.126 1.2669, 2.9323 2.126 1.2669, 2.9283 2.144 1.2669, 2.9323 2.126 1.2976, 2.9283 2.126 1.2976, 2.9283 2.1631 1.2976, 2.9323 2.1631 1.2976, 2.9283 2.144 1.2976, 2.9323 2.1631 1.3087, 2.9283 2.1631 1.3087, 2.9283 2.1136 1.3087, 2.9323 2.1136 1.3087, 2.9283 2.144 1.3087, 2.9323 2.1136 1.2126, 2.9283 2.1136 1.2126, 2.9283 2.144 1.2126, 2.9323 2.2484 1.2561, 2.9323 2.2613 1.2553, 2.9323 2.2486 1.2615, 2.9323 2.2617 1.2619, 2.9323 2.2473 1.273, 2.9323 2.2604 1.2738, 2.9323 2.2447 1.2801, 2.9323 2.2571 1.2832, 2.9323 2.2411 1.2856, 2.9323 2.2513 1.2918, 2.9323 2.2381 1.2886, 2.9323 2.2472 1.296, 2.9323 2.2307 1.2934, 2.9323 2.238 1.3024, 2.9323 2.2223 1.2964, 2.9323 2.2265 1.3068, 2.9323 2.2104 1.2976, 2.9323 2.2108 1.3087, 2.9323 2.1958 1.2976, 2.9323 2.1834 1.3087, 2.9323 2.1958 1.2236, 2.9323 2.1834 1.2126, 2.9323 2.2098 1.2236, 2.9323 2.2099 1.2126, 2.9323 2.2219 1.2248, 2.9323 2.2259 1.2145, 2.9323 2.2301 1.2277, 2.9323 2.2369 1.2188, 2.9323 2.2365 1.2319, 2.9323 2.2462 1.2252, 2.9323 2.2384 1.2336, 2.9323 2.2472 1.2261, 2.9323 2.2434 1.2399, 2.9323 2.2541 1.2342, 2.9323 2.2466 1.2471, 2.9323 2.2589 1.2441, 2.9283 2.2099 1.2126, 2.9283 2.1834 1.2126, 2.9283 2.2259 1.2145, 2.9283 2.2369 1.2188, 2.9283 2.2462 1.2252, 2.9283 2.2472 1.2261, 2.9283 2.2541 1.2342, 2.9283 2.2589 1.2441, 2.9283 2.2613 1.2553, 2.9283 2.2617 1.2619, 2.9283 2.2604 1.2738, 2.9283 2.2571 1.2832, 2.9283 2.2513 1.2918, 2.9283 2.2472 1.296, 2.9283 2.238 1.3024, 2.9283 2.2265 1.3068, 2.9283 2.2108 1.3087, 2.9283 2.1834 1.3087, 2.9283 2.2104 1.2976, 2.9283 2.1958 1.2976, 2.9283 2.1958 1.2236, 2.9283 2.2098 1.2236, 2.9283 2.2384 1.2336, 2.9283 2.2365 1.2319, 2.9283 2.2301 1.2277, 2.9283 2.2219 1.2248, 2.9283 2.2486 1.2615, 2.9283 2.2484 1.2561, 2.9283 2.2466 1.2471, 2.9283 2.2434 1.2399, 2.9283 2.2381 1.2886, 2.9283 2.2411 1.2856, 2.9283 2.2447 1.2801, 2.9283 2.2473 1.273, 2.9283 2.2223 1.2964, 2.9283 2.2307 1.2934
            ]
        }
        coordIndex [
            0,1,2,-1,3,4,5,-1,3,5,6,-1,6,5,7,-1,6,7,2,-1,2,7,8,-1,2,8,0,-1,9,1,10,-1,10,1,0,-1,9,10,11,-1,11,10,12,-1,13,14,15,-1,15,14,11,-1,15,11,16,-1,16,11,12,-1,14,13,17,-1,17,13,18,-1,18,19,17,-1,17,19,20,-1,17,20,21,-1,21,20,22,-1,21,22,23,-1,23,22,24,-1,23,24,25,-1,25,24,26,-1,25,26,27,-1,27,26,28,-1,27,28,29,-1,29,28,30,-1,29,30,31,-1,31,30,32,-1,31,32,33,-1,33,32,34,-1,33,34,35,-1,35,34,36,-1,35,36,37,-1,37,36,38,-1,37,38,39,-1,39,38,40,-1,39,40,41,-1,41,40,42,-1,41,42,43,-1,43,42,44,-1,43,44,45,-1,45,44,46,-1,45,46,47,-1,47,46,48,-1,47,48,49,-1,49,48,50,-1,49,50,51,-1,51,50,52,-1,51,52,53,-1,53,52,54,-1,53,54,55,-1,55,54,56,-1,55,56,57,-1,57,56,58,-1,57,58,59,-1,59,58,60,-1,59,60,61,-1,61,60,62,-1,61,62,63,-1,63,62,64,-1,63,64,65,-1,65,64,66,-1,65,66,67,-1,67,66,68,-1,67,68,69,-1,69,68,70,-1,69,70,71,-1,71,70,72,-1,71,72,73,-1,73,72,74,-1,73,74,75,-1,76,75,77,-1,77,75,74,-1,76,77,78,-1,76,78,79,-1,79,78,80,-1,79,80,81,-1,81,80,82,-1,81,82,83,-1,83,82,84,-1,83,84,85,-1,85,84,86,-1,85,86,87,-1,86,88,87,-1,87,88,89,-1,88,90,89,-1,89,90,91,-1,89,91,92,-1,92,91,93,-1,92,93,94,-1,94,93,95,-1,94,95,96,-1,96,95,97,-1,96,97,98,-1,98,97,99,-1,98,99,100,-1,100,99,101,-1,100,101,102,-1,103,104,105,-1,102,101,106,-1,102,106,107,-1,107,106,108,-1,107,108,105,-1,105,108,109,-1,105,109,103,-1,104,103,110,-1,104,110,111,-1,111,110,112,-1,111,112,113,-1,113,112,114,-1,113,114,115,-1,115,114,116,-1,115,116,117,-1,117,116,118,-1,117,118,119,-1,119,118,120,-1,119,120,121,-1,121,120,122,-1,121,122,123,-1,123,122,124,-1,123,124,125,-1,125,124,126,-1,125,126,127,-1,127,126,128,-1,127,128,129,-1,129,128,130,-1,129,130,131,-1,131,130,132,-1,131,132,133,-1,133,132,134,-1,133,134,135,-1,135,134,4,-1,135,4,3,-1,61,63,85,-1,85,63,83,-1,111,43,104,-1,104,43,45,-1,21,23,127,-1,127,23,25,-1,127,25,125,-1,125,25,27,-1,125,27,123,-1,123,27,29,-1,123,29,121,-1,121,29,31,-1,121,31,119,-1,119,31,33,-1,119,33,117,-1,117,33,35,-1,117,35,115,-1,115,35,37,-1,115,37,113,-1,113,37,39,-1,113,39,111,-1,111,39,41,-1,111,41,43,-1,14,3,11,-1,11,3,6,-1,11,6,9,-1,9,6,2,-1,9,2,1,-1,63,65,83,-1,83,65,67,-1,83,67,81,-1,81,67,69,-1,81,69,79,-1,79,69,71,-1,79,71,76,-1,76,71,73,-1,76,73,75,-1,127,129,21,-1,21,129,131,-1,21,131,17,-1,17,131,133,-1,17,133,14,-1,14,133,135,-1,14,135,3,-1,85,87,61,-1,61,87,89,-1,61,89,59,-1,59,89,92,-1,59,92,57,-1,57,92,94,-1,57,94,55,-1,55,94,96,-1,55,96,53,-1,53,96,98,-1,53,98,51,-1,51,98,100,-1,51,100,49,-1,49,100,102,-1,49,102,47,-1,47,102,107,-1,47,107,45,-1,45,107,105,-1,45,105,104,-1,136,137,138,-1,138,137,139,-1,140,136,141,-1,141,136,138,-1,140,141,142,-1,140,142,143,-1,143,142,144,-1,143,144,145,-1,146,145,147,-1,147,145,144,-1,148,146,149,-1,149,146,147,-1,150,151,152,-1,152,151,148,-1,152,148,149,-1,153,151,154,-1,154,151,150,-1,155,156,157,-1,157,156,153,-1,157,153,154,-1,158,159,160,-1,160,159,156,-1,160,156,155,-1,159,158,161,-1,159,161,162,-1,162,161,163,-1,162,163,164,-1,163,165,164,-1,164,165,166,-1,164,166,167,-1,167,166,168,-1,167,168,169,-1,169,168,170,-1,169,170,171,-1,171,170,172,-1,171,172,173,-1,173,172,174,-1,173,174,175,-1,176,175,177,-1,177,175,174,-1,176,177,178,-1,176,178,179,-1,179,178,180,-1,179,180,181,-1,181,180,182,-1,181,182,183,-1,183,182,184,-1,183,184,185,-1,184,186,185,-1,185,186,187,-1,185,187,188,-1,188,187,189,-1,188,189,190,-1,190,189,191,-1,190,191,192,-1,192,191,193,-1,192,193,194,-1,139,137,195,-1,195,137,194,-1,195,194,193,-1,143,145,194,-1,137,136,194,-1,194,136,140,-1,194,140,143,-1,151,153,148,-1,148,153,156,-1,148,156,146,-1,192,162,190,-1,190,162,164,-1,175,176,173,-1,173,176,179,-1,173,179,171,-1,171,179,181,-1,171,181,169,-1,169,181,183,-1,169,183,167,-1,167,183,185,-1,167,185,164,-1,164,185,188,-1,164,188,190,-1,145,146,194,-1,194,146,156,-1,194,156,192,-1,192,156,159,-1,192,159,162,-1,196,197,198,-1,198,197,199,-1,200,201,202,-1,202,201,196,-1,202,196,198,-1,203,201,204,-1,204,201,200,-1,205,206,207,-1,207,206,203,-1,207,203,204,-1,208,206,209,-1,209,206,205,-1,210,211,212,-1,212,211,208,-1,212,208,209,-1,213,211,214,-1,214,211,210,-1,215,216,217,-1,217,216,213,-1,217,213,214,-1,218,216,219,-1,219,216,215,-1,220,221,222,-1,222,221,218,-1,222,218,219,-1,223,221,224,-1,224,221,220,-1,199,197,225,-1,225,197,223,-1,225,223,224,-1,223,197,196,-1,196,201,223,-1,223,201,203,-1,223,203,221,-1,216,218,213,-1,213,218,221,-1,213,221,211,-1,211,221,203,-1,211,203,208,-1,208,203,206,-1,226,227,228,-1,228,227,229,-1,228,229,230,-1,230,229,231,-1,230,231,232,-1,232,231,233,-1,232,233,234,-1,234,233,235,-1,234,235,236,-1,236,235,237,-1,236,237,238,-1,238,237,239,-1,238,239,240,-1,240,239,241,-1,240,241,242,-1,242,241,243,-1,242,243,244,-1,244,243,245,-1,244,245,246,-1,246,245,247,-1,246,247,248,-1,248,247,249,-1,248,249,250,-1,250,249,251,-1,250,251,252,-1,252,251,253,-1,252,253,254,-1,254,253,255,-1,254,255,256,-1,256,255,257,-1,256,257,258,-1,258,257,259,-1,258,259,260,-1,260,259,261,-1,260,261,226,-1,226,261,227,-1,249,247,262,-1,262,247,263,-1,249,262,264,-1,249,264,251,-1,251,264,265,-1,251,265,253,-1,253,265,266,-1,253,266,255,-1,255,266,267,-1,255,267,257,-1,257,267,268,-1,257,268,259,-1,259,268,269,-1,259,269,261,-1,261,269,270,-1,261,270,227,-1,227,270,271,-1,227,271,229,-1,229,271,272,-1,229,272,231,-1,231,272,273,-1,231,273,233,-1,233,273,274,-1,233,274,235,-1,235,274,275,-1,235,275,237,-1,237,275,276,-1,237,276,239,-1,239,276,277,-1,239,277,241,-1,241,277,278,-1,241,278,243,-1,245,243,279,-1,279,243,278,-1,247,245,263,-1,263,245,279,-1,242,244,280,-1,280,244,281,-1,244,246,281,-1,281,246,282,-1,246,248,282,-1,282,248,283,-1,256,284,285,-1,256,285,254,-1,254,285,286,-1,254,286,252,-1,252,286,287,-1,252,287,250,-1,250,287,283,-1,250,283,248,-1,228,288,289,-1,228,289,226,-1,226,289,290,-1,226,290,260,-1,260,290,291,-1,260,291,258,-1,258,291,284,-1,258,284,256,-1,236,292,293,-1,236,293,234,-1,234,293,294,-1,234,294,232,-1,232,294,295,-1,232,295,230,-1,230,295,288,-1,230,288,228,-1,242,280,296,-1,242,296,240,-1,240,296,297,-1,240,297,238,-1,238,297,292,-1,238,292,236,-1,
        ]
    }
}
Shape{
    appearance Appearance {
        material  Material 	{
            diffuseColor 0.6078431372549019 0.36470588235294116 0.3568627450980392
            specularColor 0.3058823529411765 0.1843137254901961 0.17647058823529413
            ambientIntensity 0.4365
            transparency 0.0
            shininess 0.5
        }
    }
    geometry IndexedFaceSet {
        ccw TRUE
        solid FALSE
        coord DEF co Coordinate {
            point [
                2.9283 2.1958 1.2976, 2.9283 2.1958 1.2236, 2.9283 2.2104 1.2976, 2.9283 2.2098 1.2236, 2.9283 2.2219 1.2248, 2.9283 2.2301 1.2277, 2.9283 2.2365 1.2319, 2.9283 2.2384 1.2336, 2.9283 2.2434 1.2399, 2.9283 2.2466 1.2471, 2.9283 2.2484 1.2561, 2.9283 2.2486 1.2615, 2.9283 2.2473 1.273, 2.9283 2.2447 1.2801, 2.9283 2.2411 1.2856, 2.9283 2.2381 1.2886, 2.9283 2.2223 1.2964, 2.9283 2.2307 1.2934
            ]
        }
        coordIndex [
            0,1,2,-1,2,1,3,-1,2,3,4,-1,4,5,2,-1,2,5,6,-1,2,6,7,-1,7,8,2,-1,2,8,9,-1,2,9,10,-1,10,11,2,-1,2,11,12,-1,2,12,13,-1,13,14,2,-1,2,14,15,-1,2,15,16,-1,16,15,17,-1,
        ]
    }
}
Shape{
    appearance Appearance {
        material  Material 	{
            diffuseColor 1.0 1.0 1.0
            specularColor 0.5019607843137255 0.5019607843137255 0.5019607843137255
            ambientIntensity 1.0
            transparency 0.0
            shininess 0.5
        }
    }
    geometry IndexedFaceSet {
        ccw TRUE
        solid FALSE
        coord DEF co Coordinate {
            point [
                2.9323 2.2939 1.2497, 2.9323 2.2899 1.2389, 2.9323 2.3261 1.2497, 2.9323 2.3299 1.2389, 2.9323 2.3082 1.2897, 2.9323 2.3036 1.3087, 2.9323 2.267 1.2126, 2.9323 2.2807 1.2126, 2.9323 2.3091 1.2925, 2.9323 2.3098 1.2964, 2.9323 2.3169 1.3087, 2.9323 2.3101 1.2964, 2.9323 2.3109 1.2923, 2.9323 2.3116 1.2897, 2.9323 2.3535 1.2126, 2.9323 2.3397 1.2126, 2.9283 2.3169 1.3087, 2.9283 2.3535 1.2126, 2.9283 2.3036 1.3087, 2.9283 2.267 1.2126, 2.9283 2.2807 1.2126, 2.9283 2.2899 1.2389, 2.9283 2.3299 1.2389, 2.9283 2.3397 1.2126, 2.9283 2.2939 1.2497, 2.9283 2.3261 1.2497, 2.9283 2.3116 1.2897, 2.9283 2.3101 1.2964, 2.9283 2.3109 1.2923, 2.9283 2.3098 1.2964, 2.9283 2.3082 1.2897, 2.9283 2.3091 1.2925
            ]
        }
        coordIndex [
            0,1,2,-1,2,1,3,-1,4,5,0,-1,0,5,6,-1,0,6,1,-1,1,6,7,-1,4,8,5,-1,5,8,9,-1,5,9,10,-1,10,9,11,-1,10,11,12,-1,12,13,10,-1,10,13,2,-1,10,2,14,-1,14,2,3,-1,14,3,15,-1,10,14,16,-1,16,14,17,-1,5,10,18,-1,18,10,16,-1,6,5,19,-1,19,5,18,-1,7,6,20,-1,20,6,19,-1,1,7,21,-1,21,7,20,-1,3,1,22,-1,22,1,21,-1,15,3,23,-1,23,3,22,-1,14,15,17,-1,17,15,23,-1,0,2,24,-1,24,2,25,-1,2,13,25,-1,25,13,26,-1,11,27,28,-1,11,28,12,-1,12,28,26,-1,12,26,13,-1,11,9,27,-1,27,9,29,-1,4,30,31,-1,4,31,8,-1,8,31,29,-1,8,29,9,-1,4,0,30,-1,30,0,24,-1,
        ]
    }
}
Shape{
    appearance Appearance {
        material  Material 	{
            diffuseColor 0.6078431372549019 0.36470588235294116 0.3568627450980392
            specularColor 0.3058823529411765 0.1843137254901961 0.17647058823529413
            ambientIntensity 0.4365
            transparency 0.0
            shininess 0.5
        }
    }
    geometry IndexedFaceSet {
        ccw TRUE
        solid FALSE
        coord DEF co Coordinate {
            point [
                2.9283 2.3101 1.2964, 2.9283 2.3098 1.2964, 2.9283 2.3109 1.2923, 2.9283 2.3091 1.2925, 2.9283 2.3116 1.2897, 2.9283 2.3082 1.2897, 2.9283 2.3261 1.2497, 2.9283 2.2939 1.2497
            ]
        }
        coordIndex [
            0,1,2,-1,2,1,3,-1,2,3,4,-1,4,3,5,-1,4,5,6,-1,6,5,7,-1,
        ]
    }
}
Shape{
    appearance Appearance {
        material  Material 	{
            diffuseColor 1.0 1.0 1.0
            specularColor 0.5019607843137255 0.5019607843137255 0.5019607843137255
            ambientIntensity 1.0
            transparency 0.0
            shininess 0.5
        }
    }
    geometry IndexedFaceSet {
        ccw TRUE
        solid FALSE
        coord DEF co Coordinate {
            point [
                2.9323 1.405 1.378, 2.9323 1.4202 1.3861, 2.9323 1.4167 1.4282, 2.9323 1.537 1.1962, 2.9323 1.5451 1.2114, 2.9323 1.5491 1.2282, 2.9323 1.4594 1.4302, 2.9323 1.4805 1.3803, 2.9323 1.491 1.402, 2.9323 1.4552 1.2264, 2.9323 1.454 1.2329, 2.9323 1.417 1.2594, 2.9323 1.4163 1.2136, 2.9323 1.4076 1.2162, 2.9323 1.4021 1.2686, 2.9323 1.4436 1.4316, 2.9323 1.6452 1.2929, 2.9323 1.624 1.3291, 2.9323 1.5495 1.2423, 2.9323 1.5325 1.2813, 2.9323 1.5495 1.2355, 2.9323 1.513 1.1751, 2.9323 1.5266 1.1846, 2.9323 1.4579 1.2207, 2.9323 1.4334 1.1864, 2.9323 1.4232 1.1989, 2.9323 1.4734 1.4465, 2.9323 1.5063 1.4203, 2.9323 1.4894 1.4602, 2.9323 1.5246 1.4336, 2.9323 1.5061 1.4706, 2.9323 1.4371 1.3902, 2.9323 1.4443 1.3906, 2.9323 1.4515 1.4311, 2.9323 1.4605 1.3885, 2.9323 1.4759 1.3829, 2.9323 1.5022 1.2193, 2.9323 1.4985 1.2151, 2.9323 1.4933 1.2114, 2.9323 1.4978 1.1692, 2.9323 1.4874 1.2091, 2.9323 1.4812 1.1672, 2.9323 1.4805 1.2082, 2.9323 1.4787 1.1672, 2.9323 1.4794 1.2082, 2.9323 1.4625 1.1697, 2.9323 1.4732 1.2092, 2.9323 1.4468 1.1763, 2.9323 1.4671 1.2118, 2.9323 1.4618 1.2159, 2.9323 1.5054 1.2443, 2.9323 1.507 1.238, 2.9323 1.507 1.2318, 2.9323 1.5054 1.2252, 2.9323 1.725 1.2273, 2.9323 1.6967 1.2592, 2.9323 1.7041 1.2171, 2.9323 1.6841 1.2549, 2.9323 1.6814 1.2123, 2.9323 1.6773 1.2539, 2.9323 1.6411 1.2123, 2.9323 1.6465 1.2539, 2.9323 1.6372 1.2129, 2.9323 1.4543 1.2395, 2.9323 1.4563 1.2459, 2.9323 1.4245 1.274, 2.9323 1.4598 1.2516, 2.9323 1.4358 1.287, 2.9323 1.4625 1.2544, 2.9323 1.4498 1.2967, 2.9323 1.4679 1.2582, 2.9323 1.4648 1.3025, 2.9323 1.4739 1.2606, 2.9323 1.4812 1.3045, 2.9323 1.4805 1.2615, 2.9323 1.4895 1.304, 2.9323 1.4862 1.2608, 2.9323 1.506 1.2999, 2.9323 1.4926 1.2586, 2.9323 1.5205 1.2922, 2.9323 1.4981 1.2549, 2.9323 1.5025 1.2499, 2.9323 1.6677 1.3605, 2.9323 1.6732 1.3605, 2.9323 1.7012 1.3974, 2.9323 1.6846 1.3593, 2.9323 1.7045 1.3963, 2.9323 1.6966 1.3551, 2.9323 1.7248 1.3862, 2.9323 1.7074 1.348, 2.9323 1.7434 1.3706, 2.9323 1.7164 1.3383, 2.9323 1.7573 1.3511, 2.9323 1.7228 1.3265, 2.9323 1.7657 1.3303, 2.9323 1.7261 1.3134, 2.9323 1.7688 1.3079, 2.9323 1.7265 1.3072, 2.9323 1.7657 1.2836, 2.9323 1.7252 1.2957, 2.9323 1.7571 1.2619, 2.9323 1.7209 1.2834, 2.9323 1.7435 1.243, 2.9323 1.7138 1.2725, 2.9323 1.7077 1.2664, 2.9323 1.6643 1.4514, 2.9323 1.6375 1.4201, 2.9323 1.6869 1.4252, 2.9323 1.6529 1.4017, 2.9323 1.6635 1.3797, 2.9323 1.3781 1.3388, 2.9323 1.3332 1.3274, 2.9323 1.376 1.3223, 2.9323 1.333 1.3209, 2.9323 1.3769 1.3116, 2.9323 1.3363 1.2941, 2.9323 1.3818 1.2949, 2.9323 1.3461 1.2686, 2.9323 1.3898 1.2812, 2.9323 1.3617 1.2464, 2.9323 1.383 1.2283, 2.9323 1.5376 1.4827, 2.9323 1.5469 1.4427, 2.9323 1.5714 1.4869, 2.9323 1.5721 1.4459, 2.9323 1.5996 1.4839, 2.9323 1.5953 1.443, 2.9323 1.6338 1.4719, 2.9323 1.6167 1.4348, 2.9323 1.6359 1.4215, 2.9323 1.3914 1.4184, 2.9323 1.3697 1.4031, 2.9323 1.3934 1.3677, 2.9323 1.3651 1.3988, 2.9323 1.3839 1.3541, 2.9323 1.3486 1.3777, 2.9323 1.3377 1.3531, 2.9323 1.6431 1.2546, 2.9323 1.6267 1.2194, 2.9323 1.6283 1.2178, 2.9323 1.6452 1.2541, 2.9323 1.6327 1.2147, 2.9323 1.6213 1.2334, 2.9323 1.6219 1.2284, 2.9323 1.6237 1.2237, 2.9323 1.6371 1.2539, 2.9323 1.6325 1.2521, 2.9323 1.6214 1.2361, 2.9323 1.6283 1.2491, 2.9323 1.6254 1.246, 2.9323 1.6228 1.2413, 2.9323 1.6424 1.2546, 2.9283 1.7688 1.3079, 2.9283 1.7657 1.3303, 2.9283 1.7634 1.336, 2.9283 1.7573 1.3511, 2.9283 1.7434 1.3706, 2.9283 1.7248 1.3862, 2.9283 1.7045 1.3963, 2.9283 1.7012 1.3974, 2.9283 1.6869 1.4252, 2.9283 1.6643 1.4514, 2.9283 1.6486 1.4619, 2.9283 1.6338 1.4719, 2.9283 1.5996 1.4839, 2.9283 1.5714 1.4869, 2.9283 1.5376 1.4827, 2.9283 1.5061 1.4706, 2.9283 1.4921 1.4619, 2.9283 1.4894 1.4602, 2.9283 1.4734 1.4465, 2.9283 1.4594 1.4302, 2.9283 1.4515 1.4311, 2.9283 1.4436 1.4316, 2.9283 1.4167 1.4282, 2.9283 1.3914 1.4184, 2.9283 1.3697 1.4031, 2.9283 1.3651 1.3988, 2.9283 1.3377 1.3531, 2.9283 1.3486 1.3777, 2.9283 1.3347 1.336, 2.9283 1.3332 1.3274, 2.9283 1.333 1.3209, 2.9283 1.3363 1.2941, 2.9283 1.3461 1.2686, 2.9283 1.3617 1.2464, 2.9283 1.383 1.2283, 2.9283 1.4076 1.2162, 2.9283 1.4163 1.2136, 2.9283 1.4172 1.2118, 2.9283 1.4232 1.1989, 2.9283 1.4334 1.1864, 2.9283 1.4468 1.1763, 2.9283 1.453 1.1737, 2.9283 1.4625 1.1697, 2.9283 1.4787 1.1672, 2.9283 1.4812 1.1672, 2.9283 1.5495 1.2355, 2.9283 1.4978 1.1692, 2.9283 1.5095 1.1737, 2.9283 1.513 1.1751, 2.9283 1.5266 1.1846, 2.9283 1.537 1.1962, 2.9283 1.5451 1.2114, 2.9283 1.5452 1.2118, 2.9283 1.5491 1.2282, 2.9283 1.5495 1.2423, 2.9283 1.6452 1.2929, 2.9283 1.624 1.3291, 2.9283 1.5325 1.2813, 2.9283 1.5205 1.2922, 2.9283 1.506 1.2999, 2.9283 1.4895 1.304, 2.9283 1.4812 1.3045, 2.9283 1.4648 1.3025, 2.9283 1.4498 1.2967, 2.9283 1.4358 1.287, 2.9283 1.4245 1.274, 2.9283 1.417 1.2594, 2.9283 1.4021 1.2686, 2.9283 1.3898 1.2812, 2.9283 1.3818 1.2949, 2.9283 1.3769 1.3116, 2.9283 1.376 1.3223, 2.9283 1.3777 1.336, 2.9283 1.3781 1.3388, 2.9283 1.3839 1.3541, 2.9283 1.3934 1.3677, 2.9283 1.405 1.378, 2.9283 1.4202 1.3861, 2.9283 1.4371 1.3902, 2.9283 1.4443 1.3906, 2.9283 1.4605 1.3885, 2.9283 1.4759 1.3829, 2.9283 1.4805 1.3803, 2.9283 1.491 1.402, 2.9283 1.5063 1.4203, 2.9283 1.5246 1.4336, 2.9283 1.5469 1.4427, 2.9283 1.5721 1.4459, 2.9283 1.5953 1.443, 2.9283 1.6167 1.4348, 2.9283 1.6359 1.4215, 2.9283 1.6375 1.4201, 2.9283 1.6529 1.4017, 2.9283 1.6635 1.3797, 2.9283 1.6677 1.3605, 2.9283 1.6732 1.3605, 2.9283 1.6846 1.3593, 2.9283 1.6966 1.3551, 2.9283 1.7074 1.348, 2.9283 1.7164 1.3383, 2.9283 1.7177 1.336, 2.9283 1.7228 1.3265, 2.9283 1.7261 1.3134, 2.9283 1.7265 1.3072, 2.9283 1.7252 1.2957, 2.9283 1.7209 1.2834, 2.9283 1.7138 1.2725, 2.9283 1.7077 1.2664, 2.9283 1.6967 1.2592, 2.9283 1.6841 1.2549, 2.9283 1.6773 1.2539, 2.9283 1.6465 1.2539, 2.9283 1.6452 1.2541, 2.9283 1.6431 1.2546, 2.9283 1.6424 1.2546, 2.9283 1.6371 1.2539, 2.9283 1.6325 1.2521, 2.9283 1.6283 1.2491, 2.9283 1.6254 1.246, 2.9283 1.6228 1.2413, 2.9283 1.6214 1.2361, 2.9283 1.6213 1.2334, 2.9283 1.6219 1.2284, 2.9283 1.6237 1.2237, 2.9283 1.6267 1.2194, 2.9283 1.6283 1.2178, 2.9283 1.6327 1.2147, 2.9283 1.6372 1.2129, 2.9283 1.6411 1.2123, 2.9283 1.6814 1.2123, 2.9283 1.7041 1.2171, 2.9283 1.725 1.2273, 2.9283 1.7435 1.243, 2.9283 1.7571 1.2619, 2.9283 1.7657 1.2836, 2.9283 1.4805 1.2615, 2.9283 1.4862 1.2608, 2.9283 1.4926 1.2586, 2.9283 1.4981 1.2549, 2.9283 1.5025 1.2499, 2.9283 1.5054 1.2443, 2.9283 1.507 1.238, 2.9283 1.507 1.2318, 2.9283 1.5054 1.2252, 2.9283 1.5022 1.2193, 2.9283 1.4985 1.2151, 2.9283 1.4933 1.2114, 2.9283 1.4874 1.2091, 2.9283 1.4805 1.2082, 2.9283 1.4794 1.2082, 2.9283 1.4732 1.2092, 2.9283 1.4671 1.2118, 2.9283 1.4618 1.2159, 2.9283 1.4579 1.2207, 2.9283 1.4552 1.2264, 2.9283 1.454 1.2329, 2.9283 1.4543 1.2395, 2.9283 1.4563 1.2459, 2.9283 1.4598 1.2516, 2.9283 1.4625 1.2544, 2.9283 1.4679 1.2582, 2.9283 1.4739 1.2606
            ]
        }
        coordIndex [
            0,1,2,-1,3,4,5,-1,6,7,8,-1,9,10,11,-1,12,11,13,-1,13,11,14,-1,2,1,15,-1,16,17,18,-1,18,17,19,-1,18,19,20,-1,20,19,21,-1,20,21,5,-1,5,21,22,-1,5,22,3,-1,23,9,24,-1,24,9,11,-1,24,11,25,-1,25,11,12,-1,6,8,26,-1,26,8,27,-1,26,27,28,-1,28,27,29,-1,28,29,30,-1,1,31,15,-1,15,31,32,-1,15,32,33,-1,33,32,34,-1,33,34,6,-1,6,34,35,-1,6,35,7,-1,36,37,21,-1,21,37,38,-1,21,38,39,-1,39,38,40,-1,39,40,41,-1,41,40,42,-1,41,42,43,-1,43,42,44,-1,43,44,45,-1,45,44,46,-1,45,46,47,-1,47,46,48,-1,47,48,24,-1,24,48,49,-1,24,49,23,-1,50,51,19,-1,19,51,52,-1,19,52,21,-1,21,52,53,-1,21,53,36,-1,54,55,56,-1,56,55,57,-1,56,57,58,-1,58,57,59,-1,58,59,60,-1,60,59,61,-1,60,61,62,-1,10,63,11,-1,11,63,64,-1,11,64,65,-1,65,64,66,-1,65,66,67,-1,67,66,68,-1,67,68,69,-1,69,68,70,-1,69,70,71,-1,71,70,72,-1,71,72,73,-1,73,72,74,-1,73,74,75,-1,75,74,76,-1,75,76,77,-1,77,76,78,-1,77,78,79,-1,79,78,80,-1,79,80,19,-1,19,80,81,-1,19,81,50,-1,82,83,84,-1,84,83,85,-1,84,85,86,-1,86,85,87,-1,86,87,88,-1,88,87,89,-1,88,89,90,-1,90,89,91,-1,90,91,92,-1,92,91,93,-1,92,93,94,-1,94,93,95,-1,94,95,96,-1,96,95,97,-1,96,97,98,-1,98,97,99,-1,98,99,100,-1,100,99,101,-1,100,101,102,-1,102,101,103,-1,102,103,54,-1,54,103,104,-1,54,104,55,-1,105,106,107,-1,107,106,108,-1,107,108,84,-1,84,108,109,-1,84,109,82,-1,110,111,112,-1,112,111,113,-1,112,113,114,-1,114,113,115,-1,114,115,116,-1,116,115,117,-1,116,117,118,-1,118,117,119,-1,118,119,14,-1,14,119,120,-1,14,120,13,-1,30,29,121,-1,121,29,122,-1,121,122,123,-1,123,122,124,-1,123,124,125,-1,125,124,126,-1,125,126,127,-1,127,126,128,-1,127,128,105,-1,105,128,129,-1,105,129,106,-1,2,130,0,-1,0,130,131,-1,0,131,132,-1,132,131,133,-1,132,133,134,-1,134,133,135,-1,134,135,110,-1,110,135,136,-1,110,136,111,-1,137,138,139,-1,61,140,62,-1,62,140,137,-1,62,137,141,-1,141,137,139,-1,142,143,137,-1,137,143,144,-1,137,144,138,-1,145,146,147,-1,146,148,147,-1,147,148,149,-1,147,149,150,-1,142,137,147,-1,147,137,151,-1,147,151,145,-1,96,152,153,-1,96,153,94,-1,94,153,154,-1,94,154,92,-1,154,155,92,-1,92,155,156,-1,92,156,90,-1,90,156,157,-1,90,157,88,-1,88,157,158,-1,88,158,86,-1,86,158,159,-1,86,159,84,-1,84,159,160,-1,84,160,107,-1,107,160,161,-1,107,161,105,-1,127,105,162,-1,162,105,161,-1,162,163,127,-1,127,163,164,-1,127,164,125,-1,125,164,165,-1,125,165,123,-1,123,165,166,-1,123,166,121,-1,121,166,167,-1,121,167,30,-1,30,167,28,-1,28,167,168,-1,28,168,169,-1,28,169,170,-1,28,170,26,-1,26,170,171,-1,26,171,6,-1,6,171,172,-1,6,172,33,-1,33,172,173,-1,33,173,15,-1,15,173,174,-1,15,174,2,-1,2,174,175,-1,2,175,130,-1,130,175,176,-1,130,176,131,-1,131,176,177,-1,131,177,133,-1,178,135,179,-1,179,135,133,-1,179,133,177,-1,180,111,178,-1,178,111,136,-1,178,136,135,-1,180,181,111,-1,111,181,182,-1,111,182,113,-1,113,182,183,-1,113,183,115,-1,115,183,184,-1,115,184,117,-1,117,184,185,-1,117,185,119,-1,119,185,186,-1,119,186,120,-1,120,186,187,-1,120,187,13,-1,13,187,188,-1,13,188,12,-1,12,188,189,-1,12,189,25,-1,189,190,25,-1,25,190,191,-1,25,191,24,-1,24,191,192,-1,24,192,47,-1,47,192,193,-1,47,193,45,-1,193,194,45,-1,45,194,195,-1,45,195,43,-1,43,195,196,-1,43,196,41,-1,197,20,5,-1,41,196,198,-1,199,21,198,-1,198,21,39,-1,198,39,41,-1,199,200,21,-1,21,200,201,-1,21,201,22,-1,22,201,202,-1,22,202,3,-1,3,202,203,-1,3,203,4,-1,4,203,204,-1,4,204,5,-1,5,204,205,-1,5,205,197,-1,18,20,206,-1,206,20,197,-1,16,18,207,-1,207,18,206,-1,17,16,208,-1,208,16,207,-1,19,17,209,-1,209,17,208,-1,19,209,210,-1,19,210,79,-1,79,210,211,-1,79,211,77,-1,77,211,212,-1,77,212,75,-1,75,212,213,-1,75,213,73,-1,73,213,214,-1,73,214,71,-1,71,214,215,-1,71,215,69,-1,69,215,216,-1,69,216,67,-1,67,216,217,-1,67,217,65,-1,65,217,218,-1,65,218,11,-1,11,218,219,-1,11,219,14,-1,14,219,220,-1,14,220,118,-1,118,220,221,-1,118,221,116,-1,116,221,222,-1,116,222,114,-1,114,222,223,-1,114,223,112,-1,112,223,110,-1,110,223,224,-1,224,225,110,-1,110,225,226,-1,110,226,134,-1,134,226,227,-1,134,227,132,-1,132,227,228,-1,132,228,0,-1,0,228,229,-1,0,229,1,-1,1,229,230,-1,1,230,31,-1,31,230,231,-1,31,231,32,-1,32,231,232,-1,32,232,34,-1,34,232,233,-1,34,233,35,-1,35,233,234,-1,35,234,7,-1,7,234,235,-1,7,235,8,-1,8,235,236,-1,8,236,27,-1,27,236,237,-1,27,237,29,-1,29,237,238,-1,29,238,122,-1,122,238,239,-1,122,239,124,-1,124,239,240,-1,124,240,126,-1,126,240,241,-1,126,241,128,-1,128,241,242,-1,128,242,129,-1,129,242,243,-1,129,243,106,-1,106,243,244,-1,106,244,108,-1,108,244,245,-1,108,245,109,-1,109,245,246,-1,109,246,82,-1,83,82,247,-1,247,82,246,-1,83,247,248,-1,83,248,85,-1,85,248,249,-1,85,249,87,-1,87,249,250,-1,87,250,89,-1,89,250,251,-1,89,251,91,-1,91,251,252,-1,91,252,93,-1,252,253,93,-1,93,253,254,-1,93,254,95,-1,95,254,255,-1,95,255,97,-1,97,255,256,-1,97,256,99,-1,99,256,257,-1,99,257,101,-1,101,257,258,-1,101,258,103,-1,103,258,259,-1,103,259,104,-1,104,259,260,-1,104,260,55,-1,55,260,261,-1,55,261,57,-1,57,261,262,-1,57,262,59,-1,61,59,263,-1,263,59,262,-1,61,263,264,-1,61,264,140,-1,140,264,265,-1,140,265,137,-1,137,265,266,-1,137,266,151,-1,151,266,267,-1,151,267,145,-1,145,267,268,-1,145,268,146,-1,146,268,269,-1,146,269,148,-1,148,269,270,-1,148,270,149,-1,149,270,271,-1,149,271,150,-1,150,271,272,-1,150,272,147,-1,147,272,273,-1,147,273,142,-1,142,273,274,-1,142,274,143,-1,143,274,275,-1,143,275,144,-1,144,275,276,-1,144,276,138,-1,138,276,277,-1,138,277,139,-1,139,277,278,-1,139,278,141,-1,141,278,279,-1,141,279,62,-1,62,279,280,-1,62,280,60,-1,58,60,281,-1,281,60,280,-1,58,281,282,-1,58,282,56,-1,56,282,283,-1,56,283,54,-1,54,283,284,-1,54,284,102,-1,102,284,285,-1,102,285,100,-1,100,285,286,-1,100,286,98,-1,98,286,152,-1,98,152,96,-1,74,287,288,-1,74,288,76,-1,76,288,289,-1,76,289,78,-1,78,289,290,-1,78,290,80,-1,80,290,291,-1,80,291,81,-1,81,291,292,-1,81,292,50,-1,50,292,293,-1,50,293,51,-1,51,293,294,-1,51,294,52,-1,52,294,295,-1,52,295,53,-1,53,295,296,-1,53,296,36,-1,36,296,297,-1,36,297,37,-1,37,297,298,-1,37,298,38,-1,38,298,299,-1,38,299,40,-1,40,299,300,-1,40,300,42,-1,42,300,301,-1,42,301,44,-1,44,301,302,-1,44,302,46,-1,46,302,303,-1,46,303,48,-1,48,303,304,-1,48,304,49,-1,49,304,305,-1,49,305,23,-1,23,305,306,-1,23,306,9,-1,9,306,307,-1,9,307,10,-1,10,307,308,-1,10,308,63,-1,63,308,309,-1,63,309,64,-1,64,309,310,-1,64,310,66,-1,66,310,311,-1,66,311,68,-1,68,311,312,-1,68,312,70,-1,70,312,313,-1,70,313,72,-1,72,313,287,-1,72,287,74,-1,
        ]
    }
}
Shape{
    appearance Appearance {
        material  Material 	{
            diffuseColor 0.6078431372549019 0.36470588235294116 0.3568627450980392
            specularColor 0.3058823529411765 0.1843137254901961 0.17647058823529413
            ambientIntensity 0.4365
            transparency 0.0
            shininess 0.5
        }
    }
    geometry IndexedFaceSet {
        ccw TRUE
        solid FALSE
        coord DEF co Coordinate {
            point [
                2.9283 1.4794 1.2082, 2.9283 1.4625 1.2544, 2.9283 1.4598 1.2516, 2.9283 1.4874 1.2091, 2.9283 1.4933 1.2114, 2.9283 1.4862 1.2608, 2.9283 1.4805 1.2615, 2.9283 1.4739 1.2606, 2.9283 1.4679 1.2582, 2.9283 1.4552 1.2264, 2.9283 1.4579 1.2207, 2.9283 1.4618 1.2159, 2.9283 1.4805 1.2082, 2.9283 1.4563 1.2459, 2.9283 1.4543 1.2395, 2.9283 1.454 1.2329, 2.9283 1.4671 1.2118, 2.9283 1.4732 1.2092, 2.9283 1.4985 1.2151, 2.9283 1.5022 1.2193, 2.9283 1.5054 1.2252, 2.9283 1.507 1.2318, 2.9283 1.507 1.238, 2.9283 1.5054 1.2443, 2.9283 1.5025 1.2499, 2.9283 1.4981 1.2549, 2.9283 1.4926 1.2586
            ]
        }
        coordIndex [
            0,1,2,-1,3,4,5,-1,6,7,0,-1,0,7,8,-1,0,8,1,-1,9,10,2,-1,2,10,11,-1,6,0,5,-1,5,0,12,-1,5,12,3,-1,13,14,2,-1,2,14,15,-1,2,15,9,-1,11,16,2,-1,2,16,17,-1,2,17,0,-1,4,18,5,-1,5,18,19,-1,5,19,20,-1,20,21,5,-1,5,21,22,-1,5,22,23,-1,23,24,5,-1,5,24,25,-1,5,25,26,-1,
        ]
    }
}