#VRML V2.0 utf8
# 3D model generated by easyeda2kicad.py (https://github.com/uPesy/easyeda2kicad.py)

Shape{
    appearance Appearance {
        material  Material 	{
            diffuseColor 0.2235294117647059 0.2235294117647059 0.2235294117647059
            specularColor 0.11372549019607843 0.11372549019607843 0.11372549019607843
            ambientIntensity 0.2235
            transparency 0.0
            shininess 0.5
        }
    }
    geometry IndexedFaceSet {
        ccw TRUE
        solid FALSE
        coord DEF co Coordinate {
            point [
                2.874 -0.0024 0.3316, 2.874 -0.0024 0.2961, 2.874 0.0136 0.2961, 2.874 0.1033 0.2681, 2.874 0.116 0.2681, 2.874 0.116 0.2795, 2.874 0.0604 0.2278, 2.874 0.0596 0.2277, 2.874 0.0692 0.2277, 2.874 0.0174 0.3006, 2.874 0.017 0.3017, 2.874 0.017 0.2795, 2.874 0.1474 0.2916, 2.874 0.1433 0.3025, 2.874 0.1287 0.3025, 2.874 -0.1334 0.2278, 2.874 -0.1335 0.2277, 2.874 -0.0239 0.2277, 2.874 -0.1679 0.2102, 2.874 -0.1719 0.2119, 2.874 -0.3944 0.2119, 2.874 -0.0966 0.3361, 2.874 -0.0904 0.3319, 2.874 -0.0239 0.3319, 2.874 -0.0839 0.3276, 2.874 -0.0745 0.3168, 2.874 -0.0685 0.3051, 2.874 -0.0658 0.3041, 2.874 -0.0575 0.2996, 2.874 -0.1498 0.3355, 2.874 -0.1367 0.3406, 2.874 -0.3944 0.4566, 2.874 -0.0239 0.4566, 2.874 -0.1226 0.3424, 2.874 -0.1108 0.3411, 2.874 -0.1556 0.3319, 2.874 -0.3944 0.3319, 2.874 -0.1567 0.3313, 2.874 -0.2154 0.2968, 2.874 -0.2085 0.3056, 2.874 -0.1871 0.3179, 2.874 -0.1758 0.3193, 2.874 -0.1634 0.3255, 2.874 -0.1725 0.3191, 2.874 -0.1693 0.3187, 2.874 -0.2067 0.3074, 2.874 -0.1976 0.3138, 2.874 -0.2011 0.2346, 2.874 -0.21 0.2422, 2.874 -0.3944 0.2277, 2.874 -0.1908 0.2296, 2.874 -0.2164 0.2514, 2.874 -0.2205 0.262, 2.874 -0.3944 0.2795, 2.874 -0.2219 0.2732, 2.874 -0.2218 0.2758, 2.874 -0.2212 0.2795, 2.874 -0.2199 0.2865, 2.874 -0.1872 0.2285, 2.874 -0.1868 0.2277, 2.874 -0.1843 0.2224, 2.874 -0.1801 0.2171, 2.874 -0.1745 0.2129, 2.874 -0.0239 0.0197, 2.874 -0.1602 0.2091, 2.874 -0.3944 0.0197, 2.874 -0.1612 0.2092, 2.874 -0.1413 0.2163, 2.874 -0.147 0.2124, 2.874 -0.0239 0.2119, 2.874 -0.1484 0.2119, 2.874 -0.1533 0.21, 2.874 -0.1368 0.2214, 2.874 -0.1388 0.2567, 2.874 -0.1007 0.2766, 2.874 -0.1439 0.2613, 2.874 -0.1499 0.2645, 2.874 -0.0989 0.2433, 2.874 -0.0971 0.2445, 2.874 -0.0918 0.2615, 2.874 -0.0582 0.2707, 2.874 -0.0597 0.2761, 2.874 -0.0617 0.2795, 2.874 -0.2033 0.2795, 2.874 -0.0952 0.2453, 2.874 -0.093 0.2456, 2.874 -0.0927 0.2456, 2.874 -0.0598 0.2334, 2.874 -0.0686 0.2295, 2.874 -0.1018 0.2368, 2.874 -0.1017 0.2379, 2.874 -0.1317 0.2405, 2.874 -0.1012 0.24, 2.874 -0.1001 0.242, 2.874 -0.05 0.2929, 2.874 -0.0445 0.2846, 2.874 -0.0239 0.2795, 2.874 -0.0426 0.2795, 2.874 -0.0413 0.2758, 2.874 -0.097 0.2289, 2.874 -0.0989 0.2302, 2.874 -0.0995 0.2309, 2.874 -0.1008 0.2327, 2.874 -0.1015 0.2346, 2.874 -0.1318 0.2349, 2.874 -0.1317 0.2376, 2.874 -0.2017 0.2626, 2.874 -0.1981 0.2565, 2.874 -0.1837 0.2537, 2.874 -0.193 0.2513, 2.874 -0.1869 0.2476, 2.874 -0.1732 0.2631, 2.874 -0.179 0.2591, 2.874 -0.204 0.2738, 2.874 -0.2037 0.2697, 2.874 -0.1669 0.2655, 2.874 -0.1602 0.2664, 2.874 -0.1568 0.2662, 2.874 -0.0918 0.2454, 2.874 -0.0913 0.2453, 2.874 -0.0785 0.2453, 2.874 -0.0459 0.2474, 2.874 -0.0508 0.2407, 2.874 -0.0522 0.2393, 2.874 -0.0638 0.2523, 2.874 -0.0607 0.2567, 2.874 -0.0587 0.2617, 2.874 -0.058 0.2675, 2.874 -0.0403 0.2678, 2.874 -0.0404 0.2655, 2.874 -0.042 0.2562, 2.874 -0.0768 0.2279, 2.874 -0.0935 0.2279, 2.874 -0.0951 0.2282, 2.874 -0.073 0.2464, 2.874 -0.068 0.2488, 2.874 -0.0887 0.307, 2.874 -0.0952 0.3146, 2.874 -0.1604 0.2979, 2.874 -0.0957 0.3151, 2.874 -0.1037 0.3206, 2.874 -0.1561 0.307, 2.874 -0.1626 0.2991, 2.874 -0.169 0.3014, 2.874 -0.0625 0.2809, 2.874 -0.0652 0.2839, 2.874 -0.0802 0.2897, 2.874 -0.0696 0.287, 2.874 -0.0745 0.289, 2.874 -0.0824 0.2897, 2.874 -0.0843 0.2978, 2.874 -0.1853 0.3005, 2.874 -0.1917 0.2972, 2.874 -0.1783 0.3021, 2.874 -0.1968 0.2926, 2.874 -0.2007 0.2869, 2.874 -0.1497 0.3146, 2.874 -0.1126 0.3241, 2.874 -0.1421 0.3201, 2.874 -0.1223 0.3253, 2.874 -0.1328 0.3239, 2.874 -0.1755 0.3022, 2.874 -0.2032 0.2806, 2.874 0.1531 0.2916, 2.874 0.1287 0.2795, 2.874 0.5669 0.2795, 2.874 0.5669 0.3319, 2.874 0.1379 0.3316, 2.874 0.1287 0.3319, 2.874 0.1324 0.3316, 2.874 0.1287 0.3219, 2.874 0.1228 0.2916, 2.874 0.1171 0.2916, 2.874 0.1267 0.3025, 2.874 0.0738 0.327, 2.874 0.0785 0.3319, 2.874 0.0738 0.3316, 2.874 0.0692 0.3319, 2.874 0.0692 0.3316, 2.874 0.0727 0.3142, 2.874 0.0727 0.3096, 2.874 0.0785 0.2795, 2.874 0.0584 0.327, 2.874 0.0584 0.3142, 2.874 0.0692 0.327, 2.874 0.0692 0.3142, 2.874 0.0532 0.3316, 2.874 0.0509 0.3319, 2.874 0.0532 0.2916, 2.874 0.0584 0.3096, 2.874 0.0584 0.2961, 2.874 0.0692 0.3096, 2.874 0.0692 0.2961, 2.874 0.0747 0.2961, 2.874 0.0747 0.2916, 2.874 0.0692 0.2795, 2.874 0.0692 0.2916, 2.874 0.0509 0.2795, 2.874 0.0398 0.3319, 2.874 0.0413 0.3318, 2.874 0.0452 0.3306, 2.874 0.0452 0.3252, 2.874 0.0452 0.2982, 2.874 0.0452 0.2932, 2.874 0.0271 0.292, 2.874 0.0234 0.2938, 2.874 0.0365 0.2956, 2.874 0.0411 0.2964, 2.874 0.0206 0.3108, 2.874 0.0206 0.3111, 2.874 0.0243 0.3226, 2.874 0.0224 0.3197, 2.874 0.0212 0.3161, 2.874 0.0405 0.3271, 2.874 0.0358 0.3276, 2.874 0.034 0.3275, 2.874 0.0305 0.3268, 2.874 0.0213 0.3059, 2.874 0.0225 0.3026, 2.874 0.0246 0.2997, 2.874 0.0282 0.297, 2.874 0.0311 0.2959, 2.874 0.0349 0.2955, 2.874 0.0204 0.2964, 2.874 0.0197 0.2971, 2.874 0.0446 0.3256, 2.874 0.0274 0.3253, 2.874 0.0248 0.3232, 2.874 0.0256 0.2988, 2.874 0.0407 0.2916, 2.874 0.0341 0.2909, 2.874 0.0314 0.291, 2.874 0.0361 0.3323, 2.874 0.0509 0.4566, 2.874 0.0357 0.3323, 2.874 0.017 0.4566, 2.874 0.0327 0.3319, 2.874 0.017 0.3319, 2.874 0.0261 0.3302, 2.874 0.0304 0.3317, 2.874 0.0182 0.3228, 2.874 0.021 0.3264, 2.874 0.0222 0.3275, 2.874 0.0146 0.3319, 2.874 0.0163 0.3184, 2.874 0.017 0.3201, 2.874 0.0159 0.3049, 2.874 0.0146 0.2795, 2.874 0.0152 0.3108, 2.874 0.0153 0.3132, 2.874 -0.5669 0.1575, 2.874 -0.5197 0.1575, 2.874 -0.5197 0.0197, 2.874 0.5669 0.1575, 2.874 0.5669 0.2119, 2.874 0.5197 0.1575, 2.874 0.1287 0.2119, 2.874 0.5197 0.0197, 2.874 0.116 0.3319, 2.874 0.1006 0.3319, 2.874 0.1006 0.3307, 2.874 0.1147 0.3093, 2.874 0.1137 0.3046, 2.874 0.1049 0.3291, 2.874 0.1089 0.3263, 2.874 0.1105 0.3246, 2.874 0.1117 0.3005, 2.874 0.1089 0.2972, 2.874 0.1081 0.2966, 2.874 0.1129 0.3211, 2.874 0.1143 0.3172, 2.874 0.1149 0.3121, 2.874 0.0933 0.2916, 2.874 0.0823 0.2916, 2.874 0.1042 0.294, 2.874 0.1006 0.2927, 2.874 0.1006 0.2795, 2.874 0.0996 0.2923, 2.874 0.0823 0.3316, 2.874 0.0937 0.3316, 2.874 0.1001 0.3309, 2.874 0.0325 0.2284, 2.874 0.0306 0.2277, 2.874 0.0368 0.2281, 2.874 0.0209 0.2418, 2.874 0.0216 0.2498, 2.874 0.0199 0.2403, 2.874 0.0192 0.2386, 2.874 0.0343 0.2296, 2.874 0.017 0.2277, 2.874 0.0197 0.2318, 2.874 0.019 0.2334, 2.874 0.0216 0.2547, 2.874 0.0229 0.2554, 2.874 0.0366 0.2564, 2.874 0.0494 0.2524, 2.874 0.0503 0.2537, 2.874 0.0224 0.2431, 2.874 0.0246 0.2442, 2.874 0.0248 0.2518, 2.874 0.0283 0.2451, 2.874 0.0327 0.2531, 2.874 0.031 0.2532, 2.874 0.0279 0.2529, 2.874 0.0368 0.2325, 2.874 0.0366 0.2325, 2.874 0.0358 0.2313, 2.874 0.0229 0.2285, 2.874 0.0213 0.2296, 2.874 0.0207 0.2302, 2.874 0.0383 0.2554, 2.874 0.0396 0.2541, 2.874 0.0488 0.2507, 2.874 0.0406 0.2525, 2.874 0.0414 0.2502, 2.874 0.0267 0.2568, 2.874 0.0314 0.2573, 2.874 0.0345 0.257, 2.874 0.0188 0.2357, 2.874 0.0188 0.2364, 2.874 0.0368 0.2462, 2.874 0.0366 0.2485, 2.874 0.0361 0.2502, 2.874 0.0355 0.2513, 2.874 0.0508 0.2436, 2.874 0.0486 0.2342, 2.874 0.0509 0.2435, 2.874 0.0505 0.233, 2.874 0.0509 0.2329, 2.874 0.05 0.2444, 2.874 0.0494 0.2455, 2.874 0.0418 0.2465, 2.874 0.0488 0.247, 2.874 0.0486 0.2489, 2.874 0.0347 0.2521, 2.874 0.0338 0.2527, 2.874 0.0305 0.2277, 2.874 0.0509 0.2119, 2.874 0.017 0.2119, 2.874 0.0279 0.2274, 2.874 0.025 0.2277, 2.874 0.0249 0.2277, 2.874 0.0486 0.2291, 2.874 0.0418 0.2281, 2.874 0.0509 0.2283, 2.874 0.0509 0.2277, 2.874 0.0522 0.2278, 2.874 0.053 0.2277, 2.874 0.0563 0.2274, 2.874 0.0692 0.2119, 2.874 0.0665 0.256, 2.874 0.0665 0.2512, 2.874 0.0518 0.255, 2.874 0.0533 0.2559, 2.874 0.0676 0.2338, 2.874 0.067 0.2322, 2.874 0.0661 0.2309, 2.874 0.0509 0.2542, 2.874 0.0561 0.2569, 2.874 0.0597 0.2573, 2.874 0.0625 0.2571, 2.874 0.0662 0.2406, 2.874 0.0671 0.2392, 2.874 0.0677 0.2377, 2.874 0.0679 0.2358, 2.874 0.0647 0.2297, 2.874 0.0632 0.2288, 2.874 0.0592 0.2532, 2.874 0.0578 0.2531, 2.874 0.0538 0.2494, 2.874 0.0564 0.2528, 2.874 0.0553 0.2522, 2.874 0.0538 0.2487, 2.874 0.054 0.2479, 2.874 0.0544 0.2473, 2.874 0.0549 0.2467, 2.874 0.0566 0.2456, 2.874 0.0625 0.2529, 2.874 0.0597 0.2443, 2.874 0.0654 0.2518, 2.874 0.0617 0.2435, 2.874 0.065 0.2416, 2.874 0.0545 0.2515, 2.874 0.0541 0.2509, 2.874 0.0539 0.2502, 2.874 0.0537 0.2319, 2.874 0.0562 0.2406, 2.874 0.0532 0.242, 2.874 0.0568 0.2315, 2.874 0.057 0.2315, 2.874 0.0595 0.2393, 2.874 0.0596 0.2318, 2.874 0.0627 0.2354, 2.874 0.0627 0.236, 2.874 0.0609 0.2322, 2.874 0.0614 0.2325, 2.874 0.0619 0.233, 2.874 0.0624 0.2337, 2.874 0.0626 0.2344, 2.874 0.0625 0.2368, 2.874 0.0621 0.2374, 2.874 0.0614 0.2381, 2.874 0.0927 0.2567, 2.874 0.0979 0.2567, 2.874 0.1006 0.2277, 2.874 0.0836 0.2352, 2.874 0.0842 0.2328, 2.874 0.0843 0.2328, 2.874 0.0785 0.2497, 2.874 0.0849 0.2351, 2.874 0.0845 0.2338, 2.874 0.0785 0.2362, 2.874 0.0705 0.2567, 2.874 0.0761 0.2567, 2.874 0.0815 0.2277, 2.874 0.0817 0.2281, 2.874 0.0785 0.2211, 2.874 0.0785 0.2211, 2.874 0.0785 0.2277, 2.874 0.0795 0.2229, 2.874 0.0715 0.2195, 2.874 0.0715 0.215, 2.874 0.0726 0.2191, 2.874 0.0744 0.2189, 2.874 0.0756 0.219, 2.874 0.0785 0.2155, 2.874 0.0768 0.2148, 2.874 0.0785 0.2119, 2.874 0.0748 0.2146, 2.874 0.0737 0.2146, 2.874 0.0767 0.2194, 2.874 0.0776 0.2201, 2.874 0.085 0.2237, 2.874 0.0827 0.2193, 2.874 0.1006 0.2119, 2.874 0.0865 0.2277, 2.874 0.0809 0.2171, 2.874 0.0805 0.2168, 2.874 0.0788 0.2156, 2.874 0.124 0.2681, 2.874 0.124 0.2635, 2.874 0.1249 0.2326, 2.874 0.1287 0.2277, 2.874 0.1249 0.2281, 2.874 0.116 0.2277, 2.874 0.1085 0.2461, 2.874 0.1085 0.2326, 2.874 0.116 0.2461, 2.874 0.116 0.2326, 2.874 0.1228 0.2461, 2.874 0.1228 0.2507, 2.874 0.116 0.2507, 2.874 0.116 0.2635, 2.874 0.1085 0.2507, 2.874 0.1085 0.2635, 2.874 0.116 0.2281, 2.874 0.1033 0.2281, 2.874 0.173 0.2281, 2.874 0.1673 0.2281, 2.874 0.1976 0.2281, 2.874 0.1935 0.239, 2.874 0.1768 0.239, 2.874 0.2033 0.2281, 2.874 0.5669 0.2277, 2.874 0.188 0.2681, 2.874 0.1645 0.2537, 2.874 0.165 0.2486, 2.874 0.1825 0.2681, 2.874 0.1649 0.2458, 2.874 0.1639 0.2411, 2.874 0.1618 0.237, 2.874 0.159 0.2337, 2.874 0.1583 0.233, 2.874 0.1544 0.2304, 2.874 0.1324 0.2681, 2.874 0.1324 0.2281, 2.874 0.1434 0.2281, 2.874 0.1497 0.2288, 2.874 0.159 0.2628, 2.874 0.1607 0.2611, 2.874 0.1631 0.2576, 2.874 0.1439 0.2681, 2.874 0.1502 0.2674, 2.874 0.155 0.2655, 2.874 0.116 0.2119, 2.874 0.5669 0.4566, 2.874 0.1287 0.4566, 2.874 0.116 0.4566, 2.874 0.1006 0.4566, 2.874 0.0785 0.4566, 2.874 0.0692 0.4566, 2.874 0.017 0.0197, 2.874 0.0509 0.0197, 2.874 0.0692 0.0197, 2.874 0.0785 0.0197, 2.874 0.1006 0.0197, 2.874 0.116 0.0197, 2.874 0.1287 0.0197, 2.874 0.0146 0.2277, 2.874 0.0146 0.2119, 2.874 0.0146 0.0197, 2.874 -0.0024 0.2461, 2.874 -0.0024 0.2326, 2.874 0.012 0.2461, 2.874 0.014 0.2326, 2.874 0.012 0.2507, 2.874 0.0131 0.2635, 2.874 -0.0024 0.2507, 2.874 -0.0024 0.2635, 2.874 0.0131 0.2681, 2.874 0.014 0.2281, 2.874 -0.0075 0.2281, 2.874 -0.0075 0.2681, 2.874 -0.0075 0.2916, 2.874 -0.0075 0.3316, 2.874 0.0136 0.2916, 2.874 0.0146 0.4566, 2.874 -0.5669 0.2119, 2.874 -0.5669 0.2277, 2.874 -0.5669 0.2795, 2.874 -0.5669 0.3319, 2.874 -0.5669 0.4566, 2.874 0.5669 0.5709, 2.874 0.1287 0.5709, 2.874 0.116 0.5709, 2.874 0.1006 0.5709, 2.874 0.0785 0.5709, 2.874 0.0692 0.5709, 2.874 0.0509 0.5709, 2.874 0.017 0.5709, 2.874 0.0146 0.5709, 2.874 -0.0239 0.5709, 2.874 -0.3944 0.5709, 2.874 -0.5669 0.5709, -1.0338 0.1949 0.4111, -1.0473 0.1949 0.3976, -1.1024 0.1949 0.4319, 2.3976 0.1949 0.1476, 2.3523 0.1949 0.1476, 2.3976 0.1949 0.3855, 2.3523 0.1949 0.4308, 2.3071 0.1949 0.3976, 2.2936 0.1949 0.4111, 2.3513 0.1949 0.4319, 2.2732 0.1949 0.4111, 2.2047 0.1949 0.4319, 2.2598 0.1949 0.3976, 2.2047 0.1949 0.1476, 2.2598 0.1949 0.3146, 2.3071 0.1949 0.3146, -2.3071 0.1949 0.3146, -2.2599 0.1949 0.3146, -2.0473 0.1949 0.1476, -2.1024 0.1949 0.3976, -2.0473 0.1949 0.4319, -2.1024 0.1949 0.3146, -2.1496 0.1949 0.3146, -2.1496 0.1949 0.3976, -2.2599 0.1949 0.3976, -2.3977 0.1949 0.1476, -2.3977 0.1949 0.3855, -2.3071 0.1949 0.3976, -2.3513 0.1949 0.4319, -2.2937 0.1949 0.4111, -2.2733 0.1949 0.4111, -2.1362 0.1949 0.4111, -2.1158 0.1949 0.4111, -1.9921 0.1949 0.3976, -1.9921 0.1949 0.3146, -1.8898 0.1949 0.1476, -1.9449 0.1949 0.3146, -1.8898 0.1949 0.4319, -1.9449 0.1949 0.3976, -1.9583 0.1949 0.4111, -1.9787 0.1949 0.4111, -1.8347 0.1949 0.3976, -1.8347 0.1949 0.3146, -1.7323 0.1949 0.1476, -1.7874 0.1949 0.3146, -1.7323 0.1949 0.4319, -1.7874 0.1949 0.3976, -1.8008 0.1949 0.4111, -1.8212 0.1949 0.4111, -1.6772 0.1949 0.3976, -1.6772 0.1949 0.3146, -1.5748 0.1949 0.1476, -1.6299 0.1949 0.3146, -1.5748 0.1949 0.4319, -1.6299 0.1949 0.3976, -1.6434 0.1949 0.4111, -1.6638 0.1949 0.4111, -1.5197 0.1949 0.3976, -1.5197 0.1949 0.3146, -1.4173 0.1949 0.1476, -1.4725 0.1949 0.3146, -1.4173 0.1949 0.4319, -1.4725 0.1949 0.3976, -1.4859 0.1949 0.4111, -1.5063 0.1949 0.4111, -1.3622 0.1949 0.3976, -1.3622 0.1949 0.3146, -1.2599 0.1949 0.1476, -1.315 0.1949 0.3146, -1.2599 0.1949 0.4319, -1.315 0.1949 0.3976, -1.3284 0.1949 0.4111, -1.3488 0.1949 0.4111, -1.1575 0.1949 0.3146, -1.1024 0.1949 0.1476, -1.2047 0.1949 0.3146, -1.2047 0.1949 0.3976, -1.1575 0.1949 0.3976, -1.1709 0.1949 0.4111, -1.1913 0.1949 0.4111, -1.0473 0.1949 0.3146, -0.8898 0.1949 0.3146, -1.0 0.1949 0.3146, -0.8898 0.1949 0.3976, -1.0 0.1949 0.3976, -0.7874 0.1949 0.1476, -0.8425 0.1949 0.3146, -0.7874 0.1949 0.4319, -0.8425 0.1949 0.3976, -0.856 0.1949 0.4111, -0.8764 0.1949 0.4111, -1.0134 0.1949 0.4111, -0.7323 0.1949 0.3976, -0.7323 0.1949 0.3146, -0.6299 0.1949 0.1476, -0.6851 0.1949 0.3146, -0.6299 0.1949 0.4319, -0.6851 0.1949 0.3976, -0.6985 0.1949 0.4111, -0.7189 0.1949 0.4111, -0.5748 0.1949 0.3976, -0.5748 0.1949 0.3146, -0.4725 0.1949 0.1476, -0.5276 0.1949 0.3146, -0.4725 0.1949 0.4319, -0.5276 0.1949 0.3976, -0.541 0.1949 0.4111, -0.5614 0.1949 0.4111, -0.4173 0.1949 0.3976, -0.4173 0.1949 0.3146, -0.315 0.1949 0.1476, -0.3701 0.1949 0.3146, -0.315 0.1949 0.4319, -0.3701 0.1949 0.3976, -0.3835 0.1949 0.4111, -0.4039 0.1949 0.4111, -0.2599 0.1949 0.3976, -0.2599 0.1949 0.3146, -0.1575 0.1949 0.1476, -0.2126 0.1949 0.3146, -0.1575 0.1949 0.4319, -0.2126 0.1949 0.3976, -0.226 0.1949 0.4111, -0.2464 0.1949 0.4111, -0.1024 0.1949 0.3976, -0.1024 0.1949 0.3146, -0.0 0.1949 0.1476, -0.0551 0.1949 0.3146, -0.0 0.1949 0.4319, -0.0551 0.1949 0.3976, -0.0686 0.1949 0.4111, -0.089 0.1949 0.4111, 0.0551 0.1949 0.3976, 0.0551 0.1949 0.3146, 0.1023 0.1949 0.3146, 0.2598 0.1949 0.3976, 0.3149 0.1949 0.4319, 0.2598 0.1949 0.3146, 0.3149 0.1949 0.1476, 0.2126 0.1949 0.3146, 0.2464 0.1949 0.4111, 0.226 0.1949 0.4111, 0.2126 0.1949 0.3976, 0.1023 0.1949 0.3976, 0.0889 0.1949 0.4111, 0.0685 0.1949 0.4111, 0.3701 0.1949 0.3976, 0.3701 0.1949 0.3146, 0.4724 0.1949 0.1476, 0.4173 0.1949 0.3146, 0.4724 0.1949 0.4319, 0.4173 0.1949 0.3976, 0.4039 0.1949 0.4111, 0.3835 0.1949 0.4111, 0.5275 0.1949 0.3976, 0.5275 0.1949 0.3146, 0.6299 0.1949 0.1476, 0.5748 0.1949 0.3146, 0.6299 0.1949 0.4319, 0.5748 0.1949 0.3976, 0.5614 0.1949 0.4111, 0.541 0.1949 0.4111, 0.685 0.1949 0.3976, 0.685 0.1949 0.3146, 0.7874 0.1949 0.1476, 0.7323 0.1949 0.3146, 0.7874 0.1949 0.4319, 0.7323 0.1949 0.3976, 0.7188 0.1949 0.4111, 0.6984 0.1949 0.4111, 0.8897 0.1949 0.3976, 0.8763 0.1949 0.4111, 0.9449 0.1949 0.4319, 0.8559 0.1949 0.4111, 0.8425 0.1949 0.3976, 0.8425 0.1949 0.3146, 0.9449 0.1949 0.1476, 0.8897 0.1949 0.3146, 1.0 0.1949 0.3976, 1.0 0.1949 0.3146, 1.1023 0.1949 0.1476, 1.0472 0.1949 0.3146, 1.1023 0.1949 0.4319, 1.0472 0.1949 0.3976, 1.0338 0.1949 0.4111, 1.0134 0.1949 0.4111, 1.1575 0.1949 0.3976, 1.1575 0.1949 0.3146, 1.2598 0.1949 0.1476, 1.2047 0.1949 0.3146, 1.2598 0.1949 0.4319, 1.2047 0.1949 0.3976, 1.1913 0.1949 0.4111, 1.1709 0.1949 0.4111, 1.3149 0.1949 0.3976, 1.3149 0.1949 0.3146, 1.3622 0.1949 0.3146, 1.5197 0.1949 0.3976, 1.5748 0.1949 0.4319, 1.5197 0.1949 0.3146, 1.5748 0.1949 0.1476, 1.4724 0.1949 0.3146, 1.5062 0.1949 0.4111, 1.4858 0.1949 0.4111, 1.4724 0.1949 0.3976, 1.3622 0.1949 0.3976, 1.3488 0.1949 0.4111, 1.3284 0.1949 0.4111, 1.6299 0.1949 0.3976, 1.6299 0.1949 0.3146, 1.7323 0.1949 0.1476, 1.6771 0.1949 0.3146, 1.7323 0.1949 0.4319, 1.6771 0.1949 0.3976, 1.6637 0.1949 0.4111, 1.6433 0.1949 0.4111, 1.7874 0.1949 0.3976, 1.7874 0.1949 0.3146, 1.8897 0.1949 0.1476, 1.8346 0.1949 0.3146, 1.8897 0.1949 0.4319, 1.8346 0.1949 0.3976, 1.8212 0.1949 0.4111, 1.8008 0.1949 0.4111, 1.9449 0.1949 0.3976, 1.9449 0.1949 0.3146, 2.0472 0.1949 0.1476, 1.9921 0.1949 0.3146, 2.0472 0.1949 0.4319, 1.9921 0.1949 0.3976, 1.9787 0.1949 0.4111, 1.9583 0.1949 0.4111, 2.1023 0.1949 0.3976, 2.1023 0.1949 0.3146, 2.1496 0.1949 0.3146, 2.1496 0.1949 0.3976, 2.1362 0.1949 0.4111, 2.1158 0.1949 0.4111, -2.3304 0.1949 0.4528, -2.0473 0.1949 0.4528, -1.8898 0.1949 0.4528, -1.7323 0.1949 0.4528, -1.5748 0.1949 0.4528, -1.4173 0.1949 0.4528, -1.2599 0.1949 0.4528, -1.1024 0.1949 0.4528, -0.7874 0.1949 0.4528, -0.6299 0.1949 0.4528, -0.4725 0.1949 0.4528, -0.315 0.1949 0.4528, -0.1575 0.1949 0.4528, -0.0 0.1949 0.4528, 0.3149 0.1949 0.4528, 0.4724 0.1949 0.4528, 0.6299 0.1949 0.4528, 0.7874 0.1949 0.4528, 0.9449 0.1949 0.4528, 1.1023 0.1949 0.4528, 1.2598 0.1949 0.4528, 1.5748 0.1949 0.4528, 1.7323 0.1949 0.4528, 1.8897 0.1949 0.4528, 2.0472 0.1949 0.4528, 2.2047 0.1949 0.4528, 2.3304 0.1949 0.4528, -2.2599 0.5197 0.0266, -2.0473 0.5197 0.0197, -2.3071 0.5197 0.0266, -2.874 0.5197 0.0197, -2.3071 0.5197 0.1437, -2.874 0.5197 0.1506, -2.0473 0.5197 0.1506, -2.2599 0.5197 0.1437, -2.1496 0.5197 0.1437, -2.1496 0.5197 0.0266, -2.1024 0.5197 0.0266, -2.1024 0.5197 0.1437, -1.8898 0.5197 0.1506, -1.9449 0.5197 0.1437, -1.9921 0.5197 0.1437, -1.9449 0.5197 0.0266, -1.8898 0.5197 0.0197, -1.9921 0.5197 0.0266, -1.8347 0.5197 0.0266, -1.7874 0.5197 0.0266, -1.8347 0.5197 0.1437, -1.7874 0.5197 0.1437, -1.7323 0.5197 0.1506, -1.7323 0.5197 0.0197, -1.6772 0.5197 0.0266, -1.6299 0.5197 0.0266, -1.6772 0.5197 0.1437, -1.6299 0.5197 0.1437, -1.5748 0.5197 0.1506, -1.5748 0.5197 0.0197, -1.5197 0.5197 0.0266, -1.4725 0.5197 0.0266, -1.5197 0.5197 0.1437, -1.4725 0.5197 0.1437, -1.4173 0.5197 0.1506, -1.4173 0.5197 0.0197, -1.2599 0.5197 0.1506, -1.315 0.5197 0.1437, -1.3622 0.5197 0.1437, -1.315 0.5197 0.0266, -1.2599 0.5197 0.0197, -1.3622 0.5197 0.0266, -1.2047 0.5197 0.0266, -1.1575 0.5197 0.0266, -1.2047 0.5197 0.1437, -1.1575 0.5197 0.1437, -1.1024 0.5197 0.1506, -1.1024 0.5197 0.0197, -1.0 0.5197 0.1437, -0.8898 0.5197 0.1437, -1.0 0.5197 0.0266, -0.8898 0.5197 0.0266, -0.8425 0.5197 0.1437, -0.7874 0.5197 0.1506, -0.8425 0.5197 0.0266, -0.7874 0.5197 0.0197, -1.0473 0.5197 0.1437, -1.0473 0.5197 0.0266, -0.6851 0.5197 0.0266, -0.6299 0.5197 0.0197, -0.7323 0.5197 0.0266, -0.7323 0.5197 0.1437, -0.6851 0.5197 0.1437, -0.6299 0.5197 0.1506, -0.5748 0.5197 0.0266, -0.5276 0.5197 0.0266, -0.5748 0.5197 0.1437, -0.5276 0.5197 0.1437, -0.4725 0.5197 0.1506, -0.4725 0.5197 0.0197, -0.4173 0.5197 0.0266, -0.3701 0.5197 0.0266, -0.4173 0.5197 0.1437, -0.3701 0.5197 0.1437, -0.315 0.5197 0.1506, -0.315 0.5197 0.0197, -0.2126 0.5197 0.0266, -0.1575 0.5197 0.0197, -0.2599 0.5197 0.0266, -0.2599 0.5197 0.1437, -0.2126 0.5197 0.1437, -0.1575 0.5197 0.1506, -0.1024 0.5197 0.0266, -0.0551 0.5197 0.0266, -0.1024 0.5197 0.1437, -0.0551 0.5197 0.1437, -0.0 0.5197 0.1506, -0.0 0.5197 0.0197, 0.1023 0.5197 0.1437, 0.2126 0.5197 0.1437, 0.1023 0.5197 0.0266, 0.2126 0.5197 0.0266, 0.2598 0.5197 0.1437, 0.3149 0.5197 0.1506, 0.2598 0.5197 0.0266, 0.3149 0.5197 0.0197, 0.0551 0.5197 0.1437, 0.0551 0.5197 0.0266, 0.4173 0.5197 0.0266, 0.4724 0.5197 0.0197, 0.3701 0.5197 0.0266, 0.3701 0.5197 0.1437, 0.4173 0.5197 0.1437, 0.4724 0.5197 0.1506, 0.5748 0.5197 0.0266, 0.6299 0.5197 0.0197, 0.5275 0.5197 0.0266, 0.5275 0.5197 0.1437, 0.5748 0.5197 0.1437, 0.6299 0.5197 0.1506, 0.7323 0.5197 0.0266, 0.7874 0.5197 0.0197, 0.685 0.5197 0.0266, 0.685 0.5197 0.1437, 0.7323 0.5197 0.1437, 0.7874 0.5197 0.1506, 0.8897 0.5197 0.0266, 0.9449 0.5197 0.0197, 0.8425 0.5197 0.0266, 0.8425 0.5197 0.1437, 0.8897 0.5197 0.1437, 0.9449 0.5197 0.1506, 1.0472 0.5197 0.0266, 1.1023 0.5197 0.0197, 1.0 0.5197 0.0266, 1.0 0.5197 0.1437, 1.0472 0.5197 0.1437, 1.1023 0.5197 0.1506, 1.2047 0.5197 0.0266, 1.2598 0.5197 0.0197, 1.1575 0.5197 0.0266, 1.1575 0.5197 0.1437, 1.2047 0.5197 0.1437, 1.2598 0.5197 0.1506, 1.3622 0.5197 0.1437, 1.4724 0.5197 0.1437, 1.3622 0.5197 0.0266, 1.4724 0.5197 0.0266, 1.5197 0.5197 0.1437, 1.5748 0.5197 0.1506, 1.5197 0.5197 0.0266, 1.5748 0.5197 0.0197, 1.3149 0.5197 0.1437, 1.3149 0.5197 0.0266, 1.6771 0.5197 0.0266, 1.7323 0.5197 0.0197, 1.6299 0.5197 0.0266, 1.6299 0.5197 0.1437, 1.6771 0.5197 0.1437, 1.7323 0.5197 0.1506, 1.8346 0.5197 0.0266, 1.8897 0.5197 0.0197, 1.7874 0.5197 0.0266, 1.7874 0.5197 0.1437, 1.8346 0.5197 0.1437, 1.8897 0.5197 0.1506, 1.9921 0.5197 0.0266, 2.0472 0.5197 0.0197, 1.9449 0.5197 0.0266, 1.9449 0.5197 0.1437, 1.9921 0.5197 0.1437, 2.0472 0.5197 0.1506, 2.1496 0.5197 0.0266, 2.2047 0.5197 0.0197, 2.1023 0.5197 0.0266, 2.1023 0.5197 0.1437, 2.1496 0.5197 0.1437, 2.2047 0.5197 0.1506, 2.2598 0.5197 0.1437, 2.3071 0.5197 0.1437, 2.5905 0.5197 0.1506, 2.3071 0.5197 0.0266, 2.2598 0.5197 0.0266, 2.5905 0.5197 0.0197, 2.874 0.5197 0.1506, -2.874 0.5197 0.1575, -2.0473 0.5197 0.1575, -1.8898 0.5197 0.1575, -1.7323 0.5197 0.1575, -1.5748 0.5197 0.1575, -1.4173 0.5197 0.1575, -1.2599 0.5197 0.1575, -1.1024 0.5197 0.1575, -0.7874 0.5197 0.1575, -0.6299 0.5197 0.1575, -0.4725 0.5197 0.1575, -0.315 0.5197 0.1575, -0.1575 0.5197 0.1575, -0.0 0.5197 0.1575, 0.3149 0.5197 0.1575, 0.4724 0.5197 0.1575, 0.6299 0.5197 0.1575, 0.7874 0.5197 0.1575, 0.9449 0.5197 0.1575, 1.1023 0.5197 0.1575, 1.2598 0.5197 0.1575, 1.5748 0.5197 0.1575, 1.7323 0.5197 0.1575, 1.8897 0.5197 0.1575, 2.0472 0.5197 0.1575, 2.2047 0.5197 0.1575, 2.5905 0.5197 0.1575, 2.3976 -0.1949 0.1476, 2.3976 -0.1949 0.2311, 2.0472 -0.1949 0.2311, -2.3977 -0.1949 0.2311, -2.3524 -0.1949 0.2311, -2.3977 -0.1949 0.3855, -2.3524 -0.1949 0.4308, -2.2047 -0.1949 0.4528, -2.2599 -0.1949 0.3976, -2.2047 -0.1949 0.2311, -2.2599 -0.1949 0.3146, -2.3071 -0.1949 0.3146, -2.3071 -0.1949 0.3976, -2.3304 -0.1949 0.4528, -2.2937 -0.1949 0.4111, -2.2733 -0.1949 0.4111, 2.3071 -0.1949 0.3146, 2.2598 -0.1949 0.3146, 2.1496 -0.1949 0.3146, 2.1023 -0.1949 0.3146, 2.0472 -0.1949 0.4528, 2.1023 -0.1949 0.3976, 2.1158 -0.1949 0.4111, 2.1362 -0.1949 0.4111, 2.3071 -0.1949 0.3976, 2.3976 -0.1949 0.3855, 2.2936 -0.1949 0.4111, 2.3304 -0.1949 0.4528, 2.2732 -0.1949 0.4111, 2.2598 -0.1949 0.3976, 2.1496 -0.1949 0.3976, 1.8897 -0.1949 0.4528, 1.9583 -0.1949 0.4111, 1.9787 -0.1949 0.4111, 1.9921 -0.1949 0.3976, 1.9921 -0.1949 0.3146, 1.8897 -0.1949 0.2311, 1.9449 -0.1949 0.3146, 1.9449 -0.1949 0.3976, 1.7323 -0.1949 0.4528, 1.8008 -0.1949 0.4111, 1.8212 -0.1949 0.4111, 1.8346 -0.1949 0.3976, 1.8346 -0.1949 0.3146, 1.7323 -0.1949 0.2311, 1.7874 -0.1949 0.3146, 1.7874 -0.1949 0.3976, 1.5748 -0.1949 0.4528, 1.6433 -0.1949 0.4111, 1.6637 -0.1949 0.4111, 1.6771 -0.1949 0.3976, 1.6771 -0.1949 0.3146, 1.5748 -0.1949 0.2311, 1.6299 -0.1949 0.3146, 1.6299 -0.1949 0.3976, 1.4173 -0.1949 0.4528, 1.4858 -0.1949 0.4111, 1.5062 -0.1949 0.4111, 1.5197 -0.1949 0.3976, 1.5197 -0.1949 0.3146, 1.4173 -0.1949 0.2311, 1.4724 -0.1949 0.3146, 1.4724 -0.1949 0.3976, 1.2598 -0.1949 0.4528, 1.3284 -0.1949 0.4111, 1.3488 -0.1949 0.4111, 1.3622 -0.1949 0.3976, 1.3622 -0.1949 0.3146, 1.2598 -0.1949 0.2311, 1.3149 -0.1949 0.3146, 1.3149 -0.1949 0.3976, 1.1575 -0.1949 0.3146, 1.1575 -0.1949 0.3976, 1.1023 -0.1949 0.4528, 1.1709 -0.1949 0.4111, 1.1023 -0.1949 0.2311, 1.2047 -0.1949 0.3146, 1.2047 -0.1949 0.3976, 1.1913 -0.1949 0.4111, 0.8897 -0.1949 0.3146, 1.0 -0.1949 0.3146, 0.8897 -0.1949 0.3976, 0.8763 -0.1949 0.4111, 1.0338 -0.1949 0.4111, 1.0472 -0.1949 0.3976, 1.0472 -0.1949 0.3146, 0.7874 -0.1949 0.2311, 0.8425 -0.1949 0.3146, 0.7874 -0.1949 0.4528, 0.8425 -0.1949 0.3976, 1.0134 -0.1949 0.4111, 1.0 -0.1949 0.3976, 0.8559 -0.1949 0.4111, 0.6299 -0.1949 0.4528, 0.6984 -0.1949 0.4111, 0.7188 -0.1949 0.4111, 0.7323 -0.1949 0.3976, 0.7323 -0.1949 0.3146, 0.6299 -0.1949 0.2311, 0.685 -0.1949 0.3146, 0.685 -0.1949 0.3976, 0.4724 -0.1949 0.4528, 0.541 -0.1949 0.4111, 0.5614 -0.1949 0.4111, 0.5748 -0.1949 0.3976, 0.5748 -0.1949 0.3146, 0.4724 -0.1949 0.2311, 0.5275 -0.1949 0.3146, 0.5275 -0.1949 0.3976, 0.3149 -0.1949 0.4528, 0.3835 -0.1949 0.4111, 0.4039 -0.1949 0.4111, 0.4173 -0.1949 0.3976, 0.4173 -0.1949 0.3146, 0.3149 -0.1949 0.2311, 0.3701 -0.1949 0.3146, 0.3701 -0.1949 0.3976, 0.1575 -0.1949 0.4528, 0.226 -0.1949 0.4111, 0.2464 -0.1949 0.4111, 0.2598 -0.1949 0.3976, 0.2598 -0.1949 0.3146, 0.1575 -0.1949 0.2311, 0.2126 -0.1949 0.3146, 0.2126 -0.1949 0.3976, 0.0551 -0.1949 0.3146, 0.0551 -0.1949 0.3976, -0.0 -0.1949 0.4528, 0.0685 -0.1949 0.4111, -0.0 -0.1949 0.2311, 0.1023 -0.1949 0.3146, 0.1023 -0.1949 0.3976, 0.0889 -0.1949 0.4111, -0.0686 -0.1949 0.4111, -0.0551 -0.1949 0.3976, -0.0551 -0.1949 0.3146, -0.1024 -0.1949 0.3146, -0.2126 -0.1949 0.3146, -0.315 -0.1949 0.2311, -0.2599 -0.1949 0.3146, -0.315 -0.1949 0.4528, -0.2599 -0.1949 0.3976, -0.2464 -0.1949 0.4111, -0.226 -0.1949 0.4111, -0.089 -0.1949 0.4111, -0.1024 -0.1949 0.3976, -0.2126 -0.1949 0.3976, -0.4725 -0.1949 0.4528, -0.4039 -0.1949 0.4111, -0.3835 -0.1949 0.4111, -0.3701 -0.1949 0.3976, -0.3701 -0.1949 0.3146, -0.4725 -0.1949 0.2311, -0.4173 -0.1949 0.3146, -0.4173 -0.1949 0.3976, -0.6299 -0.1949 0.4528, -0.5614 -0.1949 0.4111, -0.541 -0.1949 0.4111, -0.5276 -0.1949 0.3976, -0.5276 -0.1949 0.3146, -0.6299 -0.1949 0.2311, -0.5748 -0.1949 0.3146, -0.5748 -0.1949 0.3976, -0.7874 -0.1949 0.4528, -0.7189 -0.1949 0.4111, -0.6985 -0.1949 0.4111, -0.6851 -0.1949 0.3976, -0.6851 -0.1949 0.3146, -0.7874 -0.1949 0.2311, -0.7323 -0.1949 0.3146, -0.7323 -0.1949 0.3976, -0.9449 -0.1949 0.4528, -0.8764 -0.1949 0.4111, -0.856 -0.1949 0.4111, -0.8425 -0.1949 0.3976, -0.8425 -0.1949 0.3146, -0.9449 -0.1949 0.2311, -0.8898 -0.1949 0.3146, -0.8898 -0.1949 0.3976, -1.1024 -0.1949 0.4528, -1.0338 -0.1949 0.4111, -1.0134 -0.1949 0.4111, -1.0 -0.1949 0.3976, -1.0 -0.1949 0.3146, -1.1024 -0.1949 0.2311, -1.0473 -0.1949 0.3146, -1.0473 -0.1949 0.3976, -1.2599 -0.1949 0.4528, -1.1913 -0.1949 0.4111, -1.1709 -0.1949 0.4111, -1.1575 -0.1949 0.3976, -1.1575 -0.1949 0.3146, -1.2599 -0.1949 0.2311, -1.2047 -0.1949 0.3146, -1.2047 -0.1949 0.3976, -1.315 -0.1949 0.3146, -1.3622 -0.1949 0.3146, -1.4725 -0.1949 0.3146, -1.5748 -0.1949 0.2311, -1.5197 -0.1949 0.3146, -1.5748 -0.1949 0.4528, -1.315 -0.1949 0.3976, -1.3284 -0.1949 0.4111, -1.5197 -0.1949 0.3976, -1.5063 -0.1949 0.4111, -1.4859 -0.1949 0.4111, -1.3488 -0.1949 0.4111, -1.3622 -0.1949 0.3976, -1.4725 -0.1949 0.3976, -1.7323 -0.1949 0.4528, -1.6638 -0.1949 0.4111, -1.6434 -0.1949 0.4111, -1.6299 -0.1949 0.3976, -1.6299 -0.1949 0.3146, -1.7323 -0.1949 0.2311, -1.6772 -0.1949 0.3146, -1.6772 -0.1949 0.3976, -1.8898 -0.1949 0.4528, -1.8212 -0.1949 0.4111, -1.8008 -0.1949 0.4111, -1.7874 -0.1949 0.3976, -1.7874 -0.1949 0.3146, -1.8898 -0.1949 0.2311, -1.8347 -0.1949 0.3146, -1.8347 -0.1949 0.3976, -2.0473 -0.1949 0.4528, -1.9787 -0.1949 0.4111, -1.9583 -0.1949 0.4111, -1.9449 -0.1949 0.3976, -1.9449 -0.1949 0.3146, -2.0473 -0.1949 0.2311, -1.9921 -0.1949 0.3146, -1.9921 -0.1949 0.3976, -2.1362 -0.1949 0.4111, -2.1158 -0.1949 0.4111, -2.1024 -0.1949 0.3976, -2.1024 -0.1949 0.3146, -2.1496 -0.1949 0.3146, -2.1496 -0.1949 0.3976, 2.0472 -0.1949 0.1476, 1.8897 -0.1949 0.1476, 1.7323 -0.1949 0.1476, 1.5748 -0.1949 0.1476, 1.4173 -0.1949 0.1476, 1.2598 -0.1949 0.1476, 1.1023 -0.1949 0.1476, 0.7874 -0.1949 0.1476, 0.6299 -0.1949 0.1476, 0.4724 -0.1949 0.1476, 0.3149 -0.1949 0.1476, 0.1575 -0.1949 0.1476, -0.0 -0.1949 0.1476, -0.315 -0.1949 0.1476, -0.4725 -0.1949 0.1476, -0.6299 -0.1949 0.1476, -0.7874 -0.1949 0.1476, -0.9449 -0.1949 0.1476, -1.1024 -0.1949 0.1476, -1.2599 -0.1949 0.1476, -1.5748 -0.1949 0.1476, -1.7323 -0.1949 0.1476, -1.8898 -0.1949 0.1476, -2.0473 -0.1949 0.1476, -2.2047 -0.1949 0.1476, -2.3524 -0.1949 0.1476, -2.3977 -0.1949 0.1476, 2.1496 -0.5197 0.0266, 2.1023 -0.5197 0.0266, 2.0472 -0.5197 0.0231, 2.1496 -0.5197 0.1437, 2.0472 -0.5197 0.1575, 2.1023 -0.5197 0.1437, 2.874 -0.5197 0.0231, 2.3071 -0.5197 0.0266, 2.2598 -0.5197 0.0266, 2.3071 -0.5197 0.1437, 2.2598 -0.5197 0.1437, 1.9921 -0.5197 0.0266, 1.9449 -0.5197 0.0266, 1.9921 -0.5197 0.1437, 1.9449 -0.5197 0.1437, 1.8897 -0.5197 0.1575, 1.8897 -0.5197 0.0231, 1.8346 -0.5197 0.0266, 1.7874 -0.5197 0.0266, 1.8346 -0.5197 0.1437, 1.7874 -0.5197 0.1437, 1.7323 -0.5197 0.1575, 1.7323 -0.5197 0.0231, 1.6771 -0.5197 0.1437, 1.6299 -0.5197 0.1437, 1.5748 -0.5197 0.1575, 1.6299 -0.5197 0.0266, 1.5748 -0.5197 0.0231, 1.6771 -0.5197 0.0266, 1.5197 -0.5197 0.1437, 1.4724 -0.5197 0.1437, 1.4173 -0.5197 0.1575, 1.4724 -0.5197 0.0266, 1.4173 -0.5197 0.0231, 1.5197 -0.5197 0.0266, 1.3622 -0.5197 0.1437, 1.3149 -0.5197 0.1437, 1.2598 -0.5197 0.1575, 1.3149 -0.5197 0.0266, 1.2598 -0.5197 0.0231, 1.3622 -0.5197 0.0266, 1.2047 -0.5197 0.0266, 1.1575 -0.5197 0.0266, 1.2047 -0.5197 0.1437, 1.1575 -0.5197 0.1437, 1.1023 -0.5197 0.1575, 1.1023 -0.5197 0.0231, 0.8897 -0.5197 0.0266, 0.8425 -0.5197 0.0266, 0.7874 -0.5197 0.0231, 0.8897 -0.5197 0.1437, 0.7874 -0.5197 0.1575, 0.8425 -0.5197 0.1437, 1.0 -0.5197 0.0266, 1.0 -0.5197 0.1437, 1.0472 -0.5197 0.1437, 1.0472 -0.5197 0.0266, 0.7323 -0.5197 0.1437, 0.685 -0.5197 0.1437, 0.6299 -0.5197 0.1575, 0.685 -0.5197 0.0266, 0.6299 -0.5197 0.0231, 0.7323 -0.5197 0.0266, 0.5748 -0.5197 0.0266, 0.5275 -0.5197 0.0266, 0.5748 -0.5197 0.1437, 0.5275 -0.5197 0.1437, 0.4724 -0.5197 0.1575, 0.4724 -0.5197 0.0231, 0.4173 -0.5197 0.1437, 0.3701 -0.5197 0.1437, 0.3149 -0.5197 0.1575, 0.3701 -0.5197 0.0266, 0.3149 -0.5197 0.0231, 0.4173 -0.5197 0.0266, 0.1575 -0.5197 0.1575, 0.2126 -0.5197 0.1437, 0.2598 -0.5197 0.1437, 0.2126 -0.5197 0.0266, 0.1575 -0.5197 0.0231, 0.2598 -0.5197 0.0266, 0.1023 -0.5197 0.0266, 0.0551 -0.5197 0.0266, 0.1023 -0.5197 0.1437, 0.0551 -0.5197 0.1437, -0.0 -0.5197 0.1575, -0.0 -0.5197 0.0231, -0.2126 -0.5197 0.0266, -0.2599 -0.5197 0.0266, -0.315 -0.5197 0.0231, -0.2126 -0.5197 0.1437, -0.315 -0.5197 0.1575, -0.2599 -0.5197 0.1437, -0.1024 -0.5197 0.0266, -0.1024 -0.5197 0.1437, -0.0551 -0.5197 0.1437, -0.0551 -0.5197 0.0266, -0.4725 -0.5197 0.1575, -0.4173 -0.5197 0.1437, -0.3701 -0.5197 0.1437, -0.4173 -0.5197 0.0266, -0.4725 -0.5197 0.0231, -0.3701 -0.5197 0.0266, -0.5276 -0.5197 0.1437, -0.5748 -0.5197 0.1437, -0.6299 -0.5197 0.1575, -0.5748 -0.5197 0.0266, -0.6299 -0.5197 0.0231, -0.5276 -0.5197 0.0266, -0.6851 -0.5197 0.0266, -0.7323 -0.5197 0.0266, -0.6851 -0.5197 0.1437, -0.7323 -0.5197 0.1437, -0.7874 -0.5197 0.1575, -0.7874 -0.5197 0.0231, -0.9449 -0.5197 0.1575, -0.8898 -0.5197 0.1437, -0.8425 -0.5197 0.1437, -0.8898 -0.5197 0.0266, -0.9449 -0.5197 0.0231, -0.8425 -0.5197 0.0266, -1.1024 -0.5197 0.1575, -1.0473 -0.5197 0.1437, -1.0 -0.5197 0.1437, -1.0473 -0.5197 0.0266, -1.1024 -0.5197 0.0231, -1.0 -0.5197 0.0266, -1.1575 -0.5197 0.1437, -1.2047 -0.5197 0.1437, -1.2599 -0.5197 0.1575, -1.2047 -0.5197 0.0266, -1.2599 -0.5197 0.0231, -1.1575 -0.5197 0.0266, -1.4725 -0.5197 0.0266, -1.5197 -0.5197 0.0266, -1.5748 -0.5197 0.0231, -1.4725 -0.5197 0.1437, -1.5748 -0.5197 0.1575, -1.5197 -0.5197 0.1437, -1.3622 -0.5197 0.0266, -1.3622 -0.5197 0.1437, -1.315 -0.5197 0.1437, -1.315 -0.5197 0.0266, -1.6299 -0.5197 0.0266, -1.6772 -0.5197 0.0266, -1.6299 -0.5197 0.1437, -1.6772 -0.5197 0.1437, -1.7323 -0.5197 0.1575, -1.7323 -0.5197 0.0231, -1.7874 -0.5197 0.1437, -1.8347 -0.5197 0.1437, -1.8898 -0.5197 0.1575, -1.8347 -0.5197 0.0266, -1.8898 -0.5197 0.0231, -1.7874 -0.5197 0.0266, -1.9449 -0.5197 0.1437, -1.9921 -0.5197 0.1437, -2.0473 -0.5197 0.1575, -1.9921 -0.5197 0.0266, -2.0473 -0.5197 0.0231, -1.9449 -0.5197 0.0266, -2.1024 -0.5197 0.0266, -2.1496 -0.5197 0.0266, -2.1024 -0.5197 0.1437, -2.1496 -0.5197 0.1437, -2.2047 -0.5197 0.1575, -2.2047 -0.5197 0.0231, -2.5906 -0.5197 0.0231, -2.3071 -0.5197 0.0266, -2.2599 -0.5197 0.0266, -2.2599 -0.5197 0.1437, -2.3071 -0.5197 0.1437, -2.5906 -0.5197 0.1575, -2.874 -0.5197 0.1575, -2.874 -0.5197 0.0231, 2.0472 -0.5197 0.0197, 1.8897 -0.5197 0.0197, 1.7323 -0.5197 0.0197, 1.5748 -0.5197 0.0197, 1.4173 -0.5197 0.0197, 1.2598 -0.5197 0.0197, 1.1023 -0.5197 0.0197, 0.7874 -0.5197 0.0197, 0.6299 -0.5197 0.0197, 0.4724 -0.5197 0.0197, 0.3149 -0.5197 0.0197, 0.1575 -0.5197 0.0197, -0.0 -0.5197 0.0197, -0.315 -0.5197 0.0197, -0.4725 -0.5197 0.0197, -0.6299 -0.5197 0.0197, -0.7874 -0.5197 0.0197, -0.9449 -0.5197 0.0197, -1.1024 -0.5197 0.0197, -1.2599 -0.5197 0.0197, -1.5748 -0.5197 0.0197, -1.7323 -0.5197 0.0197, -1.8898 -0.5197 0.0197, -2.0473 -0.5197 0.0197, -2.2047 -0.5197 0.0197, -2.5906 -0.5197 0.0197, -2.874 -0.5197 0.0197, -2.5197 0.3799 0.4724, 2.5197 0.3799 0.4724, -2.5197 0.5669 0.4724, 2.5197 0.5669 0.4724, -2.5591 -0.5669 0.5709, -2.874 -0.5669 0.5709, -2.5197 -0.5669 0.4724, -2.874 -0.5669 0.1575, 2.5197 -0.5669 0.4724, 2.559 -0.5669 0.5709, 2.5197 -0.3799 0.4724, -2.5197 -0.3799 0.4724, 2.5197 -0.3701 0.4724, 2.559 -0.4685 0.5709, 2.6771 -0.3701 0.4724, 2.7756 -0.4685 0.5709, 2.6771 0.3701 0.1476, 2.6771 -0.3701 0.1476, 2.6771 0.3701 0.4724, 2.559 0.5669 0.5709, 2.559 0.4685 0.5709, 2.5197 0.3701 0.4724, -2.3386 -0.1752 0.4724, 2.3386 -0.1752 0.4724, -0.9001 -0.0728 0.4114, -0.9001 -0.0728 0.4528, -0.8975 -0.0727 0.4112, -0.895 -0.0722 0.4528, -0.895 -0.0722 0.4107, -0.8926 -0.0713 0.4099, -0.8902 -0.0702 0.4528, -0.8902 -0.0702 0.4088, -0.8881 -0.0688 0.4073, -0.8862 -0.0671 0.4528, -0.8862 -0.0671 0.4057, -0.883 -0.063 0.4528, -0.883 -0.063 0.4016, -0.8739 -0.0384 0.3769, -0.8684 -0.0236 0.3622, -1.4907 -0.0322 0.3708, -1.4938 -0.0236 0.3622, -1.4682 -0.0719 0.4105, -1.4662 -0.0724 0.411, -1.4792 -0.063 0.4016, -1.4768 -0.0663 0.4049, -1.4737 -0.0691 0.4077, -1.4702 -0.0711 0.4097, -1.4642 -0.0727 0.4113, -1.4622 -0.0728 0.4114, 2.7756 0.4685 0.5709, 2.3976 -0.1752 0.4134, 2.3976 0.1752 0.4134, 2.3386 0.1752 0.4724, -2.3386 0.1752 0.4724, -2.5591 0.5669 0.5709, -2.5591 0.4685 0.5709, -2.5197 0.3701 0.4724, 2.5197 -0.3701 0.4626, -2.5197 -0.3701 0.4626, -2.6772 -0.3701 0.1476, -2.5197 -0.3701 0.4724, -2.6772 -0.3701 0.4724, -0.883 0.063 0.4528, -0.8862 0.0671 0.4528, -0.883 0.063 0.4016, -0.8862 0.0671 0.4057, -0.8902 0.0702 0.4528, -0.8902 0.0702 0.4088, -0.8881 0.0688 0.4073, -0.895 0.0722 0.4528, -0.9001 0.0728 0.4528, -0.9001 0.0728 0.4114, -0.8975 0.0727 0.4112, -0.895 0.0722 0.4107, -0.8926 0.0713 0.4099, 1.4883 -0.0384 0.3769, 1.4938 -0.0236 0.3622, 0.8715 -0.0322 0.3708, 0.8684 -0.0236 0.3622, 0.894 -0.0719 0.4105, 0.896 -0.0724 0.411, 0.883 -0.063 0.4016, 0.8854 -0.0663 0.4049, 1.472 -0.0702 0.4088, 1.4741 -0.0688 0.4073, 1.476 -0.0671 0.4057, 1.4792 -0.063 0.4016, 0.8885 -0.0691 0.4077, 0.892 -0.0711 0.4097, 1.4647 -0.0727 0.4112, 1.4672 -0.0722 0.4107, 1.4697 -0.0713 0.4099, 0.898 -0.0727 0.4113, 0.9 -0.0728 0.4114, 1.4621 -0.0728 0.4114, -2.6772 0.3701 0.1476, -2.6575 0.3504 0.128, -2.6575 -0.3504 0.128, -2.3977 -0.1752 0.4134, -2.3977 0.1752 0.4134, -1.4622 -0.0728 0.4528, -0.9001 -0.0925 0.4724, -1.4622 -0.0925 0.4724, 2.6575 -0.3504 0.128, 0.8536 -0.045 0.4724, 0.866 -0.0728 0.4724, 0.883 -0.063 0.4528, 0.8723 -0.0389 0.4528, 0.8709 -0.0325 0.4528, 0.8472 -0.0152 0.4724, 0.8668 -0.0132 0.4528, 0.8668 0.0 0.4528, 0.8472 0.0152 0.4724, 0.8668 0.0132 0.4528, 0.8536 0.045 0.4724, 0.883 0.063 0.4528, 0.866 0.0728 0.4724, 0.8723 0.0389 0.4528, 0.8709 0.0325 0.4528, -2.5197 0.3701 0.4626, 1.4621 -0.0728 0.4528, 1.4672 -0.0722 0.4528, 1.472 -0.0702 0.4528, 1.476 -0.0671 0.4528, 1.4792 -0.063 0.4528, 1.4621 0.0728 0.4114, 1.4621 0.0728 0.4528, 0.9 0.0728 0.4114, 0.9 0.0728 0.4528, 1.4899 -0.0389 0.4528, 1.4954 -0.0132 0.4528, 1.4954 0.0132 0.4528, 1.4899 0.0389 0.4528, 1.4883 0.0384 0.3769, 1.4792 0.063 0.4528, 1.4792 0.063 0.4016, 1.4938 0.0236 0.3622, 1.4954 0.0132 0.3622, 1.4954 -0.0132 0.3622, -2.874 0.5669 0.1575, -2.874 0.5669 0.5709, 0.9 -0.0728 0.4528, 1.4621 -0.0925 0.4724, 0.9 -0.0925 0.4724, -2.6772 0.3701 0.4724, -2.7756 -0.4685 0.5709, -2.7756 0.4685 0.5709, 2.6575 0.3504 0.128, -2.4173 0.2146 0.128, -2.4173 -0.2146 0.128, -2.5591 -0.4685 0.5709, -1.4622 0.0728 0.4114, -1.4622 0.0728 0.4528, -1.4647 0.0727 0.4112, -1.4673 0.0722 0.4528, -1.4673 0.0722 0.4107, -1.4697 0.0713 0.4099, -1.472 0.0702 0.4528, -1.472 0.0702 0.4088, -1.4741 0.0688 0.4073, -1.4761 0.0671 0.4528, -1.4761 0.0671 0.4057, -1.4792 0.063 0.4528, -1.4792 0.063 0.4016, 0.8661 0.0 0.3622, 0.8684 0.0236 0.3622, -1.4792 -0.063 0.4528, -1.4767 -0.0663 0.4528, -1.4761 -0.0671 0.4528, -1.4662 -0.0723 0.4528, -1.4736 -0.0689 0.4528, -1.472 -0.0702 0.4528, -1.4701 -0.071 0.4528, -1.4673 -0.0722 0.4528, 1.4723 -0.0912 0.4724, -0.8899 0.0912 0.4724, -0.8804 0.0872 0.4724, 1.4818 -0.0872 0.4724, -0.8804 -0.0872 0.4724, -0.8899 -0.0912 0.4724, 0.8899 -0.0912 0.4724, -1.5086 0.045 0.4724, -1.4963 0.0728 0.4724, -1.49 0.081 0.4724, -1.4818 0.0872 0.4724, 0.9 0.0925 0.4724, 1.4818 0.0872 0.4724, 1.49 0.081 0.4724, 1.4962 0.0728 0.4724, -1.4723 -0.0912 0.4724, -1.4818 -0.0872 0.4724, -1.49 -0.081 0.4724, -1.4963 -0.0728 0.4724, 1.4621 0.0925 0.4724, 1.4723 0.0912 0.4724, 1.5086 -0.045 0.4724, 1.4962 -0.0728 0.4724, 1.49 -0.081 0.4724, -1.4723 0.0912 0.4724, -1.4622 0.0925 0.4724, -0.9001 0.0925 0.4724, -0.8722 -0.081 0.4724, 0.8804 -0.0872 0.4724, 0.8722 -0.081 0.4724, 0.8722 0.081 0.4724, 0.8804 0.0872 0.4724, 0.8899 0.0912 0.4724, -1.5086 -0.045 0.4724, -1.515 -0.0152 0.4724, -1.515 0.0152 0.4724, 1.5086 0.045 0.4724, 1.5149 0.0152 0.4724, 1.5149 -0.0152 0.4724, -0.8722 0.081 0.4724, -0.866 0.0728 0.4724, -0.8536 0.045 0.4724, -0.8473 0.0152 0.4724, -0.8473 -0.0152 0.4724, -0.8536 -0.045 0.4724, -0.866 -0.0728 0.4724, -1.4899 -0.0389 0.4528, -1.4913 -0.0325 0.4528, -1.4954 -0.0132 0.4528, -1.4954 -0.0 0.4528, -1.4899 0.0389 0.4528, -1.4913 0.0325 0.4528, -1.4954 0.0132 0.4528, -1.4907 0.0322 0.3708, -1.4938 0.0236 0.3622, -0.8739 0.0384 0.3769, -0.8684 0.0236 0.3622, 0.8855 0.0663 0.4528, 0.8861 0.0671 0.4528, 0.8886 0.0689 0.4528, 0.8902 0.0702 0.4528, 0.8921 0.071 0.4528, 0.896 0.0723 0.4528, 0.895 0.0722 0.4528, 1.476 0.0671 0.4528, 1.476 0.0671 0.4057, 1.472 0.0702 0.4528, 1.472 0.0702 0.4088, 1.4741 0.0688 0.4073, 1.4672 0.0722 0.4528, 1.4647 0.0727 0.4112, 1.4672 0.0722 0.4107, 1.4697 0.0713 0.4099, -0.8669 -0.0132 0.3622, -0.8669 0.0132 0.3622, -1.4961 0.0 0.3622, 0.898 0.0727 0.4113, 0.896 0.0724 0.411, 0.894 0.0719 0.4105, 0.892 0.0711 0.4097, 0.8885 0.0691 0.4077, 0.8854 0.0663 0.4049, 0.883 0.063 0.4016, 2.5197 0.3701 0.4626, 0.8715 0.0322 0.3708, 0.8855 -0.0663 0.4528, 0.8861 -0.0671 0.4528, 0.896 -0.0723 0.4528, 0.8886 -0.0689 0.4528, 0.8902 -0.0702 0.4528, 0.8921 -0.071 0.4528, 0.895 -0.0722 0.4528, 2.4173 -0.2146 0.128, 2.4173 0.2146 0.128, -0.8723 -0.0389 0.4528, -0.8669 -0.0132 0.4528, -0.8669 0.0132 0.4528, -0.8723 0.0389 0.4528
            ]
        }
        coordIndex [
            0,1,2,-1,3,4,5,-1,6,7,8,-1,9,10,11,-1,12,13,14,-1,15,16,17,-1,18,19,20,-1,21,22,23,-1,23,22,24,-1,23,24,25,-1,25,26,23,-1,23,26,27,-1,23,27,28,-1,29,30,31,-1,31,30,32,-1,32,30,33,-1,32,33,34,-1,29,31,35,-1,35,31,36,-1,35,36,37,-1,36,38,39,-1,36,40,37,-1,37,40,41,-1,37,41,42,-1,42,41,43,-1,42,43,44,-1,39,45,36,-1,36,45,46,-1,36,46,40,-1,47,48,49,-1,47,49,50,-1,48,51,49,-1,49,51,52,-1,49,52,53,-1,53,52,54,-1,54,55,53,-1,53,55,56,-1,53,56,36,-1,36,56,57,-1,36,57,38,-1,58,50,59,-1,59,50,49,-1,59,49,60,-1,60,49,61,-1,20,19,49,-1,49,19,62,-1,49,62,61,-1,63,64,65,-1,65,64,66,-1,65,66,18,-1,67,68,69,-1,69,68,70,-1,69,70,63,-1,63,70,71,-1,63,71,64,-1,17,16,69,-1,69,16,72,-1,69,72,67,-1,73,74,75,-1,75,74,76,-1,77,78,79,-1,80,81,74,-1,74,81,82,-1,74,82,83,-1,78,84,79,-1,79,84,85,-1,79,85,86,-1,17,87,88,-1,89,90,91,-1,91,90,92,-1,91,92,79,-1,79,92,93,-1,79,93,77,-1,28,94,23,-1,23,94,95,-1,23,95,96,-1,96,95,97,-1,96,97,98,-1,99,100,15,-1,15,100,101,-1,101,102,15,-1,15,102,103,-1,15,103,104,-1,104,103,89,-1,104,89,105,-1,105,89,91,-1,106,107,108,-1,108,107,109,-1,108,109,110,-1,111,83,112,-1,112,83,113,-1,112,113,108,-1,108,113,114,-1,108,114,106,-1,111,115,83,-1,83,115,116,-1,83,116,74,-1,74,116,117,-1,74,117,76,-1,86,118,79,-1,79,118,119,-1,79,119,120,-1,121,122,17,-1,17,122,123,-1,17,123,87,-1,124,125,79,-1,79,125,126,-1,79,126,74,-1,74,126,127,-1,74,127,80,-1,98,128,96,-1,96,128,129,-1,96,129,17,-1,17,129,130,-1,17,130,121,-1,88,131,17,-1,17,131,132,-1,17,132,15,-1,15,132,133,-1,15,133,99,-1,120,134,79,-1,79,134,135,-1,79,135,124,-1,136,137,138,-1,137,139,138,-1,138,139,140,-1,138,140,141,-1,82,138,83,-1,83,138,142,-1,83,142,143,-1,144,145,146,-1,146,145,147,-1,146,147,148,-1,144,146,82,-1,82,146,149,-1,82,149,138,-1,138,149,150,-1,138,150,136,-1,151,152,153,-1,153,152,154,-1,153,154,155,-1,141,140,156,-1,156,140,157,-1,156,157,158,-1,158,157,159,-1,158,159,160,-1,143,161,83,-1,83,161,153,-1,83,153,162,-1,162,153,155,-1,163,12,164,-1,165,166,167,-1,167,166,168,-1,167,168,169,-1,169,168,170,-1,171,172,5,-1,12,14,164,-1,164,14,173,-1,164,173,171,-1,174,175,176,-1,176,175,177,-1,176,177,178,-1,179,180,181,-1,182,183,184,-1,184,183,185,-1,184,185,174,-1,178,177,186,-1,186,177,187,-1,186,187,188,-1,189,190,191,-1,191,190,192,-1,191,192,180,-1,180,192,193,-1,180,193,181,-1,181,193,194,-1,181,194,195,-1,195,194,196,-1,195,196,197,-1,197,196,188,-1,198,199,187,-1,187,199,200,-1,187,200,201,-1,202,203,197,-1,204,205,11,-1,206,207,208,-1,208,207,202,-1,208,202,209,-1,210,211,202,-1,202,211,212,-1,202,212,209,-1,213,214,202,-1,202,214,215,-1,202,215,216,-1,217,218,219,-1,220,221,208,-1,208,221,222,-1,208,222,206,-1,205,223,11,-1,11,223,224,-1,11,224,9,-1,188,187,197,-1,197,187,201,-1,197,201,202,-1,202,201,225,-1,202,225,213,-1,216,226,202,-1,202,226,227,-1,202,227,210,-1,217,219,208,-1,208,219,228,-1,208,228,220,-1,203,229,197,-1,197,229,230,-1,197,230,11,-1,11,230,231,-1,11,231,204,-1,232,233,234,-1,234,233,235,-1,234,235,236,-1,237,238,239,-1,240,241,237,-1,237,241,242,-1,237,242,238,-1,243,244,237,-1,237,244,245,-1,237,245,240,-1,10,246,247,-1,247,246,248,-1,247,248,243,-1,243,248,249,-1,243,249,244,-1,250,251,20,-1,18,20,65,-1,65,20,251,-1,65,251,252,-1,253,254,255,-1,255,254,256,-1,255,256,257,-1,258,259,260,-1,261,262,5,-1,260,263,258,-1,258,263,264,-1,258,264,265,-1,262,266,5,-1,5,266,267,-1,5,267,268,-1,265,269,258,-1,258,269,270,-1,258,270,271,-1,170,168,172,-1,172,168,258,-1,172,258,5,-1,5,258,271,-1,5,271,261,-1,272,273,181,-1,274,275,276,-1,276,275,277,-1,185,179,174,-1,174,179,181,-1,174,181,175,-1,175,181,273,-1,273,278,175,-1,175,278,279,-1,175,279,259,-1,259,279,280,-1,259,280,260,-1,281,282,283,-1,284,285,286,-1,286,285,287,-1,281,283,288,-1,289,290,291,-1,11,292,293,-1,294,295,296,-1,284,297,285,-1,285,297,298,-1,285,298,299,-1,299,298,300,-1,301,302,300,-1,300,302,303,-1,300,303,299,-1,304,305,283,-1,283,305,306,-1,283,306,288,-1,307,308,289,-1,289,308,309,-1,289,309,290,-1,294,310,295,-1,295,310,311,-1,295,311,312,-1,312,311,313,-1,312,313,314,-1,293,315,11,-1,11,315,316,-1,11,316,317,-1,291,318,289,-1,289,318,319,-1,289,319,11,-1,11,319,287,-1,11,287,292,-1,292,287,285,-1,320,321,300,-1,300,321,322,-1,300,322,323,-1,324,325,326,-1,326,325,327,-1,326,327,328,-1,329,330,331,-1,331,330,332,-1,331,332,314,-1,314,332,333,-1,314,333,312,-1,323,334,300,-1,300,334,335,-1,300,335,301,-1,282,336,337,-1,337,336,338,-1,336,339,338,-1,338,339,340,-1,338,340,289,-1,289,340,341,-1,289,341,307,-1,324,329,325,-1,325,329,331,-1,325,331,342,-1,342,331,343,-1,342,343,344,-1,344,343,345,-1,344,345,346,-1,346,345,347,-1,348,347,337,-1,337,347,345,-1,337,345,282,-1,282,345,343,-1,282,343,283,-1,348,337,7,-1,7,337,349,-1,7,349,8,-1,350,351,8,-1,352,353,197,-1,354,355,8,-1,8,355,356,-1,317,294,11,-1,11,294,296,-1,11,296,197,-1,197,296,357,-1,197,357,352,-1,353,358,197,-1,197,358,359,-1,197,359,195,-1,195,359,360,-1,195,360,350,-1,361,362,351,-1,351,362,363,-1,351,363,8,-1,8,363,364,-1,8,364,354,-1,356,365,8,-1,8,365,366,-1,8,366,6,-1,367,368,369,-1,369,368,370,-1,369,370,371,-1,369,372,367,-1,367,372,373,-1,367,373,374,-1,374,375,367,-1,367,375,376,-1,367,376,377,-1,377,376,378,-1,377,378,379,-1,379,378,380,-1,379,380,351,-1,351,380,381,-1,351,381,361,-1,382,383,371,-1,371,383,384,-1,371,384,369,-1,385,386,328,-1,328,386,387,-1,328,387,326,-1,385,388,386,-1,386,388,389,-1,386,389,390,-1,390,389,391,-1,390,392,393,-1,391,394,390,-1,390,394,395,-1,390,395,396,-1,396,397,390,-1,390,397,398,-1,390,398,392,-1,393,399,390,-1,390,399,400,-1,390,400,401,-1,402,403,276,-1,276,403,404,-1,405,406,407,-1,277,272,276,-1,276,272,181,-1,276,181,402,-1,402,181,408,-1,402,408,409,-1,409,408,405,-1,409,405,410,-1,410,405,407,-1,411,412,8,-1,350,8,195,-1,195,8,412,-1,195,412,181,-1,181,412,413,-1,181,413,408,-1,414,415,411,-1,416,417,418,-1,418,417,419,-1,418,419,414,-1,414,411,418,-1,418,411,8,-1,418,8,420,-1,420,8,349,-1,420,349,421,-1,420,422,418,-1,418,422,423,-1,418,423,424,-1,425,426,427,-1,427,426,428,-1,427,428,349,-1,349,428,429,-1,349,429,421,-1,424,430,418,-1,418,430,431,-1,418,431,416,-1,432,433,434,-1,432,434,435,-1,433,436,434,-1,434,436,437,-1,434,437,427,-1,427,437,438,-1,427,438,425,-1,171,5,164,-1,164,5,4,-1,164,4,439,-1,439,440,164,-1,164,440,441,-1,164,441,442,-1,442,441,443,-1,442,443,444,-1,445,446,447,-1,447,446,448,-1,447,448,449,-1,449,448,441,-1,449,441,450,-1,450,441,440,-1,450,440,451,-1,451,440,452,-1,451,452,453,-1,453,452,454,-1,443,455,444,-1,444,455,456,-1,444,456,404,-1,404,456,3,-1,404,3,276,-1,276,3,5,-1,276,5,274,-1,274,5,268,-1,457,458,442,-1,459,460,461,-1,461,457,459,-1,459,457,442,-1,459,442,462,-1,462,442,463,-1,462,463,464,-1,464,463,165,-1,465,466,467,-1,467,466,468,-1,467,468,458,-1,458,468,469,-1,458,469,470,-1,470,471,458,-1,458,471,472,-1,458,472,473,-1,167,163,165,-1,165,163,164,-1,165,164,464,-1,464,164,467,-1,474,164,475,-1,475,164,442,-1,475,442,476,-1,476,442,458,-1,476,458,477,-1,477,458,473,-1,478,479,467,-1,467,479,480,-1,467,480,465,-1,474,481,164,-1,164,481,482,-1,164,482,467,-1,467,482,483,-1,467,483,478,-1,254,463,256,-1,256,463,442,-1,256,442,484,-1,484,442,444,-1,484,444,434,-1,434,444,404,-1,434,404,435,-1,435,404,403,-1,166,485,168,-1,168,485,486,-1,168,486,258,-1,258,486,487,-1,258,487,259,-1,259,487,488,-1,259,488,175,-1,175,488,489,-1,175,489,177,-1,177,489,490,-1,177,490,187,-1,187,490,233,-1,187,233,198,-1,198,233,232,-1,338,491,337,-1,337,491,492,-1,337,492,349,-1,349,492,493,-1,349,493,427,-1,427,493,494,-1,427,494,434,-1,434,494,495,-1,434,495,484,-1,484,495,496,-1,484,496,256,-1,256,496,497,-1,256,497,257,-1,10,247,11,-1,11,247,498,-1,11,498,289,-1,289,498,499,-1,289,499,338,-1,338,499,500,-1,338,500,491,-1,501,502,503,-1,503,502,504,-1,503,504,505,-1,505,504,506,-1,505,506,507,-1,507,506,508,-1,509,506,247,-1,247,506,504,-1,247,504,498,-1,498,504,510,-1,498,510,511,-1,509,247,512,-1,512,247,96,-1,512,96,511,-1,511,96,17,-1,511,17,498,-1,498,17,69,-1,498,69,499,-1,499,69,63,-1,499,63,500,-1,513,514,23,-1,23,514,0,-1,23,0,243,-1,243,0,2,-1,243,2,247,-1,247,2,515,-1,247,515,96,-1,96,515,513,-1,96,513,23,-1,239,236,237,-1,237,236,235,-1,237,235,243,-1,243,235,516,-1,243,516,23,-1,23,516,32,-1,23,32,21,-1,21,32,34,-1,250,20,517,-1,517,20,49,-1,517,49,518,-1,518,49,53,-1,518,53,519,-1,519,53,36,-1,519,36,520,-1,520,36,31,-1,520,31,521,-1,485,522,486,-1,486,522,523,-1,486,523,487,-1,487,523,524,-1,487,524,488,-1,488,524,525,-1,488,525,489,-1,489,525,526,-1,489,526,490,-1,490,526,527,-1,490,527,233,-1,233,527,528,-1,233,528,235,-1,235,528,529,-1,235,529,516,-1,516,529,530,-1,516,530,32,-1,32,530,531,-1,32,531,31,-1,31,531,532,-1,31,532,521,-1,521,532,533,-1,534,535,536,-1,537,538,539,-1,539,538,540,-1,541,542,543,-1,543,542,544,-1,543,544,545,-1,545,544,546,-1,545,546,547,-1,547,546,548,-1,547,548,538,-1,538,548,549,-1,538,549,540,-1,540,549,541,-1,540,541,543,-1,550,551,552,-1,553,554,555,-1,555,554,552,-1,555,552,556,-1,556,552,551,-1,556,551,557,-1,557,551,558,-1,552,559,550,-1,550,559,560,-1,550,560,561,-1,561,560,562,-1,561,562,563,-1,563,562,564,-1,558,564,557,-1,557,564,562,-1,557,562,565,-1,565,562,554,-1,565,554,566,-1,566,554,553,-1,554,567,552,-1,552,567,568,-1,552,568,569,-1,569,568,570,-1,569,570,571,-1,570,572,571,-1,571,572,573,-1,571,573,554,-1,554,573,574,-1,554,574,567,-1,571,575,569,-1,569,575,576,-1,569,576,577,-1,577,576,578,-1,577,578,579,-1,578,580,579,-1,579,580,581,-1,579,581,571,-1,571,581,582,-1,571,582,575,-1,579,583,577,-1,577,583,584,-1,577,584,585,-1,585,584,586,-1,585,586,587,-1,586,588,587,-1,587,588,589,-1,587,589,579,-1,579,589,590,-1,579,590,583,-1,587,591,585,-1,585,591,592,-1,585,592,593,-1,593,592,594,-1,593,594,595,-1,594,596,595,-1,595,596,597,-1,595,597,587,-1,587,597,598,-1,587,598,591,-1,595,599,593,-1,593,599,600,-1,593,600,601,-1,601,600,602,-1,601,602,603,-1,602,604,603,-1,603,604,605,-1,603,605,595,-1,595,605,606,-1,595,606,599,-1,607,608,609,-1,609,608,601,-1,609,601,610,-1,610,601,603,-1,607,611,536,-1,536,611,612,-1,536,612,603,-1,603,612,613,-1,603,613,610,-1,607,536,608,-1,608,536,535,-1,608,535,614,-1,615,616,617,-1,617,616,618,-1,614,616,608,-1,608,616,615,-1,608,615,619,-1,619,615,620,-1,619,620,621,-1,620,622,621,-1,621,622,623,-1,621,623,624,-1,534,536,625,-1,625,536,621,-1,625,621,618,-1,618,621,624,-1,618,624,617,-1,621,626,619,-1,619,626,627,-1,619,627,628,-1,628,627,629,-1,628,629,630,-1,629,631,630,-1,630,631,632,-1,630,632,621,-1,621,632,633,-1,621,633,626,-1,630,634,628,-1,628,634,635,-1,628,635,636,-1,636,635,637,-1,636,637,638,-1,637,639,638,-1,638,639,640,-1,638,640,630,-1,630,640,641,-1,630,641,634,-1,638,642,636,-1,636,642,643,-1,636,643,644,-1,644,643,645,-1,644,645,646,-1,645,647,646,-1,646,647,648,-1,646,648,638,-1,638,648,649,-1,638,649,642,-1,646,650,644,-1,644,650,651,-1,644,651,652,-1,652,651,653,-1,652,653,654,-1,653,655,654,-1,654,655,656,-1,654,656,646,-1,646,656,657,-1,646,657,650,-1,654,658,652,-1,652,658,659,-1,652,659,660,-1,660,659,661,-1,660,661,662,-1,661,663,662,-1,662,663,664,-1,662,664,654,-1,654,664,665,-1,654,665,658,-1,662,666,660,-1,660,666,667,-1,660,667,668,-1,669,670,671,-1,671,670,672,-1,671,672,673,-1,669,674,670,-1,670,674,675,-1,670,675,662,-1,672,660,673,-1,673,660,668,-1,673,668,676,-1,676,668,677,-1,676,677,675,-1,675,677,678,-1,675,678,662,-1,662,678,679,-1,662,679,666,-1,670,680,672,-1,672,680,681,-1,672,681,682,-1,682,681,683,-1,682,683,684,-1,683,685,684,-1,684,685,686,-1,684,686,670,-1,670,686,687,-1,670,687,680,-1,684,688,682,-1,682,688,689,-1,682,689,690,-1,690,689,691,-1,690,691,692,-1,691,693,692,-1,692,693,694,-1,692,694,684,-1,684,694,695,-1,684,695,688,-1,692,696,690,-1,690,696,697,-1,690,697,698,-1,698,697,699,-1,698,699,700,-1,699,701,700,-1,700,701,702,-1,700,702,692,-1,692,702,703,-1,692,703,696,-1,704,705,706,-1,706,705,707,-1,706,707,700,-1,700,707,708,-1,700,708,698,-1,698,708,709,-1,698,709,710,-1,710,709,711,-1,710,711,706,-1,706,711,704,-1,706,712,710,-1,710,712,713,-1,710,713,714,-1,714,713,715,-1,714,715,716,-1,715,717,716,-1,716,717,718,-1,716,718,706,-1,706,718,719,-1,706,719,712,-1,716,720,714,-1,714,720,721,-1,714,721,722,-1,722,721,723,-1,722,723,724,-1,723,725,724,-1,724,725,726,-1,724,726,716,-1,716,726,727,-1,716,727,720,-1,724,728,722,-1,722,728,729,-1,722,729,730,-1,731,732,733,-1,733,732,734,-1,733,734,735,-1,731,736,732,-1,732,736,737,-1,732,737,724,-1,734,722,735,-1,735,722,730,-1,735,730,738,-1,738,730,739,-1,738,739,737,-1,737,739,740,-1,737,740,724,-1,724,740,741,-1,724,741,728,-1,732,742,734,-1,734,742,743,-1,734,743,744,-1,744,743,745,-1,744,745,746,-1,745,747,746,-1,746,747,748,-1,746,748,732,-1,732,748,749,-1,732,749,742,-1,746,750,744,-1,744,750,751,-1,744,751,752,-1,752,751,753,-1,752,753,754,-1,753,755,754,-1,754,755,756,-1,754,756,746,-1,746,756,757,-1,746,757,750,-1,754,758,752,-1,752,758,759,-1,752,759,760,-1,760,759,761,-1,760,761,762,-1,761,763,762,-1,762,763,764,-1,762,764,754,-1,754,764,765,-1,754,765,758,-1,762,766,760,-1,760,766,767,-1,760,767,547,-1,547,767,768,-1,547,768,545,-1,768,769,545,-1,545,769,770,-1,545,770,762,-1,762,770,771,-1,762,771,766,-1,562,772,554,-1,554,772,773,-1,554,773,571,-1,571,773,774,-1,571,774,579,-1,579,774,775,-1,579,775,587,-1,587,775,776,-1,587,776,595,-1,595,776,777,-1,595,777,603,-1,603,777,778,-1,603,778,536,-1,536,778,779,-1,536,779,621,-1,621,779,780,-1,621,780,630,-1,630,780,781,-1,630,781,638,-1,638,781,782,-1,638,782,646,-1,646,782,783,-1,646,783,654,-1,654,783,784,-1,654,784,662,-1,662,784,785,-1,662,785,670,-1,670,785,786,-1,670,786,684,-1,684,786,787,-1,684,787,692,-1,692,787,788,-1,692,788,700,-1,700,788,789,-1,700,789,706,-1,706,789,790,-1,706,790,716,-1,716,790,791,-1,716,791,724,-1,724,791,792,-1,724,792,732,-1,732,792,793,-1,732,793,746,-1,746,793,794,-1,746,794,754,-1,754,794,795,-1,754,795,762,-1,762,795,796,-1,762,796,545,-1,545,796,797,-1,545,797,543,-1,543,797,798,-1,799,800,801,-1,801,800,802,-1,801,802,803,-1,802,804,803,-1,803,804,805,-1,803,805,806,-1,806,805,807,-1,806,807,799,-1,799,807,808,-1,799,808,800,-1,800,808,809,-1,800,809,805,-1,805,809,810,-1,805,810,807,-1,811,812,813,-1,812,811,814,-1,814,811,815,-1,814,815,816,-1,816,815,800,-1,816,800,813,-1,813,800,805,-1,813,805,811,-1,815,817,818,-1,817,815,819,-1,819,815,811,-1,819,811,820,-1,820,811,821,-1,820,821,818,-1,818,821,822,-1,818,822,815,-1,822,823,824,-1,823,822,825,-1,825,822,821,-1,825,821,826,-1,826,821,827,-1,826,827,824,-1,824,827,828,-1,824,828,822,-1,828,829,830,-1,829,828,831,-1,831,828,827,-1,831,827,832,-1,832,827,833,-1,832,833,830,-1,830,833,834,-1,830,834,828,-1,835,836,837,-1,836,835,838,-1,838,835,839,-1,838,839,840,-1,840,839,834,-1,840,834,837,-1,837,834,833,-1,837,833,835,-1,839,841,842,-1,841,839,843,-1,843,839,835,-1,843,835,844,-1,844,835,845,-1,844,845,842,-1,842,845,846,-1,842,846,839,-1,847,848,849,-1,849,848,850,-1,851,852,853,-1,853,852,854,-1,853,854,850,-1,850,854,846,-1,850,846,849,-1,851,848,852,-1,852,848,847,-1,852,847,845,-1,845,847,855,-1,845,855,846,-1,846,855,856,-1,846,856,849,-1,857,858,859,-1,859,858,854,-1,859,854,860,-1,860,854,852,-1,860,852,861,-1,861,852,862,-1,861,862,857,-1,857,862,858,-1,858,863,864,-1,863,858,865,-1,865,858,862,-1,865,862,866,-1,866,862,867,-1,866,867,864,-1,864,867,868,-1,864,868,858,-1,868,869,870,-1,869,868,871,-1,871,868,867,-1,871,867,872,-1,872,867,873,-1,872,873,870,-1,870,873,874,-1,870,874,868,-1,875,876,877,-1,877,876,874,-1,877,874,878,-1,878,874,873,-1,878,873,879,-1,879,873,880,-1,879,880,875,-1,875,880,876,-1,876,881,882,-1,881,876,883,-1,883,876,880,-1,883,880,884,-1,884,880,885,-1,884,885,882,-1,882,885,886,-1,882,886,876,-1,887,888,889,-1,889,888,890,-1,891,892,893,-1,893,892,894,-1,893,894,890,-1,890,894,886,-1,890,886,889,-1,891,888,892,-1,892,888,887,-1,892,887,885,-1,885,887,895,-1,885,895,886,-1,886,895,896,-1,886,896,889,-1,897,898,899,-1,899,898,894,-1,899,894,900,-1,900,894,892,-1,900,892,901,-1,901,892,902,-1,901,902,897,-1,897,902,898,-1,903,904,905,-1,905,904,898,-1,905,898,906,-1,906,898,902,-1,906,902,907,-1,907,902,908,-1,907,908,903,-1,903,908,904,-1,909,910,911,-1,911,910,904,-1,911,904,912,-1,912,904,908,-1,912,908,913,-1,913,908,914,-1,913,914,909,-1,909,914,910,-1,915,916,917,-1,917,916,910,-1,917,910,918,-1,918,910,914,-1,918,914,919,-1,919,914,920,-1,919,920,915,-1,915,920,916,-1,921,922,923,-1,923,922,916,-1,923,916,924,-1,924,916,920,-1,924,920,925,-1,925,920,926,-1,925,926,921,-1,921,926,922,-1,927,928,929,-1,929,928,922,-1,929,922,930,-1,930,922,926,-1,930,926,931,-1,931,926,932,-1,931,932,927,-1,927,932,928,-1,933,934,935,-1,935,934,936,-1,937,938,939,-1,939,938,940,-1,939,940,936,-1,936,940,928,-1,936,928,935,-1,937,934,938,-1,938,934,933,-1,938,933,932,-1,932,933,941,-1,932,941,928,-1,928,941,942,-1,928,942,935,-1,943,944,945,-1,945,944,940,-1,945,940,946,-1,946,940,938,-1,946,938,947,-1,947,938,948,-1,947,948,943,-1,943,948,944,-1,949,950,951,-1,951,950,944,-1,951,944,952,-1,952,944,948,-1,952,948,953,-1,953,948,954,-1,953,954,949,-1,949,954,950,-1,955,956,957,-1,957,956,950,-1,957,950,958,-1,958,950,954,-1,958,954,959,-1,959,954,960,-1,959,960,955,-1,955,960,956,-1,961,962,963,-1,963,962,956,-1,963,956,964,-1,964,956,960,-1,964,960,965,-1,965,960,966,-1,967,962,966,-1,966,962,961,-1,966,961,965,-1,967,966,968,-1,968,966,969,-1,968,969,970,-1,967,971,962,-1,962,971,970,-1,962,970,972,-1,972,970,969,-1,972,969,257,-1,257,969,973,-1,804,974,805,-1,805,974,975,-1,805,975,811,-1,811,975,976,-1,811,976,821,-1,821,976,977,-1,821,977,827,-1,827,977,978,-1,827,978,833,-1,833,978,979,-1,833,979,835,-1,835,979,980,-1,835,980,845,-1,845,980,981,-1,845,981,852,-1,852,981,982,-1,852,982,862,-1,862,982,983,-1,862,983,867,-1,867,983,984,-1,867,984,873,-1,873,984,985,-1,873,985,880,-1,880,985,986,-1,880,986,885,-1,885,986,987,-1,885,987,892,-1,892,987,988,-1,892,988,902,-1,902,988,989,-1,902,989,908,-1,908,989,990,-1,908,990,914,-1,914,990,991,-1,914,991,920,-1,920,991,992,-1,920,992,926,-1,926,992,993,-1,926,993,932,-1,932,993,994,-1,932,994,938,-1,938,994,995,-1,938,995,948,-1,948,995,996,-1,948,996,954,-1,954,996,997,-1,954,997,960,-1,960,997,998,-1,960,998,966,-1,966,998,999,-1,966,999,969,-1,969,999,1000,-1,969,1000,973,-1,973,1000,255,-1,1001,1002,1003,-1,1004,1005,1006,-1,1006,1005,1007,-1,1008,1009,1010,-1,1010,1009,1011,-1,1010,1011,1005,-1,1005,1011,1012,-1,1005,1012,1007,-1,1007,1012,1013,-1,1007,1013,1014,-1,1014,1013,1015,-1,1014,1015,1008,-1,1008,1015,1016,-1,1008,1016,1009,-1,1017,1018,1002,-1,1002,1018,1019,-1,1002,1019,1003,-1,1003,1019,1020,-1,1003,1020,1021,-1,1020,1022,1021,-1,1021,1022,1023,-1,1021,1023,1024,-1,1017,1002,1025,-1,1025,1002,1026,-1,1025,1026,1027,-1,1027,1026,1028,-1,1027,1028,1029,-1,1029,1028,1021,-1,1029,1021,1030,-1,1030,1021,1024,-1,1030,1024,1018,-1,1018,1024,1031,-1,1018,1031,1019,-1,1021,1032,1033,-1,1033,1034,1021,-1,1021,1034,1035,-1,1021,1035,1003,-1,1003,1035,1036,-1,1003,1036,1037,-1,1037,1036,1038,-1,1037,1038,1032,-1,1032,1038,1039,-1,1032,1039,1033,-1,1032,1040,1041,-1,1041,1042,1032,-1,1032,1042,1043,-1,1032,1043,1037,-1,1037,1043,1044,-1,1037,1044,1045,-1,1045,1044,1046,-1,1045,1046,1040,-1,1040,1046,1047,-1,1040,1047,1041,-1,1040,1048,1049,-1,1049,1050,1040,-1,1040,1050,1051,-1,1040,1051,1045,-1,1045,1051,1052,-1,1045,1052,1053,-1,1053,1052,1054,-1,1053,1054,1048,-1,1048,1054,1055,-1,1048,1055,1049,-1,1048,1056,1057,-1,1057,1058,1048,-1,1048,1058,1059,-1,1048,1059,1053,-1,1053,1059,1060,-1,1053,1060,1061,-1,1061,1060,1062,-1,1061,1062,1056,-1,1056,1062,1063,-1,1056,1063,1057,-1,1056,1064,1065,-1,1065,1066,1056,-1,1056,1066,1067,-1,1056,1067,1061,-1,1061,1067,1068,-1,1061,1068,1069,-1,1069,1068,1070,-1,1069,1070,1064,-1,1064,1070,1071,-1,1064,1071,1065,-1,1072,1073,1074,-1,1074,1073,1075,-1,1074,1075,1064,-1,1072,1076,1077,-1,1077,1076,1069,-1,1077,1069,1078,-1,1078,1069,1064,-1,1078,1064,1079,-1,1079,1064,1075,-1,1080,1081,1082,-1,1082,1081,1083,-1,1084,1085,1074,-1,1072,1074,1076,-1,1076,1074,1085,-1,1076,1085,1086,-1,1086,1081,1076,-1,1076,1081,1080,-1,1076,1080,1087,-1,1087,1080,1088,-1,1087,1088,1089,-1,1089,1088,1090,-1,1084,1074,1091,-1,1091,1074,1089,-1,1091,1089,1092,-1,1090,1093,1089,-1,1089,1093,1083,-1,1089,1083,1092,-1,1092,1083,1081,-1,1089,1094,1095,-1,1095,1096,1089,-1,1089,1096,1097,-1,1089,1097,1087,-1,1087,1097,1098,-1,1087,1098,1099,-1,1099,1098,1100,-1,1099,1100,1094,-1,1094,1100,1101,-1,1094,1101,1095,-1,1094,1102,1103,-1,1103,1104,1094,-1,1094,1104,1105,-1,1094,1105,1099,-1,1099,1105,1106,-1,1099,1106,1107,-1,1107,1106,1108,-1,1107,1108,1102,-1,1102,1108,1109,-1,1102,1109,1103,-1,1102,1110,1111,-1,1111,1112,1102,-1,1102,1112,1113,-1,1102,1113,1107,-1,1107,1113,1114,-1,1107,1114,1115,-1,1115,1114,1116,-1,1115,1116,1110,-1,1110,1116,1117,-1,1110,1117,1111,-1,1110,1118,1119,-1,1119,1120,1110,-1,1110,1120,1121,-1,1110,1121,1115,-1,1115,1121,1122,-1,1115,1122,1123,-1,1123,1122,1124,-1,1123,1124,1118,-1,1118,1124,1125,-1,1118,1125,1119,-1,1126,1127,1128,-1,1128,1127,1129,-1,1128,1129,1118,-1,1126,1130,1131,-1,1131,1130,1123,-1,1131,1123,1132,-1,1132,1123,1118,-1,1132,1118,1133,-1,1133,1118,1129,-1,1134,1135,1128,-1,1126,1128,1130,-1,1130,1128,1135,-1,1130,1135,1136,-1,1136,1137,1130,-1,1130,1137,1138,-1,1130,1138,1139,-1,1139,1138,1140,-1,1139,1140,1141,-1,1140,1142,1141,-1,1141,1142,1143,-1,1141,1143,1144,-1,1134,1128,1145,-1,1145,1128,1141,-1,1145,1141,1146,-1,1146,1141,1144,-1,1146,1144,1137,-1,1137,1144,1147,-1,1137,1147,1138,-1,1141,1148,1149,-1,1149,1150,1141,-1,1141,1150,1151,-1,1141,1151,1139,-1,1139,1151,1152,-1,1139,1152,1153,-1,1153,1152,1154,-1,1153,1154,1148,-1,1148,1154,1155,-1,1148,1155,1149,-1,1148,1156,1157,-1,1157,1158,1148,-1,1148,1158,1159,-1,1148,1159,1153,-1,1153,1159,1160,-1,1153,1160,1161,-1,1161,1160,1162,-1,1161,1162,1156,-1,1156,1162,1163,-1,1156,1163,1157,-1,1156,1164,1165,-1,1165,1166,1156,-1,1156,1166,1167,-1,1156,1167,1161,-1,1161,1167,1168,-1,1161,1168,1169,-1,1169,1168,1170,-1,1169,1170,1164,-1,1164,1170,1171,-1,1164,1171,1165,-1,1164,1172,1173,-1,1173,1174,1164,-1,1164,1174,1175,-1,1164,1175,1169,-1,1169,1175,1176,-1,1169,1176,1177,-1,1177,1176,1178,-1,1177,1178,1172,-1,1172,1178,1179,-1,1172,1179,1173,-1,1172,1180,1181,-1,1181,1182,1172,-1,1172,1182,1183,-1,1172,1183,1177,-1,1177,1183,1184,-1,1177,1184,1185,-1,1185,1184,1186,-1,1185,1186,1180,-1,1180,1186,1187,-1,1180,1187,1181,-1,1180,1188,1189,-1,1189,1190,1180,-1,1180,1190,1191,-1,1180,1191,1185,-1,1185,1191,1192,-1,1185,1192,1193,-1,1193,1192,1194,-1,1193,1194,1188,-1,1188,1194,1195,-1,1188,1195,1189,-1,1196,1197,1193,-1,1193,1197,1198,-1,1193,1198,1199,-1,1199,1198,1200,-1,1199,1200,1201,-1,1196,1193,1202,-1,1202,1193,1188,-1,1202,1188,1203,-1,1200,1204,1201,-1,1201,1204,1205,-1,1201,1205,1206,-1,1203,1188,1207,-1,1207,1188,1201,-1,1207,1201,1208,-1,1208,1201,1206,-1,1208,1206,1197,-1,1197,1206,1209,-1,1197,1209,1198,-1,1201,1210,1211,-1,1211,1212,1201,-1,1201,1212,1213,-1,1201,1213,1199,-1,1199,1213,1214,-1,1199,1214,1215,-1,1215,1214,1216,-1,1215,1216,1210,-1,1210,1216,1217,-1,1210,1217,1211,-1,1210,1218,1219,-1,1219,1220,1210,-1,1210,1220,1221,-1,1210,1221,1215,-1,1215,1221,1222,-1,1215,1222,1223,-1,1223,1222,1224,-1,1223,1224,1218,-1,1218,1224,1225,-1,1218,1225,1219,-1,1218,1226,1227,-1,1227,1228,1218,-1,1218,1228,1229,-1,1218,1229,1223,-1,1223,1229,1230,-1,1223,1230,1231,-1,1231,1230,1232,-1,1231,1232,1226,-1,1226,1232,1233,-1,1226,1233,1227,-1,1226,1008,1234,-1,1234,1235,1226,-1,1226,1235,1236,-1,1226,1236,1231,-1,1231,1236,1237,-1,1231,1237,1010,-1,1010,1237,1238,-1,1010,1238,1008,-1,1008,1238,1239,-1,1008,1239,1234,-1,1001,1003,1240,-1,1240,1003,1037,-1,1240,1037,1241,-1,1241,1037,1045,-1,1241,1045,1242,-1,1242,1045,1053,-1,1242,1053,1243,-1,1243,1053,1061,-1,1243,1061,1244,-1,1244,1061,1069,-1,1244,1069,1245,-1,1245,1069,1076,-1,1245,1076,1246,-1,1246,1076,1087,-1,1246,1087,1247,-1,1247,1087,1099,-1,1247,1099,1248,-1,1248,1099,1107,-1,1248,1107,1249,-1,1249,1107,1115,-1,1249,1115,1250,-1,1250,1115,1123,-1,1250,1123,1251,-1,1251,1123,1130,-1,1251,1130,1252,-1,1252,1130,1139,-1,1252,1139,1253,-1,1253,1139,1153,-1,1253,1153,1254,-1,1254,1153,1161,-1,1254,1161,1255,-1,1255,1161,1169,-1,1255,1169,1256,-1,1256,1169,1177,-1,1256,1177,1257,-1,1257,1177,1185,-1,1257,1185,1258,-1,1258,1185,1193,-1,1258,1193,1259,-1,1259,1193,1199,-1,1259,1199,1260,-1,1260,1199,1215,-1,1260,1215,1261,-1,1261,1215,1223,-1,1261,1223,1262,-1,1262,1223,1231,-1,1262,1231,1263,-1,1263,1231,1010,-1,1263,1010,1264,-1,1264,1010,1005,-1,1264,1005,1265,-1,1265,1005,1004,-1,1265,1004,1266,-1,1267,1268,1269,-1,1270,251,1271,-1,1269,1268,1271,-1,1271,1268,1272,-1,1271,1272,1270,-1,1273,1274,1275,-1,1274,1273,1276,-1,1276,1273,251,-1,1276,251,1277,-1,1277,251,1270,-1,1277,1270,1275,-1,1275,1270,1267,-1,1275,1267,1273,-1,1273,1267,1269,-1,1273,1269,252,-1,1269,1278,1279,-1,1278,1269,1280,-1,1280,1269,1271,-1,1280,1271,1281,-1,1281,1271,1282,-1,1281,1282,1279,-1,1279,1282,1283,-1,1279,1283,1269,-1,1283,1284,1285,-1,1284,1283,1286,-1,1286,1283,1282,-1,1286,1282,1287,-1,1287,1282,1288,-1,1287,1288,1285,-1,1285,1288,1289,-1,1285,1289,1283,-1,1290,1288,1291,-1,1291,1288,1292,-1,1291,1292,1293,-1,1293,1292,1294,-1,1293,1294,1295,-1,1295,1294,1289,-1,1295,1289,1290,-1,1290,1289,1288,-1,1296,1292,1297,-1,1297,1292,1298,-1,1297,1298,1299,-1,1299,1298,1300,-1,1299,1300,1301,-1,1301,1300,1294,-1,1301,1294,1296,-1,1296,1294,1292,-1,1302,1298,1303,-1,1303,1298,1304,-1,1303,1304,1305,-1,1305,1304,1306,-1,1305,1306,1307,-1,1307,1306,1300,-1,1307,1300,1302,-1,1302,1300,1298,-1,1306,1308,1309,-1,1308,1306,1310,-1,1310,1306,1304,-1,1310,1304,1311,-1,1311,1304,1312,-1,1311,1312,1309,-1,1309,1312,1313,-1,1309,1313,1306,-1,1314,1315,1316,-1,1317,1312,1318,-1,1316,1315,1318,-1,1318,1315,1319,-1,1318,1319,1317,-1,1316,1313,1314,-1,1314,1313,1320,-1,1314,1320,1317,-1,1317,1320,1321,-1,1317,1321,1312,-1,1312,1321,1322,-1,1312,1322,1313,-1,1313,1322,1323,-1,1313,1323,1320,-1,1324,1318,1325,-1,1325,1318,1326,-1,1325,1326,1327,-1,1327,1326,1328,-1,1327,1328,1329,-1,1329,1328,1316,-1,1329,1316,1324,-1,1324,1316,1318,-1,1328,1330,1331,-1,1330,1328,1332,-1,1332,1328,1326,-1,1332,1326,1333,-1,1333,1326,1334,-1,1333,1334,1331,-1,1331,1334,1335,-1,1331,1335,1328,-1,1336,1334,1337,-1,1337,1334,1338,-1,1337,1338,1339,-1,1339,1338,1340,-1,1339,1340,1341,-1,1341,1340,1335,-1,1341,1335,1336,-1,1336,1335,1334,-1,1342,1343,1344,-1,1343,1342,1345,-1,1345,1342,1346,-1,1345,1346,1347,-1,1347,1346,1340,-1,1347,1340,1344,-1,1344,1340,1338,-1,1344,1338,1342,-1,1346,1348,1349,-1,1348,1346,1350,-1,1350,1346,1342,-1,1350,1342,1351,-1,1351,1342,1352,-1,1351,1352,1349,-1,1349,1352,1353,-1,1349,1353,1346,-1,1354,1355,1356,-1,1357,1352,1358,-1,1356,1355,1358,-1,1358,1355,1359,-1,1358,1359,1357,-1,1356,1353,1354,-1,1354,1353,1360,-1,1354,1360,1357,-1,1357,1360,1361,-1,1357,1361,1352,-1,1352,1361,1362,-1,1352,1362,1353,-1,1353,1362,1363,-1,1353,1363,1360,-1,1364,1365,1366,-1,1365,1364,1367,-1,1367,1364,1368,-1,1367,1368,1369,-1,1369,1368,1356,-1,1369,1356,1366,-1,1366,1356,1358,-1,1366,1358,1364,-1,1370,1364,1371,-1,1371,1364,1372,-1,1371,1372,1373,-1,1373,1372,1374,-1,1373,1374,1375,-1,1375,1374,1368,-1,1375,1368,1370,-1,1370,1368,1364,-1,1374,1376,1377,-1,1376,1374,1378,-1,1378,1374,1372,-1,1378,1372,1379,-1,1379,1372,1380,-1,1379,1380,1377,-1,1377,1380,1381,-1,1377,1381,1374,-1,1382,1383,1384,-1,1383,1382,1385,-1,1385,1382,1386,-1,1385,1386,1387,-1,1387,1386,1381,-1,1387,1381,1384,-1,1384,1381,1380,-1,1384,1380,1382,-1,1388,1389,1390,-1,1389,1388,1391,-1,1391,1388,1392,-1,1391,1392,1393,-1,1393,1392,1386,-1,1393,1386,1390,-1,1390,1386,1382,-1,1390,1382,1388,-1,1394,1388,1395,-1,1395,1388,1396,-1,1395,1396,1397,-1,1397,1396,1398,-1,1397,1398,1399,-1,1399,1398,1392,-1,1399,1392,1394,-1,1394,1392,1388,-1,1400,1401,1402,-1,1403,1396,1404,-1,1402,1401,1404,-1,1404,1401,1405,-1,1404,1405,1403,-1,1402,1398,1400,-1,1400,1398,1406,-1,1400,1406,1403,-1,1403,1406,1407,-1,1403,1407,1396,-1,1396,1407,1408,-1,1396,1408,1398,-1,1398,1408,1409,-1,1398,1409,1406,-1,1402,1410,1411,-1,1410,1402,1412,-1,1412,1402,1404,-1,1412,1404,1413,-1,1413,1404,1414,-1,1413,1414,1411,-1,1411,1414,1415,-1,1411,1415,1402,-1,1416,1414,1417,-1,1417,1414,1418,-1,1417,1418,1419,-1,1419,1418,1420,-1,1419,1420,1421,-1,1421,1420,1415,-1,1421,1415,1416,-1,1416,1415,1414,-1,1422,1418,1423,-1,1423,1418,1424,-1,1423,1424,1425,-1,1425,1424,1426,-1,1425,1426,1427,-1,1427,1426,1420,-1,1427,1420,1422,-1,1422,1420,1418,-1,1426,1428,1429,-1,1428,1426,1430,-1,1430,1426,1424,-1,1430,1424,1431,-1,1431,1424,1432,-1,1431,1432,1429,-1,1429,1432,1433,-1,1429,1433,1426,-1,1434,1433,1435,-1,1435,1433,1436,-1,1436,1433,1437,-1,1437,1433,1432,-1,1437,1432,1438,-1,1438,1432,1439,-1,1438,1439,1435,-1,1435,1439,1434,-1,1434,1439,1440,-1,1434,1440,1441,-1,252,1269,1442,-1,1442,1269,1283,-1,1442,1283,1443,-1,1443,1283,1289,-1,1443,1289,1444,-1,1444,1289,1294,-1,1444,1294,1445,-1,1445,1294,1300,-1,1445,1300,1446,-1,1446,1300,1306,-1,1446,1306,1447,-1,1447,1306,1313,-1,1447,1313,1448,-1,1448,1313,1316,-1,1448,1316,1449,-1,1449,1316,1328,-1,1449,1328,1450,-1,1450,1328,1335,-1,1450,1335,1451,-1,1451,1335,1340,-1,1451,1340,1452,-1,1452,1340,1346,-1,1452,1346,1453,-1,1453,1346,1353,-1,1453,1353,1454,-1,1454,1353,1356,-1,1454,1356,1455,-1,1455,1356,1368,-1,1455,1368,1456,-1,1456,1368,1374,-1,1456,1374,1457,-1,1457,1374,1381,-1,1457,1381,1458,-1,1458,1381,1386,-1,1458,1386,1459,-1,1459,1386,1392,-1,1459,1392,1460,-1,1460,1392,1398,-1,1460,1398,1461,-1,1461,1398,1402,-1,1461,1402,1462,-1,1462,1402,1415,-1,1462,1415,1463,-1,1463,1415,1420,-1,1463,1420,1464,-1,1464,1420,1426,-1,1464,1426,1465,-1,1465,1426,1433,-1,1465,1433,1466,-1,1466,1433,1434,-1,1466,1434,1467,-1,1467,1434,1441,-1,1467,1441,1468,-1,1469,1470,1471,-1,1471,1470,1472,-1,1473,1474,1475,-1,1475,1474,1476,-1,1475,1476,1477,-1,1477,1476,250,-1,1477,250,1478,-1,1478,250,533,-1,1479,1480,1477,-1,1477,1480,1475,-1,1481,1482,1483,-1,1483,1482,1484,-1,1485,1486,1487,-1,1487,1486,1483,-1,1488,1472,1489,-1,1489,1472,1470,-1,1489,1470,1490,-1,1226,1491,1008,-1,1008,1491,1014,-1,1226,1218,1491,-1,1491,1218,1210,-1,1491,1210,1201,-1,1491,1148,1492,-1,1492,1148,1141,-1,1492,1141,1128,-1,1074,1064,1492,-1,1201,1188,1491,-1,1491,1188,1180,-1,1491,1180,1172,-1,1172,1164,1491,-1,1491,1164,1156,-1,1491,1156,1148,-1,1128,1118,1492,-1,1492,1118,1110,-1,1492,1110,1102,-1,1102,1094,1492,-1,1492,1094,1089,-1,1492,1089,1074,-1,1064,1056,1492,-1,1492,1056,1048,-1,1492,1048,1040,-1,1040,1032,1492,-1,1492,1032,1021,-1,1492,1021,1028,-1,1493,1494,1495,-1,1495,1494,1496,-1,1495,1496,1497,-1,1497,1496,1498,-1,1498,1496,1499,-1,1498,1499,1500,-1,1500,1499,1501,-1,1501,1499,1502,-1,1501,1502,1503,-1,1503,1502,1504,-1,1503,1504,1505,-1,1506,1507,1508,-1,1508,1507,1509,-1,1508,1510,1511,-1,1508,1512,1513,-1,1500,1501,1506,-1,1506,1501,1503,-1,1506,1503,1505,-1,1513,1514,1508,-1,1508,1514,1515,-1,1508,1515,1510,-1,1495,1497,1506,-1,1506,1497,1498,-1,1506,1498,1500,-1,1511,1516,1508,-1,1508,1516,1517,-1,1508,1517,1506,-1,1506,1517,1493,-1,1506,1493,1495,-1,1487,1483,1518,-1,1518,1483,1484,-1,1519,1520,1492,-1,1492,1520,1521,-1,1521,798,797,-1,797,796,1521,-1,1521,796,795,-1,1521,795,794,-1,794,793,1521,-1,1521,793,792,-1,1521,792,791,-1,791,790,1521,-1,1521,790,789,-1,1521,789,1522,-1,1522,789,788,-1,1522,788,787,-1,781,780,1522,-1,1522,780,779,-1,1522,779,778,-1,778,777,1522,-1,1522,777,776,-1,1522,776,775,-1,775,774,1522,-1,1522,774,773,-1,1522,773,772,-1,787,786,1522,-1,1522,786,785,-1,1522,785,784,-1,784,783,1522,-1,1522,783,782,-1,1522,782,781,-1,1471,1523,1469,-1,1469,1523,1524,-1,1469,1524,1525,-1,1481,1483,1526,-1,1526,1483,1486,-1,1526,1486,1527,-1,1527,1486,1528,-1,1527,1528,1529,-1,1529,1528,1530,-1,1531,1532,1533,-1,1533,1532,1534,-1,1535,1536,1532,-1,1532,1536,1537,-1,1532,1537,1534,-1,1538,1539,1540,-1,1540,1541,1538,-1,1538,1541,1542,-1,1538,1542,1535,-1,1535,1542,1543,-1,1535,1543,1536,-1,1544,1545,1546,-1,1546,1545,1547,-1,1546,1548,1549,-1,1546,1550,1551,-1,1552,1553,1544,-1,1544,1553,1554,-1,1544,1554,1555,-1,1551,1556,1546,-1,1546,1556,1557,-1,1546,1557,1548,-1,1558,1559,1544,-1,1544,1559,1560,-1,1544,1560,1552,-1,1549,1561,1546,-1,1546,1561,1562,-1,1546,1562,1544,-1,1544,1562,1563,-1,1544,1563,1558,-1,1564,1528,1565,-1,1565,1528,1566,-1,1006,1567,1568,-1,1266,1004,559,-1,559,1004,1006,-1,559,1006,560,-1,560,1006,1568,-1,1494,1569,1570,-1,1570,1569,1571,-1,1476,1440,1439,-1,1439,1432,1476,-1,1476,1432,1424,-1,1476,1424,1418,-1,1418,1414,1476,-1,1476,1414,1404,-1,1476,1404,1396,-1,1372,1364,250,-1,1396,1388,1476,-1,1476,1388,1382,-1,1476,1382,250,-1,250,1382,1380,-1,250,1380,1372,-1,1364,1358,250,-1,250,1358,1352,-1,250,1352,1342,-1,1342,1338,250,-1,250,1338,1334,-1,250,1334,1326,-1,1326,1318,250,-1,250,1318,1312,-1,250,1312,1304,-1,1304,1298,250,-1,250,1298,1292,-1,250,1292,1288,-1,1288,1282,250,-1,250,1282,1271,-1,250,1271,251,-1,1528,1486,1566,-1,1566,1486,1572,-1,1573,1574,1575,-1,1575,1576,1573,-1,1573,1576,1577,-1,1573,1577,1578,-1,1577,1579,1578,-1,1578,1579,1580,-1,1578,1580,1581,-1,1581,1580,1582,-1,1581,1582,1583,-1,1584,1585,1586,-1,1586,1585,1583,-1,1586,1583,1587,-1,1587,1583,1582,-1,1525,1588,1469,-1,1563,1589,1558,-1,1558,1589,1590,-1,1558,1590,1559,-1,1559,1590,1560,-1,1560,1590,1591,-1,1560,1591,1552,-1,1552,1591,1553,-1,1553,1591,1592,-1,1553,1592,1554,-1,1554,1592,1593,-1,1554,1593,1555,-1,1594,1595,1596,-1,1596,1595,1597,-1,1555,1593,1598,-1,1599,1545,1598,-1,1598,1545,1544,-1,1598,1544,1555,-1,1600,1601,1602,-1,1602,1601,1603,-1,1602,1603,1604,-1,1602,1605,1600,-1,1600,1605,1606,-1,1600,1606,1599,-1,1599,1606,1607,-1,1599,1607,1545,-1,1488,522,1472,-1,1472,522,253,-1,1472,253,1471,-1,1471,253,1608,-1,1471,1608,1523,-1,1523,1608,1609,-1,1589,1610,1611,-1,1611,1610,1612,-1,1530,1613,1614,-1,1614,1613,1615,-1,1486,1485,1572,-1,1572,1485,1616,-1,1485,1564,1616,-1,1616,1564,1565,-1,1617,1618,559,-1,559,1618,1266,-1,1473,1475,1619,-1,1619,1475,1480,-1,1619,1480,1529,-1,1620,1621,1622,-1,1622,1621,1623,-1,1622,1623,1624,-1,1624,1623,1625,-1,1625,1623,1626,-1,1625,1626,1627,-1,1627,1626,1628,-1,1628,1626,1629,-1,1628,1629,1630,-1,1630,1629,1631,-1,1630,1631,1632,-1,1547,1545,1633,-1,1633,1545,1607,-1,1633,1607,1634,-1,1634,1607,1606,-1,1634,1606,1605,-1,1512,1635,1636,-1,1512,1636,1513,-1,1513,1636,1637,-1,1513,1637,1514,-1,1638,1569,1517,-1,1637,1639,1514,-1,1514,1639,1640,-1,1514,1640,1515,-1,1515,1640,1641,-1,1515,1641,1510,-1,1510,1641,1642,-1,1510,1642,1511,-1,1511,1642,1638,-1,1511,1638,1516,-1,1516,1638,1517,-1,1482,1478,1484,-1,1484,1478,533,-1,1484,533,1518,-1,1518,533,522,-1,1518,522,1489,-1,1489,522,1488,-1,560,1568,562,-1,562,1568,1522,-1,562,1522,772,-1,1643,1611,1492,-1,1644,1645,1521,-1,1643,1492,1646,-1,1647,1648,1649,-1,1649,1648,1570,-1,1649,1570,1612,-1,1650,1651,1522,-1,1522,1651,1652,-1,1522,1652,1653,-1,1521,1645,1654,-1,1655,1656,1521,-1,1521,1656,1657,-1,1658,1659,1491,-1,1491,1659,1660,-1,1491,1660,1661,-1,1654,1662,1521,-1,1521,1662,1663,-1,1521,1663,1655,-1,1664,1665,1492,-1,1492,1665,1666,-1,1492,1666,1646,-1,1611,1612,1492,-1,1492,1612,1570,-1,1492,1570,1491,-1,1491,1570,1571,-1,1491,1571,1658,-1,1653,1667,1522,-1,1522,1667,1668,-1,1522,1668,1521,-1,1521,1668,1669,-1,1521,1669,1644,-1,1647,1649,1670,-1,1670,1649,1671,-1,1670,1671,1672,-1,1673,1674,1645,-1,1645,1674,1675,-1,1645,1675,1654,-1,1661,1676,1491,-1,1491,1676,1677,-1,1491,1677,1522,-1,1522,1677,1678,-1,1522,1678,1650,-1,1657,1679,1521,-1,1521,1679,1680,-1,1521,1680,1492,-1,1492,1680,1681,-1,1492,1681,1664,-1,1574,1645,1672,-1,1672,1645,1682,-1,1672,1682,1683,-1,1683,1684,1672,-1,1672,1684,1685,-1,1672,1685,1686,-1,1686,1687,1672,-1,1672,1687,1688,-1,1672,1688,1670,-1,1574,1573,1645,-1,1645,1573,1578,-1,1645,1578,1581,-1,1581,1583,1645,-1,1645,1583,1585,-1,1645,1585,1673,-1,1676,1661,1635,-1,1635,1689,1676,-1,1676,1689,1690,-1,1676,1690,1677,-1,1690,1691,1677,-1,1677,1691,1692,-1,1677,1692,1678,-1,1631,1651,1693,-1,1693,1651,1650,-1,1693,1650,1694,-1,1694,1650,1678,-1,1694,1678,1695,-1,1695,1678,1692,-1,1696,1697,1698,-1,1698,1697,1699,-1,1537,1698,1534,-1,1534,1698,1533,-1,1627,1628,1696,-1,1696,1628,1630,-1,1696,1630,1632,-1,1537,1536,1698,-1,1698,1536,1543,-1,1698,1543,1542,-1,1622,1624,1696,-1,1696,1624,1625,-1,1696,1625,1627,-1,1542,1541,1698,-1,1698,1541,1540,-1,1698,1540,1696,-1,1696,1540,1620,-1,1696,1620,1622,-1,1028,1026,1492,-1,1492,1026,1519,-1,1568,1567,1522,-1,1522,1567,1491,-1,1584,1700,1585,-1,1585,1700,1673,-1,1700,1701,1673,-1,1673,1701,1702,-1,1673,1702,1674,-1,1702,1703,1674,-1,1674,1703,1704,-1,1674,1704,1675,-1,1597,1654,1705,-1,1705,1654,1675,-1,1705,1675,1706,-1,1706,1675,1704,-1,1603,1707,1604,-1,1604,1707,1708,-1,1709,1710,1707,-1,1707,1710,1711,-1,1707,1711,1708,-1,1712,1595,1594,-1,1594,1713,1712,-1,1712,1713,1714,-1,1712,1714,1709,-1,1709,1714,1715,-1,1709,1715,1710,-1,1531,1683,1532,-1,1532,1683,1682,-1,1532,1682,1535,-1,1535,1682,1645,-1,1535,1645,1538,-1,1538,1645,1644,-1,1538,1644,1539,-1,1539,1644,1669,-1,1507,1716,1509,-1,1509,1716,1717,-1,1509,1717,1718,-1,1718,1717,1699,-1,1718,1699,1697,-1,1520,1519,539,-1,539,1519,1026,-1,539,1026,537,-1,537,1026,1002,-1,537,1002,1001,-1,1658,1571,1569,-1,1569,1638,1658,-1,1658,1638,1642,-1,1658,1642,1659,-1,1659,1642,1641,-1,1641,1640,1659,-1,1659,1640,1639,-1,1659,1639,1660,-1,1635,1661,1636,-1,1636,1661,1660,-1,1636,1660,1637,-1,1637,1660,1639,-1,1603,1657,1707,-1,1707,1657,1656,-1,1707,1656,1709,-1,1709,1656,1655,-1,1709,1655,1712,-1,1712,1655,1663,-1,1712,1663,1595,-1,1595,1663,1662,-1,1526,1527,1479,-1,1479,1527,1480,-1,1596,1597,1719,-1,1719,1597,1705,-1,1719,1705,1720,-1,1720,1705,1706,-1,1720,1706,1721,-1,1721,1706,1704,-1,1721,1704,1722,-1,1722,1704,1703,-1,1722,1703,1723,-1,1723,1703,1702,-1,1723,1702,1724,-1,1724,1702,1701,-1,1701,1700,1724,-1,1724,1700,1584,-1,1724,1584,1725,-1,1609,1608,1474,-1,1474,1608,974,-1,802,1468,804,-1,804,1468,1441,-1,804,1441,974,-1,974,1441,1440,-1,974,1440,1474,-1,1474,1440,1476,-1,1525,1613,1588,-1,1588,1613,1564,-1,1588,1564,1726,-1,1726,1564,1485,-1,1726,1485,1490,-1,1490,1485,1487,-1,1634,1605,1727,-1,1727,1605,1602,-1,1719,1720,1727,-1,1727,1720,1721,-1,1727,1721,1722,-1,1711,1602,1708,-1,1708,1602,1604,-1,1722,1723,1727,-1,1727,1723,1724,-1,1727,1724,1725,-1,1711,1710,1602,-1,1602,1710,1715,-1,1602,1715,1714,-1,1714,1713,1602,-1,1602,1713,1594,-1,1602,1594,1727,-1,1727,1594,1596,-1,1727,1596,1719,-1,1593,1665,1598,-1,1598,1665,1664,-1,1598,1664,1599,-1,1599,1664,1681,-1,1599,1681,1600,-1,1600,1681,1680,-1,1600,1680,1601,-1,1601,1680,1679,-1,1601,1679,1603,-1,1603,1679,1657,-1,1588,1726,1469,-1,1469,1726,1470,-1,1550,1575,1728,-1,1550,1728,1551,-1,1551,1728,1729,-1,1551,1729,1556,-1,1730,1610,1562,-1,1729,1731,1556,-1,1556,1731,1732,-1,1556,1732,1557,-1,1557,1732,1733,-1,1557,1733,1548,-1,1548,1733,1734,-1,1548,1734,1549,-1,1549,1734,1730,-1,1549,1730,1561,-1,1561,1730,1562,-1,1597,1595,1654,-1,1654,1595,1662,-1,1567,1006,1491,-1,1491,1006,1007,-1,1491,1007,1014,-1,1696,1632,1631,-1,1631,1693,1696,-1,1696,1693,1694,-1,1696,1694,1697,-1,1697,1694,1695,-1,1697,1695,1718,-1,1718,1695,1692,-1,1718,1692,1509,-1,1509,1692,1691,-1,1509,1691,1508,-1,1635,1512,1689,-1,1689,1512,1508,-1,1689,1508,1690,-1,1690,1508,1691,-1,1735,1572,1736,-1,1736,1572,1616,-1,1736,1616,1617,-1,1617,1616,1565,-1,1617,1565,1618,-1,1618,1565,1566,-1,1618,1566,1735,-1,1735,1566,1572,-1,1621,1668,1623,-1,1623,1668,1667,-1,1623,1667,1626,-1,1626,1667,1653,-1,1626,1653,1629,-1,1629,1653,1652,-1,1629,1652,1631,-1,1631,1652,1651,-1,1494,1570,1496,-1,1496,1570,1648,-1,1496,1648,1499,-1,1499,1648,1647,-1,1499,1647,1502,-1,1502,1647,1670,-1,1502,1670,1504,-1,1504,1670,1688,-1,1564,1613,1528,-1,1528,1613,1530,-1,1489,1490,1518,-1,1518,1490,1487,-1,1467,1468,802,-1,886,894,1452,-1,1452,894,1451,-1,1451,894,898,-1,1451,898,1450,-1,1450,898,904,-1,1450,904,1449,-1,1449,904,910,-1,1449,910,1448,-1,1467,802,1466,-1,1466,802,800,-1,1466,800,1465,-1,1465,800,1464,-1,1464,800,815,-1,1464,815,1463,-1,1463,815,822,-1,1463,822,1462,-1,1455,876,1454,-1,1454,876,886,-1,1454,886,1453,-1,1453,886,1452,-1,940,1446,928,-1,928,1446,1447,-1,928,1447,922,-1,922,1447,1448,-1,922,1448,916,-1,916,1448,910,-1,257,252,972,-1,972,252,1442,-1,972,1442,962,-1,962,1442,956,-1,956,1442,950,-1,950,1442,1443,-1,950,1443,944,-1,944,1443,1444,-1,944,1444,940,-1,940,1444,1445,-1,940,1445,1446,-1,822,828,1462,-1,1462,828,834,-1,1462,834,1461,-1,1461,834,839,-1,1461,839,1460,-1,1460,839,846,-1,1460,846,1459,-1,1459,846,854,-1,1459,854,1458,-1,1458,854,1457,-1,1457,854,858,-1,1457,858,1456,-1,1456,858,868,-1,1456,868,1455,-1,1455,868,874,-1,1455,874,876,-1,1479,1481,1526,-1,1589,1611,1590,-1,1590,1611,1643,-1,1590,1643,1591,-1,1591,1643,1646,-1,1591,1646,1592,-1,1592,1646,1666,-1,1592,1666,1593,-1,1593,1666,1665,-1,255,1000,253,-1,253,1000,999,-1,253,999,998,-1,998,997,253,-1,253,997,996,-1,253,996,995,-1,995,994,253,-1,253,994,993,-1,253,993,1608,-1,1608,993,992,-1,992,991,1608,-1,1608,991,990,-1,1608,990,989,-1,989,988,1608,-1,1608,988,987,-1,1608,987,986,-1,986,985,1608,-1,1608,985,984,-1,1608,984,983,-1,983,982,1608,-1,1608,982,981,-1,1608,981,980,-1,980,979,1608,-1,1608,979,978,-1,1608,978,977,-1,977,976,1608,-1,1608,976,975,-1,1608,975,974,-1,1726,1490,1470,-1,1727,1725,1584,-1,1584,1586,1727,-1,1727,1586,1587,-1,1727,1587,1634,-1,1634,1587,1582,-1,1634,1582,1633,-1,1633,1582,1580,-1,1633,1580,1547,-1,1547,1580,1579,-1,1547,1579,1546,-1,1575,1550,1576,-1,1576,1550,1546,-1,1576,1546,1577,-1,1577,1546,1579,-1,1529,1480,1527,-1,1525,1524,1613,-1,1613,1524,1615,-1,1735,1001,1240,-1,1240,1241,1735,-1,1735,1241,1242,-1,1735,1242,1243,-1,1243,1244,1735,-1,1735,1244,1245,-1,1735,1245,1618,-1,1245,1246,1618,-1,1618,1246,1247,-1,1618,1247,1248,-1,1618,1254,1255,-1,1258,1259,1618,-1,1618,1259,1260,-1,1255,1256,1618,-1,1618,1256,1257,-1,1618,1257,1258,-1,1248,1249,1618,-1,1618,1249,1250,-1,1618,1250,1251,-1,1260,1261,1618,-1,1618,1261,1262,-1,1618,1262,1263,-1,1251,1252,1618,-1,1618,1252,1253,-1,1618,1253,1254,-1,1263,1264,1618,-1,1618,1264,1265,-1,1618,1265,1266,-1,1617,559,552,-1,552,569,1617,-1,1617,569,577,-1,1617,577,585,-1,585,593,1617,-1,1617,593,601,-1,1617,601,1736,-1,601,608,1736,-1,1736,608,619,-1,1736,619,628,-1,1736,682,690,-1,714,722,1736,-1,1736,722,734,-1,690,698,1736,-1,1736,698,710,-1,1736,710,714,-1,628,636,1736,-1,1736,636,644,-1,1736,644,652,-1,734,744,1736,-1,1736,744,752,-1,1736,752,760,-1,652,660,1736,-1,1736,660,672,-1,1736,672,682,-1,760,547,1736,-1,1736,547,538,-1,1736,538,537,-1,543,798,1521,-1,1520,539,1521,-1,1521,539,540,-1,1521,540,543,-1,1649,1612,1610,-1,1610,1730,1649,-1,1649,1730,1734,-1,1649,1734,1671,-1,1671,1734,1733,-1,1733,1732,1671,-1,1671,1732,1731,-1,1671,1731,1672,-1,1575,1574,1728,-1,1728,1574,1672,-1,1728,1672,1729,-1,1729,1672,1731,-1,1735,1736,1001,-1,1001,1736,537,-1,1562,1610,1563,-1,1563,1610,1589,-1,1493,1517,1494,-1,1494,1517,1569,-1,1621,1539,1668,-1,1668,1539,1669,-1,1524,1523,1615,-1,1615,1523,1609,-1,1615,1609,1614,-1,1614,1609,1474,-1,1614,1474,1619,-1,1619,1474,1473,-1,1477,1478,1479,-1,1479,1478,1482,-1,1479,1482,1481,-1,1619,1529,1614,-1,1614,1529,1530,-1,1505,1504,1737,-1,1738,1507,1737,-1,1737,1507,1506,-1,1737,1506,1505,-1,1739,1740,1698,-1,1698,1740,1531,-1,1698,1531,1533,-1,1698,1699,1739,-1,1739,1699,1717,-1,1739,1717,1738,-1,1738,1717,1716,-1,1738,1716,1507,-1,1620,1540,1621,-1,1621,1540,1539,-1,1504,1688,1737,-1,1737,1688,1687,-1,1737,1687,1738,-1,1738,1687,1686,-1,1738,1686,1739,-1,1739,1686,1685,-1,1739,1685,1740,-1,1740,1685,1684,-1,1740,1684,1531,-1,1531,1684,1683,-1,
        ]
    }
}
Shape{
    appearance Appearance {
        material  Material 	{
            diffuseColor 0.9686274509803922 0.8784313725490196 0.6
            specularColor 0.6784313725490196 0.615686274509804 0.4196078431372549
            ambientIntensity 0.8737
            transparency 0.0
            shininess 0.5
        }
    }
    geometry IndexedFaceSet {
        ccw TRUE
        solid FALSE
        coord DEF co Coordinate {
            point [
                2.2598 0.5472 0.1437, 2.2598 0.5197 0.1437, 2.3071 0.5472 0.1437, 2.3071 0.5197 0.1437, 2.3071 0.5523 0.143, 2.2598 0.5523 0.143, 2.3071 0.5571 0.1411, 2.2598 0.5571 0.1411, 2.3071 0.5612 0.1379, 2.2598 0.5612 0.1379, 2.3071 0.5643 0.1339, 2.2598 0.5643 0.1339, 2.3071 0.5663 0.1291, 2.2598 0.5663 0.1291, 2.3071 0.5669 0.124, 2.2598 0.5669 0.124, 2.2598 0.5669 0.0709, 2.3071 0.5669 0.0709, 2.2598 0.5676 0.0658, 2.3071 0.5676 0.0658, 2.2598 0.5696 0.061, 2.3071 0.5696 0.061, 2.2598 0.5727 0.0569, 2.3071 0.5727 0.0569, 2.2598 0.5768 0.0538, 2.3071 0.5768 0.0538, 2.2598 0.5815 0.0519, 2.3071 0.5815 0.0519, 2.2598 0.5866 0.0512, 2.3071 0.5866 0.0512, 2.2598 0.6654 0.0512, 2.3071 0.6654 0.0512, 2.2598 0.6654 0.0, 2.3071 0.6654 0.0, 2.2598 0.5472 0.0, 2.3071 0.5472 0.0, 2.2598 0.5197 0.0266, 2.3071 0.5197 0.0266, 2.2732 0.1949 0.4111, 2.2936 0.1949 0.4111, 2.2756 0.1969 0.4134, 2.2913 0.1969 0.4134, 2.2756 0.2146 0.4134, 2.2913 0.2146 0.4134, 2.3071 0.2571 0.3844, 2.2598 0.2571 0.3844, 2.2598 0.2377 0.3976, 2.3071 0.2377 0.3976, 2.3071 0.2609 0.3811, 2.2598 0.2609 0.3811, 2.3071 0.2637 0.3769, 2.2598 0.2637 0.3769, 2.3071 0.2653 0.3722, 2.2598 0.2653 0.3722, 2.3071 0.2657 0.3672, 2.2598 0.2657 0.3672, 2.3071 0.2649 0.3623, 2.2598 0.2649 0.3623, 2.3071 0.2628 0.3578, 2.2598 0.2628 0.3578, 2.3071 0.2597 0.3539, 2.2598 0.2597 0.3539, 2.3071 0.2557 0.3509, 2.2598 0.2557 0.3509, 2.3071 0.251 0.3491, 2.2598 0.251 0.3491, 2.3071 0.2461 0.3484, 2.2598 0.2461 0.3484, 2.2598 0.2348 0.3484, 2.3071 0.2348 0.3484, 2.2598 0.2252 0.3473, 2.3071 0.2252 0.3473, 2.2598 0.2163 0.3438, 2.3071 0.2163 0.3438, 2.2598 0.2084 0.3383, 2.3071 0.2084 0.3383, 2.2598 0.2021 0.3311, 2.3071 0.2021 0.3311, 2.2598 0.1978 0.3225, 2.3071 0.1978 0.3225, 2.2598 0.1949 0.3146, 2.3071 0.1949 0.3146, 2.2598 0.1949 0.3976, 2.3071 0.1949 0.3976, 2.2598 -0.5197 0.1437, 2.2598 -0.5472 0.1437, 2.3071 -0.5197 0.1437, 2.3071 -0.5472 0.1437, 2.2598 -0.5472 0.0, 2.2598 -0.5197 0.0266, 2.3071 -0.5472 0.0, 2.3071 -0.5197 0.0266, 2.2598 -0.6654 0.0, 2.3071 -0.6654 0.0, 2.2598 -0.6654 0.0512, 2.3071 -0.6654 0.0512, 2.2598 -0.5866 0.0512, 2.3071 -0.5866 0.0512, 2.2598 -0.5815 0.0519, 2.3071 -0.5815 0.0519, 2.2598 -0.5768 0.0538, 2.3071 -0.5768 0.0538, 2.2598 -0.5727 0.0569, 2.3071 -0.5727 0.0569, 2.2598 -0.5696 0.061, 2.3071 -0.5696 0.061, 2.2598 -0.5676 0.0658, 2.3071 -0.5676 0.0658, 2.2598 -0.5669 0.0709, 2.3071 -0.5669 0.0709, 2.2598 -0.5669 0.124, 2.3071 -0.5669 0.124, 2.3071 -0.5663 0.1291, 2.2598 -0.5663 0.1291, 2.3071 -0.5643 0.1339, 2.2598 -0.5643 0.1339, 2.3071 -0.5612 0.1379, 2.2598 -0.5612 0.1379, 2.3071 -0.5571 0.1411, 2.2598 -0.5571 0.1411, 2.3071 -0.5523 0.143, 2.2598 -0.5523 0.143, 2.2756 -0.1969 0.4134, 2.2913 -0.1969 0.4134, 2.2732 -0.1949 0.4111, 2.2936 -0.1949 0.4111, 2.2598 -0.1978 0.3225, 2.2598 -0.1949 0.3146, 2.3071 -0.1978 0.3225, 2.3071 -0.1949 0.3146, 2.2598 -0.2021 0.3311, 2.3071 -0.2021 0.3311, 2.2598 -0.2084 0.3383, 2.3071 -0.2084 0.3383, 2.2598 -0.2163 0.3438, 2.3071 -0.2163 0.3438, 2.2598 -0.2252 0.3473, 2.3071 -0.2252 0.3473, 2.2598 -0.2348 0.3484, 2.3071 -0.2348 0.3484, 2.2598 -0.2461 0.3484, 2.3071 -0.2461 0.3484, 2.3071 -0.251 0.3491, 2.2598 -0.251 0.3491, 2.3071 -0.2557 0.3509, 2.2598 -0.2557 0.3509, 2.3071 -0.2597 0.3539, 2.2598 -0.2597 0.3539, 2.3071 -0.2628 0.3578, 2.2598 -0.2628 0.3578, 2.3071 -0.2649 0.3623, 2.2598 -0.2649 0.3623, 2.3071 -0.2657 0.3672, 2.2598 -0.2657 0.3672, 2.3071 -0.2653 0.3722, 2.2598 -0.2653 0.3722, 2.3071 -0.2637 0.3769, 2.2598 -0.2637 0.3769, 2.3071 -0.2609 0.3811, 2.2598 -0.2609 0.3811, 2.3071 -0.2571 0.3844, 2.2598 -0.2571 0.3844, 2.2913 -0.2146 0.4134, 2.2756 -0.2146 0.4134, 2.3071 -0.2377 0.3976, 2.2598 -0.2377 0.3976, 2.2598 -0.1949 0.3976, 2.3071 -0.1949 0.3976, 2.1023 -0.5197 0.1437, 2.1023 -0.5472 0.1437, 2.1496 -0.5197 0.1437, 2.1496 -0.5472 0.1437, 2.1023 -0.5472 0.0, 2.1023 -0.5197 0.0266, 2.1496 -0.5472 0.0, 2.1496 -0.5197 0.0266, 2.1023 -0.6654 0.0, 2.1496 -0.6654 0.0, 2.1023 -0.6654 0.0512, 2.1496 -0.6654 0.0512, 2.1023 -0.5866 0.0512, 2.1496 -0.5866 0.0512, 2.1023 -0.5815 0.0519, 2.1496 -0.5815 0.0519, 2.1023 -0.5768 0.0538, 2.1496 -0.5768 0.0538, 2.1023 -0.5727 0.0569, 2.1496 -0.5727 0.0569, 2.1023 -0.5696 0.061, 2.1496 -0.5696 0.061, 2.1023 -0.5676 0.0658, 2.1496 -0.5676 0.0658, 2.1023 -0.5669 0.0709, 2.1496 -0.5669 0.0709, 2.1023 -0.5669 0.124, 2.1496 -0.5669 0.124, 2.1496 -0.5663 0.1291, 2.1023 -0.5663 0.1291, 2.1496 -0.5643 0.1339, 2.1023 -0.5643 0.1339, 2.1496 -0.5612 0.1379, 2.1023 -0.5612 0.1379, 2.1496 -0.5571 0.1411, 2.1023 -0.5571 0.1411, 2.1496 -0.5523 0.143, 2.1023 -0.5523 0.143, 2.1181 -0.1969 0.4134, 2.1338 -0.1969 0.4134, 2.1158 -0.1949 0.4111, 2.1362 -0.1949 0.4111, 2.1023 -0.1978 0.3225, 2.1023 -0.1949 0.3146, 2.1496 -0.1978 0.3225, 2.1496 -0.1949 0.3146, 2.1023 -0.2021 0.3311, 2.1496 -0.2021 0.3311, 2.1023 -0.2084 0.3383, 2.1496 -0.2084 0.3383, 2.1023 -0.2163 0.3438, 2.1496 -0.2163 0.3438, 2.1023 -0.2252 0.3473, 2.1496 -0.2252 0.3473, 2.1023 -0.2348 0.3484, 2.1496 -0.2348 0.3484, 2.1023 -0.2461 0.3484, 2.1496 -0.2461 0.3484, 2.1496 -0.251 0.3491, 2.1023 -0.251 0.3491, 2.1496 -0.2557 0.3509, 2.1023 -0.2557 0.3509, 2.1496 -0.2597 0.3539, 2.1023 -0.2597 0.3539, 2.1496 -0.2628 0.3578, 2.1023 -0.2628 0.3578, 2.1496 -0.2649 0.3623, 2.1023 -0.2649 0.3623, 2.1496 -0.2657 0.3672, 2.1023 -0.2657 0.3672, 2.1496 -0.2653 0.3722, 2.1023 -0.2653 0.3722, 2.1496 -0.2637 0.3769, 2.1023 -0.2637 0.3769, 2.1496 -0.2609 0.3811, 2.1023 -0.2609 0.3811, 2.1496 -0.2571 0.3844, 2.1023 -0.2571 0.3844, 2.1338 -0.2146 0.4134, 2.1181 -0.2146 0.4134, 2.1496 -0.2377 0.3976, 2.1023 -0.2377 0.3976, 2.1023 -0.1949 0.3976, 2.1496 -0.1949 0.3976, 1.9449 -0.5197 0.1437, 1.9449 -0.5472 0.1437, 1.9921 -0.5197 0.1437, 1.9921 -0.5472 0.1437, 1.9449 -0.5472 0.0, 1.9449 -0.5197 0.0266, 1.9921 -0.5472 0.0, 1.9921 -0.5197 0.0266, 1.9449 -0.6654 0.0, 1.9921 -0.6654 0.0, 1.9449 -0.6654 0.0512, 1.9921 -0.6654 0.0512, 1.9449 -0.5866 0.0512, 1.9921 -0.5866 0.0512, 1.9449 -0.5815 0.0519, 1.9921 -0.5815 0.0519, 1.9449 -0.5768 0.0538, 1.9921 -0.5768 0.0538, 1.9449 -0.5727 0.0569, 1.9921 -0.5727 0.0569, 1.9449 -0.5696 0.061, 1.9921 -0.5696 0.061, 1.9449 -0.5676 0.0658, 1.9921 -0.5676 0.0658, 1.9449 -0.5669 0.0709, 1.9921 -0.5669 0.0709, 1.9449 -0.5669 0.124, 1.9921 -0.5669 0.124, 1.9921 -0.5663 0.1291, 1.9449 -0.5663 0.1291, 1.9921 -0.5643 0.1339, 1.9449 -0.5643 0.1339, 1.9921 -0.5612 0.1379, 1.9449 -0.5612 0.1379, 1.9921 -0.5571 0.1411, 1.9449 -0.5571 0.1411, 1.9921 -0.5523 0.143, 1.9449 -0.5523 0.143, 1.9606 -0.1969 0.4134, 1.9764 -0.1969 0.4134, 1.9583 -0.1949 0.4111, 1.9787 -0.1949 0.4111, 1.9449 -0.1978 0.3225, 1.9449 -0.1949 0.3146, 1.9921 -0.1978 0.3225, 1.9921 -0.1949 0.3146, 1.9449 -0.2021 0.3311, 1.9921 -0.2021 0.3311, 1.9449 -0.2084 0.3383, 1.9921 -0.2084 0.3383, 1.9449 -0.2163 0.3438, 1.9921 -0.2163 0.3438, 1.9449 -0.2252 0.3473, 1.9921 -0.2252 0.3473, 1.9449 -0.2348 0.3484, 1.9921 -0.2348 0.3484, 1.9449 -0.2461 0.3484, 1.9921 -0.2461 0.3484, 1.9921 -0.251 0.3491, 1.9449 -0.251 0.3491, 1.9921 -0.2557 0.3509, 1.9449 -0.2557 0.3509, 1.9921 -0.2597 0.3539, 1.9449 -0.2597 0.3539, 1.9921 -0.2628 0.3578, 1.9449 -0.2628 0.3578, 1.9921 -0.2649 0.3623, 1.9449 -0.2649 0.3623, 1.9921 -0.2657 0.3672, 1.9449 -0.2657 0.3672, 1.9921 -0.2653 0.3722, 1.9449 -0.2653 0.3722, 1.9921 -0.2637 0.3769, 1.9449 -0.2637 0.3769, 1.9921 -0.2609 0.3811, 1.9449 -0.2609 0.3811, 1.9921 -0.2571 0.3844, 1.9449 -0.2571 0.3844, 1.9764 -0.2146 0.4134, 1.9606 -0.2146 0.4134, 1.9921 -0.2377 0.3976, 1.9449 -0.2377 0.3976, 1.9449 -0.1949 0.3976, 1.9921 -0.1949 0.3976, 1.7874 -0.5197 0.1437, 1.7874 -0.5472 0.1437, 1.8346 -0.5197 0.1437, 1.8346 -0.5472 0.1437, 1.7874 -0.5472 0.0, 1.7874 -0.5197 0.0266, 1.8346 -0.5472 0.0, 1.8346 -0.5197 0.0266, 1.7874 -0.6654 0.0, 1.8346 -0.6654 0.0, 1.7874 -0.6654 0.0512, 1.8346 -0.6654 0.0512, 1.7874 -0.5866 0.0512, 1.8346 -0.5866 0.0512, 1.7874 -0.5815 0.0519, 1.8346 -0.5815 0.0519, 1.7874 -0.5768 0.0538, 1.8346 -0.5768 0.0538, 1.7874 -0.5727 0.0569, 1.8346 -0.5727 0.0569, 1.7874 -0.5696 0.061, 1.8346 -0.5696 0.061, 1.7874 -0.5676 0.0658, 1.8346 -0.5676 0.0658, 1.7874 -0.5669 0.0709, 1.8346 -0.5669 0.0709, 1.7874 -0.5669 0.124, 1.8346 -0.5669 0.124, 1.8346 -0.5663 0.1291, 1.7874 -0.5663 0.1291, 1.8346 -0.5643 0.1339, 1.7874 -0.5643 0.1339, 1.8346 -0.5612 0.1379, 1.7874 -0.5612 0.1379, 1.8346 -0.5571 0.1411, 1.7874 -0.5571 0.1411, 1.8346 -0.5523 0.143, 1.7874 -0.5523 0.143, 1.8031 -0.1969 0.4134, 1.8189 -0.1969 0.4134, 1.8008 -0.1949 0.4111, 1.8212 -0.1949 0.4111, 1.7874 -0.1978 0.3225, 1.7874 -0.1949 0.3146, 1.8346 -0.1978 0.3225, 1.8346 -0.1949 0.3146, 1.7874 -0.2021 0.3311, 1.8346 -0.2021 0.3311, 1.7874 -0.2084 0.3383, 1.8346 -0.2084 0.3383, 1.7874 -0.2163 0.3438, 1.8346 -0.2163 0.3438, 1.7874 -0.2252 0.3473, 1.8346 -0.2252 0.3473, 1.7874 -0.2348 0.3484, 1.8346 -0.2348 0.3484, 1.7874 -0.2461 0.3484, 1.8346 -0.2461 0.3484, 1.8346 -0.251 0.3491, 1.7874 -0.251 0.3491, 1.8346 -0.2557 0.3509, 1.7874 -0.2557 0.3509, 1.8346 -0.2597 0.3539, 1.7874 -0.2597 0.3539, 1.8346 -0.2628 0.3578, 1.7874 -0.2628 0.3578, 1.8346 -0.2649 0.3623, 1.7874 -0.2649 0.3623, 1.8346 -0.2657 0.3672, 1.7874 -0.2657 0.3672, 1.8346 -0.2653 0.3722, 1.7874 -0.2653 0.3722, 1.8346 -0.2637 0.3769, 1.7874 -0.2637 0.3769, 1.8346 -0.2609 0.3811, 1.7874 -0.2609 0.3811, 1.8346 -0.2571 0.3844, 1.7874 -0.2571 0.3844, 1.8189 -0.2146 0.4134, 1.8031 -0.2146 0.4134, 1.8346 -0.2377 0.3976, 1.7874 -0.2377 0.3976, 1.7874 -0.1949 0.3976, 1.8346 -0.1949 0.3976, 1.6299 -0.5197 0.1437, 1.6299 -0.5472 0.1437, 1.6771 -0.5197 0.1437, 1.6771 -0.5472 0.1437, 1.6299 -0.5472 0.0, 1.6299 -0.5197 0.0266, 1.6771 -0.5472 0.0, 1.6771 -0.5197 0.0266, 1.6299 -0.6654 0.0, 1.6771 -0.6654 0.0, 1.6299 -0.6654 0.0512, 1.6771 -0.6654 0.0512, 1.6299 -0.5866 0.0512, 1.6771 -0.5866 0.0512, 1.6299 -0.5815 0.0519, 1.6771 -0.5815 0.0519, 1.6299 -0.5768 0.0538, 1.6771 -0.5768 0.0538, 1.6299 -0.5727 0.0569, 1.6771 -0.5727 0.0569, 1.6299 -0.5696 0.061, 1.6771 -0.5696 0.061, 1.6299 -0.5676 0.0658, 1.6771 -0.5676 0.0658, 1.6299 -0.5669 0.0709, 1.6771 -0.5669 0.0709, 1.6299 -0.5669 0.124, 1.6771 -0.5669 0.124, 1.6771 -0.5663 0.1291, 1.6299 -0.5663 0.1291, 1.6771 -0.5643 0.1339, 1.6299 -0.5643 0.1339, 1.6771 -0.5612 0.1379, 1.6299 -0.5612 0.1379, 1.6771 -0.5571 0.1411, 1.6299 -0.5571 0.1411, 1.6771 -0.5523 0.143, 1.6299 -0.5523 0.143, 1.6456 -0.1969 0.4134, 1.6614 -0.1969 0.4134, 1.6433 -0.1949 0.4111, 1.6637 -0.1949 0.4111, 1.6299 -0.1978 0.3225, 1.6299 -0.1949 0.3146, 1.6771 -0.1978 0.3225, 1.6771 -0.1949 0.3146, 1.6299 -0.2021 0.3311, 1.6771 -0.2021 0.3311, 1.6299 -0.2084 0.3383, 1.6771 -0.2084 0.3383, 1.6299 -0.2163 0.3438, 1.6771 -0.2163 0.3438, 1.6299 -0.2252 0.3473, 1.6771 -0.2252 0.3473, 1.6299 -0.2348 0.3484, 1.6771 -0.2348 0.3484, 1.6299 -0.2461 0.3484, 1.6771 -0.2461 0.3484, 1.6771 -0.251 0.3491, 1.6299 -0.251 0.3491, 1.6771 -0.2557 0.3509, 1.6299 -0.2557 0.3509, 1.6771 -0.2597 0.3539, 1.6299 -0.2597 0.3539, 1.6771 -0.2628 0.3578, 1.6299 -0.2628 0.3578, 1.6771 -0.2649 0.3623, 1.6299 -0.2649 0.3623, 1.6771 -0.2657 0.3672, 1.6299 -0.2657 0.3672, 1.6771 -0.2653 0.3722, 1.6299 -0.2653 0.3722, 1.6771 -0.2637 0.3769, 1.6299 -0.2637 0.3769, 1.6771 -0.2609 0.3811, 1.6299 -0.2609 0.3811, 1.6771 -0.2571 0.3844, 1.6299 -0.2571 0.3844, 1.6614 -0.2146 0.4134, 1.6456 -0.2146 0.4134, 1.6771 -0.2377 0.3976, 1.6299 -0.2377 0.3976, 1.6299 -0.1949 0.3976, 1.6771 -0.1949 0.3976, 1.4724 -0.5197 0.1437, 1.4724 -0.5472 0.1437, 1.5197 -0.5197 0.1437, 1.5197 -0.5472 0.1437, 1.4724 -0.5472 0.0, 1.4724 -0.5197 0.0266, 1.5197 -0.5472 0.0, 1.5197 -0.5197 0.0266, 1.4724 -0.6654 0.0, 1.5197 -0.6654 0.0, 1.4724 -0.6654 0.0512, 1.5197 -0.6654 0.0512, 1.4724 -0.5866 0.0512, 1.5197 -0.5866 0.0512, 1.4724 -0.5815 0.0519, 1.5197 -0.5815 0.0519, 1.4724 -0.5768 0.0538, 1.5197 -0.5768 0.0538, 1.4724 -0.5727 0.0569, 1.5197 -0.5727 0.0569, 1.4724 -0.5696 0.061, 1.5197 -0.5696 0.061, 1.4724 -0.5676 0.0658, 1.5197 -0.5676 0.0658, 1.4724 -0.5669 0.0709, 1.5197 -0.5669 0.0709, 1.4724 -0.5669 0.124, 1.5197 -0.5669 0.124, 1.5197 -0.5663 0.1291, 1.4724 -0.5663 0.1291, 1.5197 -0.5643 0.1339, 1.4724 -0.5643 0.1339, 1.5197 -0.5612 0.1379, 1.4724 -0.5612 0.1379, 1.5197 -0.5571 0.1411, 1.4724 -0.5571 0.1411, 1.5197 -0.5523 0.143, 1.4724 -0.5523 0.143, 1.4882 -0.1969 0.4134, 1.5039 -0.1969 0.4134, 1.4858 -0.1949 0.4111, 1.5062 -0.1949 0.4111, 1.4724 -0.1978 0.3225, 1.4724 -0.1949 0.3146, 1.5197 -0.1978 0.3225, 1.5197 -0.1949 0.3146, 1.4724 -0.2021 0.3311, 1.5197 -0.2021 0.3311, 1.4724 -0.2084 0.3383, 1.5197 -0.2084 0.3383, 1.4724 -0.2163 0.3438, 1.5197 -0.2163 0.3438, 1.4724 -0.2252 0.3473, 1.5197 -0.2252 0.3473, 1.4724 -0.2348 0.3484, 1.5197 -0.2348 0.3484, 1.4724 -0.2461 0.3484, 1.5197 -0.2461 0.3484, 1.5197 -0.251 0.3491, 1.4724 -0.251 0.3491, 1.5197 -0.2557 0.3509, 1.4724 -0.2557 0.3509, 1.5197 -0.2597 0.3539, 1.4724 -0.2597 0.3539, 1.5197 -0.2628 0.3578, 1.4724 -0.2628 0.3578, 1.5197 -0.2649 0.3623, 1.4724 -0.2649 0.3623, 1.5197 -0.2657 0.3672, 1.4724 -0.2657 0.3672, 1.5197 -0.2653 0.3722, 1.4724 -0.2653 0.3722, 1.5197 -0.2637 0.3769, 1.4724 -0.2637 0.3769, 1.5197 -0.2609 0.3811, 1.4724 -0.2609 0.3811, 1.5197 -0.2571 0.3844, 1.4724 -0.2571 0.3844, 1.5039 -0.2146 0.4134, 1.4882 -0.2146 0.4134, 1.5197 -0.2377 0.3976, 1.4724 -0.2377 0.3976, 1.4724 -0.1949 0.3976, 1.5197 -0.1949 0.3976, 1.3149 -0.5197 0.1437, 1.3149 -0.5472 0.1437, 1.3622 -0.5197 0.1437, 1.3622 -0.5472 0.1437, 1.3149 -0.5472 0.0, 1.3149 -0.5197 0.0266, 1.3622 -0.5472 0.0, 1.3622 -0.5197 0.0266, 1.3149 -0.6654 0.0, 1.3622 -0.6654 0.0, 1.3149 -0.6654 0.0512, 1.3622 -0.6654 0.0512, 1.3149 -0.5866 0.0512, 1.3622 -0.5866 0.0512, 1.3149 -0.5815 0.0519, 1.3622 -0.5815 0.0519, 1.3149 -0.5768 0.0538, 1.3622 -0.5768 0.0538, 1.3149 -0.5727 0.0569, 1.3622 -0.5727 0.0569, 1.3149 -0.5696 0.061, 1.3622 -0.5696 0.061, 1.3149 -0.5676 0.0658, 1.3622 -0.5676 0.0658, 1.3149 -0.5669 0.0709, 1.3622 -0.5669 0.0709, 1.3149 -0.5669 0.124, 1.3622 -0.5669 0.124, 1.3622 -0.5663 0.1291, 1.3149 -0.5663 0.1291, 1.3622 -0.5643 0.1339, 1.3149 -0.5643 0.1339, 1.3622 -0.5612 0.1379, 1.3149 -0.5612 0.1379, 1.3622 -0.5571 0.1411, 1.3149 -0.5571 0.1411, 1.3622 -0.5523 0.143, 1.3149 -0.5523 0.143, 1.3307 -0.1969 0.4134, 1.3464 -0.1969 0.4134, 1.3284 -0.1949 0.4111, 1.3488 -0.1949 0.4111, 1.3149 -0.1978 0.3225, 1.3149 -0.1949 0.3146, 1.3622 -0.1978 0.3225, 1.3622 -0.1949 0.3146, 1.3149 -0.2021 0.3311, 1.3622 -0.2021 0.3311, 1.3149 -0.2084 0.3383, 1.3622 -0.2084 0.3383, 1.3149 -0.2163 0.3438, 1.3622 -0.2163 0.3438, 1.3149 -0.2252 0.3473, 1.3622 -0.2252 0.3473, 1.3149 -0.2348 0.3484, 1.3622 -0.2348 0.3484, 1.3149 -0.2461 0.3484, 1.3622 -0.2461 0.3484, 1.3622 -0.251 0.3491, 1.3149 -0.251 0.3491, 1.3622 -0.2557 0.3509, 1.3149 -0.2557 0.3509, 1.3622 -0.2597 0.3539, 1.3149 -0.2597 0.3539, 1.3622 -0.2628 0.3578, 1.3149 -0.2628 0.3578, 1.3622 -0.2649 0.3623, 1.3149 -0.2649 0.3623, 1.3622 -0.2657 0.3672, 1.3149 -0.2657 0.3672, 1.3622 -0.2653 0.3722, 1.3149 -0.2653 0.3722, 1.3622 -0.2637 0.3769, 1.3149 -0.2637 0.3769, 1.3622 -0.2609 0.3811, 1.3149 -0.2609 0.3811, 1.3622 -0.2571 0.3844, 1.3149 -0.2571 0.3844, 1.3464 -0.2146 0.4134, 1.3307 -0.2146 0.4134, 1.3622 -0.2377 0.3976, 1.3149 -0.2377 0.3976, 1.3149 -0.1949 0.3976, 1.3622 -0.1949 0.3976, 1.1575 -0.5197 0.1437, 1.1575 -0.5472 0.1437, 1.2047 -0.5197 0.1437, 1.2047 -0.5472 0.1437, 1.1575 -0.5472 0.0, 1.1575 -0.5197 0.0266, 1.2047 -0.5472 0.0, 1.2047 -0.5197 0.0266, 1.1575 -0.6654 0.0, 1.2047 -0.6654 0.0, 1.1575 -0.6654 0.0512, 1.2047 -0.6654 0.0512, 1.1575 -0.5866 0.0512, 1.2047 -0.5866 0.0512, 1.1575 -0.5815 0.0519, 1.2047 -0.5815 0.0519, 1.1575 -0.5768 0.0538, 1.2047 -0.5768 0.0538, 1.1575 -0.5727 0.0569, 1.2047 -0.5727 0.0569, 1.1575 -0.5696 0.061, 1.2047 -0.5696 0.061, 1.1575 -0.5676 0.0658, 1.2047 -0.5676 0.0658, 1.1575 -0.5669 0.0709, 1.2047 -0.5669 0.0709, 1.1575 -0.5669 0.124, 1.2047 -0.5669 0.124, 1.2047 -0.5663 0.1291, 1.1575 -0.5663 0.1291, 1.2047 -0.5643 0.1339, 1.1575 -0.5643 0.1339, 1.2047 -0.5612 0.1379, 1.1575 -0.5612 0.1379, 1.2047 -0.5571 0.1411, 1.1575 -0.5571 0.1411, 1.2047 -0.5523 0.143, 1.1575 -0.5523 0.143, 1.1732 -0.1969 0.4134, 1.189 -0.1969 0.4134, 1.1709 -0.1949 0.4111, 1.1913 -0.1949 0.4111, 1.1575 -0.1978 0.3225, 1.1575 -0.1949 0.3146, 1.2047 -0.1978 0.3225, 1.2047 -0.1949 0.3146, 1.1575 -0.2021 0.3311, 1.2047 -0.2021 0.3311, 1.1575 -0.2084 0.3383, 1.2047 -0.2084 0.3383, 1.1575 -0.2163 0.3438, 1.2047 -0.2163 0.3438, 1.1575 -0.2252 0.3473, 1.2047 -0.2252 0.3473, 1.1575 -0.2348 0.3484, 1.2047 -0.2348 0.3484, 1.1575 -0.2461 0.3484, 1.2047 -0.2461 0.3484, 1.2047 -0.251 0.3491, 1.1575 -0.251 0.3491, 1.2047 -0.2557 0.3509, 1.1575 -0.2557 0.3509, 1.2047 -0.2597 0.3539, 1.1575 -0.2597 0.3539, 1.2047 -0.2628 0.3578, 1.1575 -0.2628 0.3578, 1.2047 -0.2649 0.3623, 1.1575 -0.2649 0.3623, 1.2047 -0.2657 0.3672, 1.1575 -0.2657 0.3672, 1.2047 -0.2653 0.3722, 1.1575 -0.2653 0.3722, 1.2047 -0.2637 0.3769, 1.1575 -0.2637 0.3769, 1.2047 -0.2609 0.3811, 1.1575 -0.2609 0.3811, 1.2047 -0.2571 0.3844, 1.1575 -0.2571 0.3844, 1.189 -0.2146 0.4134, 1.1732 -0.2146 0.4134, 1.2047 -0.2377 0.3976, 1.1575 -0.2377 0.3976, 1.1575 -0.1949 0.3976, 1.2047 -0.1949 0.3976, 1.0 -0.5197 0.1437, 1.0 -0.5472 0.1437, 1.0472 -0.5197 0.1437, 1.0472 -0.5472 0.1437, 1.0 -0.5472 0.0, 1.0 -0.5197 0.0266, 1.0472 -0.5472 0.0, 1.0472 -0.5197 0.0266, 1.0 -0.6654 0.0, 1.0472 -0.6654 0.0, 1.0 -0.6654 0.0512, 1.0472 -0.6654 0.0512, 1.0 -0.5866 0.0512, 1.0472 -0.5866 0.0512, 1.0 -0.5815 0.0519, 1.0472 -0.5815 0.0519, 1.0 -0.5768 0.0538, 1.0472 -0.5768 0.0538, 1.0 -0.5727 0.0569, 1.0472 -0.5727 0.0569, 1.0 -0.5696 0.061, 1.0472 -0.5696 0.061, 1.0 -0.5676 0.0658, 1.0472 -0.5676 0.0658, 1.0 -0.5669 0.0709, 1.0472 -0.5669 0.0709, 1.0 -0.5669 0.124, 1.0472 -0.5669 0.124, 1.0472 -0.5663 0.1291, 1.0 -0.5663 0.1291, 1.0472 -0.5643 0.1339, 1.0 -0.5643 0.1339, 1.0472 -0.5612 0.1379, 1.0 -0.5612 0.1379, 1.0472 -0.5571 0.1411, 1.0 -0.5571 0.1411, 1.0472 -0.5523 0.143, 1.0 -0.5523 0.143, 1.0157 -0.1969 0.4134, 1.0315 -0.1969 0.4134, 1.0134 -0.1949 0.4111, 1.0338 -0.1949 0.4111, 1.0 -0.1978 0.3225, 1.0 -0.1949 0.3146, 1.0472 -0.1978 0.3225, 1.0472 -0.1949 0.3146, 1.0 -0.2021 0.3311, 1.0472 -0.2021 0.3311, 1.0 -0.2084 0.3383, 1.0472 -0.2084 0.3383, 1.0 -0.2163 0.3438, 1.0472 -0.2163 0.3438, 1.0 -0.2252 0.3473, 1.0472 -0.2252 0.3473, 1.0 -0.2348 0.3484, 1.0472 -0.2348 0.3484, 1.0 -0.2461 0.3484, 1.0472 -0.2461 0.3484, 1.0472 -0.251 0.3491, 1.0 -0.251 0.3491, 1.0472 -0.2557 0.3509, 1.0 -0.2557 0.3509, 1.0472 -0.2597 0.3539, 1.0 -0.2597 0.3539, 1.0472 -0.2628 0.3578, 1.0 -0.2628 0.3578, 1.0472 -0.2649 0.3623, 1.0 -0.2649 0.3623, 1.0472 -0.2657 0.3672, 1.0 -0.2657 0.3672, 1.0472 -0.2653 0.3722, 1.0 -0.2653 0.3722, 1.0472 -0.2637 0.3769, 1.0 -0.2637 0.3769, 1.0472 -0.2609 0.3811, 1.0 -0.2609 0.3811, 1.0472 -0.2571 0.3844, 1.0 -0.2571 0.3844, 1.0315 -0.2146 0.4134, 1.0157 -0.2146 0.4134, 1.0472 -0.2377 0.3976, 1.0 -0.2377 0.3976, 1.0 -0.1949 0.3976, 1.0472 -0.1949 0.3976, 0.8425 -0.5197 0.1437, 0.8425 -0.5472 0.1437, 0.8897 -0.5197 0.1437, 0.8897 -0.5472 0.1437, 0.8425 -0.5472 0.0, 0.8425 -0.5197 0.0266, 0.8897 -0.5472 0.0, 0.8897 -0.5197 0.0266, 0.8425 -0.6654 0.0, 0.8897 -0.6654 0.0, 0.8425 -0.6654 0.0512, 0.8897 -0.6654 0.0512, 0.8425 -0.5866 0.0512, 0.8897 -0.5866 0.0512, 0.8425 -0.5815 0.0519, 0.8897 -0.5815 0.0519, 0.8425 -0.5768 0.0538, 0.8897 -0.5768 0.0538, 0.8425 -0.5727 0.0569, 0.8897 -0.5727 0.0569, 0.8425 -0.5696 0.061, 0.8897 -0.5696 0.061, 0.8425 -0.5676 0.0658, 0.8897 -0.5676 0.0658, 0.8425 -0.5669 0.0709, 0.8897 -0.5669 0.0709, 0.8425 -0.5669 0.124, 0.8897 -0.5669 0.124, 0.8897 -0.5663 0.1291, 0.8425 -0.5663 0.1291, 0.8897 -0.5643 0.1339, 0.8425 -0.5643 0.1339, 0.8897 -0.5612 0.1379, 0.8425 -0.5612 0.1379, 0.8897 -0.5571 0.1411, 0.8425 -0.5571 0.1411, 0.8897 -0.5523 0.143, 0.8425 -0.5523 0.143, 0.8582 -0.1969 0.4134, 0.874 -0.1969 0.4134, 0.8559 -0.1949 0.4111, 0.8763 -0.1949 0.4111, 0.8425 -0.1978 0.3225, 0.8425 -0.1949 0.3146, 0.8897 -0.1978 0.3225, 0.8897 -0.1949 0.3146, 0.8425 -0.2021 0.3311, 0.8897 -0.2021 0.3311, 0.8425 -0.2084 0.3383, 0.8897 -0.2084 0.3383, 0.8425 -0.2163 0.3438, 0.8897 -0.2163 0.3438, 0.8425 -0.2252 0.3473, 0.8897 -0.2252 0.3473, 0.8425 -0.2348 0.3484, 0.8897 -0.2348 0.3484, 0.8425 -0.2461 0.3484, 0.8897 -0.2461 0.3484, 0.8897 -0.251 0.3491, 0.8425 -0.251 0.3491, 0.8897 -0.2557 0.3509, 0.8425 -0.2557 0.3509, 0.8897 -0.2597 0.3539, 0.8425 -0.2597 0.3539, 0.8897 -0.2628 0.3578, 0.8425 -0.2628 0.3578, 0.8897 -0.2649 0.3623, 0.8425 -0.2649 0.3623, 0.8897 -0.2657 0.3672, 0.8425 -0.2657 0.3672, 0.8897 -0.2653 0.3722, 0.8425 -0.2653 0.3722, 0.8897 -0.2637 0.3769, 0.8425 -0.2637 0.3769, 0.8897 -0.2609 0.3811, 0.8425 -0.2609 0.3811, 0.8897 -0.2571 0.3844, 0.8425 -0.2571 0.3844, 0.874 -0.2146 0.4134, 0.8582 -0.2146 0.4134, 0.8897 -0.2377 0.3976, 0.8425 -0.2377 0.3976, 0.8425 -0.1949 0.3976, 0.8897 -0.1949 0.3976, 0.685 -0.5197 0.1437, 0.685 -0.5472 0.1437, 0.7323 -0.5197 0.1437, 0.7323 -0.5472 0.1437, 0.685 -0.5472 0.0, 0.685 -0.5197 0.0266, 0.7323 -0.5472 0.0, 0.7323 -0.5197 0.0266, 0.685 -0.6654 0.0, 0.7323 -0.6654 0.0, 0.685 -0.6654 0.0512, 0.7323 -0.6654 0.0512, 0.685 -0.5866 0.0512, 0.7323 -0.5866 0.0512, 0.685 -0.5815 0.0519, 0.7323 -0.5815 0.0519, 0.685 -0.5768 0.0538, 0.7323 -0.5768 0.0538, 0.685 -0.5727 0.0569, 0.7323 -0.5727 0.0569, 0.685 -0.5696 0.061, 0.7323 -0.5696 0.061, 0.685 -0.5676 0.0658, 0.7323 -0.5676 0.0658, 0.685 -0.5669 0.0709, 0.7323 -0.5669 0.0709, 0.685 -0.5669 0.124, 0.7323 -0.5669 0.124, 0.7323 -0.5663 0.1291, 0.685 -0.5663 0.1291, 0.7323 -0.5643 0.1339, 0.685 -0.5643 0.1339, 0.7323 -0.5612 0.1379, 0.685 -0.5612 0.1379, 0.7323 -0.5571 0.1411, 0.685 -0.5571 0.1411, 0.7323 -0.5523 0.143, 0.685 -0.5523 0.143, 0.7008 -0.1969 0.4134, 0.7165 -0.1969 0.4134, 0.6984 -0.1949 0.4111, 0.7188 -0.1949 0.4111, 0.685 -0.1978 0.3225, 0.685 -0.1949 0.3146, 0.7323 -0.1978 0.3225, 0.7323 -0.1949 0.3146, 0.685 -0.2021 0.3311, 0.7323 -0.2021 0.3311, 0.685 -0.2084 0.3383, 0.7323 -0.2084 0.3383, 0.685 -0.2163 0.3438, 0.7323 -0.2163 0.3438, 0.685 -0.2252 0.3473, 0.7323 -0.2252 0.3473, 0.685 -0.2348 0.3484, 0.7323 -0.2348 0.3484, 0.685 -0.2461 0.3484, 0.7323 -0.2461 0.3484, 0.7323 -0.251 0.3491, 0.685 -0.251 0.3491, 0.7323 -0.2557 0.3509, 0.685 -0.2557 0.3509, 0.7323 -0.2597 0.3539, 0.685 -0.2597 0.3539, 0.7323 -0.2628 0.3578, 0.685 -0.2628 0.3578, 0.7323 -0.2649 0.3623, 0.685 -0.2649 0.3623, 0.7323 -0.2657 0.3672, 0.685 -0.2657 0.3672, 0.7323 -0.2653 0.3722, 0.685 -0.2653 0.3722, 0.7323 -0.2637 0.3769, 0.685 -0.2637 0.3769, 0.7323 -0.2609 0.3811, 0.685 -0.2609 0.3811, 0.7323 -0.2571 0.3844, 0.685 -0.2571 0.3844, 0.7165 -0.2146 0.4134, 0.7008 -0.2146 0.4134, 0.7323 -0.2377 0.3976, 0.685 -0.2377 0.3976, 0.685 -0.1949 0.3976, 0.7323 -0.1949 0.3976, 0.5275 -0.5197 0.1437, 0.5275 -0.5472 0.1437, 0.5748 -0.5197 0.1437, 0.5748 -0.5472 0.1437, 0.5275 -0.5472 0.0, 0.5275 -0.5197 0.0266, 0.5748 -0.5472 0.0, 0.5748 -0.5197 0.0266, 0.5275 -0.6654 0.0, 0.5748 -0.6654 0.0, 0.5275 -0.6654 0.0512, 0.5748 -0.6654 0.0512, 0.5275 -0.5866 0.0512, 0.5748 -0.5866 0.0512, 0.5275 -0.5815 0.0519, 0.5748 -0.5815 0.0519, 0.5275 -0.5768 0.0538, 0.5748 -0.5768 0.0538, 0.5275 -0.5727 0.0569, 0.5748 -0.5727 0.0569, 0.5275 -0.5696 0.061, 0.5748 -0.5696 0.061, 0.5275 -0.5676 0.0658, 0.5748 -0.5676 0.0658, 0.5275 -0.5669 0.0709, 0.5748 -0.5669 0.0709, 0.5275 -0.5669 0.124, 0.5748 -0.5669 0.124, 0.5748 -0.5663 0.1291, 0.5275 -0.5663 0.1291, 0.5748 -0.5643 0.1339, 0.5275 -0.5643 0.1339, 0.5748 -0.5612 0.1379, 0.5275 -0.5612 0.1379, 0.5748 -0.5571 0.1411, 0.5275 -0.5571 0.1411, 0.5748 -0.5523 0.143, 0.5275 -0.5523 0.143, 0.5433 -0.1969 0.4134, 0.559 -0.1969 0.4134, 0.541 -0.1949 0.4111, 0.5614 -0.1949 0.4111, 0.5275 -0.1978 0.3225, 0.5275 -0.1949 0.3146, 0.5748 -0.1978 0.3225, 0.5748 -0.1949 0.3146, 0.5275 -0.2021 0.3311, 0.5748 -0.2021 0.3311, 0.5275 -0.2084 0.3383, 0.5748 -0.2084 0.3383, 0.5275 -0.2163 0.3438, 0.5748 -0.2163 0.3438, 0.5275 -0.2252 0.3473, 0.5748 -0.2252 0.3473, 0.5275 -0.2348 0.3484, 0.5748 -0.2348 0.3484, 0.5275 -0.2461 0.3484, 0.5748 -0.2461 0.3484, 0.5748 -0.251 0.3491, 0.5275 -0.251 0.3491, 0.5748 -0.2557 0.3509, 0.5275 -0.2557 0.3509, 0.5748 -0.2597 0.3539, 0.5275 -0.2597 0.3539, 0.5748 -0.2628 0.3578, 0.5275 -0.2628 0.3578, 0.5748 -0.2649 0.3623, 0.5275 -0.2649 0.3623, 0.5748 -0.2657 0.3672, 0.5275 -0.2657 0.3672, 0.5748 -0.2653 0.3722, 0.5275 -0.2653 0.3722, 0.5748 -0.2637 0.3769, 0.5275 -0.2637 0.3769, 0.5748 -0.2609 0.3811, 0.5275 -0.2609 0.3811, 0.5748 -0.2571 0.3844, 0.5275 -0.2571 0.3844, 0.559 -0.2146 0.4134, 0.5433 -0.2146 0.4134, 0.5748 -0.2377 0.3976, 0.5275 -0.2377 0.3976, 0.5275 -0.1949 0.3976, 0.5748 -0.1949 0.3976, 0.3701 -0.5197 0.1437, 0.3701 -0.5472 0.1437, 0.4173 -0.5197 0.1437, 0.4173 -0.5472 0.1437, 0.3701 -0.5472 0.0, 0.3701 -0.5197 0.0266, 0.4173 -0.5472 0.0, 0.4173 -0.5197 0.0266, 0.3701 -0.6654 0.0, 0.4173 -0.6654 0.0, 0.3701 -0.6654 0.0512, 0.4173 -0.6654 0.0512, 0.3701 -0.5866 0.0512, 0.4173 -0.5866 0.0512, 0.3701 -0.5815 0.0519, 0.4173 -0.5815 0.0519, 0.3701 -0.5768 0.0538, 0.4173 -0.5768 0.0538, 0.3701 -0.5727 0.0569, 0.4173 -0.5727 0.0569, 0.3701 -0.5696 0.061, 0.4173 -0.5696 0.061, 0.3701 -0.5676 0.0658, 0.4173 -0.5676 0.0658, 0.3701 -0.5669 0.0709, 0.4173 -0.5669 0.0709, 0.3701 -0.5669 0.124, 0.4173 -0.5669 0.124, 0.4173 -0.5663 0.1291, 0.3701 -0.5663 0.1291, 0.4173 -0.5643 0.1339, 0.3701 -0.5643 0.1339, 0.4173 -0.5612 0.1379, 0.3701 -0.5612 0.1379, 0.4173 -0.5571 0.1411, 0.3701 -0.5571 0.1411, 0.4173 -0.5523 0.143, 0.3701 -0.5523 0.143, 0.3858 -0.1969 0.4134, 0.4016 -0.1969 0.4134, 0.3835 -0.1949 0.4111, 0.4039 -0.1949 0.4111, 0.3701 -0.1978 0.3225, 0.3701 -0.1949 0.3146, 0.4173 -0.1978 0.3225, 0.4173 -0.1949 0.3146, 0.3701 -0.2021 0.3311, 0.4173 -0.2021 0.3311, 0.3701 -0.2084 0.3383, 0.4173 -0.2084 0.3383, 0.3701 -0.2163 0.3438, 0.4173 -0.2163 0.3438, 0.3701 -0.2252 0.3473, 0.4173 -0.2252 0.3473, 0.3701 -0.2348 0.3484, 0.4173 -0.2348 0.3484, 0.3701 -0.2461 0.3484, 0.4173 -0.2461 0.3484, 0.4173 -0.251 0.3491, 0.3701 -0.251 0.3491, 0.4173 -0.2557 0.3509, 0.3701 -0.2557 0.3509, 0.4173 -0.2597 0.3539, 0.3701 -0.2597 0.3539, 0.4173 -0.2628 0.3578, 0.3701 -0.2628 0.3578, 0.4173 -0.2649 0.3623, 0.3701 -0.2649 0.3623, 0.4173 -0.2657 0.3672, 0.3701 -0.2657 0.3672, 0.4173 -0.2653 0.3722, 0.3701 -0.2653 0.3722, 0.4173 -0.2637 0.3769, 0.3701 -0.2637 0.3769, 0.4173 -0.2609 0.3811, 0.3701 -0.2609 0.3811, 0.4173 -0.2571 0.3844, 0.3701 -0.2571 0.3844, 0.4016 -0.2146 0.4134, 0.3858 -0.2146 0.4134, 0.4173 -0.2377 0.3976, 0.3701 -0.2377 0.3976, 0.3701 -0.1949 0.3976, 0.4173 -0.1949 0.3976, 0.2126 -0.5197 0.1437, 0.2126 -0.5472 0.1437, 0.2598 -0.5197 0.1437, 0.2598 -0.5472 0.1437, 0.2126 -0.5472 0.0, 0.2126 -0.5197 0.0266, 0.2598 -0.5472 0.0, 0.2598 -0.5197 0.0266, 0.2126 -0.6654 0.0, 0.2598 -0.6654 0.0, 0.2126 -0.6654 0.0512, 0.2598 -0.6654 0.0512, 0.2126 -0.5866 0.0512, 0.2598 -0.5866 0.0512, 0.2126 -0.5815 0.0519, 0.2598 -0.5815 0.0519, 0.2126 -0.5768 0.0538, 0.2598 -0.5768 0.0538, 0.2126 -0.5727 0.0569, 0.2598 -0.5727 0.0569, 0.2126 -0.5696 0.061, 0.2598 -0.5696 0.061, 0.2126 -0.5676 0.0658, 0.2598 -0.5676 0.0658, 0.2126 -0.5669 0.0709, 0.2598 -0.5669 0.0709, 0.2126 -0.5669 0.124, 0.2598 -0.5669 0.124, 0.2598 -0.5663 0.1291, 0.2126 -0.5663 0.1291, 0.2598 -0.5643 0.1339, 0.2126 -0.5643 0.1339, 0.2598 -0.5612 0.1379, 0.2126 -0.5612 0.1379, 0.2598 -0.5571 0.1411, 0.2126 -0.5571 0.1411, 0.2598 -0.5523 0.143, 0.2126 -0.5523 0.143, 0.2283 -0.1969 0.4134, 0.2441 -0.1969 0.4134, 0.226 -0.1949 0.4111, 0.2464 -0.1949 0.4111, 0.2126 -0.1978 0.3225, 0.2126 -0.1949 0.3146, 0.2598 -0.1978 0.3225, 0.2598 -0.1949 0.3146, 0.2126 -0.2021 0.3311, 0.2598 -0.2021 0.3311, 0.2126 -0.2084 0.3383, 0.2598 -0.2084 0.3383, 0.2126 -0.2163 0.3438, 0.2598 -0.2163 0.3438, 0.2126 -0.2252 0.3473, 0.2598 -0.2252 0.3473, 0.2126 -0.2348 0.3484, 0.2598 -0.2348 0.3484, 0.2126 -0.2461 0.3484, 0.2598 -0.2461 0.3484, 0.2598 -0.251 0.3491, 0.2126 -0.251 0.3491, 0.2598 -0.2557 0.3509, 0.2126 -0.2557 0.3509, 0.2598 -0.2597 0.3539, 0.2126 -0.2597 0.3539, 0.2598 -0.2628 0.3578, 0.2126 -0.2628 0.3578, 0.2598 -0.2649 0.3623, 0.2126 -0.2649 0.3623, 0.2598 -0.2657 0.3672, 0.2126 -0.2657 0.3672, 0.2598 -0.2653 0.3722, 0.2126 -0.2653 0.3722, 0.2598 -0.2637 0.3769, 0.2126 -0.2637 0.3769, 0.2598 -0.2609 0.3811, 0.2126 -0.2609 0.3811, 0.2598 -0.2571 0.3844, 0.2126 -0.2571 0.3844, 0.2441 -0.2146 0.4134, 0.2283 -0.2146 0.4134, 0.2598 -0.2377 0.3976, 0.2126 -0.2377 0.3976, 0.2126 -0.1949 0.3976, 0.2598 -0.1949 0.3976, 0.0551 -0.5197 0.1437, 0.0551 -0.5472 0.1437, 0.1023 -0.5197 0.1437, 0.1023 -0.5472 0.1437, 0.0551 -0.5472 0.0, 0.0551 -0.5197 0.0266, 0.1023 -0.5472 0.0, 0.1023 -0.5197 0.0266, 0.0551 -0.6654 0.0, 0.1023 -0.6654 0.0, 0.0551 -0.6654 0.0512, 0.1023 -0.6654 0.0512, 0.0551 -0.5866 0.0512, 0.1023 -0.5866 0.0512, 0.0551 -0.5815 0.0519, 0.1023 -0.5815 0.0519, 0.0551 -0.5768 0.0538, 0.1023 -0.5768 0.0538, 0.0551 -0.5727 0.0569, 0.1023 -0.5727 0.0569, 0.0551 -0.5696 0.061, 0.1023 -0.5696 0.061, 0.0551 -0.5676 0.0658, 0.1023 -0.5676 0.0658, 0.0551 -0.5669 0.0709, 0.1023 -0.5669 0.0709, 0.0551 -0.5669 0.124, 0.1023 -0.5669 0.124, 0.1023 -0.5663 0.1291, 0.0551 -0.5663 0.1291, 0.1023 -0.5643 0.1339, 0.0551 -0.5643 0.1339, 0.1023 -0.5612 0.1379, 0.0551 -0.5612 0.1379, 0.1023 -0.5571 0.1411, 0.0551 -0.5571 0.1411, 0.1023 -0.5523 0.143, 0.0551 -0.5523 0.143, 0.0708 -0.1969 0.4134, 0.0866 -0.1969 0.4134, 0.0685 -0.1949 0.4111, 0.0889 -0.1949 0.4111, 0.0551 -0.1978 0.3225, 0.0551 -0.1949 0.3146, 0.1023 -0.1978 0.3225, 0.1023 -0.1949 0.3146, 0.0551 -0.2021 0.3311, 0.1023 -0.2021 0.3311, 0.0551 -0.2084 0.3383, 0.1023 -0.2084 0.3383, 0.0551 -0.2163 0.3438, 0.1023 -0.2163 0.3438, 0.0551 -0.2252 0.3473, 0.1023 -0.2252 0.3473, 0.0551 -0.2348 0.3484, 0.1023 -0.2348 0.3484, 0.0551 -0.2461 0.3484, 0.1023 -0.2461 0.3484, 0.1023 -0.251 0.3491, 0.0551 -0.251 0.3491, 0.1023 -0.2557 0.3509, 0.0551 -0.2557 0.3509, 0.1023 -0.2597 0.3539, 0.0551 -0.2597 0.3539, 0.1023 -0.2628 0.3578, 0.0551 -0.2628 0.3578, 0.1023 -0.2649 0.3623, 0.0551 -0.2649 0.3623, 0.1023 -0.2657 0.3672, 0.0551 -0.2657 0.3672, 0.1023 -0.2653 0.3722, 0.0551 -0.2653 0.3722, 0.1023 -0.2637 0.3769, 0.0551 -0.2637 0.3769, 0.1023 -0.2609 0.3811, 0.0551 -0.2609 0.3811, 0.1023 -0.2571 0.3844, 0.0551 -0.2571 0.3844, 0.0866 -0.2146 0.4134, 0.0708 -0.2146 0.4134, 0.1023 -0.2377 0.3976, 0.0551 -0.2377 0.3976, 0.0551 -0.1949 0.3976, 0.1023 -0.1949 0.3976, -0.1024 -0.5197 0.1437, -0.1024 -0.5472 0.1437, -0.0551 -0.5197 0.1437, -0.0551 -0.5472 0.1437, -0.1024 -0.5472 0.0, -0.1024 -0.5197 0.0266, -0.0551 -0.5472 0.0, -0.0551 -0.5197 0.0266, -0.1024 -0.6654 0.0, -0.0551 -0.6654 0.0, -0.1024 -0.6654 0.0512, -0.0551 -0.6654 0.0512, -0.1024 -0.5866 0.0512, -0.0551 -0.5866 0.0512, -0.1024 -0.5815 0.0519, -0.0551 -0.5815 0.0519, -0.1024 -0.5768 0.0538, -0.0551 -0.5768 0.0538, -0.1024 -0.5727 0.0569, -0.0551 -0.5727 0.0569, -0.1024 -0.5696 0.061, -0.0551 -0.5696 0.061, -0.1024 -0.5676 0.0658, -0.0551 -0.5676 0.0658, -0.1024 -0.5669 0.0709, -0.0551 -0.5669 0.0709, -0.1024 -0.5669 0.124, -0.0551 -0.5669 0.124, -0.0551 -0.5663 0.1291, -0.1024 -0.5663 0.1291, -0.0551 -0.5643 0.1339, -0.1024 -0.5643 0.1339, -0.0551 -0.5612 0.1379, -0.1024 -0.5612 0.1379, -0.0551 -0.5571 0.1411, -0.1024 -0.5571 0.1411, -0.0551 -0.5523 0.143, -0.1024 -0.5523 0.143, -0.0866 -0.1969 0.4134, -0.0709 -0.1969 0.4134, -0.089 -0.1949 0.4111, -0.0686 -0.1949 0.4111, -0.1024 -0.1978 0.3225, -0.1024 -0.1949 0.3146, -0.0551 -0.1978 0.3225, -0.0551 -0.1949 0.3146, -0.1024 -0.2021 0.3311, -0.0551 -0.2021 0.3311, -0.1024 -0.2084 0.3383, -0.0551 -0.2084 0.3383, -0.1024 -0.2163 0.3438, -0.0551 -0.2163 0.3438, -0.1024 -0.2252 0.3473, -0.0551 -0.2252 0.3473, -0.1024 -0.2348 0.3484, -0.0551 -0.2348 0.3484, -0.1024 -0.2461 0.3484, -0.0551 -0.2461 0.3484, -0.0551 -0.251 0.3491, -0.1024 -0.251 0.3491, -0.0551 -0.2557 0.3509, -0.1024 -0.2557 0.3509, -0.0551 -0.2597 0.3539, -0.1024 -0.2597 0.3539, -0.0551 -0.2628 0.3578, -0.1024 -0.2628 0.3578, -0.0551 -0.2649 0.3623, -0.1024 -0.2649 0.3623, -0.0551 -0.2657 0.3672, -0.1024 -0.2657 0.3672, -0.0551 -0.2653 0.3722, -0.1024 -0.2653 0.3722, -0.0551 -0.2637 0.3769, -0.1024 -0.2637 0.3769, -0.0551 -0.2609 0.3811, -0.1024 -0.2609 0.3811, -0.0551 -0.2571 0.3844, -0.1024 -0.2571 0.3844, -0.0709 -0.2146 0.4134, -0.0866 -0.2146 0.4134, -0.0551 -0.2377 0.3976, -0.1024 -0.2377 0.3976, -0.1024 -0.1949 0.3976, -0.0551 -0.1949 0.3976, -0.2599 -0.5197 0.1437, -0.2599 -0.5472 0.1437, -0.2126 -0.5197 0.1437, -0.2126 -0.5472 0.1437, -0.2599 -0.5472 0.0, -0.2599 -0.5197 0.0266, -0.2126 -0.5472 0.0, -0.2126 -0.5197 0.0266, -0.2599 -0.6654 0.0, -0.2126 -0.6654 0.0, -0.2599 -0.6654 0.0512, -0.2126 -0.6654 0.0512, -0.2599 -0.5866 0.0512, -0.2126 -0.5866 0.0512, -0.2599 -0.5815 0.0519, -0.2126 -0.5815 0.0519, -0.2599 -0.5768 0.0538, -0.2126 -0.5768 0.0538, -0.2599 -0.5727 0.0569, -0.2126 -0.5727 0.0569, -0.2599 -0.5696 0.061, -0.2126 -0.5696 0.061, -0.2599 -0.5676 0.0658, -0.2126 -0.5676 0.0658, -0.2599 -0.5669 0.0709, -0.2126 -0.5669 0.0709, -0.2599 -0.5669 0.124, -0.2126 -0.5669 0.124, -0.2126 -0.5663 0.1291, -0.2599 -0.5663 0.1291, -0.2126 -0.5643 0.1339, -0.2599 -0.5643 0.1339, -0.2126 -0.5612 0.1379, -0.2599 -0.5612 0.1379, -0.2126 -0.5571 0.1411, -0.2599 -0.5571 0.1411, -0.2126 -0.5523 0.143, -0.2599 -0.5523 0.143, -0.2441 -0.1969 0.4134, -0.2284 -0.1969 0.4134, -0.2464 -0.1949 0.4111, -0.226 -0.1949 0.4111, -0.2599 -0.1978 0.3225, -0.2599 -0.1949 0.3146, -0.2126 -0.1978 0.3225, -0.2126 -0.1949 0.3146, -0.2599 -0.2021 0.3311, -0.2126 -0.2021 0.3311, -0.2599 -0.2084 0.3383, -0.2126 -0.2084 0.3383, -0.2599 -0.2163 0.3438, -0.2126 -0.2163 0.3438, -0.2599 -0.2252 0.3473, -0.2126 -0.2252 0.3473, -0.2599 -0.2348 0.3484, -0.2126 -0.2348 0.3484, -0.2599 -0.2461 0.3484, -0.2126 -0.2461 0.3484, -0.2126 -0.251 0.3491, -0.2599 -0.251 0.3491, -0.2126 -0.2557 0.3509, -0.2599 -0.2557 0.3509, -0.2126 -0.2597 0.3539, -0.2599 -0.2597 0.3539, -0.2126 -0.2628 0.3578, -0.2599 -0.2628 0.3578, -0.2126 -0.2649 0.3623, -0.2599 -0.2649 0.3623, -0.2126 -0.2657 0.3672, -0.2599 -0.2657 0.3672, -0.2126 -0.2653 0.3722, -0.2599 -0.2653 0.3722, -0.2126 -0.2637 0.3769, -0.2599 -0.2637 0.3769, -0.2126 -0.2609 0.3811, -0.2599 -0.2609 0.3811, -0.2126 -0.2571 0.3844, -0.2599 -0.2571 0.3844, -0.2284 -0.2146 0.4134, -0.2441 -0.2146 0.4134, -0.2126 -0.2377 0.3976, -0.2599 -0.2377 0.3976, -0.2599 -0.1949 0.3976, -0.2126 -0.1949 0.3976, -0.4173 -0.5197 0.1437, -0.4173 -0.5472 0.1437, -0.3701 -0.5197 0.1437, -0.3701 -0.5472 0.1437, -0.4173 -0.5472 0.0, -0.4173 -0.5197 0.0266, -0.3701 -0.5472 0.0, -0.3701 -0.5197 0.0266, -0.4173 -0.6654 0.0, -0.3701 -0.6654 0.0, -0.4173 -0.6654 0.0512, -0.3701 -0.6654 0.0512, -0.4173 -0.5866 0.0512, -0.3701 -0.5866 0.0512, -0.4173 -0.5815 0.0519, -0.3701 -0.5815 0.0519, -0.4173 -0.5768 0.0538, -0.3701 -0.5768 0.0538, -0.4173 -0.5727 0.0569, -0.3701 -0.5727 0.0569, -0.4173 -0.5696 0.061, -0.3701 -0.5696 0.061, -0.4173 -0.5676 0.0658, -0.3701 -0.5676 0.0658, -0.4173 -0.5669 0.0709, -0.3701 -0.5669 0.0709, -0.4173 -0.5669 0.124, -0.3701 -0.5669 0.124, -0.3701 -0.5663 0.1291, -0.4173 -0.5663 0.1291, -0.3701 -0.5643 0.1339, -0.4173 -0.5643 0.1339, -0.3701 -0.5612 0.1379, -0.4173 -0.5612 0.1379, -0.3701 -0.5571 0.1411, -0.4173 -0.5571 0.1411, -0.3701 -0.5523 0.143, -0.4173 -0.5523 0.143, -0.4016 -0.1969 0.4134, -0.3858 -0.1969 0.4134, -0.4039 -0.1949 0.4111, -0.3835 -0.1949 0.4111, -0.4173 -0.1978 0.3225, -0.4173 -0.1949 0.3146, -0.3701 -0.1978 0.3225, -0.3701 -0.1949 0.3146, -0.4173 -0.2021 0.3311, -0.3701 -0.2021 0.3311, -0.4173 -0.2084 0.3383, -0.3701 -0.2084 0.3383, -0.4173 -0.2163 0.3438, -0.3701 -0.2163 0.3438, -0.4173 -0.2252 0.3473, -0.3701 -0.2252 0.3473, -0.4173 -0.2348 0.3484, -0.3701 -0.2348 0.3484, -0.4173 -0.2461 0.3484, -0.3701 -0.2461 0.3484, -0.3701 -0.251 0.3491, -0.4173 -0.251 0.3491, -0.3701 -0.2557 0.3509, -0.4173 -0.2557 0.3509, -0.3701 -0.2597 0.3539, -0.4173 -0.2597 0.3539, -0.3701 -0.2628 0.3578, -0.4173 -0.2628 0.3578, -0.3701 -0.2649 0.3623, -0.4173 -0.2649 0.3623, -0.3701 -0.2657 0.3672, -0.4173 -0.2657 0.3672, -0.3701 -0.2653 0.3722, -0.4173 -0.2653 0.3722, -0.3701 -0.2637 0.3769, -0.4173 -0.2637 0.3769, -0.3701 -0.2609 0.3811, -0.4173 -0.2609 0.3811, -0.3701 -0.2571 0.3844, -0.4173 -0.2571 0.3844, -0.3858 -0.2146 0.4134, -0.4016 -0.2146 0.4134, -0.3701 -0.2377 0.3976, -0.4173 -0.2377 0.3976, -0.4173 -0.1949 0.3976, -0.3701 -0.1949 0.3976, -0.5748 -0.5197 0.1437, -0.5748 -0.5472 0.1437, -0.5276 -0.5197 0.1437, -0.5276 -0.5472 0.1437, -0.5748 -0.5472 0.0, -0.5748 -0.5197 0.0266, -0.5276 -0.5472 0.0, -0.5276 -0.5197 0.0266, -0.5748 -0.6654 0.0, -0.5276 -0.6654 0.0, -0.5748 -0.6654 0.0512, -0.5276 -0.6654 0.0512, -0.5748 -0.5866 0.0512, -0.5276 -0.5866 0.0512, -0.5748 -0.5815 0.0519, -0.5276 -0.5815 0.0519, -0.5748 -0.5768 0.0538, -0.5276 -0.5768 0.0538, -0.5748 -0.5727 0.0569, -0.5276 -0.5727 0.0569, -0.5748 -0.5696 0.061, -0.5276 -0.5696 0.061, -0.5748 -0.5676 0.0658, -0.5276 -0.5676 0.0658, -0.5748 -0.5669 0.0709, -0.5276 -0.5669 0.0709, -0.5748 -0.5669 0.124, -0.5276 -0.5669 0.124, -0.5276 -0.5663 0.1291, -0.5748 -0.5663 0.1291, -0.5276 -0.5643 0.1339, -0.5748 -0.5643 0.1339, -0.5276 -0.5612 0.1379, -0.5748 -0.5612 0.1379, -0.5276 -0.5571 0.1411, -0.5748 -0.5571 0.1411, -0.5276 -0.5523 0.143, -0.5748 -0.5523 0.143, -0.5591 -0.1969 0.4134, -0.5433 -0.1969 0.4134, -0.5614 -0.1949 0.4111, -0.541 -0.1949 0.4111, -0.5748 -0.1978 0.3225, -0.5748 -0.1949 0.3146, -0.5276 -0.1978 0.3225, -0.5276 -0.1949 0.3146, -0.5748 -0.2021 0.3311, -0.5276 -0.2021 0.3311, -0.5748 -0.2084 0.3383, -0.5276 -0.2084 0.3383, -0.5748 -0.2163 0.3438, -0.5276 -0.2163 0.3438, -0.5748 -0.2252 0.3473, -0.5276 -0.2252 0.3473, -0.5748 -0.2348 0.3484, -0.5276 -0.2348 0.3484, -0.5748 -0.2461 0.3484, -0.5276 -0.2461 0.3484, -0.5276 -0.251 0.3491, -0.5748 -0.251 0.3491, -0.5276 -0.2557 0.3509, -0.5748 -0.2557 0.3509, -0.5276 -0.2597 0.3539, -0.5748 -0.2597 0.3539, -0.5276 -0.2628 0.3578, -0.5748 -0.2628 0.3578, -0.5276 -0.2649 0.3623, -0.5748 -0.2649 0.3623, -0.5276 -0.2657 0.3672, -0.5748 -0.2657 0.3672, -0.5276 -0.2653 0.3722, -0.5748 -0.2653 0.3722, -0.5276 -0.2637 0.3769, -0.5748 -0.2637 0.3769, -0.5276 -0.2609 0.3811, -0.5748 -0.2609 0.3811, -0.5276 -0.2571 0.3844, -0.5748 -0.2571 0.3844, -0.5433 -0.2146 0.4134, -0.5591 -0.2146 0.4134, -0.5276 -0.2377 0.3976, -0.5748 -0.2377 0.3976, -0.5748 -0.1949 0.3976, -0.5276 -0.1949 0.3976, -0.7323 -0.5197 0.1437, -0.7323 -0.5472 0.1437, -0.6851 -0.5197 0.1437, -0.6851 -0.5472 0.1437, -0.7323 -0.5472 0.0, -0.7323 -0.5197 0.0266, -0.6851 -0.5472 0.0, -0.6851 -0.5197 0.0266, -0.7323 -0.6654 0.0, -0.6851 -0.6654 0.0, -0.7323 -0.6654 0.0512, -0.6851 -0.6654 0.0512, -0.7323 -0.5866 0.0512, -0.6851 -0.5866 0.0512, -0.7323 -0.5815 0.0519, -0.6851 -0.5815 0.0519, -0.7323 -0.5768 0.0538, -0.6851 -0.5768 0.0538, -0.7323 -0.5727 0.0569, -0.6851 -0.5727 0.0569, -0.7323 -0.5696 0.061, -0.6851 -0.5696 0.061, -0.7323 -0.5676 0.0658, -0.6851 -0.5676 0.0658, -0.7323 -0.5669 0.0709, -0.6851 -0.5669 0.0709, -0.7323 -0.5669 0.124, -0.6851 -0.5669 0.124, -0.6851 -0.5663 0.1291, -0.7323 -0.5663 0.1291, -0.6851 -0.5643 0.1339, -0.7323 -0.5643 0.1339, -0.6851 -0.5612 0.1379, -0.7323 -0.5612 0.1379, -0.6851 -0.5571 0.1411, -0.7323 -0.5571 0.1411, -0.6851 -0.5523 0.143, -0.7323 -0.5523 0.143, -0.7166 -0.1969 0.4134, -0.7008 -0.1969 0.4134, -0.7189 -0.1949 0.4111, -0.6985 -0.1949 0.4111, -0.7323 -0.1978 0.3225, -0.7323 -0.1949 0.3146, -0.6851 -0.1978 0.3225, -0.6851 -0.1949 0.3146, -0.7323 -0.2021 0.3311, -0.6851 -0.2021 0.3311, -0.7323 -0.2084 0.3383, -0.6851 -0.2084 0.3383, -0.7323 -0.2163 0.3438, -0.6851 -0.2163 0.3438, -0.7323 -0.2252 0.3473, -0.6851 -0.2252 0.3473, -0.7323 -0.2348 0.3484, -0.6851 -0.2348 0.3484, -0.7323 -0.2461 0.3484, -0.6851 -0.2461 0.3484, -0.6851 -0.251 0.3491, -0.7323 -0.251 0.3491, -0.6851 -0.2557 0.3509, -0.7323 -0.2557 0.3509, -0.6851 -0.2597 0.3539, -0.7323 -0.2597 0.3539, -0.6851 -0.2628 0.3578, -0.7323 -0.2628 0.3578, -0.6851 -0.2649 0.3623, -0.7323 -0.2649 0.3623, -0.6851 -0.2657 0.3672, -0.7323 -0.2657 0.3672, -0.6851 -0.2653 0.3722, -0.7323 -0.2653 0.3722, -0.6851 -0.2637 0.3769, -0.7323 -0.2637 0.3769, -0.6851 -0.2609 0.3811, -0.7323 -0.2609 0.3811, -0.6851 -0.2571 0.3844, -0.7323 -0.2571 0.3844, -0.7008 -0.2146 0.4134, -0.7166 -0.2146 0.4134, -0.6851 -0.2377 0.3976, -0.7323 -0.2377 0.3976, -0.7323 -0.1949 0.3976, -0.6851 -0.1949 0.3976, -0.8898 -0.5197 0.1437, -0.8898 -0.5472 0.1437, -0.8425 -0.5197 0.1437, -0.8425 -0.5472 0.1437, -0.8898 -0.5472 0.0, -0.8898 -0.5197 0.0266, -0.8425 -0.5472 0.0, -0.8425 -0.5197 0.0266, -0.8898 -0.6654 0.0, -0.8425 -0.6654 0.0, -0.8898 -0.6654 0.0512, -0.8425 -0.6654 0.0512, -0.8898 -0.5866 0.0512, -0.8425 -0.5866 0.0512, -0.8898 -0.5815 0.0519, -0.8425 -0.5815 0.0519, -0.8898 -0.5768 0.0538, -0.8425 -0.5768 0.0538, -0.8898 -0.5727 0.0569, -0.8425 -0.5727 0.0569, -0.8898 -0.5696 0.061, -0.8425 -0.5696 0.061, -0.8898 -0.5676 0.0658, -0.8425 -0.5676 0.0658, -0.8898 -0.5669 0.0709, -0.8425 -0.5669 0.0709, -0.8898 -0.5669 0.124, -0.8425 -0.5669 0.124, -0.8425 -0.5663 0.1291, -0.8898 -0.5663 0.1291, -0.8425 -0.5643 0.1339, -0.8898 -0.5643 0.1339, -0.8425 -0.5612 0.1379, -0.8898 -0.5612 0.1379, -0.8425 -0.5571 0.1411, -0.8898 -0.5571 0.1411, -0.8425 -0.5523 0.143, -0.8898 -0.5523 0.143, -0.874 -0.1969 0.4134, -0.8583 -0.1969 0.4134, -0.8764 -0.1949 0.4111, -0.856 -0.1949 0.4111, -0.8898 -0.1978 0.3225, -0.8898 -0.1949 0.3146, -0.8425 -0.1978 0.3225, -0.8425 -0.1949 0.3146, -0.8898 -0.2021 0.3311, -0.8425 -0.2021 0.3311, -0.8898 -0.2084 0.3383, -0.8425 -0.2084 0.3383, -0.8898 -0.2163 0.3438, -0.8425 -0.2163 0.3438, -0.8898 -0.2252 0.3473, -0.8425 -0.2252 0.3473, -0.8898 -0.2348 0.3484, -0.8425 -0.2348 0.3484, -0.8898 -0.2461 0.3484, -0.8425 -0.2461 0.3484, -0.8425 -0.251 0.3491, -0.8898 -0.251 0.3491, -0.8425 -0.2557 0.3509, -0.8898 -0.2557 0.3509, -0.8425 -0.2597 0.3539, -0.8898 -0.2597 0.3539, -0.8425 -0.2628 0.3578, -0.8898 -0.2628 0.3578, -0.8425 -0.2649 0.3623, -0.8898 -0.2649 0.3623, -0.8425 -0.2657 0.3672, -0.8898 -0.2657 0.3672, -0.8425 -0.2653 0.3722, -0.8898 -0.2653 0.3722, -0.8425 -0.2637 0.3769, -0.8898 -0.2637 0.3769, -0.8425 -0.2609 0.3811, -0.8898 -0.2609 0.3811, -0.8425 -0.2571 0.3844, -0.8898 -0.2571 0.3844, -0.8425 -0.2377 0.3976, -0.8898 -0.2377 0.3976, -0.8583 -0.2146 0.4134, -0.874 -0.2146 0.4134, -0.8898 -0.1949 0.3976, -0.8425 -0.1949 0.3976, -1.0473 -0.5197 0.1437, -1.0473 -0.5472 0.1437, -1.0 -0.5197 0.1437, -1.0 -0.5472 0.1437, -1.0473 -0.5472 0.0, -1.0473 -0.5197 0.0266, -1.0 -0.5472 0.0, -1.0 -0.5197 0.0266, -1.0473 -0.6654 0.0, -1.0 -0.6654 0.0, -1.0473 -0.6654 0.0512, -1.0 -0.6654 0.0512, -1.0473 -0.5866 0.0512, -1.0 -0.5866 0.0512, -1.0473 -0.5815 0.0519, -1.0 -0.5815 0.0519, -1.0473 -0.5768 0.0538, -1.0 -0.5768 0.0538, -1.0473 -0.5727 0.0569, -1.0 -0.5727 0.0569, -1.0473 -0.5696 0.061, -1.0 -0.5696 0.061, -1.0473 -0.5676 0.0658, -1.0 -0.5676 0.0658, -1.0473 -0.5669 0.0709, -1.0 -0.5669 0.0709, -1.0473 -0.5669 0.124, -1.0 -0.5669 0.124, -1.0 -0.5663 0.1291, -1.0473 -0.5663 0.1291, -1.0 -0.5643 0.1339, -1.0473 -0.5643 0.1339, -1.0 -0.5612 0.1379, -1.0473 -0.5612 0.1379, -1.0 -0.5571 0.1411, -1.0473 -0.5571 0.1411, -1.0 -0.5523 0.143, -1.0473 -0.5523 0.143, -1.0315 -0.1969 0.4134, -1.0158 -0.1969 0.4134, -1.0338 -0.1949 0.4111, -1.0134 -0.1949 0.4111, -1.0473 -0.1978 0.3225, -1.0473 -0.1949 0.3146, -1.0 -0.1978 0.3225, -1.0 -0.1949 0.3146, -1.0473 -0.2021 0.3311, -1.0 -0.2021 0.3311, -1.0473 -0.2084 0.3383, -1.0 -0.2084 0.3383, -1.0473 -0.2163 0.3438, -1.0 -0.2163 0.3438, -1.0473 -0.2252 0.3473, -1.0 -0.2252 0.3473, -1.0473 -0.2348 0.3484, -1.0 -0.2348 0.3484, -1.0473 -0.2461 0.3484, -1.0 -0.2461 0.3484, -1.0 -0.251 0.3491, -1.0473 -0.251 0.3491, -1.0 -0.2557 0.3509, -1.0473 -0.2557 0.3509, -1.0 -0.2597 0.3539, -1.0473 -0.2597 0.3539, -1.0 -0.2628 0.3578, -1.0473 -0.2628 0.3578, -1.0 -0.2649 0.3623, -1.0473 -0.2649 0.3623, -1.0 -0.2657 0.3672, -1.0473 -0.2657 0.3672, -1.0 -0.2653 0.3722, -1.0473 -0.2653 0.3722, -1.0 -0.2637 0.3769, -1.0473 -0.2637 0.3769, -1.0 -0.2609 0.3811, -1.0473 -0.2609 0.3811, -1.0 -0.2571 0.3844, -1.0473 -0.2571 0.3844, -1.0 -0.2377 0.3976, -1.0473 -0.2377 0.3976, -1.0158 -0.2146 0.4134, -1.0315 -0.2146 0.4134, -1.0473 -0.1949 0.3976, -1.0 -0.1949 0.3976, -1.2047 -0.5197 0.1437, -1.2047 -0.5472 0.1437, -1.1575 -0.5197 0.1437, -1.1575 -0.5472 0.1437, -1.2047 -0.5472 0.0, -1.2047 -0.5197 0.0266, -1.1575 -0.5472 0.0, -1.1575 -0.5197 0.0266, -1.2047 -0.6654 0.0, -1.1575 -0.6654 0.0, -1.2047 -0.6654 0.0512, -1.1575 -0.6654 0.0512, -1.2047 -0.5866 0.0512, -1.1575 -0.5866 0.0512, -1.2047 -0.5815 0.0519, -1.1575 -0.5815 0.0519, -1.2047 -0.5768 0.0538, -1.1575 -0.5768 0.0538, -1.2047 -0.5727 0.0569, -1.1575 -0.5727 0.0569, -1.2047 -0.5696 0.061, -1.1575 -0.5696 0.061, -1.2047 -0.5676 0.0658, -1.1575 -0.5676 0.0658, -1.2047 -0.5669 0.0709, -1.1575 -0.5669 0.0709, -1.2047 -0.5669 0.124, -1.1575 -0.5669 0.124, -1.1575 -0.5663 0.1291, -1.2047 -0.5663 0.1291, -1.1575 -0.5643 0.1339, -1.2047 -0.5643 0.1339, -1.1575 -0.5612 0.1379, -1.2047 -0.5612 0.1379, -1.1575 -0.5571 0.1411, -1.2047 -0.5571 0.1411, -1.1575 -0.5523 0.143, -1.2047 -0.5523 0.143, -1.189 -0.1969 0.4134, -1.1732 -0.1969 0.4134, -1.1913 -0.1949 0.4111, -1.1709 -0.1949 0.4111, -1.2047 -0.1978 0.3225, -1.2047 -0.1949 0.3146, -1.1575 -0.1978 0.3225, -1.1575 -0.1949 0.3146, -1.2047 -0.2021 0.3311, -1.1575 -0.2021 0.3311, -1.2047 -0.2084 0.3383, -1.1575 -0.2084 0.3383, -1.2047 -0.2163 0.3438, -1.1575 -0.2163 0.3438, -1.2047 -0.2252 0.3473, -1.1575 -0.2252 0.3473, -1.2047 -0.2348 0.3484, -1.1575 -0.2348 0.3484, -1.2047 -0.2461 0.3484, -1.1575 -0.2461 0.3484, -1.1575 -0.251 0.3491, -1.2047 -0.251 0.3491, -1.1575 -0.2557 0.3509, -1.2047 -0.2557 0.3509, -1.1575 -0.2597 0.3539, -1.2047 -0.2597 0.3539, -1.1575 -0.2628 0.3578, -1.2047 -0.2628 0.3578, -1.1575 -0.2649 0.3623, -1.2047 -0.2649 0.3623, -1.1575 -0.2657 0.3672, -1.2047 -0.2657 0.3672, -1.1575 -0.2653 0.3722, -1.2047 -0.2653 0.3722, -1.1575 -0.2637 0.3769, -1.2047 -0.2637 0.3769, -1.1575 -0.2609 0.3811, -1.2047 -0.2609 0.3811, -1.1575 -0.2571 0.3844, -1.2047 -0.2571 0.3844, -1.1575 -0.2377 0.3976, -1.2047 -0.2377 0.3976, -1.1732 -0.2146 0.4134, -1.189 -0.2146 0.4134, -1.2047 -0.1949 0.3976, -1.1575 -0.1949 0.3976, -1.3622 -0.5197 0.1437, -1.3622 -0.5472 0.1437, -1.315 -0.5197 0.1437, -1.315 -0.5472 0.1437, -1.3622 -0.5472 0.0, -1.3622 -0.5197 0.0266, -1.315 -0.5472 0.0, -1.315 -0.5197 0.0266, -1.3622 -0.6654 0.0, -1.315 -0.6654 0.0, -1.3622 -0.6654 0.0512, -1.315 -0.6654 0.0512, -1.3622 -0.5866 0.0512, -1.315 -0.5866 0.0512, -1.3622 -0.5815 0.0519, -1.315 -0.5815 0.0519, -1.3622 -0.5768 0.0538, -1.315 -0.5768 0.0538, -1.3622 -0.5727 0.0569, -1.315 -0.5727 0.0569, -1.3622 -0.5696 0.061, -1.315 -0.5696 0.061, -1.3622 -0.5676 0.0658, -1.315 -0.5676 0.0658, -1.3622 -0.5669 0.0709, -1.315 -0.5669 0.0709, -1.3622 -0.5669 0.124, -1.315 -0.5669 0.124, -1.315 -0.5663 0.1291, -1.3622 -0.5663 0.1291, -1.315 -0.5643 0.1339, -1.3622 -0.5643 0.1339, -1.315 -0.5612 0.1379, -1.3622 -0.5612 0.1379, -1.315 -0.5571 0.1411, -1.3622 -0.5571 0.1411, -1.315 -0.5523 0.143, -1.3622 -0.5523 0.143, -1.3465 -0.1969 0.4134, -1.3307 -0.1969 0.4134, -1.3488 -0.1949 0.4111, -1.3284 -0.1949 0.4111, -1.3622 -0.1978 0.3225, -1.3622 -0.1949 0.3146, -1.315 -0.1978 0.3225, -1.315 -0.1949 0.3146, -1.3622 -0.2021 0.3311, -1.315 -0.2021 0.3311, -1.3622 -0.2084 0.3383, -1.315 -0.2084 0.3383, -1.3622 -0.2163 0.3438, -1.315 -0.2163 0.3438, -1.3622 -0.2252 0.3473, -1.315 -0.2252 0.3473, -1.3622 -0.2348 0.3484, -1.315 -0.2348 0.3484, -1.3622 -0.2461 0.3484, -1.315 -0.2461 0.3484, -1.315 -0.251 0.3491, -1.3622 -0.251 0.3491, -1.315 -0.2557 0.3509, -1.3622 -0.2557 0.3509, -1.315 -0.2597 0.3539, -1.3622 -0.2597 0.3539, -1.315 -0.2628 0.3578, -1.3622 -0.2628 0.3578, -1.315 -0.2649 0.3623, -1.3622 -0.2649 0.3623, -1.315 -0.2657 0.3672, -1.3622 -0.2657 0.3672, -1.315 -0.2653 0.3722, -1.3622 -0.2653 0.3722, -1.315 -0.2637 0.3769, -1.3622 -0.2637 0.3769, -1.315 -0.2609 0.3811, -1.3622 -0.2609 0.3811, -1.315 -0.2571 0.3844, -1.3622 -0.2571 0.3844, -1.315 -0.2377 0.3976, -1.3622 -0.2377 0.3976, -1.3307 -0.2146 0.4134, -1.3465 -0.2146 0.4134, -1.3622 -0.1949 0.3976, -1.315 -0.1949 0.3976, -1.5197 -0.5197 0.1437, -1.5197 -0.5472 0.1437, -1.4725 -0.5197 0.1437, -1.4725 -0.5472 0.1437, -1.5197 -0.5472 0.0, -1.5197 -0.5197 0.0266, -1.4725 -0.5472 0.0, -1.4725 -0.5197 0.0266, -1.5197 -0.6654 0.0, -1.4725 -0.6654 0.0, -1.5197 -0.6654 0.0512, -1.4725 -0.6654 0.0512, -1.5197 -0.5866 0.0512, -1.4725 -0.5866 0.0512, -1.5197 -0.5815 0.0519, -1.4725 -0.5815 0.0519, -1.5197 -0.5768 0.0538, -1.4725 -0.5768 0.0538, -1.5197 -0.5727 0.0569, -1.4725 -0.5727 0.0569, -1.5197 -0.5696 0.061, -1.4725 -0.5696 0.061, -1.5197 -0.5676 0.0658, -1.4725 -0.5676 0.0658, -1.5197 -0.5669 0.0709, -1.4725 -0.5669 0.0709, -1.5197 -0.5669 0.124, -1.4725 -0.5669 0.124, -1.4725 -0.5663 0.1291, -1.5197 -0.5663 0.1291, -1.4725 -0.5643 0.1339, -1.5197 -0.5643 0.1339, -1.4725 -0.5612 0.1379, -1.5197 -0.5612 0.1379, -1.4725 -0.5571 0.1411, -1.5197 -0.5571 0.1411, -1.4725 -0.5523 0.143, -1.5197 -0.5523 0.143, -1.504 -0.1969 0.4134, -1.4882 -0.1969 0.4134, -1.5063 -0.1949 0.4111, -1.4859 -0.1949 0.4111, -1.5197 -0.1978 0.3225, -1.5197 -0.1949 0.3146, -1.4725 -0.1978 0.3225, -1.4725 -0.1949 0.3146, -1.5197 -0.2021 0.3311, -1.4725 -0.2021 0.3311, -1.5197 -0.2084 0.3383, -1.4725 -0.2084 0.3383, -1.5197 -0.2163 0.3438, -1.4725 -0.2163 0.3438, -1.5197 -0.2252 0.3473, -1.4725 -0.2252 0.3473, -1.5197 -0.2348 0.3484, -1.4725 -0.2348 0.3484, -1.5197 -0.2461 0.3484, -1.4725 -0.2461 0.3484, -1.4725 -0.251 0.3491, -1.5197 -0.251 0.3491, -1.4725 -0.2557 0.3509, -1.5197 -0.2557 0.3509, -1.4725 -0.2597 0.3539, -1.5197 -0.2597 0.3539, -1.4725 -0.2628 0.3578, -1.5197 -0.2628 0.3578, -1.4725 -0.2649 0.3623, -1.5197 -0.2649 0.3623, -1.4725 -0.2657 0.3672, -1.5197 -0.2657 0.3672, -1.4725 -0.2653 0.3722, -1.5197 -0.2653 0.3722, -1.4725 -0.2637 0.3769, -1.5197 -0.2637 0.3769, -1.4725 -0.2609 0.3811, -1.5197 -0.2609 0.3811, -1.4725 -0.2571 0.3844, -1.5197 -0.2571 0.3844, -1.4725 -0.2377 0.3976, -1.5197 -0.2377 0.3976, -1.4882 -0.2146 0.4134, -1.504 -0.2146 0.4134, -1.5197 -0.1949 0.3976, -1.4725 -0.1949 0.3976, -1.6772 -0.5197 0.1437, -1.6772 -0.5472 0.1437, -1.6299 -0.5197 0.1437, -1.6299 -0.5472 0.1437, -1.6772 -0.5472 0.0, -1.6772 -0.5197 0.0266, -1.6299 -0.5472 0.0, -1.6299 -0.5197 0.0266, -1.6772 -0.6654 0.0, -1.6299 -0.6654 0.0, -1.6772 -0.6654 0.0512, -1.6299 -0.6654 0.0512, -1.6772 -0.5866 0.0512, -1.6299 -0.5866 0.0512, -1.6772 -0.5815 0.0519, -1.6299 -0.5815 0.0519, -1.6772 -0.5768 0.0538, -1.6299 -0.5768 0.0538, -1.6772 -0.5727 0.0569, -1.6299 -0.5727 0.0569, -1.6772 -0.5696 0.061, -1.6299 -0.5696 0.061, -1.6772 -0.5676 0.0658, -1.6299 -0.5676 0.0658, -1.6772 -0.5669 0.0709, -1.6299 -0.5669 0.0709, -1.6772 -0.5669 0.124, -1.6299 -0.5669 0.124, -1.6299 -0.5663 0.1291, -1.6772 -0.5663 0.1291, -1.6299 -0.5643 0.1339, -1.6772 -0.5643 0.1339, -1.6299 -0.5612 0.1379, -1.6772 -0.5612 0.1379, -1.6299 -0.5571 0.1411, -1.6772 -0.5571 0.1411, -1.6299 -0.5523 0.143, -1.6772 -0.5523 0.143, -1.6614 -0.1969 0.4134, -1.6457 -0.1969 0.4134, -1.6638 -0.1949 0.4111, -1.6434 -0.1949 0.4111, -1.6772 -0.1978 0.3225, -1.6772 -0.1949 0.3146, -1.6299 -0.1978 0.3225, -1.6299 -0.1949 0.3146, -1.6772 -0.2021 0.3311, -1.6299 -0.2021 0.3311, -1.6772 -0.2084 0.3383, -1.6299 -0.2084 0.3383, -1.6772 -0.2163 0.3438, -1.6299 -0.2163 0.3438, -1.6772 -0.2252 0.3473, -1.6299 -0.2252 0.3473, -1.6772 -0.2348 0.3484, -1.6299 -0.2348 0.3484, -1.6772 -0.2461 0.3484, -1.6299 -0.2461 0.3484, -1.6299 -0.251 0.3491, -1.6772 -0.251 0.3491, -1.6299 -0.2557 0.3509, -1.6772 -0.2557 0.3509, -1.6299 -0.2597 0.3539, -1.6772 -0.2597 0.3539, -1.6299 -0.2628 0.3578, -1.6772 -0.2628 0.3578, -1.6299 -0.2649 0.3623, -1.6772 -0.2649 0.3623, -1.6299 -0.2657 0.3672, -1.6772 -0.2657 0.3672, -1.6299 -0.2653 0.3722, -1.6772 -0.2653 0.3722, -1.6299 -0.2637 0.3769, -1.6772 -0.2637 0.3769, -1.6299 -0.2609 0.3811, -1.6772 -0.2609 0.3811, -1.6299 -0.2571 0.3844, -1.6772 -0.2571 0.3844, -1.6299 -0.2377 0.3976, -1.6772 -0.2377 0.3976, -1.6457 -0.2146 0.4134, -1.6614 -0.2146 0.4134, -1.6772 -0.1949 0.3976, -1.6299 -0.1949 0.3976, -1.8347 -0.5197 0.1437, -1.8347 -0.5472 0.1437, -1.7874 -0.5197 0.1437, -1.7874 -0.5472 0.1437, -1.8347 -0.5472 0.0, -1.8347 -0.5197 0.0266, -1.7874 -0.5472 0.0, -1.7874 -0.5197 0.0266, -1.8347 -0.6654 0.0, -1.7874 -0.6654 0.0, -1.8347 -0.6654 0.0512, -1.7874 -0.6654 0.0512, -1.8347 -0.5866 0.0512, -1.7874 -0.5866 0.0512, -1.8347 -0.5815 0.0519, -1.7874 -0.5815 0.0519, -1.8347 -0.5768 0.0538, -1.7874 -0.5768 0.0538, -1.8347 -0.5727 0.0569, -1.7874 -0.5727 0.0569, -1.8347 -0.5696 0.061, -1.7874 -0.5696 0.061, -1.8347 -0.5676 0.0658, -1.7874 -0.5676 0.0658, -1.8347 -0.5669 0.0709, -1.7874 -0.5669 0.0709, -1.8347 -0.5669 0.124, -1.7874 -0.5669 0.124, -1.7874 -0.5663 0.1291, -1.8347 -0.5663 0.1291, -1.7874 -0.5643 0.1339, -1.8347 -0.5643 0.1339, -1.7874 -0.5612 0.1379, -1.8347 -0.5612 0.1379, -1.7874 -0.5571 0.1411, -1.8347 -0.5571 0.1411, -1.7874 -0.5523 0.143, -1.8347 -0.5523 0.143, -1.8189 -0.1969 0.4134, -1.8032 -0.1969 0.4134, -1.8212 -0.1949 0.4111, -1.8008 -0.1949 0.4111, -1.8347 -0.1978 0.3225, -1.8347 -0.1949 0.3146, -1.7874 -0.1978 0.3225, -1.7874 -0.1949 0.3146, -1.8347 -0.2021 0.3311, -1.7874 -0.2021 0.3311, -1.8347 -0.2084 0.3383, -1.7874 -0.2084 0.3383, -1.8347 -0.2163 0.3438, -1.7874 -0.2163 0.3438, -1.8347 -0.2252 0.3473, -1.7874 -0.2252 0.3473, -1.8347 -0.2348 0.3484, -1.7874 -0.2348 0.3484, -1.8347 -0.2461 0.3484, -1.7874 -0.2461 0.3484, -1.7874 -0.251 0.3491, -1.8347 -0.251 0.3491, -1.7874 -0.2557 0.3509, -1.8347 -0.2557 0.3509, -1.7874 -0.2597 0.3539, -1.8347 -0.2597 0.3539, -1.7874 -0.2628 0.3578, -1.8347 -0.2628 0.3578, -1.7874 -0.2649 0.3623, -1.8347 -0.2649 0.3623, -1.7874 -0.2657 0.3672, -1.8347 -0.2657 0.3672, -1.7874 -0.2653 0.3722, -1.8347 -0.2653 0.3722, -1.7874 -0.2637 0.3769, -1.8347 -0.2637 0.3769, -1.7874 -0.2609 0.3811, -1.8347 -0.2609 0.3811, -1.7874 -0.2571 0.3844, -1.8347 -0.2571 0.3844, -1.7874 -0.2377 0.3976, -1.8347 -0.2377 0.3976, -1.8032 -0.2146 0.4134, -1.8189 -0.2146 0.4134, -1.8347 -0.1949 0.3976, -1.7874 -0.1949 0.3976, -1.9921 -0.5197 0.1437, -1.9921 -0.5472 0.1437, -1.9449 -0.5197 0.1437, -1.9449 -0.5472 0.1437, -1.9921 -0.5472 0.0, -1.9921 -0.5197 0.0266, -1.9449 -0.5472 0.0, -1.9449 -0.5197 0.0266, -1.9921 -0.6654 0.0, -1.9449 -0.6654 0.0, -1.9921 -0.6654 0.0512, -1.9449 -0.6654 0.0512, -1.9921 -0.5866 0.0512, -1.9449 -0.5866 0.0512, -1.9921 -0.5815 0.0519, -1.9449 -0.5815 0.0519, -1.9921 -0.5768 0.0538, -1.9449 -0.5768 0.0538, -1.9921 -0.5727 0.0569, -1.9449 -0.5727 0.0569, -1.9921 -0.5696 0.061, -1.9449 -0.5696 0.061, -1.9921 -0.5676 0.0658, -1.9449 -0.5676 0.0658, -1.9921 -0.5669 0.0709, -1.9449 -0.5669 0.0709, -1.9921 -0.5669 0.124, -1.9449 -0.5669 0.124, -1.9449 -0.5663 0.1291, -1.9921 -0.5663 0.1291, -1.9449 -0.5643 0.1339, -1.9921 -0.5643 0.1339, -1.9449 -0.5612 0.1379, -1.9921 -0.5612 0.1379, -1.9449 -0.5571 0.1411, -1.9921 -0.5571 0.1411, -1.9449 -0.5523 0.143, -1.9921 -0.5523 0.143, -1.9764 -0.1969 0.4134, -1.9606 -0.1969 0.4134, -1.9787 -0.1949 0.4111, -1.9583 -0.1949 0.4111, -1.9921 -0.1978 0.3225, -1.9921 -0.1949 0.3146, -1.9449 -0.1978 0.3225, -1.9449 -0.1949 0.3146, -1.9921 -0.2021 0.3311, -1.9449 -0.2021 0.3311, -1.9921 -0.2084 0.3383, -1.9449 -0.2084 0.3383, -1.9921 -0.2163 0.3438, -1.9449 -0.2163 0.3438, -1.9921 -0.2252 0.3473, -1.9449 -0.2252 0.3473, -1.9921 -0.2348 0.3484, -1.9449 -0.2348 0.3484, -1.9921 -0.2461 0.3484, -1.9449 -0.2461 0.3484, -1.9449 -0.251 0.3491, -1.9921 -0.251 0.3491, -1.9449 -0.2557 0.3509, -1.9921 -0.2557 0.3509, -1.9449 -0.2597 0.3539, -1.9921 -0.2597 0.3539, -1.9449 -0.2628 0.3578, -1.9921 -0.2628 0.3578, -1.9449 -0.2649 0.3623, -1.9921 -0.2649 0.3623, -1.9449 -0.2657 0.3672, -1.9921 -0.2657 0.3672, -1.9449 -0.2653 0.3722, -1.9921 -0.2653 0.3722, -1.9449 -0.2637 0.3769, -1.9921 -0.2637 0.3769, -1.9449 -0.2609 0.3811, -1.9921 -0.2609 0.3811, -1.9449 -0.2571 0.3844, -1.9921 -0.2571 0.3844, -1.9449 -0.2377 0.3976, -1.9921 -0.2377 0.3976, -1.9606 -0.2146 0.4134, -1.9764 -0.2146 0.4134, -1.9921 -0.1949 0.3976, -1.9449 -0.1949 0.3976, -2.1496 -0.5197 0.1437, -2.1496 -0.5472 0.1437, -2.1024 -0.5197 0.1437, -2.1024 -0.5472 0.1437, -2.1496 -0.5472 0.0, -2.1496 -0.5197 0.0266, -2.1024 -0.5472 0.0, -2.1024 -0.5197 0.0266, -2.1496 -0.6654 0.0, -2.1024 -0.6654 0.0, -2.1496 -0.6654 0.0512, -2.1024 -0.6654 0.0512, -2.1496 -0.5866 0.0512, -2.1024 -0.5866 0.0512, -2.1496 -0.5815 0.0519, -2.1024 -0.5815 0.0519, -2.1496 -0.5768 0.0538, -2.1024 -0.5768 0.0538, -2.1496 -0.5727 0.0569, -2.1024 -0.5727 0.0569, -2.1496 -0.5696 0.061, -2.1024 -0.5696 0.061, -2.1496 -0.5676 0.0658, -2.1024 -0.5676 0.0658, -2.1496 -0.5669 0.0709, -2.1024 -0.5669 0.0709, -2.1496 -0.5669 0.124, -2.1024 -0.5669 0.124, -2.1024 -0.5663 0.1291, -2.1496 -0.5663 0.1291, -2.1024 -0.5643 0.1339, -2.1496 -0.5643 0.1339, -2.1024 -0.5612 0.1379, -2.1496 -0.5612 0.1379, -2.1024 -0.5571 0.1411, -2.1496 -0.5571 0.1411, -2.1024 -0.5523 0.143, -2.1496 -0.5523 0.143, -2.1339 -0.1969 0.4134, -2.1181 -0.1969 0.4134, -2.1362 -0.1949 0.4111, -2.1158 -0.1949 0.4111, -2.1496 -0.1978 0.3225, -2.1496 -0.1949 0.3146, -2.1024 -0.1978 0.3225, -2.1024 -0.1949 0.3146, -2.1496 -0.2021 0.3311, -2.1024 -0.2021 0.3311, -2.1496 -0.2084 0.3383, -2.1024 -0.2084 0.3383, -2.1496 -0.2163 0.3438, -2.1024 -0.2163 0.3438, -2.1496 -0.2252 0.3473, -2.1024 -0.2252 0.3473, -2.1496 -0.2348 0.3484, -2.1024 -0.2348 0.3484, -2.1496 -0.2461 0.3484, -2.1024 -0.2461 0.3484, -2.1024 -0.251 0.3491, -2.1496 -0.251 0.3491, -2.1024 -0.2557 0.3509, -2.1496 -0.2557 0.3509, -2.1024 -0.2597 0.3539, -2.1496 -0.2597 0.3539, -2.1024 -0.2628 0.3578, -2.1496 -0.2628 0.3578, -2.1024 -0.2649 0.3623, -2.1496 -0.2649 0.3623, -2.1024 -0.2657 0.3672, -2.1496 -0.2657 0.3672, -2.1024 -0.2653 0.3722, -2.1496 -0.2653 0.3722, -2.1024 -0.2637 0.3769, -2.1496 -0.2637 0.3769, -2.1024 -0.2609 0.3811, -2.1496 -0.2609 0.3811, -2.1024 -0.2571 0.3844, -2.1496 -0.2571 0.3844, -2.1024 -0.2377 0.3976, -2.1496 -0.2377 0.3976, -2.1181 -0.2146 0.4134, -2.1339 -0.2146 0.4134, -2.1496 -0.1949 0.3976, -2.1024 -0.1949 0.3976, -2.3071 -0.5197 0.1437, -2.3071 -0.5472 0.1437, -2.2599 -0.5197 0.1437, -2.2599 -0.5472 0.1437, -2.3071 -0.5472 0.0, -2.3071 -0.5197 0.0266, -2.2599 -0.5472 0.0, -2.2599 -0.5197 0.0266, -2.3071 -0.6654 0.0, -2.2599 -0.6654 0.0, -2.3071 -0.6654 0.0512, -2.2599 -0.6654 0.0512, -2.3071 -0.5866 0.0512, -2.2599 -0.5866 0.0512, -2.3071 -0.5815 0.0519, -2.2599 -0.5815 0.0519, -2.3071 -0.5768 0.0538, -2.2599 -0.5768 0.0538, -2.3071 -0.5727 0.0569, -2.2599 -0.5727 0.0569, -2.3071 -0.5696 0.061, -2.2599 -0.5696 0.061, -2.3071 -0.5676 0.0658, -2.2599 -0.5676 0.0658, -2.3071 -0.5669 0.0709, -2.2599 -0.5669 0.0709, -2.3071 -0.5669 0.124, -2.2599 -0.5669 0.124, -2.2599 -0.5663 0.1291, -2.3071 -0.5663 0.1291, -2.2599 -0.5643 0.1339, -2.3071 -0.5643 0.1339, -2.2599 -0.5612 0.1379, -2.3071 -0.5612 0.1379, -2.2599 -0.5571 0.1411, -2.3071 -0.5571 0.1411, -2.2599 -0.5523 0.143, -2.3071 -0.5523 0.143, -2.2914 -0.1969 0.4134, -2.2756 -0.1969 0.4134, -2.2937 -0.1949 0.4111, -2.2733 -0.1949 0.4111, -2.3071 -0.1978 0.3225, -2.3071 -0.1949 0.3146, -2.2599 -0.1978 0.3225, -2.2599 -0.1949 0.3146, -2.3071 -0.2021 0.3311, -2.2599 -0.2021 0.3311, -2.3071 -0.2084 0.3383, -2.2599 -0.2084 0.3383, -2.3071 -0.2163 0.3438, -2.2599 -0.2163 0.3438, -2.3071 -0.2252 0.3473, -2.2599 -0.2252 0.3473, -2.3071 -0.2348 0.3484, -2.2599 -0.2348 0.3484, -2.3071 -0.2461 0.3484, -2.2599 -0.2461 0.3484, -2.2599 -0.251 0.3491, -2.3071 -0.251 0.3491, -2.2599 -0.2557 0.3509, -2.3071 -0.2557 0.3509, -2.2599 -0.2597 0.3539, -2.3071 -0.2597 0.3539, -2.2599 -0.2628 0.3578, -2.3071 -0.2628 0.3578, -2.2599 -0.2649 0.3623, -2.3071 -0.2649 0.3623, -2.2599 -0.2657 0.3672, -2.3071 -0.2657 0.3672, -2.2599 -0.2653 0.3722, -2.3071 -0.2653 0.3722, -2.2599 -0.2637 0.3769, -2.3071 -0.2637 0.3769, -2.2599 -0.2609 0.3811, -2.3071 -0.2609 0.3811, -2.2599 -0.2571 0.3844, -2.3071 -0.2571 0.3844, -2.2756 -0.2146 0.4134, -2.2914 -0.2146 0.4134, -2.2599 -0.2377 0.3976, -2.3071 -0.2377 0.3976, -2.3071 -0.1949 0.3976, -2.2599 -0.1949 0.3976, 2.1023 0.5472 0.1437, 2.1023 0.5197 0.1437, 2.1496 0.5472 0.1437, 2.1496 0.5197 0.1437, 2.1496 0.5523 0.143, 2.1023 0.5523 0.143, 2.1496 0.5571 0.1411, 2.1023 0.5571 0.1411, 2.1496 0.5612 0.1379, 2.1023 0.5612 0.1379, 2.1496 0.5643 0.1339, 2.1023 0.5643 0.1339, 2.1496 0.5663 0.1291, 2.1023 0.5663 0.1291, 2.1496 0.5669 0.124, 2.1023 0.5669 0.124, 2.1023 0.5669 0.0709, 2.1496 0.5669 0.0709, 2.1023 0.5676 0.0658, 2.1496 0.5676 0.0658, 2.1023 0.5696 0.061, 2.1496 0.5696 0.061, 2.1023 0.5727 0.0569, 2.1496 0.5727 0.0569, 2.1023 0.5768 0.0538, 2.1496 0.5768 0.0538, 2.1023 0.5815 0.0519, 2.1496 0.5815 0.0519, 2.1023 0.5866 0.0512, 2.1496 0.5866 0.0512, 2.1023 0.6654 0.0512, 2.1496 0.6654 0.0512, 2.1023 0.6654 0.0, 2.1496 0.6654 0.0, 2.1023 0.5472 0.0, 2.1496 0.5472 0.0, 2.1023 0.5197 0.0266, 2.1496 0.5197 0.0266, 2.1158 0.1949 0.4111, 2.1362 0.1949 0.4111, 2.1181 0.1969 0.4134, 2.1338 0.1969 0.4134, 2.1181 0.2146 0.4134, 2.1338 0.2146 0.4134, 2.1023 0.2377 0.3976, 2.1496 0.2377 0.3976, 2.1023 0.2571 0.3844, 2.1496 0.2571 0.3844, 2.1496 0.2609 0.3811, 2.1023 0.2609 0.3811, 2.1496 0.2637 0.3769, 2.1023 0.2637 0.3769, 2.1496 0.2653 0.3722, 2.1023 0.2653 0.3722, 2.1496 0.2657 0.3672, 2.1023 0.2657 0.3672, 2.1496 0.2649 0.3623, 2.1023 0.2649 0.3623, 2.1496 0.2628 0.3578, 2.1023 0.2628 0.3578, 2.1496 0.2597 0.3539, 2.1023 0.2597 0.3539, 2.1496 0.2557 0.3509, 2.1023 0.2557 0.3509, 2.1496 0.251 0.3491, 2.1023 0.251 0.3491, 2.1496 0.2461 0.3484, 2.1023 0.2461 0.3484, 2.1023 0.2348 0.3484, 2.1496 0.2348 0.3484, 2.1023 0.2252 0.3473, 2.1496 0.2252 0.3473, 2.1023 0.2163 0.3438, 2.1496 0.2163 0.3438, 2.1023 0.2084 0.3383, 2.1496 0.2084 0.3383, 2.1023 0.2021 0.3311, 2.1496 0.2021 0.3311, 2.1023 0.1978 0.3225, 2.1496 0.1978 0.3225, 2.1023 0.1949 0.3146, 2.1496 0.1949 0.3146, 2.1023 0.1949 0.3976, 2.1496 0.1949 0.3976, 1.9449 0.5472 0.1437, 1.9449 0.5197 0.1437, 1.9921 0.5472 0.1437, 1.9921 0.5197 0.1437, 1.9921 0.5523 0.143, 1.9449 0.5523 0.143, 1.9921 0.5571 0.1411, 1.9449 0.5571 0.1411, 1.9921 0.5612 0.1379, 1.9449 0.5612 0.1379, 1.9921 0.5643 0.1339, 1.9449 0.5643 0.1339, 1.9921 0.5663 0.1291, 1.9449 0.5663 0.1291, 1.9921 0.5669 0.124, 1.9449 0.5669 0.124, 1.9449 0.5669 0.0709, 1.9921 0.5669 0.0709, 1.9449 0.5676 0.0658, 1.9921 0.5676 0.0658, 1.9449 0.5696 0.061, 1.9921 0.5696 0.061, 1.9449 0.5727 0.0569, 1.9921 0.5727 0.0569, 1.9449 0.5768 0.0538, 1.9921 0.5768 0.0538, 1.9449 0.5815 0.0519, 1.9921 0.5815 0.0519, 1.9449 0.5866 0.0512, 1.9921 0.5866 0.0512, 1.9449 0.6654 0.0512, 1.9921 0.6654 0.0512, 1.9449 0.6654 0.0, 1.9921 0.6654 0.0, 1.9449 0.5472 0.0, 1.9921 0.5472 0.0, 1.9449 0.5197 0.0266, 1.9921 0.5197 0.0266, 1.9583 0.1949 0.4111, 1.9787 0.1949 0.4111, 1.9606 0.1969 0.4134, 1.9764 0.1969 0.4134, 1.9606 0.2146 0.4134, 1.9764 0.2146 0.4134, 1.9921 0.2571 0.3844, 1.9449 0.2571 0.3844, 1.9449 0.2377 0.3976, 1.9921 0.2377 0.3976, 1.9921 0.2609 0.3811, 1.9449 0.2609 0.3811, 1.9921 0.2637 0.3769, 1.9449 0.2637 0.3769, 1.9921 0.2653 0.3722, 1.9449 0.2653 0.3722, 1.9921 0.2657 0.3672, 1.9449 0.2657 0.3672, 1.9921 0.2649 0.3623, 1.9449 0.2649 0.3623, 1.9921 0.2628 0.3578, 1.9449 0.2628 0.3578, 1.9921 0.2597 0.3539, 1.9449 0.2597 0.3539, 1.9921 0.2557 0.3509, 1.9449 0.2557 0.3509, 1.9921 0.251 0.3491, 1.9449 0.251 0.3491, 1.9921 0.2461 0.3484, 1.9449 0.2461 0.3484, 1.9449 0.2348 0.3484, 1.9921 0.2348 0.3484, 1.9449 0.2252 0.3473, 1.9921 0.2252 0.3473, 1.9449 0.2163 0.3438, 1.9921 0.2163 0.3438, 1.9449 0.2084 0.3383, 1.9921 0.2084 0.3383, 1.9449 0.2021 0.3311, 1.9921 0.2021 0.3311, 1.9449 0.1978 0.3225, 1.9921 0.1978 0.3225, 1.9449 0.1949 0.3146, 1.9921 0.1949 0.3146, 1.9449 0.1949 0.3976, 1.9921 0.1949 0.3976, 1.7874 0.5472 0.1437, 1.7874 0.5197 0.1437, 1.8346 0.5472 0.1437, 1.8346 0.5197 0.1437, 1.8346 0.5523 0.143, 1.7874 0.5523 0.143, 1.8346 0.5571 0.1411, 1.7874 0.5571 0.1411, 1.8346 0.5612 0.1379, 1.7874 0.5612 0.1379, 1.8346 0.5643 0.1339, 1.7874 0.5643 0.1339, 1.8346 0.5663 0.1291, 1.7874 0.5663 0.1291, 1.8346 0.5669 0.124, 1.7874 0.5669 0.124, 1.7874 0.5669 0.0709, 1.8346 0.5669 0.0709, 1.7874 0.5676 0.0658, 1.8346 0.5676 0.0658, 1.7874 0.5696 0.061, 1.8346 0.5696 0.061, 1.7874 0.5727 0.0569, 1.8346 0.5727 0.0569, 1.7874 0.5768 0.0538, 1.8346 0.5768 0.0538, 1.7874 0.5815 0.0519, 1.8346 0.5815 0.0519, 1.7874 0.5866 0.0512, 1.8346 0.5866 0.0512, 1.7874 0.6654 0.0512, 1.8346 0.6654 0.0512, 1.7874 0.6654 0.0, 1.8346 0.6654 0.0, 1.7874 0.5472 0.0, 1.8346 0.5472 0.0, 1.7874 0.5197 0.0266, 1.8346 0.5197 0.0266, 1.8008 0.1949 0.4111, 1.8212 0.1949 0.4111, 1.8031 0.1969 0.4134, 1.8189 0.1969 0.4134, 1.8031 0.2146 0.4134, 1.8189 0.2146 0.4134, 1.8346 0.2571 0.3844, 1.7874 0.2571 0.3844, 1.7874 0.2377 0.3976, 1.8346 0.2377 0.3976, 1.8346 0.2609 0.3811, 1.7874 0.2609 0.3811, 1.8346 0.2637 0.3769, 1.7874 0.2637 0.3769, 1.8346 0.2653 0.3722, 1.7874 0.2653 0.3722, 1.8346 0.2657 0.3672, 1.7874 0.2657 0.3672, 1.8346 0.2649 0.3623, 1.7874 0.2649 0.3623, 1.8346 0.2628 0.3578, 1.7874 0.2628 0.3578, 1.8346 0.2597 0.3539, 1.7874 0.2597 0.3539, 1.8346 0.2557 0.3509, 1.7874 0.2557 0.3509, 1.8346 0.251 0.3491, 1.7874 0.251 0.3491, 1.8346 0.2461 0.3484, 1.7874 0.2461 0.3484, 1.7874 0.2348 0.3484, 1.8346 0.2348 0.3484, 1.7874 0.2252 0.3473, 1.8346 0.2252 0.3473, 1.7874 0.2163 0.3438, 1.8346 0.2163 0.3438, 1.7874 0.2084 0.3383, 1.8346 0.2084 0.3383, 1.7874 0.2021 0.3311, 1.8346 0.2021 0.3311, 1.7874 0.1978 0.3225, 1.8346 0.1978 0.3225, 1.7874 0.1949 0.3146, 1.8346 0.1949 0.3146, 1.7874 0.1949 0.3976, 1.8346 0.1949 0.3976, 1.6299 0.5472 0.1437, 1.6299 0.5197 0.1437, 1.6771 0.5472 0.1437, 1.6771 0.5197 0.1437, 1.6771 0.5523 0.143, 1.6299 0.5523 0.143, 1.6771 0.5571 0.1411, 1.6299 0.5571 0.1411, 1.6771 0.5612 0.1379, 1.6299 0.5612 0.1379, 1.6771 0.5643 0.1339, 1.6299 0.5643 0.1339, 1.6771 0.5663 0.1291, 1.6299 0.5663 0.1291, 1.6771 0.5669 0.124, 1.6299 0.5669 0.124, 1.6299 0.5669 0.0709, 1.6771 0.5669 0.0709, 1.6299 0.5676 0.0658, 1.6771 0.5676 0.0658, 1.6299 0.5696 0.061, 1.6771 0.5696 0.061, 1.6299 0.5727 0.0569, 1.6771 0.5727 0.0569, 1.6299 0.5768 0.0538, 1.6771 0.5768 0.0538, 1.6299 0.5815 0.0519, 1.6771 0.5815 0.0519, 1.6299 0.5866 0.0512, 1.6771 0.5866 0.0512, 1.6299 0.6654 0.0512, 1.6771 0.6654 0.0512, 1.6299 0.6654 0.0, 1.6771 0.6654 0.0, 1.6299 0.5472 0.0, 1.6771 0.5472 0.0, 1.6299 0.5197 0.0266, 1.6771 0.5197 0.0266, 1.6433 0.1949 0.4111, 1.6637 0.1949 0.4111, 1.6456 0.1969 0.4134, 1.6614 0.1969 0.4134, 1.6456 0.2146 0.4134, 1.6614 0.2146 0.4134, 1.6299 0.2377 0.3976, 1.6771 0.2377 0.3976, 1.6299 0.2571 0.3844, 1.6771 0.2571 0.3844, 1.6771 0.2609 0.3811, 1.6299 0.2609 0.3811, 1.6771 0.2637 0.3769, 1.6299 0.2637 0.3769, 1.6771 0.2653 0.3722, 1.6299 0.2653 0.3722, 1.6771 0.2657 0.3672, 1.6299 0.2657 0.3672, 1.6771 0.2649 0.3623, 1.6299 0.2649 0.3623, 1.6771 0.2628 0.3578, 1.6299 0.2628 0.3578, 1.6771 0.2597 0.3539, 1.6299 0.2597 0.3539, 1.6771 0.2557 0.3509, 1.6299 0.2557 0.3509, 1.6771 0.251 0.3491, 1.6299 0.251 0.3491, 1.6771 0.2461 0.3484, 1.6299 0.2461 0.3484, 1.6299 0.2348 0.3484, 1.6771 0.2348 0.3484, 1.6299 0.2252 0.3473, 1.6771 0.2252 0.3473, 1.6299 0.2163 0.3438, 1.6771 0.2163 0.3438, 1.6299 0.2084 0.3383, 1.6771 0.2084 0.3383, 1.6299 0.2021 0.3311, 1.6771 0.2021 0.3311, 1.6299 0.1978 0.3225, 1.6771 0.1978 0.3225, 1.6299 0.1949 0.3146, 1.6771 0.1949 0.3146, 1.6299 0.1949 0.3976, 1.6771 0.1949 0.3976, 1.4724 0.5472 0.1437, 1.4724 0.5197 0.1437, 1.5197 0.5472 0.1437, 1.5197 0.5197 0.1437, 1.5197 0.5523 0.143, 1.4724 0.5523 0.143, 1.5197 0.5571 0.1411, 1.4724 0.5571 0.1411, 1.5197 0.5612 0.1379, 1.4724 0.5612 0.1379, 1.5197 0.5643 0.1339, 1.4724 0.5643 0.1339, 1.5197 0.5663 0.1291, 1.4724 0.5663 0.1291, 1.5197 0.5669 0.124, 1.4724 0.5669 0.124, 1.4724 0.5669 0.0709, 1.5197 0.5669 0.0709, 1.4724 0.5676 0.0658, 1.5197 0.5676 0.0658, 1.4724 0.5696 0.061, 1.5197 0.5696 0.061, 1.4724 0.5727 0.0569, 1.5197 0.5727 0.0569, 1.4724 0.5768 0.0538, 1.5197 0.5768 0.0538, 1.4724 0.5815 0.0519, 1.5197 0.5815 0.0519, 1.4724 0.5866 0.0512, 1.5197 0.5866 0.0512, 1.4724 0.6654 0.0512, 1.5197 0.6654 0.0512, 1.4724 0.6654 0.0, 1.5197 0.6654 0.0, 1.4724 0.5472 0.0, 1.5197 0.5472 0.0, 1.4724 0.5197 0.0266, 1.5197 0.5197 0.0266, 1.4858 0.1949 0.4111, 1.5062 0.1949 0.4111, 1.4882 0.1969 0.4134, 1.5039 0.1969 0.4134, 1.4882 0.2146 0.4134, 1.5039 0.2146 0.4134, 1.5197 0.2571 0.3844, 1.4724 0.2571 0.3844, 1.4724 0.2377 0.3976, 1.5197 0.2377 0.3976, 1.5197 0.2609 0.3811, 1.4724 0.2609 0.3811, 1.5197 0.2637 0.3769, 1.4724 0.2637 0.3769, 1.5197 0.2653 0.3722, 1.4724 0.2653 0.3722, 1.5197 0.2657 0.3672, 1.4724 0.2657 0.3672, 1.5197 0.2649 0.3623, 1.4724 0.2649 0.3623, 1.5197 0.2628 0.3578, 1.4724 0.2628 0.3578, 1.5197 0.2597 0.3539, 1.4724 0.2597 0.3539, 1.5197 0.2557 0.3509, 1.4724 0.2557 0.3509, 1.5197 0.251 0.3491, 1.4724 0.251 0.3491, 1.5197 0.2461 0.3484, 1.4724 0.2461 0.3484, 1.4724 0.2348 0.3484, 1.5197 0.2348 0.3484, 1.4724 0.2252 0.3473, 1.5197 0.2252 0.3473, 1.4724 0.2163 0.3438, 1.5197 0.2163 0.3438, 1.4724 0.2084 0.3383, 1.5197 0.2084 0.3383, 1.4724 0.2021 0.3311, 1.5197 0.2021 0.3311, 1.4724 0.1978 0.3225, 1.5197 0.1978 0.3225, 1.4724 0.1949 0.3146, 1.5197 0.1949 0.3146, 1.4724 0.1949 0.3976, 1.5197 0.1949 0.3976, 1.3149 0.5472 0.1437, 1.3149 0.5197 0.1437, 1.3622 0.5472 0.1437, 1.3622 0.5197 0.1437, 1.3622 0.5523 0.143, 1.3149 0.5523 0.143, 1.3622 0.5571 0.1411, 1.3149 0.5571 0.1411, 1.3622 0.5612 0.1379, 1.3149 0.5612 0.1379, 1.3622 0.5643 0.1339, 1.3149 0.5643 0.1339, 1.3622 0.5663 0.1291, 1.3149 0.5663 0.1291, 1.3622 0.5669 0.124, 1.3149 0.5669 0.124, 1.3149 0.5669 0.0709, 1.3622 0.5669 0.0709, 1.3149 0.5676 0.0658, 1.3622 0.5676 0.0658, 1.3149 0.5696 0.061, 1.3622 0.5696 0.061, 1.3149 0.5727 0.0569, 1.3622 0.5727 0.0569, 1.3149 0.5768 0.0538, 1.3622 0.5768 0.0538, 1.3149 0.5815 0.0519, 1.3622 0.5815 0.0519, 1.3149 0.5866 0.0512, 1.3622 0.5866 0.0512, 1.3149 0.6654 0.0512, 1.3622 0.6654 0.0512, 1.3149 0.6654 0.0, 1.3622 0.6654 0.0, 1.3149 0.5472 0.0, 1.3622 0.5472 0.0, 1.3149 0.5197 0.0266, 1.3622 0.5197 0.0266, 1.3284 0.1949 0.4111, 1.3488 0.1949 0.4111, 1.3307 0.1969 0.4134, 1.3464 0.1969 0.4134, 1.3307 0.2146 0.4134, 1.3464 0.2146 0.4134, 1.3622 0.2571 0.3844, 1.3149 0.2571 0.3844, 1.3149 0.2377 0.3976, 1.3622 0.2377 0.3976, 1.3622 0.2609 0.3811, 1.3149 0.2609 0.3811, 1.3622 0.2637 0.3769, 1.3149 0.2637 0.3769, 1.3622 0.2653 0.3722, 1.3149 0.2653 0.3722, 1.3622 0.2657 0.3672, 1.3149 0.2657 0.3672, 1.3622 0.2649 0.3623, 1.3149 0.2649 0.3623, 1.3622 0.2628 0.3578, 1.3149 0.2628 0.3578, 1.3622 0.2597 0.3539, 1.3149 0.2597 0.3539, 1.3622 0.2557 0.3509, 1.3149 0.2557 0.3509, 1.3622 0.251 0.3491, 1.3149 0.251 0.3491, 1.3622 0.2461 0.3484, 1.3149 0.2461 0.3484, 1.3149 0.2348 0.3484, 1.3622 0.2348 0.3484, 1.3149 0.2252 0.3473, 1.3622 0.2252 0.3473, 1.3149 0.2163 0.3438, 1.3622 0.2163 0.3438, 1.3149 0.2084 0.3383, 1.3622 0.2084 0.3383, 1.3149 0.2021 0.3311, 1.3622 0.2021 0.3311, 1.3149 0.1978 0.3225, 1.3622 0.1978 0.3225, 1.3149 0.1949 0.3146, 1.3622 0.1949 0.3146, 1.3149 0.1949 0.3976, 1.3622 0.1949 0.3976, 1.1575 0.5472 0.1437, 1.1575 0.5197 0.1437, 1.2047 0.5472 0.1437, 1.2047 0.5197 0.1437, 1.2047 0.5523 0.143, 1.1575 0.5523 0.143, 1.2047 0.5571 0.1411, 1.1575 0.5571 0.1411, 1.2047 0.5612 0.1379, 1.1575 0.5612 0.1379, 1.2047 0.5643 0.1339, 1.1575 0.5643 0.1339, 1.2047 0.5663 0.1291, 1.1575 0.5663 0.1291, 1.2047 0.5669 0.124, 1.1575 0.5669 0.124, 1.1575 0.5669 0.0709, 1.2047 0.5669 0.0709, 1.1575 0.5676 0.0658, 1.2047 0.5676 0.0658, 1.1575 0.5696 0.061, 1.2047 0.5696 0.061, 1.1575 0.5727 0.0569, 1.2047 0.5727 0.0569, 1.1575 0.5768 0.0538, 1.2047 0.5768 0.0538, 1.1575 0.5815 0.0519, 1.2047 0.5815 0.0519, 1.1575 0.5866 0.0512, 1.2047 0.5866 0.0512, 1.1575 0.6654 0.0512, 1.2047 0.6654 0.0512, 1.1575 0.6654 0.0, 1.2047 0.6654 0.0, 1.1575 0.5472 0.0, 1.2047 0.5472 0.0, 1.1575 0.5197 0.0266, 1.2047 0.5197 0.0266, 1.1709 0.1949 0.4111, 1.1913 0.1949 0.4111, 1.1732 0.1969 0.4134, 1.189 0.1969 0.4134, 1.1732 0.2146 0.4134, 1.189 0.2146 0.4134, 1.2047 0.2571 0.3844, 1.1575 0.2571 0.3844, 1.1575 0.2377 0.3976, 1.2047 0.2377 0.3976, 1.2047 0.2609 0.3811, 1.1575 0.2609 0.3811, 1.2047 0.2637 0.3769, 1.1575 0.2637 0.3769, 1.2047 0.2653 0.3722, 1.1575 0.2653 0.3722, 1.2047 0.2657 0.3672, 1.1575 0.2657 0.3672, 1.2047 0.2649 0.3623, 1.1575 0.2649 0.3623, 1.2047 0.2628 0.3578, 1.1575 0.2628 0.3578, 1.2047 0.2597 0.3539, 1.1575 0.2597 0.3539, 1.2047 0.2557 0.3509, 1.1575 0.2557 0.3509, 1.2047 0.251 0.3491, 1.1575 0.251 0.3491, 1.2047 0.2461 0.3484, 1.1575 0.2461 0.3484, 1.1575 0.2348 0.3484, 1.2047 0.2348 0.3484, 1.1575 0.2252 0.3473, 1.2047 0.2252 0.3473, 1.1575 0.2163 0.3438, 1.2047 0.2163 0.3438, 1.1575 0.2084 0.3383, 1.2047 0.2084 0.3383, 1.1575 0.2021 0.3311, 1.2047 0.2021 0.3311, 1.1575 0.1978 0.3225, 1.2047 0.1978 0.3225, 1.1575 0.1949 0.3146, 1.2047 0.1949 0.3146, 1.1575 0.1949 0.3976, 1.2047 0.1949 0.3976, 1.0 0.5472 0.1437, 1.0 0.5197 0.1437, 1.0472 0.5472 0.1437, 1.0472 0.5197 0.1437, 1.0472 0.5523 0.143, 1.0 0.5523 0.143, 1.0472 0.5571 0.1411, 1.0 0.5571 0.1411, 1.0472 0.5612 0.1379, 1.0 0.5612 0.1379, 1.0472 0.5643 0.1339, 1.0 0.5643 0.1339, 1.0472 0.5663 0.1291, 1.0 0.5663 0.1291, 1.0472 0.5669 0.124, 1.0 0.5669 0.124, 1.0 0.5669 0.0709, 1.0472 0.5669 0.0709, 1.0 0.5676 0.0658, 1.0472 0.5676 0.0658, 1.0 0.5696 0.061, 1.0472 0.5696 0.061, 1.0 0.5727 0.0569, 1.0472 0.5727 0.0569, 1.0 0.5768 0.0538, 1.0472 0.5768 0.0538, 1.0 0.5815 0.0519, 1.0472 0.5815 0.0519, 1.0 0.5866 0.0512, 1.0472 0.5866 0.0512, 1.0 0.6654 0.0512, 1.0472 0.6654 0.0512, 1.0 0.6654 0.0, 1.0472 0.6654 0.0, 1.0 0.5472 0.0, 1.0472 0.5472 0.0, 1.0 0.5197 0.0266, 1.0472 0.5197 0.0266, 1.0134 0.1949 0.4111, 1.0338 0.1949 0.4111, 1.0157 0.1969 0.4134, 1.0315 0.1969 0.4134, 1.0157 0.2146 0.4134, 1.0315 0.2146 0.4134, 1.0472 0.2571 0.3844, 1.0 0.2571 0.3844, 1.0 0.2377 0.3976, 1.0472 0.2377 0.3976, 1.0472 0.2609 0.3811, 1.0 0.2609 0.3811, 1.0472 0.2637 0.3769, 1.0 0.2637 0.3769, 1.0472 0.2653 0.3722, 1.0 0.2653 0.3722, 1.0472 0.2657 0.3672, 1.0 0.2657 0.3672, 1.0472 0.2649 0.3623, 1.0 0.2649 0.3623, 1.0472 0.2628 0.3578, 1.0 0.2628 0.3578, 1.0472 0.2597 0.3539, 1.0 0.2597 0.3539, 1.0472 0.2557 0.3509, 1.0 0.2557 0.3509, 1.0472 0.251 0.3491, 1.0 0.251 0.3491, 1.0472 0.2461 0.3484, 1.0 0.2461 0.3484, 1.0 0.2348 0.3484, 1.0472 0.2348 0.3484, 1.0 0.2252 0.3473, 1.0472 0.2252 0.3473, 1.0 0.2163 0.3438, 1.0472 0.2163 0.3438, 1.0 0.2084 0.3383, 1.0472 0.2084 0.3383, 1.0 0.2021 0.3311, 1.0472 0.2021 0.3311, 1.0 0.1978 0.3225, 1.0472 0.1978 0.3225, 1.0 0.1949 0.3146, 1.0472 0.1949 0.3146, 1.0 0.1949 0.3976, 1.0472 0.1949 0.3976, 0.8425 0.5472 0.1437, 0.8425 0.5197 0.1437, 0.8897 0.5472 0.1437, 0.8897 0.5197 0.1437, 0.8897 0.5523 0.143, 0.8425 0.5523 0.143, 0.8897 0.5571 0.1411, 0.8425 0.5571 0.1411, 0.8897 0.5612 0.1379, 0.8425 0.5612 0.1379, 0.8897 0.5643 0.1339, 0.8425 0.5643 0.1339, 0.8897 0.5663 0.1291, 0.8425 0.5663 0.1291, 0.8897 0.5669 0.124, 0.8425 0.5669 0.124, 0.8425 0.5669 0.0709, 0.8897 0.5669 0.0709, 0.8425 0.5676 0.0658, 0.8897 0.5676 0.0658, 0.8425 0.5696 0.061, 0.8897 0.5696 0.061, 0.8425 0.5727 0.0569, 0.8897 0.5727 0.0569, 0.8425 0.5768 0.0538, 0.8897 0.5768 0.0538, 0.8425 0.5815 0.0519, 0.8897 0.5815 0.0519, 0.8425 0.5866 0.0512, 0.8897 0.5866 0.0512, 0.8425 0.6654 0.0512, 0.8897 0.6654 0.0512, 0.8425 0.6654 0.0, 0.8897 0.6654 0.0, 0.8425 0.5472 0.0, 0.8897 0.5472 0.0, 0.8425 0.5197 0.0266, 0.8897 0.5197 0.0266, 0.8559 0.1949 0.4111, 0.8763 0.1949 0.4111, 0.8582 0.1969 0.4134, 0.874 0.1969 0.4134, 0.8582 0.2146 0.4134, 0.874 0.2146 0.4134, 0.8897 0.2571 0.3844, 0.8425 0.2571 0.3844, 0.8425 0.2377 0.3976, 0.8897 0.2377 0.3976, 0.8897 0.2609 0.3811, 0.8425 0.2609 0.3811, 0.8897 0.2637 0.3769, 0.8425 0.2637 0.3769, 0.8897 0.2653 0.3722, 0.8425 0.2653 0.3722, 0.8897 0.2657 0.3672, 0.8425 0.2657 0.3672, 0.8897 0.2649 0.3623, 0.8425 0.2649 0.3623, 0.8897 0.2628 0.3578, 0.8425 0.2628 0.3578, 0.8897 0.2597 0.3539, 0.8425 0.2597 0.3539, 0.8897 0.2557 0.3509, 0.8425 0.2557 0.3509, 0.8897 0.251 0.3491, 0.8425 0.251 0.3491, 0.8897 0.2461 0.3484, 0.8425 0.2461 0.3484, 0.8425 0.2348 0.3484, 0.8897 0.2348 0.3484, 0.8425 0.2252 0.3473, 0.8897 0.2252 0.3473, 0.8425 0.2163 0.3438, 0.8897 0.2163 0.3438, 0.8425 0.2084 0.3383, 0.8897 0.2084 0.3383, 0.8425 0.2021 0.3311, 0.8897 0.2021 0.3311, 0.8425 0.1978 0.3225, 0.8897 0.1978 0.3225, 0.8425 0.1949 0.3146, 0.8897 0.1949 0.3146, 0.8425 0.1949 0.3976, 0.8897 0.1949 0.3976, 0.685 0.5472 0.1437, 0.685 0.5197 0.1437, 0.7323 0.5472 0.1437, 0.7323 0.5197 0.1437, 0.7323 0.5523 0.143, 0.685 0.5523 0.143, 0.7323 0.5571 0.1411, 0.685 0.5571 0.1411, 0.7323 0.5612 0.1379, 0.685 0.5612 0.1379, 0.7323 0.5643 0.1339, 0.685 0.5643 0.1339, 0.7323 0.5663 0.1291, 0.685 0.5663 0.1291, 0.7323 0.5669 0.124, 0.685 0.5669 0.124, 0.685 0.5669 0.0709, 0.7323 0.5669 0.0709, 0.685 0.5676 0.0658, 0.7323 0.5676 0.0658, 0.685 0.5696 0.061, 0.7323 0.5696 0.061, 0.685 0.5727 0.0569, 0.7323 0.5727 0.0569, 0.685 0.5768 0.0538, 0.7323 0.5768 0.0538, 0.685 0.5815 0.0519, 0.7323 0.5815 0.0519, 0.685 0.5866 0.0512, 0.7323 0.5866 0.0512, 0.685 0.6654 0.0512, 0.7323 0.6654 0.0512, 0.685 0.6654 0.0, 0.7323 0.6654 0.0, 0.685 0.5472 0.0, 0.7323 0.5472 0.0, 0.685 0.5197 0.0266, 0.7323 0.5197 0.0266, 0.6984 0.1949 0.4111, 0.7188 0.1949 0.4111, 0.7008 0.1969 0.4134, 0.7165 0.1969 0.4134, 0.7008 0.2146 0.4134, 0.7165 0.2146 0.4134, 0.7323 0.2571 0.3844, 0.685 0.2571 0.3844, 0.685 0.2377 0.3976, 0.7323 0.2377 0.3976, 0.7323 0.2609 0.3811, 0.685 0.2609 0.3811, 0.7323 0.2637 0.3769, 0.685 0.2637 0.3769, 0.7323 0.2653 0.3722, 0.685 0.2653 0.3722, 0.7323 0.2657 0.3672, 0.685 0.2657 0.3672, 0.7323 0.2649 0.3623, 0.685 0.2649 0.3623, 0.7323 0.2628 0.3578, 0.685 0.2628 0.3578, 0.7323 0.2597 0.3539, 0.685 0.2597 0.3539, 0.7323 0.2557 0.3509, 0.685 0.2557 0.3509, 0.7323 0.251 0.3491, 0.685 0.251 0.3491, 0.7323 0.2461 0.3484, 0.685 0.2461 0.3484, 0.685 0.2348 0.3484, 0.7323 0.2348 0.3484, 0.685 0.2252 0.3473, 0.7323 0.2252 0.3473, 0.685 0.2163 0.3438, 0.7323 0.2163 0.3438, 0.685 0.2084 0.3383, 0.7323 0.2084 0.3383, 0.685 0.2021 0.3311, 0.7323 0.2021 0.3311, 0.685 0.1978 0.3225, 0.7323 0.1978 0.3225, 0.685 0.1949 0.3146, 0.7323 0.1949 0.3146, 0.685 0.1949 0.3976, 0.7323 0.1949 0.3976, 0.5275 0.5472 0.1437, 0.5275 0.5197 0.1437, 0.5748 0.5472 0.1437, 0.5748 0.5197 0.1437, 0.5748 0.5523 0.143, 0.5275 0.5523 0.143, 0.5748 0.5571 0.1411, 0.5275 0.5571 0.1411, 0.5748 0.5612 0.1379, 0.5275 0.5612 0.1379, 0.5748 0.5643 0.1339, 0.5275 0.5643 0.1339, 0.5748 0.5663 0.1291, 0.5275 0.5663 0.1291, 0.5748 0.5669 0.124, 0.5275 0.5669 0.124, 0.5275 0.5669 0.0709, 0.5748 0.5669 0.0709, 0.5275 0.5676 0.0658, 0.5748 0.5676 0.0658, 0.5275 0.5696 0.061, 0.5748 0.5696 0.061, 0.5275 0.5727 0.0569, 0.5748 0.5727 0.0569, 0.5275 0.5768 0.0538, 0.5748 0.5768 0.0538, 0.5275 0.5815 0.0519, 0.5748 0.5815 0.0519, 0.5275 0.5866 0.0512, 0.5748 0.5866 0.0512, 0.5275 0.6654 0.0512, 0.5748 0.6654 0.0512, 0.5275 0.6654 0.0, 0.5748 0.6654 0.0, 0.5275 0.5472 0.0, 0.5748 0.5472 0.0, 0.5275 0.5197 0.0266, 0.5748 0.5197 0.0266, 0.541 0.1949 0.4111, 0.5614 0.1949 0.4111, 0.5433 0.1969 0.4134, 0.559 0.1969 0.4134, 0.5433 0.2146 0.4134, 0.559 0.2146 0.4134, 0.5748 0.2571 0.3844, 0.5275 0.2571 0.3844, 0.5275 0.2377 0.3976, 0.5748 0.2377 0.3976, 0.5748 0.2609 0.3811, 0.5275 0.2609 0.3811, 0.5748 0.2637 0.3769, 0.5275 0.2637 0.3769, 0.5748 0.2653 0.3722, 0.5275 0.2653 0.3722, 0.5748 0.2657 0.3672, 0.5275 0.2657 0.3672, 0.5748 0.2649 0.3623, 0.5275 0.2649 0.3623, 0.5748 0.2628 0.3578, 0.5275 0.2628 0.3578, 0.5748 0.2597 0.3539, 0.5275 0.2597 0.3539, 0.5748 0.2557 0.3509, 0.5275 0.2557 0.3509, 0.5748 0.251 0.3491, 0.5275 0.251 0.3491, 0.5748 0.2461 0.3484, 0.5275 0.2461 0.3484, 0.5275 0.2348 0.3484, 0.5748 0.2348 0.3484, 0.5275 0.2252 0.3473, 0.5748 0.2252 0.3473, 0.5275 0.2163 0.3438, 0.5748 0.2163 0.3438, 0.5275 0.2084 0.3383, 0.5748 0.2084 0.3383, 0.5275 0.2021 0.3311, 0.5748 0.2021 0.3311, 0.5275 0.1978 0.3225, 0.5748 0.1978 0.3225, 0.5275 0.1949 0.3146, 0.5748 0.1949 0.3146, 0.5275 0.1949 0.3976, 0.5748 0.1949 0.3976, 0.3701 0.5472 0.1437, 0.3701 0.5197 0.1437, 0.4173 0.5472 0.1437, 0.4173 0.5197 0.1437, 0.4173 0.5523 0.143, 0.3701 0.5523 0.143, 0.4173 0.5571 0.1411, 0.3701 0.5571 0.1411, 0.4173 0.5612 0.1379, 0.3701 0.5612 0.1379, 0.4173 0.5643 0.1339, 0.3701 0.5643 0.1339, 0.4173 0.5663 0.1291, 0.3701 0.5663 0.1291, 0.4173 0.5669 0.124, 0.3701 0.5669 0.124, 0.3701 0.5669 0.0709, 0.4173 0.5669 0.0709, 0.3701 0.5676 0.0658, 0.4173 0.5676 0.0658, 0.3701 0.5696 0.061, 0.4173 0.5696 0.061, 0.3701 0.5727 0.0569, 0.4173 0.5727 0.0569, 0.3701 0.5768 0.0538, 0.4173 0.5768 0.0538, 0.3701 0.5815 0.0519, 0.4173 0.5815 0.0519, 0.3701 0.5866 0.0512, 0.4173 0.5866 0.0512, 0.3701 0.6654 0.0512, 0.4173 0.6654 0.0512, 0.3701 0.6654 0.0, 0.4173 0.6654 0.0, 0.3701 0.5472 0.0, 0.4173 0.5472 0.0, 0.3701 0.5197 0.0266, 0.4173 0.5197 0.0266, 0.3835 0.1949 0.4111, 0.4039 0.1949 0.4111, 0.3858 0.1969 0.4134, 0.4016 0.1969 0.4134, 0.3858 0.2146 0.4134, 0.4016 0.2146 0.4134, 0.4173 0.2571 0.3844, 0.3701 0.2571 0.3844, 0.3701 0.2377 0.3976, 0.4173 0.2377 0.3976, 0.4173 0.2609 0.3811, 0.3701 0.2609 0.3811, 0.4173 0.2637 0.3769, 0.3701 0.2637 0.3769, 0.4173 0.2653 0.3722, 0.3701 0.2653 0.3722, 0.4173 0.2657 0.3672, 0.3701 0.2657 0.3672, 0.4173 0.2649 0.3623, 0.3701 0.2649 0.3623, 0.4173 0.2628 0.3578, 0.3701 0.2628 0.3578, 0.4173 0.2597 0.3539, 0.3701 0.2597 0.3539, 0.4173 0.2557 0.3509, 0.3701 0.2557 0.3509, 0.4173 0.251 0.3491, 0.3701 0.251 0.3491, 0.4173 0.2461 0.3484, 0.3701 0.2461 0.3484, 0.3701 0.2348 0.3484, 0.4173 0.2348 0.3484, 0.3701 0.2252 0.3473, 0.4173 0.2252 0.3473, 0.3701 0.2163 0.3438, 0.4173 0.2163 0.3438, 0.3701 0.2084 0.3383, 0.4173 0.2084 0.3383, 0.3701 0.2021 0.3311, 0.4173 0.2021 0.3311, 0.3701 0.1978 0.3225, 0.4173 0.1978 0.3225, 0.3701 0.1949 0.3146, 0.4173 0.1949 0.3146, 0.3701 0.1949 0.3976, 0.4173 0.1949 0.3976, 0.2126 0.5472 0.1437, 0.2126 0.5197 0.1437, 0.2598 0.5472 0.1437, 0.2598 0.5197 0.1437, 0.2598 0.5523 0.143, 0.2126 0.5523 0.143, 0.2598 0.5571 0.1411, 0.2126 0.5571 0.1411, 0.2598 0.5612 0.1379, 0.2126 0.5612 0.1379, 0.2598 0.5643 0.1339, 0.2126 0.5643 0.1339, 0.2598 0.5663 0.1291, 0.2126 0.5663 0.1291, 0.2598 0.5669 0.124, 0.2126 0.5669 0.124, 0.2126 0.5669 0.0709, 0.2598 0.5669 0.0709, 0.2126 0.5676 0.0658, 0.2598 0.5676 0.0658, 0.2126 0.5696 0.061, 0.2598 0.5696 0.061, 0.2126 0.5727 0.0569, 0.2598 0.5727 0.0569, 0.2126 0.5768 0.0538, 0.2598 0.5768 0.0538, 0.2126 0.5815 0.0519, 0.2598 0.5815 0.0519, 0.2126 0.5866 0.0512, 0.2598 0.5866 0.0512, 0.2126 0.6654 0.0512, 0.2598 0.6654 0.0512, 0.2126 0.6654 0.0, 0.2598 0.6654 0.0, 0.2126 0.5472 0.0, 0.2598 0.5472 0.0, 0.2126 0.5197 0.0266, 0.2598 0.5197 0.0266, 0.226 0.1949 0.4111, 0.2464 0.1949 0.4111, 0.2283 0.1969 0.4134, 0.2441 0.1969 0.4134, 0.2283 0.2146 0.4134, 0.2441 0.2146 0.4134, 0.2598 0.2571 0.3844, 0.2126 0.2571 0.3844, 0.2126 0.2377 0.3976, 0.2598 0.2377 0.3976, 0.2598 0.2609 0.3811, 0.2126 0.2609 0.3811, 0.2598 0.2637 0.3769, 0.2126 0.2637 0.3769, 0.2598 0.2653 0.3722, 0.2126 0.2653 0.3722, 0.2598 0.2657 0.3672, 0.2126 0.2657 0.3672, 0.2598 0.2649 0.3623, 0.2126 0.2649 0.3623, 0.2598 0.2628 0.3578, 0.2126 0.2628 0.3578, 0.2598 0.2597 0.3539, 0.2126 0.2597 0.3539, 0.2598 0.2557 0.3509, 0.2126 0.2557 0.3509, 0.2598 0.251 0.3491, 0.2126 0.251 0.3491, 0.2598 0.2461 0.3484, 0.2126 0.2461 0.3484, 0.2126 0.2348 0.3484, 0.2598 0.2348 0.3484, 0.2126 0.2252 0.3473, 0.2598 0.2252 0.3473, 0.2126 0.2163 0.3438, 0.2598 0.2163 0.3438, 0.2126 0.2084 0.3383, 0.2598 0.2084 0.3383, 0.2126 0.2021 0.3311, 0.2598 0.2021 0.3311, 0.2126 0.1978 0.3225, 0.2598 0.1978 0.3225, 0.2126 0.1949 0.3146, 0.2598 0.1949 0.3146, 0.2126 0.1949 0.3976, 0.2598 0.1949 0.3976, 0.0551 0.5472 0.1437, 0.0551 0.5197 0.1437, 0.1023 0.5472 0.1437, 0.1023 0.5197 0.1437, 0.1023 0.5523 0.143, 0.0551 0.5523 0.143, 0.1023 0.5571 0.1411, 0.0551 0.5571 0.1411, 0.1023 0.5612 0.1379, 0.0551 0.5612 0.1379, 0.1023 0.5643 0.1339, 0.0551 0.5643 0.1339, 0.1023 0.5663 0.1291, 0.0551 0.5663 0.1291, 0.1023 0.5669 0.124, 0.0551 0.5669 0.124, 0.0551 0.5669 0.0709, 0.1023 0.5669 0.0709, 0.0551 0.5676 0.0658, 0.1023 0.5676 0.0658, 0.0551 0.5696 0.061, 0.1023 0.5696 0.061, 0.0551 0.5727 0.0569, 0.1023 0.5727 0.0569, 0.0551 0.5768 0.0538, 0.1023 0.5768 0.0538, 0.0551 0.5815 0.0519, 0.1023 0.5815 0.0519, 0.0551 0.5866 0.0512, 0.1023 0.5866 0.0512, 0.0551 0.6654 0.0512, 0.1023 0.6654 0.0512, 0.0551 0.6654 0.0, 0.1023 0.6654 0.0, 0.0551 0.5472 0.0, 0.1023 0.5472 0.0, 0.0551 0.5197 0.0266, 0.1023 0.5197 0.0266, 0.0685 0.1949 0.4111, 0.0889 0.1949 0.4111, 0.0708 0.1969 0.4134, 0.0866 0.1969 0.4134, 0.0708 0.2146 0.4134, 0.0866 0.2146 0.4134, 0.1023 0.2571 0.3844, 0.0551 0.2571 0.3844, 0.0551 0.2377 0.3976, 0.1023 0.2377 0.3976, 0.1023 0.2609 0.3811, 0.0551 0.2609 0.3811, 0.1023 0.2637 0.3769, 0.0551 0.2637 0.3769, 0.1023 0.2653 0.3722, 0.0551 0.2653 0.3722, 0.1023 0.2657 0.3672, 0.0551 0.2657 0.3672, 0.1023 0.2649 0.3623, 0.0551 0.2649 0.3623, 0.1023 0.2628 0.3578, 0.0551 0.2628 0.3578, 0.1023 0.2597 0.3539, 0.0551 0.2597 0.3539, 0.1023 0.2557 0.3509, 0.0551 0.2557 0.3509, 0.1023 0.251 0.3491, 0.0551 0.251 0.3491, 0.1023 0.2461 0.3484, 0.0551 0.2461 0.3484, 0.0551 0.2348 0.3484, 0.1023 0.2348 0.3484, 0.0551 0.2252 0.3473, 0.1023 0.2252 0.3473, 0.0551 0.2163 0.3438, 0.1023 0.2163 0.3438, 0.0551 0.2084 0.3383, 0.1023 0.2084 0.3383, 0.0551 0.2021 0.3311, 0.1023 0.2021 0.3311, 0.0551 0.1978 0.3225, 0.1023 0.1978 0.3225, 0.0551 0.1949 0.3146, 0.1023 0.1949 0.3146, 0.0551 0.1949 0.3976, 0.1023 0.1949 0.3976, -0.1024 0.5472 0.1437, -0.1024 0.5197 0.1437, -0.0551 0.5472 0.1437, -0.0551 0.5197 0.1437, -0.0551 0.5523 0.143, -0.1024 0.5523 0.143, -0.0551 0.5571 0.1411, -0.1024 0.5571 0.1411, -0.0551 0.5612 0.1379, -0.1024 0.5612 0.1379, -0.0551 0.5643 0.1339, -0.1024 0.5643 0.1339, -0.0551 0.5663 0.1291, -0.1024 0.5663 0.1291, -0.0551 0.5669 0.124, -0.1024 0.5669 0.124, -0.1024 0.5669 0.0709, -0.0551 0.5669 0.0709, -0.1024 0.5676 0.0658, -0.0551 0.5676 0.0658, -0.1024 0.5696 0.061, -0.0551 0.5696 0.061, -0.1024 0.5727 0.0569, -0.0551 0.5727 0.0569, -0.1024 0.5768 0.0538, -0.0551 0.5768 0.0538, -0.1024 0.5815 0.0519, -0.0551 0.5815 0.0519, -0.1024 0.5866 0.0512, -0.0551 0.5866 0.0512, -0.1024 0.6654 0.0512, -0.0551 0.6654 0.0512, -0.1024 0.6654 0.0, -0.0551 0.6654 0.0, -0.1024 0.5472 0.0, -0.0551 0.5472 0.0, -0.1024 0.5197 0.0266, -0.0551 0.5197 0.0266, -0.089 0.1949 0.4111, -0.0686 0.1949 0.4111, -0.0866 0.1969 0.4134, -0.0709 0.1969 0.4134, -0.0866 0.2146 0.4134, -0.0709 0.2146 0.4134, -0.0551 0.2571 0.3844, -0.1024 0.2571 0.3844, -0.1024 0.2377 0.3976, -0.0551 0.2377 0.3976, -0.0551 0.2609 0.3811, -0.1024 0.2609 0.3811, -0.0551 0.2637 0.3769, -0.1024 0.2637 0.3769, -0.0551 0.2653 0.3722, -0.1024 0.2653 0.3722, -0.0551 0.2657 0.3672, -0.1024 0.2657 0.3672, -0.0551 0.2649 0.3623, -0.1024 0.2649 0.3623, -0.0551 0.2628 0.3578, -0.1024 0.2628 0.3578, -0.0551 0.2597 0.3539, -0.1024 0.2597 0.3539, -0.0551 0.2557 0.3509, -0.1024 0.2557 0.3509, -0.0551 0.251 0.3491, -0.1024 0.251 0.3491, -0.0551 0.2461 0.3484, -0.1024 0.2461 0.3484, -0.1024 0.2348 0.3484, -0.0551 0.2348 0.3484, -0.1024 0.2252 0.3473, -0.0551 0.2252 0.3473, -0.1024 0.2163 0.3438, -0.0551 0.2163 0.3438, -0.1024 0.2084 0.3383, -0.0551 0.2084 0.3383, -0.1024 0.2021 0.3311, -0.0551 0.2021 0.3311, -0.1024 0.1978 0.3225, -0.0551 0.1978 0.3225, -0.1024 0.1949 0.3146, -0.0551 0.1949 0.3146, -0.1024 0.1949 0.3976, -0.0551 0.1949 0.3976, -0.2599 0.5472 0.1437, -0.2599 0.5197 0.1437, -0.2126 0.5472 0.1437, -0.2126 0.5197 0.1437, -0.2126 0.5523 0.143, -0.2599 0.5523 0.143, -0.2126 0.5571 0.1411, -0.2599 0.5571 0.1411, -0.2126 0.5612 0.1379, -0.2599 0.5612 0.1379, -0.2126 0.5643 0.1339, -0.2599 0.5643 0.1339, -0.2126 0.5663 0.1291, -0.2599 0.5663 0.1291, -0.2126 0.5669 0.124, -0.2599 0.5669 0.124, -0.2599 0.5669 0.0709, -0.2126 0.5669 0.0709, -0.2599 0.5676 0.0658, -0.2126 0.5676 0.0658, -0.2599 0.5696 0.061, -0.2126 0.5696 0.061, -0.2599 0.5727 0.0569, -0.2126 0.5727 0.0569, -0.2599 0.5768 0.0538, -0.2126 0.5768 0.0538, -0.2599 0.5815 0.0519, -0.2126 0.5815 0.0519, -0.2599 0.5866 0.0512, -0.2126 0.5866 0.0512, -0.2599 0.6654 0.0512, -0.2126 0.6654 0.0512, -0.2599 0.6654 0.0, -0.2126 0.6654 0.0, -0.2599 0.5472 0.0, -0.2126 0.5472 0.0, -0.2599 0.5197 0.0266, -0.2126 0.5197 0.0266, -0.2464 0.1949 0.4111, -0.226 0.1949 0.4111, -0.2441 0.1969 0.4134, -0.2284 0.1969 0.4134, -0.2441 0.2146 0.4134, -0.2284 0.2146 0.4134, -0.2126 0.2571 0.3844, -0.2599 0.2571 0.3844, -0.2599 0.2377 0.3976, -0.2126 0.2377 0.3976, -0.2126 0.2609 0.3811, -0.2599 0.2609 0.3811, -0.2126 0.2637 0.3769, -0.2599 0.2637 0.3769, -0.2126 0.2653 0.3722, -0.2599 0.2653 0.3722, -0.2126 0.2657 0.3672, -0.2599 0.2657 0.3672, -0.2126 0.2649 0.3623, -0.2599 0.2649 0.3623, -0.2126 0.2628 0.3578, -0.2599 0.2628 0.3578, -0.2126 0.2597 0.3539, -0.2599 0.2597 0.3539, -0.2126 0.2557 0.3509, -0.2599 0.2557 0.3509, -0.2126 0.251 0.3491, -0.2599 0.251 0.3491, -0.2126 0.2461 0.3484, -0.2599 0.2461 0.3484, -0.2599 0.2348 0.3484, -0.2126 0.2348 0.3484, -0.2599 0.2252 0.3473, -0.2126 0.2252 0.3473, -0.2599 0.2163 0.3438, -0.2126 0.2163 0.3438, -0.2599 0.2084 0.3383, -0.2126 0.2084 0.3383, -0.2599 0.2021 0.3311, -0.2126 0.2021 0.3311, -0.2599 0.1978 0.3225, -0.2126 0.1978 0.3225, -0.2599 0.1949 0.3146, -0.2126 0.1949 0.3146, -0.2599 0.1949 0.3976, -0.2126 0.1949 0.3976, -0.4173 0.5472 0.1437, -0.4173 0.5197 0.1437, -0.3701 0.5472 0.1437, -0.3701 0.5197 0.1437, -0.3701 0.5523 0.143, -0.4173 0.5523 0.143, -0.3701 0.5571 0.1411, -0.4173 0.5571 0.1411, -0.3701 0.5612 0.1379, -0.4173 0.5612 0.1379, -0.3701 0.5643 0.1339, -0.4173 0.5643 0.1339, -0.3701 0.5663 0.1291, -0.4173 0.5663 0.1291, -0.3701 0.5669 0.124, -0.4173 0.5669 0.124, -0.4173 0.5669 0.0709, -0.3701 0.5669 0.0709, -0.4173 0.5676 0.0658, -0.3701 0.5676 0.0658, -0.4173 0.5696 0.061, -0.3701 0.5696 0.061, -0.4173 0.5727 0.0569, -0.3701 0.5727 0.0569, -0.4173 0.5768 0.0538, -0.3701 0.5768 0.0538, -0.4173 0.5815 0.0519, -0.3701 0.5815 0.0519, -0.4173 0.5866 0.0512, -0.3701 0.5866 0.0512, -0.4173 0.6654 0.0512, -0.3701 0.6654 0.0512, -0.4173 0.6654 0.0, -0.3701 0.6654 0.0, -0.4173 0.5472 0.0, -0.3701 0.5472 0.0, -0.4173 0.5197 0.0266, -0.3701 0.5197 0.0266, -0.4039 0.1949 0.4111, -0.3835 0.1949 0.4111, -0.4016 0.1969 0.4134, -0.3858 0.1969 0.4134, -0.4016 0.2146 0.4134, -0.3858 0.2146 0.4134, -0.3701 0.2571 0.3844, -0.4173 0.2571 0.3844, -0.4173 0.2377 0.3976, -0.3701 0.2377 0.3976, -0.3701 0.2609 0.3811, -0.4173 0.2609 0.3811, -0.3701 0.2637 0.3769, -0.4173 0.2637 0.3769, -0.3701 0.2653 0.3722, -0.4173 0.2653 0.3722, -0.3701 0.2657 0.3672, -0.4173 0.2657 0.3672, -0.3701 0.2649 0.3623, -0.4173 0.2649 0.3623, -0.3701 0.2628 0.3578, -0.4173 0.2628 0.3578, -0.3701 0.2597 0.3539, -0.4173 0.2597 0.3539, -0.3701 0.2557 0.3509, -0.4173 0.2557 0.3509, -0.3701 0.251 0.3491, -0.4173 0.251 0.3491, -0.3701 0.2461 0.3484, -0.4173 0.2461 0.3484, -0.4173 0.2348 0.3484, -0.3701 0.2348 0.3484, -0.4173 0.2252 0.3473, -0.3701 0.2252 0.3473, -0.4173 0.2163 0.3438, -0.3701 0.2163 0.3438, -0.4173 0.2084 0.3383, -0.3701 0.2084 0.3383, -0.4173 0.2021 0.3311, -0.3701 0.2021 0.3311, -0.4173 0.1978 0.3225, -0.3701 0.1978 0.3225, -0.4173 0.1949 0.3146, -0.3701 0.1949 0.3146, -0.4173 0.1949 0.3976, -0.3701 0.1949 0.3976, -0.5748 0.5472 0.1437, -0.5748 0.5197 0.1437, -0.5276 0.5472 0.1437, -0.5276 0.5197 0.1437, -0.5276 0.5523 0.143, -0.5748 0.5523 0.143, -0.5276 0.5571 0.1411, -0.5748 0.5571 0.1411, -0.5276 0.5612 0.1379, -0.5748 0.5612 0.1379, -0.5276 0.5643 0.1339, -0.5748 0.5643 0.1339, -0.5276 0.5663 0.1291, -0.5748 0.5663 0.1291, -0.5276 0.5669 0.124, -0.5748 0.5669 0.124, -0.5748 0.5669 0.0709, -0.5276 0.5669 0.0709, -0.5748 0.5676 0.0658, -0.5276 0.5676 0.0658, -0.5748 0.5696 0.061, -0.5276 0.5696 0.061, -0.5748 0.5727 0.0569, -0.5276 0.5727 0.0569, -0.5748 0.5768 0.0538, -0.5276 0.5768 0.0538, -0.5748 0.5815 0.0519, -0.5276 0.5815 0.0519, -0.5748 0.5866 0.0512, -0.5276 0.5866 0.0512, -0.5748 0.6654 0.0512, -0.5276 0.6654 0.0512, -0.5748 0.6654 0.0, -0.5276 0.6654 0.0, -0.5748 0.5472 0.0, -0.5276 0.5472 0.0, -0.5748 0.5197 0.0266, -0.5276 0.5197 0.0266, -0.5614 0.1949 0.4111, -0.541 0.1949 0.4111, -0.5591 0.1969 0.4134, -0.5433 0.1969 0.4134, -0.5591 0.2146 0.4134, -0.5433 0.2146 0.4134, -0.5276 0.2571 0.3844, -0.5748 0.2571 0.3844, -0.5748 0.2377 0.3976, -0.5276 0.2377 0.3976, -0.5276 0.2609 0.3811, -0.5748 0.2609 0.3811, -0.5276 0.2637 0.3769, -0.5748 0.2637 0.3769, -0.5276 0.2653 0.3722, -0.5748 0.2653 0.3722, -0.5276 0.2657 0.3672, -0.5748 0.2657 0.3672, -0.5276 0.2649 0.3623, -0.5748 0.2649 0.3623, -0.5276 0.2628 0.3578, -0.5748 0.2628 0.3578, -0.5276 0.2597 0.3539, -0.5748 0.2597 0.3539, -0.5276 0.2557 0.3509, -0.5748 0.2557 0.3509, -0.5276 0.251 0.3491, -0.5748 0.251 0.3491, -0.5276 0.2461 0.3484, -0.5748 0.2461 0.3484, -0.5748 0.2348 0.3484, -0.5276 0.2348 0.3484, -0.5748 0.2252 0.3473, -0.5276 0.2252 0.3473, -0.5748 0.2163 0.3438, -0.5276 0.2163 0.3438, -0.5748 0.2084 0.3383, -0.5276 0.2084 0.3383, -0.5748 0.2021 0.3311, -0.5276 0.2021 0.3311, -0.5748 0.1978 0.3225, -0.5276 0.1978 0.3225, -0.5748 0.1949 0.3146, -0.5276 0.1949 0.3146, -0.5748 0.1949 0.3976, -0.5276 0.1949 0.3976, -0.7323 0.5472 0.1437, -0.7323 0.5197 0.1437, -0.6851 0.5472 0.1437, -0.6851 0.5197 0.1437, -0.6851 0.5523 0.143, -0.7323 0.5523 0.143, -0.6851 0.5571 0.1411, -0.7323 0.5571 0.1411, -0.6851 0.5612 0.1379, -0.7323 0.5612 0.1379, -0.6851 0.5643 0.1339, -0.7323 0.5643 0.1339, -0.6851 0.5663 0.1291, -0.7323 0.5663 0.1291, -0.6851 0.5669 0.124, -0.7323 0.5669 0.124, -0.7323 0.5669 0.0709, -0.6851 0.5669 0.0709, -0.7323 0.5676 0.0658, -0.6851 0.5676 0.0658, -0.7323 0.5696 0.061, -0.6851 0.5696 0.061, -0.7323 0.5727 0.0569, -0.6851 0.5727 0.0569, -0.7323 0.5768 0.0538, -0.6851 0.5768 0.0538, -0.7323 0.5815 0.0519, -0.6851 0.5815 0.0519, -0.7323 0.5866 0.0512, -0.6851 0.5866 0.0512, -0.7323 0.6654 0.0512, -0.6851 0.6654 0.0512, -0.7323 0.6654 0.0, -0.6851 0.6654 0.0, -0.7323 0.5472 0.0, -0.6851 0.5472 0.0, -0.7323 0.5197 0.0266, -0.6851 0.5197 0.0266, -0.7189 0.1949 0.4111, -0.6985 0.1949 0.4111, -0.7166 0.1969 0.4134, -0.7008 0.1969 0.4134, -0.7166 0.2146 0.4134, -0.7008 0.2146 0.4134, -0.6851 0.2571 0.3844, -0.7323 0.2571 0.3844, -0.7323 0.2377 0.3976, -0.6851 0.2377 0.3976, -0.6851 0.2609 0.3811, -0.7323 0.2609 0.3811, -0.6851 0.2637 0.3769, -0.7323 0.2637 0.3769, -0.6851 0.2653 0.3722, -0.7323 0.2653 0.3722, -0.6851 0.2657 0.3672, -0.7323 0.2657 0.3672, -0.6851 0.2649 0.3623, -0.7323 0.2649 0.3623, -0.6851 0.2628 0.3578, -0.7323 0.2628 0.3578, -0.6851 0.2597 0.3539, -0.7323 0.2597 0.3539, -0.6851 0.2557 0.3509, -0.7323 0.2557 0.3509, -0.6851 0.251 0.3491, -0.7323 0.251 0.3491, -0.6851 0.2461 0.3484, -0.7323 0.2461 0.3484, -0.7323 0.2348 0.3484, -0.6851 0.2348 0.3484, -0.7323 0.2252 0.3473, -0.6851 0.2252 0.3473, -0.7323 0.2163 0.3438, -0.6851 0.2163 0.3438, -0.7323 0.2084 0.3383, -0.6851 0.2084 0.3383, -0.7323 0.2021 0.3311, -0.6851 0.2021 0.3311, -0.7323 0.1978 0.3225, -0.6851 0.1978 0.3225, -0.7323 0.1949 0.3146, -0.6851 0.1949 0.3146, -0.7323 0.1949 0.3976, -0.6851 0.1949 0.3976, -0.8898 0.5472 0.1437, -0.8898 0.5197 0.1437, -0.8425 0.5472 0.1437, -0.8425 0.5197 0.1437, -0.8425 0.5523 0.143, -0.8898 0.5523 0.143, -0.8425 0.5571 0.1411, -0.8898 0.5571 0.1411, -0.8425 0.5612 0.1379, -0.8898 0.5612 0.1379, -0.8425 0.5643 0.1339, -0.8898 0.5643 0.1339, -0.8425 0.5663 0.1291, -0.8898 0.5663 0.1291, -0.8425 0.5669 0.124, -0.8898 0.5669 0.124, -0.8898 0.5669 0.0709, -0.8425 0.5669 0.0709, -0.8898 0.5676 0.0658, -0.8425 0.5676 0.0658, -0.8898 0.5696 0.061, -0.8425 0.5696 0.061, -0.8898 0.5727 0.0569, -0.8425 0.5727 0.0569, -0.8898 0.5768 0.0538, -0.8425 0.5768 0.0538, -0.8898 0.5815 0.0519, -0.8425 0.5815 0.0519, -0.8898 0.5866 0.0512, -0.8425 0.5866 0.0512, -0.8898 0.6654 0.0512, -0.8425 0.6654 0.0512, -0.8898 0.6654 0.0, -0.8425 0.6654 0.0, -0.8898 0.5472 0.0, -0.8425 0.5472 0.0, -0.8898 0.5197 0.0266, -0.8425 0.5197 0.0266, -0.8764 0.1949 0.4111, -0.856 0.1949 0.4111, -0.874 0.1969 0.4134, -0.8583 0.1969 0.4134, -0.874 0.2146 0.4134, -0.8583 0.2146 0.4134, -0.8425 0.2571 0.3844, -0.8898 0.2571 0.3844, -0.8898 0.2377 0.3976, -0.8425 0.2377 0.3976, -0.8425 0.2609 0.3811, -0.8898 0.2609 0.3811, -0.8425 0.2637 0.3769, -0.8898 0.2637 0.3769, -0.8425 0.2653 0.3722, -0.8898 0.2653 0.3722, -0.8425 0.2657 0.3672, -0.8898 0.2657 0.3672, -0.8425 0.2649 0.3623, -0.8898 0.2649 0.3623, -0.8425 0.2628 0.3578, -0.8898 0.2628 0.3578, -0.8425 0.2597 0.3539, -0.8898 0.2597 0.3539, -0.8425 0.2557 0.3509, -0.8898 0.2557 0.3509, -0.8425 0.251 0.3491, -0.8898 0.251 0.3491, -0.8425 0.2461 0.3484, -0.8898 0.2461 0.3484, -0.8898 0.2348 0.3484, -0.8425 0.2348 0.3484, -0.8898 0.2252 0.3473, -0.8425 0.2252 0.3473, -0.8898 0.2163 0.3438, -0.8425 0.2163 0.3438, -0.8898 0.2084 0.3383, -0.8425 0.2084 0.3383, -0.8898 0.2021 0.3311, -0.8425 0.2021 0.3311, -0.8898 0.1978 0.3225, -0.8425 0.1978 0.3225, -0.8898 0.1949 0.3146, -0.8425 0.1949 0.3146, -0.8898 0.1949 0.3976, -0.8425 0.1949 0.3976, -1.0473 0.5472 0.1437, -1.0473 0.5197 0.1437, -1.0 0.5472 0.1437, -1.0 0.5197 0.1437, -1.0 0.5523 0.143, -1.0473 0.5523 0.143, -1.0 0.5571 0.1411, -1.0473 0.5571 0.1411, -1.0 0.5612 0.1379, -1.0473 0.5612 0.1379, -1.0 0.5643 0.1339, -1.0473 0.5643 0.1339, -1.0 0.5663 0.1291, -1.0473 0.5663 0.1291, -1.0 0.5669 0.124, -1.0473 0.5669 0.124, -1.0473 0.5669 0.0709, -1.0 0.5669 0.0709, -1.0473 0.5676 0.0658, -1.0 0.5676 0.0658, -1.0473 0.5696 0.061, -1.0 0.5696 0.061, -1.0473 0.5727 0.0569, -1.0 0.5727 0.0569, -1.0473 0.5768 0.0538, -1.0 0.5768 0.0538, -1.0473 0.5815 0.0519, -1.0 0.5815 0.0519, -1.0473 0.5866 0.0512, -1.0 0.5866 0.0512, -1.0473 0.6654 0.0512, -1.0 0.6654 0.0512, -1.0473 0.6654 0.0, -1.0 0.6654 0.0, -1.0473 0.5472 0.0, -1.0 0.5472 0.0, -1.0473 0.5197 0.0266, -1.0 0.5197 0.0266, -1.0338 0.1949 0.4111, -1.0134 0.1949 0.4111, -1.0315 0.1969 0.4134, -1.0158 0.1969 0.4134, -1.0315 0.2146 0.4134, -1.0158 0.2146 0.4134, -1.0 0.2571 0.3844, -1.0473 0.2571 0.3844, -1.0473 0.2377 0.3976, -1.0 0.2377 0.3976, -1.0 0.2609 0.3811, -1.0473 0.2609 0.3811, -1.0 0.2637 0.3769, -1.0473 0.2637 0.3769, -1.0 0.2653 0.3722, -1.0473 0.2653 0.3722, -1.0 0.2657 0.3672, -1.0473 0.2657 0.3672, -1.0 0.2649 0.3623, -1.0473 0.2649 0.3623, -1.0 0.2628 0.3578, -1.0473 0.2628 0.3578, -1.0 0.2597 0.3539, -1.0473 0.2597 0.3539, -1.0 0.2557 0.3509, -1.0473 0.2557 0.3509, -1.0 0.251 0.3491, -1.0473 0.251 0.3491, -1.0 0.2461 0.3484, -1.0473 0.2461 0.3484, -1.0473 0.2348 0.3484, -1.0 0.2348 0.3484, -1.0473 0.2252 0.3473, -1.0 0.2252 0.3473, -1.0473 0.2163 0.3438, -1.0 0.2163 0.3438, -1.0473 0.2084 0.3383, -1.0 0.2084 0.3383, -1.0473 0.2021 0.3311, -1.0 0.2021 0.3311, -1.0473 0.1978 0.3225, -1.0 0.1978 0.3225, -1.0473 0.1949 0.3146, -1.0 0.1949 0.3146, -1.0473 0.1949 0.3976, -1.0 0.1949 0.3976, -1.2047 0.5472 0.1437, -1.2047 0.5197 0.1437, -1.1575 0.5472 0.1437, -1.1575 0.5197 0.1437, -1.1575 0.5523 0.143, -1.2047 0.5523 0.143, -1.1575 0.5571 0.1411, -1.2047 0.5571 0.1411, -1.1575 0.5612 0.1379, -1.2047 0.5612 0.1379, -1.1575 0.5643 0.1339, -1.2047 0.5643 0.1339, -1.1575 0.5663 0.1291, -1.2047 0.5663 0.1291, -1.1575 0.5669 0.124, -1.2047 0.5669 0.124, -1.2047 0.5669 0.0709, -1.1575 0.5669 0.0709, -1.2047 0.5676 0.0658, -1.1575 0.5676 0.0658, -1.2047 0.5696 0.061, -1.1575 0.5696 0.061, -1.2047 0.5727 0.0569, -1.1575 0.5727 0.0569, -1.2047 0.5768 0.0538, -1.1575 0.5768 0.0538, -1.2047 0.5815 0.0519, -1.1575 0.5815 0.0519, -1.2047 0.5866 0.0512, -1.1575 0.5866 0.0512, -1.2047 0.6654 0.0512, -1.1575 0.6654 0.0512, -1.2047 0.6654 0.0, -1.1575 0.6654 0.0, -1.2047 0.5472 0.0, -1.1575 0.5472 0.0, -1.2047 0.5197 0.0266, -1.1575 0.5197 0.0266, -1.1913 0.1949 0.4111, -1.1709 0.1949 0.4111, -1.189 0.1969 0.4134, -1.1732 0.1969 0.4134, -1.189 0.2146 0.4134, -1.1732 0.2146 0.4134, -1.1575 0.2571 0.3844, -1.2047 0.2571 0.3844, -1.2047 0.2377 0.3976, -1.1575 0.2377 0.3976, -1.1575 0.2609 0.3811, -1.2047 0.2609 0.3811, -1.1575 0.2637 0.3769, -1.2047 0.2637 0.3769, -1.1575 0.2653 0.3722, -1.2047 0.2653 0.3722, -1.1575 0.2657 0.3672, -1.2047 0.2657 0.3672, -1.1575 0.2649 0.3623, -1.2047 0.2649 0.3623, -1.1575 0.2628 0.3578, -1.2047 0.2628 0.3578, -1.1575 0.2597 0.3539, -1.2047 0.2597 0.3539, -1.1575 0.2557 0.3509, -1.2047 0.2557 0.3509, -1.1575 0.251 0.3491, -1.2047 0.251 0.3491, -1.1575 0.2461 0.3484, -1.2047 0.2461 0.3484, -1.2047 0.2348 0.3484, -1.1575 0.2348 0.3484, -1.2047 0.2252 0.3473, -1.1575 0.2252 0.3473, -1.2047 0.2163 0.3438, -1.1575 0.2163 0.3438, -1.2047 0.2084 0.3383, -1.1575 0.2084 0.3383, -1.2047 0.2021 0.3311, -1.1575 0.2021 0.3311, -1.2047 0.1978 0.3225, -1.1575 0.1978 0.3225, -1.2047 0.1949 0.3146, -1.1575 0.1949 0.3146, -1.2047 0.1949 0.3976, -1.1575 0.1949 0.3976, -1.3622 0.5472 0.1437, -1.3622 0.5197 0.1437, -1.315 0.5472 0.1437, -1.315 0.5197 0.1437, -1.315 0.5523 0.143, -1.3622 0.5523 0.143, -1.315 0.5571 0.1411, -1.3622 0.5571 0.1411, -1.315 0.5612 0.1379, -1.3622 0.5612 0.1379, -1.315 0.5643 0.1339, -1.3622 0.5643 0.1339, -1.315 0.5663 0.1291, -1.3622 0.5663 0.1291, -1.315 0.5669 0.124, -1.3622 0.5669 0.124, -1.3622 0.5669 0.0709, -1.315 0.5669 0.0709, -1.3622 0.5676 0.0658, -1.315 0.5676 0.0658, -1.3622 0.5696 0.061, -1.315 0.5696 0.061, -1.3622 0.5727 0.0569, -1.315 0.5727 0.0569, -1.3622 0.5768 0.0538, -1.315 0.5768 0.0538, -1.3622 0.5815 0.0519, -1.315 0.5815 0.0519, -1.3622 0.5866 0.0512, -1.315 0.5866 0.0512, -1.3622 0.6654 0.0512, -1.315 0.6654 0.0512, -1.3622 0.6654 0.0, -1.315 0.6654 0.0, -1.3622 0.5472 0.0, -1.315 0.5472 0.0, -1.3622 0.5197 0.0266, -1.315 0.5197 0.0266, -1.3488 0.1949 0.4111, -1.3284 0.1949 0.4111, -1.3465 0.1969 0.4134, -1.3307 0.1969 0.4134, -1.3465 0.2146 0.4134, -1.3307 0.2146 0.4134, -1.315 0.2571 0.3844, -1.3622 0.2571 0.3844, -1.3622 0.2377 0.3976, -1.315 0.2377 0.3976, -1.315 0.2609 0.3811, -1.3622 0.2609 0.3811, -1.315 0.2637 0.3769, -1.3622 0.2637 0.3769, -1.315 0.2653 0.3722, -1.3622 0.2653 0.3722, -1.315 0.2657 0.3672, -1.3622 0.2657 0.3672, -1.315 0.2649 0.3623, -1.3622 0.2649 0.3623, -1.315 0.2628 0.3578, -1.3622 0.2628 0.3578, -1.315 0.2597 0.3539, -1.3622 0.2597 0.3539, -1.315 0.2557 0.3509, -1.3622 0.2557 0.3509, -1.315 0.251 0.3491, -1.3622 0.251 0.3491, -1.315 0.2461 0.3484, -1.3622 0.2461 0.3484, -1.3622 0.2348 0.3484, -1.315 0.2348 0.3484, -1.3622 0.2252 0.3473, -1.315 0.2252 0.3473, -1.3622 0.2163 0.3438, -1.315 0.2163 0.3438, -1.3622 0.2084 0.3383, -1.315 0.2084 0.3383, -1.3622 0.2021 0.3311, -1.315 0.2021 0.3311, -1.3622 0.1978 0.3225, -1.315 0.1978 0.3225, -1.3622 0.1949 0.3146, -1.315 0.1949 0.3146, -1.3622 0.1949 0.3976, -1.315 0.1949 0.3976, -1.5197 0.5472 0.1437, -1.5197 0.5197 0.1437, -1.4725 0.5472 0.1437, -1.4725 0.5197 0.1437, -1.4725 0.5523 0.143, -1.5197 0.5523 0.143, -1.4725 0.5571 0.1411, -1.5197 0.5571 0.1411, -1.4725 0.5612 0.1379, -1.5197 0.5612 0.1379, -1.4725 0.5643 0.1339, -1.5197 0.5643 0.1339, -1.4725 0.5663 0.1291, -1.5197 0.5663 0.1291, -1.4725 0.5669 0.124, -1.5197 0.5669 0.124, -1.5197 0.5669 0.0709, -1.4725 0.5669 0.0709, -1.5197 0.5676 0.0658, -1.4725 0.5676 0.0658, -1.5197 0.5696 0.061, -1.4725 0.5696 0.061, -1.5197 0.5727 0.0569, -1.4725 0.5727 0.0569, -1.5197 0.5768 0.0538, -1.4725 0.5768 0.0538, -1.5197 0.5815 0.0519, -1.4725 0.5815 0.0519, -1.5197 0.5866 0.0512, -1.4725 0.5866 0.0512, -1.5197 0.6654 0.0512, -1.4725 0.6654 0.0512, -1.5197 0.6654 0.0, -1.4725 0.6654 0.0, -1.5197 0.5472 0.0, -1.4725 0.5472 0.0, -1.5197 0.5197 0.0266, -1.4725 0.5197 0.0266, -1.5063 0.1949 0.4111, -1.4859 0.1949 0.4111, -1.504 0.1969 0.4134, -1.4882 0.1969 0.4134, -1.504 0.2146 0.4134, -1.4882 0.2146 0.4134, -1.4725 0.2571 0.3844, -1.5197 0.2571 0.3844, -1.5197 0.2377 0.3976, -1.4725 0.2377 0.3976, -1.4725 0.2609 0.3811, -1.5197 0.2609 0.3811, -1.4725 0.2637 0.3769, -1.5197 0.2637 0.3769, -1.4725 0.2653 0.3722, -1.5197 0.2653 0.3722, -1.4725 0.2657 0.3672, -1.5197 0.2657 0.3672, -1.4725 0.2649 0.3623, -1.5197 0.2649 0.3623, -1.4725 0.2628 0.3578, -1.5197 0.2628 0.3578, -1.4725 0.2597 0.3539, -1.5197 0.2597 0.3539, -1.4725 0.2557 0.3509, -1.5197 0.2557 0.3509, -1.4725 0.251 0.3491, -1.5197 0.251 0.3491, -1.4725 0.2461 0.3484, -1.5197 0.2461 0.3484, -1.5197 0.2348 0.3484, -1.4725 0.2348 0.3484, -1.5197 0.2252 0.3473, -1.4725 0.2252 0.3473, -1.5197 0.2163 0.3438, -1.4725 0.2163 0.3438, -1.5197 0.2084 0.3383, -1.4725 0.2084 0.3383, -1.5197 0.2021 0.3311, -1.4725 0.2021 0.3311, -1.5197 0.1978 0.3225, -1.4725 0.1978 0.3225, -1.5197 0.1949 0.3146, -1.4725 0.1949 0.3146, -1.5197 0.1949 0.3976, -1.4725 0.1949 0.3976, -1.6772 0.5472 0.1437, -1.6772 0.5197 0.1437, -1.6299 0.5472 0.1437, -1.6299 0.5197 0.1437, -1.6299 0.5523 0.143, -1.6772 0.5523 0.143, -1.6299 0.5571 0.1411, -1.6772 0.5571 0.1411, -1.6299 0.5612 0.1379, -1.6772 0.5612 0.1379, -1.6299 0.5643 0.1339, -1.6772 0.5643 0.1339, -1.6299 0.5663 0.1291, -1.6772 0.5663 0.1291, -1.6299 0.5669 0.124, -1.6772 0.5669 0.124, -1.6772 0.5669 0.0709, -1.6299 0.5669 0.0709, -1.6772 0.5676 0.0658, -1.6299 0.5676 0.0658, -1.6772 0.5696 0.061, -1.6299 0.5696 0.061, -1.6772 0.5727 0.0569, -1.6299 0.5727 0.0569, -1.6772 0.5768 0.0538, -1.6299 0.5768 0.0538, -1.6772 0.5815 0.0519, -1.6299 0.5815 0.0519, -1.6772 0.5866 0.0512, -1.6299 0.5866 0.0512, -1.6772 0.6654 0.0512, -1.6299 0.6654 0.0512, -1.6772 0.6654 0.0, -1.6299 0.6654 0.0, -1.6772 0.5472 0.0, -1.6299 0.5472 0.0, -1.6772 0.5197 0.0266, -1.6299 0.5197 0.0266, -1.6638 0.1949 0.4111, -1.6434 0.1949 0.4111, -1.6614 0.1969 0.4134, -1.6457 0.1969 0.4134, -1.6614 0.2146 0.4134, -1.6457 0.2146 0.4134, -1.6299 0.2571 0.3844, -1.6772 0.2571 0.3844, -1.6772 0.2377 0.3976, -1.6299 0.2377 0.3976, -1.6299 0.2609 0.3811, -1.6772 0.2609 0.3811, -1.6299 0.2637 0.3769, -1.6772 0.2637 0.3769, -1.6299 0.2653 0.3722, -1.6772 0.2653 0.3722, -1.6299 0.2657 0.3672, -1.6772 0.2657 0.3672, -1.6299 0.2649 0.3623, -1.6772 0.2649 0.3623, -1.6299 0.2628 0.3578, -1.6772 0.2628 0.3578, -1.6299 0.2597 0.3539, -1.6772 0.2597 0.3539, -1.6299 0.2557 0.3509, -1.6772 0.2557 0.3509, -1.6299 0.251 0.3491, -1.6772 0.251 0.3491, -1.6299 0.2461 0.3484, -1.6772 0.2461 0.3484, -1.6772 0.2348 0.3484, -1.6299 0.2348 0.3484, -1.6772 0.2252 0.3473, -1.6299 0.2252 0.3473, -1.6772 0.2163 0.3438, -1.6299 0.2163 0.3438, -1.6772 0.2084 0.3383, -1.6299 0.2084 0.3383, -1.6772 0.2021 0.3311, -1.6299 0.2021 0.3311, -1.6772 0.1978 0.3225, -1.6299 0.1978 0.3225, -1.6772 0.1949 0.3146, -1.6299 0.1949 0.3146, -1.6772 0.1949 0.3976, -1.6299 0.1949 0.3976, -1.8347 0.5472 0.1437, -1.8347 0.5197 0.1437, -1.7874 0.5472 0.1437, -1.7874 0.5197 0.1437, -1.7874 0.5523 0.143, -1.8347 0.5523 0.143, -1.7874 0.5571 0.1411, -1.8347 0.5571 0.1411, -1.7874 0.5612 0.1379, -1.8347 0.5612 0.1379, -1.7874 0.5643 0.1339, -1.8347 0.5643 0.1339, -1.7874 0.5663 0.1291, -1.8347 0.5663 0.1291, -1.7874 0.5669 0.124, -1.8347 0.5669 0.124, -1.8347 0.5669 0.0709, -1.7874 0.5669 0.0709, -1.8347 0.5676 0.0658, -1.7874 0.5676 0.0658, -1.8347 0.5696 0.061, -1.7874 0.5696 0.061, -1.8347 0.5727 0.0569, -1.7874 0.5727 0.0569, -1.8347 0.5768 0.0538, -1.7874 0.5768 0.0538, -1.8347 0.5815 0.0519, -1.7874 0.5815 0.0519, -1.8347 0.5866 0.0512, -1.7874 0.5866 0.0512, -1.8347 0.6654 0.0512, -1.7874 0.6654 0.0512, -1.8347 0.6654 0.0, -1.7874 0.6654 0.0, -1.8347 0.5472 0.0, -1.7874 0.5472 0.0, -1.8347 0.5197 0.0266, -1.7874 0.5197 0.0266, -1.8212 0.1949 0.4111, -1.8008 0.1949 0.4111, -1.8189 0.1969 0.4134, -1.8032 0.1969 0.4134, -1.8189 0.2146 0.4134, -1.8032 0.2146 0.4134, -1.7874 0.2571 0.3844, -1.8347 0.2571 0.3844, -1.8347 0.2377 0.3976, -1.7874 0.2377 0.3976, -1.7874 0.2609 0.3811, -1.8347 0.2609 0.3811, -1.7874 0.2637 0.3769, -1.8347 0.2637 0.3769, -1.7874 0.2653 0.3722, -1.8347 0.2653 0.3722, -1.7874 0.2657 0.3672, -1.8347 0.2657 0.3672, -1.7874 0.2649 0.3623, -1.8347 0.2649 0.3623, -1.7874 0.2628 0.3578, -1.8347 0.2628 0.3578, -1.7874 0.2597 0.3539, -1.8347 0.2597 0.3539, -1.7874 0.2557 0.3509, -1.8347 0.2557 0.3509, -1.7874 0.251 0.3491, -1.8347 0.251 0.3491, -1.7874 0.2461 0.3484, -1.8347 0.2461 0.3484, -1.8347 0.2348 0.3484, -1.7874 0.2348 0.3484, -1.8347 0.2252 0.3473, -1.7874 0.2252 0.3473, -1.8347 0.2163 0.3438, -1.7874 0.2163 0.3438, -1.8347 0.2084 0.3383, -1.7874 0.2084 0.3383, -1.8347 0.2021 0.3311, -1.7874 0.2021 0.3311, -1.8347 0.1978 0.3225, -1.7874 0.1978 0.3225, -1.8347 0.1949 0.3146, -1.7874 0.1949 0.3146, -1.8347 0.1949 0.3976, -1.7874 0.1949 0.3976, -1.9921 0.5472 0.1437, -1.9921 0.5197 0.1437, -1.9449 0.5472 0.1437, -1.9449 0.5197 0.1437, -1.9449 0.5523 0.143, -1.9921 0.5523 0.143, -1.9449 0.5571 0.1411, -1.9921 0.5571 0.1411, -1.9449 0.5612 0.1379, -1.9921 0.5612 0.1379, -1.9449 0.5643 0.1339, -1.9921 0.5643 0.1339, -1.9449 0.5663 0.1291, -1.9921 0.5663 0.1291, -1.9449 0.5669 0.124, -1.9921 0.5669 0.124, -1.9921 0.5669 0.0709, -1.9449 0.5669 0.0709, -1.9921 0.5676 0.0658, -1.9449 0.5676 0.0658, -1.9921 0.5696 0.061, -1.9449 0.5696 0.061, -1.9921 0.5727 0.0569, -1.9449 0.5727 0.0569, -1.9921 0.5768 0.0538, -1.9449 0.5768 0.0538, -1.9921 0.5815 0.0519, -1.9449 0.5815 0.0519, -1.9921 0.5866 0.0512, -1.9449 0.5866 0.0512, -1.9921 0.6654 0.0512, -1.9449 0.6654 0.0512, -1.9921 0.6654 0.0, -1.9449 0.6654 0.0, -1.9921 0.5472 0.0, -1.9449 0.5472 0.0, -1.9921 0.5197 0.0266, -1.9449 0.5197 0.0266, -1.9787 0.1949 0.4111, -1.9583 0.1949 0.4111, -1.9764 0.1969 0.4134, -1.9606 0.1969 0.4134, -1.9764 0.2146 0.4134, -1.9606 0.2146 0.4134, -1.9449 0.2571 0.3844, -1.9921 0.2571 0.3844, -1.9921 0.2377 0.3976, -1.9449 0.2377 0.3976, -1.9449 0.2609 0.3811, -1.9921 0.2609 0.3811, -1.9449 0.2637 0.3769, -1.9921 0.2637 0.3769, -1.9449 0.2653 0.3722, -1.9921 0.2653 0.3722, -1.9449 0.2657 0.3672, -1.9921 0.2657 0.3672, -1.9449 0.2649 0.3623, -1.9921 0.2649 0.3623, -1.9449 0.2628 0.3578, -1.9921 0.2628 0.3578, -1.9449 0.2597 0.3539, -1.9921 0.2597 0.3539, -1.9449 0.2557 0.3509, -1.9921 0.2557 0.3509, -1.9449 0.251 0.3491, -1.9921 0.251 0.3491, -1.9449 0.2461 0.3484, -1.9921 0.2461 0.3484, -1.9921 0.2348 0.3484, -1.9449 0.2348 0.3484, -1.9921 0.2252 0.3473, -1.9449 0.2252 0.3473, -1.9921 0.2163 0.3438, -1.9449 0.2163 0.3438, -1.9921 0.2084 0.3383, -1.9449 0.2084 0.3383, -1.9921 0.2021 0.3311, -1.9449 0.2021 0.3311, -1.9921 0.1978 0.3225, -1.9449 0.1978 0.3225, -1.9921 0.1949 0.3146, -1.9449 0.1949 0.3146, -1.9921 0.1949 0.3976, -1.9449 0.1949 0.3976, -2.1496 0.5472 0.1437, -2.1496 0.5197 0.1437, -2.1024 0.5472 0.1437, -2.1024 0.5197 0.1437, -2.1024 0.5523 0.143, -2.1496 0.5523 0.143, -2.1024 0.5571 0.1411, -2.1496 0.5571 0.1411, -2.1024 0.5612 0.1379, -2.1496 0.5612 0.1379, -2.1024 0.5643 0.1339, -2.1496 0.5643 0.1339, -2.1024 0.5663 0.1291, -2.1496 0.5663 0.1291, -2.1024 0.5669 0.124, -2.1496 0.5669 0.124, -2.1496 0.5669 0.0709, -2.1024 0.5669 0.0709, -2.1496 0.5676 0.0658, -2.1024 0.5676 0.0658, -2.1496 0.5696 0.061, -2.1024 0.5696 0.061, -2.1496 0.5727 0.0569, -2.1024 0.5727 0.0569, -2.1496 0.5768 0.0538, -2.1024 0.5768 0.0538, -2.1496 0.5815 0.0519, -2.1024 0.5815 0.0519, -2.1496 0.5866 0.0512, -2.1024 0.5866 0.0512, -2.1496 0.6654 0.0512, -2.1024 0.6654 0.0512, -2.1496 0.6654 0.0, -2.1024 0.6654 0.0, -2.1496 0.5472 0.0, -2.1024 0.5472 0.0, -2.1496 0.5197 0.0266, -2.1024 0.5197 0.0266, -2.1362 0.1949 0.4111, -2.1158 0.1949 0.4111, -2.1339 0.1969 0.4134, -2.1181 0.1969 0.4134, -2.1339 0.2146 0.4134, -2.1181 0.2146 0.4134, -2.1024 0.2571 0.3844, -2.1496 0.2571 0.3844, -2.1496 0.2377 0.3976, -2.1024 0.2377 0.3976, -2.1024 0.2609 0.3811, -2.1496 0.2609 0.3811, -2.1024 0.2637 0.3769, -2.1496 0.2637 0.3769, -2.1024 0.2653 0.3722, -2.1496 0.2653 0.3722, -2.1024 0.2657 0.3672, -2.1496 0.2657 0.3672, -2.1024 0.2649 0.3623, -2.1496 0.2649 0.3623, -2.1024 0.2628 0.3578, -2.1496 0.2628 0.3578, -2.1024 0.2597 0.3539, -2.1496 0.2597 0.3539, -2.1024 0.2557 0.3509, -2.1496 0.2557 0.3509, -2.1024 0.251 0.3491, -2.1496 0.251 0.3491, -2.1024 0.2461 0.3484, -2.1496 0.2461 0.3484, -2.1496 0.2348 0.3484, -2.1024 0.2348 0.3484, -2.1496 0.2252 0.3473, -2.1024 0.2252 0.3473, -2.1496 0.2163 0.3438, -2.1024 0.2163 0.3438, -2.1496 0.2084 0.3383, -2.1024 0.2084 0.3383, -2.1496 0.2021 0.3311, -2.1024 0.2021 0.3311, -2.1496 0.1978 0.3225, -2.1024 0.1978 0.3225, -2.1496 0.1949 0.3146, -2.1024 0.1949 0.3146, -2.1496 0.1949 0.3976, -2.1024 0.1949 0.3976, -2.3071 0.5472 0.1437, -2.3071 0.5197 0.1437, -2.2599 0.5472 0.1437, -2.2599 0.5197 0.1437, -2.2599 0.5523 0.143, -2.3071 0.5523 0.143, -2.2599 0.5571 0.1411, -2.3071 0.5571 0.1411, -2.2599 0.5612 0.1379, -2.3071 0.5612 0.1379, -2.2599 0.5643 0.1339, -2.3071 0.5643 0.1339, -2.2599 0.5663 0.1291, -2.3071 0.5663 0.1291, -2.2599 0.5669 0.124, -2.3071 0.5669 0.124, -2.3071 0.5669 0.0709, -2.2599 0.5669 0.0709, -2.3071 0.5676 0.0658, -2.2599 0.5676 0.0658, -2.3071 0.5696 0.061, -2.2599 0.5696 0.061, -2.3071 0.5727 0.0569, -2.2599 0.5727 0.0569, -2.3071 0.5768 0.0538, -2.2599 0.5768 0.0538, -2.3071 0.5815 0.0519, -2.2599 0.5815 0.0519, -2.3071 0.5866 0.0512, -2.2599 0.5866 0.0512, -2.3071 0.6654 0.0512, -2.2599 0.6654 0.0512, -2.3071 0.6654 0.0, -2.2599 0.6654 0.0, -2.3071 0.5472 0.0, -2.2599 0.5472 0.0, -2.3071 0.5197 0.0266, -2.2599 0.5197 0.0266, -2.2937 0.1949 0.4111, -2.2733 0.1949 0.4111, -2.2914 0.1969 0.4134, -2.2756 0.1969 0.4134, -2.2914 0.2146 0.4134, -2.2756 0.2146 0.4134, -2.2599 0.2571 0.3844, -2.3071 0.2571 0.3844, -2.3071 0.2377 0.3976, -2.2599 0.2377 0.3976, -2.2599 0.2609 0.3811, -2.3071 0.2609 0.3811, -2.2599 0.2637 0.3769, -2.3071 0.2637 0.3769, -2.2599 0.2653 0.3722, -2.3071 0.2653 0.3722, -2.2599 0.2657 0.3672, -2.3071 0.2657 0.3672, -2.2599 0.2649 0.3623, -2.3071 0.2649 0.3623, -2.2599 0.2628 0.3578, -2.3071 0.2628 0.3578, -2.2599 0.2597 0.3539, -2.3071 0.2597 0.3539, -2.2599 0.2557 0.3509, -2.3071 0.2557 0.3509, -2.2599 0.251 0.3491, -2.3071 0.251 0.3491, -2.2599 0.2461 0.3484, -2.3071 0.2461 0.3484, -2.3071 0.2348 0.3484, -2.2599 0.2348 0.3484, -2.3071 0.2252 0.3473, -2.2599 0.2252 0.3473, -2.3071 0.2163 0.3438, -2.2599 0.2163 0.3438, -2.3071 0.2084 0.3383, -2.2599 0.2084 0.3383, -2.3071 0.2021 0.3311, -2.2599 0.2021 0.3311, -2.3071 0.1978 0.3225, -2.2599 0.1978 0.3225, -2.3071 0.1949 0.3146, -2.2599 0.1949 0.3146, -2.3071 0.1949 0.3976, -2.2599 0.1949 0.3976
            ]
        }
        coordIndex [
            0,1,2,-1,2,1,3,-1,0,2,4,-1,0,4,5,-1,5,4,6,-1,5,6,7,-1,7,6,8,-1,7,8,9,-1,9,8,10,-1,9,10,11,-1,11,10,12,-1,11,12,13,-1,13,12,14,-1,13,14,15,-1,16,15,17,-1,17,15,14,-1,16,17,18,-1,18,17,19,-1,18,19,20,-1,20,19,21,-1,20,21,22,-1,22,21,23,-1,22,23,24,-1,24,23,25,-1,24,25,26,-1,26,25,27,-1,26,27,28,-1,28,27,29,-1,30,28,31,-1,31,28,29,-1,32,30,33,-1,33,30,31,-1,34,32,35,-1,35,32,33,-1,36,34,37,-1,37,34,35,-1,36,1,0,-1,30,32,28,-1,28,32,34,-1,28,34,26,-1,18,20,36,-1,36,20,22,-1,36,22,34,-1,34,22,24,-1,34,24,26,-1,0,15,36,-1,36,15,16,-1,36,16,18,-1,0,5,15,-1,15,5,7,-1,15,7,13,-1,13,7,9,-1,13,9,11,-1,2,3,37,-1,33,31,35,-1,35,31,29,-1,29,27,35,-1,35,27,25,-1,35,25,37,-1,37,25,23,-1,37,23,21,-1,21,19,37,-1,37,19,17,-1,37,17,2,-1,6,12,8,-1,8,12,10,-1,17,14,2,-1,2,14,12,-1,2,12,4,-1,4,12,6,-1,38,39,40,-1,40,39,41,-1,40,41,42,-1,42,41,43,-1,44,45,46,-1,44,46,47,-1,47,46,42,-1,47,42,43,-1,45,44,48,-1,45,48,49,-1,49,48,50,-1,49,50,51,-1,51,50,52,-1,51,52,53,-1,53,52,54,-1,53,54,55,-1,55,54,56,-1,55,56,57,-1,57,56,58,-1,57,58,59,-1,59,58,60,-1,59,60,61,-1,61,60,62,-1,61,62,63,-1,63,62,64,-1,63,64,65,-1,65,64,66,-1,65,66,67,-1,68,67,69,-1,69,67,66,-1,68,69,70,-1,70,69,71,-1,70,71,72,-1,72,71,73,-1,72,73,74,-1,74,73,75,-1,74,75,76,-1,76,75,77,-1,76,77,78,-1,78,77,79,-1,80,78,81,-1,81,78,79,-1,72,74,82,-1,45,67,46,-1,46,67,68,-1,46,68,82,-1,82,68,70,-1,82,70,72,-1,74,76,82,-1,82,76,78,-1,82,78,80,-1,53,55,57,-1,51,61,63,-1,53,57,51,-1,51,57,59,-1,51,59,61,-1,45,49,67,-1,67,49,51,-1,67,51,65,-1,65,51,63,-1,81,79,83,-1,83,79,77,-1,83,77,75,-1,75,73,83,-1,83,73,71,-1,83,71,47,-1,47,71,69,-1,47,69,44,-1,44,69,66,-1,44,66,48,-1,62,60,50,-1,48,66,50,-1,50,66,64,-1,50,64,62,-1,60,58,50,-1,50,58,56,-1,50,56,52,-1,52,56,54,-1,40,42,38,-1,38,42,46,-1,38,46,82,-1,43,41,47,-1,47,41,39,-1,47,39,83,-1,84,85,86,-1,86,85,87,-1,88,89,90,-1,90,89,91,-1,92,88,93,-1,93,88,90,-1,94,92,95,-1,95,92,93,-1,96,94,97,-1,97,94,95,-1,96,97,98,-1,98,97,99,-1,98,99,100,-1,100,99,101,-1,100,101,102,-1,102,101,103,-1,102,103,104,-1,104,103,105,-1,104,105,106,-1,106,105,107,-1,106,107,108,-1,108,107,109,-1,110,108,111,-1,111,108,109,-1,110,111,112,-1,110,112,113,-1,113,112,114,-1,113,114,115,-1,115,114,116,-1,115,116,117,-1,117,116,118,-1,117,118,119,-1,119,118,120,-1,119,120,121,-1,121,120,87,-1,121,87,85,-1,92,94,88,-1,88,94,96,-1,96,98,88,-1,88,98,100,-1,88,100,89,-1,89,100,102,-1,89,102,104,-1,104,106,89,-1,89,106,108,-1,89,108,84,-1,84,108,110,-1,84,110,85,-1,85,110,113,-1,85,113,115,-1,115,117,85,-1,85,117,119,-1,85,119,121,-1,109,107,91,-1,112,111,87,-1,95,93,97,-1,97,93,90,-1,97,90,99,-1,109,91,111,-1,111,91,86,-1,111,86,87,-1,107,105,91,-1,91,105,103,-1,91,103,90,-1,90,103,101,-1,90,101,99,-1,87,120,118,-1,118,116,87,-1,87,116,114,-1,87,114,112,-1,122,123,124,-1,124,123,125,-1,126,127,128,-1,128,127,129,-1,126,128,130,-1,130,128,131,-1,130,131,132,-1,132,131,133,-1,132,133,134,-1,134,133,135,-1,134,135,136,-1,136,135,137,-1,136,137,138,-1,138,137,139,-1,140,138,141,-1,141,138,139,-1,140,141,142,-1,140,142,143,-1,143,142,144,-1,143,144,145,-1,145,144,146,-1,145,146,147,-1,147,146,148,-1,147,148,149,-1,149,148,150,-1,149,150,151,-1,151,150,152,-1,151,152,153,-1,153,152,154,-1,153,154,155,-1,155,154,156,-1,155,156,157,-1,157,156,158,-1,157,158,159,-1,159,158,160,-1,159,160,161,-1,162,163,164,-1,164,163,165,-1,164,165,160,-1,160,165,161,-1,163,162,122,-1,122,162,123,-1,127,126,166,-1,166,126,130,-1,166,130,132,-1,132,134,166,-1,166,134,136,-1,166,136,165,-1,165,136,138,-1,165,138,161,-1,161,138,140,-1,143,157,140,-1,140,157,159,-1,140,159,161,-1,143,145,157,-1,157,145,147,-1,157,147,149,-1,149,151,157,-1,157,151,153,-1,157,153,155,-1,139,137,167,-1,167,137,135,-1,167,135,133,-1,133,131,167,-1,167,131,128,-1,167,128,129,-1,167,164,139,-1,139,164,160,-1,139,160,141,-1,141,160,158,-1,141,158,156,-1,156,154,152,-1,152,150,156,-1,156,150,148,-1,156,148,146,-1,146,144,156,-1,156,144,142,-1,156,142,141,-1,163,122,165,-1,165,122,124,-1,165,124,166,-1,123,162,125,-1,125,162,164,-1,125,164,167,-1,168,169,170,-1,170,169,171,-1,172,173,174,-1,174,173,175,-1,176,172,177,-1,177,172,174,-1,178,176,179,-1,179,176,177,-1,180,178,181,-1,181,178,179,-1,180,181,182,-1,182,181,183,-1,182,183,184,-1,184,183,185,-1,184,185,186,-1,186,185,187,-1,186,187,188,-1,188,187,189,-1,188,189,190,-1,190,189,191,-1,190,191,192,-1,192,191,193,-1,194,192,195,-1,195,192,193,-1,194,195,196,-1,194,196,197,-1,197,196,198,-1,197,198,199,-1,199,198,200,-1,199,200,201,-1,201,200,202,-1,201,202,203,-1,203,202,204,-1,203,204,205,-1,205,204,171,-1,205,171,169,-1,176,178,172,-1,172,178,180,-1,180,182,172,-1,172,182,184,-1,172,184,173,-1,173,184,186,-1,173,186,188,-1,188,190,173,-1,173,190,192,-1,173,192,168,-1,168,192,194,-1,168,194,169,-1,169,194,197,-1,169,197,199,-1,199,201,169,-1,169,201,203,-1,169,203,205,-1,193,191,175,-1,196,195,171,-1,179,177,181,-1,181,177,174,-1,181,174,183,-1,193,175,195,-1,195,175,170,-1,195,170,171,-1,191,189,175,-1,175,189,187,-1,175,187,174,-1,174,187,185,-1,174,185,183,-1,171,204,202,-1,202,200,171,-1,171,200,198,-1,171,198,196,-1,206,207,208,-1,208,207,209,-1,210,211,212,-1,212,211,213,-1,210,212,214,-1,214,212,215,-1,214,215,216,-1,216,215,217,-1,216,217,218,-1,218,217,219,-1,218,219,220,-1,220,219,221,-1,220,221,222,-1,222,221,223,-1,224,222,225,-1,225,222,223,-1,224,225,226,-1,224,226,227,-1,227,226,228,-1,227,228,229,-1,229,228,230,-1,229,230,231,-1,231,230,232,-1,231,232,233,-1,233,232,234,-1,233,234,235,-1,235,234,236,-1,235,236,237,-1,237,236,238,-1,237,238,239,-1,239,238,240,-1,239,240,241,-1,241,240,242,-1,241,242,243,-1,243,242,244,-1,243,244,245,-1,246,247,248,-1,248,247,249,-1,248,249,244,-1,244,249,245,-1,247,246,206,-1,206,246,207,-1,211,210,250,-1,250,210,214,-1,250,214,216,-1,216,218,250,-1,250,218,220,-1,250,220,249,-1,249,220,222,-1,249,222,245,-1,245,222,224,-1,233,235,237,-1,233,237,231,-1,231,237,229,-1,229,237,239,-1,229,239,241,-1,224,227,245,-1,245,227,229,-1,245,229,243,-1,243,229,241,-1,223,221,251,-1,251,221,219,-1,251,219,217,-1,217,215,251,-1,251,215,212,-1,251,212,213,-1,251,248,223,-1,223,248,244,-1,223,244,225,-1,225,244,226,-1,236,234,232,-1,240,238,228,-1,228,238,236,-1,228,236,230,-1,230,236,232,-1,226,244,228,-1,228,244,242,-1,228,242,240,-1,247,206,249,-1,249,206,208,-1,249,208,250,-1,207,246,209,-1,209,246,248,-1,209,248,251,-1,252,253,254,-1,254,253,255,-1,256,257,258,-1,258,257,259,-1,260,256,261,-1,261,256,258,-1,262,260,263,-1,263,260,261,-1,264,262,265,-1,265,262,263,-1,264,265,266,-1,266,265,267,-1,266,267,268,-1,268,267,269,-1,268,269,270,-1,270,269,271,-1,270,271,272,-1,272,271,273,-1,272,273,274,-1,274,273,275,-1,274,275,276,-1,276,275,277,-1,278,276,279,-1,279,276,277,-1,278,279,280,-1,278,280,281,-1,281,280,282,-1,281,282,283,-1,283,282,284,-1,283,284,285,-1,285,284,286,-1,285,286,287,-1,287,286,288,-1,287,288,289,-1,289,288,255,-1,289,255,253,-1,260,262,256,-1,256,262,264,-1,264,266,256,-1,256,266,268,-1,256,268,257,-1,257,268,270,-1,257,270,272,-1,272,274,257,-1,257,274,276,-1,257,276,252,-1,252,276,278,-1,252,278,253,-1,253,278,281,-1,253,281,283,-1,283,285,253,-1,253,285,287,-1,253,287,289,-1,277,275,259,-1,280,279,255,-1,263,261,265,-1,265,261,258,-1,265,258,267,-1,277,259,279,-1,279,259,254,-1,279,254,255,-1,275,273,259,-1,259,273,271,-1,259,271,258,-1,258,271,269,-1,258,269,267,-1,255,288,286,-1,286,284,255,-1,255,284,282,-1,255,282,280,-1,290,291,292,-1,292,291,293,-1,294,295,296,-1,296,295,297,-1,294,296,298,-1,298,296,299,-1,298,299,300,-1,300,299,301,-1,300,301,302,-1,302,301,303,-1,302,303,304,-1,304,303,305,-1,304,305,306,-1,306,305,307,-1,308,306,309,-1,309,306,307,-1,308,309,310,-1,308,310,311,-1,311,310,312,-1,311,312,313,-1,313,312,314,-1,313,314,315,-1,315,314,316,-1,315,316,317,-1,317,316,318,-1,317,318,319,-1,319,318,320,-1,319,320,321,-1,321,320,322,-1,321,322,323,-1,323,322,324,-1,323,324,325,-1,325,324,326,-1,325,326,327,-1,327,326,328,-1,327,328,329,-1,330,331,332,-1,332,331,333,-1,332,333,328,-1,328,333,329,-1,331,330,290,-1,290,330,291,-1,295,294,334,-1,334,294,298,-1,334,298,300,-1,300,302,334,-1,334,302,304,-1,334,304,333,-1,333,304,306,-1,333,306,329,-1,329,306,308,-1,329,308,327,-1,323,325,313,-1,327,308,325,-1,325,308,311,-1,325,311,313,-1,317,319,321,-1,323,313,321,-1,321,313,315,-1,321,315,317,-1,305,303,335,-1,335,303,301,-1,309,307,328,-1,305,335,307,-1,307,335,332,-1,307,332,328,-1,301,299,335,-1,335,299,296,-1,335,296,297,-1,328,326,309,-1,309,326,324,-1,309,324,310,-1,310,324,312,-1,320,318,316,-1,324,322,312,-1,312,322,320,-1,312,320,314,-1,314,320,316,-1,331,290,333,-1,333,290,292,-1,333,292,334,-1,291,330,293,-1,293,330,332,-1,293,332,335,-1,336,337,338,-1,338,337,339,-1,340,341,342,-1,342,341,343,-1,344,340,345,-1,345,340,342,-1,346,344,347,-1,347,344,345,-1,348,346,349,-1,349,346,347,-1,348,349,350,-1,350,349,351,-1,350,351,352,-1,352,351,353,-1,352,353,354,-1,354,353,355,-1,354,355,356,-1,356,355,357,-1,356,357,358,-1,358,357,359,-1,358,359,360,-1,360,359,361,-1,362,360,363,-1,363,360,361,-1,362,363,364,-1,362,364,365,-1,365,364,366,-1,365,366,367,-1,367,366,368,-1,367,368,369,-1,369,368,370,-1,369,370,371,-1,371,370,372,-1,371,372,373,-1,373,372,339,-1,373,339,337,-1,344,346,340,-1,340,346,348,-1,348,350,340,-1,340,350,352,-1,340,352,341,-1,341,352,354,-1,341,354,356,-1,356,358,341,-1,341,358,360,-1,341,360,336,-1,336,360,362,-1,336,362,337,-1,337,362,365,-1,337,365,367,-1,367,369,337,-1,337,369,371,-1,337,371,373,-1,361,359,343,-1,364,363,339,-1,347,345,349,-1,349,345,342,-1,349,342,351,-1,361,343,363,-1,363,343,338,-1,363,338,339,-1,359,357,343,-1,343,357,355,-1,343,355,342,-1,342,355,353,-1,342,353,351,-1,339,372,370,-1,370,368,339,-1,339,368,366,-1,339,366,364,-1,374,375,376,-1,376,375,377,-1,378,379,380,-1,380,379,381,-1,378,380,382,-1,382,380,383,-1,382,383,384,-1,384,383,385,-1,384,385,386,-1,386,385,387,-1,386,387,388,-1,388,387,389,-1,388,389,390,-1,390,389,391,-1,392,390,393,-1,393,390,391,-1,392,393,394,-1,392,394,395,-1,395,394,396,-1,395,396,397,-1,397,396,398,-1,397,398,399,-1,399,398,400,-1,399,400,401,-1,401,400,402,-1,401,402,403,-1,403,402,404,-1,403,404,405,-1,405,404,406,-1,405,406,407,-1,407,406,408,-1,407,408,409,-1,409,408,410,-1,409,410,411,-1,411,410,412,-1,411,412,413,-1,414,415,416,-1,416,415,417,-1,416,417,412,-1,412,417,413,-1,415,414,374,-1,374,414,375,-1,379,378,418,-1,418,378,382,-1,418,382,384,-1,384,386,418,-1,418,386,388,-1,418,388,417,-1,417,388,390,-1,417,390,413,-1,413,390,392,-1,401,403,405,-1,401,405,399,-1,399,405,397,-1,397,405,407,-1,397,407,409,-1,392,395,413,-1,413,395,397,-1,413,397,411,-1,411,397,409,-1,391,389,419,-1,419,389,387,-1,419,387,385,-1,385,383,419,-1,419,383,380,-1,419,380,381,-1,419,416,391,-1,391,416,412,-1,391,412,393,-1,393,412,394,-1,404,402,400,-1,408,406,396,-1,396,406,404,-1,396,404,398,-1,398,404,400,-1,394,412,396,-1,396,412,410,-1,396,410,408,-1,415,374,417,-1,417,374,376,-1,417,376,418,-1,375,414,377,-1,377,414,416,-1,377,416,419,-1,420,421,422,-1,422,421,423,-1,424,425,426,-1,426,425,427,-1,428,424,429,-1,429,424,426,-1,430,428,431,-1,431,428,429,-1,432,430,433,-1,433,430,431,-1,432,433,434,-1,434,433,435,-1,434,435,436,-1,436,435,437,-1,436,437,438,-1,438,437,439,-1,438,439,440,-1,440,439,441,-1,440,441,442,-1,442,441,443,-1,442,443,444,-1,444,443,445,-1,446,444,447,-1,447,444,445,-1,446,447,448,-1,446,448,449,-1,449,448,450,-1,449,450,451,-1,451,450,452,-1,451,452,453,-1,453,452,454,-1,453,454,455,-1,455,454,456,-1,455,456,457,-1,457,456,423,-1,457,423,421,-1,428,430,424,-1,424,430,432,-1,432,434,424,-1,424,434,436,-1,424,436,425,-1,425,436,438,-1,425,438,440,-1,440,442,425,-1,425,442,444,-1,425,444,420,-1,420,444,446,-1,420,446,421,-1,421,446,449,-1,421,449,451,-1,451,453,421,-1,421,453,455,-1,421,455,457,-1,445,443,427,-1,448,447,423,-1,431,429,433,-1,433,429,426,-1,433,426,435,-1,445,427,447,-1,447,427,422,-1,447,422,423,-1,443,441,427,-1,427,441,439,-1,427,439,426,-1,426,439,437,-1,426,437,435,-1,423,456,454,-1,454,452,423,-1,423,452,450,-1,423,450,448,-1,458,459,460,-1,460,459,461,-1,462,463,464,-1,464,463,465,-1,462,464,466,-1,466,464,467,-1,466,467,468,-1,468,467,469,-1,468,469,470,-1,470,469,471,-1,470,471,472,-1,472,471,473,-1,472,473,474,-1,474,473,475,-1,476,474,477,-1,477,474,475,-1,476,477,478,-1,476,478,479,-1,479,478,480,-1,479,480,481,-1,481,480,482,-1,481,482,483,-1,483,482,484,-1,483,484,485,-1,485,484,486,-1,485,486,487,-1,487,486,488,-1,487,488,489,-1,489,488,490,-1,489,490,491,-1,491,490,492,-1,491,492,493,-1,493,492,494,-1,493,494,495,-1,495,494,496,-1,495,496,497,-1,498,499,500,-1,500,499,501,-1,500,501,496,-1,496,501,497,-1,499,498,458,-1,458,498,459,-1,463,462,502,-1,502,462,466,-1,502,466,468,-1,468,470,502,-1,502,470,472,-1,502,472,501,-1,501,472,474,-1,501,474,497,-1,497,474,476,-1,497,476,495,-1,491,493,481,-1,495,476,493,-1,493,476,479,-1,493,479,481,-1,485,487,489,-1,491,481,489,-1,489,481,483,-1,489,483,485,-1,473,471,503,-1,503,471,469,-1,477,475,496,-1,473,503,475,-1,475,503,500,-1,475,500,496,-1,469,467,503,-1,503,467,464,-1,503,464,465,-1,496,494,477,-1,477,494,492,-1,477,492,478,-1,478,492,480,-1,488,486,484,-1,492,490,480,-1,480,490,488,-1,480,488,482,-1,482,488,484,-1,499,458,501,-1,501,458,460,-1,501,460,502,-1,459,498,461,-1,461,498,500,-1,461,500,503,-1,504,505,506,-1,506,505,507,-1,508,509,510,-1,510,509,511,-1,512,508,513,-1,513,508,510,-1,514,512,515,-1,515,512,513,-1,516,514,517,-1,517,514,515,-1,516,517,518,-1,518,517,519,-1,518,519,520,-1,520,519,521,-1,520,521,522,-1,522,521,523,-1,522,523,524,-1,524,523,525,-1,524,525,526,-1,526,525,527,-1,526,527,528,-1,528,527,529,-1,530,528,531,-1,531,528,529,-1,530,531,532,-1,530,532,533,-1,533,532,534,-1,533,534,535,-1,535,534,536,-1,535,536,537,-1,537,536,538,-1,537,538,539,-1,539,538,540,-1,539,540,541,-1,541,540,507,-1,541,507,505,-1,512,514,508,-1,508,514,516,-1,516,518,508,-1,508,518,520,-1,508,520,509,-1,509,520,522,-1,509,522,524,-1,524,526,509,-1,509,526,528,-1,509,528,504,-1,504,528,530,-1,504,530,505,-1,505,530,533,-1,505,533,535,-1,535,537,505,-1,505,537,539,-1,505,539,541,-1,529,527,511,-1,532,531,507,-1,515,513,517,-1,517,513,510,-1,517,510,519,-1,529,511,531,-1,531,511,506,-1,531,506,507,-1,527,525,511,-1,511,525,523,-1,511,523,510,-1,510,523,521,-1,510,521,519,-1,507,540,538,-1,538,536,507,-1,507,536,534,-1,507,534,532,-1,542,543,544,-1,544,543,545,-1,546,547,548,-1,548,547,549,-1,546,548,550,-1,550,548,551,-1,550,551,552,-1,552,551,553,-1,552,553,554,-1,554,553,555,-1,554,555,556,-1,556,555,557,-1,556,557,558,-1,558,557,559,-1,560,558,561,-1,561,558,559,-1,560,561,562,-1,560,562,563,-1,563,562,564,-1,563,564,565,-1,565,564,566,-1,565,566,567,-1,567,566,568,-1,567,568,569,-1,569,568,570,-1,569,570,571,-1,571,570,572,-1,571,572,573,-1,573,572,574,-1,573,574,575,-1,575,574,576,-1,575,576,577,-1,577,576,578,-1,577,578,579,-1,579,578,580,-1,579,580,581,-1,582,583,584,-1,584,583,585,-1,584,585,580,-1,580,585,581,-1,583,582,542,-1,542,582,543,-1,547,546,586,-1,586,546,550,-1,586,550,552,-1,552,554,586,-1,586,554,556,-1,586,556,585,-1,585,556,558,-1,585,558,581,-1,581,558,560,-1,569,571,573,-1,569,573,567,-1,567,573,565,-1,565,573,575,-1,565,575,577,-1,560,563,581,-1,581,563,565,-1,581,565,579,-1,579,565,577,-1,559,557,587,-1,587,557,555,-1,587,555,553,-1,553,551,587,-1,587,551,548,-1,587,548,549,-1,587,584,559,-1,559,584,580,-1,559,580,561,-1,561,580,562,-1,572,570,568,-1,576,574,564,-1,564,574,572,-1,564,572,566,-1,566,572,568,-1,562,580,564,-1,564,580,578,-1,564,578,576,-1,583,542,585,-1,585,542,544,-1,585,544,586,-1,543,582,545,-1,545,582,584,-1,545,584,587,-1,588,589,590,-1,590,589,591,-1,592,593,594,-1,594,593,595,-1,596,592,597,-1,597,592,594,-1,598,596,599,-1,599,596,597,-1,600,598,601,-1,601,598,599,-1,600,601,602,-1,602,601,603,-1,602,603,604,-1,604,603,605,-1,604,605,606,-1,606,605,607,-1,606,607,608,-1,608,607,609,-1,608,609,610,-1,610,609,611,-1,610,611,612,-1,612,611,613,-1,614,612,615,-1,615,612,613,-1,614,615,616,-1,614,616,617,-1,617,616,618,-1,617,618,619,-1,619,618,620,-1,619,620,621,-1,621,620,622,-1,621,622,623,-1,623,622,624,-1,623,624,625,-1,625,624,591,-1,625,591,589,-1,596,598,592,-1,592,598,600,-1,600,602,592,-1,592,602,604,-1,592,604,593,-1,593,604,606,-1,593,606,608,-1,608,610,593,-1,593,610,612,-1,593,612,588,-1,588,612,614,-1,588,614,589,-1,589,614,617,-1,589,617,619,-1,619,621,589,-1,589,621,623,-1,589,623,625,-1,613,611,595,-1,616,615,591,-1,599,597,601,-1,601,597,594,-1,601,594,603,-1,613,595,615,-1,615,595,590,-1,615,590,591,-1,611,609,595,-1,595,609,607,-1,595,607,594,-1,594,607,605,-1,594,605,603,-1,591,624,622,-1,622,620,591,-1,591,620,618,-1,591,618,616,-1,626,627,628,-1,628,627,629,-1,630,631,632,-1,632,631,633,-1,630,632,634,-1,634,632,635,-1,634,635,636,-1,636,635,637,-1,636,637,638,-1,638,637,639,-1,638,639,640,-1,640,639,641,-1,640,641,642,-1,642,641,643,-1,644,642,645,-1,645,642,643,-1,644,645,646,-1,644,646,647,-1,647,646,648,-1,647,648,649,-1,649,648,650,-1,649,650,651,-1,651,650,652,-1,651,652,653,-1,653,652,654,-1,653,654,655,-1,655,654,656,-1,655,656,657,-1,657,656,658,-1,657,658,659,-1,659,658,660,-1,659,660,661,-1,661,660,662,-1,661,662,663,-1,663,662,664,-1,663,664,665,-1,666,667,668,-1,668,667,669,-1,668,669,664,-1,664,669,665,-1,667,666,626,-1,626,666,627,-1,631,630,670,-1,670,630,634,-1,670,634,636,-1,636,638,670,-1,670,638,640,-1,670,640,669,-1,669,640,642,-1,669,642,665,-1,665,642,644,-1,665,644,663,-1,659,661,649,-1,663,644,661,-1,661,644,647,-1,661,647,649,-1,653,655,657,-1,659,649,657,-1,657,649,651,-1,657,651,653,-1,641,639,671,-1,671,639,637,-1,645,643,664,-1,641,671,643,-1,643,671,668,-1,643,668,664,-1,637,635,671,-1,671,635,632,-1,671,632,633,-1,664,662,645,-1,645,662,660,-1,645,660,646,-1,646,660,648,-1,656,654,652,-1,660,658,648,-1,648,658,656,-1,648,656,650,-1,650,656,652,-1,667,626,669,-1,669,626,628,-1,669,628,670,-1,627,666,629,-1,629,666,668,-1,629,668,671,-1,672,673,674,-1,674,673,675,-1,676,677,678,-1,678,677,679,-1,680,676,681,-1,681,676,678,-1,682,680,683,-1,683,680,681,-1,684,682,685,-1,685,682,683,-1,684,685,686,-1,686,685,687,-1,686,687,688,-1,688,687,689,-1,688,689,690,-1,690,689,691,-1,690,691,692,-1,692,691,693,-1,692,693,694,-1,694,693,695,-1,694,695,696,-1,696,695,697,-1,698,696,699,-1,699,696,697,-1,698,699,700,-1,698,700,701,-1,701,700,702,-1,701,702,703,-1,703,702,704,-1,703,704,705,-1,705,704,706,-1,705,706,707,-1,707,706,708,-1,707,708,709,-1,709,708,675,-1,709,675,673,-1,680,682,676,-1,676,682,684,-1,684,686,676,-1,676,686,688,-1,676,688,677,-1,677,688,690,-1,677,690,692,-1,692,694,677,-1,677,694,696,-1,677,696,672,-1,672,696,698,-1,672,698,673,-1,673,698,701,-1,673,701,703,-1,703,705,673,-1,673,705,707,-1,673,707,709,-1,697,695,679,-1,700,699,675,-1,683,681,685,-1,685,681,678,-1,685,678,687,-1,697,679,699,-1,699,679,674,-1,699,674,675,-1,695,693,679,-1,679,693,691,-1,679,691,678,-1,678,691,689,-1,678,689,687,-1,675,708,706,-1,706,704,675,-1,675,704,702,-1,675,702,700,-1,710,711,712,-1,712,711,713,-1,714,715,716,-1,716,715,717,-1,714,716,718,-1,718,716,719,-1,718,719,720,-1,720,719,721,-1,720,721,722,-1,722,721,723,-1,722,723,724,-1,724,723,725,-1,724,725,726,-1,726,725,727,-1,728,726,729,-1,729,726,727,-1,728,729,730,-1,728,730,731,-1,731,730,732,-1,731,732,733,-1,733,732,734,-1,733,734,735,-1,735,734,736,-1,735,736,737,-1,737,736,738,-1,737,738,739,-1,739,738,740,-1,739,740,741,-1,741,740,742,-1,741,742,743,-1,743,742,744,-1,743,744,745,-1,745,744,746,-1,745,746,747,-1,747,746,748,-1,747,748,749,-1,750,751,752,-1,752,751,753,-1,752,753,748,-1,748,753,749,-1,751,750,710,-1,710,750,711,-1,715,714,754,-1,754,714,718,-1,754,718,720,-1,720,722,754,-1,754,722,724,-1,754,724,753,-1,753,724,726,-1,753,726,749,-1,749,726,728,-1,749,728,747,-1,743,745,733,-1,747,728,745,-1,745,728,731,-1,745,731,733,-1,737,739,741,-1,743,733,741,-1,741,733,735,-1,741,735,737,-1,716,717,755,-1,725,723,755,-1,723,721,755,-1,755,721,719,-1,755,719,716,-1,729,727,748,-1,725,755,727,-1,727,755,752,-1,727,752,748,-1,748,746,729,-1,729,746,744,-1,729,744,730,-1,730,744,732,-1,740,738,736,-1,744,742,732,-1,732,742,740,-1,732,740,734,-1,734,740,736,-1,751,710,753,-1,753,710,712,-1,753,712,754,-1,711,750,713,-1,713,750,752,-1,713,752,755,-1,756,757,758,-1,758,757,759,-1,760,761,762,-1,762,761,763,-1,764,760,765,-1,765,760,762,-1,766,764,767,-1,767,764,765,-1,768,766,769,-1,769,766,767,-1,768,769,770,-1,770,769,771,-1,770,771,772,-1,772,771,773,-1,772,773,774,-1,774,773,775,-1,774,775,776,-1,776,775,777,-1,776,777,778,-1,778,777,779,-1,778,779,780,-1,780,779,781,-1,782,780,783,-1,783,780,781,-1,782,783,784,-1,782,784,785,-1,785,784,786,-1,785,786,787,-1,787,786,788,-1,787,788,789,-1,789,788,790,-1,789,790,791,-1,791,790,792,-1,791,792,793,-1,793,792,759,-1,793,759,757,-1,764,766,760,-1,760,766,768,-1,768,770,760,-1,760,770,772,-1,760,772,761,-1,761,772,774,-1,761,774,776,-1,776,778,761,-1,761,778,780,-1,761,780,756,-1,756,780,782,-1,756,782,757,-1,757,782,785,-1,757,785,787,-1,787,789,757,-1,757,789,791,-1,757,791,793,-1,781,779,763,-1,784,783,759,-1,767,765,769,-1,769,765,762,-1,769,762,771,-1,781,763,783,-1,783,763,758,-1,783,758,759,-1,779,777,763,-1,763,777,775,-1,763,775,762,-1,762,775,773,-1,762,773,771,-1,759,792,790,-1,790,788,759,-1,759,788,786,-1,759,786,784,-1,794,795,796,-1,796,795,797,-1,798,799,800,-1,800,799,801,-1,798,800,802,-1,802,800,803,-1,802,803,804,-1,804,803,805,-1,804,805,806,-1,806,805,807,-1,806,807,808,-1,808,807,809,-1,808,809,810,-1,810,809,811,-1,812,810,813,-1,813,810,811,-1,812,813,814,-1,812,814,815,-1,815,814,816,-1,815,816,817,-1,817,816,818,-1,817,818,819,-1,819,818,820,-1,819,820,821,-1,821,820,822,-1,821,822,823,-1,823,822,824,-1,823,824,825,-1,825,824,826,-1,825,826,827,-1,827,826,828,-1,827,828,829,-1,829,828,830,-1,829,830,831,-1,831,830,832,-1,831,832,833,-1,834,835,836,-1,836,835,837,-1,836,837,832,-1,832,837,833,-1,835,834,794,-1,794,834,795,-1,799,798,838,-1,838,798,802,-1,838,802,804,-1,804,806,838,-1,838,806,808,-1,838,808,837,-1,837,808,810,-1,837,810,833,-1,833,810,812,-1,821,823,825,-1,821,825,819,-1,819,825,817,-1,817,825,827,-1,817,827,829,-1,812,815,833,-1,833,815,817,-1,833,817,831,-1,831,817,829,-1,811,809,839,-1,839,809,807,-1,839,807,805,-1,805,803,839,-1,839,803,800,-1,839,800,801,-1,839,836,811,-1,811,836,832,-1,811,832,813,-1,813,832,814,-1,824,822,820,-1,828,826,816,-1,816,826,824,-1,816,824,818,-1,818,824,820,-1,814,832,816,-1,816,832,830,-1,816,830,828,-1,835,794,837,-1,837,794,796,-1,837,796,838,-1,795,834,797,-1,797,834,836,-1,797,836,839,-1,840,841,842,-1,842,841,843,-1,844,845,846,-1,846,845,847,-1,848,844,849,-1,849,844,846,-1,850,848,851,-1,851,848,849,-1,852,850,853,-1,853,850,851,-1,852,853,854,-1,854,853,855,-1,854,855,856,-1,856,855,857,-1,856,857,858,-1,858,857,859,-1,858,859,860,-1,860,859,861,-1,860,861,862,-1,862,861,863,-1,862,863,864,-1,864,863,865,-1,866,864,867,-1,867,864,865,-1,866,867,868,-1,866,868,869,-1,869,868,870,-1,869,870,871,-1,871,870,872,-1,871,872,873,-1,873,872,874,-1,873,874,875,-1,875,874,876,-1,875,876,877,-1,877,876,843,-1,877,843,841,-1,848,850,844,-1,844,850,852,-1,852,854,844,-1,844,854,856,-1,844,856,845,-1,845,856,858,-1,845,858,860,-1,860,862,845,-1,845,862,864,-1,845,864,840,-1,840,864,866,-1,840,866,841,-1,841,866,869,-1,841,869,871,-1,871,873,841,-1,841,873,875,-1,841,875,877,-1,865,863,847,-1,868,867,843,-1,851,849,853,-1,853,849,846,-1,853,846,855,-1,865,847,867,-1,867,847,842,-1,867,842,843,-1,863,861,847,-1,847,861,859,-1,847,859,846,-1,846,859,857,-1,846,857,855,-1,843,876,874,-1,874,872,843,-1,843,872,870,-1,843,870,868,-1,878,879,880,-1,880,879,881,-1,882,883,884,-1,884,883,885,-1,882,884,886,-1,886,884,887,-1,886,887,888,-1,888,887,889,-1,888,889,890,-1,890,889,891,-1,890,891,892,-1,892,891,893,-1,892,893,894,-1,894,893,895,-1,896,894,897,-1,897,894,895,-1,896,897,898,-1,896,898,899,-1,899,898,900,-1,899,900,901,-1,901,900,902,-1,901,902,903,-1,903,902,904,-1,903,904,905,-1,905,904,906,-1,905,906,907,-1,907,906,908,-1,907,908,909,-1,909,908,910,-1,909,910,911,-1,911,910,912,-1,911,912,913,-1,913,912,914,-1,913,914,915,-1,915,914,916,-1,915,916,917,-1,918,919,920,-1,920,919,921,-1,920,921,916,-1,916,921,917,-1,919,918,878,-1,878,918,879,-1,883,882,922,-1,922,882,886,-1,922,886,888,-1,888,890,922,-1,922,890,892,-1,922,892,921,-1,921,892,894,-1,921,894,917,-1,917,894,896,-1,917,896,915,-1,911,913,901,-1,915,896,913,-1,913,896,899,-1,913,899,901,-1,905,907,909,-1,911,901,909,-1,909,901,903,-1,909,903,905,-1,893,891,923,-1,923,891,889,-1,897,895,916,-1,893,923,895,-1,895,923,920,-1,895,920,916,-1,889,887,923,-1,923,887,884,-1,923,884,885,-1,916,914,897,-1,897,914,912,-1,897,912,898,-1,898,912,900,-1,908,906,904,-1,912,910,900,-1,900,910,908,-1,900,908,902,-1,902,908,904,-1,919,878,921,-1,921,878,880,-1,921,880,922,-1,879,918,881,-1,881,918,920,-1,881,920,923,-1,924,925,926,-1,926,925,927,-1,928,929,930,-1,930,929,931,-1,932,928,933,-1,933,928,930,-1,934,932,935,-1,935,932,933,-1,936,934,937,-1,937,934,935,-1,936,937,938,-1,938,937,939,-1,938,939,940,-1,940,939,941,-1,940,941,942,-1,942,941,943,-1,942,943,944,-1,944,943,945,-1,944,945,946,-1,946,945,947,-1,946,947,948,-1,948,947,949,-1,950,948,951,-1,951,948,949,-1,950,951,952,-1,950,952,953,-1,953,952,954,-1,953,954,955,-1,955,954,956,-1,955,956,957,-1,957,956,958,-1,957,958,959,-1,959,958,960,-1,959,960,961,-1,961,960,927,-1,961,927,925,-1,932,934,928,-1,928,934,936,-1,936,938,928,-1,928,938,940,-1,928,940,929,-1,929,940,942,-1,929,942,944,-1,944,946,929,-1,929,946,948,-1,929,948,924,-1,924,948,950,-1,924,950,925,-1,925,950,953,-1,925,953,955,-1,955,957,925,-1,925,957,959,-1,925,959,961,-1,949,947,931,-1,952,951,927,-1,935,933,937,-1,937,933,930,-1,937,930,939,-1,949,931,951,-1,951,931,926,-1,951,926,927,-1,947,945,931,-1,931,945,943,-1,931,943,930,-1,930,943,941,-1,930,941,939,-1,927,960,958,-1,958,956,927,-1,927,956,954,-1,927,954,952,-1,962,963,964,-1,964,963,965,-1,966,967,968,-1,968,967,969,-1,966,968,970,-1,970,968,971,-1,970,971,972,-1,972,971,973,-1,972,973,974,-1,974,973,975,-1,974,975,976,-1,976,975,977,-1,976,977,978,-1,978,977,979,-1,980,978,981,-1,981,978,979,-1,980,981,982,-1,980,982,983,-1,983,982,984,-1,983,984,985,-1,985,984,986,-1,985,986,987,-1,987,986,988,-1,987,988,989,-1,989,988,990,-1,989,990,991,-1,991,990,992,-1,991,992,993,-1,993,992,994,-1,993,994,995,-1,995,994,996,-1,995,996,997,-1,997,996,998,-1,997,998,999,-1,999,998,1000,-1,999,1000,1001,-1,1002,1003,1004,-1,1004,1003,1005,-1,1004,1005,1000,-1,1000,1005,1001,-1,1003,1002,962,-1,962,1002,963,-1,967,966,1006,-1,1006,966,970,-1,1006,970,972,-1,972,974,1006,-1,1006,974,976,-1,1006,976,1005,-1,1005,976,978,-1,1005,978,1001,-1,1001,978,980,-1,989,991,993,-1,989,993,987,-1,987,993,985,-1,985,993,995,-1,985,995,997,-1,980,983,1001,-1,1001,983,985,-1,1001,985,999,-1,999,985,997,-1,979,977,1007,-1,1007,977,975,-1,1007,975,973,-1,973,971,1007,-1,1007,971,968,-1,1007,968,969,-1,1007,1004,979,-1,979,1004,1000,-1,979,1000,981,-1,981,1000,982,-1,992,990,988,-1,996,994,984,-1,984,994,992,-1,984,992,986,-1,986,992,988,-1,982,1000,984,-1,984,1000,998,-1,984,998,996,-1,1003,962,1005,-1,1005,962,964,-1,1005,964,1006,-1,963,1002,965,-1,965,1002,1004,-1,965,1004,1007,-1,1008,1009,1010,-1,1010,1009,1011,-1,1012,1013,1014,-1,1014,1013,1015,-1,1016,1012,1017,-1,1017,1012,1014,-1,1018,1016,1019,-1,1019,1016,1017,-1,1020,1018,1021,-1,1021,1018,1019,-1,1020,1021,1022,-1,1022,1021,1023,-1,1022,1023,1024,-1,1024,1023,1025,-1,1024,1025,1026,-1,1026,1025,1027,-1,1026,1027,1028,-1,1028,1027,1029,-1,1028,1029,1030,-1,1030,1029,1031,-1,1030,1031,1032,-1,1032,1031,1033,-1,1034,1032,1035,-1,1035,1032,1033,-1,1034,1035,1036,-1,1034,1036,1037,-1,1037,1036,1038,-1,1037,1038,1039,-1,1039,1038,1040,-1,1039,1040,1041,-1,1041,1040,1042,-1,1041,1042,1043,-1,1043,1042,1044,-1,1043,1044,1045,-1,1045,1044,1011,-1,1045,1011,1009,-1,1016,1018,1012,-1,1012,1018,1020,-1,1020,1022,1012,-1,1012,1022,1024,-1,1012,1024,1013,-1,1013,1024,1026,-1,1013,1026,1028,-1,1028,1030,1013,-1,1013,1030,1032,-1,1013,1032,1008,-1,1008,1032,1034,-1,1008,1034,1009,-1,1009,1034,1037,-1,1009,1037,1039,-1,1039,1041,1009,-1,1009,1041,1043,-1,1009,1043,1045,-1,1033,1031,1015,-1,1015,1010,1011,-1,1019,1017,1021,-1,1021,1017,1014,-1,1021,1014,1023,-1,1031,1029,1015,-1,1015,1029,1027,-1,1015,1027,1014,-1,1014,1027,1025,-1,1014,1025,1023,-1,1033,1015,1035,-1,1035,1015,1011,-1,1035,1011,1036,-1,1011,1044,1042,-1,1042,1040,1011,-1,1011,1040,1038,-1,1011,1038,1036,-1,1046,1047,1048,-1,1048,1047,1049,-1,1050,1051,1052,-1,1052,1051,1053,-1,1050,1052,1054,-1,1054,1052,1055,-1,1054,1055,1056,-1,1056,1055,1057,-1,1056,1057,1058,-1,1058,1057,1059,-1,1058,1059,1060,-1,1060,1059,1061,-1,1060,1061,1062,-1,1062,1061,1063,-1,1064,1062,1065,-1,1065,1062,1063,-1,1064,1065,1066,-1,1064,1066,1067,-1,1067,1066,1068,-1,1067,1068,1069,-1,1069,1068,1070,-1,1069,1070,1071,-1,1071,1070,1072,-1,1071,1072,1073,-1,1073,1072,1074,-1,1073,1074,1075,-1,1075,1074,1076,-1,1075,1076,1077,-1,1077,1076,1078,-1,1077,1078,1079,-1,1079,1078,1080,-1,1079,1080,1081,-1,1081,1080,1082,-1,1081,1082,1083,-1,1083,1082,1084,-1,1083,1084,1085,-1,1086,1087,1088,-1,1088,1087,1089,-1,1088,1089,1084,-1,1084,1089,1085,-1,1087,1086,1046,-1,1046,1086,1047,-1,1051,1050,1090,-1,1090,1050,1054,-1,1090,1054,1056,-1,1056,1058,1090,-1,1090,1058,1060,-1,1090,1060,1089,-1,1089,1060,1062,-1,1089,1062,1085,-1,1085,1062,1064,-1,1085,1064,1083,-1,1079,1081,1069,-1,1083,1064,1081,-1,1081,1064,1067,-1,1081,1067,1069,-1,1073,1075,1077,-1,1079,1069,1077,-1,1077,1069,1071,-1,1077,1071,1073,-1,1061,1059,1091,-1,1091,1059,1057,-1,1065,1063,1084,-1,1061,1091,1063,-1,1063,1091,1088,-1,1063,1088,1084,-1,1057,1055,1091,-1,1091,1055,1052,-1,1091,1052,1053,-1,1084,1082,1065,-1,1065,1082,1080,-1,1065,1080,1066,-1,1066,1080,1068,-1,1076,1074,1072,-1,1080,1078,1068,-1,1068,1078,1076,-1,1068,1076,1070,-1,1070,1076,1072,-1,1087,1046,1089,-1,1089,1046,1048,-1,1089,1048,1090,-1,1047,1086,1049,-1,1049,1086,1088,-1,1049,1088,1091,-1,1092,1093,1094,-1,1094,1093,1095,-1,1096,1097,1098,-1,1098,1097,1099,-1,1100,1096,1101,-1,1101,1096,1098,-1,1102,1100,1103,-1,1103,1100,1101,-1,1104,1102,1105,-1,1105,1102,1103,-1,1104,1105,1106,-1,1106,1105,1107,-1,1106,1107,1108,-1,1108,1107,1109,-1,1108,1109,1110,-1,1110,1109,1111,-1,1110,1111,1112,-1,1112,1111,1113,-1,1112,1113,1114,-1,1114,1113,1115,-1,1114,1115,1116,-1,1116,1115,1117,-1,1118,1116,1119,-1,1119,1116,1117,-1,1118,1119,1120,-1,1118,1120,1121,-1,1121,1120,1122,-1,1121,1122,1123,-1,1123,1122,1124,-1,1123,1124,1125,-1,1125,1124,1126,-1,1125,1126,1127,-1,1127,1126,1128,-1,1127,1128,1129,-1,1129,1128,1095,-1,1129,1095,1093,-1,1100,1102,1096,-1,1096,1102,1104,-1,1104,1106,1096,-1,1096,1106,1108,-1,1096,1108,1097,-1,1097,1108,1110,-1,1097,1110,1112,-1,1112,1114,1097,-1,1097,1114,1116,-1,1097,1116,1092,-1,1092,1116,1118,-1,1092,1118,1093,-1,1093,1118,1121,-1,1093,1121,1123,-1,1123,1125,1093,-1,1093,1125,1127,-1,1093,1127,1129,-1,1117,1115,1099,-1,1120,1119,1095,-1,1103,1101,1105,-1,1105,1101,1098,-1,1105,1098,1107,-1,1117,1099,1119,-1,1119,1099,1094,-1,1119,1094,1095,-1,1115,1113,1099,-1,1099,1113,1111,-1,1099,1111,1098,-1,1098,1111,1109,-1,1098,1109,1107,-1,1095,1128,1126,-1,1126,1124,1095,-1,1095,1124,1122,-1,1095,1122,1120,-1,1130,1131,1132,-1,1132,1131,1133,-1,1134,1135,1136,-1,1136,1135,1137,-1,1134,1136,1138,-1,1138,1136,1139,-1,1138,1139,1140,-1,1140,1139,1141,-1,1140,1141,1142,-1,1142,1141,1143,-1,1142,1143,1144,-1,1144,1143,1145,-1,1144,1145,1146,-1,1146,1145,1147,-1,1148,1146,1149,-1,1149,1146,1147,-1,1148,1149,1150,-1,1148,1150,1151,-1,1151,1150,1152,-1,1151,1152,1153,-1,1153,1152,1154,-1,1153,1154,1155,-1,1155,1154,1156,-1,1155,1156,1157,-1,1157,1156,1158,-1,1157,1158,1159,-1,1159,1158,1160,-1,1159,1160,1161,-1,1161,1160,1162,-1,1161,1162,1163,-1,1163,1162,1164,-1,1163,1164,1165,-1,1165,1164,1166,-1,1165,1166,1167,-1,1167,1166,1168,-1,1167,1168,1169,-1,1170,1171,1172,-1,1172,1171,1173,-1,1172,1173,1168,-1,1168,1173,1169,-1,1171,1170,1130,-1,1130,1170,1131,-1,1135,1134,1174,-1,1174,1134,1138,-1,1174,1138,1140,-1,1140,1142,1174,-1,1174,1142,1144,-1,1174,1144,1173,-1,1173,1144,1146,-1,1173,1146,1169,-1,1169,1146,1148,-1,1157,1159,1161,-1,1157,1161,1155,-1,1155,1161,1153,-1,1153,1161,1163,-1,1153,1163,1165,-1,1148,1151,1169,-1,1169,1151,1153,-1,1169,1153,1167,-1,1167,1153,1165,-1,1147,1145,1175,-1,1175,1145,1143,-1,1175,1143,1141,-1,1141,1139,1175,-1,1175,1139,1136,-1,1175,1136,1137,-1,1175,1172,1147,-1,1147,1172,1168,-1,1147,1168,1149,-1,1149,1168,1150,-1,1160,1158,1156,-1,1164,1162,1152,-1,1152,1162,1160,-1,1152,1160,1154,-1,1154,1160,1156,-1,1150,1168,1152,-1,1152,1168,1166,-1,1152,1166,1164,-1,1171,1130,1173,-1,1173,1130,1132,-1,1173,1132,1174,-1,1131,1170,1133,-1,1133,1170,1172,-1,1133,1172,1175,-1,1176,1177,1178,-1,1178,1177,1179,-1,1180,1181,1182,-1,1182,1181,1183,-1,1184,1180,1185,-1,1185,1180,1182,-1,1186,1184,1187,-1,1187,1184,1185,-1,1188,1186,1189,-1,1189,1186,1187,-1,1188,1189,1190,-1,1190,1189,1191,-1,1190,1191,1192,-1,1192,1191,1193,-1,1192,1193,1194,-1,1194,1193,1195,-1,1194,1195,1196,-1,1196,1195,1197,-1,1196,1197,1198,-1,1198,1197,1199,-1,1198,1199,1200,-1,1200,1199,1201,-1,1202,1200,1203,-1,1203,1200,1201,-1,1202,1203,1204,-1,1202,1204,1205,-1,1205,1204,1206,-1,1205,1206,1207,-1,1207,1206,1208,-1,1207,1208,1209,-1,1209,1208,1210,-1,1209,1210,1211,-1,1211,1210,1212,-1,1211,1212,1213,-1,1213,1212,1179,-1,1213,1179,1177,-1,1184,1186,1180,-1,1180,1186,1188,-1,1188,1190,1180,-1,1180,1190,1192,-1,1180,1192,1181,-1,1181,1192,1194,-1,1181,1194,1196,-1,1196,1198,1181,-1,1181,1198,1200,-1,1181,1200,1176,-1,1176,1200,1202,-1,1176,1202,1177,-1,1177,1202,1205,-1,1177,1205,1207,-1,1207,1209,1177,-1,1177,1209,1211,-1,1177,1211,1213,-1,1201,1199,1183,-1,1204,1203,1179,-1,1187,1185,1189,-1,1189,1185,1182,-1,1189,1182,1191,-1,1201,1183,1203,-1,1203,1183,1178,-1,1203,1178,1179,-1,1199,1197,1183,-1,1183,1197,1195,-1,1183,1195,1182,-1,1182,1195,1193,-1,1182,1193,1191,-1,1179,1212,1210,-1,1210,1208,1179,-1,1179,1208,1206,-1,1179,1206,1204,-1,1214,1215,1216,-1,1216,1215,1217,-1,1218,1219,1220,-1,1220,1219,1221,-1,1218,1220,1222,-1,1222,1220,1223,-1,1222,1223,1224,-1,1224,1223,1225,-1,1224,1225,1226,-1,1226,1225,1227,-1,1226,1227,1228,-1,1228,1227,1229,-1,1228,1229,1230,-1,1230,1229,1231,-1,1232,1230,1233,-1,1233,1230,1231,-1,1232,1233,1234,-1,1232,1234,1235,-1,1235,1234,1236,-1,1235,1236,1237,-1,1237,1236,1238,-1,1237,1238,1239,-1,1239,1238,1240,-1,1239,1240,1241,-1,1241,1240,1242,-1,1241,1242,1243,-1,1243,1242,1244,-1,1243,1244,1245,-1,1245,1244,1246,-1,1245,1246,1247,-1,1247,1246,1248,-1,1247,1248,1249,-1,1249,1248,1250,-1,1249,1250,1251,-1,1251,1250,1252,-1,1251,1252,1253,-1,1254,1255,1256,-1,1256,1255,1257,-1,1256,1257,1252,-1,1252,1257,1253,-1,1255,1254,1214,-1,1214,1254,1215,-1,1219,1218,1258,-1,1258,1218,1222,-1,1258,1222,1224,-1,1224,1226,1258,-1,1258,1226,1228,-1,1258,1228,1257,-1,1257,1228,1230,-1,1257,1230,1253,-1,1253,1230,1232,-1,1253,1232,1251,-1,1247,1249,1237,-1,1251,1232,1249,-1,1249,1232,1235,-1,1249,1235,1237,-1,1241,1243,1245,-1,1247,1237,1245,-1,1245,1237,1239,-1,1245,1239,1241,-1,1229,1227,1259,-1,1259,1227,1225,-1,1233,1231,1252,-1,1229,1259,1231,-1,1231,1259,1256,-1,1231,1256,1252,-1,1225,1223,1259,-1,1259,1223,1220,-1,1259,1220,1221,-1,1252,1250,1233,-1,1233,1250,1248,-1,1233,1248,1234,-1,1234,1248,1236,-1,1244,1242,1240,-1,1248,1246,1236,-1,1236,1246,1244,-1,1236,1244,1238,-1,1238,1244,1240,-1,1255,1214,1257,-1,1257,1214,1216,-1,1257,1216,1258,-1,1215,1254,1217,-1,1217,1254,1256,-1,1217,1256,1259,-1,1260,1261,1262,-1,1262,1261,1263,-1,1264,1265,1266,-1,1266,1265,1267,-1,1268,1264,1269,-1,1269,1264,1266,-1,1270,1268,1271,-1,1271,1268,1269,-1,1272,1270,1273,-1,1273,1270,1271,-1,1272,1273,1274,-1,1274,1273,1275,-1,1274,1275,1276,-1,1276,1275,1277,-1,1276,1277,1278,-1,1278,1277,1279,-1,1278,1279,1280,-1,1280,1279,1281,-1,1280,1281,1282,-1,1282,1281,1283,-1,1282,1283,1284,-1,1284,1283,1285,-1,1286,1284,1287,-1,1287,1284,1285,-1,1286,1287,1288,-1,1286,1288,1289,-1,1289,1288,1290,-1,1289,1290,1291,-1,1291,1290,1292,-1,1291,1292,1293,-1,1293,1292,1294,-1,1293,1294,1295,-1,1295,1294,1296,-1,1295,1296,1297,-1,1297,1296,1263,-1,1297,1263,1261,-1,1268,1270,1264,-1,1264,1270,1272,-1,1272,1274,1264,-1,1264,1274,1276,-1,1264,1276,1265,-1,1265,1276,1278,-1,1265,1278,1280,-1,1280,1282,1265,-1,1265,1282,1284,-1,1265,1284,1260,-1,1260,1284,1286,-1,1260,1286,1261,-1,1261,1286,1289,-1,1261,1289,1291,-1,1291,1293,1261,-1,1261,1293,1295,-1,1261,1295,1297,-1,1285,1283,1267,-1,1288,1287,1263,-1,1271,1269,1273,-1,1273,1269,1266,-1,1273,1266,1275,-1,1285,1267,1287,-1,1287,1267,1262,-1,1287,1262,1263,-1,1283,1281,1267,-1,1267,1281,1279,-1,1267,1279,1266,-1,1266,1279,1277,-1,1266,1277,1275,-1,1263,1296,1294,-1,1294,1292,1263,-1,1263,1292,1290,-1,1263,1290,1288,-1,1298,1299,1300,-1,1300,1299,1301,-1,1302,1303,1304,-1,1304,1303,1305,-1,1302,1304,1306,-1,1306,1304,1307,-1,1306,1307,1308,-1,1308,1307,1309,-1,1308,1309,1310,-1,1310,1309,1311,-1,1310,1311,1312,-1,1312,1311,1313,-1,1312,1313,1314,-1,1314,1313,1315,-1,1316,1314,1317,-1,1317,1314,1315,-1,1316,1317,1318,-1,1316,1318,1319,-1,1319,1318,1320,-1,1319,1320,1321,-1,1321,1320,1322,-1,1321,1322,1323,-1,1323,1322,1324,-1,1323,1324,1325,-1,1325,1324,1326,-1,1325,1326,1327,-1,1327,1326,1328,-1,1327,1328,1329,-1,1329,1328,1330,-1,1329,1330,1331,-1,1331,1330,1332,-1,1331,1332,1333,-1,1333,1332,1334,-1,1333,1334,1335,-1,1335,1334,1336,-1,1335,1336,1337,-1,1338,1339,1340,-1,1340,1339,1341,-1,1340,1341,1336,-1,1336,1341,1337,-1,1339,1338,1298,-1,1298,1338,1299,-1,1303,1302,1342,-1,1342,1302,1306,-1,1342,1306,1308,-1,1308,1310,1342,-1,1342,1310,1312,-1,1342,1312,1341,-1,1341,1312,1314,-1,1341,1314,1337,-1,1337,1314,1316,-1,1325,1327,1329,-1,1325,1329,1323,-1,1323,1329,1321,-1,1321,1329,1331,-1,1321,1331,1333,-1,1316,1319,1337,-1,1337,1319,1321,-1,1337,1321,1335,-1,1335,1321,1333,-1,1315,1313,1343,-1,1343,1313,1311,-1,1343,1311,1309,-1,1309,1307,1343,-1,1343,1307,1304,-1,1343,1304,1305,-1,1343,1340,1315,-1,1315,1340,1336,-1,1315,1336,1317,-1,1317,1336,1318,-1,1328,1326,1324,-1,1332,1330,1320,-1,1320,1330,1328,-1,1320,1328,1322,-1,1322,1328,1324,-1,1318,1336,1320,-1,1320,1336,1334,-1,1320,1334,1332,-1,1339,1298,1341,-1,1341,1298,1300,-1,1341,1300,1342,-1,1299,1338,1301,-1,1301,1338,1340,-1,1301,1340,1343,-1,1344,1345,1346,-1,1346,1345,1347,-1,1348,1349,1350,-1,1350,1349,1351,-1,1352,1348,1353,-1,1353,1348,1350,-1,1354,1352,1355,-1,1355,1352,1353,-1,1356,1354,1357,-1,1357,1354,1355,-1,1356,1357,1358,-1,1358,1357,1359,-1,1358,1359,1360,-1,1360,1359,1361,-1,1360,1361,1362,-1,1362,1361,1363,-1,1362,1363,1364,-1,1364,1363,1365,-1,1364,1365,1366,-1,1366,1365,1367,-1,1366,1367,1368,-1,1368,1367,1369,-1,1370,1368,1371,-1,1371,1368,1369,-1,1370,1371,1372,-1,1370,1372,1373,-1,1373,1372,1374,-1,1373,1374,1375,-1,1375,1374,1376,-1,1375,1376,1377,-1,1377,1376,1378,-1,1377,1378,1379,-1,1379,1378,1380,-1,1379,1380,1381,-1,1381,1380,1347,-1,1381,1347,1345,-1,1352,1354,1348,-1,1348,1354,1356,-1,1356,1358,1348,-1,1348,1358,1360,-1,1348,1360,1349,-1,1349,1360,1362,-1,1349,1362,1364,-1,1364,1366,1349,-1,1349,1366,1368,-1,1349,1368,1344,-1,1344,1368,1370,-1,1344,1370,1345,-1,1345,1370,1373,-1,1345,1373,1375,-1,1375,1377,1345,-1,1345,1377,1379,-1,1345,1379,1381,-1,1369,1367,1351,-1,1372,1371,1347,-1,1355,1353,1357,-1,1357,1353,1350,-1,1357,1350,1359,-1,1369,1351,1371,-1,1371,1351,1346,-1,1371,1346,1347,-1,1367,1365,1351,-1,1351,1365,1363,-1,1351,1363,1350,-1,1350,1363,1361,-1,1350,1361,1359,-1,1347,1380,1378,-1,1378,1376,1347,-1,1347,1376,1374,-1,1347,1374,1372,-1,1382,1383,1384,-1,1384,1383,1385,-1,1386,1387,1388,-1,1388,1387,1389,-1,1386,1388,1390,-1,1390,1388,1391,-1,1390,1391,1392,-1,1392,1391,1393,-1,1392,1393,1394,-1,1394,1393,1395,-1,1394,1395,1396,-1,1396,1395,1397,-1,1396,1397,1398,-1,1398,1397,1399,-1,1400,1398,1401,-1,1401,1398,1399,-1,1400,1401,1402,-1,1400,1402,1403,-1,1403,1402,1404,-1,1403,1404,1405,-1,1405,1404,1406,-1,1405,1406,1407,-1,1407,1406,1408,-1,1407,1408,1409,-1,1409,1408,1410,-1,1409,1410,1411,-1,1411,1410,1412,-1,1411,1412,1413,-1,1413,1412,1414,-1,1413,1414,1415,-1,1415,1414,1416,-1,1415,1416,1417,-1,1417,1416,1418,-1,1417,1418,1419,-1,1419,1418,1420,-1,1419,1420,1421,-1,1422,1423,1424,-1,1424,1423,1425,-1,1424,1425,1420,-1,1420,1425,1421,-1,1423,1422,1382,-1,1382,1422,1383,-1,1387,1386,1426,-1,1426,1386,1390,-1,1426,1390,1392,-1,1392,1394,1426,-1,1426,1394,1396,-1,1426,1396,1425,-1,1425,1396,1398,-1,1425,1398,1421,-1,1421,1398,1400,-1,1409,1411,1413,-1,1409,1413,1407,-1,1407,1413,1405,-1,1405,1413,1415,-1,1405,1415,1417,-1,1400,1403,1421,-1,1421,1403,1405,-1,1421,1405,1419,-1,1419,1405,1417,-1,1399,1397,1427,-1,1427,1397,1395,-1,1427,1395,1393,-1,1393,1391,1427,-1,1427,1391,1388,-1,1427,1388,1389,-1,1427,1424,1399,-1,1399,1424,1420,-1,1399,1420,1401,-1,1401,1420,1402,-1,1412,1410,1408,-1,1416,1414,1404,-1,1404,1414,1412,-1,1404,1412,1406,-1,1406,1412,1408,-1,1402,1420,1404,-1,1404,1420,1418,-1,1404,1418,1416,-1,1423,1382,1425,-1,1425,1382,1384,-1,1425,1384,1426,-1,1383,1422,1385,-1,1385,1422,1424,-1,1385,1424,1427,-1,1428,1429,1430,-1,1430,1429,1431,-1,1432,1433,1434,-1,1434,1433,1435,-1,1436,1432,1437,-1,1437,1432,1434,-1,1438,1436,1439,-1,1439,1436,1437,-1,1440,1438,1441,-1,1441,1438,1439,-1,1440,1441,1442,-1,1442,1441,1443,-1,1442,1443,1444,-1,1444,1443,1445,-1,1444,1445,1446,-1,1446,1445,1447,-1,1446,1447,1448,-1,1448,1447,1449,-1,1448,1449,1450,-1,1450,1449,1451,-1,1450,1451,1452,-1,1452,1451,1453,-1,1454,1452,1455,-1,1455,1452,1453,-1,1454,1455,1456,-1,1454,1456,1457,-1,1457,1456,1458,-1,1457,1458,1459,-1,1459,1458,1460,-1,1459,1460,1461,-1,1461,1460,1462,-1,1461,1462,1463,-1,1463,1462,1464,-1,1463,1464,1465,-1,1465,1464,1431,-1,1465,1431,1429,-1,1436,1438,1432,-1,1432,1438,1440,-1,1440,1442,1432,-1,1432,1442,1444,-1,1432,1444,1433,-1,1433,1444,1446,-1,1433,1446,1448,-1,1448,1450,1433,-1,1433,1450,1452,-1,1433,1452,1428,-1,1428,1452,1454,-1,1428,1454,1429,-1,1429,1454,1457,-1,1429,1457,1459,-1,1459,1461,1429,-1,1429,1461,1463,-1,1429,1463,1465,-1,1453,1451,1435,-1,1456,1455,1431,-1,1439,1437,1441,-1,1441,1437,1434,-1,1441,1434,1443,-1,1453,1435,1455,-1,1455,1435,1430,-1,1455,1430,1431,-1,1451,1449,1435,-1,1435,1449,1447,-1,1435,1447,1434,-1,1434,1447,1445,-1,1434,1445,1443,-1,1431,1464,1462,-1,1462,1460,1431,-1,1431,1460,1458,-1,1431,1458,1456,-1,1466,1467,1468,-1,1468,1467,1469,-1,1470,1471,1472,-1,1472,1471,1473,-1,1470,1472,1474,-1,1474,1472,1475,-1,1474,1475,1476,-1,1476,1475,1477,-1,1476,1477,1478,-1,1478,1477,1479,-1,1478,1479,1480,-1,1480,1479,1481,-1,1480,1481,1482,-1,1482,1481,1483,-1,1484,1482,1485,-1,1485,1482,1483,-1,1484,1485,1486,-1,1484,1486,1487,-1,1487,1486,1488,-1,1487,1488,1489,-1,1489,1488,1490,-1,1489,1490,1491,-1,1491,1490,1492,-1,1491,1492,1493,-1,1493,1492,1494,-1,1493,1494,1495,-1,1495,1494,1496,-1,1495,1496,1497,-1,1497,1496,1498,-1,1497,1498,1499,-1,1499,1498,1500,-1,1499,1500,1501,-1,1501,1500,1502,-1,1501,1502,1503,-1,1503,1502,1504,-1,1503,1504,1505,-1,1506,1507,1508,-1,1508,1507,1509,-1,1508,1509,1504,-1,1504,1509,1505,-1,1507,1506,1466,-1,1466,1506,1467,-1,1471,1470,1510,-1,1510,1470,1474,-1,1510,1474,1476,-1,1476,1478,1510,-1,1510,1478,1480,-1,1510,1480,1509,-1,1509,1480,1482,-1,1509,1482,1505,-1,1505,1482,1484,-1,1505,1484,1503,-1,1499,1501,1489,-1,1503,1484,1501,-1,1501,1484,1487,-1,1501,1487,1489,-1,1493,1495,1497,-1,1499,1489,1497,-1,1497,1489,1491,-1,1497,1491,1493,-1,1481,1479,1511,-1,1511,1479,1477,-1,1485,1483,1504,-1,1481,1511,1483,-1,1483,1511,1508,-1,1483,1508,1504,-1,1477,1475,1511,-1,1511,1475,1472,-1,1511,1472,1473,-1,1504,1502,1485,-1,1485,1502,1500,-1,1485,1500,1486,-1,1486,1500,1488,-1,1496,1494,1492,-1,1500,1498,1488,-1,1488,1498,1496,-1,1488,1496,1490,-1,1490,1496,1492,-1,1507,1466,1509,-1,1509,1466,1468,-1,1509,1468,1510,-1,1467,1506,1469,-1,1469,1506,1508,-1,1469,1508,1511,-1,1512,1513,1514,-1,1514,1513,1515,-1,1516,1517,1518,-1,1518,1517,1519,-1,1520,1516,1521,-1,1521,1516,1518,-1,1522,1520,1523,-1,1523,1520,1521,-1,1524,1522,1525,-1,1525,1522,1523,-1,1524,1525,1526,-1,1526,1525,1527,-1,1526,1527,1528,-1,1528,1527,1529,-1,1528,1529,1530,-1,1530,1529,1531,-1,1530,1531,1532,-1,1532,1531,1533,-1,1532,1533,1534,-1,1534,1533,1535,-1,1534,1535,1536,-1,1536,1535,1537,-1,1538,1536,1539,-1,1539,1536,1537,-1,1538,1539,1540,-1,1538,1540,1541,-1,1541,1540,1542,-1,1541,1542,1543,-1,1543,1542,1544,-1,1543,1544,1545,-1,1545,1544,1546,-1,1545,1546,1547,-1,1547,1546,1548,-1,1547,1548,1549,-1,1549,1548,1515,-1,1549,1515,1513,-1,1520,1522,1516,-1,1516,1522,1524,-1,1524,1526,1516,-1,1516,1526,1528,-1,1516,1528,1517,-1,1517,1528,1530,-1,1517,1530,1532,-1,1532,1534,1517,-1,1517,1534,1536,-1,1517,1536,1512,-1,1512,1536,1538,-1,1512,1538,1513,-1,1513,1538,1541,-1,1513,1541,1543,-1,1543,1545,1513,-1,1513,1545,1547,-1,1513,1547,1549,-1,1537,1535,1519,-1,1540,1539,1515,-1,1523,1521,1525,-1,1525,1521,1518,-1,1525,1518,1527,-1,1537,1519,1539,-1,1539,1519,1514,-1,1539,1514,1515,-1,1535,1533,1519,-1,1519,1533,1531,-1,1519,1531,1518,-1,1518,1531,1529,-1,1518,1529,1527,-1,1515,1548,1546,-1,1546,1544,1515,-1,1515,1544,1542,-1,1515,1542,1540,-1,1550,1551,1552,-1,1552,1551,1553,-1,1554,1555,1556,-1,1556,1555,1557,-1,1554,1556,1558,-1,1558,1556,1559,-1,1558,1559,1560,-1,1560,1559,1561,-1,1560,1561,1562,-1,1562,1561,1563,-1,1562,1563,1564,-1,1564,1563,1565,-1,1564,1565,1566,-1,1566,1565,1567,-1,1568,1566,1569,-1,1569,1566,1567,-1,1568,1569,1570,-1,1568,1570,1571,-1,1571,1570,1572,-1,1571,1572,1573,-1,1573,1572,1574,-1,1573,1574,1575,-1,1575,1574,1576,-1,1575,1576,1577,-1,1577,1576,1578,-1,1577,1578,1579,-1,1579,1578,1580,-1,1579,1580,1581,-1,1581,1580,1582,-1,1581,1582,1583,-1,1583,1582,1584,-1,1583,1584,1585,-1,1585,1584,1586,-1,1585,1586,1587,-1,1587,1586,1588,-1,1587,1588,1589,-1,1590,1591,1592,-1,1592,1591,1593,-1,1592,1593,1588,-1,1588,1593,1589,-1,1591,1590,1550,-1,1550,1590,1551,-1,1555,1554,1594,-1,1594,1554,1558,-1,1594,1558,1560,-1,1560,1562,1594,-1,1594,1562,1564,-1,1594,1564,1593,-1,1593,1564,1566,-1,1593,1566,1589,-1,1589,1566,1568,-1,1577,1579,1581,-1,1577,1581,1575,-1,1575,1581,1573,-1,1573,1581,1583,-1,1573,1583,1585,-1,1568,1571,1589,-1,1589,1571,1573,-1,1589,1573,1587,-1,1587,1573,1585,-1,1567,1565,1595,-1,1595,1565,1563,-1,1595,1563,1561,-1,1561,1559,1595,-1,1595,1559,1556,-1,1595,1556,1557,-1,1595,1592,1567,-1,1567,1592,1588,-1,1567,1588,1569,-1,1569,1588,1570,-1,1580,1578,1576,-1,1584,1582,1572,-1,1572,1582,1580,-1,1572,1580,1574,-1,1574,1580,1576,-1,1570,1588,1572,-1,1572,1588,1586,-1,1572,1586,1584,-1,1591,1550,1593,-1,1593,1550,1552,-1,1593,1552,1594,-1,1551,1590,1553,-1,1553,1590,1592,-1,1553,1592,1595,-1,1596,1597,1598,-1,1598,1597,1599,-1,1600,1601,1602,-1,1602,1601,1603,-1,1604,1600,1605,-1,1605,1600,1602,-1,1606,1604,1607,-1,1607,1604,1605,-1,1608,1606,1609,-1,1609,1606,1607,-1,1608,1609,1610,-1,1610,1609,1611,-1,1610,1611,1612,-1,1612,1611,1613,-1,1612,1613,1614,-1,1614,1613,1615,-1,1614,1615,1616,-1,1616,1615,1617,-1,1616,1617,1618,-1,1618,1617,1619,-1,1618,1619,1620,-1,1620,1619,1621,-1,1622,1620,1623,-1,1623,1620,1621,-1,1622,1623,1624,-1,1622,1624,1625,-1,1625,1624,1626,-1,1625,1626,1627,-1,1627,1626,1628,-1,1627,1628,1629,-1,1629,1628,1630,-1,1629,1630,1631,-1,1631,1630,1632,-1,1631,1632,1633,-1,1633,1632,1599,-1,1633,1599,1597,-1,1604,1606,1600,-1,1600,1606,1608,-1,1608,1610,1600,-1,1600,1610,1612,-1,1600,1612,1601,-1,1601,1612,1614,-1,1601,1614,1616,-1,1616,1618,1601,-1,1601,1618,1620,-1,1601,1620,1596,-1,1596,1620,1622,-1,1596,1622,1597,-1,1597,1622,1625,-1,1597,1625,1627,-1,1627,1629,1597,-1,1597,1629,1631,-1,1597,1631,1633,-1,1621,1619,1603,-1,1624,1623,1599,-1,1607,1605,1609,-1,1609,1605,1602,-1,1609,1602,1611,-1,1621,1603,1623,-1,1623,1603,1598,-1,1623,1598,1599,-1,1619,1617,1603,-1,1603,1617,1615,-1,1603,1615,1602,-1,1602,1615,1613,-1,1602,1613,1611,-1,1599,1632,1630,-1,1630,1628,1599,-1,1599,1628,1626,-1,1599,1626,1624,-1,1634,1635,1636,-1,1636,1635,1637,-1,1638,1639,1640,-1,1640,1639,1641,-1,1638,1640,1642,-1,1642,1640,1643,-1,1642,1643,1644,-1,1644,1643,1645,-1,1644,1645,1646,-1,1646,1645,1647,-1,1646,1647,1648,-1,1648,1647,1649,-1,1648,1649,1650,-1,1650,1649,1651,-1,1652,1650,1653,-1,1653,1650,1651,-1,1652,1653,1654,-1,1652,1654,1655,-1,1655,1654,1656,-1,1655,1656,1657,-1,1657,1656,1658,-1,1657,1658,1659,-1,1659,1658,1660,-1,1659,1660,1661,-1,1661,1660,1662,-1,1661,1662,1663,-1,1663,1662,1664,-1,1663,1664,1665,-1,1665,1664,1666,-1,1665,1666,1667,-1,1667,1666,1668,-1,1667,1668,1669,-1,1669,1668,1670,-1,1669,1670,1671,-1,1671,1670,1672,-1,1671,1672,1673,-1,1674,1675,1676,-1,1676,1675,1677,-1,1676,1677,1672,-1,1672,1677,1673,-1,1675,1674,1634,-1,1634,1674,1635,-1,1639,1638,1678,-1,1678,1638,1642,-1,1678,1642,1644,-1,1644,1646,1678,-1,1678,1646,1648,-1,1678,1648,1677,-1,1677,1648,1650,-1,1677,1650,1673,-1,1673,1650,1652,-1,1673,1652,1671,-1,1667,1669,1657,-1,1671,1652,1669,-1,1669,1652,1655,-1,1669,1655,1657,-1,1661,1663,1665,-1,1667,1657,1665,-1,1665,1657,1659,-1,1665,1659,1661,-1,1649,1647,1679,-1,1679,1647,1645,-1,1653,1651,1672,-1,1649,1679,1651,-1,1651,1679,1676,-1,1651,1676,1672,-1,1645,1643,1679,-1,1679,1643,1640,-1,1679,1640,1641,-1,1672,1670,1653,-1,1653,1670,1668,-1,1653,1668,1654,-1,1654,1668,1656,-1,1664,1662,1660,-1,1668,1666,1656,-1,1656,1666,1664,-1,1656,1664,1658,-1,1658,1664,1660,-1,1675,1634,1677,-1,1677,1634,1636,-1,1677,1636,1678,-1,1635,1674,1637,-1,1637,1674,1676,-1,1637,1676,1679,-1,1680,1681,1682,-1,1682,1681,1683,-1,1684,1685,1686,-1,1686,1685,1687,-1,1688,1684,1689,-1,1689,1684,1686,-1,1690,1688,1691,-1,1691,1688,1689,-1,1692,1690,1693,-1,1693,1690,1691,-1,1692,1693,1694,-1,1694,1693,1695,-1,1694,1695,1696,-1,1696,1695,1697,-1,1696,1697,1698,-1,1698,1697,1699,-1,1698,1699,1700,-1,1700,1699,1701,-1,1700,1701,1702,-1,1702,1701,1703,-1,1702,1703,1704,-1,1704,1703,1705,-1,1706,1704,1707,-1,1707,1704,1705,-1,1706,1707,1708,-1,1706,1708,1709,-1,1709,1708,1710,-1,1709,1710,1711,-1,1711,1710,1712,-1,1711,1712,1713,-1,1713,1712,1714,-1,1713,1714,1715,-1,1715,1714,1716,-1,1715,1716,1717,-1,1717,1716,1683,-1,1717,1683,1681,-1,1688,1690,1684,-1,1684,1690,1692,-1,1692,1694,1684,-1,1684,1694,1696,-1,1684,1696,1685,-1,1685,1696,1698,-1,1685,1698,1700,-1,1700,1702,1685,-1,1685,1702,1704,-1,1685,1704,1680,-1,1680,1704,1706,-1,1680,1706,1681,-1,1681,1706,1709,-1,1681,1709,1711,-1,1711,1713,1681,-1,1681,1713,1715,-1,1681,1715,1717,-1,1705,1703,1687,-1,1708,1707,1683,-1,1691,1689,1693,-1,1693,1689,1686,-1,1693,1686,1695,-1,1705,1687,1707,-1,1707,1687,1682,-1,1707,1682,1683,-1,1703,1701,1687,-1,1687,1701,1699,-1,1687,1699,1686,-1,1686,1699,1697,-1,1686,1697,1695,-1,1683,1716,1714,-1,1714,1712,1683,-1,1683,1712,1710,-1,1683,1710,1708,-1,1718,1719,1720,-1,1720,1719,1721,-1,1722,1723,1724,-1,1724,1723,1725,-1,1722,1724,1726,-1,1726,1724,1727,-1,1726,1727,1728,-1,1728,1727,1729,-1,1728,1729,1730,-1,1730,1729,1731,-1,1730,1731,1732,-1,1732,1731,1733,-1,1732,1733,1734,-1,1734,1733,1735,-1,1736,1734,1737,-1,1737,1734,1735,-1,1736,1737,1738,-1,1736,1738,1739,-1,1739,1738,1740,-1,1739,1740,1741,-1,1741,1740,1742,-1,1741,1742,1743,-1,1743,1742,1744,-1,1743,1744,1745,-1,1745,1744,1746,-1,1745,1746,1747,-1,1747,1746,1748,-1,1747,1748,1749,-1,1749,1748,1750,-1,1749,1750,1751,-1,1751,1750,1752,-1,1751,1752,1753,-1,1753,1752,1754,-1,1753,1754,1755,-1,1755,1754,1756,-1,1755,1756,1757,-1,1758,1759,1760,-1,1760,1759,1761,-1,1760,1761,1756,-1,1756,1761,1757,-1,1759,1758,1718,-1,1718,1758,1719,-1,1723,1722,1762,-1,1762,1722,1726,-1,1762,1726,1728,-1,1728,1730,1762,-1,1762,1730,1732,-1,1762,1732,1761,-1,1761,1732,1734,-1,1761,1734,1757,-1,1757,1734,1736,-1,1745,1747,1749,-1,1745,1749,1743,-1,1743,1749,1741,-1,1741,1749,1751,-1,1741,1751,1753,-1,1736,1739,1757,-1,1757,1739,1741,-1,1757,1741,1755,-1,1755,1741,1753,-1,1735,1733,1763,-1,1763,1733,1731,-1,1763,1731,1729,-1,1729,1727,1763,-1,1763,1727,1724,-1,1763,1724,1725,-1,1763,1760,1735,-1,1735,1760,1756,-1,1735,1756,1737,-1,1737,1756,1738,-1,1748,1746,1744,-1,1752,1750,1740,-1,1740,1750,1748,-1,1740,1748,1742,-1,1742,1748,1744,-1,1738,1756,1740,-1,1740,1756,1754,-1,1740,1754,1752,-1,1759,1718,1761,-1,1761,1718,1720,-1,1761,1720,1762,-1,1719,1758,1721,-1,1721,1758,1760,-1,1721,1760,1763,-1,1764,1765,1766,-1,1766,1765,1767,-1,1768,1769,1770,-1,1770,1769,1771,-1,1772,1768,1773,-1,1773,1768,1770,-1,1774,1772,1775,-1,1775,1772,1773,-1,1776,1774,1777,-1,1777,1774,1775,-1,1776,1777,1778,-1,1778,1777,1779,-1,1778,1779,1780,-1,1780,1779,1781,-1,1780,1781,1782,-1,1782,1781,1783,-1,1782,1783,1784,-1,1784,1783,1785,-1,1784,1785,1786,-1,1786,1785,1787,-1,1786,1787,1788,-1,1788,1787,1789,-1,1790,1788,1791,-1,1791,1788,1789,-1,1790,1791,1792,-1,1790,1792,1793,-1,1793,1792,1794,-1,1793,1794,1795,-1,1795,1794,1796,-1,1795,1796,1797,-1,1797,1796,1798,-1,1797,1798,1799,-1,1799,1798,1800,-1,1799,1800,1801,-1,1801,1800,1767,-1,1801,1767,1765,-1,1772,1774,1768,-1,1768,1774,1776,-1,1776,1778,1768,-1,1768,1778,1780,-1,1768,1780,1769,-1,1769,1780,1782,-1,1769,1782,1784,-1,1784,1786,1769,-1,1769,1786,1788,-1,1769,1788,1764,-1,1764,1788,1790,-1,1764,1790,1765,-1,1765,1790,1793,-1,1765,1793,1795,-1,1795,1797,1765,-1,1765,1797,1799,-1,1765,1799,1801,-1,1789,1787,1771,-1,1771,1766,1767,-1,1775,1773,1777,-1,1777,1773,1770,-1,1777,1770,1779,-1,1787,1785,1771,-1,1771,1785,1783,-1,1771,1783,1770,-1,1770,1783,1781,-1,1770,1781,1779,-1,1789,1771,1791,-1,1791,1771,1767,-1,1791,1767,1792,-1,1767,1800,1798,-1,1798,1796,1767,-1,1767,1796,1794,-1,1767,1794,1792,-1,1802,1803,1804,-1,1804,1803,1805,-1,1806,1807,1808,-1,1808,1807,1809,-1,1806,1808,1810,-1,1810,1808,1811,-1,1810,1811,1812,-1,1812,1811,1813,-1,1812,1813,1814,-1,1814,1813,1815,-1,1814,1815,1816,-1,1816,1815,1817,-1,1816,1817,1818,-1,1818,1817,1819,-1,1820,1818,1821,-1,1821,1818,1819,-1,1820,1821,1822,-1,1820,1822,1823,-1,1823,1822,1824,-1,1823,1824,1825,-1,1825,1824,1826,-1,1825,1826,1827,-1,1827,1826,1828,-1,1827,1828,1829,-1,1829,1828,1830,-1,1829,1830,1831,-1,1831,1830,1832,-1,1831,1832,1833,-1,1833,1832,1834,-1,1833,1834,1835,-1,1835,1834,1836,-1,1835,1836,1837,-1,1837,1836,1838,-1,1837,1838,1839,-1,1839,1838,1840,-1,1839,1840,1841,-1,1841,1840,1842,-1,1841,1842,1843,-1,1843,1842,1844,-1,1843,1844,1845,-1,1845,1844,1802,-1,1802,1844,1803,-1,1807,1806,1846,-1,1846,1806,1810,-1,1846,1810,1812,-1,1812,1814,1846,-1,1846,1814,1816,-1,1846,1816,1843,-1,1843,1816,1818,-1,1843,1818,1841,-1,1841,1818,1820,-1,1841,1820,1839,-1,1835,1837,1825,-1,1839,1820,1837,-1,1837,1820,1823,-1,1837,1823,1825,-1,1829,1831,1833,-1,1835,1825,1833,-1,1833,1825,1827,-1,1833,1827,1829,-1,1817,1815,1847,-1,1847,1815,1813,-1,1821,1819,1840,-1,1817,1847,1819,-1,1819,1847,1842,-1,1819,1842,1840,-1,1813,1811,1847,-1,1847,1811,1808,-1,1847,1808,1809,-1,1840,1838,1821,-1,1821,1838,1836,-1,1821,1836,1822,-1,1822,1836,1824,-1,1832,1830,1828,-1,1836,1834,1824,-1,1824,1834,1832,-1,1824,1832,1826,-1,1826,1832,1828,-1,1845,1802,1843,-1,1843,1802,1804,-1,1843,1804,1846,-1,1803,1844,1805,-1,1805,1844,1842,-1,1805,1842,1847,-1,1848,1849,1850,-1,1850,1849,1851,-1,1852,1853,1854,-1,1854,1853,1855,-1,1856,1852,1857,-1,1857,1852,1854,-1,1858,1856,1859,-1,1859,1856,1857,-1,1860,1858,1861,-1,1861,1858,1859,-1,1860,1861,1862,-1,1862,1861,1863,-1,1862,1863,1864,-1,1864,1863,1865,-1,1864,1865,1866,-1,1866,1865,1867,-1,1866,1867,1868,-1,1868,1867,1869,-1,1868,1869,1870,-1,1870,1869,1871,-1,1870,1871,1872,-1,1872,1871,1873,-1,1874,1872,1875,-1,1875,1872,1873,-1,1874,1875,1876,-1,1874,1876,1877,-1,1877,1876,1878,-1,1877,1878,1879,-1,1879,1878,1880,-1,1879,1880,1881,-1,1881,1880,1882,-1,1881,1882,1883,-1,1883,1882,1884,-1,1883,1884,1885,-1,1885,1884,1851,-1,1885,1851,1849,-1,1856,1858,1852,-1,1852,1858,1860,-1,1860,1862,1852,-1,1852,1862,1864,-1,1852,1864,1853,-1,1853,1864,1866,-1,1853,1866,1868,-1,1868,1870,1853,-1,1853,1870,1872,-1,1853,1872,1848,-1,1848,1872,1874,-1,1848,1874,1849,-1,1849,1874,1877,-1,1849,1877,1879,-1,1879,1881,1849,-1,1849,1881,1883,-1,1849,1883,1885,-1,1873,1871,1855,-1,1876,1875,1851,-1,1859,1857,1861,-1,1861,1857,1854,-1,1861,1854,1863,-1,1873,1855,1875,-1,1875,1855,1850,-1,1875,1850,1851,-1,1871,1869,1855,-1,1855,1869,1867,-1,1855,1867,1854,-1,1854,1867,1865,-1,1854,1865,1863,-1,1851,1884,1882,-1,1882,1880,1851,-1,1851,1880,1878,-1,1851,1878,1876,-1,1886,1887,1888,-1,1888,1887,1889,-1,1890,1891,1892,-1,1892,1891,1893,-1,1890,1892,1894,-1,1894,1892,1895,-1,1894,1895,1896,-1,1896,1895,1897,-1,1896,1897,1898,-1,1898,1897,1899,-1,1898,1899,1900,-1,1900,1899,1901,-1,1900,1901,1902,-1,1902,1901,1903,-1,1904,1902,1905,-1,1905,1902,1903,-1,1904,1905,1906,-1,1904,1906,1907,-1,1907,1906,1908,-1,1907,1908,1909,-1,1909,1908,1910,-1,1909,1910,1911,-1,1911,1910,1912,-1,1911,1912,1913,-1,1913,1912,1914,-1,1913,1914,1915,-1,1915,1914,1916,-1,1915,1916,1917,-1,1917,1916,1918,-1,1917,1918,1919,-1,1919,1918,1920,-1,1919,1920,1921,-1,1921,1920,1922,-1,1921,1922,1923,-1,1923,1922,1924,-1,1923,1924,1925,-1,1925,1924,1926,-1,1925,1926,1927,-1,1927,1926,1928,-1,1927,1928,1929,-1,1929,1928,1886,-1,1886,1928,1887,-1,1891,1890,1930,-1,1930,1890,1894,-1,1930,1894,1896,-1,1896,1898,1930,-1,1930,1898,1900,-1,1930,1900,1927,-1,1927,1900,1902,-1,1927,1902,1925,-1,1925,1902,1904,-1,1913,1915,1917,-1,1913,1917,1911,-1,1911,1917,1909,-1,1909,1917,1919,-1,1909,1919,1921,-1,1904,1907,1925,-1,1925,1907,1909,-1,1925,1909,1923,-1,1923,1909,1921,-1,1903,1901,1931,-1,1931,1901,1899,-1,1931,1899,1897,-1,1897,1895,1931,-1,1931,1895,1892,-1,1931,1892,1893,-1,1931,1926,1903,-1,1903,1926,1924,-1,1903,1924,1905,-1,1905,1924,1906,-1,1916,1914,1912,-1,1920,1918,1908,-1,1908,1918,1916,-1,1908,1916,1910,-1,1910,1916,1912,-1,1906,1924,1908,-1,1908,1924,1922,-1,1908,1922,1920,-1,1929,1886,1927,-1,1927,1886,1888,-1,1927,1888,1930,-1,1887,1928,1889,-1,1889,1928,1926,-1,1889,1926,1931,-1,1932,1933,1934,-1,1934,1933,1935,-1,1936,1937,1938,-1,1938,1937,1939,-1,1940,1936,1941,-1,1941,1936,1938,-1,1942,1940,1943,-1,1943,1940,1941,-1,1944,1942,1945,-1,1945,1942,1943,-1,1944,1945,1946,-1,1946,1945,1947,-1,1946,1947,1948,-1,1948,1947,1949,-1,1948,1949,1950,-1,1950,1949,1951,-1,1950,1951,1952,-1,1952,1951,1953,-1,1952,1953,1954,-1,1954,1953,1955,-1,1954,1955,1956,-1,1956,1955,1957,-1,1958,1956,1959,-1,1959,1956,1957,-1,1958,1959,1960,-1,1958,1960,1961,-1,1961,1960,1962,-1,1961,1962,1963,-1,1963,1962,1964,-1,1963,1964,1965,-1,1965,1964,1966,-1,1965,1966,1967,-1,1967,1966,1968,-1,1967,1968,1969,-1,1969,1968,1935,-1,1969,1935,1933,-1,1940,1942,1936,-1,1936,1942,1944,-1,1944,1946,1936,-1,1936,1946,1948,-1,1936,1948,1937,-1,1937,1948,1950,-1,1937,1950,1952,-1,1952,1954,1937,-1,1937,1954,1956,-1,1937,1956,1932,-1,1932,1956,1958,-1,1932,1958,1933,-1,1933,1958,1961,-1,1933,1961,1963,-1,1963,1965,1933,-1,1933,1965,1967,-1,1933,1967,1969,-1,1957,1955,1939,-1,1960,1959,1935,-1,1943,1941,1945,-1,1945,1941,1938,-1,1945,1938,1947,-1,1957,1939,1959,-1,1959,1939,1934,-1,1959,1934,1935,-1,1955,1953,1939,-1,1939,1953,1951,-1,1939,1951,1938,-1,1938,1951,1949,-1,1938,1949,1947,-1,1935,1968,1966,-1,1966,1964,1935,-1,1935,1964,1962,-1,1935,1962,1960,-1,1970,1971,1972,-1,1972,1971,1973,-1,1974,1975,1976,-1,1976,1975,1977,-1,1974,1976,1978,-1,1978,1976,1979,-1,1978,1979,1980,-1,1980,1979,1981,-1,1980,1981,1982,-1,1982,1981,1983,-1,1982,1983,1984,-1,1984,1983,1985,-1,1984,1985,1986,-1,1986,1985,1987,-1,1988,1986,1989,-1,1989,1986,1987,-1,1988,1989,1990,-1,1988,1990,1991,-1,1991,1990,1992,-1,1991,1992,1993,-1,1993,1992,1994,-1,1993,1994,1995,-1,1995,1994,1996,-1,1995,1996,1997,-1,1997,1996,1998,-1,1997,1998,1999,-1,1999,1998,2000,-1,1999,2000,2001,-1,2001,2000,2002,-1,2001,2002,2003,-1,2003,2002,2004,-1,2003,2004,2005,-1,2005,2004,2006,-1,2005,2006,2007,-1,2007,2006,2008,-1,2007,2008,2009,-1,2009,2008,2010,-1,2009,2010,2011,-1,2011,2010,2012,-1,2011,2012,2013,-1,2013,2012,1970,-1,1970,2012,1971,-1,1975,1974,2014,-1,2014,1974,1978,-1,2014,1978,1980,-1,1980,1982,2014,-1,2014,1982,1984,-1,2014,1984,2011,-1,2011,1984,1986,-1,2011,1986,2009,-1,2009,1986,1988,-1,2009,1988,2007,-1,2003,2005,1993,-1,2007,1988,2005,-1,2005,1988,1991,-1,2005,1991,1993,-1,1997,1999,2001,-1,2003,1993,2001,-1,2001,1993,1995,-1,2001,1995,1997,-1,1985,1983,2015,-1,2015,1983,1981,-1,1989,1987,2008,-1,1985,2015,1987,-1,1987,2015,2010,-1,1987,2010,2008,-1,1981,1979,2015,-1,2015,1979,1976,-1,2015,1976,1977,-1,2008,2006,1989,-1,1989,2006,2004,-1,1989,2004,1990,-1,1990,2004,1992,-1,2000,1998,1996,-1,2004,2002,1992,-1,1992,2002,2000,-1,1992,2000,1994,-1,1994,2000,1996,-1,2013,1970,2011,-1,2011,1970,1972,-1,2011,1972,2014,-1,1971,2012,1973,-1,1973,2012,2010,-1,1973,2010,2015,-1,2016,2017,2018,-1,2018,2017,2019,-1,2020,2021,2022,-1,2022,2021,2023,-1,2024,2020,2025,-1,2025,2020,2022,-1,2026,2024,2027,-1,2027,2024,2025,-1,2028,2026,2029,-1,2029,2026,2027,-1,2028,2029,2030,-1,2030,2029,2031,-1,2030,2031,2032,-1,2032,2031,2033,-1,2032,2033,2034,-1,2034,2033,2035,-1,2034,2035,2036,-1,2036,2035,2037,-1,2036,2037,2038,-1,2038,2037,2039,-1,2038,2039,2040,-1,2040,2039,2041,-1,2042,2040,2043,-1,2043,2040,2041,-1,2042,2043,2044,-1,2042,2044,2045,-1,2045,2044,2046,-1,2045,2046,2047,-1,2047,2046,2048,-1,2047,2048,2049,-1,2049,2048,2050,-1,2049,2050,2051,-1,2051,2050,2052,-1,2051,2052,2053,-1,2053,2052,2019,-1,2053,2019,2017,-1,2024,2026,2020,-1,2020,2026,2028,-1,2028,2030,2020,-1,2020,2030,2032,-1,2020,2032,2021,-1,2021,2032,2034,-1,2021,2034,2036,-1,2036,2038,2021,-1,2021,2038,2040,-1,2021,2040,2016,-1,2016,2040,2042,-1,2016,2042,2017,-1,2017,2042,2045,-1,2017,2045,2047,-1,2047,2049,2017,-1,2017,2049,2051,-1,2017,2051,2053,-1,2041,2039,2023,-1,2044,2043,2019,-1,2027,2025,2029,-1,2029,2025,2022,-1,2029,2022,2031,-1,2041,2023,2043,-1,2043,2023,2018,-1,2043,2018,2019,-1,2039,2037,2023,-1,2023,2037,2035,-1,2023,2035,2022,-1,2022,2035,2033,-1,2022,2033,2031,-1,2019,2052,2050,-1,2050,2048,2019,-1,2019,2048,2046,-1,2019,2046,2044,-1,2054,2055,2056,-1,2056,2055,2057,-1,2058,2059,2060,-1,2060,2059,2061,-1,2058,2060,2062,-1,2062,2060,2063,-1,2062,2063,2064,-1,2064,2063,2065,-1,2064,2065,2066,-1,2066,2065,2067,-1,2066,2067,2068,-1,2068,2067,2069,-1,2068,2069,2070,-1,2070,2069,2071,-1,2072,2070,2073,-1,2073,2070,2071,-1,2072,2073,2074,-1,2072,2074,2075,-1,2075,2074,2076,-1,2075,2076,2077,-1,2077,2076,2078,-1,2077,2078,2079,-1,2079,2078,2080,-1,2079,2080,2081,-1,2081,2080,2082,-1,2081,2082,2083,-1,2083,2082,2084,-1,2083,2084,2085,-1,2085,2084,2086,-1,2085,2086,2087,-1,2087,2086,2088,-1,2087,2088,2089,-1,2089,2088,2090,-1,2089,2090,2091,-1,2091,2090,2092,-1,2091,2092,2093,-1,2093,2092,2094,-1,2093,2094,2095,-1,2095,2094,2096,-1,2095,2096,2097,-1,2097,2096,2054,-1,2054,2096,2055,-1,2059,2058,2098,-1,2098,2058,2062,-1,2098,2062,2064,-1,2064,2066,2098,-1,2098,2066,2068,-1,2098,2068,2095,-1,2095,2068,2070,-1,2095,2070,2093,-1,2093,2070,2072,-1,2081,2083,2085,-1,2081,2085,2079,-1,2079,2085,2077,-1,2077,2085,2087,-1,2077,2087,2089,-1,2072,2075,2093,-1,2093,2075,2077,-1,2093,2077,2091,-1,2091,2077,2089,-1,2071,2069,2099,-1,2099,2069,2067,-1,2099,2067,2065,-1,2065,2063,2099,-1,2099,2063,2060,-1,2099,2060,2061,-1,2099,2094,2071,-1,2071,2094,2092,-1,2071,2092,2073,-1,2073,2092,2074,-1,2084,2082,2080,-1,2088,2086,2076,-1,2076,2086,2084,-1,2076,2084,2078,-1,2078,2084,2080,-1,2074,2092,2076,-1,2076,2092,2090,-1,2076,2090,2088,-1,2097,2054,2095,-1,2095,2054,2056,-1,2095,2056,2098,-1,2055,2096,2057,-1,2057,2096,2094,-1,2057,2094,2099,-1,2100,2101,2102,-1,2102,2101,2103,-1,2104,2105,2106,-1,2106,2105,2107,-1,2108,2104,2109,-1,2109,2104,2106,-1,2110,2108,2111,-1,2111,2108,2109,-1,2112,2110,2113,-1,2113,2110,2111,-1,2112,2113,2114,-1,2114,2113,2115,-1,2114,2115,2116,-1,2116,2115,2117,-1,2116,2117,2118,-1,2118,2117,2119,-1,2118,2119,2120,-1,2120,2119,2121,-1,2120,2121,2122,-1,2122,2121,2123,-1,2122,2123,2124,-1,2124,2123,2125,-1,2126,2124,2127,-1,2127,2124,2125,-1,2126,2127,2128,-1,2126,2128,2129,-1,2129,2128,2130,-1,2129,2130,2131,-1,2131,2130,2132,-1,2131,2132,2133,-1,2133,2132,2134,-1,2133,2134,2135,-1,2135,2134,2136,-1,2135,2136,2137,-1,2137,2136,2103,-1,2137,2103,2101,-1,2108,2110,2104,-1,2104,2110,2112,-1,2112,2114,2104,-1,2104,2114,2116,-1,2104,2116,2105,-1,2105,2116,2118,-1,2105,2118,2120,-1,2120,2122,2105,-1,2105,2122,2124,-1,2105,2124,2100,-1,2100,2124,2126,-1,2100,2126,2101,-1,2101,2126,2129,-1,2101,2129,2131,-1,2131,2133,2101,-1,2101,2133,2135,-1,2101,2135,2137,-1,2125,2123,2107,-1,2128,2127,2103,-1,2111,2109,2113,-1,2113,2109,2106,-1,2113,2106,2115,-1,2125,2107,2127,-1,2127,2107,2102,-1,2127,2102,2103,-1,2123,2121,2107,-1,2107,2121,2119,-1,2107,2119,2106,-1,2106,2119,2117,-1,2106,2117,2115,-1,2103,2136,2134,-1,2134,2132,2103,-1,2103,2132,2130,-1,2103,2130,2128,-1,2138,2139,2140,-1,2140,2139,2141,-1,2142,2143,2144,-1,2144,2143,2145,-1,2142,2144,2146,-1,2146,2144,2147,-1,2146,2147,2148,-1,2148,2147,2149,-1,2148,2149,2150,-1,2150,2149,2151,-1,2150,2151,2152,-1,2152,2151,2153,-1,2152,2153,2154,-1,2154,2153,2155,-1,2156,2154,2157,-1,2157,2154,2155,-1,2156,2157,2158,-1,2156,2158,2159,-1,2159,2158,2160,-1,2159,2160,2161,-1,2161,2160,2162,-1,2161,2162,2163,-1,2163,2162,2164,-1,2163,2164,2165,-1,2165,2164,2166,-1,2165,2166,2167,-1,2167,2166,2168,-1,2167,2168,2169,-1,2169,2168,2170,-1,2169,2170,2171,-1,2171,2170,2172,-1,2171,2172,2173,-1,2173,2172,2174,-1,2173,2174,2175,-1,2175,2174,2176,-1,2175,2176,2177,-1,2177,2176,2178,-1,2177,2178,2179,-1,2179,2178,2180,-1,2179,2180,2181,-1,2181,2180,2138,-1,2138,2180,2139,-1,2143,2142,2182,-1,2182,2142,2146,-1,2182,2146,2148,-1,2148,2150,2182,-1,2182,2150,2152,-1,2182,2152,2179,-1,2179,2152,2154,-1,2179,2154,2177,-1,2177,2154,2156,-1,2165,2167,2169,-1,2165,2169,2163,-1,2163,2169,2161,-1,2161,2169,2171,-1,2161,2171,2173,-1,2156,2159,2177,-1,2177,2159,2161,-1,2177,2161,2175,-1,2175,2161,2173,-1,2155,2153,2183,-1,2183,2153,2151,-1,2183,2151,2149,-1,2149,2147,2183,-1,2183,2147,2144,-1,2183,2144,2145,-1,2183,2178,2155,-1,2155,2178,2176,-1,2155,2176,2157,-1,2157,2176,2158,-1,2168,2166,2164,-1,2172,2170,2160,-1,2160,2170,2168,-1,2160,2168,2162,-1,2162,2168,2164,-1,2158,2176,2160,-1,2160,2176,2174,-1,2160,2174,2172,-1,2181,2138,2179,-1,2179,2138,2140,-1,2179,2140,2182,-1,2139,2180,2141,-1,2141,2180,2178,-1,2141,2178,2183,-1,2184,2185,2186,-1,2186,2185,2187,-1,2188,2189,2190,-1,2190,2189,2191,-1,2192,2188,2193,-1,2193,2188,2190,-1,2194,2192,2195,-1,2195,2192,2193,-1,2196,2194,2197,-1,2197,2194,2195,-1,2196,2197,2198,-1,2198,2197,2199,-1,2198,2199,2200,-1,2200,2199,2201,-1,2200,2201,2202,-1,2202,2201,2203,-1,2202,2203,2204,-1,2204,2203,2205,-1,2204,2205,2206,-1,2206,2205,2207,-1,2206,2207,2208,-1,2208,2207,2209,-1,2210,2208,2211,-1,2211,2208,2209,-1,2210,2211,2212,-1,2210,2212,2213,-1,2213,2212,2214,-1,2213,2214,2215,-1,2215,2214,2216,-1,2215,2216,2217,-1,2217,2216,2218,-1,2217,2218,2219,-1,2219,2218,2220,-1,2219,2220,2221,-1,2221,2220,2187,-1,2221,2187,2185,-1,2192,2194,2188,-1,2188,2194,2196,-1,2196,2198,2188,-1,2188,2198,2200,-1,2188,2200,2189,-1,2189,2200,2202,-1,2189,2202,2204,-1,2204,2206,2189,-1,2189,2206,2208,-1,2189,2208,2184,-1,2184,2208,2210,-1,2184,2210,2185,-1,2185,2210,2213,-1,2185,2213,2215,-1,2215,2217,2185,-1,2185,2217,2219,-1,2185,2219,2221,-1,2209,2207,2191,-1,2212,2211,2187,-1,2195,2193,2197,-1,2197,2193,2190,-1,2197,2190,2199,-1,2209,2191,2211,-1,2211,2191,2186,-1,2211,2186,2187,-1,2207,2205,2191,-1,2191,2205,2203,-1,2191,2203,2190,-1,2190,2203,2201,-1,2190,2201,2199,-1,2187,2220,2218,-1,2218,2216,2187,-1,2187,2216,2214,-1,2187,2214,2212,-1,2222,2223,2224,-1,2224,2223,2225,-1,2226,2227,2228,-1,2228,2227,2229,-1,2226,2228,2230,-1,2230,2228,2231,-1,2230,2231,2232,-1,2232,2231,2233,-1,2232,2233,2234,-1,2234,2233,2235,-1,2234,2235,2236,-1,2236,2235,2237,-1,2236,2237,2238,-1,2238,2237,2239,-1,2240,2238,2241,-1,2241,2238,2239,-1,2240,2241,2242,-1,2240,2242,2243,-1,2243,2242,2244,-1,2243,2244,2245,-1,2245,2244,2246,-1,2245,2246,2247,-1,2247,2246,2248,-1,2247,2248,2249,-1,2249,2248,2250,-1,2249,2250,2251,-1,2251,2250,2252,-1,2251,2252,2253,-1,2253,2252,2254,-1,2253,2254,2255,-1,2255,2254,2256,-1,2255,2256,2257,-1,2257,2256,2258,-1,2257,2258,2259,-1,2259,2258,2260,-1,2259,2260,2261,-1,2261,2260,2262,-1,2261,2262,2263,-1,2263,2262,2264,-1,2263,2264,2265,-1,2265,2264,2222,-1,2222,2264,2223,-1,2227,2226,2266,-1,2266,2226,2230,-1,2266,2230,2232,-1,2232,2234,2266,-1,2266,2234,2236,-1,2266,2236,2263,-1,2263,2236,2238,-1,2263,2238,2261,-1,2261,2238,2240,-1,2261,2240,2259,-1,2255,2257,2245,-1,2259,2240,2257,-1,2257,2240,2243,-1,2257,2243,2245,-1,2249,2251,2253,-1,2255,2245,2253,-1,2253,2245,2247,-1,2253,2247,2249,-1,2237,2235,2267,-1,2267,2235,2233,-1,2241,2239,2260,-1,2237,2267,2239,-1,2239,2267,2262,-1,2239,2262,2260,-1,2233,2231,2267,-1,2267,2231,2228,-1,2267,2228,2229,-1,2260,2258,2241,-1,2241,2258,2256,-1,2241,2256,2242,-1,2242,2256,2244,-1,2252,2250,2248,-1,2256,2254,2244,-1,2244,2254,2252,-1,2244,2252,2246,-1,2246,2252,2248,-1,2265,2222,2263,-1,2263,2222,2224,-1,2263,2224,2266,-1,2223,2264,2225,-1,2225,2264,2262,-1,2225,2262,2267,-1,2268,2269,2270,-1,2270,2269,2271,-1,2272,2273,2274,-1,2274,2273,2275,-1,2276,2272,2277,-1,2277,2272,2274,-1,2278,2276,2279,-1,2279,2276,2277,-1,2280,2278,2281,-1,2281,2278,2279,-1,2280,2281,2282,-1,2282,2281,2283,-1,2282,2283,2284,-1,2284,2283,2285,-1,2284,2285,2286,-1,2286,2285,2287,-1,2286,2287,2288,-1,2288,2287,2289,-1,2288,2289,2290,-1,2290,2289,2291,-1,2290,2291,2292,-1,2292,2291,2293,-1,2294,2292,2295,-1,2295,2292,2293,-1,2294,2295,2296,-1,2294,2296,2297,-1,2297,2296,2298,-1,2297,2298,2299,-1,2299,2298,2300,-1,2299,2300,2301,-1,2301,2300,2302,-1,2301,2302,2303,-1,2303,2302,2304,-1,2303,2304,2305,-1,2305,2304,2271,-1,2305,2271,2269,-1,2276,2278,2272,-1,2272,2278,2280,-1,2280,2282,2272,-1,2272,2282,2284,-1,2272,2284,2273,-1,2273,2284,2286,-1,2273,2286,2288,-1,2288,2290,2273,-1,2273,2290,2292,-1,2273,2292,2268,-1,2268,2292,2294,-1,2268,2294,2269,-1,2269,2294,2297,-1,2269,2297,2299,-1,2299,2301,2269,-1,2269,2301,2303,-1,2269,2303,2305,-1,2293,2291,2275,-1,2296,2295,2271,-1,2279,2277,2281,-1,2281,2277,2274,-1,2281,2274,2283,-1,2293,2275,2295,-1,2295,2275,2270,-1,2295,2270,2271,-1,2291,2289,2275,-1,2275,2289,2287,-1,2275,2287,2274,-1,2274,2287,2285,-1,2274,2285,2283,-1,2271,2304,2302,-1,2302,2300,2271,-1,2271,2300,2298,-1,2271,2298,2296,-1,2306,2307,2308,-1,2308,2307,2309,-1,2310,2311,2312,-1,2312,2311,2313,-1,2310,2312,2314,-1,2314,2312,2315,-1,2314,2315,2316,-1,2316,2315,2317,-1,2316,2317,2318,-1,2318,2317,2319,-1,2318,2319,2320,-1,2320,2319,2321,-1,2320,2321,2322,-1,2322,2321,2323,-1,2324,2322,2325,-1,2325,2322,2323,-1,2324,2325,2326,-1,2324,2326,2327,-1,2327,2326,2328,-1,2327,2328,2329,-1,2329,2328,2330,-1,2329,2330,2331,-1,2331,2330,2332,-1,2331,2332,2333,-1,2333,2332,2334,-1,2333,2334,2335,-1,2335,2334,2336,-1,2335,2336,2337,-1,2337,2336,2338,-1,2337,2338,2339,-1,2339,2338,2340,-1,2339,2340,2341,-1,2341,2340,2342,-1,2341,2342,2343,-1,2343,2342,2344,-1,2343,2344,2345,-1,2345,2344,2346,-1,2345,2346,2347,-1,2347,2346,2348,-1,2347,2348,2349,-1,2349,2348,2306,-1,2306,2348,2307,-1,2311,2310,2350,-1,2350,2310,2314,-1,2350,2314,2316,-1,2316,2318,2350,-1,2350,2318,2320,-1,2350,2320,2347,-1,2347,2320,2322,-1,2347,2322,2345,-1,2345,2322,2324,-1,2333,2335,2337,-1,2333,2337,2331,-1,2331,2337,2329,-1,2329,2337,2339,-1,2329,2339,2341,-1,2324,2327,2345,-1,2345,2327,2329,-1,2345,2329,2343,-1,2343,2329,2341,-1,2323,2321,2351,-1,2351,2321,2319,-1,2351,2319,2317,-1,2317,2315,2351,-1,2351,2315,2312,-1,2351,2312,2313,-1,2351,2346,2323,-1,2323,2346,2344,-1,2323,2344,2325,-1,2325,2344,2326,-1,2336,2334,2332,-1,2340,2338,2328,-1,2328,2338,2336,-1,2328,2336,2330,-1,2330,2336,2332,-1,2326,2344,2328,-1,2328,2344,2342,-1,2328,2342,2340,-1,2349,2306,2347,-1,2347,2306,2308,-1,2347,2308,2350,-1,2307,2348,2309,-1,2309,2348,2346,-1,2309,2346,2351,-1,2352,2353,2354,-1,2354,2353,2355,-1,2356,2357,2358,-1,2358,2357,2359,-1,2360,2356,2361,-1,2361,2356,2358,-1,2362,2360,2363,-1,2363,2360,2361,-1,2364,2362,2365,-1,2365,2362,2363,-1,2364,2365,2366,-1,2366,2365,2367,-1,2366,2367,2368,-1,2368,2367,2369,-1,2368,2369,2370,-1,2370,2369,2371,-1,2370,2371,2372,-1,2372,2371,2373,-1,2372,2373,2374,-1,2374,2373,2375,-1,2374,2375,2376,-1,2376,2375,2377,-1,2378,2376,2379,-1,2379,2376,2377,-1,2378,2379,2380,-1,2378,2380,2381,-1,2381,2380,2382,-1,2381,2382,2383,-1,2383,2382,2384,-1,2383,2384,2385,-1,2385,2384,2386,-1,2385,2386,2387,-1,2387,2386,2388,-1,2387,2388,2389,-1,2389,2388,2355,-1,2389,2355,2353,-1,2360,2362,2356,-1,2356,2362,2364,-1,2364,2366,2356,-1,2356,2366,2368,-1,2356,2368,2357,-1,2357,2368,2370,-1,2357,2370,2372,-1,2372,2374,2357,-1,2357,2374,2376,-1,2357,2376,2352,-1,2352,2376,2378,-1,2352,2378,2353,-1,2353,2378,2381,-1,2353,2381,2383,-1,2383,2385,2353,-1,2353,2385,2387,-1,2353,2387,2389,-1,2377,2375,2359,-1,2380,2379,2355,-1,2363,2361,2365,-1,2365,2361,2358,-1,2365,2358,2367,-1,2377,2359,2379,-1,2379,2359,2354,-1,2379,2354,2355,-1,2375,2373,2359,-1,2359,2373,2371,-1,2359,2371,2358,-1,2358,2371,2369,-1,2358,2369,2367,-1,2355,2388,2386,-1,2386,2384,2355,-1,2355,2384,2382,-1,2355,2382,2380,-1,2390,2391,2392,-1,2392,2391,2393,-1,2394,2395,2396,-1,2396,2395,2397,-1,2394,2396,2398,-1,2398,2396,2399,-1,2398,2399,2400,-1,2400,2399,2401,-1,2400,2401,2402,-1,2402,2401,2403,-1,2402,2403,2404,-1,2404,2403,2405,-1,2404,2405,2406,-1,2406,2405,2407,-1,2408,2406,2409,-1,2409,2406,2407,-1,2408,2409,2410,-1,2408,2410,2411,-1,2411,2410,2412,-1,2411,2412,2413,-1,2413,2412,2414,-1,2413,2414,2415,-1,2415,2414,2416,-1,2415,2416,2417,-1,2417,2416,2418,-1,2417,2418,2419,-1,2419,2418,2420,-1,2419,2420,2421,-1,2421,2420,2422,-1,2421,2422,2423,-1,2423,2422,2424,-1,2423,2424,2425,-1,2425,2424,2426,-1,2425,2426,2427,-1,2427,2426,2428,-1,2427,2428,2429,-1,2429,2428,2430,-1,2429,2430,2431,-1,2431,2430,2432,-1,2431,2432,2433,-1,2433,2432,2390,-1,2390,2432,2391,-1,2395,2394,2434,-1,2434,2394,2398,-1,2434,2398,2400,-1,2400,2402,2434,-1,2434,2402,2404,-1,2434,2404,2431,-1,2431,2404,2406,-1,2431,2406,2429,-1,2429,2406,2408,-1,2429,2408,2427,-1,2423,2425,2413,-1,2427,2408,2425,-1,2425,2408,2411,-1,2425,2411,2413,-1,2417,2419,2421,-1,2423,2413,2421,-1,2421,2413,2415,-1,2421,2415,2417,-1,2405,2403,2435,-1,2435,2403,2401,-1,2409,2407,2428,-1,2405,2435,2407,-1,2407,2435,2430,-1,2407,2430,2428,-1,2401,2399,2435,-1,2435,2399,2396,-1,2435,2396,2397,-1,2428,2426,2409,-1,2409,2426,2424,-1,2409,2424,2410,-1,2410,2424,2412,-1,2420,2418,2416,-1,2424,2422,2412,-1,2412,2422,2420,-1,2412,2420,2414,-1,2414,2420,2416,-1,2433,2390,2431,-1,2431,2390,2392,-1,2431,2392,2434,-1,2391,2432,2393,-1,2393,2432,2430,-1,2393,2430,2435,-1,2436,2437,2438,-1,2438,2437,2439,-1,2440,2441,2442,-1,2442,2441,2443,-1,2444,2440,2445,-1,2445,2440,2442,-1,2446,2444,2447,-1,2447,2444,2445,-1,2448,2446,2449,-1,2449,2446,2447,-1,2448,2449,2450,-1,2450,2449,2451,-1,2450,2451,2452,-1,2452,2451,2453,-1,2452,2453,2454,-1,2454,2453,2455,-1,2454,2455,2456,-1,2456,2455,2457,-1,2456,2457,2458,-1,2458,2457,2459,-1,2458,2459,2460,-1,2460,2459,2461,-1,2462,2460,2463,-1,2463,2460,2461,-1,2462,2463,2464,-1,2462,2464,2465,-1,2465,2464,2466,-1,2465,2466,2467,-1,2467,2466,2468,-1,2467,2468,2469,-1,2469,2468,2470,-1,2469,2470,2471,-1,2471,2470,2472,-1,2471,2472,2473,-1,2473,2472,2439,-1,2473,2439,2437,-1,2444,2446,2440,-1,2440,2446,2448,-1,2448,2450,2440,-1,2440,2450,2452,-1,2440,2452,2441,-1,2441,2452,2454,-1,2441,2454,2456,-1,2456,2458,2441,-1,2441,2458,2460,-1,2441,2460,2436,-1,2436,2460,2462,-1,2436,2462,2437,-1,2437,2462,2465,-1,2437,2465,2467,-1,2467,2469,2437,-1,2437,2469,2471,-1,2437,2471,2473,-1,2461,2459,2443,-1,2464,2463,2439,-1,2447,2445,2449,-1,2449,2445,2442,-1,2449,2442,2451,-1,2461,2443,2463,-1,2463,2443,2438,-1,2463,2438,2439,-1,2459,2457,2443,-1,2443,2457,2455,-1,2443,2455,2442,-1,2442,2455,2453,-1,2442,2453,2451,-1,2439,2472,2470,-1,2470,2468,2439,-1,2439,2468,2466,-1,2439,2466,2464,-1,2474,2475,2476,-1,2476,2475,2477,-1,2478,2479,2480,-1,2480,2479,2481,-1,2478,2480,2482,-1,2482,2480,2483,-1,2482,2483,2484,-1,2484,2483,2485,-1,2484,2485,2486,-1,2486,2485,2487,-1,2486,2487,2488,-1,2488,2487,2489,-1,2488,2489,2490,-1,2490,2489,2491,-1,2492,2490,2493,-1,2493,2490,2491,-1,2492,2493,2494,-1,2492,2494,2495,-1,2495,2494,2496,-1,2495,2496,2497,-1,2497,2496,2498,-1,2497,2498,2499,-1,2499,2498,2500,-1,2499,2500,2501,-1,2501,2500,2502,-1,2501,2502,2503,-1,2503,2502,2504,-1,2503,2504,2505,-1,2505,2504,2506,-1,2505,2506,2507,-1,2507,2506,2508,-1,2507,2508,2509,-1,2509,2508,2510,-1,2509,2510,2511,-1,2511,2510,2512,-1,2511,2512,2513,-1,2513,2512,2514,-1,2513,2514,2515,-1,2515,2514,2516,-1,2515,2516,2517,-1,2517,2516,2474,-1,2474,2516,2475,-1,2479,2478,2518,-1,2518,2478,2482,-1,2518,2482,2484,-1,2484,2486,2518,-1,2518,2486,2488,-1,2518,2488,2515,-1,2515,2488,2490,-1,2515,2490,2513,-1,2513,2490,2492,-1,2501,2503,2505,-1,2501,2505,2499,-1,2499,2505,2497,-1,2497,2505,2507,-1,2497,2507,2509,-1,2492,2495,2513,-1,2513,2495,2497,-1,2513,2497,2511,-1,2511,2497,2509,-1,2491,2489,2519,-1,2519,2489,2487,-1,2519,2487,2485,-1,2485,2483,2519,-1,2519,2483,2480,-1,2519,2480,2481,-1,2519,2514,2491,-1,2491,2514,2512,-1,2491,2512,2493,-1,2493,2512,2494,-1,2504,2502,2500,-1,2508,2506,2496,-1,2496,2506,2504,-1,2496,2504,2498,-1,2498,2504,2500,-1,2494,2512,2496,-1,2496,2512,2510,-1,2496,2510,2508,-1,2517,2474,2515,-1,2515,2474,2476,-1,2515,2476,2518,-1,2475,2516,2477,-1,2477,2516,2514,-1,2477,2514,2519,-1,2520,2521,2522,-1,2522,2521,2523,-1,2524,2525,2526,-1,2526,2525,2527,-1,2528,2524,2529,-1,2529,2524,2526,-1,2530,2528,2531,-1,2531,2528,2529,-1,2532,2530,2533,-1,2533,2530,2531,-1,2532,2533,2534,-1,2534,2533,2535,-1,2534,2535,2536,-1,2536,2535,2537,-1,2536,2537,2538,-1,2538,2537,2539,-1,2538,2539,2540,-1,2540,2539,2541,-1,2540,2541,2542,-1,2542,2541,2543,-1,2542,2543,2544,-1,2544,2543,2545,-1,2546,2544,2547,-1,2547,2544,2545,-1,2546,2547,2548,-1,2546,2548,2549,-1,2549,2548,2550,-1,2549,2550,2551,-1,2551,2550,2552,-1,2551,2552,2553,-1,2553,2552,2554,-1,2553,2554,2555,-1,2555,2554,2556,-1,2555,2556,2557,-1,2557,2556,2523,-1,2557,2523,2521,-1,2528,2530,2524,-1,2524,2530,2532,-1,2532,2534,2524,-1,2524,2534,2536,-1,2524,2536,2525,-1,2525,2536,2538,-1,2525,2538,2540,-1,2540,2542,2525,-1,2525,2542,2544,-1,2525,2544,2520,-1,2520,2544,2546,-1,2520,2546,2521,-1,2521,2546,2549,-1,2521,2549,2551,-1,2551,2553,2521,-1,2521,2553,2555,-1,2521,2555,2557,-1,2545,2543,2527,-1,2548,2547,2523,-1,2531,2529,2533,-1,2533,2529,2526,-1,2533,2526,2535,-1,2545,2527,2547,-1,2547,2527,2522,-1,2547,2522,2523,-1,2543,2541,2527,-1,2527,2541,2539,-1,2527,2539,2526,-1,2526,2539,2537,-1,2526,2537,2535,-1,2523,2556,2554,-1,2554,2552,2523,-1,2523,2552,2550,-1,2523,2550,2548,-1,2558,2559,2560,-1,2560,2559,2561,-1,2562,2563,2564,-1,2564,2563,2565,-1,2562,2564,2566,-1,2566,2564,2567,-1,2566,2567,2568,-1,2568,2567,2569,-1,2568,2569,2570,-1,2570,2569,2571,-1,2570,2571,2572,-1,2572,2571,2573,-1,2572,2573,2574,-1,2574,2573,2575,-1,2576,2574,2577,-1,2577,2574,2575,-1,2576,2577,2578,-1,2576,2578,2579,-1,2579,2578,2580,-1,2579,2580,2581,-1,2581,2580,2582,-1,2581,2582,2583,-1,2583,2582,2584,-1,2583,2584,2585,-1,2585,2584,2586,-1,2585,2586,2587,-1,2587,2586,2588,-1,2587,2588,2589,-1,2589,2588,2590,-1,2589,2590,2591,-1,2591,2590,2592,-1,2591,2592,2593,-1,2593,2592,2594,-1,2593,2594,2595,-1,2595,2594,2596,-1,2595,2596,2597,-1,2598,2599,2600,-1,2600,2599,2601,-1,2600,2601,2596,-1,2596,2601,2597,-1,2599,2598,2558,-1,2558,2598,2559,-1,2563,2562,2602,-1,2602,2562,2566,-1,2602,2566,2568,-1,2568,2570,2602,-1,2602,2570,2572,-1,2602,2572,2601,-1,2601,2572,2574,-1,2601,2574,2597,-1,2597,2574,2576,-1,2597,2576,2595,-1,2591,2593,2581,-1,2595,2576,2593,-1,2593,2576,2579,-1,2593,2579,2581,-1,2585,2587,2589,-1,2591,2581,2589,-1,2589,2581,2583,-1,2589,2583,2585,-1,2573,2571,2603,-1,2603,2571,2569,-1,2577,2575,2596,-1,2573,2603,2575,-1,2575,2603,2600,-1,2575,2600,2596,-1,2569,2567,2603,-1,2603,2567,2564,-1,2603,2564,2565,-1,2596,2594,2577,-1,2577,2594,2592,-1,2577,2592,2578,-1,2578,2592,2580,-1,2588,2586,2584,-1,2592,2590,2580,-1,2580,2590,2588,-1,2580,2588,2582,-1,2582,2588,2584,-1,2599,2558,2601,-1,2601,2558,2560,-1,2601,2560,2602,-1,2559,2598,2561,-1,2561,2598,2600,-1,2561,2600,2603,-1,2604,2605,2606,-1,2606,2605,2607,-1,2604,2606,2608,-1,2604,2608,2609,-1,2609,2608,2610,-1,2609,2610,2611,-1,2611,2610,2612,-1,2611,2612,2613,-1,2613,2612,2614,-1,2613,2614,2615,-1,2615,2614,2616,-1,2615,2616,2617,-1,2617,2616,2618,-1,2617,2618,2619,-1,2620,2619,2621,-1,2621,2619,2618,-1,2620,2621,2622,-1,2622,2621,2623,-1,2622,2623,2624,-1,2624,2623,2625,-1,2624,2625,2626,-1,2626,2625,2627,-1,2626,2627,2628,-1,2628,2627,2629,-1,2628,2629,2630,-1,2630,2629,2631,-1,2630,2631,2632,-1,2632,2631,2633,-1,2634,2632,2635,-1,2635,2632,2633,-1,2636,2634,2637,-1,2637,2634,2635,-1,2638,2636,2639,-1,2639,2636,2637,-1,2640,2638,2641,-1,2641,2638,2639,-1,2640,2605,2604,-1,2634,2636,2632,-1,2632,2636,2638,-1,2632,2638,2630,-1,2622,2624,2640,-1,2640,2624,2626,-1,2640,2626,2638,-1,2638,2626,2628,-1,2638,2628,2630,-1,2604,2619,2640,-1,2640,2619,2620,-1,2640,2620,2622,-1,2604,2609,2619,-1,2619,2609,2611,-1,2619,2611,2617,-1,2617,2611,2613,-1,2617,2613,2615,-1,2606,2607,2641,-1,2637,2635,2639,-1,2639,2635,2633,-1,2633,2631,2639,-1,2639,2631,2629,-1,2639,2629,2641,-1,2641,2629,2627,-1,2641,2627,2625,-1,2625,2623,2641,-1,2641,2623,2621,-1,2641,2621,2606,-1,2610,2616,2612,-1,2612,2616,2614,-1,2621,2618,2606,-1,2606,2618,2616,-1,2606,2616,2608,-1,2608,2616,2610,-1,2642,2643,2644,-1,2644,2643,2645,-1,2644,2645,2646,-1,2646,2645,2647,-1,2646,2647,2648,-1,2648,2647,2649,-1,2648,2649,2650,-1,2650,2649,2651,-1,2650,2651,2652,-1,2650,2652,2653,-1,2653,2652,2654,-1,2653,2654,2655,-1,2655,2654,2656,-1,2655,2656,2657,-1,2657,2656,2658,-1,2657,2658,2659,-1,2659,2658,2660,-1,2659,2660,2661,-1,2661,2660,2662,-1,2661,2662,2663,-1,2663,2662,2664,-1,2663,2664,2665,-1,2665,2664,2666,-1,2665,2666,2667,-1,2667,2666,2668,-1,2667,2668,2669,-1,2669,2668,2670,-1,2669,2670,2671,-1,2672,2671,2673,-1,2673,2671,2670,-1,2672,2673,2674,-1,2674,2673,2675,-1,2674,2675,2676,-1,2676,2675,2677,-1,2676,2677,2678,-1,2678,2677,2679,-1,2678,2679,2680,-1,2680,2679,2681,-1,2680,2681,2682,-1,2682,2681,2683,-1,2684,2682,2685,-1,2685,2682,2683,-1,2678,2686,2676,-1,2676,2686,2674,-1,2678,2680,2686,-1,2686,2680,2682,-1,2686,2682,2684,-1,2674,2686,2672,-1,2672,2686,2648,-1,2672,2648,2671,-1,2671,2648,2650,-1,2671,2650,2653,-1,2657,2665,2667,-1,2657,2659,2665,-1,2665,2659,2661,-1,2665,2661,2663,-1,2653,2655,2671,-1,2671,2655,2657,-1,2671,2657,2669,-1,2669,2657,2667,-1,2685,2683,2687,-1,2687,2683,2681,-1,2687,2681,2679,-1,2679,2677,2687,-1,2687,2677,2675,-1,2687,2675,2649,-1,2649,2675,2673,-1,2649,2673,2651,-1,2651,2673,2670,-1,2651,2670,2652,-1,2664,2662,2660,-1,2668,2656,2670,-1,2670,2656,2654,-1,2670,2654,2652,-1,2668,2666,2656,-1,2656,2666,2664,-1,2656,2664,2658,-1,2658,2664,2660,-1,2688,2689,2690,-1,2690,2689,2691,-1,2688,2690,2692,-1,2688,2692,2693,-1,2693,2692,2694,-1,2693,2694,2695,-1,2695,2694,2696,-1,2695,2696,2697,-1,2697,2696,2698,-1,2697,2698,2699,-1,2699,2698,2700,-1,2699,2700,2701,-1,2701,2700,2702,-1,2701,2702,2703,-1,2704,2703,2705,-1,2705,2703,2702,-1,2704,2705,2706,-1,2706,2705,2707,-1,2706,2707,2708,-1,2708,2707,2709,-1,2708,2709,2710,-1,2710,2709,2711,-1,2710,2711,2712,-1,2712,2711,2713,-1,2712,2713,2714,-1,2714,2713,2715,-1,2714,2715,2716,-1,2716,2715,2717,-1,2718,2716,2719,-1,2719,2716,2717,-1,2720,2718,2721,-1,2721,2718,2719,-1,2722,2720,2723,-1,2723,2720,2721,-1,2724,2722,2725,-1,2725,2722,2723,-1,2724,2689,2688,-1,2718,2720,2716,-1,2716,2720,2722,-1,2716,2722,2714,-1,2706,2708,2724,-1,2724,2708,2710,-1,2724,2710,2722,-1,2722,2710,2712,-1,2722,2712,2714,-1,2688,2703,2724,-1,2724,2703,2704,-1,2724,2704,2706,-1,2688,2693,2703,-1,2703,2693,2695,-1,2703,2695,2701,-1,2701,2695,2697,-1,2701,2697,2699,-1,2690,2691,2725,-1,2721,2719,2723,-1,2723,2719,2717,-1,2717,2715,2723,-1,2723,2715,2713,-1,2723,2713,2725,-1,2725,2713,2711,-1,2725,2711,2709,-1,2709,2707,2725,-1,2725,2707,2705,-1,2725,2705,2690,-1,2694,2700,2696,-1,2696,2700,2698,-1,2705,2702,2690,-1,2690,2702,2700,-1,2690,2700,2692,-1,2692,2700,2694,-1,2726,2727,2728,-1,2728,2727,2729,-1,2728,2729,2730,-1,2730,2729,2731,-1,2732,2733,2734,-1,2732,2734,2735,-1,2735,2734,2730,-1,2735,2730,2731,-1,2733,2732,2736,-1,2733,2736,2737,-1,2737,2736,2738,-1,2737,2738,2739,-1,2739,2738,2740,-1,2739,2740,2741,-1,2741,2740,2742,-1,2741,2742,2743,-1,2743,2742,2744,-1,2743,2744,2745,-1,2745,2744,2746,-1,2745,2746,2747,-1,2747,2746,2748,-1,2747,2748,2749,-1,2749,2748,2750,-1,2749,2750,2751,-1,2751,2750,2752,-1,2751,2752,2753,-1,2753,2752,2754,-1,2753,2754,2755,-1,2756,2755,2757,-1,2757,2755,2754,-1,2756,2757,2758,-1,2758,2757,2759,-1,2758,2759,2760,-1,2760,2759,2761,-1,2760,2761,2762,-1,2762,2761,2763,-1,2762,2763,2764,-1,2764,2763,2765,-1,2764,2765,2766,-1,2766,2765,2767,-1,2768,2766,2769,-1,2769,2766,2767,-1,2760,2762,2770,-1,2733,2755,2734,-1,2734,2755,2756,-1,2734,2756,2770,-1,2770,2756,2758,-1,2770,2758,2760,-1,2762,2764,2770,-1,2770,2764,2766,-1,2770,2766,2768,-1,2741,2743,2745,-1,2739,2749,2751,-1,2741,2745,2739,-1,2739,2745,2747,-1,2739,2747,2749,-1,2733,2737,2755,-1,2755,2737,2739,-1,2755,2739,2753,-1,2753,2739,2751,-1,2769,2767,2771,-1,2771,2767,2765,-1,2771,2765,2763,-1,2763,2761,2771,-1,2771,2761,2759,-1,2771,2759,2735,-1,2735,2759,2757,-1,2735,2757,2732,-1,2732,2757,2754,-1,2732,2754,2736,-1,2750,2748,2738,-1,2736,2754,2738,-1,2738,2754,2752,-1,2738,2752,2750,-1,2748,2746,2738,-1,2738,2746,2744,-1,2738,2744,2740,-1,2740,2744,2742,-1,2772,2773,2774,-1,2774,2773,2775,-1,2772,2774,2776,-1,2772,2776,2777,-1,2777,2776,2778,-1,2777,2778,2779,-1,2779,2778,2780,-1,2779,2780,2781,-1,2781,2780,2782,-1,2781,2782,2783,-1,2783,2782,2784,-1,2783,2784,2785,-1,2785,2784,2786,-1,2785,2786,2787,-1,2788,2787,2789,-1,2789,2787,2786,-1,2788,2789,2790,-1,2790,2789,2791,-1,2790,2791,2792,-1,2792,2791,2793,-1,2792,2793,2794,-1,2794,2793,2795,-1,2794,2795,2796,-1,2796,2795,2797,-1,2796,2797,2798,-1,2798,2797,2799,-1,2798,2799,2800,-1,2800,2799,2801,-1,2802,2800,2803,-1,2803,2800,2801,-1,2804,2802,2805,-1,2805,2802,2803,-1,2806,2804,2807,-1,2807,2804,2805,-1,2808,2806,2809,-1,2809,2806,2807,-1,2808,2773,2772,-1,2802,2804,2800,-1,2800,2804,2806,-1,2800,2806,2798,-1,2790,2792,2808,-1,2808,2792,2794,-1,2808,2794,2806,-1,2806,2794,2796,-1,2806,2796,2798,-1,2772,2787,2808,-1,2808,2787,2788,-1,2808,2788,2790,-1,2772,2777,2787,-1,2787,2777,2779,-1,2787,2779,2785,-1,2785,2779,2781,-1,2785,2781,2783,-1,2774,2775,2809,-1,2805,2803,2807,-1,2807,2803,2801,-1,2801,2799,2807,-1,2807,2799,2797,-1,2807,2797,2809,-1,2809,2797,2795,-1,2809,2795,2793,-1,2793,2791,2809,-1,2809,2791,2789,-1,2809,2789,2774,-1,2778,2784,2780,-1,2780,2784,2782,-1,2789,2786,2774,-1,2774,2786,2784,-1,2774,2784,2776,-1,2776,2784,2778,-1,2810,2811,2812,-1,2812,2811,2813,-1,2812,2813,2814,-1,2814,2813,2815,-1,2816,2817,2818,-1,2816,2818,2819,-1,2819,2818,2814,-1,2819,2814,2815,-1,2817,2816,2820,-1,2817,2820,2821,-1,2821,2820,2822,-1,2821,2822,2823,-1,2823,2822,2824,-1,2823,2824,2825,-1,2825,2824,2826,-1,2825,2826,2827,-1,2827,2826,2828,-1,2827,2828,2829,-1,2829,2828,2830,-1,2829,2830,2831,-1,2831,2830,2832,-1,2831,2832,2833,-1,2833,2832,2834,-1,2833,2834,2835,-1,2835,2834,2836,-1,2835,2836,2837,-1,2837,2836,2838,-1,2837,2838,2839,-1,2840,2839,2841,-1,2841,2839,2838,-1,2840,2841,2842,-1,2842,2841,2843,-1,2842,2843,2844,-1,2844,2843,2845,-1,2844,2845,2846,-1,2846,2845,2847,-1,2846,2847,2848,-1,2848,2847,2849,-1,2848,2849,2850,-1,2850,2849,2851,-1,2852,2850,2853,-1,2853,2850,2851,-1,2846,2854,2844,-1,2844,2854,2842,-1,2846,2848,2854,-1,2854,2848,2850,-1,2854,2850,2852,-1,2842,2854,2840,-1,2840,2854,2818,-1,2840,2818,2839,-1,2839,2818,2817,-1,2839,2817,2821,-1,2825,2833,2835,-1,2825,2827,2833,-1,2833,2827,2829,-1,2833,2829,2831,-1,2821,2823,2839,-1,2839,2823,2825,-1,2839,2825,2837,-1,2837,2825,2835,-1,2853,2851,2855,-1,2855,2851,2849,-1,2855,2849,2847,-1,2847,2845,2855,-1,2855,2845,2843,-1,2855,2843,2819,-1,2819,2843,2841,-1,2819,2841,2816,-1,2816,2841,2838,-1,2816,2838,2820,-1,2832,2830,2828,-1,2836,2824,2838,-1,2838,2824,2822,-1,2838,2822,2820,-1,2836,2834,2824,-1,2824,2834,2832,-1,2824,2832,2826,-1,2826,2832,2828,-1,2856,2857,2858,-1,2858,2857,2859,-1,2856,2858,2860,-1,2856,2860,2861,-1,2861,2860,2862,-1,2861,2862,2863,-1,2863,2862,2864,-1,2863,2864,2865,-1,2865,2864,2866,-1,2865,2866,2867,-1,2867,2866,2868,-1,2867,2868,2869,-1,2869,2868,2870,-1,2869,2870,2871,-1,2872,2871,2873,-1,2873,2871,2870,-1,2872,2873,2874,-1,2874,2873,2875,-1,2874,2875,2876,-1,2876,2875,2877,-1,2876,2877,2878,-1,2878,2877,2879,-1,2878,2879,2880,-1,2880,2879,2881,-1,2880,2881,2882,-1,2882,2881,2883,-1,2882,2883,2884,-1,2884,2883,2885,-1,2886,2884,2887,-1,2887,2884,2885,-1,2888,2886,2889,-1,2889,2886,2887,-1,2890,2888,2891,-1,2891,2888,2889,-1,2892,2890,2893,-1,2893,2890,2891,-1,2892,2857,2856,-1,2886,2888,2884,-1,2884,2888,2890,-1,2884,2890,2882,-1,2874,2876,2892,-1,2892,2876,2878,-1,2892,2878,2890,-1,2890,2878,2880,-1,2890,2880,2882,-1,2856,2871,2892,-1,2892,2871,2872,-1,2892,2872,2874,-1,2856,2861,2871,-1,2871,2861,2863,-1,2871,2863,2869,-1,2869,2863,2865,-1,2869,2865,2867,-1,2858,2859,2893,-1,2889,2887,2891,-1,2891,2887,2885,-1,2885,2883,2891,-1,2891,2883,2881,-1,2891,2881,2893,-1,2893,2881,2879,-1,2893,2879,2877,-1,2877,2875,2893,-1,2893,2875,2873,-1,2893,2873,2858,-1,2862,2868,2864,-1,2864,2868,2866,-1,2873,2870,2858,-1,2858,2870,2868,-1,2858,2868,2860,-1,2860,2868,2862,-1,2894,2895,2896,-1,2896,2895,2897,-1,2896,2897,2898,-1,2898,2897,2899,-1,2898,2899,2900,-1,2900,2899,2901,-1,2900,2901,2902,-1,2902,2901,2903,-1,2902,2903,2904,-1,2902,2904,2905,-1,2905,2904,2906,-1,2905,2906,2907,-1,2907,2906,2908,-1,2907,2908,2909,-1,2909,2908,2910,-1,2909,2910,2911,-1,2911,2910,2912,-1,2911,2912,2913,-1,2913,2912,2914,-1,2913,2914,2915,-1,2915,2914,2916,-1,2915,2916,2917,-1,2917,2916,2918,-1,2917,2918,2919,-1,2919,2918,2920,-1,2919,2920,2921,-1,2921,2920,2922,-1,2921,2922,2923,-1,2924,2923,2925,-1,2925,2923,2922,-1,2924,2925,2926,-1,2926,2925,2927,-1,2926,2927,2928,-1,2928,2927,2929,-1,2928,2929,2930,-1,2930,2929,2931,-1,2930,2931,2932,-1,2932,2931,2933,-1,2932,2933,2934,-1,2934,2933,2935,-1,2936,2934,2937,-1,2937,2934,2935,-1,2928,2930,2938,-1,2902,2923,2900,-1,2900,2923,2924,-1,2900,2924,2938,-1,2938,2924,2926,-1,2938,2926,2928,-1,2930,2932,2938,-1,2938,2932,2934,-1,2938,2934,2936,-1,2909,2911,2913,-1,2907,2917,2919,-1,2909,2913,2907,-1,2907,2913,2915,-1,2907,2915,2917,-1,2902,2905,2923,-1,2923,2905,2907,-1,2923,2907,2921,-1,2921,2907,2919,-1,2937,2935,2939,-1,2939,2935,2933,-1,2939,2933,2931,-1,2931,2929,2939,-1,2939,2929,2927,-1,2939,2927,2901,-1,2901,2927,2925,-1,2901,2925,2903,-1,2903,2925,2922,-1,2903,2922,2904,-1,2918,2916,2906,-1,2904,2922,2906,-1,2906,2922,2920,-1,2906,2920,2918,-1,2916,2914,2906,-1,2906,2914,2912,-1,2906,2912,2908,-1,2908,2912,2910,-1,2940,2941,2942,-1,2942,2941,2943,-1,2940,2942,2944,-1,2940,2944,2945,-1,2945,2944,2946,-1,2945,2946,2947,-1,2947,2946,2948,-1,2947,2948,2949,-1,2949,2948,2950,-1,2949,2950,2951,-1,2951,2950,2952,-1,2951,2952,2953,-1,2953,2952,2954,-1,2953,2954,2955,-1,2956,2955,2957,-1,2957,2955,2954,-1,2956,2957,2958,-1,2958,2957,2959,-1,2958,2959,2960,-1,2960,2959,2961,-1,2960,2961,2962,-1,2962,2961,2963,-1,2962,2963,2964,-1,2964,2963,2965,-1,2964,2965,2966,-1,2966,2965,2967,-1,2966,2967,2968,-1,2968,2967,2969,-1,2970,2968,2971,-1,2971,2968,2969,-1,2972,2970,2973,-1,2973,2970,2971,-1,2974,2972,2975,-1,2975,2972,2973,-1,2976,2974,2977,-1,2977,2974,2975,-1,2976,2941,2940,-1,2970,2972,2968,-1,2968,2972,2974,-1,2968,2974,2966,-1,2958,2960,2976,-1,2976,2960,2962,-1,2976,2962,2974,-1,2974,2962,2964,-1,2974,2964,2966,-1,2940,2955,2976,-1,2976,2955,2956,-1,2976,2956,2958,-1,2940,2945,2955,-1,2955,2945,2947,-1,2955,2947,2953,-1,2953,2947,2949,-1,2953,2949,2951,-1,2942,2943,2977,-1,2973,2971,2975,-1,2975,2971,2969,-1,2969,2967,2975,-1,2975,2967,2965,-1,2975,2965,2977,-1,2977,2965,2963,-1,2977,2963,2961,-1,2961,2959,2977,-1,2977,2959,2957,-1,2977,2957,2942,-1,2946,2952,2948,-1,2948,2952,2950,-1,2957,2954,2942,-1,2942,2954,2952,-1,2942,2952,2944,-1,2944,2952,2946,-1,2978,2979,2980,-1,2980,2979,2981,-1,2980,2981,2982,-1,2982,2981,2983,-1,2984,2985,2986,-1,2984,2986,2987,-1,2987,2986,2982,-1,2987,2982,2983,-1,2985,2984,2988,-1,2985,2988,2989,-1,2989,2988,2990,-1,2989,2990,2991,-1,2991,2990,2992,-1,2991,2992,2993,-1,2993,2992,2994,-1,2993,2994,2995,-1,2995,2994,2996,-1,2995,2996,2997,-1,2997,2996,2998,-1,2997,2998,2999,-1,2999,2998,3000,-1,2999,3000,3001,-1,3001,3000,3002,-1,3001,3002,3003,-1,3003,3002,3004,-1,3003,3004,3005,-1,3005,3004,3006,-1,3005,3006,3007,-1,3008,3007,3009,-1,3009,3007,3006,-1,3008,3009,3010,-1,3010,3009,3011,-1,3010,3011,3012,-1,3012,3011,3013,-1,3012,3013,3014,-1,3014,3013,3015,-1,3014,3015,3016,-1,3016,3015,3017,-1,3016,3017,3018,-1,3018,3017,3019,-1,3020,3018,3021,-1,3021,3018,3019,-1,3014,3022,3012,-1,3012,3022,3010,-1,3014,3016,3022,-1,3022,3016,3018,-1,3022,3018,3020,-1,3010,3022,3008,-1,3008,3022,2986,-1,3008,2986,3007,-1,3007,2986,2985,-1,3007,2985,2989,-1,2993,3001,3003,-1,2993,2995,3001,-1,3001,2995,2997,-1,3001,2997,2999,-1,2989,2991,3007,-1,3007,2991,2993,-1,3007,2993,3005,-1,3005,2993,3003,-1,3021,3019,3023,-1,3023,3019,3017,-1,3023,3017,3015,-1,3015,3013,3023,-1,3023,3013,3011,-1,3023,3011,2987,-1,2987,3011,3009,-1,2987,3009,2984,-1,2984,3009,3006,-1,2984,3006,2988,-1,3000,2998,2996,-1,3004,2992,3006,-1,3006,2992,2990,-1,3006,2990,2988,-1,3004,3002,2992,-1,2992,3002,3000,-1,2992,3000,2994,-1,2994,3000,2996,-1,3024,3025,3026,-1,3026,3025,3027,-1,3024,3026,3028,-1,3024,3028,3029,-1,3029,3028,3030,-1,3029,3030,3031,-1,3031,3030,3032,-1,3031,3032,3033,-1,3033,3032,3034,-1,3033,3034,3035,-1,3035,3034,3036,-1,3035,3036,3037,-1,3037,3036,3038,-1,3037,3038,3039,-1,3040,3039,3041,-1,3041,3039,3038,-1,3040,3041,3042,-1,3042,3041,3043,-1,3042,3043,3044,-1,3044,3043,3045,-1,3044,3045,3046,-1,3046,3045,3047,-1,3046,3047,3048,-1,3048,3047,3049,-1,3048,3049,3050,-1,3050,3049,3051,-1,3050,3051,3052,-1,3052,3051,3053,-1,3054,3052,3055,-1,3055,3052,3053,-1,3056,3054,3057,-1,3057,3054,3055,-1,3058,3056,3059,-1,3059,3056,3057,-1,3060,3058,3061,-1,3061,3058,3059,-1,3060,3025,3024,-1,3054,3056,3052,-1,3052,3056,3058,-1,3052,3058,3050,-1,3042,3044,3060,-1,3060,3044,3046,-1,3060,3046,3058,-1,3058,3046,3048,-1,3058,3048,3050,-1,3024,3039,3060,-1,3060,3039,3040,-1,3060,3040,3042,-1,3024,3029,3039,-1,3039,3029,3031,-1,3039,3031,3037,-1,3037,3031,3033,-1,3037,3033,3035,-1,3026,3027,3061,-1,3057,3055,3059,-1,3059,3055,3053,-1,3053,3051,3059,-1,3059,3051,3049,-1,3059,3049,3061,-1,3061,3049,3047,-1,3061,3047,3045,-1,3045,3043,3061,-1,3061,3043,3041,-1,3061,3041,3026,-1,3030,3036,3032,-1,3032,3036,3034,-1,3041,3038,3026,-1,3026,3038,3036,-1,3026,3036,3028,-1,3028,3036,3030,-1,3062,3063,3064,-1,3064,3063,3065,-1,3064,3065,3066,-1,3066,3065,3067,-1,3068,3069,3070,-1,3068,3070,3071,-1,3071,3070,3066,-1,3071,3066,3067,-1,3069,3068,3072,-1,3069,3072,3073,-1,3073,3072,3074,-1,3073,3074,3075,-1,3075,3074,3076,-1,3075,3076,3077,-1,3077,3076,3078,-1,3077,3078,3079,-1,3079,3078,3080,-1,3079,3080,3081,-1,3081,3080,3082,-1,3081,3082,3083,-1,3083,3082,3084,-1,3083,3084,3085,-1,3085,3084,3086,-1,3085,3086,3087,-1,3087,3086,3088,-1,3087,3088,3089,-1,3089,3088,3090,-1,3089,3090,3091,-1,3092,3091,3093,-1,3093,3091,3090,-1,3092,3093,3094,-1,3094,3093,3095,-1,3094,3095,3096,-1,3096,3095,3097,-1,3096,3097,3098,-1,3098,3097,3099,-1,3098,3099,3100,-1,3100,3099,3101,-1,3100,3101,3102,-1,3102,3101,3103,-1,3104,3102,3105,-1,3105,3102,3103,-1,3096,3098,3106,-1,3069,3091,3070,-1,3070,3091,3092,-1,3070,3092,3106,-1,3106,3092,3094,-1,3106,3094,3096,-1,3098,3100,3106,-1,3106,3100,3102,-1,3106,3102,3104,-1,3077,3079,3081,-1,3075,3085,3087,-1,3077,3081,3075,-1,3075,3081,3083,-1,3075,3083,3085,-1,3069,3073,3091,-1,3091,3073,3075,-1,3091,3075,3089,-1,3089,3075,3087,-1,3105,3103,3107,-1,3107,3103,3101,-1,3107,3101,3099,-1,3099,3097,3107,-1,3107,3097,3095,-1,3107,3095,3071,-1,3071,3095,3093,-1,3071,3093,3068,-1,3068,3093,3090,-1,3068,3090,3072,-1,3086,3084,3074,-1,3072,3090,3074,-1,3074,3090,3088,-1,3074,3088,3086,-1,3084,3082,3074,-1,3074,3082,3080,-1,3074,3080,3076,-1,3076,3080,3078,-1,3108,3109,3110,-1,3110,3109,3111,-1,3108,3110,3112,-1,3108,3112,3113,-1,3113,3112,3114,-1,3113,3114,3115,-1,3115,3114,3116,-1,3115,3116,3117,-1,3117,3116,3118,-1,3117,3118,3119,-1,3119,3118,3120,-1,3119,3120,3121,-1,3121,3120,3122,-1,3121,3122,3123,-1,3124,3123,3125,-1,3125,3123,3122,-1,3124,3125,3126,-1,3126,3125,3127,-1,3126,3127,3128,-1,3128,3127,3129,-1,3128,3129,3130,-1,3130,3129,3131,-1,3130,3131,3132,-1,3132,3131,3133,-1,3132,3133,3134,-1,3134,3133,3135,-1,3134,3135,3136,-1,3136,3135,3137,-1,3138,3136,3139,-1,3139,3136,3137,-1,3140,3138,3141,-1,3141,3138,3139,-1,3142,3140,3143,-1,3143,3140,3141,-1,3144,3142,3145,-1,3145,3142,3143,-1,3144,3109,3108,-1,3138,3140,3136,-1,3136,3140,3142,-1,3136,3142,3134,-1,3126,3128,3144,-1,3144,3128,3130,-1,3144,3130,3142,-1,3142,3130,3132,-1,3142,3132,3134,-1,3108,3123,3144,-1,3144,3123,3124,-1,3144,3124,3126,-1,3108,3113,3123,-1,3123,3113,3115,-1,3123,3115,3121,-1,3121,3115,3117,-1,3121,3117,3119,-1,3110,3111,3145,-1,3141,3139,3143,-1,3143,3139,3137,-1,3137,3135,3143,-1,3143,3135,3133,-1,3143,3133,3145,-1,3145,3133,3131,-1,3145,3131,3129,-1,3129,3127,3145,-1,3145,3127,3125,-1,3145,3125,3110,-1,3114,3120,3116,-1,3116,3120,3118,-1,3125,3122,3110,-1,3110,3122,3120,-1,3110,3120,3112,-1,3112,3120,3114,-1,3146,3147,3148,-1,3148,3147,3149,-1,3148,3149,3150,-1,3150,3149,3151,-1,3152,3153,3154,-1,3152,3154,3155,-1,3155,3154,3150,-1,3155,3150,3151,-1,3153,3152,3156,-1,3153,3156,3157,-1,3157,3156,3158,-1,3157,3158,3159,-1,3159,3158,3160,-1,3159,3160,3161,-1,3161,3160,3162,-1,3161,3162,3163,-1,3163,3162,3164,-1,3163,3164,3165,-1,3165,3164,3166,-1,3165,3166,3167,-1,3167,3166,3168,-1,3167,3168,3169,-1,3169,3168,3170,-1,3169,3170,3171,-1,3171,3170,3172,-1,3171,3172,3173,-1,3173,3172,3174,-1,3173,3174,3175,-1,3176,3175,3177,-1,3177,3175,3174,-1,3176,3177,3178,-1,3178,3177,3179,-1,3178,3179,3180,-1,3180,3179,3181,-1,3180,3181,3182,-1,3182,3181,3183,-1,3182,3183,3184,-1,3184,3183,3185,-1,3184,3185,3186,-1,3186,3185,3187,-1,3188,3186,3189,-1,3189,3186,3187,-1,3180,3182,3190,-1,3153,3175,3154,-1,3154,3175,3176,-1,3154,3176,3190,-1,3190,3176,3178,-1,3190,3178,3180,-1,3182,3184,3190,-1,3190,3184,3186,-1,3190,3186,3188,-1,3161,3163,3165,-1,3159,3169,3171,-1,3161,3165,3159,-1,3159,3165,3167,-1,3159,3167,3169,-1,3153,3157,3175,-1,3175,3157,3159,-1,3175,3159,3173,-1,3173,3159,3171,-1,3189,3187,3191,-1,3191,3187,3185,-1,3191,3185,3183,-1,3183,3181,3191,-1,3191,3181,3179,-1,3191,3179,3155,-1,3155,3179,3177,-1,3155,3177,3152,-1,3152,3177,3174,-1,3152,3174,3156,-1,3170,3168,3158,-1,3156,3174,3158,-1,3158,3174,3172,-1,3158,3172,3170,-1,3168,3166,3158,-1,3158,3166,3164,-1,3158,3164,3160,-1,3160,3164,3162,-1,3192,3193,3194,-1,3194,3193,3195,-1,3192,3194,3196,-1,3192,3196,3197,-1,3197,3196,3198,-1,3197,3198,3199,-1,3199,3198,3200,-1,3199,3200,3201,-1,3201,3200,3202,-1,3201,3202,3203,-1,3203,3202,3204,-1,3203,3204,3205,-1,3205,3204,3206,-1,3205,3206,3207,-1,3208,3207,3209,-1,3209,3207,3206,-1,3208,3209,3210,-1,3210,3209,3211,-1,3210,3211,3212,-1,3212,3211,3213,-1,3212,3213,3214,-1,3214,3213,3215,-1,3214,3215,3216,-1,3216,3215,3217,-1,3216,3217,3218,-1,3218,3217,3219,-1,3218,3219,3220,-1,3220,3219,3221,-1,3222,3220,3223,-1,3223,3220,3221,-1,3224,3222,3225,-1,3225,3222,3223,-1,3226,3224,3227,-1,3227,3224,3225,-1,3228,3226,3229,-1,3229,3226,3227,-1,3228,3193,3192,-1,3222,3224,3220,-1,3220,3224,3226,-1,3220,3226,3218,-1,3210,3212,3228,-1,3228,3212,3214,-1,3228,3214,3226,-1,3226,3214,3216,-1,3226,3216,3218,-1,3192,3207,3228,-1,3228,3207,3208,-1,3228,3208,3210,-1,3192,3197,3207,-1,3207,3197,3199,-1,3207,3199,3205,-1,3205,3199,3201,-1,3205,3201,3203,-1,3194,3195,3229,-1,3225,3223,3227,-1,3227,3223,3221,-1,3221,3219,3227,-1,3227,3219,3217,-1,3227,3217,3229,-1,3229,3217,3215,-1,3229,3215,3213,-1,3213,3211,3229,-1,3229,3211,3209,-1,3229,3209,3194,-1,3198,3204,3200,-1,3200,3204,3202,-1,3209,3206,3194,-1,3194,3206,3204,-1,3194,3204,3196,-1,3196,3204,3198,-1,3230,3231,3232,-1,3232,3231,3233,-1,3232,3233,3234,-1,3234,3233,3235,-1,3236,3237,3238,-1,3236,3238,3239,-1,3239,3238,3234,-1,3239,3234,3235,-1,3237,3236,3240,-1,3237,3240,3241,-1,3241,3240,3242,-1,3241,3242,3243,-1,3243,3242,3244,-1,3243,3244,3245,-1,3245,3244,3246,-1,3245,3246,3247,-1,3247,3246,3248,-1,3247,3248,3249,-1,3249,3248,3250,-1,3249,3250,3251,-1,3251,3250,3252,-1,3251,3252,3253,-1,3253,3252,3254,-1,3253,3254,3255,-1,3255,3254,3256,-1,3255,3256,3257,-1,3257,3256,3258,-1,3257,3258,3259,-1,3260,3259,3261,-1,3261,3259,3258,-1,3260,3261,3262,-1,3262,3261,3263,-1,3262,3263,3264,-1,3264,3263,3265,-1,3264,3265,3266,-1,3266,3265,3267,-1,3266,3267,3268,-1,3268,3267,3269,-1,3268,3269,3270,-1,3270,3269,3271,-1,3272,3270,3273,-1,3273,3270,3271,-1,3266,3274,3264,-1,3264,3274,3262,-1,3266,3268,3274,-1,3274,3268,3270,-1,3274,3270,3272,-1,3262,3274,3260,-1,3260,3274,3238,-1,3260,3238,3259,-1,3259,3238,3237,-1,3259,3237,3241,-1,3245,3253,3255,-1,3245,3247,3253,-1,3253,3247,3249,-1,3253,3249,3251,-1,3241,3243,3259,-1,3259,3243,3245,-1,3259,3245,3257,-1,3257,3245,3255,-1,3273,3271,3275,-1,3275,3271,3269,-1,3275,3269,3267,-1,3267,3265,3275,-1,3275,3265,3263,-1,3275,3263,3239,-1,3239,3263,3261,-1,3239,3261,3236,-1,3236,3261,3258,-1,3236,3258,3240,-1,3252,3250,3248,-1,3256,3244,3258,-1,3258,3244,3242,-1,3258,3242,3240,-1,3256,3254,3244,-1,3244,3254,3252,-1,3244,3252,3246,-1,3246,3252,3248,-1,3276,3277,3278,-1,3278,3277,3279,-1,3276,3278,3280,-1,3276,3280,3281,-1,3281,3280,3282,-1,3281,3282,3283,-1,3283,3282,3284,-1,3283,3284,3285,-1,3285,3284,3286,-1,3285,3286,3287,-1,3287,3286,3288,-1,3287,3288,3289,-1,3289,3288,3290,-1,3289,3290,3291,-1,3292,3291,3293,-1,3293,3291,3290,-1,3292,3293,3294,-1,3294,3293,3295,-1,3294,3295,3296,-1,3296,3295,3297,-1,3296,3297,3298,-1,3298,3297,3299,-1,3298,3299,3300,-1,3300,3299,3301,-1,3300,3301,3302,-1,3302,3301,3303,-1,3302,3303,3304,-1,3304,3303,3305,-1,3306,3304,3307,-1,3307,3304,3305,-1,3308,3306,3309,-1,3309,3306,3307,-1,3310,3308,3311,-1,3311,3308,3309,-1,3312,3310,3313,-1,3313,3310,3311,-1,3312,3277,3276,-1,3306,3308,3304,-1,3304,3308,3310,-1,3304,3310,3302,-1,3294,3296,3312,-1,3312,3296,3298,-1,3312,3298,3310,-1,3310,3298,3300,-1,3310,3300,3302,-1,3276,3291,3312,-1,3312,3291,3292,-1,3312,3292,3294,-1,3276,3281,3291,-1,3291,3281,3283,-1,3291,3283,3289,-1,3289,3283,3285,-1,3289,3285,3287,-1,3278,3279,3313,-1,3309,3307,3311,-1,3311,3307,3305,-1,3305,3303,3311,-1,3311,3303,3301,-1,3311,3301,3313,-1,3313,3301,3299,-1,3313,3299,3297,-1,3297,3295,3313,-1,3313,3295,3293,-1,3313,3293,3278,-1,3282,3288,3284,-1,3284,3288,3286,-1,3293,3290,3278,-1,3278,3290,3288,-1,3278,3288,3280,-1,3280,3288,3282,-1,3314,3315,3316,-1,3316,3315,3317,-1,3316,3317,3318,-1,3318,3317,3319,-1,3320,3321,3322,-1,3320,3322,3323,-1,3323,3322,3318,-1,3323,3318,3319,-1,3321,3320,3324,-1,3321,3324,3325,-1,3325,3324,3326,-1,3325,3326,3327,-1,3327,3326,3328,-1,3327,3328,3329,-1,3329,3328,3330,-1,3329,3330,3331,-1,3331,3330,3332,-1,3331,3332,3333,-1,3333,3332,3334,-1,3333,3334,3335,-1,3335,3334,3336,-1,3335,3336,3337,-1,3337,3336,3338,-1,3337,3338,3339,-1,3339,3338,3340,-1,3339,3340,3341,-1,3341,3340,3342,-1,3341,3342,3343,-1,3344,3343,3345,-1,3345,3343,3342,-1,3344,3345,3346,-1,3346,3345,3347,-1,3346,3347,3348,-1,3348,3347,3349,-1,3348,3349,3350,-1,3350,3349,3351,-1,3350,3351,3352,-1,3352,3351,3353,-1,3352,3353,3354,-1,3354,3353,3355,-1,3356,3354,3357,-1,3357,3354,3355,-1,3348,3350,3358,-1,3321,3343,3322,-1,3322,3343,3344,-1,3322,3344,3358,-1,3358,3344,3346,-1,3358,3346,3348,-1,3350,3352,3358,-1,3358,3352,3354,-1,3358,3354,3356,-1,3329,3331,3333,-1,3327,3337,3339,-1,3329,3333,3327,-1,3327,3333,3335,-1,3327,3335,3337,-1,3321,3325,3343,-1,3343,3325,3327,-1,3343,3327,3341,-1,3341,3327,3339,-1,3357,3355,3359,-1,3359,3355,3353,-1,3359,3353,3351,-1,3351,3349,3359,-1,3359,3349,3347,-1,3359,3347,3323,-1,3323,3347,3345,-1,3323,3345,3320,-1,3320,3345,3342,-1,3320,3342,3324,-1,3338,3336,3326,-1,3324,3342,3326,-1,3326,3342,3340,-1,3326,3340,3338,-1,3336,3334,3326,-1,3326,3334,3332,-1,3326,3332,3328,-1,3328,3332,3330,-1,3360,3361,3362,-1,3362,3361,3363,-1,3360,3362,3364,-1,3360,3364,3365,-1,3365,3364,3366,-1,3365,3366,3367,-1,3367,3366,3368,-1,3367,3368,3369,-1,3369,3368,3370,-1,3369,3370,3371,-1,3371,3370,3372,-1,3371,3372,3373,-1,3373,3372,3374,-1,3373,3374,3375,-1,3376,3375,3377,-1,3377,3375,3374,-1,3376,3377,3378,-1,3378,3377,3379,-1,3378,3379,3380,-1,3380,3379,3381,-1,3380,3381,3382,-1,3382,3381,3383,-1,3382,3383,3384,-1,3384,3383,3385,-1,3384,3385,3386,-1,3386,3385,3387,-1,3386,3387,3388,-1,3388,3387,3389,-1,3390,3388,3391,-1,3391,3388,3389,-1,3392,3390,3393,-1,3393,3390,3391,-1,3394,3392,3395,-1,3395,3392,3393,-1,3396,3394,3397,-1,3397,3394,3395,-1,3396,3361,3360,-1,3390,3392,3388,-1,3388,3392,3394,-1,3388,3394,3386,-1,3378,3380,3396,-1,3396,3380,3382,-1,3396,3382,3394,-1,3394,3382,3384,-1,3394,3384,3386,-1,3360,3375,3396,-1,3396,3375,3376,-1,3396,3376,3378,-1,3360,3365,3375,-1,3375,3365,3367,-1,3375,3367,3373,-1,3373,3367,3369,-1,3373,3369,3371,-1,3362,3363,3397,-1,3393,3391,3395,-1,3395,3391,3389,-1,3389,3387,3395,-1,3395,3387,3385,-1,3395,3385,3397,-1,3397,3385,3383,-1,3397,3383,3381,-1,3381,3379,3397,-1,3397,3379,3377,-1,3397,3377,3362,-1,3366,3372,3368,-1,3368,3372,3370,-1,3377,3374,3362,-1,3362,3374,3372,-1,3362,3372,3364,-1,3364,3372,3366,-1,3398,3399,3400,-1,3400,3399,3401,-1,3400,3401,3402,-1,3402,3401,3403,-1,3404,3405,3406,-1,3404,3406,3407,-1,3407,3406,3402,-1,3407,3402,3403,-1,3405,3404,3408,-1,3405,3408,3409,-1,3409,3408,3410,-1,3409,3410,3411,-1,3411,3410,3412,-1,3411,3412,3413,-1,3413,3412,3414,-1,3413,3414,3415,-1,3415,3414,3416,-1,3415,3416,3417,-1,3417,3416,3418,-1,3417,3418,3419,-1,3419,3418,3420,-1,3419,3420,3421,-1,3421,3420,3422,-1,3421,3422,3423,-1,3423,3422,3424,-1,3423,3424,3425,-1,3425,3424,3426,-1,3425,3426,3427,-1,3428,3427,3429,-1,3429,3427,3426,-1,3428,3429,3430,-1,3430,3429,3431,-1,3430,3431,3432,-1,3432,3431,3433,-1,3432,3433,3434,-1,3434,3433,3435,-1,3434,3435,3436,-1,3436,3435,3437,-1,3436,3437,3438,-1,3438,3437,3439,-1,3440,3438,3441,-1,3441,3438,3439,-1,3434,3442,3432,-1,3432,3442,3430,-1,3434,3436,3442,-1,3442,3436,3438,-1,3442,3438,3440,-1,3430,3442,3428,-1,3428,3442,3406,-1,3428,3406,3427,-1,3427,3406,3405,-1,3427,3405,3409,-1,3413,3421,3423,-1,3413,3415,3421,-1,3421,3415,3417,-1,3421,3417,3419,-1,3409,3411,3427,-1,3427,3411,3413,-1,3427,3413,3425,-1,3425,3413,3423,-1,3441,3439,3443,-1,3443,3439,3437,-1,3443,3437,3435,-1,3435,3433,3443,-1,3443,3433,3431,-1,3443,3431,3407,-1,3407,3431,3429,-1,3407,3429,3404,-1,3404,3429,3426,-1,3404,3426,3408,-1,3420,3418,3416,-1,3424,3412,3426,-1,3426,3412,3410,-1,3426,3410,3408,-1,3424,3422,3412,-1,3412,3422,3420,-1,3412,3420,3414,-1,3414,3420,3416,-1,3444,3445,3446,-1,3446,3445,3447,-1,3444,3446,3448,-1,3444,3448,3449,-1,3449,3448,3450,-1,3449,3450,3451,-1,3451,3450,3452,-1,3451,3452,3453,-1,3453,3452,3454,-1,3453,3454,3455,-1,3455,3454,3456,-1,3455,3456,3457,-1,3457,3456,3458,-1,3457,3458,3459,-1,3460,3459,3461,-1,3461,3459,3458,-1,3460,3461,3462,-1,3462,3461,3463,-1,3462,3463,3464,-1,3464,3463,3465,-1,3464,3465,3466,-1,3466,3465,3467,-1,3466,3467,3468,-1,3468,3467,3469,-1,3468,3469,3470,-1,3470,3469,3471,-1,3470,3471,3472,-1,3472,3471,3473,-1,3474,3472,3475,-1,3475,3472,3473,-1,3476,3474,3477,-1,3477,3474,3475,-1,3478,3476,3479,-1,3479,3476,3477,-1,3480,3478,3481,-1,3481,3478,3479,-1,3480,3445,3444,-1,3474,3476,3472,-1,3472,3476,3478,-1,3472,3478,3470,-1,3462,3464,3480,-1,3480,3464,3466,-1,3480,3466,3478,-1,3478,3466,3468,-1,3478,3468,3470,-1,3444,3459,3480,-1,3480,3459,3460,-1,3480,3460,3462,-1,3444,3449,3459,-1,3459,3449,3451,-1,3459,3451,3457,-1,3457,3451,3453,-1,3457,3453,3455,-1,3446,3447,3481,-1,3477,3475,3479,-1,3479,3475,3473,-1,3473,3471,3479,-1,3479,3471,3469,-1,3479,3469,3481,-1,3481,3469,3467,-1,3481,3467,3465,-1,3465,3463,3481,-1,3481,3463,3461,-1,3481,3461,3446,-1,3450,3456,3452,-1,3452,3456,3454,-1,3461,3458,3446,-1,3446,3458,3456,-1,3446,3456,3448,-1,3448,3456,3450,-1,3482,3483,3484,-1,3484,3483,3485,-1,3484,3485,3486,-1,3486,3485,3487,-1,3488,3489,3490,-1,3488,3490,3491,-1,3491,3490,3486,-1,3491,3486,3487,-1,3489,3488,3492,-1,3489,3492,3493,-1,3493,3492,3494,-1,3493,3494,3495,-1,3495,3494,3496,-1,3495,3496,3497,-1,3497,3496,3498,-1,3497,3498,3499,-1,3499,3498,3500,-1,3499,3500,3501,-1,3501,3500,3502,-1,3501,3502,3503,-1,3503,3502,3504,-1,3503,3504,3505,-1,3505,3504,3506,-1,3505,3506,3507,-1,3507,3506,3508,-1,3507,3508,3509,-1,3509,3508,3510,-1,3509,3510,3511,-1,3512,3511,3513,-1,3513,3511,3510,-1,3512,3513,3514,-1,3514,3513,3515,-1,3514,3515,3516,-1,3516,3515,3517,-1,3516,3517,3518,-1,3518,3517,3519,-1,3518,3519,3520,-1,3520,3519,3521,-1,3520,3521,3522,-1,3522,3521,3523,-1,3524,3522,3525,-1,3525,3522,3523,-1,3516,3518,3526,-1,3489,3511,3490,-1,3490,3511,3512,-1,3490,3512,3526,-1,3526,3512,3514,-1,3526,3514,3516,-1,3518,3520,3526,-1,3526,3520,3522,-1,3526,3522,3524,-1,3497,3499,3501,-1,3495,3505,3507,-1,3497,3501,3495,-1,3495,3501,3503,-1,3495,3503,3505,-1,3489,3493,3511,-1,3511,3493,3495,-1,3511,3495,3509,-1,3509,3495,3507,-1,3525,3523,3527,-1,3527,3523,3521,-1,3527,3521,3519,-1,3519,3517,3527,-1,3527,3517,3515,-1,3527,3515,3491,-1,3491,3515,3513,-1,3491,3513,3488,-1,3488,3513,3510,-1,3488,3510,3492,-1,3506,3504,3494,-1,3492,3510,3494,-1,3494,3510,3508,-1,3494,3508,3506,-1,3504,3502,3494,-1,3494,3502,3500,-1,3494,3500,3496,-1,3496,3500,3498,-1,3528,3529,3530,-1,3530,3529,3531,-1,3528,3530,3532,-1,3528,3532,3533,-1,3533,3532,3534,-1,3533,3534,3535,-1,3535,3534,3536,-1,3535,3536,3537,-1,3537,3536,3538,-1,3537,3538,3539,-1,3539,3538,3540,-1,3539,3540,3541,-1,3541,3540,3542,-1,3541,3542,3543,-1,3544,3543,3545,-1,3545,3543,3542,-1,3544,3545,3546,-1,3546,3545,3547,-1,3546,3547,3548,-1,3548,3547,3549,-1,3548,3549,3550,-1,3550,3549,3551,-1,3550,3551,3552,-1,3552,3551,3553,-1,3552,3553,3554,-1,3554,3553,3555,-1,3554,3555,3556,-1,3556,3555,3557,-1,3558,3556,3559,-1,3559,3556,3557,-1,3560,3558,3561,-1,3561,3558,3559,-1,3562,3560,3563,-1,3563,3560,3561,-1,3564,3562,3565,-1,3565,3562,3563,-1,3564,3529,3528,-1,3558,3560,3556,-1,3556,3560,3562,-1,3556,3562,3554,-1,3546,3548,3564,-1,3564,3548,3550,-1,3564,3550,3562,-1,3562,3550,3552,-1,3562,3552,3554,-1,3528,3543,3564,-1,3564,3543,3544,-1,3564,3544,3546,-1,3528,3533,3543,-1,3543,3533,3535,-1,3543,3535,3541,-1,3541,3535,3537,-1,3541,3537,3539,-1,3530,3531,3565,-1,3561,3559,3563,-1,3563,3559,3557,-1,3557,3555,3563,-1,3563,3555,3553,-1,3563,3553,3565,-1,3565,3553,3551,-1,3565,3551,3549,-1,3549,3547,3565,-1,3565,3547,3545,-1,3565,3545,3530,-1,3534,3540,3536,-1,3536,3540,3538,-1,3545,3542,3530,-1,3530,3542,3540,-1,3530,3540,3532,-1,3532,3540,3534,-1,3566,3567,3568,-1,3568,3567,3569,-1,3568,3569,3570,-1,3570,3569,3571,-1,3572,3573,3574,-1,3572,3574,3575,-1,3575,3574,3570,-1,3575,3570,3571,-1,3573,3572,3576,-1,3573,3576,3577,-1,3577,3576,3578,-1,3577,3578,3579,-1,3579,3578,3580,-1,3579,3580,3581,-1,3581,3580,3582,-1,3581,3582,3583,-1,3583,3582,3584,-1,3583,3584,3585,-1,3585,3584,3586,-1,3585,3586,3587,-1,3587,3586,3588,-1,3587,3588,3589,-1,3589,3588,3590,-1,3589,3590,3591,-1,3591,3590,3592,-1,3591,3592,3593,-1,3593,3592,3594,-1,3593,3594,3595,-1,3596,3595,3597,-1,3597,3595,3594,-1,3596,3597,3598,-1,3598,3597,3599,-1,3598,3599,3600,-1,3600,3599,3601,-1,3600,3601,3602,-1,3602,3601,3603,-1,3602,3603,3604,-1,3604,3603,3605,-1,3604,3605,3606,-1,3606,3605,3607,-1,3608,3606,3609,-1,3609,3606,3607,-1,3602,3610,3600,-1,3600,3610,3598,-1,3602,3604,3610,-1,3610,3604,3606,-1,3610,3606,3608,-1,3598,3610,3596,-1,3596,3610,3574,-1,3596,3574,3595,-1,3595,3574,3573,-1,3595,3573,3577,-1,3581,3589,3591,-1,3581,3583,3589,-1,3589,3583,3585,-1,3589,3585,3587,-1,3577,3579,3595,-1,3595,3579,3581,-1,3595,3581,3593,-1,3593,3581,3591,-1,3609,3607,3611,-1,3611,3607,3605,-1,3611,3605,3603,-1,3603,3601,3611,-1,3611,3601,3599,-1,3611,3599,3575,-1,3575,3599,3597,-1,3575,3597,3572,-1,3572,3597,3594,-1,3572,3594,3576,-1,3588,3586,3584,-1,3592,3580,3594,-1,3594,3580,3578,-1,3594,3578,3576,-1,3592,3590,3580,-1,3580,3590,3588,-1,3580,3588,3582,-1,3582,3588,3584,-1,3612,3613,3614,-1,3614,3613,3615,-1,3612,3614,3616,-1,3612,3616,3617,-1,3617,3616,3618,-1,3617,3618,3619,-1,3619,3618,3620,-1,3619,3620,3621,-1,3621,3620,3622,-1,3621,3622,3623,-1,3623,3622,3624,-1,3623,3624,3625,-1,3625,3624,3626,-1,3625,3626,3627,-1,3628,3627,3629,-1,3629,3627,3626,-1,3628,3629,3630,-1,3630,3629,3631,-1,3630,3631,3632,-1,3632,3631,3633,-1,3632,3633,3634,-1,3634,3633,3635,-1,3634,3635,3636,-1,3636,3635,3637,-1,3636,3637,3638,-1,3638,3637,3639,-1,3638,3639,3640,-1,3640,3639,3641,-1,3642,3640,3643,-1,3643,3640,3641,-1,3644,3642,3645,-1,3645,3642,3643,-1,3646,3644,3647,-1,3647,3644,3645,-1,3648,3646,3649,-1,3649,3646,3647,-1,3648,3613,3612,-1,3642,3644,3640,-1,3640,3644,3646,-1,3640,3646,3638,-1,3630,3632,3648,-1,3648,3632,3634,-1,3648,3634,3646,-1,3646,3634,3636,-1,3646,3636,3638,-1,3612,3627,3648,-1,3648,3627,3628,-1,3648,3628,3630,-1,3612,3617,3627,-1,3627,3617,3619,-1,3627,3619,3625,-1,3625,3619,3621,-1,3625,3621,3623,-1,3614,3615,3649,-1,3645,3643,3647,-1,3647,3643,3641,-1,3641,3639,3647,-1,3647,3639,3637,-1,3647,3637,3649,-1,3649,3637,3635,-1,3649,3635,3633,-1,3633,3631,3649,-1,3649,3631,3629,-1,3649,3629,3614,-1,3618,3624,3620,-1,3620,3624,3622,-1,3629,3626,3614,-1,3614,3626,3624,-1,3614,3624,3616,-1,3616,3624,3618,-1,3650,3651,3652,-1,3652,3651,3653,-1,3652,3653,3654,-1,3654,3653,3655,-1,3656,3657,3658,-1,3656,3658,3659,-1,3659,3658,3654,-1,3659,3654,3655,-1,3657,3656,3660,-1,3657,3660,3661,-1,3661,3660,3662,-1,3661,3662,3663,-1,3663,3662,3664,-1,3663,3664,3665,-1,3665,3664,3666,-1,3665,3666,3667,-1,3667,3666,3668,-1,3667,3668,3669,-1,3669,3668,3670,-1,3669,3670,3671,-1,3671,3670,3672,-1,3671,3672,3673,-1,3673,3672,3674,-1,3673,3674,3675,-1,3675,3674,3676,-1,3675,3676,3677,-1,3677,3676,3678,-1,3677,3678,3679,-1,3680,3679,3681,-1,3681,3679,3678,-1,3680,3681,3682,-1,3682,3681,3683,-1,3682,3683,3684,-1,3684,3683,3685,-1,3684,3685,3686,-1,3686,3685,3687,-1,3686,3687,3688,-1,3688,3687,3689,-1,3688,3689,3690,-1,3690,3689,3691,-1,3692,3690,3693,-1,3693,3690,3691,-1,3684,3686,3694,-1,3657,3679,3658,-1,3658,3679,3680,-1,3658,3680,3694,-1,3694,3680,3682,-1,3694,3682,3684,-1,3686,3688,3694,-1,3694,3688,3690,-1,3694,3690,3692,-1,3665,3667,3669,-1,3663,3673,3675,-1,3665,3669,3663,-1,3663,3669,3671,-1,3663,3671,3673,-1,3657,3661,3679,-1,3679,3661,3663,-1,3679,3663,3677,-1,3677,3663,3675,-1,3693,3691,3695,-1,3695,3691,3689,-1,3695,3689,3687,-1,3687,3685,3695,-1,3695,3685,3683,-1,3695,3683,3659,-1,3659,3683,3681,-1,3659,3681,3656,-1,3656,3681,3678,-1,3656,3678,3660,-1,3674,3672,3662,-1,3660,3678,3662,-1,3662,3678,3676,-1,3662,3676,3674,-1,3672,3670,3662,-1,3662,3670,3668,-1,3662,3668,3664,-1,3664,3668,3666,-1,3696,3697,3698,-1,3698,3697,3699,-1,3696,3698,3700,-1,3696,3700,3701,-1,3701,3700,3702,-1,3701,3702,3703,-1,3703,3702,3704,-1,3703,3704,3705,-1,3705,3704,3706,-1,3705,3706,3707,-1,3707,3706,3708,-1,3707,3708,3709,-1,3709,3708,3710,-1,3709,3710,3711,-1,3712,3711,3713,-1,3713,3711,3710,-1,3712,3713,3714,-1,3714,3713,3715,-1,3714,3715,3716,-1,3716,3715,3717,-1,3716,3717,3718,-1,3718,3717,3719,-1,3718,3719,3720,-1,3720,3719,3721,-1,3720,3721,3722,-1,3722,3721,3723,-1,3722,3723,3724,-1,3724,3723,3725,-1,3726,3724,3727,-1,3727,3724,3725,-1,3728,3726,3729,-1,3729,3726,3727,-1,3730,3728,3731,-1,3731,3728,3729,-1,3732,3730,3733,-1,3733,3730,3731,-1,3732,3697,3696,-1,3726,3728,3724,-1,3724,3728,3730,-1,3724,3730,3722,-1,3714,3716,3732,-1,3732,3716,3718,-1,3732,3718,3730,-1,3730,3718,3720,-1,3730,3720,3722,-1,3696,3711,3732,-1,3732,3711,3712,-1,3732,3712,3714,-1,3696,3701,3711,-1,3711,3701,3703,-1,3711,3703,3709,-1,3709,3703,3705,-1,3709,3705,3707,-1,3698,3699,3733,-1,3729,3727,3731,-1,3731,3727,3725,-1,3725,3723,3731,-1,3731,3723,3721,-1,3731,3721,3733,-1,3733,3721,3719,-1,3733,3719,3717,-1,3717,3715,3733,-1,3733,3715,3713,-1,3733,3713,3698,-1,3702,3708,3704,-1,3704,3708,3706,-1,3713,3710,3698,-1,3698,3710,3708,-1,3698,3708,3700,-1,3700,3708,3702,-1,3734,3735,3736,-1,3736,3735,3737,-1,3736,3737,3738,-1,3738,3737,3739,-1,3740,3741,3742,-1,3740,3742,3743,-1,3743,3742,3738,-1,3743,3738,3739,-1,3741,3740,3744,-1,3741,3744,3745,-1,3745,3744,3746,-1,3745,3746,3747,-1,3747,3746,3748,-1,3747,3748,3749,-1,3749,3748,3750,-1,3749,3750,3751,-1,3751,3750,3752,-1,3751,3752,3753,-1,3753,3752,3754,-1,3753,3754,3755,-1,3755,3754,3756,-1,3755,3756,3757,-1,3757,3756,3758,-1,3757,3758,3759,-1,3759,3758,3760,-1,3759,3760,3761,-1,3761,3760,3762,-1,3761,3762,3763,-1,3764,3763,3765,-1,3765,3763,3762,-1,3764,3765,3766,-1,3766,3765,3767,-1,3766,3767,3768,-1,3768,3767,3769,-1,3768,3769,3770,-1,3770,3769,3771,-1,3770,3771,3772,-1,3772,3771,3773,-1,3772,3773,3774,-1,3774,3773,3775,-1,3776,3774,3777,-1,3777,3774,3775,-1,3770,3778,3768,-1,3768,3778,3766,-1,3770,3772,3778,-1,3778,3772,3774,-1,3778,3774,3776,-1,3766,3778,3764,-1,3764,3778,3742,-1,3764,3742,3763,-1,3763,3742,3741,-1,3763,3741,3745,-1,3749,3757,3759,-1,3749,3751,3757,-1,3757,3751,3753,-1,3757,3753,3755,-1,3745,3747,3763,-1,3763,3747,3749,-1,3763,3749,3761,-1,3761,3749,3759,-1,3777,3775,3779,-1,3779,3775,3773,-1,3779,3773,3771,-1,3771,3769,3779,-1,3779,3769,3767,-1,3779,3767,3743,-1,3743,3767,3765,-1,3743,3765,3740,-1,3740,3765,3762,-1,3740,3762,3744,-1,3756,3754,3752,-1,3760,3748,3762,-1,3762,3748,3746,-1,3762,3746,3744,-1,3760,3758,3748,-1,3748,3758,3756,-1,3748,3756,3750,-1,3750,3756,3752,-1,3780,3781,3782,-1,3782,3781,3783,-1,3780,3782,3784,-1,3780,3784,3785,-1,3785,3784,3786,-1,3785,3786,3787,-1,3787,3786,3788,-1,3787,3788,3789,-1,3789,3788,3790,-1,3789,3790,3791,-1,3791,3790,3792,-1,3791,3792,3793,-1,3793,3792,3794,-1,3793,3794,3795,-1,3796,3795,3797,-1,3797,3795,3794,-1,3796,3797,3798,-1,3798,3797,3799,-1,3798,3799,3800,-1,3800,3799,3801,-1,3800,3801,3802,-1,3802,3801,3803,-1,3802,3803,3804,-1,3804,3803,3805,-1,3804,3805,3806,-1,3806,3805,3807,-1,3806,3807,3808,-1,3808,3807,3809,-1,3810,3808,3811,-1,3811,3808,3809,-1,3812,3810,3813,-1,3813,3810,3811,-1,3814,3812,3815,-1,3815,3812,3813,-1,3816,3814,3817,-1,3817,3814,3815,-1,3816,3781,3780,-1,3810,3812,3808,-1,3808,3812,3814,-1,3808,3814,3806,-1,3798,3800,3816,-1,3816,3800,3802,-1,3816,3802,3814,-1,3814,3802,3804,-1,3814,3804,3806,-1,3780,3795,3816,-1,3816,3795,3796,-1,3816,3796,3798,-1,3780,3785,3795,-1,3795,3785,3787,-1,3795,3787,3793,-1,3793,3787,3789,-1,3793,3789,3791,-1,3782,3783,3817,-1,3813,3811,3815,-1,3815,3811,3809,-1,3809,3807,3815,-1,3815,3807,3805,-1,3815,3805,3817,-1,3817,3805,3803,-1,3817,3803,3801,-1,3801,3799,3817,-1,3817,3799,3797,-1,3817,3797,3782,-1,3786,3792,3788,-1,3788,3792,3790,-1,3797,3794,3782,-1,3782,3794,3792,-1,3782,3792,3784,-1,3784,3792,3786,-1,3818,3819,3820,-1,3820,3819,3821,-1,3820,3821,3822,-1,3822,3821,3823,-1,3824,3825,3826,-1,3824,3826,3827,-1,3827,3826,3822,-1,3827,3822,3823,-1,3825,3824,3828,-1,3825,3828,3829,-1,3829,3828,3830,-1,3829,3830,3831,-1,3831,3830,3832,-1,3831,3832,3833,-1,3833,3832,3834,-1,3833,3834,3835,-1,3835,3834,3836,-1,3835,3836,3837,-1,3837,3836,3838,-1,3837,3838,3839,-1,3839,3838,3840,-1,3839,3840,3841,-1,3841,3840,3842,-1,3841,3842,3843,-1,3843,3842,3844,-1,3843,3844,3845,-1,3845,3844,3846,-1,3845,3846,3847,-1,3848,3847,3849,-1,3849,3847,3846,-1,3848,3849,3850,-1,3850,3849,3851,-1,3850,3851,3852,-1,3852,3851,3853,-1,3852,3853,3854,-1,3854,3853,3855,-1,3854,3855,3856,-1,3856,3855,3857,-1,3856,3857,3858,-1,3858,3857,3859,-1,3860,3858,3861,-1,3861,3858,3859,-1,3854,3862,3852,-1,3852,3862,3850,-1,3854,3856,3862,-1,3862,3856,3858,-1,3862,3858,3860,-1,3850,3862,3848,-1,3848,3862,3826,-1,3848,3826,3847,-1,3847,3826,3825,-1,3847,3825,3829,-1,3833,3841,3843,-1,3833,3835,3841,-1,3841,3835,3837,-1,3841,3837,3839,-1,3829,3831,3847,-1,3847,3831,3833,-1,3847,3833,3845,-1,3845,3833,3843,-1,3861,3859,3863,-1,3863,3859,3857,-1,3863,3857,3855,-1,3855,3853,3863,-1,3863,3853,3851,-1,3863,3851,3827,-1,3827,3851,3849,-1,3827,3849,3824,-1,3824,3849,3846,-1,3824,3846,3828,-1,3840,3838,3836,-1,3844,3832,3846,-1,3846,3832,3830,-1,3846,3830,3828,-1,3844,3842,3832,-1,3832,3842,3840,-1,3832,3840,3834,-1,3834,3840,3836,-1,3864,3865,3866,-1,3866,3865,3867,-1,3864,3866,3868,-1,3864,3868,3869,-1,3869,3868,3870,-1,3869,3870,3871,-1,3871,3870,3872,-1,3871,3872,3873,-1,3873,3872,3874,-1,3873,3874,3875,-1,3875,3874,3876,-1,3875,3876,3877,-1,3877,3876,3878,-1,3877,3878,3879,-1,3880,3879,3881,-1,3881,3879,3878,-1,3880,3881,3882,-1,3882,3881,3883,-1,3882,3883,3884,-1,3884,3883,3885,-1,3884,3885,3886,-1,3886,3885,3887,-1,3886,3887,3888,-1,3888,3887,3889,-1,3888,3889,3890,-1,3890,3889,3891,-1,3890,3891,3892,-1,3892,3891,3893,-1,3894,3892,3895,-1,3895,3892,3893,-1,3896,3894,3897,-1,3897,3894,3895,-1,3898,3896,3899,-1,3899,3896,3897,-1,3900,3898,3901,-1,3901,3898,3899,-1,3900,3865,3864,-1,3894,3896,3892,-1,3892,3896,3898,-1,3892,3898,3890,-1,3882,3884,3900,-1,3900,3884,3886,-1,3900,3886,3898,-1,3898,3886,3888,-1,3898,3888,3890,-1,3864,3879,3900,-1,3900,3879,3880,-1,3900,3880,3882,-1,3864,3869,3879,-1,3879,3869,3871,-1,3879,3871,3877,-1,3877,3871,3873,-1,3877,3873,3875,-1,3866,3867,3901,-1,3897,3895,3899,-1,3899,3895,3893,-1,3893,3891,3899,-1,3899,3891,3889,-1,3899,3889,3901,-1,3901,3889,3887,-1,3901,3887,3885,-1,3885,3883,3901,-1,3901,3883,3881,-1,3901,3881,3866,-1,3870,3876,3872,-1,3872,3876,3874,-1,3881,3878,3866,-1,3866,3878,3876,-1,3866,3876,3868,-1,3868,3876,3870,-1,3902,3903,3904,-1,3904,3903,3905,-1,3904,3905,3906,-1,3906,3905,3907,-1,3908,3909,3910,-1,3908,3910,3911,-1,3911,3910,3906,-1,3911,3906,3907,-1,3909,3908,3912,-1,3909,3912,3913,-1,3913,3912,3914,-1,3913,3914,3915,-1,3915,3914,3916,-1,3915,3916,3917,-1,3917,3916,3918,-1,3917,3918,3919,-1,3919,3918,3920,-1,3919,3920,3921,-1,3921,3920,3922,-1,3921,3922,3923,-1,3923,3922,3924,-1,3923,3924,3925,-1,3925,3924,3926,-1,3925,3926,3927,-1,3927,3926,3928,-1,3927,3928,3929,-1,3929,3928,3930,-1,3929,3930,3931,-1,3932,3931,3933,-1,3933,3931,3930,-1,3932,3933,3934,-1,3934,3933,3935,-1,3934,3935,3936,-1,3936,3935,3937,-1,3936,3937,3938,-1,3938,3937,3939,-1,3938,3939,3940,-1,3940,3939,3941,-1,3940,3941,3942,-1,3942,3941,3943,-1,3944,3942,3945,-1,3945,3942,3943,-1,3936,3938,3946,-1,3909,3931,3910,-1,3910,3931,3932,-1,3910,3932,3946,-1,3946,3932,3934,-1,3946,3934,3936,-1,3938,3940,3946,-1,3946,3940,3942,-1,3946,3942,3944,-1,3917,3919,3921,-1,3915,3925,3927,-1,3917,3921,3915,-1,3915,3921,3923,-1,3915,3923,3925,-1,3909,3913,3931,-1,3931,3913,3915,-1,3931,3915,3929,-1,3929,3915,3927,-1,3945,3943,3947,-1,3947,3943,3941,-1,3947,3941,3939,-1,3939,3937,3947,-1,3947,3937,3935,-1,3947,3935,3911,-1,3911,3935,3933,-1,3911,3933,3908,-1,3908,3933,3930,-1,3908,3930,3912,-1,3926,3924,3914,-1,3912,3930,3914,-1,3914,3930,3928,-1,3914,3928,3926,-1,3924,3922,3914,-1,3914,3922,3920,-1,3914,3920,3916,-1,3916,3920,3918,-1,3948,3949,3950,-1,3950,3949,3951,-1,3948,3950,3952,-1,3948,3952,3953,-1,3953,3952,3954,-1,3953,3954,3955,-1,3955,3954,3956,-1,3955,3956,3957,-1,3957,3956,3958,-1,3957,3958,3959,-1,3959,3958,3960,-1,3959,3960,3961,-1,3961,3960,3962,-1,3961,3962,3963,-1,3964,3963,3965,-1,3965,3963,3962,-1,3964,3965,3966,-1,3966,3965,3967,-1,3966,3967,3968,-1,3968,3967,3969,-1,3968,3969,3970,-1,3970,3969,3971,-1,3970,3971,3972,-1,3972,3971,3973,-1,3972,3973,3974,-1,3974,3973,3975,-1,3974,3975,3976,-1,3976,3975,3977,-1,3978,3976,3979,-1,3979,3976,3977,-1,3980,3978,3981,-1,3981,3978,3979,-1,3982,3980,3983,-1,3983,3980,3981,-1,3984,3982,3985,-1,3985,3982,3983,-1,3984,3949,3948,-1,3978,3980,3976,-1,3976,3980,3982,-1,3976,3982,3974,-1,3966,3968,3984,-1,3984,3968,3970,-1,3984,3970,3982,-1,3982,3970,3972,-1,3982,3972,3974,-1,3948,3963,3984,-1,3984,3963,3964,-1,3984,3964,3966,-1,3948,3953,3963,-1,3963,3953,3955,-1,3963,3955,3961,-1,3961,3955,3957,-1,3961,3957,3959,-1,3950,3951,3985,-1,3981,3979,3983,-1,3983,3979,3977,-1,3977,3975,3983,-1,3983,3975,3973,-1,3983,3973,3985,-1,3985,3973,3971,-1,3985,3971,3969,-1,3969,3967,3985,-1,3985,3967,3965,-1,3985,3965,3950,-1,3954,3960,3956,-1,3956,3960,3958,-1,3965,3962,3950,-1,3950,3962,3960,-1,3950,3960,3952,-1,3952,3960,3954,-1,3986,3987,3988,-1,3988,3987,3989,-1,3988,3989,3990,-1,3990,3989,3991,-1,3992,3993,3994,-1,3992,3994,3995,-1,3995,3994,3990,-1,3995,3990,3991,-1,3993,3992,3996,-1,3993,3996,3997,-1,3997,3996,3998,-1,3997,3998,3999,-1,3999,3998,4000,-1,3999,4000,4001,-1,4001,4000,4002,-1,4001,4002,4003,-1,4003,4002,4004,-1,4003,4004,4005,-1,4005,4004,4006,-1,4005,4006,4007,-1,4007,4006,4008,-1,4007,4008,4009,-1,4009,4008,4010,-1,4009,4010,4011,-1,4011,4010,4012,-1,4011,4012,4013,-1,4013,4012,4014,-1,4013,4014,4015,-1,4016,4015,4017,-1,4017,4015,4014,-1,4016,4017,4018,-1,4018,4017,4019,-1,4018,4019,4020,-1,4020,4019,4021,-1,4020,4021,4022,-1,4022,4021,4023,-1,4022,4023,4024,-1,4024,4023,4025,-1,4024,4025,4026,-1,4026,4025,4027,-1,4028,4026,4029,-1,4029,4026,4027,-1,4022,4030,4020,-1,4020,4030,4018,-1,4022,4024,4030,-1,4030,4024,4026,-1,4030,4026,4028,-1,4018,4030,4016,-1,4016,4030,3994,-1,4016,3994,4015,-1,4015,3994,3993,-1,4015,3993,3997,-1,4001,4009,4011,-1,4001,4003,4009,-1,4009,4003,4005,-1,4009,4005,4007,-1,3997,3999,4015,-1,4015,3999,4001,-1,4015,4001,4013,-1,4013,4001,4011,-1,4029,4027,4031,-1,4031,4027,4025,-1,4031,4025,4023,-1,4023,4021,4031,-1,4031,4021,4019,-1,4031,4019,3995,-1,3995,4019,4017,-1,3995,4017,3992,-1,3992,4017,4014,-1,3992,4014,3996,-1,4008,4006,4004,-1,4012,4000,4014,-1,4014,4000,3998,-1,4014,3998,3996,-1,4012,4010,4000,-1,4000,4010,4008,-1,4000,4008,4002,-1,4002,4008,4004,-1,4032,4033,4034,-1,4034,4033,4035,-1,4032,4034,4036,-1,4032,4036,4037,-1,4037,4036,4038,-1,4037,4038,4039,-1,4039,4038,4040,-1,4039,4040,4041,-1,4041,4040,4042,-1,4041,4042,4043,-1,4043,4042,4044,-1,4043,4044,4045,-1,4045,4044,4046,-1,4045,4046,4047,-1,4048,4047,4049,-1,4049,4047,4046,-1,4048,4049,4050,-1,4050,4049,4051,-1,4050,4051,4052,-1,4052,4051,4053,-1,4052,4053,4054,-1,4054,4053,4055,-1,4054,4055,4056,-1,4056,4055,4057,-1,4056,4057,4058,-1,4058,4057,4059,-1,4058,4059,4060,-1,4060,4059,4061,-1,4062,4060,4063,-1,4063,4060,4061,-1,4064,4062,4065,-1,4065,4062,4063,-1,4066,4064,4067,-1,4067,4064,4065,-1,4068,4066,4069,-1,4069,4066,4067,-1,4068,4033,4032,-1,4062,4064,4060,-1,4060,4064,4066,-1,4060,4066,4058,-1,4050,4052,4068,-1,4068,4052,4054,-1,4068,4054,4066,-1,4066,4054,4056,-1,4066,4056,4058,-1,4032,4047,4068,-1,4068,4047,4048,-1,4068,4048,4050,-1,4032,4037,4047,-1,4047,4037,4039,-1,4047,4039,4045,-1,4045,4039,4041,-1,4045,4041,4043,-1,4034,4035,4069,-1,4065,4063,4067,-1,4067,4063,4061,-1,4061,4059,4067,-1,4067,4059,4057,-1,4067,4057,4069,-1,4069,4057,4055,-1,4069,4055,4053,-1,4053,4051,4069,-1,4069,4051,4049,-1,4069,4049,4034,-1,4038,4044,4040,-1,4040,4044,4042,-1,4049,4046,4034,-1,4034,4046,4044,-1,4034,4044,4036,-1,4036,4044,4038,-1,4070,4071,4072,-1,4072,4071,4073,-1,4072,4073,4074,-1,4074,4073,4075,-1,4076,4077,4078,-1,4076,4078,4079,-1,4079,4078,4074,-1,4079,4074,4075,-1,4077,4076,4080,-1,4077,4080,4081,-1,4081,4080,4082,-1,4081,4082,4083,-1,4083,4082,4084,-1,4083,4084,4085,-1,4085,4084,4086,-1,4085,4086,4087,-1,4087,4086,4088,-1,4087,4088,4089,-1,4089,4088,4090,-1,4089,4090,4091,-1,4091,4090,4092,-1,4091,4092,4093,-1,4093,4092,4094,-1,4093,4094,4095,-1,4095,4094,4096,-1,4095,4096,4097,-1,4097,4096,4098,-1,4097,4098,4099,-1,4100,4099,4101,-1,4101,4099,4098,-1,4100,4101,4102,-1,4102,4101,4103,-1,4102,4103,4104,-1,4104,4103,4105,-1,4104,4105,4106,-1,4106,4105,4107,-1,4106,4107,4108,-1,4108,4107,4109,-1,4108,4109,4110,-1,4110,4109,4111,-1,4112,4110,4113,-1,4113,4110,4111,-1,4104,4106,4114,-1,4077,4099,4078,-1,4078,4099,4100,-1,4078,4100,4114,-1,4114,4100,4102,-1,4114,4102,4104,-1,4106,4108,4114,-1,4114,4108,4110,-1,4114,4110,4112,-1,4085,4087,4089,-1,4083,4093,4095,-1,4085,4089,4083,-1,4083,4089,4091,-1,4083,4091,4093,-1,4077,4081,4099,-1,4099,4081,4083,-1,4099,4083,4097,-1,4097,4083,4095,-1,4113,4111,4115,-1,4115,4111,4109,-1,4115,4109,4107,-1,4107,4105,4115,-1,4115,4105,4103,-1,4115,4103,4079,-1,4079,4103,4101,-1,4079,4101,4076,-1,4076,4101,4098,-1,4076,4098,4080,-1,4094,4092,4082,-1,4080,4098,4082,-1,4082,4098,4096,-1,4082,4096,4094,-1,4092,4090,4082,-1,4082,4090,4088,-1,4082,4088,4084,-1,4084,4088,4086,-1,4116,4117,4118,-1,4118,4117,4119,-1,4116,4118,4120,-1,4116,4120,4121,-1,4121,4120,4122,-1,4121,4122,4123,-1,4123,4122,4124,-1,4123,4124,4125,-1,4125,4124,4126,-1,4125,4126,4127,-1,4127,4126,4128,-1,4127,4128,4129,-1,4129,4128,4130,-1,4129,4130,4131,-1,4132,4131,4133,-1,4133,4131,4130,-1,4132,4133,4134,-1,4134,4133,4135,-1,4134,4135,4136,-1,4136,4135,4137,-1,4136,4137,4138,-1,4138,4137,4139,-1,4138,4139,4140,-1,4140,4139,4141,-1,4140,4141,4142,-1,4142,4141,4143,-1,4142,4143,4144,-1,4144,4143,4145,-1,4146,4144,4147,-1,4147,4144,4145,-1,4148,4146,4149,-1,4149,4146,4147,-1,4150,4148,4151,-1,4151,4148,4149,-1,4152,4150,4153,-1,4153,4150,4151,-1,4152,4117,4116,-1,4146,4148,4144,-1,4144,4148,4150,-1,4144,4150,4142,-1,4134,4136,4152,-1,4152,4136,4138,-1,4152,4138,4150,-1,4150,4138,4140,-1,4150,4140,4142,-1,4116,4131,4152,-1,4152,4131,4132,-1,4152,4132,4134,-1,4116,4121,4131,-1,4131,4121,4123,-1,4131,4123,4129,-1,4129,4123,4125,-1,4129,4125,4127,-1,4118,4119,4153,-1,4149,4147,4151,-1,4151,4147,4145,-1,4145,4143,4151,-1,4151,4143,4141,-1,4151,4141,4153,-1,4153,4141,4139,-1,4153,4139,4137,-1,4137,4135,4153,-1,4153,4135,4133,-1,4153,4133,4118,-1,4122,4128,4124,-1,4124,4128,4126,-1,4133,4130,4118,-1,4118,4130,4128,-1,4118,4128,4120,-1,4120,4128,4122,-1,4154,4155,4156,-1,4156,4155,4157,-1,4156,4157,4158,-1,4158,4157,4159,-1,4160,4161,4162,-1,4160,4162,4163,-1,4163,4162,4158,-1,4163,4158,4159,-1,4161,4160,4164,-1,4161,4164,4165,-1,4165,4164,4166,-1,4165,4166,4167,-1,4167,4166,4168,-1,4167,4168,4169,-1,4169,4168,4170,-1,4169,4170,4171,-1,4171,4170,4172,-1,4171,4172,4173,-1,4173,4172,4174,-1,4173,4174,4175,-1,4175,4174,4176,-1,4175,4176,4177,-1,4177,4176,4178,-1,4177,4178,4179,-1,4179,4178,4180,-1,4179,4180,4181,-1,4181,4180,4182,-1,4181,4182,4183,-1,4184,4183,4185,-1,4185,4183,4182,-1,4184,4185,4186,-1,4186,4185,4187,-1,4186,4187,4188,-1,4188,4187,4189,-1,4188,4189,4190,-1,4190,4189,4191,-1,4190,4191,4192,-1,4192,4191,4193,-1,4192,4193,4194,-1,4194,4193,4195,-1,4196,4194,4197,-1,4197,4194,4195,-1,4190,4198,4188,-1,4188,4198,4186,-1,4190,4192,4198,-1,4198,4192,4194,-1,4198,4194,4196,-1,4186,4198,4184,-1,4184,4198,4162,-1,4184,4162,4183,-1,4183,4162,4161,-1,4183,4161,4165,-1,4169,4177,4179,-1,4169,4171,4177,-1,4177,4171,4173,-1,4177,4173,4175,-1,4165,4167,4183,-1,4183,4167,4169,-1,4183,4169,4181,-1,4181,4169,4179,-1,4197,4195,4199,-1,4199,4195,4193,-1,4199,4193,4191,-1,4191,4189,4199,-1,4199,4189,4187,-1,4199,4187,4163,-1,4163,4187,4185,-1,4163,4185,4160,-1,4160,4185,4182,-1,4160,4182,4164,-1,4176,4174,4172,-1,4180,4168,4182,-1,4182,4168,4166,-1,4182,4166,4164,-1,4180,4178,4168,-1,4168,4178,4176,-1,4168,4176,4170,-1,4170,4176,4172,-1,4200,4201,4202,-1,4202,4201,4203,-1,4200,4202,4204,-1,4200,4204,4205,-1,4205,4204,4206,-1,4205,4206,4207,-1,4207,4206,4208,-1,4207,4208,4209,-1,4209,4208,4210,-1,4209,4210,4211,-1,4211,4210,4212,-1,4211,4212,4213,-1,4213,4212,4214,-1,4213,4214,4215,-1,4216,4215,4217,-1,4217,4215,4214,-1,4216,4217,4218,-1,4218,4217,4219,-1,4218,4219,4220,-1,4220,4219,4221,-1,4220,4221,4222,-1,4222,4221,4223,-1,4222,4223,4224,-1,4224,4223,4225,-1,4224,4225,4226,-1,4226,4225,4227,-1,4226,4227,4228,-1,4228,4227,4229,-1,4230,4228,4231,-1,4231,4228,4229,-1,4232,4230,4233,-1,4233,4230,4231,-1,4234,4232,4235,-1,4235,4232,4233,-1,4236,4234,4237,-1,4237,4234,4235,-1,4236,4201,4200,-1,4230,4232,4228,-1,4228,4232,4234,-1,4228,4234,4226,-1,4218,4220,4236,-1,4236,4220,4222,-1,4236,4222,4234,-1,4234,4222,4224,-1,4234,4224,4226,-1,4200,4215,4236,-1,4236,4215,4216,-1,4236,4216,4218,-1,4200,4205,4215,-1,4215,4205,4207,-1,4215,4207,4213,-1,4213,4207,4209,-1,4213,4209,4211,-1,4202,4203,4237,-1,4233,4231,4235,-1,4235,4231,4229,-1,4229,4227,4235,-1,4235,4227,4225,-1,4235,4225,4237,-1,4237,4225,4223,-1,4237,4223,4221,-1,4221,4219,4237,-1,4237,4219,4217,-1,4237,4217,4202,-1,4206,4212,4208,-1,4208,4212,4210,-1,4217,4214,4202,-1,4202,4214,4212,-1,4202,4212,4204,-1,4204,4212,4206,-1,4238,4239,4240,-1,4240,4239,4241,-1,4240,4241,4242,-1,4242,4241,4243,-1,4244,4245,4246,-1,4244,4246,4247,-1,4247,4246,4242,-1,4247,4242,4243,-1,4245,4244,4248,-1,4245,4248,4249,-1,4249,4248,4250,-1,4249,4250,4251,-1,4251,4250,4252,-1,4251,4252,4253,-1,4253,4252,4254,-1,4253,4254,4255,-1,4255,4254,4256,-1,4255,4256,4257,-1,4257,4256,4258,-1,4257,4258,4259,-1,4259,4258,4260,-1,4259,4260,4261,-1,4261,4260,4262,-1,4261,4262,4263,-1,4263,4262,4264,-1,4263,4264,4265,-1,4265,4264,4266,-1,4265,4266,4267,-1,4268,4267,4269,-1,4269,4267,4266,-1,4268,4269,4270,-1,4270,4269,4271,-1,4270,4271,4272,-1,4272,4271,4273,-1,4272,4273,4274,-1,4274,4273,4275,-1,4274,4275,4276,-1,4276,4275,4277,-1,4276,4277,4278,-1,4278,4277,4279,-1,4280,4278,4281,-1,4281,4278,4279,-1,4272,4274,4282,-1,4245,4267,4246,-1,4246,4267,4268,-1,4246,4268,4282,-1,4282,4268,4270,-1,4282,4270,4272,-1,4274,4276,4282,-1,4282,4276,4278,-1,4282,4278,4280,-1,4253,4255,4257,-1,4251,4261,4263,-1,4253,4257,4251,-1,4251,4257,4259,-1,4251,4259,4261,-1,4245,4249,4267,-1,4267,4249,4251,-1,4267,4251,4265,-1,4265,4251,4263,-1,4281,4279,4283,-1,4283,4279,4277,-1,4283,4277,4275,-1,4275,4273,4283,-1,4283,4273,4271,-1,4283,4271,4247,-1,4247,4271,4269,-1,4247,4269,4244,-1,4244,4269,4266,-1,4244,4266,4248,-1,4262,4260,4250,-1,4248,4266,4250,-1,4250,4266,4264,-1,4250,4264,4262,-1,4260,4258,4250,-1,4250,4258,4256,-1,4250,4256,4252,-1,4252,4256,4254,-1,4284,4285,4286,-1,4286,4285,4287,-1,4284,4286,4288,-1,4284,4288,4289,-1,4289,4288,4290,-1,4289,4290,4291,-1,4291,4290,4292,-1,4291,4292,4293,-1,4293,4292,4294,-1,4293,4294,4295,-1,4295,4294,4296,-1,4295,4296,4297,-1,4297,4296,4298,-1,4297,4298,4299,-1,4300,4299,4301,-1,4301,4299,4298,-1,4300,4301,4302,-1,4302,4301,4303,-1,4302,4303,4304,-1,4304,4303,4305,-1,4304,4305,4306,-1,4306,4305,4307,-1,4306,4307,4308,-1,4308,4307,4309,-1,4308,4309,4310,-1,4310,4309,4311,-1,4310,4311,4312,-1,4312,4311,4313,-1,4314,4312,4315,-1,4315,4312,4313,-1,4316,4314,4317,-1,4317,4314,4315,-1,4318,4316,4319,-1,4319,4316,4317,-1,4320,4318,4321,-1,4321,4318,4319,-1,4320,4285,4284,-1,4314,4316,4312,-1,4312,4316,4318,-1,4312,4318,4310,-1,4302,4304,4320,-1,4320,4304,4306,-1,4320,4306,4318,-1,4318,4306,4308,-1,4318,4308,4310,-1,4284,4299,4320,-1,4320,4299,4300,-1,4320,4300,4302,-1,4284,4289,4299,-1,4299,4289,4291,-1,4299,4291,4297,-1,4297,4291,4293,-1,4297,4293,4295,-1,4286,4287,4321,-1,4317,4315,4319,-1,4319,4315,4313,-1,4313,4311,4319,-1,4319,4311,4309,-1,4319,4309,4321,-1,4321,4309,4307,-1,4321,4307,4305,-1,4305,4303,4321,-1,4321,4303,4301,-1,4321,4301,4286,-1,4290,4296,4292,-1,4292,4296,4294,-1,4301,4298,4286,-1,4286,4298,4296,-1,4286,4296,4288,-1,4288,4296,4290,-1,4322,4323,4324,-1,4324,4323,4325,-1,4324,4325,4326,-1,4326,4325,4327,-1,4328,4329,4330,-1,4328,4330,4331,-1,4331,4330,4326,-1,4331,4326,4327,-1,4329,4328,4332,-1,4329,4332,4333,-1,4333,4332,4334,-1,4333,4334,4335,-1,4335,4334,4336,-1,4335,4336,4337,-1,4337,4336,4338,-1,4337,4338,4339,-1,4339,4338,4340,-1,4339,4340,4341,-1,4341,4340,4342,-1,4341,4342,4343,-1,4343,4342,4344,-1,4343,4344,4345,-1,4345,4344,4346,-1,4345,4346,4347,-1,4347,4346,4348,-1,4347,4348,4349,-1,4349,4348,4350,-1,4349,4350,4351,-1,4352,4351,4353,-1,4353,4351,4350,-1,4352,4353,4354,-1,4354,4353,4355,-1,4354,4355,4356,-1,4356,4355,4357,-1,4356,4357,4358,-1,4358,4357,4359,-1,4358,4359,4360,-1,4360,4359,4361,-1,4360,4361,4362,-1,4362,4361,4363,-1,4364,4362,4365,-1,4365,4362,4363,-1,4358,4366,4356,-1,4356,4366,4354,-1,4358,4360,4366,-1,4366,4360,4362,-1,4366,4362,4364,-1,4354,4366,4352,-1,4352,4366,4330,-1,4352,4330,4351,-1,4351,4330,4329,-1,4351,4329,4333,-1,4337,4345,4347,-1,4337,4339,4345,-1,4345,4339,4341,-1,4345,4341,4343,-1,4333,4335,4351,-1,4351,4335,4337,-1,4351,4337,4349,-1,4349,4337,4347,-1,4365,4363,4367,-1,4367,4363,4361,-1,4367,4361,4359,-1,4359,4357,4367,-1,4367,4357,4355,-1,4367,4355,4331,-1,4331,4355,4353,-1,4331,4353,4328,-1,4328,4353,4350,-1,4328,4350,4332,-1,4344,4342,4340,-1,4348,4336,4350,-1,4350,4336,4334,-1,4350,4334,4332,-1,4348,4346,4336,-1,4336,4346,4344,-1,4336,4344,4338,-1,4338,4344,4340,-1,4368,4369,4370,-1,4370,4369,4371,-1,4368,4370,4372,-1,4368,4372,4373,-1,4373,4372,4374,-1,4373,4374,4375,-1,4375,4374,4376,-1,4375,4376,4377,-1,4377,4376,4378,-1,4377,4378,4379,-1,4379,4378,4380,-1,4379,4380,4381,-1,4381,4380,4382,-1,4381,4382,4383,-1,4384,4383,4385,-1,4385,4383,4382,-1,4384,4385,4386,-1,4386,4385,4387,-1,4386,4387,4388,-1,4388,4387,4389,-1,4388,4389,4390,-1,4390,4389,4391,-1,4390,4391,4392,-1,4392,4391,4393,-1,4392,4393,4394,-1,4394,4393,4395,-1,4394,4395,4396,-1,4396,4395,4397,-1,4398,4396,4399,-1,4399,4396,4397,-1,4400,4398,4401,-1,4401,4398,4399,-1,4402,4400,4403,-1,4403,4400,4401,-1,4404,4402,4405,-1,4405,4402,4403,-1,4404,4369,4368,-1,4398,4400,4396,-1,4396,4400,4402,-1,4396,4402,4394,-1,4386,4388,4404,-1,4404,4388,4390,-1,4404,4390,4402,-1,4402,4390,4392,-1,4402,4392,4394,-1,4368,4383,4404,-1,4404,4383,4384,-1,4404,4384,4386,-1,4368,4373,4383,-1,4383,4373,4375,-1,4383,4375,4381,-1,4381,4375,4377,-1,4381,4377,4379,-1,4370,4371,4405,-1,4401,4399,4403,-1,4403,4399,4397,-1,4397,4395,4403,-1,4403,4395,4393,-1,4403,4393,4405,-1,4405,4393,4391,-1,4405,4391,4389,-1,4389,4387,4405,-1,4405,4387,4385,-1,4405,4385,4370,-1,4374,4380,4376,-1,4376,4380,4378,-1,4385,4382,4370,-1,4370,4382,4380,-1,4370,4380,4372,-1,4372,4380,4374,-1,4406,4407,4408,-1,4408,4407,4409,-1,4408,4409,4410,-1,4410,4409,4411,-1,4412,4413,4414,-1,4412,4414,4415,-1,4415,4414,4410,-1,4415,4410,4411,-1,4413,4412,4416,-1,4413,4416,4417,-1,4417,4416,4418,-1,4417,4418,4419,-1,4419,4418,4420,-1,4419,4420,4421,-1,4421,4420,4422,-1,4421,4422,4423,-1,4423,4422,4424,-1,4423,4424,4425,-1,4425,4424,4426,-1,4425,4426,4427,-1,4427,4426,4428,-1,4427,4428,4429,-1,4429,4428,4430,-1,4429,4430,4431,-1,4431,4430,4432,-1,4431,4432,4433,-1,4433,4432,4434,-1,4433,4434,4435,-1,4436,4435,4437,-1,4437,4435,4434,-1,4436,4437,4438,-1,4438,4437,4439,-1,4438,4439,4440,-1,4440,4439,4441,-1,4440,4441,4442,-1,4442,4441,4443,-1,4442,4443,4444,-1,4444,4443,4445,-1,4444,4445,4446,-1,4446,4445,4447,-1,4448,4446,4449,-1,4449,4446,4447,-1,4440,4442,4450,-1,4413,4435,4414,-1,4414,4435,4436,-1,4414,4436,4450,-1,4450,4436,4438,-1,4450,4438,4440,-1,4442,4444,4450,-1,4450,4444,4446,-1,4450,4446,4448,-1,4421,4423,4425,-1,4419,4429,4431,-1,4421,4425,4419,-1,4419,4425,4427,-1,4419,4427,4429,-1,4413,4417,4435,-1,4435,4417,4419,-1,4435,4419,4433,-1,4433,4419,4431,-1,4449,4447,4451,-1,4451,4447,4445,-1,4451,4445,4443,-1,4443,4441,4451,-1,4451,4441,4439,-1,4451,4439,4415,-1,4415,4439,4437,-1,4415,4437,4412,-1,4412,4437,4434,-1,4412,4434,4416,-1,4430,4428,4418,-1,4416,4434,4418,-1,4418,4434,4432,-1,4418,4432,4430,-1,4428,4426,4418,-1,4418,4426,4424,-1,4418,4424,4420,-1,4420,4424,4422,-1,4452,4453,4454,-1,4454,4453,4455,-1,4452,4454,4456,-1,4452,4456,4457,-1,4457,4456,4458,-1,4457,4458,4459,-1,4459,4458,4460,-1,4459,4460,4461,-1,4461,4460,4462,-1,4461,4462,4463,-1,4463,4462,4464,-1,4463,4464,4465,-1,4465,4464,4466,-1,4465,4466,4467,-1,4468,4467,4469,-1,4469,4467,4466,-1,4468,4469,4470,-1,4470,4469,4471,-1,4470,4471,4472,-1,4472,4471,4473,-1,4472,4473,4474,-1,4474,4473,4475,-1,4474,4475,4476,-1,4476,4475,4477,-1,4476,4477,4478,-1,4478,4477,4479,-1,4478,4479,4480,-1,4480,4479,4481,-1,4482,4480,4483,-1,4483,4480,4481,-1,4484,4482,4485,-1,4485,4482,4483,-1,4486,4484,4487,-1,4487,4484,4485,-1,4488,4486,4489,-1,4489,4486,4487,-1,4488,4453,4452,-1,4482,4484,4480,-1,4480,4484,4486,-1,4480,4486,4478,-1,4470,4472,4488,-1,4488,4472,4474,-1,4488,4474,4486,-1,4486,4474,4476,-1,4486,4476,4478,-1,4452,4467,4488,-1,4488,4467,4468,-1,4488,4468,4470,-1,4452,4457,4467,-1,4467,4457,4459,-1,4467,4459,4465,-1,4465,4459,4461,-1,4465,4461,4463,-1,4454,4455,4489,-1,4485,4483,4487,-1,4487,4483,4481,-1,4481,4479,4487,-1,4487,4479,4477,-1,4487,4477,4489,-1,4489,4477,4475,-1,4489,4475,4473,-1,4473,4471,4489,-1,4489,4471,4469,-1,4489,4469,4454,-1,4458,4464,4460,-1,4460,4464,4462,-1,4469,4466,4454,-1,4454,4466,4464,-1,4454,4464,4456,-1,4456,4464,4458,-1,4490,4491,4492,-1,4492,4491,4493,-1,4492,4493,4494,-1,4494,4493,4495,-1,4496,4497,4498,-1,4496,4498,4499,-1,4499,4498,4494,-1,4499,4494,4495,-1,4497,4496,4500,-1,4497,4500,4501,-1,4501,4500,4502,-1,4501,4502,4503,-1,4503,4502,4504,-1,4503,4504,4505,-1,4505,4504,4506,-1,4505,4506,4507,-1,4507,4506,4508,-1,4507,4508,4509,-1,4509,4508,4510,-1,4509,4510,4511,-1,4511,4510,4512,-1,4511,4512,4513,-1,4513,4512,4514,-1,4513,4514,4515,-1,4515,4514,4516,-1,4515,4516,4517,-1,4517,4516,4518,-1,4517,4518,4519,-1,4520,4519,4521,-1,4521,4519,4518,-1,4520,4521,4522,-1,4522,4521,4523,-1,4522,4523,4524,-1,4524,4523,4525,-1,4524,4525,4526,-1,4526,4525,4527,-1,4526,4527,4528,-1,4528,4527,4529,-1,4528,4529,4530,-1,4530,4529,4531,-1,4532,4530,4533,-1,4533,4530,4531,-1,4526,4534,4524,-1,4524,4534,4522,-1,4526,4528,4534,-1,4534,4528,4530,-1,4534,4530,4532,-1,4522,4534,4520,-1,4520,4534,4498,-1,4520,4498,4519,-1,4519,4498,4497,-1,4519,4497,4501,-1,4505,4513,4515,-1,4505,4507,4513,-1,4513,4507,4509,-1,4513,4509,4511,-1,4501,4503,4519,-1,4519,4503,4505,-1,4519,4505,4517,-1,4517,4505,4515,-1,4533,4531,4535,-1,4535,4531,4529,-1,4535,4529,4527,-1,4527,4525,4535,-1,4535,4525,4523,-1,4535,4523,4499,-1,4499,4523,4521,-1,4499,4521,4496,-1,4496,4521,4518,-1,4496,4518,4500,-1,4512,4510,4508,-1,4516,4504,4518,-1,4518,4504,4502,-1,4518,4502,4500,-1,4516,4514,4504,-1,4504,4514,4512,-1,4504,4512,4506,-1,4506,4512,4508,-1,4536,4537,4538,-1,4538,4537,4539,-1,4536,4538,4540,-1,4536,4540,4541,-1,4541,4540,4542,-1,4541,4542,4543,-1,4543,4542,4544,-1,4543,4544,4545,-1,4545,4544,4546,-1,4545,4546,4547,-1,4547,4546,4548,-1,4547,4548,4549,-1,4549,4548,4550,-1,4549,4550,4551,-1,4552,4551,4553,-1,4553,4551,4550,-1,4552,4553,4554,-1,4554,4553,4555,-1,4554,4555,4556,-1,4556,4555,4557,-1,4556,4557,4558,-1,4558,4557,4559,-1,4558,4559,4560,-1,4560,4559,4561,-1,4560,4561,4562,-1,4562,4561,4563,-1,4562,4563,4564,-1,4564,4563,4565,-1,4566,4564,4567,-1,4567,4564,4565,-1,4568,4566,4569,-1,4569,4566,4567,-1,4570,4568,4571,-1,4571,4568,4569,-1,4572,4570,4573,-1,4573,4570,4571,-1,4572,4537,4536,-1,4566,4568,4564,-1,4564,4568,4570,-1,4564,4570,4562,-1,4554,4556,4572,-1,4572,4556,4558,-1,4572,4558,4570,-1,4570,4558,4560,-1,4570,4560,4562,-1,4536,4551,4572,-1,4572,4551,4552,-1,4572,4552,4554,-1,4536,4541,4551,-1,4551,4541,4543,-1,4551,4543,4549,-1,4549,4543,4545,-1,4549,4545,4547,-1,4538,4539,4573,-1,4569,4567,4571,-1,4571,4567,4565,-1,4565,4563,4571,-1,4571,4563,4561,-1,4571,4561,4573,-1,4573,4561,4559,-1,4573,4559,4557,-1,4557,4555,4573,-1,4573,4555,4553,-1,4573,4553,4538,-1,4542,4548,4544,-1,4544,4548,4546,-1,4553,4550,4538,-1,4538,4550,4548,-1,4538,4548,4540,-1,4540,4548,4542,-1,4574,4575,4576,-1,4576,4575,4577,-1,4576,4577,4578,-1,4578,4577,4579,-1,4580,4581,4582,-1,4580,4582,4583,-1,4583,4582,4578,-1,4583,4578,4579,-1,4581,4580,4584,-1,4581,4584,4585,-1,4585,4584,4586,-1,4585,4586,4587,-1,4587,4586,4588,-1,4587,4588,4589,-1,4589,4588,4590,-1,4589,4590,4591,-1,4591,4590,4592,-1,4591,4592,4593,-1,4593,4592,4594,-1,4593,4594,4595,-1,4595,4594,4596,-1,4595,4596,4597,-1,4597,4596,4598,-1,4597,4598,4599,-1,4599,4598,4600,-1,4599,4600,4601,-1,4601,4600,4602,-1,4601,4602,4603,-1,4604,4603,4605,-1,4605,4603,4602,-1,4604,4605,4606,-1,4606,4605,4607,-1,4606,4607,4608,-1,4608,4607,4609,-1,4608,4609,4610,-1,4610,4609,4611,-1,4610,4611,4612,-1,4612,4611,4613,-1,4612,4613,4614,-1,4614,4613,4615,-1,4616,4614,4617,-1,4617,4614,4615,-1,4610,4618,4608,-1,4608,4618,4606,-1,4610,4612,4618,-1,4618,4612,4614,-1,4618,4614,4616,-1,4606,4618,4604,-1,4604,4618,4582,-1,4604,4582,4603,-1,4603,4582,4581,-1,4603,4581,4585,-1,4589,4597,4599,-1,4589,4591,4597,-1,4597,4591,4593,-1,4597,4593,4595,-1,4585,4587,4603,-1,4603,4587,4589,-1,4603,4589,4601,-1,4601,4589,4599,-1,4617,4615,4619,-1,4619,4615,4613,-1,4619,4613,4611,-1,4611,4609,4619,-1,4619,4609,4607,-1,4619,4607,4583,-1,4583,4607,4605,-1,4583,4605,4580,-1,4580,4605,4602,-1,4580,4602,4584,-1,4596,4594,4592,-1,4600,4588,4602,-1,4602,4588,4586,-1,4602,4586,4584,-1,4600,4598,4588,-1,4588,4598,4596,-1,4588,4596,4590,-1,4590,4596,4592,-1,4620,4621,4622,-1,4622,4621,4623,-1,4620,4622,4624,-1,4620,4624,4625,-1,4625,4624,4626,-1,4625,4626,4627,-1,4627,4626,4628,-1,4627,4628,4629,-1,4629,4628,4630,-1,4629,4630,4631,-1,4631,4630,4632,-1,4631,4632,4633,-1,4633,4632,4634,-1,4633,4634,4635,-1,4636,4635,4637,-1,4637,4635,4634,-1,4636,4637,4638,-1,4638,4637,4639,-1,4638,4639,4640,-1,4640,4639,4641,-1,4640,4641,4642,-1,4642,4641,4643,-1,4642,4643,4644,-1,4644,4643,4645,-1,4644,4645,4646,-1,4646,4645,4647,-1,4646,4647,4648,-1,4648,4647,4649,-1,4650,4648,4651,-1,4651,4648,4649,-1,4652,4650,4653,-1,4653,4650,4651,-1,4654,4652,4655,-1,4655,4652,4653,-1,4656,4654,4657,-1,4657,4654,4655,-1,4656,4621,4620,-1,4650,4652,4648,-1,4648,4652,4654,-1,4648,4654,4646,-1,4638,4640,4656,-1,4656,4640,4642,-1,4656,4642,4654,-1,4654,4642,4644,-1,4654,4644,4646,-1,4620,4635,4656,-1,4656,4635,4636,-1,4656,4636,4638,-1,4620,4625,4635,-1,4635,4625,4627,-1,4635,4627,4633,-1,4633,4627,4629,-1,4633,4629,4631,-1,4622,4623,4657,-1,4653,4651,4655,-1,4655,4651,4649,-1,4649,4647,4655,-1,4655,4647,4645,-1,4655,4645,4657,-1,4657,4645,4643,-1,4657,4643,4641,-1,4641,4639,4657,-1,4657,4639,4637,-1,4657,4637,4622,-1,4626,4632,4628,-1,4628,4632,4630,-1,4637,4634,4622,-1,4622,4634,4632,-1,4622,4632,4624,-1,4624,4632,4626,-1,4658,4659,4660,-1,4660,4659,4661,-1,4660,4661,4662,-1,4662,4661,4663,-1,4664,4665,4666,-1,4664,4666,4667,-1,4667,4666,4662,-1,4667,4662,4663,-1,4665,4664,4668,-1,4665,4668,4669,-1,4669,4668,4670,-1,4669,4670,4671,-1,4671,4670,4672,-1,4671,4672,4673,-1,4673,4672,4674,-1,4673,4674,4675,-1,4675,4674,4676,-1,4675,4676,4677,-1,4677,4676,4678,-1,4677,4678,4679,-1,4679,4678,4680,-1,4679,4680,4681,-1,4681,4680,4682,-1,4681,4682,4683,-1,4683,4682,4684,-1,4683,4684,4685,-1,4685,4684,4686,-1,4685,4686,4687,-1,4688,4687,4689,-1,4689,4687,4686,-1,4688,4689,4690,-1,4690,4689,4691,-1,4690,4691,4692,-1,4692,4691,4693,-1,4692,4693,4694,-1,4694,4693,4695,-1,4694,4695,4696,-1,4696,4695,4697,-1,4696,4697,4698,-1,4698,4697,4699,-1,4700,4698,4701,-1,4701,4698,4699,-1,4692,4694,4702,-1,4665,4687,4666,-1,4666,4687,4688,-1,4666,4688,4702,-1,4702,4688,4690,-1,4702,4690,4692,-1,4694,4696,4702,-1,4702,4696,4698,-1,4702,4698,4700,-1,4673,4675,4677,-1,4671,4681,4683,-1,4673,4677,4671,-1,4671,4677,4679,-1,4671,4679,4681,-1,4665,4669,4687,-1,4687,4669,4671,-1,4687,4671,4685,-1,4685,4671,4683,-1,4701,4699,4703,-1,4703,4699,4697,-1,4703,4697,4695,-1,4695,4693,4703,-1,4703,4693,4691,-1,4703,4691,4667,-1,4667,4691,4689,-1,4667,4689,4664,-1,4664,4689,4686,-1,4664,4686,4668,-1,4682,4680,4670,-1,4668,4686,4670,-1,4670,4686,4684,-1,4670,4684,4682,-1,4680,4678,4670,-1,4670,4678,4676,-1,4670,4676,4672,-1,4672,4676,4674,-1,4704,4705,4706,-1,4706,4705,4707,-1,4704,4706,4708,-1,4704,4708,4709,-1,4709,4708,4710,-1,4709,4710,4711,-1,4711,4710,4712,-1,4711,4712,4713,-1,4713,4712,4714,-1,4713,4714,4715,-1,4715,4714,4716,-1,4715,4716,4717,-1,4717,4716,4718,-1,4717,4718,4719,-1,4720,4719,4721,-1,4721,4719,4718,-1,4720,4721,4722,-1,4722,4721,4723,-1,4722,4723,4724,-1,4724,4723,4725,-1,4724,4725,4726,-1,4726,4725,4727,-1,4726,4727,4728,-1,4728,4727,4729,-1,4728,4729,4730,-1,4730,4729,4731,-1,4730,4731,4732,-1,4732,4731,4733,-1,4734,4732,4735,-1,4735,4732,4733,-1,4736,4734,4737,-1,4737,4734,4735,-1,4738,4736,4739,-1,4739,4736,4737,-1,4740,4738,4741,-1,4741,4738,4739,-1,4740,4705,4704,-1,4734,4736,4732,-1,4732,4736,4738,-1,4732,4738,4730,-1,4722,4724,4740,-1,4740,4724,4726,-1,4740,4726,4738,-1,4738,4726,4728,-1,4738,4728,4730,-1,4704,4719,4740,-1,4740,4719,4720,-1,4740,4720,4722,-1,4704,4709,4719,-1,4719,4709,4711,-1,4719,4711,4717,-1,4717,4711,4713,-1,4717,4713,4715,-1,4706,4707,4741,-1,4737,4735,4739,-1,4739,4735,4733,-1,4733,4731,4739,-1,4739,4731,4729,-1,4739,4729,4741,-1,4741,4729,4727,-1,4741,4727,4725,-1,4725,4723,4741,-1,4741,4723,4721,-1,4741,4721,4706,-1,4710,4716,4712,-1,4712,4716,4714,-1,4721,4718,4706,-1,4706,4718,4716,-1,4706,4716,4708,-1,4708,4716,4710,-1,4742,4743,4744,-1,4744,4743,4745,-1,4744,4745,4746,-1,4746,4745,4747,-1,4748,4749,4750,-1,4748,4750,4751,-1,4751,4750,4746,-1,4751,4746,4747,-1,4749,4748,4752,-1,4749,4752,4753,-1,4753,4752,4754,-1,4753,4754,4755,-1,4755,4754,4756,-1,4755,4756,4757,-1,4757,4756,4758,-1,4757,4758,4759,-1,4759,4758,4760,-1,4759,4760,4761,-1,4761,4760,4762,-1,4761,4762,4763,-1,4763,4762,4764,-1,4763,4764,4765,-1,4765,4764,4766,-1,4765,4766,4767,-1,4767,4766,4768,-1,4767,4768,4769,-1,4769,4768,4770,-1,4769,4770,4771,-1,4772,4771,4773,-1,4773,4771,4770,-1,4772,4773,4774,-1,4774,4773,4775,-1,4774,4775,4776,-1,4776,4775,4777,-1,4776,4777,4778,-1,4778,4777,4779,-1,4778,4779,4780,-1,4780,4779,4781,-1,4780,4781,4782,-1,4782,4781,4783,-1,4784,4782,4785,-1,4785,4782,4783,-1,4778,4786,4776,-1,4776,4786,4774,-1,4778,4780,4786,-1,4786,4780,4782,-1,4786,4782,4784,-1,4774,4786,4772,-1,4772,4786,4750,-1,4772,4750,4771,-1,4771,4750,4749,-1,4771,4749,4753,-1,4757,4765,4767,-1,4757,4759,4765,-1,4765,4759,4761,-1,4765,4761,4763,-1,4753,4755,4771,-1,4771,4755,4757,-1,4771,4757,4769,-1,4769,4757,4767,-1,4785,4783,4787,-1,4787,4783,4781,-1,4787,4781,4779,-1,4779,4777,4787,-1,4787,4777,4775,-1,4787,4775,4751,-1,4751,4775,4773,-1,4751,4773,4748,-1,4748,4773,4770,-1,4748,4770,4752,-1,4764,4762,4760,-1,4768,4756,4770,-1,4770,4756,4754,-1,4770,4754,4752,-1,4768,4766,4756,-1,4756,4766,4764,-1,4756,4764,4758,-1,4758,4764,4760,-1,4788,4789,4790,-1,4790,4789,4791,-1,4788,4790,4792,-1,4788,4792,4793,-1,4793,4792,4794,-1,4793,4794,4795,-1,4795,4794,4796,-1,4795,4796,4797,-1,4797,4796,4798,-1,4797,4798,4799,-1,4799,4798,4800,-1,4799,4800,4801,-1,4801,4800,4802,-1,4801,4802,4803,-1,4804,4803,4805,-1,4805,4803,4802,-1,4804,4805,4806,-1,4806,4805,4807,-1,4806,4807,4808,-1,4808,4807,4809,-1,4808,4809,4810,-1,4810,4809,4811,-1,4810,4811,4812,-1,4812,4811,4813,-1,4812,4813,4814,-1,4814,4813,4815,-1,4814,4815,4816,-1,4816,4815,4817,-1,4818,4816,4819,-1,4819,4816,4817,-1,4820,4818,4821,-1,4821,4818,4819,-1,4822,4820,4823,-1,4823,4820,4821,-1,4824,4822,4825,-1,4825,4822,4823,-1,4824,4789,4788,-1,4818,4820,4816,-1,4816,4820,4822,-1,4816,4822,4814,-1,4806,4808,4824,-1,4824,4808,4810,-1,4824,4810,4822,-1,4822,4810,4812,-1,4822,4812,4814,-1,4788,4803,4824,-1,4824,4803,4804,-1,4824,4804,4806,-1,4788,4793,4803,-1,4803,4793,4795,-1,4803,4795,4801,-1,4801,4795,4797,-1,4801,4797,4799,-1,4790,4791,4825,-1,4821,4819,4823,-1,4823,4819,4817,-1,4817,4815,4823,-1,4823,4815,4813,-1,4823,4813,4825,-1,4825,4813,4811,-1,4825,4811,4809,-1,4809,4807,4825,-1,4825,4807,4805,-1,4825,4805,4790,-1,4794,4800,4796,-1,4796,4800,4798,-1,4805,4802,4790,-1,4790,4802,4800,-1,4790,4800,4792,-1,4792,4800,4794,-1,4826,4827,4828,-1,4828,4827,4829,-1,4828,4829,4830,-1,4830,4829,4831,-1,4832,4833,4834,-1,4832,4834,4835,-1,4835,4834,4830,-1,4835,4830,4831,-1,4833,4832,4836,-1,4833,4836,4837,-1,4837,4836,4838,-1,4837,4838,4839,-1,4839,4838,4840,-1,4839,4840,4841,-1,4841,4840,4842,-1,4841,4842,4843,-1,4843,4842,4844,-1,4843,4844,4845,-1,4845,4844,4846,-1,4845,4846,4847,-1,4847,4846,4848,-1,4847,4848,4849,-1,4849,4848,4850,-1,4849,4850,4851,-1,4851,4850,4852,-1,4851,4852,4853,-1,4853,4852,4854,-1,4853,4854,4855,-1,4856,4855,4857,-1,4857,4855,4854,-1,4856,4857,4858,-1,4858,4857,4859,-1,4858,4859,4860,-1,4860,4859,4861,-1,4860,4861,4862,-1,4862,4861,4863,-1,4862,4863,4864,-1,4864,4863,4865,-1,4864,4865,4866,-1,4866,4865,4867,-1,4868,4866,4869,-1,4869,4866,4867,-1,4860,4862,4870,-1,4833,4855,4834,-1,4834,4855,4856,-1,4834,4856,4870,-1,4870,4856,4858,-1,4870,4858,4860,-1,4862,4864,4870,-1,4870,4864,4866,-1,4870,4866,4868,-1,4841,4843,4845,-1,4839,4849,4851,-1,4841,4845,4839,-1,4839,4845,4847,-1,4839,4847,4849,-1,4833,4837,4855,-1,4855,4837,4839,-1,4855,4839,4853,-1,4853,4839,4851,-1,4869,4867,4871,-1,4871,4867,4865,-1,4871,4865,4863,-1,4863,4861,4871,-1,4871,4861,4859,-1,4871,4859,4835,-1,4835,4859,4857,-1,4835,4857,4832,-1,4832,4857,4854,-1,4832,4854,4836,-1,4850,4848,4838,-1,4836,4854,4838,-1,4838,4854,4852,-1,4838,4852,4850,-1,4848,4846,4838,-1,4838,4846,4844,-1,4838,4844,4840,-1,4840,4844,4842,-1,4872,4873,4874,-1,4874,4873,4875,-1,4872,4874,4876,-1,4872,4876,4877,-1,4877,4876,4878,-1,4877,4878,4879,-1,4879,4878,4880,-1,4879,4880,4881,-1,4881,4880,4882,-1,4881,4882,4883,-1,4883,4882,4884,-1,4883,4884,4885,-1,4885,4884,4886,-1,4885,4886,4887,-1,4888,4887,4889,-1,4889,4887,4886,-1,4888,4889,4890,-1,4890,4889,4891,-1,4890,4891,4892,-1,4892,4891,4893,-1,4892,4893,4894,-1,4894,4893,4895,-1,4894,4895,4896,-1,4896,4895,4897,-1,4896,4897,4898,-1,4898,4897,4899,-1,4898,4899,4900,-1,4900,4899,4901,-1,4902,4900,4903,-1,4903,4900,4901,-1,4904,4902,4905,-1,4905,4902,4903,-1,4906,4904,4907,-1,4907,4904,4905,-1,4908,4906,4909,-1,4909,4906,4907,-1,4908,4873,4872,-1,4902,4904,4900,-1,4900,4904,4906,-1,4900,4906,4898,-1,4890,4892,4908,-1,4908,4892,4894,-1,4908,4894,4906,-1,4906,4894,4896,-1,4906,4896,4898,-1,4872,4887,4908,-1,4908,4887,4888,-1,4908,4888,4890,-1,4872,4877,4887,-1,4887,4877,4879,-1,4887,4879,4885,-1,4885,4879,4881,-1,4885,4881,4883,-1,4874,4875,4909,-1,4905,4903,4907,-1,4907,4903,4901,-1,4901,4899,4907,-1,4907,4899,4897,-1,4907,4897,4909,-1,4909,4897,4895,-1,4909,4895,4893,-1,4893,4891,4909,-1,4909,4891,4889,-1,4909,4889,4874,-1,4878,4884,4880,-1,4880,4884,4882,-1,4889,4886,4874,-1,4874,4886,4884,-1,4874,4884,4876,-1,4876,4884,4878,-1,4910,4911,4912,-1,4912,4911,4913,-1,4912,4913,4914,-1,4914,4913,4915,-1,4916,4917,4918,-1,4916,4918,4919,-1,4919,4918,4914,-1,4919,4914,4915,-1,4917,4916,4920,-1,4917,4920,4921,-1,4921,4920,4922,-1,4921,4922,4923,-1,4923,4922,4924,-1,4923,4924,4925,-1,4925,4924,4926,-1,4925,4926,4927,-1,4927,4926,4928,-1,4927,4928,4929,-1,4929,4928,4930,-1,4929,4930,4931,-1,4931,4930,4932,-1,4931,4932,4933,-1,4933,4932,4934,-1,4933,4934,4935,-1,4935,4934,4936,-1,4935,4936,4937,-1,4937,4936,4938,-1,4937,4938,4939,-1,4940,4939,4941,-1,4941,4939,4938,-1,4940,4941,4942,-1,4942,4941,4943,-1,4942,4943,4944,-1,4944,4943,4945,-1,4944,4945,4946,-1,4946,4945,4947,-1,4946,4947,4948,-1,4948,4947,4949,-1,4948,4949,4950,-1,4950,4949,4951,-1,4952,4950,4953,-1,4953,4950,4951,-1,4946,4954,4944,-1,4944,4954,4942,-1,4946,4948,4954,-1,4954,4948,4950,-1,4954,4950,4952,-1,4942,4954,4940,-1,4940,4954,4918,-1,4940,4918,4939,-1,4939,4918,4917,-1,4939,4917,4921,-1,4925,4933,4935,-1,4925,4927,4933,-1,4933,4927,4929,-1,4933,4929,4931,-1,4921,4923,4939,-1,4939,4923,4925,-1,4939,4925,4937,-1,4937,4925,4935,-1,4953,4951,4955,-1,4955,4951,4949,-1,4955,4949,4947,-1,4947,4945,4955,-1,4955,4945,4943,-1,4955,4943,4919,-1,4919,4943,4941,-1,4919,4941,4916,-1,4916,4941,4938,-1,4916,4938,4920,-1,4932,4930,4928,-1,4936,4924,4938,-1,4938,4924,4922,-1,4938,4922,4920,-1,4936,4934,4924,-1,4924,4934,4932,-1,4924,4932,4926,-1,4926,4932,4928,-1,4956,4957,4958,-1,4958,4957,4959,-1,4956,4958,4960,-1,4956,4960,4961,-1,4961,4960,4962,-1,4961,4962,4963,-1,4963,4962,4964,-1,4963,4964,4965,-1,4965,4964,4966,-1,4965,4966,4967,-1,4967,4966,4968,-1,4967,4968,4969,-1,4969,4968,4970,-1,4969,4970,4971,-1,4972,4971,4973,-1,4973,4971,4970,-1,4972,4973,4974,-1,4974,4973,4975,-1,4974,4975,4976,-1,4976,4975,4977,-1,4976,4977,4978,-1,4978,4977,4979,-1,4978,4979,4980,-1,4980,4979,4981,-1,4980,4981,4982,-1,4982,4981,4983,-1,4982,4983,4984,-1,4984,4983,4985,-1,4986,4984,4987,-1,4987,4984,4985,-1,4988,4986,4989,-1,4989,4986,4987,-1,4990,4988,4991,-1,4991,4988,4989,-1,4992,4990,4993,-1,4993,4990,4991,-1,4992,4957,4956,-1,4986,4988,4984,-1,4984,4988,4990,-1,4984,4990,4982,-1,4974,4976,4992,-1,4992,4976,4978,-1,4992,4978,4990,-1,4990,4978,4980,-1,4990,4980,4982,-1,4956,4971,4992,-1,4992,4971,4972,-1,4992,4972,4974,-1,4956,4961,4971,-1,4971,4961,4963,-1,4971,4963,4969,-1,4969,4963,4965,-1,4969,4965,4967,-1,4958,4959,4993,-1,4989,4987,4991,-1,4991,4987,4985,-1,4985,4983,4991,-1,4991,4983,4981,-1,4991,4981,4993,-1,4993,4981,4979,-1,4993,4979,4977,-1,4977,4975,4993,-1,4993,4975,4973,-1,4993,4973,4958,-1,4962,4968,4964,-1,4964,4968,4966,-1,4973,4970,4958,-1,4958,4970,4968,-1,4958,4968,4960,-1,4960,4968,4962,-1,4994,4995,4996,-1,4996,4995,4997,-1,4996,4997,4998,-1,4998,4997,4999,-1,5000,5001,5002,-1,5000,5002,5003,-1,5003,5002,4998,-1,5003,4998,4999,-1,5001,5000,5004,-1,5001,5004,5005,-1,5005,5004,5006,-1,5005,5006,5007,-1,5007,5006,5008,-1,5007,5008,5009,-1,5009,5008,5010,-1,5009,5010,5011,-1,5011,5010,5012,-1,5011,5012,5013,-1,5013,5012,5014,-1,5013,5014,5015,-1,5015,5014,5016,-1,5015,5016,5017,-1,5017,5016,5018,-1,5017,5018,5019,-1,5019,5018,5020,-1,5019,5020,5021,-1,5021,5020,5022,-1,5021,5022,5023,-1,5024,5023,5025,-1,5025,5023,5022,-1,5024,5025,5026,-1,5026,5025,5027,-1,5026,5027,5028,-1,5028,5027,5029,-1,5028,5029,5030,-1,5030,5029,5031,-1,5030,5031,5032,-1,5032,5031,5033,-1,5032,5033,5034,-1,5034,5033,5035,-1,5036,5034,5037,-1,5037,5034,5035,-1,5028,5030,5038,-1,5001,5023,5002,-1,5002,5023,5024,-1,5002,5024,5038,-1,5038,5024,5026,-1,5038,5026,5028,-1,5030,5032,5038,-1,5038,5032,5034,-1,5038,5034,5036,-1,5009,5011,5013,-1,5007,5017,5019,-1,5009,5013,5007,-1,5007,5013,5015,-1,5007,5015,5017,-1,5001,5005,5023,-1,5023,5005,5007,-1,5023,5007,5021,-1,5021,5007,5019,-1,5037,5035,5039,-1,5039,5035,5033,-1,5039,5033,5031,-1,5031,5029,5039,-1,5039,5029,5027,-1,5039,5027,5003,-1,5003,5027,5025,-1,5003,5025,5000,-1,5000,5025,5022,-1,5000,5022,5004,-1,5018,5016,5006,-1,5004,5022,5006,-1,5006,5022,5020,-1,5006,5020,5018,-1,5016,5014,5006,-1,5006,5014,5012,-1,5006,5012,5008,-1,5008,5012,5010,-1,2644,2646,2642,-1,2642,2646,2648,-1,2642,2648,2686,-1,2647,2645,2649,-1,2649,2645,2643,-1,2649,2643,2687,-1,2728,2730,2726,-1,2726,2730,2734,-1,2726,2734,2770,-1,2731,2729,2735,-1,2735,2729,2727,-1,2735,2727,2771,-1,2812,2814,2810,-1,2810,2814,2818,-1,2810,2818,2854,-1,2815,2813,2819,-1,2819,2813,2811,-1,2819,2811,2855,-1,2896,2898,2894,-1,2894,2898,2900,-1,2894,2900,2938,-1,2899,2897,2901,-1,2901,2897,2895,-1,2901,2895,2939,-1,2980,2982,2978,-1,2978,2982,2986,-1,2978,2986,3022,-1,2983,2981,2987,-1,2987,2981,2979,-1,2987,2979,3023,-1,3064,3066,3062,-1,3062,3066,3070,-1,3062,3070,3106,-1,3067,3065,3071,-1,3071,3065,3063,-1,3071,3063,3107,-1,3148,3150,3146,-1,3146,3150,3154,-1,3146,3154,3190,-1,3151,3149,3155,-1,3155,3149,3147,-1,3155,3147,3191,-1,3232,3234,3230,-1,3230,3234,3238,-1,3230,3238,3274,-1,3235,3233,3239,-1,3239,3233,3231,-1,3239,3231,3275,-1,3316,3318,3314,-1,3314,3318,3322,-1,3314,3322,3358,-1,3319,3317,3323,-1,3323,3317,3315,-1,3323,3315,3359,-1,3400,3402,3398,-1,3398,3402,3406,-1,3398,3406,3442,-1,3403,3401,3407,-1,3407,3401,3399,-1,3407,3399,3443,-1,3484,3486,3482,-1,3482,3486,3490,-1,3482,3490,3526,-1,3487,3485,3491,-1,3491,3485,3483,-1,3491,3483,3527,-1,3568,3570,3566,-1,3566,3570,3574,-1,3566,3574,3610,-1,3571,3569,3575,-1,3575,3569,3567,-1,3575,3567,3611,-1,3652,3654,3650,-1,3650,3654,3658,-1,3650,3658,3694,-1,3655,3653,3659,-1,3659,3653,3651,-1,3659,3651,3695,-1,3736,3738,3734,-1,3734,3738,3742,-1,3734,3742,3778,-1,3739,3737,3743,-1,3743,3737,3735,-1,3743,3735,3779,-1,3820,3822,3818,-1,3818,3822,3826,-1,3818,3826,3862,-1,3823,3821,3827,-1,3827,3821,3819,-1,3827,3819,3863,-1,3904,3906,3902,-1,3902,3906,3910,-1,3902,3910,3946,-1,3907,3905,3911,-1,3911,3905,3903,-1,3911,3903,3947,-1,3988,3990,3986,-1,3986,3990,3994,-1,3986,3994,4030,-1,3991,3989,3995,-1,3995,3989,3987,-1,3995,3987,4031,-1,4072,4074,4070,-1,4070,4074,4078,-1,4070,4078,4114,-1,4075,4073,4079,-1,4079,4073,4071,-1,4079,4071,4115,-1,4156,4158,4154,-1,4154,4158,4162,-1,4154,4162,4198,-1,4159,4157,4163,-1,4163,4157,4155,-1,4163,4155,4199,-1,4240,4242,4238,-1,4238,4242,4246,-1,4238,4246,4282,-1,4243,4241,4247,-1,4247,4241,4239,-1,4247,4239,4283,-1,4324,4326,4322,-1,4322,4326,4330,-1,4322,4330,4366,-1,4327,4325,4331,-1,4331,4325,4323,-1,4331,4323,4367,-1,4408,4410,4406,-1,4406,4410,4414,-1,4406,4414,4450,-1,4411,4409,4415,-1,4415,4409,4407,-1,4415,4407,4451,-1,4492,4494,4490,-1,4490,4494,4498,-1,4490,4498,4534,-1,4495,4493,4499,-1,4499,4493,4491,-1,4499,4491,4535,-1,4576,4578,4574,-1,4574,4578,4582,-1,4574,4582,4618,-1,4579,4577,4583,-1,4583,4577,4575,-1,4583,4575,4619,-1,4660,4662,4658,-1,4658,4662,4666,-1,4658,4666,4702,-1,4663,4661,4667,-1,4667,4661,4659,-1,4667,4659,4703,-1,4744,4746,4742,-1,4742,4746,4750,-1,4742,4750,4786,-1,4747,4745,4751,-1,4751,4745,4743,-1,4751,4743,4787,-1,4828,4830,4826,-1,4826,4830,4834,-1,4826,4834,4870,-1,4831,4829,4835,-1,4835,4829,4827,-1,4835,4827,4871,-1,4912,4914,4910,-1,4910,4914,4918,-1,4910,4918,4954,-1,4915,4913,4919,-1,4919,4913,4911,-1,4919,4911,4955,-1,4996,4998,4994,-1,4994,4998,5002,-1,4994,5002,5038,-1,4999,4997,5003,-1,5003,4997,4995,-1,5003,4995,5039,-1,
        ]
    }
}
Shape{
    appearance Appearance {
        material  Material 	{
            diffuseColor 1.0 1.0 1.0
            specularColor 0.5019607843137255 0.5019607843137255 0.5019607843137255
            ambientIntensity 1.0
            transparency 0.0
            shininess 0.5
        }
    }
    geometry IndexedFaceSet {
        ccw TRUE
        solid FALSE
        coord DEF co Coordinate {
            point [
                2.874 0.0136 0.2961, 2.874 0.0136 0.2916, 2.874 0.0136 0.2961, 2.874 0.0136 0.2916, 2.874 -0.0024 0.2961, 2.874 -0.0024 0.2961, 2.874 -0.0024 0.3316, 2.874 -0.0024 0.3316, 2.874 -0.0075 0.3316, 2.874 -0.0075 0.3316, 2.874 -0.0075 0.2916, 2.874 -0.0075 0.2916, 2.874 0.0341 0.2909, 2.874 0.0341 0.2909, 2.874 0.0407 0.2916, 2.874 0.0407 0.2916, 2.874 0.0452 0.2932, 2.874 0.0452 0.2932, 2.874 0.0452 0.2982, 2.874 0.0452 0.2982, 2.874 0.0411 0.2964, 2.874 0.0411 0.2964, 2.874 0.0365 0.2956, 2.874 0.0365 0.2956, 2.874 0.0349 0.2955, 2.874 0.0349 0.2955, 2.874 0.0311 0.2959, 2.874 0.0311 0.2959, 2.874 0.0282 0.297, 2.874 0.0282 0.297, 2.874 0.0256 0.2988, 2.874 0.0256 0.2988, 2.874 0.0246 0.2997, 2.874 0.0246 0.2997, 2.874 0.0225 0.3026, 2.874 0.0225 0.3026, 2.874 0.0213 0.3059, 2.874 0.0213 0.3059, 2.874 0.0206 0.3108, 2.874 0.0206 0.3108, 2.874 0.0206 0.3111, 2.874 0.0206 0.3111, 2.874 0.0212 0.3161, 2.874 0.0212 0.3161, 2.874 0.0224 0.3197, 2.874 0.0224 0.3197, 2.874 0.0243 0.3226, 2.874 0.0243 0.3226, 2.874 0.0248 0.3232, 2.874 0.0248 0.3232, 2.874 0.0274 0.3253, 2.874 0.0274 0.3253, 2.874 0.0305 0.3268, 2.874 0.0305 0.3268, 2.874 0.034 0.3275, 2.874 0.034 0.3275, 2.874 0.0358 0.3276, 2.874 0.0358 0.3276, 2.874 0.0405 0.3271, 2.874 0.0405 0.3271, 2.874 0.0446 0.3256, 2.874 0.0446 0.3256, 2.874 0.0452 0.3252, 2.874 0.0452 0.3252, 2.874 0.0452 0.3306, 2.874 0.0452 0.3306, 2.874 0.0357 0.3323, 2.874 0.0357 0.3323, 2.874 0.0361 0.3323, 2.874 0.0413 0.3318, 2.874 0.0413 0.3318, 2.874 0.0398 0.3319, 2.874 0.0361 0.3323, 2.874 0.0304 0.3317, 2.874 0.0327 0.3319, 2.874 0.0304 0.3317, 2.874 0.0261 0.3302, 2.874 0.0261 0.3302, 2.874 0.0222 0.3275, 2.874 0.0222 0.3275, 2.874 0.021 0.3264, 2.874 0.021 0.3264, 2.874 0.0182 0.3228, 2.874 0.0182 0.3228, 2.874 0.017 0.3201, 2.874 0.0163 0.3184, 2.874 0.0163 0.3184, 2.874 0.0153 0.3132, 2.874 0.0153 0.3132, 2.874 0.0152 0.3108, 2.874 0.0152 0.3108, 2.874 0.0159 0.3049, 2.874 0.0159 0.3049, 2.874 0.017 0.3017, 2.874 0.0174 0.3006, 2.874 0.0174 0.3006, 2.874 0.0197 0.2971, 2.874 0.0197 0.2971, 2.874 0.0204 0.2964, 2.874 0.0204 0.2964, 2.874 0.0234 0.2938, 2.874 0.0234 0.2938, 2.874 0.0271 0.292, 2.874 0.0271 0.292, 2.874 0.0314 0.291, 2.874 0.0314 0.291, 2.874 0.0747 0.2961, 2.874 0.0747 0.2916, 2.874 0.0747 0.2961, 2.874 0.0747 0.2916, 2.874 0.0584 0.2961, 2.874 0.0584 0.2961, 2.874 0.0692 0.2961, 2.874 0.0584 0.3096, 2.874 0.0584 0.3096, 2.874 0.0727 0.3096, 2.874 0.0727 0.3096, 2.874 0.0692 0.3096, 2.874 0.0727 0.3142, 2.874 0.0727 0.3142, 2.874 0.0584 0.3142, 2.874 0.0584 0.3142, 2.874 0.0692 0.3142, 2.874 0.0584 0.327, 2.874 0.0584 0.327, 2.874 0.0738 0.327, 2.874 0.0738 0.327, 2.874 0.0692 0.327, 2.874 0.0738 0.3316, 2.874 0.0738 0.3316, 2.874 0.0532 0.3316, 2.874 0.0532 0.3316, 2.874 0.0692 0.3316, 2.874 0.0532 0.2916, 2.874 0.0532 0.2916, 2.874 0.0692 0.2916, 2.874 0.1094 0.3097, 2.874 0.1147 0.3093, 2.874 0.1095 0.312, 2.874 0.1149 0.3121, 2.874 0.109 0.3165, 2.874 0.1143 0.3172, 2.874 0.1079 0.3195, 2.874 0.1129 0.3211, 2.874 0.1064 0.3219, 2.874 0.1105 0.3246, 2.874 0.1051 0.3232, 2.874 0.1089 0.3263, 2.874 0.102 0.3253, 2.874 0.1049 0.3291, 2.874 0.0985 0.3265, 2.874 0.1001 0.3309, 2.874 0.0935 0.327, 2.874 0.0937 0.3316, 2.874 0.0875 0.327, 2.874 0.0823 0.3316, 2.874 0.0875 0.2961, 2.874 0.0823 0.2916, 2.874 0.0933 0.2961, 2.874 0.0933 0.2916, 2.874 0.0983 0.2967, 2.874 0.0996 0.2923, 2.874 0.1017 0.2979, 2.874 0.1042 0.294, 2.874 0.1044 0.2996, 2.874 0.1081 0.2966, 2.874 0.1052 0.3003, 2.874 0.1089 0.2972, 2.874 0.1073 0.303, 2.874 0.1117 0.3005, 2.874 0.1086 0.306, 2.874 0.1137 0.3046, 2.874 0.0933 0.2916, 2.874 0.0823 0.2916, 2.874 0.0996 0.2923, 2.874 0.1006 0.2927, 2.874 0.1042 0.294, 2.874 0.1081 0.2966, 2.874 0.1089 0.2972, 2.874 0.1117 0.3005, 2.874 0.1137 0.3046, 2.874 0.1147 0.3093, 2.874 0.1149 0.3121, 2.874 0.1143 0.3172, 2.874 0.1129 0.3211, 2.874 0.1105 0.3246, 2.874 0.1089 0.3263, 2.874 0.0937 0.3316, 2.874 0.1049 0.3291, 2.874 0.1006 0.3307, 2.874 0.1001 0.3309, 2.874 0.0823 0.3316, 2.874 0.0935 0.327, 2.874 0.0875 0.327, 2.874 0.0875 0.2961, 2.874 0.0933 0.2961, 2.874 0.1052 0.3003, 2.874 0.1044 0.2996, 2.874 0.1017 0.2979, 2.874 0.0983 0.2967, 2.874 0.1095 0.312, 2.874 0.1094 0.3097, 2.874 0.1086 0.306, 2.874 0.1073 0.303, 2.874 0.1051 0.3232, 2.874 0.1064 0.3219, 2.874 0.1079 0.3195, 2.874 0.109 0.3165, 2.874 0.0985 0.3265, 2.874 0.102 0.3253
            ]
        }
        coordIndex [
            0,1,2,-1,2,1,3,-1,4,0,5,-1,5,0,2,-1,6,4,7,-1,7,4,5,-1,8,6,9,-1,9,6,7,-1,10,8,11,-1,11,8,9,-1,1,10,3,-1,3,10,11,-1,6,8,4,-1,4,8,10,-1,4,10,0,-1,0,10,1,-1,12,13,14,-1,12,14,15,-1,15,14,16,-1,15,16,17,-1,18,17,19,-1,19,17,16,-1,18,19,20,-1,18,20,21,-1,21,20,22,-1,21,22,23,-1,23,22,24,-1,23,24,25,-1,25,24,26,-1,25,26,27,-1,27,26,28,-1,27,28,29,-1,29,28,30,-1,29,30,31,-1,31,30,32,-1,31,32,33,-1,33,32,34,-1,33,34,35,-1,35,34,36,-1,35,36,37,-1,37,36,38,-1,37,38,39,-1,39,38,40,-1,39,40,41,-1,41,40,42,-1,41,42,43,-1,43,42,44,-1,43,44,45,-1,45,44,46,-1,45,46,47,-1,47,46,48,-1,47,48,49,-1,49,48,50,-1,49,50,51,-1,51,50,52,-1,51,52,53,-1,53,52,54,-1,53,54,55,-1,55,54,56,-1,55,56,57,-1,57,56,58,-1,57,58,59,-1,59,58,60,-1,59,60,61,-1,61,60,62,-1,61,62,63,-1,64,63,65,-1,65,63,62,-1,66,67,68,-1,64,65,69,-1,64,69,70,-1,70,69,71,-1,70,71,68,-1,68,71,72,-1,68,72,66,-1,73,67,74,-1,74,67,66,-1,74,75,73,-1,73,75,76,-1,73,76,77,-1,77,76,78,-1,77,78,79,-1,79,78,80,-1,79,80,81,-1,81,80,82,-1,81,82,83,-1,83,82,84,-1,83,84,85,-1,84,86,85,-1,85,86,87,-1,85,87,88,-1,88,87,89,-1,88,89,90,-1,90,89,91,-1,90,91,92,-1,92,91,93,-1,92,93,94,-1,93,95,94,-1,94,95,96,-1,94,96,97,-1,97,96,98,-1,97,98,99,-1,99,98,100,-1,99,100,101,-1,101,100,102,-1,101,102,103,-1,103,102,104,-1,103,104,105,-1,105,104,13,-1,105,13,12,-1,61,63,64,-1,35,37,92,-1,43,45,83,-1,92,37,90,-1,83,45,81,-1,61,64,59,-1,59,64,70,-1,59,70,57,-1,57,70,68,-1,57,68,55,-1,55,68,67,-1,55,67,53,-1,53,67,73,-1,53,73,51,-1,17,18,15,-1,15,18,21,-1,15,21,12,-1,73,77,51,-1,51,77,79,-1,51,79,49,-1,49,79,81,-1,49,81,47,-1,47,81,45,-1,92,94,35,-1,35,94,97,-1,35,97,33,-1,33,97,99,-1,33,99,31,-1,31,99,101,-1,31,101,29,-1,29,101,103,-1,29,103,27,-1,27,103,105,-1,27,105,25,-1,25,105,12,-1,25,12,23,-1,23,12,21,-1,37,39,90,-1,90,39,41,-1,90,41,88,-1,88,41,43,-1,88,43,85,-1,85,43,83,-1,106,107,108,-1,108,107,109,-1,110,111,112,-1,112,111,106,-1,112,106,108,-1,113,111,114,-1,114,111,110,-1,115,116,117,-1,117,116,113,-1,117,113,114,-1,118,116,119,-1,119,116,115,-1,120,121,122,-1,122,121,118,-1,122,118,119,-1,123,121,124,-1,124,121,120,-1,125,126,127,-1,127,126,123,-1,127,123,124,-1,128,126,129,-1,129,126,125,-1,130,131,132,-1,132,131,128,-1,132,128,129,-1,133,131,134,-1,134,131,130,-1,109,107,135,-1,135,107,133,-1,135,133,134,-1,133,107,106,-1,106,111,133,-1,133,111,113,-1,133,113,131,-1,126,128,123,-1,123,128,131,-1,123,131,121,-1,121,131,113,-1,121,113,118,-1,118,113,116,-1,136,137,138,-1,138,137,139,-1,138,139,140,-1,140,139,141,-1,140,141,142,-1,142,141,143,-1,142,143,144,-1,144,143,145,-1,144,145,146,-1,146,145,147,-1,146,147,148,-1,148,147,149,-1,148,149,150,-1,150,149,151,-1,150,151,152,-1,152,151,153,-1,152,153,154,-1,154,153,155,-1,154,155,156,-1,156,155,157,-1,156,157,158,-1,158,157,159,-1,158,159,160,-1,160,159,161,-1,160,161,162,-1,162,161,163,-1,162,163,164,-1,164,163,165,-1,164,165,166,-1,166,165,167,-1,166,167,168,-1,168,167,169,-1,168,169,170,-1,170,169,171,-1,170,171,136,-1,136,171,137,-1,159,157,172,-1,172,157,173,-1,159,172,174,-1,159,174,161,-1,161,174,175,-1,161,175,163,-1,175,176,163,-1,163,176,177,-1,163,177,165,-1,165,177,178,-1,165,178,167,-1,167,178,179,-1,167,179,169,-1,169,179,180,-1,169,180,171,-1,171,180,181,-1,171,181,137,-1,137,181,182,-1,137,182,139,-1,139,182,183,-1,139,183,141,-1,141,183,184,-1,141,184,143,-1,143,184,185,-1,143,185,145,-1,145,185,186,-1,145,186,147,-1,187,153,151,-1,147,186,188,-1,147,188,149,-1,149,188,189,-1,149,189,151,-1,151,189,190,-1,151,190,187,-1,155,153,191,-1,191,153,187,-1,157,155,173,-1,173,155,191,-1,152,154,192,-1,192,154,193,-1,154,156,193,-1,193,156,194,-1,156,158,194,-1,194,158,195,-1,166,196,197,-1,166,197,164,-1,164,197,198,-1,164,198,162,-1,162,198,199,-1,162,199,160,-1,160,199,195,-1,160,195,158,-1,138,200,201,-1,138,201,136,-1,136,201,202,-1,136,202,170,-1,170,202,203,-1,170,203,168,-1,168,203,196,-1,168,196,166,-1,146,204,205,-1,146,205,144,-1,144,205,206,-1,144,206,142,-1,142,206,207,-1,142,207,140,-1,140,207,200,-1,140,200,138,-1,152,192,208,-1,152,208,150,-1,150,208,209,-1,150,209,148,-1,148,209,204,-1,148,204,146,-1,
        ]
    }
}
Shape{
    appearance Appearance {
        material  Material 	{
            diffuseColor 0.2235294117647059 0.2235294117647059 0.2235294117647059
            specularColor 0.11372549019607843 0.11372549019607843 0.11372549019607843
            ambientIntensity 0.2235
            transparency 0.0
            shininess 0.5
        }
    }
    geometry IndexedFaceSet {
        ccw TRUE
        solid FALSE
        coord DEF co Coordinate {
            point [
                2.874 0.0875 0.327, 2.874 0.0875 0.2961, 2.874 0.0935 0.327, 2.874 0.0933 0.2961, 2.874 0.0983 0.2967, 2.874 0.1017 0.2979, 2.874 0.1044 0.2996, 2.874 0.1052 0.3003, 2.874 0.1073 0.303, 2.874 0.1086 0.306, 2.874 0.1094 0.3097, 2.874 0.1095 0.312, 2.874 0.109 0.3165, 2.874 0.1079 0.3195, 2.874 0.1064 0.3219, 2.874 0.1051 0.3232, 2.874 0.0985 0.3265, 2.874 0.102 0.3253
            ]
        }
        coordIndex [
            0,1,2,-1,2,1,3,-1,2,3,4,-1,4,5,2,-1,2,5,6,-1,2,6,7,-1,7,8,2,-1,2,8,9,-1,2,9,10,-1,10,11,2,-1,2,11,12,-1,2,12,13,-1,13,14,2,-1,2,14,15,-1,2,15,16,-1,16,15,17,-1,
        ]
    }
}
Shape{
    appearance Appearance {
        material  Material 	{
            diffuseColor 1.0 1.0 1.0
            specularColor 0.5019607843137255 0.5019607843137255 0.5019607843137255
            ambientIntensity 1.0
            transparency 0.0
            shininess 0.5
        }
    }
    geometry IndexedFaceSet {
        ccw TRUE
        solid FALSE
        coord DEF co Coordinate {
            point [
                2.874 0.1283 0.3071, 2.874 0.1267 0.3025, 2.874 0.1418 0.3071, 2.874 0.1433 0.3025, 2.874 0.1343 0.3237, 2.874 0.1324 0.3316, 2.874 0.1171 0.2916, 2.874 0.1228 0.2916, 2.874 0.1346 0.3249, 2.874 0.135 0.3265, 2.874 0.1379 0.3316, 2.874 0.1351 0.3265, 2.874 0.1354 0.3248, 2.874 0.1357 0.3237, 2.874 0.1531 0.2916, 2.874 0.1474 0.2916, 2.874 0.1379 0.3316, 2.874 0.1531 0.2916, 2.874 0.1324 0.3316, 2.874 0.1171 0.2916, 2.874 0.1287 0.3219, 2.874 0.1228 0.2916, 2.874 0.1267 0.3025, 2.874 0.1433 0.3025, 2.874 0.1287 0.3025, 2.874 0.1474 0.2916, 2.874 0.1283 0.3071, 2.874 0.1418 0.3071, 2.874 0.1357 0.3237, 2.874 0.1351 0.3265, 2.874 0.1354 0.3248, 2.874 0.135 0.3265, 2.874 0.1343 0.3237, 2.874 0.1346 0.3249
            ]
        }
        coordIndex [
            0,1,2,-1,2,1,3,-1,4,5,0,-1,0,5,6,-1,0,6,1,-1,1,6,7,-1,4,8,5,-1,5,8,9,-1,5,9,10,-1,10,9,11,-1,10,11,12,-1,12,13,10,-1,10,13,2,-1,10,2,14,-1,14,2,3,-1,14,3,15,-1,10,14,16,-1,16,14,17,-1,5,10,18,-1,18,10,16,-1,19,6,20,-1,20,6,5,-1,20,5,18,-1,7,6,21,-1,21,6,19,-1,1,7,22,-1,22,7,21,-1,23,3,24,-1,24,3,1,-1,24,1,22,-1,15,3,25,-1,25,3,23,-1,14,15,17,-1,17,15,25,-1,0,2,26,-1,26,2,27,-1,2,13,27,-1,27,13,28,-1,11,29,30,-1,11,30,12,-1,12,30,28,-1,12,28,13,-1,11,9,29,-1,29,9,31,-1,4,32,33,-1,4,33,8,-1,8,33,31,-1,8,31,9,-1,4,0,32,-1,32,0,26,-1,
        ]
    }
}
Shape{
    appearance Appearance {
        material  Material 	{
            diffuseColor 0.2235294117647059 0.2235294117647059 0.2235294117647059
            specularColor 0.11372549019607843 0.11372549019607843 0.11372549019607843
            ambientIntensity 0.2235
            transparency 0.0
            shininess 0.5
        }
    }
    geometry IndexedFaceSet {
        ccw TRUE
        solid FALSE
        coord DEF co Coordinate {
            point [
                2.874 0.1351 0.3265, 2.874 0.135 0.3265, 2.874 0.1354 0.3248, 2.874 0.1346 0.3249, 2.874 0.1357 0.3237, 2.874 0.1343 0.3237, 2.874 0.1418 0.3071, 2.874 0.1283 0.3071
            ]
        }
        coordIndex [
            0,1,2,-1,2,1,3,-1,2,3,4,-1,4,3,5,-1,4,5,6,-1,6,5,7,-1,
        ]
    }
}
Shape{
    appearance Appearance {
        material  Material 	{
            diffuseColor 1.0 1.0 1.0
            specularColor 0.5019607843137255 0.5019607843137255 0.5019607843137255
            ambientIntensity 1.0
            transparency 0.0
            shininess 0.5
        }
    }
    geometry IndexedFaceSet {
        ccw TRUE
        solid FALSE
        coord DEF co Coordinate {
            point [
                2.874 0.014 0.2326, 2.874 0.014 0.2281, 2.874 0.014 0.2326, 2.874 0.014 0.2281, 2.874 -0.0024 0.2326, 2.874 -0.0024 0.2326, 2.874 -0.0024 0.2461, 2.874 -0.0024 0.2461, 2.874 0.012 0.2461, 2.874 0.012 0.2461, 2.874 0.012 0.2507, 2.874 0.012 0.2507, 2.874 -0.0024 0.2507, 2.874 -0.0024 0.2507, 2.874 -0.0024 0.2635, 2.874 -0.0024 0.2635, 2.874 0.0131 0.2635, 2.874 0.0131 0.2635, 2.874 0.0131 0.2681, 2.874 0.0131 0.2681, 2.874 -0.0075 0.2681, 2.874 -0.0075 0.2681, 2.874 -0.0075 0.2281, 2.874 -0.0075 0.2281, 2.874 0.0366 0.2325, 2.874 0.0368 0.2325, 2.874 0.0364 0.2371, 2.874 0.0246 0.2442, 2.874 0.0224 0.2431, 2.874 0.0252 0.2398, 2.874 0.0368 0.2393, 2.874 0.0418 0.2465, 2.874 0.0368 0.2397, 2.874 0.0368 0.2424, 2.874 0.0368 0.2281, 2.874 0.0418 0.2281, 2.874 0.0357 0.2353, 2.874 0.0346 0.2338, 2.874 0.0358 0.2313, 2.874 0.034 0.2332, 2.874 0.0343 0.2296, 2.874 0.0326 0.2323, 2.874 0.0325 0.2284, 2.874 0.031 0.2317, 2.874 0.0305 0.2277, 2.874 0.0292 0.2315, 2.874 0.0279 0.2274, 2.874 0.0275 0.2317, 2.874 0.0249 0.2277, 2.874 0.0263 0.2321, 2.874 0.0229 0.2285, 2.874 0.0253 0.2328, 2.874 0.0213 0.2296, 2.874 0.0249 0.2332, 2.874 0.0246 0.239, 2.874 0.0209 0.2418, 2.874 0.0242 0.2381, 2.874 0.0199 0.2403, 2.874 0.0239 0.2369, 2.874 0.0259 0.2403, 2.874 0.0271 0.2408, 2.874 0.0283 0.2451, 2.874 0.0301 0.2415, 2.874 0.0368 0.2462, 2.874 0.0216 0.2547, 2.874 0.0216 0.2498, 2.874 0.0229 0.2554, 2.874 0.0248 0.2518, 2.874 0.0267 0.2568, 2.874 0.0279 0.2529, 2.874 0.0314 0.2573, 2.874 0.031 0.2532, 2.874 0.0345 0.257, 2.874 0.0327 0.2531, 2.874 0.0366 0.2564, 2.874 0.0338 0.2527, 2.874 0.0383 0.2554, 2.874 0.0347 0.2521, 2.874 0.0396 0.2541, 2.874 0.0355 0.2513, 2.874 0.0406 0.2525, 2.874 0.0361 0.2502, 2.874 0.0414 0.2502, 2.874 0.0366 0.2485, 2.874 0.0192 0.2386, 2.874 0.0188 0.2364, 2.874 0.0239 0.2361, 2.874 0.0188 0.2357, 2.874 0.024 0.235, 2.874 0.019 0.2334, 2.874 0.0243 0.2341, 2.874 0.0197 0.2318, 2.874 0.0207 0.2302, 2.874 0.0314 0.2573, 2.874 0.0267 0.2568, 2.874 0.0229 0.2554, 2.874 0.0216 0.2547, 2.874 0.0216 0.2498, 2.874 0.0248 0.2518, 2.874 0.0279 0.2529, 2.874 0.031 0.2532, 2.874 0.0327 0.2531, 2.874 0.0338 0.2527, 2.874 0.0347 0.2521, 2.874 0.0355 0.2513, 2.874 0.0361 0.2502, 2.874 0.0366 0.2485, 2.874 0.0368 0.2462, 2.874 0.0283 0.2451, 2.874 0.0246 0.2442, 2.874 0.0224 0.2431, 2.874 0.0209 0.2418, 2.874 0.0199 0.2403, 2.874 0.0192 0.2386, 2.874 0.0188 0.2364, 2.874 0.0188 0.2357, 2.874 0.019 0.2334, 2.874 0.0197 0.2318, 2.874 0.0207 0.2302, 2.874 0.0213 0.2296, 2.874 0.0279 0.2274, 2.874 0.025 0.2277, 2.874 0.0249 0.2277, 2.874 0.0229 0.2285, 2.874 0.0305 0.2277, 2.874 0.0306 0.2277, 2.874 0.0325 0.2284, 2.874 0.0343 0.2296, 2.874 0.0358 0.2313, 2.874 0.0366 0.2325, 2.874 0.0368 0.2325, 2.874 0.0368 0.2281, 2.874 0.0418 0.2281, 2.874 0.0418 0.2465, 2.874 0.0414 0.2502, 2.874 0.0406 0.2525, 2.874 0.0396 0.2541, 2.874 0.0383 0.2554, 2.874 0.0366 0.2564, 2.874 0.0345 0.257, 2.874 0.0252 0.2398, 2.874 0.0259 0.2403, 2.874 0.0271 0.2408, 2.874 0.0301 0.2415, 2.874 0.0239 0.2361, 2.874 0.0239 0.2369, 2.874 0.0242 0.2381, 2.874 0.0246 0.239, 2.874 0.0253 0.2328, 2.874 0.0249 0.2332, 2.874 0.0243 0.2341, 2.874 0.024 0.235, 2.874 0.0292 0.2315, 2.874 0.0275 0.2317, 2.874 0.0263 0.2321, 2.874 0.0346 0.2338, 2.874 0.034 0.2332, 2.874 0.0326 0.2323, 2.874 0.031 0.2317, 2.874 0.0368 0.2397, 2.874 0.0368 0.2393, 2.874 0.0364 0.2371, 2.874 0.0357 0.2353, 2.874 0.0368 0.2424
            ]
        }
        coordIndex [
            0,1,2,-1,2,1,3,-1,4,0,5,-1,5,0,2,-1,6,4,7,-1,7,4,5,-1,8,6,9,-1,9,6,7,-1,10,8,11,-1,11,8,9,-1,12,10,13,-1,13,10,11,-1,14,12,15,-1,15,12,13,-1,16,14,17,-1,17,14,15,-1,18,16,19,-1,19,16,17,-1,20,18,21,-1,21,18,19,-1,22,20,23,-1,23,20,21,-1,1,22,3,-1,3,22,23,-1,22,1,0,-1,0,4,22,-1,22,4,6,-1,22,6,20,-1,16,18,14,-1,14,18,20,-1,14,20,12,-1,12,20,6,-1,12,6,10,-1,10,6,8,-1,24,25,26,-1,27,28,29,-1,30,31,32,-1,32,31,33,-1,34,35,25,-1,25,35,31,-1,25,31,26,-1,26,31,30,-1,26,36,24,-1,24,36,37,-1,24,37,38,-1,38,37,39,-1,38,39,40,-1,40,39,41,-1,40,41,42,-1,42,41,43,-1,42,43,44,-1,44,43,45,-1,44,45,46,-1,46,45,47,-1,46,47,48,-1,48,47,49,-1,48,49,50,-1,50,49,51,-1,50,51,52,-1,52,51,53,-1,29,28,54,-1,54,28,55,-1,54,55,56,-1,56,55,57,-1,56,57,58,-1,29,59,27,-1,27,59,60,-1,27,60,61,-1,61,60,62,-1,61,62,63,-1,64,65,66,-1,66,65,67,-1,66,67,68,-1,68,67,69,-1,68,69,70,-1,70,69,71,-1,70,71,72,-1,72,71,73,-1,72,73,74,-1,74,73,75,-1,74,75,76,-1,76,75,77,-1,76,77,78,-1,78,77,79,-1,78,79,80,-1,80,79,81,-1,80,81,82,-1,82,81,83,-1,82,83,31,-1,31,83,63,-1,31,63,33,-1,33,63,62,-1,57,84,58,-1,58,84,85,-1,58,85,86,-1,86,85,87,-1,86,87,88,-1,88,87,89,-1,88,89,90,-1,90,89,91,-1,90,91,53,-1,53,91,92,-1,53,92,52,-1,70,93,94,-1,70,94,68,-1,68,94,95,-1,68,95,66,-1,66,95,96,-1,66,96,64,-1,65,64,97,-1,97,64,96,-1,65,97,98,-1,65,98,67,-1,67,98,99,-1,67,99,69,-1,69,99,100,-1,69,100,71,-1,71,100,101,-1,71,101,73,-1,73,101,102,-1,73,102,75,-1,75,102,103,-1,75,103,77,-1,77,103,104,-1,77,104,79,-1,79,104,105,-1,79,105,81,-1,81,105,106,-1,81,106,83,-1,83,106,107,-1,83,107,63,-1,61,63,108,-1,108,63,107,-1,61,108,109,-1,61,109,27,-1,27,109,110,-1,27,110,28,-1,28,110,111,-1,28,111,55,-1,55,111,112,-1,55,112,57,-1,57,112,113,-1,57,113,84,-1,84,113,114,-1,84,114,85,-1,85,114,115,-1,85,115,87,-1,87,115,116,-1,87,116,89,-1,89,116,117,-1,89,117,91,-1,91,117,118,-1,91,118,92,-1,92,118,119,-1,92,119,52,-1,120,46,121,-1,121,46,48,-1,121,48,122,-1,122,48,50,-1,122,50,123,-1,123,50,52,-1,123,52,119,-1,46,120,124,-1,46,124,44,-1,44,124,125,-1,44,125,42,-1,125,126,42,-1,42,126,127,-1,42,127,40,-1,40,127,128,-1,40,128,38,-1,38,128,129,-1,38,129,24,-1,25,24,130,-1,130,24,129,-1,34,25,131,-1,131,25,130,-1,35,34,132,-1,132,34,131,-1,31,35,133,-1,133,35,132,-1,31,133,134,-1,31,134,82,-1,82,134,135,-1,82,135,80,-1,80,135,136,-1,80,136,78,-1,78,136,137,-1,78,137,76,-1,76,137,138,-1,76,138,74,-1,74,138,139,-1,74,139,72,-1,72,139,93,-1,72,93,70,-1,29,140,141,-1,29,141,59,-1,59,141,142,-1,59,142,60,-1,60,142,143,-1,60,143,62,-1,86,144,145,-1,86,145,58,-1,58,145,146,-1,58,146,56,-1,56,146,147,-1,56,147,54,-1,54,147,140,-1,54,140,29,-1,51,148,149,-1,51,149,53,-1,53,149,150,-1,53,150,90,-1,90,150,151,-1,90,151,88,-1,88,151,144,-1,88,144,86,-1,45,152,153,-1,45,153,47,-1,47,153,154,-1,47,154,49,-1,49,154,148,-1,49,148,51,-1,37,155,156,-1,37,156,39,-1,39,156,157,-1,39,157,41,-1,41,157,158,-1,41,158,43,-1,43,158,152,-1,43,152,45,-1,32,159,160,-1,32,160,30,-1,30,160,161,-1,30,161,26,-1,26,161,162,-1,26,162,36,-1,36,162,155,-1,36,155,37,-1,32,33,159,-1,159,33,163,-1,33,62,163,-1,163,62,143,-1,
        ]
    }
}
Shape{
    appearance Appearance {
        material  Material 	{
            diffuseColor 0.2235294117647059 0.2235294117647059 0.2235294117647059
            specularColor 0.11372549019607843 0.11372549019607843 0.11372549019607843
            ambientIntensity 0.2235
            transparency 0.0
            shininess 0.5
        }
    }
    geometry IndexedFaceSet {
        ccw TRUE
        solid FALSE
        coord DEF co Coordinate {
            point [
                2.874 0.0368 0.2424, 2.874 0.0301 0.2415, 2.874 0.0368 0.2397, 2.874 0.0271 0.2408, 2.874 0.0259 0.2403, 2.874 0.0252 0.2398, 2.874 0.0368 0.2393, 2.874 0.0364 0.2371, 2.874 0.0246 0.239, 2.874 0.0357 0.2353, 2.874 0.0249 0.2332, 2.874 0.0253 0.2328, 2.874 0.034 0.2332, 2.874 0.0243 0.2341, 2.874 0.0326 0.2323, 2.874 0.031 0.2317, 2.874 0.0292 0.2315, 2.874 0.0242 0.2381, 2.874 0.0239 0.2369, 2.874 0.0346 0.2338, 2.874 0.0239 0.2361, 2.874 0.024 0.235, 2.874 0.0263 0.2321, 2.874 0.0275 0.2317
            ]
        }
        coordIndex [
            0,1,2,-1,2,1,3,-1,3,4,2,-1,2,4,5,-1,2,5,6,-1,6,5,7,-1,7,5,8,-1,7,8,9,-1,10,11,12,-1,10,12,13,-1,14,12,15,-1,15,12,16,-1,8,17,9,-1,9,17,18,-1,9,18,19,-1,19,18,20,-1,19,20,12,-1,12,20,21,-1,12,21,13,-1,11,22,12,-1,12,22,23,-1,12,23,16,-1,
        ]
    }
}
Shape{
    appearance Appearance {
        material  Material 	{
            diffuseColor 1.0 1.0 1.0
            specularColor 0.5019607843137255 0.5019607843137255 0.5019607843137255
            ambientIntensity 1.0
            transparency 0.0
            shininess 0.5
        }
    }
    geometry IndexedFaceSet {
        ccw TRUE
        solid FALSE
        coord DEF co Coordinate {
            point [
                2.874 0.0486 0.2342, 2.874 0.0486 0.2342, 2.874 0.0505 0.233, 2.874 0.0568 0.2315, 2.874 0.0568 0.2315, 2.874 0.0537 0.2319, 2.874 0.0537 0.2319, 2.874 0.0509 0.2329, 2.874 0.0505 0.233, 2.874 0.0486 0.2291, 2.874 0.0486 0.2291, 2.874 0.0522 0.2278, 2.874 0.0509 0.2283, 2.874 0.0563 0.2274, 2.874 0.0563 0.2274, 2.874 0.053 0.2277, 2.874 0.0522 0.2278, 2.874 0.0604 0.2278, 2.874 0.0596 0.2277, 2.874 0.0604 0.2278, 2.874 0.0632 0.2288, 2.874 0.0632 0.2288, 2.874 0.0647 0.2297, 2.874 0.0647 0.2297, 2.874 0.0661 0.2309, 2.874 0.0661 0.2309, 2.874 0.067 0.2322, 2.874 0.067 0.2322, 2.874 0.0676 0.2338, 2.874 0.0676 0.2338, 2.874 0.0679 0.2358, 2.874 0.0679 0.2358, 2.874 0.0677 0.2377, 2.874 0.0677 0.2377, 2.874 0.0671 0.2392, 2.874 0.0671 0.2392, 2.874 0.0662 0.2406, 2.874 0.0662 0.2406, 2.874 0.065 0.2416, 2.874 0.065 0.2416, 2.874 0.0617 0.2435, 2.874 0.0617 0.2435, 2.874 0.0597 0.2443, 2.874 0.0597 0.2443, 2.874 0.0566 0.2456, 2.874 0.0566 0.2456, 2.874 0.0549 0.2467, 2.874 0.0549 0.2467, 2.874 0.0544 0.2473, 2.874 0.0544 0.2473, 2.874 0.054 0.2479, 2.874 0.054 0.2479, 2.874 0.0538 0.2487, 2.874 0.0538 0.2487, 2.874 0.0538 0.2494, 2.874 0.0538 0.2494, 2.874 0.0539 0.2502, 2.874 0.0539 0.2502, 2.874 0.0541 0.2509, 2.874 0.0541 0.2509, 2.874 0.0545 0.2515, 2.874 0.0545 0.2515, 2.874 0.0553 0.2522, 2.874 0.0553 0.2522, 2.874 0.0564 0.2528, 2.874 0.0564 0.2528, 2.874 0.0578 0.2531, 2.874 0.0578 0.2531, 2.874 0.0592 0.2532, 2.874 0.0592 0.2532, 2.874 0.0625 0.2529, 2.874 0.0625 0.2529, 2.874 0.0654 0.2518, 2.874 0.0654 0.2518, 2.874 0.0665 0.2512, 2.874 0.0665 0.2512, 2.874 0.0665 0.256, 2.874 0.0665 0.256, 2.874 0.0625 0.2571, 2.874 0.0625 0.2571, 2.874 0.0597 0.2573, 2.874 0.0597 0.2573, 2.874 0.0561 0.2569, 2.874 0.0561 0.2569, 2.874 0.0533 0.2559, 2.874 0.0533 0.2559, 2.874 0.0518 0.255, 2.874 0.0518 0.255, 2.874 0.0503 0.2537, 2.874 0.0509 0.2542, 2.874 0.0503 0.2537, 2.874 0.0494 0.2524, 2.874 0.0494 0.2524, 2.874 0.0488 0.2507, 2.874 0.0488 0.2507, 2.874 0.0486 0.2489, 2.874 0.0486 0.2489, 2.874 0.0488 0.247, 2.874 0.0488 0.247, 2.874 0.0494 0.2455, 2.874 0.0494 0.2455, 2.874 0.05 0.2444, 2.874 0.05 0.2444, 2.874 0.0562 0.2406, 2.874 0.0562 0.2406, 2.874 0.0532 0.242, 2.874 0.0508 0.2436, 2.874 0.0508 0.2436, 2.874 0.0509 0.2435, 2.874 0.0532 0.242, 2.874 0.0595 0.2393, 2.874 0.0595 0.2393, 2.874 0.0614 0.2381, 2.874 0.0614 0.2381, 2.874 0.0621 0.2374, 2.874 0.0621 0.2374, 2.874 0.0625 0.2368, 2.874 0.0625 0.2368, 2.874 0.0627 0.236, 2.874 0.0627 0.236, 2.874 0.0627 0.2354, 2.874 0.0627 0.2354, 2.874 0.0626 0.2344, 2.874 0.0626 0.2344, 2.874 0.0624 0.2337, 2.874 0.0624 0.2337, 2.874 0.0619 0.233, 2.874 0.0619 0.233, 2.874 0.0614 0.2325, 2.874 0.0614 0.2325, 2.874 0.0609 0.2322, 2.874 0.0609 0.2322, 2.874 0.0596 0.2318, 2.874 0.0596 0.2318, 2.874 0.057 0.2315, 2.874 0.057 0.2315, 2.874 0.0927 0.2567, 2.874 0.0979 0.2567, 2.874 0.0927 0.2567, 2.874 0.0979 0.2567, 2.874 0.0849 0.2351, 2.874 0.0849 0.2351, 2.874 0.0845 0.2338, 2.874 0.0845 0.2338, 2.874 0.0843 0.2328, 2.874 0.0843 0.2328, 2.874 0.0842 0.2328, 2.874 0.0842 0.2328, 2.874 0.0836 0.2352, 2.874 0.0836 0.2352, 2.874 0.0761 0.2567, 2.874 0.0761 0.2567, 2.874 0.0785 0.2497, 2.874 0.0705 0.2567, 2.874 0.0705 0.2567, 2.874 0.0817 0.2281, 2.874 0.0817 0.2281, 2.874 0.0785 0.2362, 2.874 0.0795 0.2229, 2.874 0.0795 0.2229, 2.874 0.0815 0.2277, 2.874 0.0785 0.2211, 2.874 0.0785 0.2211, 2.874 0.0785 0.2211, 2.874 0.0776 0.2201, 2.874 0.0776 0.2201, 2.874 0.0767 0.2194, 2.874 0.0767 0.2194, 2.874 0.0756 0.219, 2.874 0.0756 0.219, 2.874 0.0744 0.2189, 2.874 0.0744 0.2189, 2.874 0.0726 0.2191, 2.874 0.0726 0.2191, 2.874 0.0715 0.2195, 2.874 0.0715 0.2195, 2.874 0.0715 0.215, 2.874 0.0715 0.215, 2.874 0.0737 0.2146, 2.874 0.0737 0.2146, 2.874 0.0748 0.2146, 2.874 0.0748 0.2146, 2.874 0.0768 0.2148, 2.874 0.0768 0.2148, 2.874 0.0785 0.2155, 2.874 0.0788 0.2156, 2.874 0.0788 0.2156, 2.874 0.0805 0.2168, 2.874 0.0805 0.2168, 2.874 0.0809 0.2171, 2.874 0.0809 0.2171, 2.874 0.0827 0.2193, 2.874 0.0827 0.2193, 2.874 0.085 0.2237, 2.874 0.085 0.2237, 2.874 0.0865 0.2277, 2.874 0.1249 0.2326, 2.874 0.1249 0.2281, 2.874 0.1249 0.2326, 2.874 0.1249 0.2281, 2.874 0.1085 0.2326, 2.874 0.1085 0.2326, 2.874 0.116 0.2326, 2.874 0.1085 0.2461, 2.874 0.1085 0.2461, 2.874 0.1228 0.2461, 2.874 0.1228 0.2461, 2.874 0.116 0.2461, 2.874 0.1228 0.2507, 2.874 0.1228 0.2507, 2.874 0.1085 0.2507, 2.874 0.1085 0.2507, 2.874 0.116 0.2507, 2.874 0.1085 0.2635, 2.874 0.1085 0.2635, 2.874 0.124 0.2635, 2.874 0.124 0.2635, 2.874 0.116 0.2635, 2.874 0.124 0.2681, 2.874 0.124 0.2681, 2.874 0.1033 0.2681, 2.874 0.1033 0.2681, 2.874 0.116 0.2681, 2.874 0.1033 0.2281, 2.874 0.1033 0.2281, 2.874 0.116 0.2281, 2.874 0.1595 0.2462, 2.874 0.1649 0.2458, 2.874 0.1596 0.2485, 2.874 0.165 0.2486, 2.874 0.1591 0.253, 2.874 0.1645 0.2537, 2.874 0.1581 0.256, 2.874 0.1631 0.2576, 2.874 0.1566 0.2583, 2.874 0.1607 0.2611, 2.874 0.1552 0.2597, 2.874 0.159 0.2628, 2.874 0.1521 0.2617, 2.874 0.155 0.2655, 2.874 0.1486 0.263, 2.874 0.1502 0.2674, 2.874 0.1437 0.2635, 2.874 0.1439 0.2681, 2.874 0.1376 0.2635, 2.874 0.1324 0.2681, 2.874 0.1376 0.2326, 2.874 0.1324 0.2281, 2.874 0.1434 0.2326, 2.874 0.1434 0.2281, 2.874 0.1484 0.2332, 2.874 0.1497 0.2288, 2.874 0.1519 0.2344, 2.874 0.1544 0.2304, 2.874 0.1545 0.2361, 2.874 0.1583 0.233, 2.874 0.1553 0.2368, 2.874 0.159 0.2337, 2.874 0.1574 0.2394, 2.874 0.1618 0.237, 2.874 0.1588 0.2424, 2.874 0.1639 0.2411, 2.874 0.1434 0.2281, 2.874 0.1324 0.2281, 2.874 0.1497 0.2288, 2.874 0.1544 0.2304, 2.874 0.1583 0.233, 2.874 0.159 0.2337, 2.874 0.1618 0.237, 2.874 0.1639 0.2411, 2.874 0.1649 0.2458, 2.874 0.165 0.2486, 2.874 0.1645 0.2537, 2.874 0.1631 0.2576, 2.874 0.1607 0.2611, 2.874 0.159 0.2628, 2.874 0.155 0.2655, 2.874 0.1502 0.2674, 2.874 0.1439 0.2681, 2.874 0.1324 0.2681, 2.874 0.1437 0.2635, 2.874 0.1376 0.2635, 2.874 0.1376 0.2326, 2.874 0.1434 0.2326, 2.874 0.1553 0.2368, 2.874 0.1545 0.2361, 2.874 0.1519 0.2344, 2.874 0.1484 0.2332, 2.874 0.1596 0.2485, 2.874 0.1595 0.2462, 2.874 0.1588 0.2424, 2.874 0.1574 0.2394, 2.874 0.1552 0.2597, 2.874 0.1566 0.2583, 2.874 0.1581 0.256, 2.874 0.1591 0.253, 2.874 0.1486 0.263, 2.874 0.1521 0.2617
            ]
        }
        coordIndex [
            0,1,2,-1,3,4,5,-1,3,5,6,-1,6,5,7,-1,6,7,2,-1,2,7,8,-1,2,8,0,-1,9,1,10,-1,10,1,0,-1,11,9,12,-1,12,9,10,-1,13,14,15,-1,15,14,11,-1,15,11,16,-1,16,11,12,-1,17,14,18,-1,18,14,13,-1,18,19,17,-1,17,19,20,-1,17,20,21,-1,21,20,22,-1,21,22,23,-1,23,22,24,-1,23,24,25,-1,25,24,26,-1,25,26,27,-1,27,26,28,-1,27,28,29,-1,29,28,30,-1,29,30,31,-1,31,30,32,-1,31,32,33,-1,33,32,34,-1,33,34,35,-1,35,34,36,-1,35,36,37,-1,37,36,38,-1,37,38,39,-1,39,38,40,-1,39,40,41,-1,41,40,42,-1,41,42,43,-1,43,42,44,-1,43,44,45,-1,45,44,46,-1,45,46,47,-1,47,46,48,-1,47,48,49,-1,49,48,50,-1,49,50,51,-1,51,50,52,-1,51,52,53,-1,53,52,54,-1,53,54,55,-1,55,54,56,-1,55,56,57,-1,57,56,58,-1,57,58,59,-1,59,58,60,-1,59,60,61,-1,61,60,62,-1,61,62,63,-1,63,62,64,-1,63,64,65,-1,65,64,66,-1,65,66,67,-1,67,66,68,-1,67,68,69,-1,69,68,70,-1,69,70,71,-1,71,70,72,-1,71,72,73,-1,73,72,74,-1,73,74,75,-1,76,75,77,-1,77,75,74,-1,76,77,78,-1,76,78,79,-1,79,78,80,-1,79,80,81,-1,81,80,82,-1,81,82,83,-1,83,82,84,-1,83,84,85,-1,85,84,86,-1,85,86,87,-1,88,87,89,-1,89,87,86,-1,89,90,88,-1,88,90,91,-1,88,91,92,-1,92,91,93,-1,92,93,94,-1,94,93,95,-1,94,95,96,-1,96,95,97,-1,96,97,98,-1,98,97,99,-1,98,99,100,-1,100,99,101,-1,100,101,102,-1,103,104,105,-1,102,101,106,-1,102,106,107,-1,107,106,108,-1,107,108,105,-1,105,108,109,-1,105,109,103,-1,104,103,110,-1,104,110,111,-1,111,110,112,-1,111,112,113,-1,113,112,114,-1,113,114,115,-1,115,114,116,-1,115,116,117,-1,117,116,118,-1,117,118,119,-1,119,118,120,-1,119,120,121,-1,121,120,122,-1,121,122,123,-1,123,122,124,-1,123,124,125,-1,125,124,126,-1,125,126,127,-1,127,126,128,-1,127,128,129,-1,129,128,130,-1,129,130,131,-1,131,130,132,-1,131,132,133,-1,133,132,134,-1,133,134,135,-1,135,134,4,-1,135,4,3,-1,61,63,85,-1,85,63,83,-1,111,43,104,-1,104,43,45,-1,21,23,127,-1,127,23,25,-1,127,25,125,-1,125,25,27,-1,125,27,123,-1,123,27,29,-1,123,29,121,-1,121,29,31,-1,121,31,119,-1,119,31,33,-1,119,33,117,-1,117,33,35,-1,117,35,115,-1,115,35,37,-1,115,37,113,-1,113,37,39,-1,113,39,111,-1,111,39,41,-1,111,41,43,-1,14,3,11,-1,11,3,6,-1,11,6,9,-1,9,6,2,-1,9,2,1,-1,63,65,83,-1,83,65,67,-1,83,67,81,-1,81,67,69,-1,81,69,79,-1,79,69,71,-1,79,71,76,-1,76,71,73,-1,76,73,75,-1,127,129,21,-1,21,129,131,-1,21,131,17,-1,17,131,133,-1,17,133,14,-1,14,133,135,-1,14,135,3,-1,85,87,61,-1,61,87,88,-1,61,88,59,-1,59,88,92,-1,59,92,57,-1,57,92,94,-1,57,94,55,-1,55,94,96,-1,55,96,53,-1,53,96,98,-1,53,98,51,-1,51,98,100,-1,51,100,49,-1,49,100,102,-1,49,102,47,-1,47,102,107,-1,47,107,45,-1,45,107,105,-1,45,105,104,-1,136,137,138,-1,138,137,139,-1,140,136,141,-1,141,136,138,-1,140,141,142,-1,140,142,143,-1,143,142,144,-1,143,144,145,-1,146,145,147,-1,147,145,144,-1,148,146,149,-1,149,146,147,-1,150,151,152,-1,152,151,148,-1,152,148,149,-1,153,151,154,-1,154,151,150,-1,155,156,157,-1,157,156,153,-1,157,153,154,-1,158,159,160,-1,160,159,156,-1,160,156,155,-1,159,158,161,-1,159,161,162,-1,162,161,163,-1,162,163,164,-1,163,165,164,-1,164,165,166,-1,164,166,167,-1,167,166,168,-1,167,168,169,-1,169,168,170,-1,169,170,171,-1,171,170,172,-1,171,172,173,-1,173,172,174,-1,173,174,175,-1,176,175,177,-1,177,175,174,-1,176,177,178,-1,176,178,179,-1,179,178,180,-1,179,180,181,-1,181,180,182,-1,181,182,183,-1,183,182,184,-1,183,184,185,-1,184,186,185,-1,185,186,187,-1,185,187,188,-1,188,187,189,-1,188,189,190,-1,190,189,191,-1,190,191,192,-1,192,191,193,-1,192,193,194,-1,139,137,195,-1,195,137,194,-1,195,194,193,-1,143,145,194,-1,137,136,194,-1,194,136,140,-1,194,140,143,-1,151,153,148,-1,148,153,156,-1,148,156,146,-1,192,162,190,-1,190,162,164,-1,175,176,173,-1,173,176,179,-1,173,179,171,-1,171,179,181,-1,171,181,169,-1,169,181,183,-1,169,183,167,-1,167,183,185,-1,167,185,164,-1,164,185,188,-1,164,188,190,-1,145,146,194,-1,194,146,156,-1,194,156,192,-1,192,156,159,-1,192,159,162,-1,196,197,198,-1,198,197,199,-1,200,201,202,-1,202,201,196,-1,202,196,198,-1,203,201,204,-1,204,201,200,-1,205,206,207,-1,207,206,203,-1,207,203,204,-1,208,206,209,-1,209,206,205,-1,210,211,212,-1,212,211,208,-1,212,208,209,-1,213,211,214,-1,214,211,210,-1,215,216,217,-1,217,216,213,-1,217,213,214,-1,218,216,219,-1,219,216,215,-1,220,221,222,-1,222,221,218,-1,222,218,219,-1,223,221,224,-1,224,221,220,-1,199,197,225,-1,225,197,223,-1,225,223,224,-1,216,218,213,-1,213,218,221,-1,213,221,211,-1,197,196,223,-1,223,196,201,-1,223,201,203,-1,206,208,203,-1,203,208,211,-1,203,211,223,-1,223,211,221,-1,226,227,228,-1,228,227,229,-1,228,229,230,-1,230,229,231,-1,230,231,232,-1,232,231,233,-1,232,233,234,-1,234,233,235,-1,234,235,236,-1,236,235,237,-1,236,237,238,-1,238,237,239,-1,238,239,240,-1,240,239,241,-1,240,241,242,-1,242,241,243,-1,242,243,244,-1,244,243,245,-1,244,245,246,-1,246,245,247,-1,246,247,248,-1,248,247,249,-1,248,249,250,-1,250,249,251,-1,250,251,252,-1,252,251,253,-1,252,253,254,-1,254,253,255,-1,254,255,256,-1,256,255,257,-1,256,257,258,-1,258,257,259,-1,258,259,260,-1,260,259,261,-1,260,261,226,-1,226,261,227,-1,249,247,262,-1,262,247,263,-1,249,262,264,-1,249,264,251,-1,251,264,265,-1,251,265,253,-1,253,265,266,-1,253,266,255,-1,255,266,267,-1,255,267,257,-1,257,267,268,-1,257,268,259,-1,259,268,269,-1,259,269,261,-1,261,269,270,-1,261,270,227,-1,227,270,271,-1,227,271,229,-1,229,271,272,-1,229,272,231,-1,231,272,273,-1,231,273,233,-1,233,273,274,-1,233,274,235,-1,235,274,275,-1,235,275,237,-1,237,275,276,-1,237,276,239,-1,239,276,277,-1,239,277,241,-1,241,277,278,-1,241,278,243,-1,245,243,279,-1,279,243,278,-1,247,245,263,-1,263,245,279,-1,242,244,280,-1,280,244,281,-1,244,246,281,-1,281,246,282,-1,246,248,282,-1,282,248,283,-1,256,284,285,-1,256,285,254,-1,254,285,286,-1,254,286,252,-1,252,286,287,-1,252,287,250,-1,250,287,283,-1,250,283,248,-1,228,288,289,-1,228,289,226,-1,226,289,290,-1,226,290,260,-1,260,290,291,-1,260,291,258,-1,258,291,284,-1,258,284,256,-1,236,292,293,-1,236,293,234,-1,234,293,294,-1,234,294,232,-1,232,294,295,-1,232,295,230,-1,230,295,288,-1,230,288,228,-1,242,280,296,-1,242,296,240,-1,240,296,297,-1,240,297,238,-1,238,297,292,-1,238,292,236,-1,
        ]
    }
}
Shape{
    appearance Appearance {
        material  Material 	{
            diffuseColor 0.2235294117647059 0.2235294117647059 0.2235294117647059
            specularColor 0.11372549019607843 0.11372549019607843 0.11372549019607843
            ambientIntensity 0.2235
            transparency 0.0
            shininess 0.5
        }
    }
    geometry IndexedFaceSet {
        ccw TRUE
        solid FALSE
        coord DEF co Coordinate {
            point [
                2.874 0.1376 0.2635, 2.874 0.1376 0.2326, 2.874 0.1437 0.2635, 2.874 0.1434 0.2326, 2.874 0.1484 0.2332, 2.874 0.1519 0.2344, 2.874 0.1545 0.2361, 2.874 0.1553 0.2368, 2.874 0.1574 0.2394, 2.874 0.1588 0.2424, 2.874 0.1595 0.2462, 2.874 0.1596 0.2485, 2.874 0.1591 0.253, 2.874 0.1581 0.256, 2.874 0.1566 0.2583, 2.874 0.1552 0.2597, 2.874 0.1486 0.263, 2.874 0.1521 0.2617
            ]
        }
        coordIndex [
            0,1,2,-1,2,1,3,-1,2,3,4,-1,4,5,2,-1,2,5,6,-1,2,6,7,-1,7,8,2,-1,2,8,9,-1,2,9,10,-1,10,11,2,-1,2,11,12,-1,2,12,13,-1,13,14,2,-1,2,14,15,-1,2,15,16,-1,16,15,17,-1,
        ]
    }
}
Shape{
    appearance Appearance {
        material  Material 	{
            diffuseColor 1.0 1.0 1.0
            specularColor 0.5019607843137255 0.5019607843137255 0.5019607843137255
            ambientIntensity 1.0
            transparency 0.0
            shininess 0.5
        }
    }
    geometry IndexedFaceSet {
        ccw TRUE
        solid FALSE
        coord DEF co Coordinate {
            point [
                2.874 0.1784 0.2435, 2.874 0.1768 0.239, 2.874 0.1919 0.2435, 2.874 0.1935 0.239, 2.874 0.1844 0.2602, 2.874 0.1825 0.2681, 2.874 0.1673 0.2281, 2.874 0.173 0.2281, 2.874 0.1848 0.2614, 2.874 0.1851 0.263, 2.874 0.188 0.2681, 2.874 0.1852 0.263, 2.874 0.1855 0.2613, 2.874 0.1858 0.2602, 2.874 0.2033 0.2281, 2.874 0.1976 0.2281, 2.874 0.188 0.2681, 2.874 0.2033 0.2281, 2.874 0.1825 0.2681, 2.874 0.1673 0.2281, 2.874 0.173 0.2281, 2.874 0.1768 0.239, 2.874 0.1935 0.239, 2.874 0.1976 0.2281, 2.874 0.1784 0.2435, 2.874 0.1919 0.2435, 2.874 0.1858 0.2602, 2.874 0.1852 0.263, 2.874 0.1855 0.2613, 2.874 0.1851 0.263, 2.874 0.1844 0.2602, 2.874 0.1848 0.2614
            ]
        }
        coordIndex [
            0,1,2,-1,2,1,3,-1,4,5,0,-1,0,5,6,-1,0,6,1,-1,1,6,7,-1,4,8,5,-1,5,8,9,-1,5,9,10,-1,10,9,11,-1,10,11,12,-1,12,13,10,-1,10,13,2,-1,10,2,14,-1,14,2,3,-1,14,3,15,-1,10,14,16,-1,16,14,17,-1,5,10,18,-1,18,10,16,-1,6,5,19,-1,19,5,18,-1,7,6,20,-1,20,6,19,-1,1,7,21,-1,21,7,20,-1,3,1,22,-1,22,1,21,-1,15,3,23,-1,23,3,22,-1,14,15,17,-1,17,15,23,-1,0,2,24,-1,24,2,25,-1,2,13,25,-1,25,13,26,-1,11,27,28,-1,11,28,12,-1,12,28,26,-1,12,26,13,-1,11,9,27,-1,27,9,29,-1,4,30,31,-1,4,31,8,-1,8,31,29,-1,8,29,9,-1,4,0,30,-1,30,0,24,-1,
        ]
    }
}
Shape{
    appearance Appearance {
        material  Material 	{
            diffuseColor 0.2235294117647059 0.2235294117647059 0.2235294117647059
            specularColor 0.11372549019607843 0.11372549019607843 0.11372549019607843
            ambientIntensity 0.2235
            transparency 0.0
            shininess 0.5
        }
    }
    geometry IndexedFaceSet {
        ccw TRUE
        solid FALSE
        coord DEF co Coordinate {
            point [
                2.874 0.1852 0.263, 2.874 0.1851 0.263, 2.874 0.1855 0.2613, 2.874 0.1848 0.2614, 2.874 0.1858 0.2602, 2.874 0.1844 0.2602, 2.874 0.1919 0.2435, 2.874 0.1784 0.2435
            ]
        }
        coordIndex [
            0,1,2,-1,2,1,3,-1,2,3,4,-1,4,3,5,-1,4,5,6,-1,6,5,7,-1,
        ]
    }
}
Shape{
    appearance Appearance {
        material  Material 	{
            diffuseColor 1.0 1.0 1.0
            specularColor 0.5019607843137255 0.5019607843137255 0.5019607843137255
            ambientIntensity 1.0
            transparency 0.0
            shininess 0.5
        }
    }
    geometry IndexedFaceSet {
        ccw TRUE
        solid FALSE
        coord DEF co Coordinate {
            point [
                2.874 -0.1843 0.2224, 2.874 -0.1801 0.2171, 2.874 -0.1869 0.2476, 2.874 -0.1917 0.2972, 2.874 -0.1853 0.3005, 2.874 -0.1871 0.3179, 2.874 -0.1368 0.2214, 2.874 -0.1334 0.2278, 2.874 -0.1318 0.2349, 2.874 -0.068 0.2488, 2.874 -0.073 0.2464, 2.874 -0.0686 0.2295, 2.874 -0.1693 0.3187, 2.874 -0.1604 0.2979, 2.874 -0.1561 0.307, 2.874 -0.1758 0.3193, 2.874 -0.0918 0.2615, 2.874 -0.1007 0.2766, 2.874 -0.1317 0.2405, 2.874 -0.1388 0.2567, 2.874 -0.1317 0.2376, 2.874 -0.147 0.2124, 2.874 -0.1413 0.2163, 2.874 -0.1715 0.2365, 2.874 -0.171 0.2338, 2.874 -0.1699 0.2314, 2.874 -0.0768 0.2279, 2.874 -0.0785 0.2453, 2.874 -0.0935 0.2279, 2.874 -0.0913 0.2453, 2.874 -0.0951 0.2282, 2.874 -0.1634 0.3255, 2.874 -0.1497 0.3146, 2.874 -0.1567 0.3313, 2.874 -0.1421 0.3201, 2.874 -0.1498 0.3355, 2.874 -0.193 0.2513, 2.874 -0.1908 0.2296, 2.874 -0.1872 0.2285, 2.874 -0.1783 0.3021, 2.874 -0.1755 0.3022, 2.874 -0.1725 0.3191, 2.874 -0.169 0.3014, 2.874 -0.1626 0.2991, 2.874 -0.1514 0.2309, 2.874 -0.153 0.2291, 2.874 -0.1551 0.2276, 2.874 -0.1533 0.21, 2.874 -0.1576 0.2266, 2.874 -0.1602 0.2091, 2.874 -0.1604 0.2262, 2.874 -0.1612 0.2092, 2.874 -0.1609 0.2262, 2.874 -0.1679 0.2102, 2.874 -0.1635 0.2266, 2.874 -0.1745 0.2129, 2.874 -0.1661 0.2278, 2.874 -0.1682 0.2294, 2.874 -0.1501 0.2413, 2.874 -0.1494 0.2386, 2.874 -0.1494 0.236, 2.874 -0.1501 0.2333, 2.874 -0.0824 0.2897, 2.874 -0.0802 0.2897, 2.874 -0.0685 0.3051, 2.874 -0.0745 0.289, 2.874 -0.0658 0.3041, 2.874 -0.0696 0.287, 2.874 -0.0575 0.2996, 2.874 -0.0652 0.2839, 2.874 -0.05 0.2929, 2.874 -0.0625 0.2809, 2.874 -0.0445 0.2846, 2.874 -0.0597 0.2761, 2.874 -0.0413 0.2758, 2.874 -0.0582 0.2707, 2.874 -0.0403 0.2678, 2.874 -0.058 0.2675, 2.874 -0.0404 0.2655, 2.874 -0.0587 0.2617, 2.874 -0.1714 0.2393, 2.874 -0.1705 0.242, 2.874 -0.1837 0.2537, 2.874 -0.1691 0.2443, 2.874 -0.179 0.2591, 2.874 -0.1679 0.2455, 2.874 -0.1732 0.2631, 2.874 -0.1657 0.2471, 2.874 -0.1669 0.2655, 2.874 -0.1632 0.2481, 2.874 -0.1602 0.2664, 2.874 -0.1604 0.2484, 2.874 -0.1568 0.2662, 2.874 -0.1581 0.2482, 2.874 -0.1499 0.2645, 2.874 -0.1554 0.2472, 2.874 -0.1439 0.2613, 2.874 -0.1531 0.2457, 2.874 -0.1513 0.2436, 2.874 -0.0598 0.2334, 2.874 -0.0522 0.2393, 2.874 -0.0638 0.2523, 2.874 -0.0508 0.2407, 2.874 -0.0607 0.2567, 2.874 -0.0459 0.2474, 2.874 -0.042 0.2562, 2.874 -0.0839 0.3276, 2.874 -0.0952 0.3146, 2.874 -0.0745 0.3168, 2.874 -0.0887 0.307, 2.874 -0.0843 0.2978, 2.874 -0.2032 0.2806, 2.874 -0.2218 0.2758, 2.874 -0.204 0.2738, 2.874 -0.2219 0.2732, 2.874 -0.2037 0.2697, 2.874 -0.2205 0.262, 2.874 -0.2017 0.2626, 2.874 -0.2164 0.2514, 2.874 -0.1981 0.2565, 2.874 -0.21 0.2422, 2.874 -0.2011 0.2346, 2.874 -0.1976 0.3138, 2.874 -0.2067 0.3074, 2.874 -0.1968 0.2926, 2.874 -0.2085 0.3056, 2.874 -0.2007 0.2869, 2.874 -0.2154 0.2968, 2.874 -0.2199 0.2865, 2.874 -0.0927 0.2456, 2.874 -0.0995 0.2309, 2.874 -0.0989 0.2302, 2.874 -0.1367 0.3406, 2.874 -0.1328 0.3239, 2.874 -0.1226 0.3424, 2.874 -0.1223 0.3253, 2.874 -0.1108 0.3411, 2.874 -0.1126 0.3241, 2.874 -0.0966 0.3361, 2.874 -0.1037 0.3206, 2.874 -0.0957 0.3151, 2.874 -0.0918 0.2454, 2.874 -0.097 0.2289, 2.874 -0.1018 0.2368, 2.874 -0.1015 0.2346, 2.874 -0.1008 0.2327, 2.874 -0.0952 0.2453, 2.874 -0.0971 0.2445, 2.874 -0.1017 0.2379, 2.874 -0.0989 0.2433, 2.874 -0.1001 0.242, 2.874 -0.1012 0.24, 2.874 -0.093 0.2456, 2.874 -0.0403 0.2678, 2.874 -0.0413 0.2758, 2.874 -0.0426 0.2795, 2.874 -0.0445 0.2846, 2.874 -0.05 0.2929, 2.874 -0.0575 0.2996, 2.874 -0.0658 0.3041, 2.874 -0.0685 0.3051, 2.874 -0.0745 0.3168, 2.874 -0.0839 0.3276, 2.874 -0.0904 0.3319, 2.874 -0.0966 0.3361, 2.874 -0.1108 0.3411, 2.874 -0.1226 0.3424, 2.874 -0.1567 0.3313, 2.874 -0.1556 0.3319, 2.874 -0.1498 0.3355, 2.874 -0.1367 0.3406, 2.874 -0.1634 0.3255, 2.874 -0.1693 0.3187, 2.874 -0.1725 0.3191, 2.874 -0.1758 0.3193, 2.874 -0.1871 0.3179, 2.874 -0.1976 0.3138, 2.874 -0.2067 0.3074, 2.874 -0.2085 0.3056, 2.874 -0.2219 0.2732, 2.874 -0.2154 0.2968, 2.874 -0.2199 0.2865, 2.874 -0.2212 0.2795, 2.874 -0.2218 0.2758, 2.874 -0.2205 0.262, 2.874 -0.2164 0.2514, 2.874 -0.21 0.2422, 2.874 -0.2011 0.2346, 2.874 -0.1908 0.2296, 2.874 -0.1872 0.2285, 2.874 -0.1868 0.2277, 2.874 -0.1843 0.2224, 2.874 -0.1801 0.2171, 2.874 -0.1745 0.2129, 2.874 -0.1719 0.2119, 2.874 -0.1679 0.2102, 2.874 -0.1612 0.2092, 2.874 -0.1602 0.2091, 2.874 -0.1533 0.21, 2.874 -0.1484 0.2119, 2.874 -0.147 0.2124, 2.874 -0.1413 0.2163, 2.874 -0.1368 0.2214, 2.874 -0.1335 0.2277, 2.874 -0.1334 0.2278, 2.874 -0.1318 0.2349, 2.874 -0.1317 0.2376, 2.874 -0.1317 0.2405, 2.874 -0.0918 0.2615, 2.874 -0.1007 0.2766, 2.874 -0.1388 0.2567, 2.874 -0.1439 0.2613, 2.874 -0.1499 0.2645, 2.874 -0.1568 0.2662, 2.874 -0.1602 0.2664, 2.874 -0.1669 0.2655, 2.874 -0.1732 0.2631, 2.874 -0.179 0.2591, 2.874 -0.1837 0.2537, 2.874 -0.1869 0.2476, 2.874 -0.193 0.2513, 2.874 -0.1981 0.2565, 2.874 -0.2017 0.2626, 2.874 -0.2037 0.2697, 2.874 -0.204 0.2738, 2.874 -0.2033 0.2795, 2.874 -0.2032 0.2806, 2.874 -0.2007 0.2869, 2.874 -0.1968 0.2926, 2.874 -0.1917 0.2972, 2.874 -0.1853 0.3005, 2.874 -0.1783 0.3021, 2.874 -0.1755 0.3022, 2.874 -0.169 0.3014, 2.874 -0.1626 0.2991, 2.874 -0.1604 0.2979, 2.874 -0.1561 0.307, 2.874 -0.1497 0.3146, 2.874 -0.1421 0.3201, 2.874 -0.1328 0.3239, 2.874 -0.1223 0.3253, 2.874 -0.1126 0.3241, 2.874 -0.1037 0.3206, 2.874 -0.0957 0.3151, 2.874 -0.0952 0.3146, 2.874 -0.0887 0.307, 2.874 -0.0843 0.2978, 2.874 -0.0824 0.2897, 2.874 -0.0802 0.2897, 2.874 -0.0745 0.289, 2.874 -0.0696 0.287, 2.874 -0.0652 0.2839, 2.874 -0.0625 0.2809, 2.874 -0.0617 0.2795, 2.874 -0.0597 0.2761, 2.874 -0.0582 0.2707, 2.874 -0.058 0.2675, 2.874 -0.0587 0.2617, 2.874 -0.0607 0.2567, 2.874 -0.0638 0.2523, 2.874 -0.068 0.2488, 2.874 -0.073 0.2464, 2.874 -0.0785 0.2453, 2.874 -0.0913 0.2453, 2.874 -0.0918 0.2454, 2.874 -0.0927 0.2456, 2.874 -0.093 0.2456, 2.874 -0.0952 0.2453, 2.874 -0.0971 0.2445, 2.874 -0.0989 0.2433, 2.874 -0.1001 0.242, 2.874 -0.1012 0.24, 2.874 -0.1017 0.2379, 2.874 -0.1018 0.2368, 2.874 -0.1015 0.2346, 2.874 -0.1008 0.2327, 2.874 -0.0995 0.2309, 2.874 -0.0989 0.2302, 2.874 -0.097 0.2289, 2.874 -0.0951 0.2282, 2.874 -0.0935 0.2279, 2.874 -0.0768 0.2279, 2.874 -0.0686 0.2295, 2.874 -0.0598 0.2334, 2.874 -0.0522 0.2393, 2.874 -0.0508 0.2407, 2.874 -0.0459 0.2474, 2.874 -0.042 0.2562, 2.874 -0.0404 0.2655, 2.874 -0.1604 0.2484, 2.874 -0.1581 0.2482, 2.874 -0.1554 0.2472, 2.874 -0.1531 0.2457, 2.874 -0.1513 0.2436, 2.874 -0.1501 0.2413, 2.874 -0.1494 0.2386, 2.874 -0.1494 0.236, 2.874 -0.1501 0.2333, 2.874 -0.1514 0.2309, 2.874 -0.153 0.2291, 2.874 -0.1551 0.2276, 2.874 -0.1576 0.2266, 2.874 -0.1604 0.2262, 2.874 -0.1609 0.2262, 2.874 -0.1635 0.2266, 2.874 -0.1661 0.2278, 2.874 -0.1682 0.2294, 2.874 -0.1699 0.2314, 2.874 -0.171 0.2338, 2.874 -0.1715 0.2365, 2.874 -0.1714 0.2393, 2.874 -0.1705 0.242, 2.874 -0.1691 0.2443, 2.874 -0.1679 0.2455, 2.874 -0.1657 0.2471, 2.874 -0.1632 0.2481
            ]
        }
        coordIndex [
            0,1,2,-1,3,4,5,-1,6,7,8,-1,9,10,11,-1,12,13,14,-1,5,4,15,-1,16,17,18,-1,18,17,19,-1,18,19,20,-1,20,19,21,-1,20,21,8,-1,8,21,22,-1,8,22,6,-1,23,2,24,-1,24,2,1,-1,24,1,25,-1,11,10,26,-1,26,10,27,-1,26,27,28,-1,28,27,29,-1,28,29,30,-1,12,14,31,-1,31,14,32,-1,31,32,33,-1,33,32,34,-1,33,34,35,-1,36,37,2,-1,2,37,38,-1,2,38,0,-1,4,39,15,-1,15,39,40,-1,15,40,41,-1,41,40,42,-1,41,42,12,-1,12,42,43,-1,12,43,13,-1,44,45,21,-1,21,45,46,-1,21,46,47,-1,47,46,48,-1,47,48,49,-1,49,48,50,-1,49,50,51,-1,51,50,52,-1,51,52,53,-1,53,52,54,-1,53,54,55,-1,55,54,56,-1,55,56,1,-1,1,56,57,-1,1,57,25,-1,58,59,19,-1,19,59,60,-1,19,60,21,-1,21,60,61,-1,21,61,44,-1,62,63,64,-1,64,63,65,-1,64,65,66,-1,66,65,67,-1,66,67,68,-1,68,67,69,-1,68,69,70,-1,70,69,71,-1,70,71,72,-1,72,71,73,-1,72,73,74,-1,74,73,75,-1,74,75,76,-1,76,75,77,-1,76,77,78,-1,78,77,79,-1,23,80,2,-1,2,80,81,-1,2,81,82,-1,82,81,83,-1,82,83,84,-1,84,83,85,-1,84,85,86,-1,86,85,87,-1,86,87,88,-1,88,87,89,-1,88,89,90,-1,90,89,91,-1,90,91,92,-1,92,91,93,-1,92,93,94,-1,94,93,95,-1,94,95,96,-1,96,95,97,-1,96,97,19,-1,19,97,98,-1,19,98,58,-1,11,99,9,-1,9,99,100,-1,9,100,101,-1,101,100,102,-1,101,102,103,-1,103,102,104,-1,103,104,79,-1,79,104,105,-1,79,105,78,-1,106,107,108,-1,108,107,109,-1,108,109,64,-1,64,109,110,-1,64,110,62,-1,111,112,113,-1,113,112,114,-1,113,114,115,-1,115,114,116,-1,115,116,117,-1,117,116,118,-1,117,118,119,-1,119,118,120,-1,119,120,36,-1,36,120,121,-1,36,121,37,-1,5,122,3,-1,3,122,123,-1,3,123,124,-1,124,123,125,-1,124,125,126,-1,126,125,127,-1,126,127,111,-1,111,127,128,-1,111,128,112,-1,129,130,131,-1,35,34,132,-1,132,34,133,-1,132,133,134,-1,134,133,135,-1,134,135,136,-1,136,135,137,-1,136,137,138,-1,138,137,139,-1,138,139,106,-1,106,139,140,-1,106,140,107,-1,29,141,30,-1,30,141,129,-1,30,129,142,-1,142,129,131,-1,143,144,129,-1,129,144,145,-1,129,145,130,-1,146,147,148,-1,147,149,148,-1,148,149,150,-1,148,150,151,-1,143,129,148,-1,148,129,152,-1,148,152,146,-1,76,153,154,-1,76,154,74,-1,74,154,155,-1,74,155,72,-1,155,156,72,-1,72,156,157,-1,72,157,70,-1,70,157,158,-1,70,158,68,-1,68,158,159,-1,68,159,66,-1,66,159,160,-1,66,160,64,-1,64,160,161,-1,64,161,108,-1,108,161,162,-1,108,162,106,-1,138,106,163,-1,163,106,162,-1,163,164,138,-1,138,164,165,-1,138,165,136,-1,136,165,166,-1,136,166,134,-1,167,33,168,-1,168,33,35,-1,168,35,169,-1,169,35,132,-1,169,132,170,-1,170,132,134,-1,170,134,166,-1,33,167,171,-1,33,171,31,-1,31,171,172,-1,31,172,12,-1,12,172,173,-1,12,173,41,-1,41,173,174,-1,41,174,15,-1,15,174,175,-1,15,175,5,-1,5,175,176,-1,5,176,122,-1,122,176,177,-1,122,177,123,-1,123,177,178,-1,123,178,125,-1,179,114,112,-1,125,178,180,-1,125,180,127,-1,127,180,181,-1,127,181,128,-1,128,181,182,-1,128,182,112,-1,112,182,183,-1,112,183,179,-1,114,179,184,-1,114,184,116,-1,116,184,185,-1,116,185,118,-1,118,185,186,-1,118,186,120,-1,120,186,187,-1,120,187,121,-1,121,187,188,-1,121,188,37,-1,37,188,189,-1,37,189,38,-1,38,189,190,-1,38,190,0,-1,190,191,0,-1,0,191,192,-1,0,192,1,-1,1,192,193,-1,1,193,55,-1,55,193,194,-1,55,194,53,-1,194,195,53,-1,53,195,196,-1,53,196,51,-1,51,196,197,-1,51,197,49,-1,49,197,198,-1,49,198,47,-1,47,198,199,-1,47,199,21,-1,199,200,21,-1,21,200,201,-1,21,201,22,-1,22,201,202,-1,203,7,202,-1,202,7,6,-1,202,6,22,-1,203,204,7,-1,7,204,205,-1,7,205,8,-1,8,205,206,-1,8,206,20,-1,18,20,207,-1,207,20,206,-1,16,18,208,-1,208,18,207,-1,17,16,209,-1,209,16,208,-1,19,17,210,-1,210,17,209,-1,19,210,211,-1,19,211,96,-1,96,211,212,-1,96,212,94,-1,94,212,213,-1,94,213,92,-1,92,213,214,-1,92,214,90,-1,90,214,215,-1,90,215,88,-1,88,215,216,-1,88,216,86,-1,86,216,217,-1,86,217,84,-1,84,217,218,-1,84,218,82,-1,82,218,219,-1,82,219,2,-1,2,219,220,-1,2,220,36,-1,36,220,221,-1,36,221,119,-1,119,221,222,-1,119,222,117,-1,117,222,223,-1,117,223,115,-1,115,223,224,-1,115,224,113,-1,111,113,225,-1,225,113,224,-1,225,226,111,-1,111,226,227,-1,111,227,126,-1,126,227,228,-1,126,228,124,-1,124,228,229,-1,124,229,3,-1,3,229,230,-1,3,230,4,-1,4,230,231,-1,4,231,39,-1,39,231,232,-1,39,232,40,-1,40,232,233,-1,40,233,42,-1,42,233,234,-1,42,234,43,-1,43,234,235,-1,43,235,13,-1,13,235,236,-1,13,236,14,-1,14,236,237,-1,14,237,32,-1,32,237,238,-1,32,238,34,-1,34,238,239,-1,34,239,133,-1,133,239,240,-1,133,240,135,-1,135,240,241,-1,135,241,137,-1,137,241,242,-1,137,242,139,-1,139,242,243,-1,139,243,140,-1,140,243,244,-1,140,244,107,-1,107,244,245,-1,107,245,109,-1,109,245,246,-1,109,246,110,-1,110,246,247,-1,110,247,62,-1,63,62,248,-1,248,62,247,-1,63,248,249,-1,63,249,65,-1,65,249,250,-1,65,250,67,-1,67,250,251,-1,67,251,69,-1,69,251,252,-1,69,252,71,-1,71,252,253,-1,71,253,73,-1,253,254,73,-1,73,254,255,-1,73,255,75,-1,75,255,256,-1,75,256,77,-1,77,256,257,-1,77,257,79,-1,79,257,258,-1,79,258,103,-1,103,258,259,-1,103,259,101,-1,101,259,260,-1,101,260,9,-1,9,260,261,-1,9,261,10,-1,10,261,262,-1,10,262,27,-1,29,27,263,-1,263,27,262,-1,29,263,264,-1,29,264,141,-1,141,264,265,-1,141,265,129,-1,129,265,266,-1,129,266,152,-1,152,266,267,-1,152,267,146,-1,146,267,268,-1,146,268,147,-1,147,268,269,-1,147,269,149,-1,149,269,270,-1,149,270,150,-1,150,270,271,-1,150,271,151,-1,151,271,272,-1,151,272,148,-1,148,272,273,-1,148,273,143,-1,143,273,274,-1,143,274,144,-1,144,274,275,-1,144,275,145,-1,145,275,276,-1,145,276,130,-1,130,276,277,-1,130,277,131,-1,131,277,278,-1,131,278,142,-1,142,278,279,-1,142,279,30,-1,30,279,280,-1,30,280,28,-1,26,28,281,-1,281,28,280,-1,26,281,282,-1,26,282,11,-1,11,282,283,-1,11,283,99,-1,99,283,284,-1,99,284,100,-1,100,284,285,-1,100,285,102,-1,102,285,286,-1,102,286,104,-1,104,286,287,-1,104,287,105,-1,105,287,288,-1,105,288,78,-1,78,288,153,-1,78,153,76,-1,91,289,290,-1,91,290,93,-1,93,290,291,-1,93,291,95,-1,95,291,292,-1,95,292,97,-1,97,292,293,-1,97,293,98,-1,98,293,294,-1,98,294,58,-1,58,294,295,-1,58,295,59,-1,59,295,296,-1,59,296,60,-1,60,296,297,-1,60,297,61,-1,61,297,298,-1,61,298,44,-1,44,298,299,-1,44,299,45,-1,45,299,300,-1,45,300,46,-1,46,300,301,-1,46,301,48,-1,48,301,302,-1,48,302,50,-1,50,302,303,-1,50,303,52,-1,52,303,304,-1,52,304,54,-1,54,304,305,-1,54,305,56,-1,56,305,306,-1,56,306,57,-1,57,306,307,-1,57,307,25,-1,25,307,308,-1,25,308,24,-1,24,308,309,-1,24,309,23,-1,23,309,310,-1,23,310,80,-1,80,310,311,-1,80,311,81,-1,81,311,312,-1,81,312,83,-1,83,312,313,-1,83,313,85,-1,85,313,314,-1,85,314,87,-1,87,314,315,-1,87,315,89,-1,89,315,289,-1,89,289,91,-1,
        ]
    }
}
Shape{
    appearance Appearance {
        material  Material 	{
            diffuseColor 0.2235294117647059 0.2235294117647059 0.2235294117647059
            specularColor 0.11372549019607843 0.11372549019607843 0.11372549019607843
            ambientIntensity 0.2235
            transparency 0.0
            shininess 0.5
        }
    }
    geometry IndexedFaceSet {
        ccw TRUE
        solid FALSE
        coord DEF co Coordinate {
            point [
                2.874 -0.1609 0.2262, 2.874 -0.1679 0.2455, 2.874 -0.1691 0.2443, 2.874 -0.1576 0.2266, 2.874 -0.1551 0.2276, 2.874 -0.1581 0.2482, 2.874 -0.1604 0.2484, 2.874 -0.1632 0.2481, 2.874 -0.1657 0.2471, 2.874 -0.171 0.2338, 2.874 -0.1699 0.2314, 2.874 -0.1682 0.2294, 2.874 -0.1604 0.2262, 2.874 -0.1705 0.242, 2.874 -0.1714 0.2393, 2.874 -0.1715 0.2365, 2.874 -0.1661 0.2278, 2.874 -0.1635 0.2266, 2.874 -0.153 0.2291, 2.874 -0.1514 0.2309, 2.874 -0.1501 0.2333, 2.874 -0.1494 0.236, 2.874 -0.1494 0.2386, 2.874 -0.1501 0.2413, 2.874 -0.1513 0.2436, 2.874 -0.1531 0.2457, 2.874 -0.1554 0.2472
            ]
        }
        coordIndex [
            0,1,2,-1,3,4,5,-1,6,7,0,-1,0,7,8,-1,0,8,1,-1,9,10,2,-1,2,10,11,-1,6,0,5,-1,5,0,12,-1,5,12,3,-1,13,14,2,-1,2,14,15,-1,2,15,9,-1,11,16,2,-1,2,16,17,-1,2,17,0,-1,4,18,5,-1,5,18,19,-1,5,19,20,-1,20,21,5,-1,5,21,22,-1,5,22,23,-1,23,24,5,-1,5,24,25,-1,5,25,26,-1,
        ]
    }
}