#VRML V2.0 utf8
# 3D model generated by easyeda2kicad.py (https://github.com/uPesy/easyeda2kicad.py)

Shape{
    appearance Appearance {
        material  Material 	{
            diffuseColor 0.2235294117647059 0.2235294117647059 0.2235294117647059
            specularColor 0.11372549019607843 0.11372549019607843 0.11372549019607843
            ambientIntensity 0.2235
            transparency 0.0
            shininess 0.5
        }
    }
    geometry IndexedFaceSet {
        ccw TRUE
        solid FALSE
        coord DEF co Coordinate {
            point [
                2.998 -2.6528 1.0738, 2.998 -2.6549 1.0791, 2.998 -2.6549 1.0441, 2.998 -1.1417 0.3012, 2.998 -1.1417 0.7795, 2.998 -1.5485 0.7795, 2.998 -2.5109 0.8325, 2.998 -2.5123 0.8324, 2.998 -2.4809 0.8324, 2.998 -2.3671 0.9669, 2.998 -2.3249 0.9669, 2.998 -2.3249 1.0049, 2.998 -2.907 1.0746, 2.998 -2.8813 1.0528, 2.998 -2.7913 1.1798, 2.998 -2.7913 1.0441, 2.998 -3.029 1.1913, 2.998 -3.0124 1.1798, 2.998 -2.9911 1.1651, 2.998 -2.9588 1.1274, 2.998 -2.9399 1.0902, 2.998 -2.9352 1.0886, 2.998 -3.0762 1.2093, 2.998 -2.7913 1.9685, 2.998 -3.1202 1.2145, 2.998 -3.1639 1.2094, 2.998 -3.2079 1.1933, 2.998 -4.4095 1.9685, 2.998 -3.2302 1.1798, 2.998 -4.4095 1.1798, 2.998 -3.234 1.1775, 2.998 -3.335 1.133, 2.998 -3.2976 1.1376, 2.998 -3.2563 1.1584, 2.998 -3.2867 1.137, 2.998 -3.2758 1.1357, 2.998 -3.4067 1.0921, 2.998 -3.4003 1.0981, 2.998 -3.3701 1.1193, 2.998 -4.4095 1.0441, 2.998 -4.4095 1.0049, 2.998 -3.4489 1.0049, 2.998 -3.4447 1.0287, 2.998 -3.4378 1.0441, 2.998 -3.4295 1.0628, 2.998 -3.3818 0.8552, 2.998 -3.4114 0.8805, 2.998 -4.4095 0.8324, 2.998 -3.3475 0.8385, 2.998 -3.4331 0.9114, 2.998 -3.4467 0.9467, 2.998 -4.4095 0.9843, 2.998 -3.4513 0.9839, 2.998 -3.451 0.993, 2.998 -3.2933 0.7832, 2.998 -3.3119 0.7972, 2.998 -3.3355 0.8349, 2.998 -3.3343 0.8324, 2.998 -3.326 0.8146, 2.998 -2.7913 0.0, 2.998 -2.7913 0.7795, 2.998 -3.2061 0.7795, 2.998 -3.2846 0.7795, 2.998 -4.4095 0.7795, 2.998 -3.2715 0.774, 2.998 -4.4095 0.0551, 2.998 -4.4095 0.0, 2.998 -3.2224 0.7732, 2.998 -3.2454 0.7704, 2.998 -3.2491 0.7705, 2.998 -2.7913 0.8324, 2.998 -3.1565 0.8324, 2.998 -3.1566 0.832, 2.998 -3.1678 0.8108, 2.998 -3.1824 0.7945, 2.998 -3.2013 0.7814, 2.998 -2.8503 0.9968, 2.998 -2.846 0.9659, 2.998 -2.7913 1.0049, 2.998 -3.0353 0.8883, 2.998 -3.0288 0.8909, 2.998 -3.0177 0.945, 2.998 -2.8811 0.8757, 2.998 -2.9069 0.8539, 2.998 -3.1742 0.9289, 2.998 -3.0471 0.9953, 2.998 -3.1908 0.944, 2.998 -3.211 0.9548, 2.998 -3.0412 0.8842, 2.998 -2.8622 0.902, 2.998 -2.9052 0.9732, 2.998 -2.9097 0.9915, 2.998 -2.917 1.0049, 2.998 -3.3892 1.0049, 2.998 -2.8503 0.932, 2.998 -3.0215 0.8919, 2.998 -3.0206 0.8918, 2.998 -3.0177 0.8912, 2.998 -3.3836 0.9479, 2.998 -3.3723 0.9287, 2.998 -3.3241 0.9189, 2.998 -3.3553 0.9112, 2.998 -3.3346 0.8985, 2.998 -3.289 0.9503, 2.998 -3.3084 0.9368, 2.998 -3.3915 0.9858, 2.998 -3.3904 0.9712, 2.998 -3.2681 0.9583, 2.998 -3.2454 0.9611, 2.998 -3.2339 0.9604, 2.998 -3.0509 0.8624, 2.998 -3.0507 0.8662, 2.998 -3.1505 0.8748, 2.998 -3.0488 0.8734, 2.998 -3.0451 0.8799, 2.998 -2.924 0.9147, 2.998 -2.9136 0.9295, 2.998 -2.9071 0.9464, 2.998 -2.9048 0.9649, 2.998 -3.0287 0.8339, 2.998 -3.035 0.8364, 2.998 -3.0412 0.8407, 2.998 -3.0434 0.843, 2.998 -3.0475 0.8489, 2.998 -3.05 0.8554, 2.998 -3.151 0.8554, 2.998 -3.1505 0.8653, 2.998 -2.9358 0.8397, 2.998 -2.9674 0.833, 2.998 -3.0234 0.833, 2.998 -3.0158 0.8909, 2.998 -2.9731 0.8909, 2.998 -2.9561 0.8942, 2.998 -2.9393 0.9019, 2.998 -2.9253 0.9134, 2.998 -2.9864 1.0389, 2.998 -3.3806 1.0299, 2.998 -3.3887 1.0088, 2.998 -2.9788 1.0389, 2.998 -2.9185 1.0078, 2.998 -2.9295 1.02, 2.998 -2.9442 1.0303, 2.998 -2.9607 1.0367, 2.998 -3.0068 1.0959, 2.998 -3.0282 1.1215, 2.998 -3.2464 1.0664, 2.998 -3.0306 1.1237, 2.998 -3.0573 1.1422, 2.998 -3.2319 1.0965, 2.998 -3.3707 1.0441, 2.998 -3.2531 1.0701, 2.998 -2.9875 1.0441, 2.998 -2.9922 1.0654, 2.998 -3.2744 1.0779, 2.998 -3.2966 1.0807, 2.998 -3.3065 1.0802, 2.998 -3.2106 1.1219, 2.998 -3.087 1.1536, 2.998 -3.1851 1.1405, 2.998 -3.1192 1.1575, 2.998 -3.1541 1.153, 2.998 -3.3299 1.0746, 2.998 -3.3511 1.0634, 2.998 -3.3674 1.0488, 2.998 -2.875 1.0441, 2.998 -2.8619 1.0258, 2.998 -2.8535 1.0049, 2.998 -2.2953 0.8487, 2.998 -2.2953 0.8335, 2.998 -2.2827 0.8324, 2.998 -2.2827 1.0049, 2.998 -2.2983 0.9669, 2.998 -2.2983 0.9516, 2.998 -2.3499 0.8936, 2.998 -2.3499 0.8487, 2.998 -2.3249 0.8936, 2.998 -2.3249 0.8487, 2.998 -2.3021 0.8936, 2.998 -2.3021 0.9089, 2.998 -2.3499 0.9516, 2.998 -2.3499 0.9089, 2.998 -2.3249 0.9516, 2.998 -2.3249 0.9089, 2.998 -2.3249 0.8324, 2.998 -2.3249 0.8335, 2.998 -2.3671 0.8335, 2.998 -2.433 0.8572, 2.998 -2.4309 0.8493, 2.998 -2.4305 0.8493, 2.998 -2.3851 0.9288, 2.998 -2.4498 1.0049, 2.998 -2.4024 0.9288, 2.998 -2.4498 0.9056, 2.998 -2.4285 0.857, 2.998 -2.4297 0.8526, 2.998 -2.5497 0.8541, 2.998 -2.5666 1.0049, 2.998 -2.5666 0.8324, 2.998 -2.5432 0.8501, 2.998 -2.5419 0.8496, 2.998 -2.5419 0.8851, 2.998 -2.5448 0.888, 2.998 -2.547 0.8915, 2.998 -2.5488 0.8966, 2.998 -2.5496 0.9031, 2.998 -2.5489 0.9091, 2.998 -2.5421 0.8851, 2.998 -2.5336 0.8324, 2.998 -2.5392 0.833, 2.998 -2.5419 0.8324, 2.998 -2.5419 0.834, 2.998 -2.5497 0.8368, 2.998 -2.4899 0.9268, 2.998 -2.4899 0.9105, 2.998 -2.5388 0.9234, 2.998 -2.5336 0.9265, 2.998 -2.5419 1.0049, 2.998 -2.4861 0.8527, 2.998 -2.4881 0.8474, 2.998 -2.4912 0.843, 2.998 -2.5469 0.9144, 2.998 -2.5438 0.919, 2.998 -2.5419 0.9206, 2.998 -2.5244 0.9297, 2.998 -2.5124 0.931, 2.998 -2.4809 1.0049, 2.998 -2.5009 0.93, 2.998 -2.4909 0.8752, 2.998 -2.4878 0.8706, 2.998 -2.486 0.8656, 2.998 -2.4853 0.8594, 2.998 -2.496 0.8388, 2.998 -2.5016 0.8356, 2.998 -2.5141 0.9174, 2.998 -2.519 0.917, 2.998 -2.5323 0.9046, 2.998 -2.5235 0.9159, 2.998 -2.5272 0.9139, 2.998 -2.5322 0.9024, 2.998 -2.5315 0.8998, 2.998 -2.5303 0.8975, 2.998 -2.5287 0.8957, 2.998 -2.5228 0.892, 2.998 -2.5032 0.9162, 2.998 -2.5124 0.8875, 2.998 -2.4937 0.9127, 2.998 -2.506 0.8849, 2.998 -2.4949 0.8787, 2.998 -2.5298 0.9116, 2.998 -2.5312 0.9095, 2.998 -2.532 0.9073, 2.998 -2.5327 0.8461, 2.998 -2.5242 0.8754, 2.998 -2.5342 0.88, 2.998 -2.5222 0.8449, 2.998 -2.5214 0.8449, 2.998 -2.5133 0.8708, 2.998 -2.5129 0.8459, 2.998 -2.5024 0.8578, 2.998 -2.5026 0.8599, 2.998 -2.5085 0.8474, 2.998 -2.507 0.8484, 2.998 -2.5051 0.8501, 2.998 -2.5036 0.8522, 2.998 -2.5028 0.8546, 2.998 -2.5034 0.8625, 2.998 -2.5047 0.8647, 2.998 -2.5067 0.8669, 2.998 -2.1578 1.0441, 2.998 -2.2011 1.0452, 2.998 -2.2201 1.0452, 2.998 -2.2337 1.0817, 2.998 -2.2827 1.0817, 2.998 -2.2827 1.0441, 2.998 -2.2519 1.1786, 2.998 -2.1578 1.1798, 2.998 -2.2827 1.1798, 2.998 -2.2893 1.0817, 2.998 -2.3021 1.0452, 2.998 -2.3249 1.0441, 2.998 -2.3212 1.0452, 2.998 -2.3249 1.1798, 2.998 -2.2827 1.1462, 2.998 -2.2703 1.1786, 2.998 -2.4655 1.1633, 2.998 -2.4498 1.1798, 2.998 -2.4655 1.1786, 2.998 -2.4809 1.1798, 2.998 -2.4809 1.1786, 2.998 -2.4624 1.0604, 2.998 -2.4693 1.1053, 2.998 -2.4809 1.0604, 2.998 -2.4809 1.1053, 2.998 -2.517 1.0604, 2.998 -2.517 1.1053, 2.998 -2.517 1.1633, 2.998 -2.517 1.1206, 2.998 -2.4809 1.1633, 2.998 -2.4809 1.1206, 2.998 -2.4693 1.1206, 2.998 -2.5342 1.0452, 2.998 -2.5419 1.0441, 2.998 -2.4809 1.0441, 2.998 -2.5342 1.1786, 2.998 -2.5419 1.1798, 2.998 -2.4498 1.0441, 2.998 -2.4624 1.0452, 2.998 -2.4809 1.0452, 2.998 -1.063 1.7717, 2.998 -1.063 1.9685, 2.998 -1.1417 1.7717, 2.998 -1.5485 1.9685, 2.998 -1.1417 1.1798, 2.998 -1.1417 0.8324, 2.998 -1.1417 0.9843, 2.998 -1.5485 0.8324, 2.998 -1.5485 1.0049, 2.998 -1.063 0.0, 2.998 -1.063 0.1969, 2.998 -1.5485 0.0, 2.998 -1.1417 0.1969, 2.998 -2.5924 1.1653, 2.998 -2.5984 1.1651, 2.998 -2.5666 1.0647, 2.998 -2.5759 1.1634, 2.998 -2.5609 1.1574, 2.998 -2.5609 1.0672, 2.998 -2.5624 1.1582, 2.998 -2.5666 1.1598, 2.998 -2.6099 1.1626, 2.998 -2.6203 1.1576, 2.998 -2.6287 1.1505, 2.998 -2.6297 1.1495, 2.998 -2.6361 1.1402, 2.998 -2.6406 1.1287, 2.998 -2.6427 1.1104, 2.998 -2.6426 1.1047, 2.998 -2.5741 1.0613, 2.998 -2.5892 1.0585, 2.998 -2.5954 1.0583, 2.998 -2.6403 1.0915, 2.998 -2.6359 1.0809, 2.998 -2.6297 1.0724, 2.998 -2.626 1.0689, 2.998 -2.6073 1.0595, 2.998 -2.617 1.0629, 2.998 -2.5782 1.1798, 2.998 -2.5751 1.1795, 2.998 -2.5666 1.1798, 2.998 -2.5666 1.1771, 2.998 -2.5609 1.1754, 2.998 -2.5925 1.1809, 2.998 -2.5666 1.9685, 2.998 -2.6018 1.1798, 2.998 -2.6549 1.9685, 2.998 -2.6549 1.1798, 2.998 -2.6512 1.1486, 2.998 -2.6416 1.1613, 2.998 -2.6382 1.1644, 2.998 -2.6257 1.1732, 2.998 -2.6118 1.1786, 2.998 -2.6629 1.1798, 2.998 -2.6576 1.1338, 2.998 -2.6549 1.1401, 2.998 -2.6582 1.0877, 2.998 -2.6629 1.0441, 2.998 -2.6608 1.1094, 2.998 -2.6606 1.1164, 2.998 -2.6223 1.047, 2.998 -2.6346 1.0534, 2.998 -2.6437 1.0612, 2.998 -2.6448 1.0624, 2.998 -2.6102 1.0441, 2.998 -2.6549 1.0049, 2.998 -2.6082 1.0436, 2.998 -2.5979 1.0429, 2.998 -2.5861 1.0441, 2.998 -2.5609 1.0507, 2.998 -2.5632 1.0496, 2.998 -2.5666 1.0441, 2.998 -2.5666 1.0485, 2.998 -2.5775 1.0449, 2.998 -2.642 0.8791, 2.998 -2.6396 0.9059, 2.998 -2.6454 0.8743, 2.998 -2.6477 0.8685, 2.998 -2.6549 0.8324, 2.998 -2.646 0.8458, 2.998 -2.6481 0.8514, 2.998 -2.589 0.8482, 2.998 -2.5895 0.8482, 2.998 -2.589 0.8335, 2.998 -2.5922 0.8441, 2.998 -2.5975 0.8385, 2.998 -2.6368 0.8835, 2.998 -2.6296 0.8871, 2.998 -2.6295 0.9124, 2.998 -2.6173 0.8901, 2.998 -2.6027 0.9168, 2.998 -2.6083 0.9174, 2.998 -2.6191 0.9162, 2.998 -2.5966 0.9301, 2.998 -2.5896 0.9279, 2.998 -2.6351 0.8348, 2.998 -2.6407 0.8388, 2.998 -2.6426 0.8406, 2.998 -2.584 0.9247, 2.998 -2.5796 0.9204, 2.998 -2.5762 0.915, 2.998 -2.6396 0.9221, 2.998 -2.6361 0.9241, 2.998 -2.6236 0.929, 2.998 -2.6068 0.931, 2.998 -2.589 0.8941, 2.998 -2.5896 0.9015, 2.998 -2.5913 0.9074, 2.998 -2.5933 0.9109, 2.998 -2.6489 0.859, 2.998 -2.6488 0.8613, 2.998 -2.5736 0.9074, 2.998 -2.5723 0.8948, 2.998 -2.5723 0.8335, 2.998 -2.5958 0.9136, 2.998 -2.5988 0.9155, 2.998 -2.6096 0.8324, 2.998 -2.61 0.8322, 2.998 -2.5666 0.7795, 2.998 -2.6549 0.7795, 2.998 -2.6187 0.8312, 2.998 -2.6284 0.8324, 2.998 -2.6287 0.8324, 2.998 -2.4498 0.8324, 2.998 -2.4498 0.8607, 2.998 -2.4766 0.9288, 2.998 -2.4579 0.9288, 2.998 -2.4392 0.8337, 2.998 -2.4398 0.8324, 2.998 -2.4465 0.8164, 2.998 -2.4809 0.7795, 2.998 -2.4731 0.79, 2.998 -2.4731 0.8048, 2.998 -2.453 0.8069, 2.998 -2.4498 0.8103, 2.998 -2.4498 0.8103, 2.998 -2.5238 0.8312, 2.998 -2.5419 0.7795, 2.998 -2.4697 0.8037, 2.998 -2.4637 0.8029, 2.998 -2.4498 0.7916, 2.998 -2.4556 0.7894, 2.998 -2.4498 0.7795, 2.998 -2.4624 0.7886, 2.998 -2.4661 0.7887, 2.998 -2.4595 0.8034, 2.998 -2.4559 0.8048, 2.998 -2.4284 0.8191, 2.998 -2.4359 0.8044, 2.998 -2.3249 0.7795, 2.998 -2.4231 0.8324, 2.998 -2.442 0.797, 2.998 -2.4432 0.796, 2.998 -2.449 0.7919, 2.998 -2.2827 0.0, 2.998 -2.2827 0.7795, 2.998 -2.3249 0.0, 2.998 -2.4498 0.0, 2.998 -2.4809 0.0, 2.998 -2.5419 0.0, 2.998 -2.5666 0.0, 2.998 -2.6549 0.0, 2.998 -2.1578 0.0, 2.998 -2.1578 0.7795, 2.998 -2.6032 0.8347, 2.998 -2.1578 0.8324, 2.998 -2.7194 0.8936, 2.998 -2.7194 0.8487, 2.998 -2.6717 0.8936, 2.998 -2.6649 0.8487, 2.998 -2.6717 0.9089, 2.998 -2.7367 0.9669, 2.998 -2.7367 0.8335, 2.998 -2.6629 0.8324, 2.998 -2.6629 0.7795, 2.998 -2.6629 0.0, 2.998 -2.6679 0.9669, 2.998 -2.6629 1.0049, 2.998 -2.6679 0.9516, 2.998 -2.7194 0.9516, 2.998 -2.7194 0.9089, 2.998 -2.6649 0.8335, 2.998 -2.2334 0.8335, 2.998 -2.2701 0.8335, 2.998 -2.1651 0.8778, 2.998 -2.1717 0.864, 2.998 -2.1816 0.8522, 2.998 -2.1956 0.8422, 2.998 -2.2108 0.8362, 2.998 -2.2701 0.9669, 2.998 -2.232 0.9669, 2.998 -2.1578 1.0049, 2.998 -2.2117 0.9647, 2.998 -2.1955 0.9588, 2.998 -2.1816 0.9493, 2.998 -2.1768 0.9446, 2.998 -2.1686 0.933, 2.998 -2.1637 0.9203, 2.998 -2.1615 0.9019, 2.998 -2.1619 0.8934, 2.998 -2.135 0.8335, 2.998 -2.1541 0.8335, 2.998 -2.053 0.8335, 2.998 -2.0666 0.87, 2.998 -2.1222 0.87, 2.998 -2.1032 0.9669, 2.998 -2.0848 0.9669, 2.998 -2.7194 1.1786, 2.998 -2.7194 1.0604, 2.998 -2.6663 1.0604, 2.998 -2.6663 1.0452, 2.998 -2.7367 1.0452, 2.998 -2.7367 1.1786, 2.998 -2.3322 1.0895, 2.998 -2.3388 1.0757, 2.998 -2.3487 1.0639, 2.998 -2.3627 1.0539, 2.998 -2.3992 1.1786, 2.998 -2.3788 1.1764, 2.998 -2.3627 1.1705, 2.998 -2.3779 1.0479, 2.998 -2.4005 1.0452, 2.998 -2.4372 1.0452, 2.998 -2.4372 1.1786, 2.998 -2.3487 1.161, 2.998 -2.344 1.1563, 2.998 -2.3357 1.1447, 2.998 -2.3308 1.132, 2.998 -2.3286 1.1136, 2.998 -2.329 1.1051, 2.998 -2.034 0.8335, 2.998 -1.5485 1.0441, 2.998 -1.5485 1.1798, 2.998 -2.6629 1.9685, 2.998 -1.1417 1.0049, 2.998 -1.1417 1.0441, 2.998 -2.1578 1.9685, 2.998 -2.2827 1.9685, 2.998 -2.3249 1.9685, 2.998 -2.4498 1.9685, 2.998 -2.4809 1.9685, 2.998 -2.5419 1.9685, 1.998 -4.4095 0.0551, 2.872 -4.4095 1.1102, 2.872 -4.4095 1.8583, 2.124 -4.4095 1.8583, 1.998 -4.4095 1.9685, 2.124 -4.4095 1.1102, 1.998 -4.4095 0.9843, 1.124 -4.4095 1.8583, 0.998 -4.4095 1.9685, 1.124 -4.4095 1.1102, 0.998 -4.4095 0.9843, 1.872 -4.4095 1.1102, 1.872 -4.4095 1.8583, 0.124 -4.4095 1.8583, -0.002 -4.4095 1.9685, 0.124 -4.4095 1.1102, -0.002 -4.4095 0.9843, 0.872 -4.4095 1.1102, 0.872 -4.4095 1.8583, -0.128 -4.4095 1.8583, -0.876 -4.4095 1.8583, -1.002 -4.4095 1.9685, -0.876 -4.4095 1.1102, -1.002 -4.4095 0.9843, -0.128 -4.4095 1.1102, -1.876 -4.4095 1.8583, -2.002 -4.4095 1.9685, -1.876 -4.4095 1.1102, -2.002 -4.4095 0.9843, -1.128 -4.4095 1.1102, -1.128 -4.4095 1.8583, -2.876 -4.4095 1.8583, -2.939 -4.4095 1.9685, -2.876 -4.4095 1.1102, -2.939 -4.4095 0.9843, -2.128 -4.4095 1.1102, -2.128 -4.4095 1.8583, 2.872 -4.4095 0.8583, 2.872 -4.4095 0.1102, 2.124 -4.4095 0.1102, 2.124 -4.4095 0.8583, 1.124 -4.4095 0.8583, 1.124 -4.4095 0.1102, 0.998 -4.4095 0.0551, 1.872 -4.4095 0.1102, 1.872 -4.4095 0.8583, 0.124 -4.4095 0.8583, 0.124 -4.4095 0.1102, -0.002 -4.4095 0.0551, 0.872 -4.4095 0.1102, 0.872 -4.4095 0.8583, -0.876 -4.4095 0.8583, -0.876 -4.4095 0.1102, -1.002 -4.4095 0.0551, -0.128 -4.4095 0.1102, -0.128 -4.4095 0.8583, -1.876 -4.4095 0.8583, -1.876 -4.4095 0.1102, -2.002 -4.4095 0.0551, -1.128 -4.4095 0.1102, -1.128 -4.4095 0.8583, -2.876 -4.4095 0.8583, -2.876 -4.4095 0.1102, -2.939 -4.4095 0.0551, -2.128 -4.4095 0.1102, -2.128 -4.4095 0.8583, -3.002 -4.4095 1.9685, -3.002 -4.4095 0.9843, -3.002 -4.4095 0.0551, 1.998 -4.4095 0.0, 0.998 -4.4095 0.0, -0.002 -4.4095 0.0, -1.002 -4.4095 0.0, -2.002 -4.4095 0.0, -2.939 -4.4095 0.0, -3.002 -4.4095 0.0, -3.002 -1.063 0.1969, -3.002 -1.063 0.0, -3.002 -1.063 1.9685, -3.002 -1.063 1.7717, -3.002 -1.1417 1.7717, -3.002 -1.1417 0.1969, -3.002 -1.1417 0.3012, -3.002 -1.1417 0.9843, 2.811 -1.1417 0.1969, 1.998 -1.1417 0.1969, -2.002 -1.1417 0.1969, -1.002 -1.1417 0.1969, -0.002 -1.1417 0.1969, 0.998 -1.1417 0.1969, -2.002 -1.1417 1.7717, 2.811 -1.1417 1.7717, 1.998 -1.1417 1.7717, 0.998 -1.1417 1.7717, -0.002 -1.1417 1.7717, -1.002 -1.1417 1.7717, -2.628 -1.1417 1.4055, -2.628 -1.1417 1.563, -2.376 -1.1417 1.563, -2.376 -1.1417 1.4055, -2.002 -1.1417 0.9843, -1.628 -1.1417 1.4055, -1.628 -1.1417 1.563, -1.376 -1.1417 1.563, -1.376 -1.1417 1.4055, -1.002 -1.1417 0.9843, -0.628 -1.1417 1.4055, -0.628 -1.1417 1.563, -0.376 -1.1417 1.563, -0.376 -1.1417 1.4055, -0.002 -1.1417 0.9843, 0.372 -1.1417 1.4055, 0.372 -1.1417 1.563, 0.624 -1.1417 1.563, 0.624 -1.1417 1.4055, 0.998 -1.1417 0.9843, 1.372 -1.1417 1.4055, 1.372 -1.1417 1.563, 1.624 -1.1417 1.563, 1.624 -1.1417 1.4055, 1.998 -1.1417 0.9843, 2.624 -1.1417 1.4055, 2.811 -1.1417 0.9843, 2.372 -1.1417 1.4055, 2.372 -1.1417 1.563, 2.624 -1.1417 1.563, -2.002 -1.1417 0.3012, -2.376 -1.1417 0.4055, -2.376 -1.1417 0.563, -2.628 -1.1417 0.563, -2.628 -1.1417 0.4055, -1.376 -1.1417 0.4055, -1.002 -1.1417 0.3012, -1.376 -1.1417 0.563, -1.628 -1.1417 0.563, -1.628 -1.1417 0.4055, -0.628 -1.1417 0.4055, -0.628 -1.1417 0.563, -0.376 -1.1417 0.563, -0.376 -1.1417 0.4055, -0.002 -1.1417 0.3012, 0.372 -1.1417 0.4055, 0.372 -1.1417 0.563, 0.624 -1.1417 0.563, 0.624 -1.1417 0.4055, 0.998 -1.1417 0.3012, 1.372 -1.1417 0.4055, 1.372 -1.1417 0.563, 1.624 -1.1417 0.563, 1.624 -1.1417 0.4055, 1.998 -1.1417 0.3012, 2.372 -1.1417 0.4055, 2.372 -1.1417 0.563, 2.624 -1.1417 0.563, 2.624 -1.1417 0.4055, 2.811 -1.1417 0.3012, -0.7579 -4.2913 0.2283, -0.7579 -3.2283 0.2283, -0.7579 -4.2913 0.7402, -0.7579 -3.2283 0.7402, -0.2461 -4.2913 0.7402, -0.2461 -3.2283 0.7402, -0.2461 -4.2913 0.2283, -0.2461 -3.2283 0.2283, -0.2461 -4.2913 1.7402, -0.2461 -3.2283 1.7402, -0.2461 -4.2913 1.2283, -0.2461 -3.2283 1.2283, -0.7579 -4.2913 1.2283, -0.7579 -3.2283 1.2283, -0.7579 -4.2913 1.7402, -0.7579 -3.2283 1.7402, 0.7539 -4.2913 1.2283, 0.7539 -3.2283 1.2283, 0.2421 -4.2913 1.2283, 0.2421 -3.2283 1.2283, 0.7539 -4.2913 1.7402, 0.7539 -3.2283 1.7402, 0.2421 -4.2913 1.7402, 0.2421 -3.2283 1.7402, 1.7539 -4.2913 1.2283, 1.7539 -3.2283 1.2283, 1.2421 -4.2913 1.2283, 1.2421 -3.2283 1.2283, 1.7539 -4.2913 1.7402, 1.7539 -3.2283 1.7402, 1.2421 -4.2913 1.7402, 1.2421 -3.2283 1.7402, 2.7539 -4.2913 1.2283, 2.7539 -3.2283 1.2283, 2.2421 -4.2913 1.2283, 2.2421 -3.2283 1.2283, 2.7539 -4.2913 1.7402, 2.7539 -3.2283 1.7402, 2.2421 -4.2913 1.7402, 2.2421 -3.2283 1.7402, -1.2461 -4.2913 1.2283, -1.2461 -3.2283 1.2283, -1.7579 -4.2913 1.2283, -1.7579 -3.2283 1.2283, -1.2461 -4.2913 1.7402, -1.2461 -3.2283 1.7402, -1.7579 -4.2913 1.7402, -1.7579 -3.2283 1.7402, -2.2461 -4.2913 1.2283, -2.2461 -3.2283 1.2283, -2.7579 -4.2913 1.2283, -2.7579 -3.2283 1.2283, -2.2461 -4.2913 1.7402, -2.2461 -3.2283 1.7402, -2.7579 -4.2913 1.7402, -2.7579 -3.2283 1.7402, 0.2421 -4.2913 0.2283, 0.2421 -3.2283 0.2283, 0.2421 -4.2913 0.7402, 0.2421 -3.2283 0.7402, 0.7539 -4.2913 0.7402, 0.7539 -3.2283 0.7402, 0.7539 -4.2913 0.2283, 0.7539 -3.2283 0.2283, 1.2421 -4.2913 0.2283, 1.2421 -3.2283 0.2283, 1.2421 -4.2913 0.7402, 1.2421 -3.2283 0.7402, 1.7539 -4.2913 0.7402, 1.7539 -3.2283 0.7402, 1.7539 -4.2913 0.2283, 1.7539 -3.2283 0.2283, 2.2421 -4.2913 0.2283, 2.2421 -3.2283 0.2283, 2.2421 -4.2913 0.7402, 2.2421 -3.2283 0.7402, 2.7539 -4.2913 0.7402, 2.7539 -3.2283 0.7402, 2.7539 -4.2913 0.2283, 2.7539 -3.2283 0.2283, -1.7579 -4.2913 0.2283, -1.7579 -3.2283 0.2283, -1.7579 -4.2913 0.7402, -1.7579 -3.2283 0.7402, -1.2461 -4.2913 0.7402, -1.2461 -3.2283 0.7402, -1.2461 -4.2913 0.2283, -1.2461 -3.2283 0.2283, -2.7579 -4.2913 0.2283, -2.7579 -3.2283 0.2283, -2.7579 -4.2913 0.7402, -2.7579 -3.2283 0.7402, -2.2461 -4.2913 0.7402, -2.2461 -3.2283 0.7402, -2.2461 -4.2913 0.2283, -2.2461 -3.2283 0.2283
            ]
        }
        coordIndex [
            0,1,2,-1,3,4,5,-1,6,7,8,-1,9,10,11,-1,12,13,14,-1,14,13,15,-1,16,17,14,-1,14,17,18,-1,14,18,19,-1,19,20,14,-1,14,20,21,-1,14,21,12,-1,22,23,24,-1,24,23,25,-1,25,23,26,-1,26,23,27,-1,26,27,28,-1,28,27,29,-1,28,29,30,-1,29,31,30,-1,30,31,32,-1,30,32,33,-1,33,32,34,-1,33,34,35,-1,36,37,29,-1,29,37,38,-1,29,38,31,-1,39,40,41,-1,41,42,39,-1,39,42,43,-1,39,43,29,-1,29,43,44,-1,29,44,36,-1,45,46,47,-1,45,47,48,-1,46,49,47,-1,47,49,50,-1,47,50,51,-1,51,50,52,-1,51,52,40,-1,40,52,53,-1,40,53,41,-1,47,54,55,-1,56,48,57,-1,57,48,47,-1,57,47,58,-1,58,47,55,-1,59,60,61,-1,54,47,62,-1,62,47,63,-1,62,63,64,-1,64,63,65,-1,64,65,66,-1,61,67,59,-1,59,67,68,-1,59,68,66,-1,66,68,69,-1,66,69,64,-1,70,71,60,-1,60,71,72,-1,60,72,73,-1,73,74,60,-1,60,74,75,-1,60,75,61,-1,76,77,78,-1,79,80,81,-1,82,83,70,-1,84,85,86,-1,86,85,87,-1,79,81,88,-1,82,70,89,-1,90,91,85,-1,85,91,92,-1,85,92,93,-1,78,77,70,-1,70,77,94,-1,70,94,89,-1,80,95,81,-1,81,95,96,-1,81,96,97,-1,98,99,100,-1,100,99,101,-1,100,101,102,-1,103,93,104,-1,104,93,105,-1,104,105,100,-1,100,105,106,-1,100,106,98,-1,103,107,93,-1,93,107,108,-1,93,108,85,-1,85,108,109,-1,85,109,87,-1,110,111,112,-1,112,111,113,-1,112,113,81,-1,81,113,114,-1,81,114,88,-1,115,116,81,-1,81,116,117,-1,81,117,85,-1,85,117,118,-1,85,118,90,-1,119,120,71,-1,71,120,121,-1,71,121,122,-1,122,123,71,-1,71,123,124,-1,71,124,125,-1,125,124,110,-1,125,110,126,-1,126,110,112,-1,83,127,70,-1,70,127,128,-1,70,128,71,-1,71,128,129,-1,71,129,119,-1,97,130,81,-1,81,130,131,-1,81,131,132,-1,132,133,81,-1,81,133,134,-1,81,134,115,-1,135,136,137,-1,137,93,135,-1,135,93,92,-1,135,92,138,-1,138,92,139,-1,139,140,138,-1,138,140,141,-1,138,141,142,-1,143,144,145,-1,144,146,145,-1,145,146,147,-1,145,147,148,-1,149,145,150,-1,136,135,149,-1,149,135,151,-1,149,151,145,-1,145,151,152,-1,145,152,143,-1,150,153,149,-1,149,153,154,-1,149,154,155,-1,148,147,156,-1,156,147,157,-1,156,157,158,-1,158,157,159,-1,158,159,160,-1,161,162,155,-1,155,162,163,-1,155,163,149,-1,13,164,15,-1,15,164,165,-1,15,165,78,-1,78,165,166,-1,78,166,76,-1,167,168,169,-1,11,10,170,-1,170,10,171,-1,170,171,172,-1,173,174,175,-1,175,174,176,-1,175,176,177,-1,177,176,167,-1,177,167,178,-1,179,180,181,-1,181,180,182,-1,181,182,172,-1,169,168,183,-1,183,168,184,-1,183,184,185,-1,186,187,188,-1,189,190,191,-1,191,190,192,-1,191,192,193,-1,193,192,186,-1,193,186,194,-1,194,186,188,-1,195,196,197,-1,198,199,200,-1,201,202,195,-1,202,203,195,-1,195,203,204,-1,195,204,196,-1,196,204,205,-1,198,200,195,-1,195,200,206,-1,195,206,201,-1,207,208,209,-1,209,208,210,-1,209,210,197,-1,197,210,211,-1,197,211,195,-1,212,213,8,-1,214,215,216,-1,217,218,8,-1,8,218,219,-1,205,220,196,-1,196,220,221,-1,196,221,216,-1,216,221,222,-1,216,222,214,-1,215,223,216,-1,216,223,224,-1,216,224,225,-1,225,224,226,-1,225,226,212,-1,227,228,213,-1,213,228,229,-1,213,229,8,-1,8,229,230,-1,8,230,217,-1,219,231,8,-1,8,231,232,-1,8,232,6,-1,233,234,235,-1,235,234,236,-1,235,236,237,-1,235,238,233,-1,233,238,239,-1,233,239,240,-1,240,241,233,-1,233,241,242,-1,233,242,243,-1,243,242,244,-1,243,244,245,-1,245,244,246,-1,245,246,213,-1,213,246,247,-1,213,247,227,-1,248,249,237,-1,237,249,250,-1,237,250,235,-1,251,252,199,-1,199,252,253,-1,199,253,200,-1,251,254,252,-1,252,254,255,-1,252,255,256,-1,256,255,257,-1,256,258,259,-1,257,260,256,-1,256,260,261,-1,256,261,262,-1,262,263,256,-1,256,263,264,-1,256,264,258,-1,259,265,256,-1,256,265,266,-1,256,266,267,-1,268,269,270,-1,271,272,270,-1,270,272,273,-1,270,273,268,-1,269,268,274,-1,274,268,275,-1,274,275,276,-1,272,277,273,-1,273,277,278,-1,273,278,279,-1,279,278,280,-1,279,280,281,-1,281,280,282,-1,281,282,276,-1,276,282,283,-1,276,283,274,-1,284,285,286,-1,286,285,287,-1,286,287,288,-1,289,290,291,-1,291,290,292,-1,291,292,293,-1,293,292,294,-1,295,296,297,-1,297,296,298,-1,297,298,284,-1,284,298,299,-1,284,299,285,-1,300,301,302,-1,288,287,303,-1,303,287,304,-1,303,304,300,-1,299,290,285,-1,285,290,289,-1,285,289,305,-1,305,289,306,-1,305,306,302,-1,302,306,307,-1,302,307,300,-1,308,309,310,-1,310,309,311,-1,310,311,312,-1,313,314,315,-1,315,314,316,-1,317,318,319,-1,319,318,320,-1,321,322,323,-1,321,323,324,-1,300,304,301,-1,301,304,325,-1,301,325,326,-1,326,325,327,-1,326,327,323,-1,323,327,328,-1,323,328,324,-1,322,329,323,-1,323,329,330,-1,323,330,331,-1,331,332,323,-1,323,332,333,-1,323,333,334,-1,334,335,323,-1,323,335,336,-1,323,336,337,-1,337,336,338,-1,338,336,339,-1,339,336,340,-1,339,340,341,-1,341,342,339,-1,339,342,343,-1,339,343,344,-1,344,343,345,-1,346,347,348,-1,348,347,349,-1,348,349,304,-1,304,349,350,-1,304,350,325,-1,351,352,353,-1,353,352,354,-1,355,356,357,-1,357,358,355,-1,355,358,359,-1,355,359,360,-1,361,362,355,-1,355,362,363,-1,355,363,356,-1,1,364,365,-1,365,364,366,-1,365,366,361,-1,361,366,367,-1,361,367,362,-1,2,368,369,-1,369,370,2,-1,2,370,371,-1,2,371,0,-1,368,2,372,-1,372,2,373,-1,372,373,374,-1,374,373,375,-1,375,373,196,-1,375,196,376,-1,326,377,301,-1,301,377,378,-1,301,378,379,-1,379,378,380,-1,379,380,381,-1,382,383,384,-1,384,383,385,-1,386,387,388,-1,389,390,391,-1,391,390,392,-1,391,392,393,-1,382,394,383,-1,383,394,395,-1,383,395,396,-1,396,395,397,-1,398,399,397,-1,397,399,400,-1,397,400,396,-1,401,402,196,-1,403,404,386,-1,386,404,405,-1,386,405,387,-1,402,406,196,-1,196,406,407,-1,196,407,408,-1,409,410,373,-1,373,410,411,-1,373,411,196,-1,196,411,412,-1,196,412,401,-1,413,414,397,-1,397,414,415,-1,397,415,416,-1,388,417,386,-1,386,417,418,-1,386,418,373,-1,373,418,385,-1,373,385,409,-1,409,385,383,-1,408,419,196,-1,196,419,420,-1,196,420,197,-1,197,420,421,-1,197,421,391,-1,416,422,397,-1,397,422,423,-1,397,423,398,-1,424,425,426,-1,426,425,427,-1,425,428,427,-1,427,428,429,-1,427,429,386,-1,386,429,430,-1,386,430,403,-1,431,432,8,-1,8,432,433,-1,212,8,225,-1,225,8,433,-1,225,433,190,-1,190,433,434,-1,190,434,192,-1,435,432,436,-1,436,432,431,-1,436,431,437,-1,438,439,440,-1,441,442,431,-1,431,442,443,-1,431,443,437,-1,444,445,7,-1,7,445,438,-1,7,438,8,-1,8,438,440,-1,8,440,431,-1,431,440,446,-1,431,446,447,-1,448,449,450,-1,450,449,451,-1,450,451,438,-1,438,451,452,-1,438,452,439,-1,447,453,431,-1,431,453,454,-1,431,454,441,-1,455,456,457,-1,455,457,458,-1,456,459,457,-1,457,459,460,-1,457,460,450,-1,450,460,461,-1,450,461,448,-1,462,463,464,-1,464,463,457,-1,464,457,465,-1,465,457,450,-1,465,450,466,-1,466,450,438,-1,466,438,467,-1,467,438,445,-1,467,445,468,-1,468,445,426,-1,468,426,469,-1,469,426,427,-1,320,3,319,-1,319,3,5,-1,319,5,470,-1,470,5,471,-1,444,207,445,-1,445,207,209,-1,445,209,426,-1,426,209,197,-1,426,197,424,-1,424,197,391,-1,424,391,472,-1,472,391,393,-1,463,169,457,-1,457,169,183,-1,457,183,458,-1,458,183,185,-1,458,185,189,-1,189,185,9,-1,189,9,190,-1,190,9,11,-1,4,313,5,-1,5,313,315,-1,5,315,471,-1,471,315,473,-1,474,475,476,-1,476,475,477,-1,476,477,478,-1,479,78,480,-1,480,78,70,-1,480,70,481,-1,481,70,60,-1,481,60,482,-1,482,60,59,-1,482,59,483,-1,479,484,485,-1,485,484,486,-1,487,488,486,-1,486,488,478,-1,486,478,485,-1,485,478,477,-1,485,477,481,-1,481,477,489,-1,481,489,480,-1,490,169,473,-1,473,169,463,-1,473,463,471,-1,471,463,462,-1,471,462,470,-1,490,491,169,-1,169,491,170,-1,169,170,167,-1,167,170,172,-1,167,172,178,-1,178,172,182,-1,492,493,473,-1,473,493,494,-1,494,495,473,-1,473,495,496,-1,473,496,490,-1,491,497,170,-1,170,497,498,-1,170,498,499,-1,499,498,500,-1,499,500,501,-1,501,502,499,-1,499,502,503,-1,499,503,504,-1,504,505,499,-1,499,505,506,-1,499,506,473,-1,473,506,507,-1,473,507,492,-1,508,509,473,-1,510,511,512,-1,473,509,499,-1,499,509,513,-1,499,513,514,-1,1,365,2,-1,2,365,485,-1,2,485,373,-1,373,485,481,-1,373,481,386,-1,386,481,482,-1,386,482,427,-1,427,482,483,-1,427,483,469,-1,499,268,170,-1,170,268,273,-1,170,273,11,-1,11,273,279,-1,11,279,190,-1,190,279,305,-1,190,305,225,-1,225,305,302,-1,225,302,216,-1,216,302,301,-1,216,301,196,-1,196,301,379,-1,196,379,376,-1,376,379,381,-1,515,516,517,-1,14,515,361,-1,361,515,517,-1,361,517,365,-1,365,517,518,-1,365,518,519,-1,479,485,78,-1,78,485,365,-1,78,365,15,-1,15,365,519,-1,15,519,14,-1,14,519,520,-1,14,520,515,-1,521,522,279,-1,279,522,523,-1,279,523,524,-1,285,525,281,-1,281,525,526,-1,281,526,527,-1,524,528,279,-1,279,528,529,-1,279,529,305,-1,305,529,530,-1,305,530,285,-1,285,530,531,-1,285,531,525,-1,527,532,281,-1,281,532,533,-1,281,533,534,-1,534,535,281,-1,281,535,536,-1,281,536,279,-1,279,536,537,-1,279,537,521,-1,512,508,510,-1,510,508,473,-1,510,473,538,-1,538,473,315,-1,538,315,514,-1,514,315,316,-1,514,316,499,-1,499,316,539,-1,499,539,268,-1,268,539,540,-1,268,540,275,-1,360,353,355,-1,355,353,354,-1,355,354,361,-1,361,354,541,-1,361,541,14,-1,14,541,23,-1,14,23,16,-1,16,23,22,-1,314,542,316,-1,316,542,543,-1,316,543,539,-1,539,543,312,-1,539,312,540,-1,540,312,311,-1,540,311,275,-1,275,311,544,-1,275,544,276,-1,276,544,545,-1,276,545,281,-1,281,545,546,-1,281,546,285,-1,285,546,547,-1,285,547,287,-1,287,547,548,-1,287,548,304,-1,304,548,549,-1,304,549,348,-1,348,549,352,-1,348,352,346,-1,346,352,351,-1,66,65,550,-1,40,39,551,-1,551,39,29,-1,551,29,552,-1,552,29,27,-1,552,27,553,-1,553,27,554,-1,553,554,555,-1,555,554,556,-1,555,556,551,-1,551,556,51,-1,551,51,40,-1,557,558,559,-1,559,558,560,-1,559,560,561,-1,561,560,556,-1,561,556,562,-1,562,556,554,-1,562,554,557,-1,557,554,558,-1,563,564,565,-1,565,564,566,-1,565,566,567,-1,567,566,560,-1,567,560,568,-1,568,560,558,-1,568,558,563,-1,563,558,564,-1,569,564,570,-1,570,564,571,-1,570,571,572,-1,572,571,573,-1,572,573,574,-1,574,573,566,-1,574,566,569,-1,569,566,564,-1,575,576,577,-1,577,576,578,-1,577,578,579,-1,579,578,573,-1,579,573,580,-1,580,573,571,-1,580,571,575,-1,575,571,576,-1,581,582,583,-1,583,582,584,-1,583,584,585,-1,585,584,578,-1,585,578,586,-1,586,578,576,-1,586,576,581,-1,581,576,582,-1,63,587,65,-1,65,587,588,-1,65,588,550,-1,550,588,589,-1,550,589,556,-1,556,589,590,-1,556,590,51,-1,51,590,587,-1,51,587,47,-1,47,587,63,-1,591,560,592,-1,592,560,593,-1,592,593,594,-1,594,593,550,-1,594,550,595,-1,595,550,556,-1,595,556,591,-1,591,556,560,-1,596,566,597,-1,597,566,598,-1,597,598,599,-1,599,598,593,-1,599,593,600,-1,600,593,560,-1,600,560,596,-1,596,560,566,-1,601,573,602,-1,602,573,603,-1,602,603,604,-1,604,603,598,-1,604,598,605,-1,605,598,566,-1,605,566,601,-1,601,566,573,-1,606,578,607,-1,607,578,608,-1,607,608,609,-1,609,608,603,-1,609,603,610,-1,610,603,573,-1,610,573,606,-1,606,573,578,-1,611,584,612,-1,612,584,613,-1,612,613,614,-1,614,613,608,-1,614,608,615,-1,615,608,578,-1,615,578,611,-1,611,578,584,-1,582,616,584,-1,584,616,617,-1,584,617,613,-1,613,617,618,-1,66,550,619,-1,619,550,593,-1,619,593,620,-1,620,593,598,-1,620,598,621,-1,621,598,603,-1,621,603,622,-1,622,603,608,-1,622,608,623,-1,623,608,613,-1,623,613,624,-1,624,613,618,-1,624,618,625,-1,318,317,626,-1,626,317,627,-1,616,582,628,-1,628,582,576,-1,576,571,628,-1,628,571,564,-1,628,564,309,-1,554,27,23,-1,23,541,554,-1,554,541,354,-1,554,354,352,-1,352,549,554,-1,554,549,548,-1,554,548,547,-1,547,546,554,-1,554,546,545,-1,554,545,544,-1,564,558,309,-1,309,558,554,-1,309,554,311,-1,311,554,544,-1,628,629,630,-1,626,627,631,-1,631,627,625,-1,631,625,632,-1,632,625,618,-1,632,618,633,-1,633,618,617,-1,633,617,630,-1,630,617,616,-1,630,616,628,-1,317,319,627,-1,627,319,470,-1,470,462,627,-1,627,462,464,-1,627,464,465,-1,466,619,465,-1,465,619,620,-1,465,620,627,-1,627,620,621,-1,627,621,622,-1,466,467,619,-1,619,467,468,-1,619,468,469,-1,622,623,627,-1,627,623,624,-1,627,624,625,-1,469,483,619,-1,619,483,59,-1,619,59,66,-1,629,628,308,-1,308,628,309,-1,634,320,318,-1,634,318,635,-1,626,631,636,-1,636,637,626,-1,626,637,638,-1,626,638,318,-1,318,638,639,-1,318,639,635,-1,640,630,629,-1,310,641,308,-1,308,641,642,-1,642,643,308,-1,308,643,644,-1,308,644,629,-1,629,644,645,-1,629,645,640,-1,646,633,647,-1,647,633,630,-1,647,630,648,-1,648,630,640,-1,648,640,649,-1,649,640,650,-1,649,650,646,-1,646,650,633,-1,651,650,652,-1,652,650,640,-1,652,640,653,-1,653,640,645,-1,653,645,654,-1,654,645,655,-1,654,655,651,-1,651,655,650,-1,656,655,657,-1,657,655,645,-1,657,645,658,-1,658,645,644,-1,658,644,659,-1,659,644,660,-1,659,660,656,-1,656,660,655,-1,661,660,662,-1,662,660,644,-1,662,644,663,-1,663,644,643,-1,663,643,664,-1,664,643,665,-1,664,665,661,-1,661,665,660,-1,666,665,667,-1,667,665,643,-1,667,643,668,-1,668,643,642,-1,668,642,669,-1,669,642,670,-1,669,670,666,-1,666,670,665,-1,671,672,673,-1,673,672,670,-1,673,670,674,-1,674,670,642,-1,674,642,675,-1,675,642,641,-1,675,641,671,-1,312,543,672,-1,672,543,542,-1,672,542,314,-1,671,641,672,-1,672,641,310,-1,672,310,312,-1,631,632,676,-1,676,632,677,-1,676,677,650,-1,650,677,678,-1,650,678,633,-1,633,678,679,-1,633,679,632,-1,632,679,680,-1,632,680,677,-1,681,682,676,-1,682,681,655,-1,655,681,683,-1,655,683,650,-1,650,683,684,-1,650,684,676,-1,676,684,685,-1,676,685,681,-1,686,682,687,-1,687,682,655,-1,687,655,688,-1,688,655,660,-1,688,660,689,-1,689,660,690,-1,689,690,686,-1,686,690,682,-1,691,690,692,-1,692,690,660,-1,692,660,693,-1,693,660,665,-1,693,665,694,-1,694,665,695,-1,694,695,691,-1,691,695,690,-1,696,695,697,-1,697,695,665,-1,697,665,698,-1,698,665,670,-1,698,670,699,-1,699,670,700,-1,699,700,696,-1,696,700,695,-1,701,700,702,-1,702,700,670,-1,702,670,703,-1,703,670,672,-1,703,672,704,-1,704,672,705,-1,704,705,701,-1,701,705,700,-1,3,705,4,-1,4,705,672,-1,4,672,313,-1,313,672,314,-1,631,676,636,-1,636,676,682,-1,636,682,637,-1,637,682,690,-1,637,690,638,-1,638,690,695,-1,638,695,639,-1,639,695,700,-1,639,700,635,-1,635,700,705,-1,635,705,634,-1,634,705,3,-1,634,3,320,-1,706,707,708,-1,708,707,709,-1,708,709,710,-1,710,709,711,-1,710,711,712,-1,712,711,713,-1,712,713,706,-1,706,713,707,-1,713,711,707,-1,707,711,709,-1,714,715,716,-1,716,715,717,-1,716,717,718,-1,718,717,719,-1,718,719,720,-1,720,719,721,-1,720,721,714,-1,714,721,715,-1,721,719,715,-1,715,719,717,-1,601,708,605,-1,605,708,710,-1,602,706,601,-1,601,706,708,-1,712,604,710,-1,710,604,605,-1,604,712,602,-1,602,712,706,-1,572,718,570,-1,570,718,720,-1,574,716,572,-1,572,716,718,-1,714,569,720,-1,720,569,570,-1,569,714,574,-1,574,714,716,-1,722,723,724,-1,724,723,725,-1,726,727,722,-1,722,727,723,-1,728,729,726,-1,726,729,727,-1,729,725,727,-1,727,725,723,-1,724,725,728,-1,728,725,729,-1,567,722,565,-1,565,722,724,-1,565,724,563,-1,563,724,728,-1,726,568,728,-1,728,568,563,-1,568,726,567,-1,567,726,722,-1,730,731,732,-1,732,731,733,-1,734,735,730,-1,730,735,731,-1,736,737,734,-1,734,737,735,-1,737,733,735,-1,735,733,731,-1,732,733,736,-1,736,733,737,-1,561,730,559,-1,559,730,732,-1,559,732,557,-1,557,732,736,-1,734,562,736,-1,736,562,557,-1,562,734,561,-1,561,734,730,-1,738,739,740,-1,740,739,741,-1,742,743,738,-1,738,743,739,-1,744,745,742,-1,742,745,743,-1,745,741,743,-1,743,741,739,-1,740,741,744,-1,744,741,745,-1,551,738,555,-1,555,738,740,-1,555,740,553,-1,553,740,744,-1,742,552,744,-1,744,552,553,-1,552,742,551,-1,551,742,738,-1,746,747,748,-1,748,747,749,-1,750,751,746,-1,746,751,747,-1,752,753,750,-1,750,753,751,-1,753,749,751,-1,751,749,747,-1,748,749,752,-1,752,749,753,-1,579,746,577,-1,577,746,748,-1,577,748,575,-1,575,748,752,-1,750,580,752,-1,752,580,575,-1,580,750,579,-1,579,750,746,-1,754,755,756,-1,756,755,757,-1,758,759,754,-1,754,759,755,-1,760,761,758,-1,758,761,759,-1,761,757,759,-1,759,757,755,-1,756,757,760,-1,760,757,761,-1,585,754,583,-1,583,754,756,-1,583,756,581,-1,581,756,760,-1,758,586,760,-1,760,586,581,-1,586,758,585,-1,585,758,754,-1,762,763,764,-1,764,763,765,-1,764,765,766,-1,766,765,767,-1,766,767,768,-1,768,767,769,-1,769,767,763,-1,763,767,765,-1,768,769,762,-1,762,769,763,-1,597,762,596,-1,596,762,764,-1,596,764,600,-1,600,764,766,-1,768,599,766,-1,766,599,600,-1,599,768,597,-1,597,768,762,-1,770,771,772,-1,772,771,773,-1,772,773,774,-1,774,773,775,-1,774,775,776,-1,776,775,777,-1,777,775,771,-1,771,775,773,-1,776,777,770,-1,770,777,771,-1,592,770,591,-1,591,770,772,-1,591,772,595,-1,595,772,774,-1,776,594,774,-1,774,594,595,-1,594,776,592,-1,592,776,770,-1,778,779,780,-1,780,779,781,-1,780,781,782,-1,782,781,783,-1,782,783,784,-1,784,783,785,-1,785,783,779,-1,779,783,781,-1,784,785,778,-1,778,785,779,-1,589,778,590,-1,590,778,780,-1,590,780,587,-1,587,780,782,-1,784,588,782,-1,782,588,587,-1,588,784,589,-1,589,784,778,-1,786,787,788,-1,788,787,789,-1,788,789,790,-1,790,789,791,-1,790,791,792,-1,792,791,793,-1,793,791,787,-1,787,791,789,-1,792,793,786,-1,786,793,787,-1,607,786,606,-1,606,786,788,-1,606,788,610,-1,610,788,790,-1,792,609,790,-1,790,609,610,-1,609,792,607,-1,607,792,786,-1,794,795,796,-1,796,795,797,-1,796,797,798,-1,798,797,799,-1,798,799,800,-1,800,799,801,-1,801,799,795,-1,795,799,797,-1,800,801,794,-1,794,801,795,-1,612,794,611,-1,611,794,796,-1,611,796,615,-1,615,796,798,-1,800,614,798,-1,798,614,615,-1,614,800,612,-1,612,800,794,-1,
        ]
    }
}
Shape{
    appearance Appearance {
        material  Material 	{
            diffuseColor 0.9686274509803922 0.8784313725490196 0.6
            specularColor 0.6784313725490196 0.615686274509804 0.4196078431372549
            ambientIntensity 0.8737
            transparency 0.0
            shininess 0.5
        }
    }
    geometry IndexedFaceSet {
        ccw TRUE
        solid FALSE
        coord DEF co Coordinate {
            point [
                0.4437 -0.5669 -1.2598, 0.5524 -0.5669 -1.2598, 0.372 -0.5669 -1.063, 0.624 -0.5669 -1.063, 0.372 -0.5669 0.3661, 0.624 -0.5669 0.3661, 0.4437 -0.4095 -1.2598, 0.5524 -0.4095 -1.2598, 0.372 -0.4095 0.3661, 0.624 -0.4095 0.3661, 0.372 -0.4095 -1.063, 0.624 -0.4095 -1.063, 0.372 -0.4162 0.4171, 0.624 -0.4162 0.4171, 0.372 -0.4358 0.4646, 0.624 -0.4358 0.4646, 0.372 -0.4671 0.5053, 0.624 -0.4671 0.5053, 0.372 -0.5079 0.5366, 0.624 -0.5079 0.5366, 0.372 -0.5554 0.5563, 0.624 -0.5554 0.5563, 0.372 -0.6063 0.563, 0.624 -0.6063 0.563, 0.624 -1.1417 0.563, 0.372 -1.1417 0.563, 0.624 -0.6063 0.4055, 0.624 -1.1417 0.4055, 0.372 -0.6063 0.4055, 0.372 -1.1417 0.4055, 0.624 -0.5961 0.4042, 0.372 -0.5961 0.4042, 0.624 -0.5866 0.4002, 0.372 -0.5866 0.4002, 0.624 -0.5785 0.394, 0.372 -0.5785 0.394, 0.624 -0.5722 0.3858, 0.372 -0.5722 0.3858, 0.624 -0.5683 0.3763, 0.372 -0.5683 0.3763, 0.624 0.4331 1.3661, 0.372 0.4331 1.3661, 0.624 0.4331 -1.063, 0.372 0.4331 -1.063, 0.5524 0.4331 -1.2598, 0.4437 0.4331 -1.2598, 0.4437 0.5905 -1.2598, 0.5524 0.5905 -1.2598, 0.624 0.5905 -1.063, 0.372 0.5905 -1.063, 0.624 0.5905 1.3661, 0.372 0.5905 1.3661, 0.372 0.5838 1.4171, 0.624 0.5838 1.4171, 0.372 0.5642 1.4646, 0.624 0.5642 1.4646, 0.372 0.5329 1.5053, 0.624 0.5329 1.5053, 0.372 0.4921 1.5366, 0.624 0.4921 1.5366, 0.372 0.4446 1.5563, 0.624 0.4446 1.5563, 0.372 0.3937 1.563, 0.624 0.3937 1.563, 0.624 -1.1417 1.563, 0.372 -1.1417 1.563, 0.624 0.3937 1.4055, 0.624 -1.1417 1.4055, 0.372 0.3937 1.4055, 0.372 -1.1417 1.4055, 0.624 0.4039 1.4042, 0.372 0.4039 1.4042, 0.624 0.4134 1.4002, 0.372 0.4134 1.4002, 0.624 0.4215 1.394, 0.372 0.4215 1.394, 0.624 0.4278 1.3858, 0.372 0.4278 1.3858, 0.624 0.4317 1.3763, 0.372 0.4317 1.3763, 1.4437 -0.5669 -1.2598, 1.5524 -0.5669 -1.2598, 1.372 -0.5669 -1.063, 1.624 -0.5669 -1.063, 1.372 -0.5669 0.3661, 1.624 -0.5669 0.3661, 1.4437 -0.4095 -1.2598, 1.5524 -0.4095 -1.2598, 1.372 -0.4095 0.3661, 1.624 -0.4095 0.3661, 1.372 -0.4095 -1.063, 1.624 -0.4095 -1.063, 1.372 -0.4162 0.4171, 1.624 -0.4162 0.4171, 1.372 -0.4358 0.4646, 1.624 -0.4358 0.4646, 1.372 -0.4671 0.5053, 1.624 -0.4671 0.5053, 1.372 -0.5079 0.5366, 1.624 -0.5079 0.5366, 1.372 -0.5554 0.5563, 1.624 -0.5554 0.5563, 1.372 -0.6063 0.563, 1.624 -0.6063 0.563, 1.624 -1.1417 0.563, 1.372 -1.1417 0.563, 1.624 -0.6063 0.4055, 1.624 -1.1417 0.4055, 1.372 -0.6063 0.4055, 1.372 -1.1417 0.4055, 1.624 -0.5961 0.4042, 1.372 -0.5961 0.4042, 1.624 -0.5866 0.4002, 1.372 -0.5866 0.4002, 1.624 -0.5785 0.394, 1.372 -0.5785 0.394, 1.624 -0.5722 0.3858, 1.372 -0.5722 0.3858, 1.624 -0.5683 0.3763, 1.372 -0.5683 0.3763, 1.4437 0.4331 -1.2598, 1.5524 0.4331 -1.2598, 1.372 0.4331 -1.063, 1.624 0.4331 -1.063, 1.372 0.4331 1.3661, 1.624 0.4331 1.3661, 1.4437 0.5905 -1.2598, 1.5524 0.5905 -1.2598, 1.372 0.5905 1.3661, 1.624 0.5905 1.3661, 1.372 0.5905 -1.063, 1.624 0.5905 -1.063, 1.372 0.5838 1.4171, 1.624 0.5838 1.4171, 1.372 0.5642 1.4646, 1.624 0.5642 1.4646, 1.372 0.5329 1.5053, 1.624 0.5329 1.5053, 1.372 0.4921 1.5366, 1.624 0.4921 1.5366, 1.372 0.4446 1.5563, 1.624 0.4446 1.5563, 1.372 0.3937 1.563, 1.624 0.3937 1.563, 1.624 -1.1417 1.563, 1.372 -1.1417 1.563, 1.624 0.3937 1.4055, 1.624 -1.1417 1.4055, 1.372 0.3937 1.4055, 1.372 -1.1417 1.4055, 1.624 0.4025 1.4045, 1.372 0.4025 1.4045, 1.624 0.4108 1.4016, 1.372 0.4108 1.4016, 1.624 0.4182 1.3969, 1.372 0.4182 1.3969, 1.624 0.4245 1.3907, 1.372 0.4245 1.3907, 1.624 0.4292 1.3832, 1.372 0.4292 1.3832, 1.624 0.4321 1.3749, 1.372 0.4321 1.3749, 2.4437 -0.5669 -1.2598, 2.5524 -0.5669 -1.2598, 2.372 -0.5669 -1.063, 2.624 -0.5669 -1.063, 2.372 -0.5669 0.3661, 2.624 -0.5669 0.3661, 2.4437 -0.4095 -1.2598, 2.5524 -0.4095 -1.2598, 2.372 -0.4095 0.3661, 2.624 -0.4095 0.3661, 2.372 -0.4095 -1.063, 2.624 -0.4095 -1.063, 2.372 -0.4162 0.4171, 2.624 -0.4162 0.4171, 2.372 -0.4358 0.4646, 2.624 -0.4358 0.4646, 2.372 -0.4671 0.5053, 2.624 -0.4671 0.5053, 2.372 -0.5079 0.5366, 2.624 -0.5079 0.5366, 2.372 -0.5554 0.5563, 2.624 -0.5554 0.5563, 2.372 -0.6063 0.563, 2.624 -0.6063 0.563, 2.624 -1.1417 0.563, 2.372 -1.1417 0.563, 2.624 -0.6063 0.4055, 2.624 -1.1417 0.4055, 2.372 -0.6063 0.4055, 2.372 -1.1417 0.4055, 2.624 -0.5961 0.4042, 2.372 -0.5961 0.4042, 2.624 -0.5866 0.4002, 2.372 -0.5866 0.4002, 2.624 -0.5785 0.394, 2.372 -0.5785 0.394, 2.624 -0.5722 0.3858, 2.372 -0.5722 0.3858, 2.624 -0.5683 0.3763, 2.372 -0.5683 0.3763, 2.4437 0.4331 -1.2598, 2.5524 0.4331 -1.2598, 2.372 0.4331 -1.063, 2.624 0.4331 -1.063, 2.372 0.4331 1.3661, 2.624 0.4331 1.3661, 2.4437 0.5905 -1.2598, 2.5524 0.5905 -1.2598, 2.372 0.5905 1.3661, 2.624 0.5905 1.3661, 2.372 0.5905 -1.063, 2.624 0.5905 -1.063, 2.372 0.5838 1.4171, 2.624 0.5838 1.4171, 2.372 0.5642 1.4646, 2.624 0.5642 1.4646, 2.372 0.5329 1.5053, 2.624 0.5329 1.5053, 2.372 0.4921 1.5366, 2.624 0.4921 1.5366, 2.372 0.4446 1.5563, 2.624 0.4446 1.5563, 2.372 0.3937 1.563, 2.624 0.3937 1.563, 2.624 -1.1417 1.563, 2.372 -1.1417 1.563, 2.624 0.3937 1.4055, 2.624 -1.1417 1.4055, 2.372 0.3937 1.4055, 2.372 -1.1417 1.4055, 2.624 0.4025 1.4045, 2.372 0.4025 1.4045, 2.624 0.4108 1.4016, 2.372 0.4108 1.4016, 2.624 0.4182 1.3969, 2.372 0.4182 1.3969, 2.624 0.4245 1.3907, 2.372 0.4245 1.3907, 2.624 0.4292 1.3832, 2.372 0.4292 1.3832, 2.624 0.4321 1.3749, 2.372 0.4321 1.3749, -0.5563 -0.5669 -1.2598, -0.4476 -0.5669 -1.2598, -0.628 -0.5669 -1.063, -0.376 -0.5669 -1.063, -0.628 -0.5669 0.3661, -0.376 -0.5669 0.3661, -0.5563 -0.4095 -1.2598, -0.4476 -0.4095 -1.2598, -0.628 -0.4095 0.3661, -0.376 -0.4095 0.3661, -0.628 -0.4095 -1.063, -0.376 -0.4095 -1.063, -0.628 -0.4162 0.4171, -0.376 -0.4162 0.4171, -0.628 -0.4358 0.4646, -0.376 -0.4358 0.4646, -0.628 -0.4671 0.5053, -0.376 -0.4671 0.5053, -0.628 -0.5079 0.5366, -0.376 -0.5079 0.5366, -0.628 -0.5554 0.5563, -0.376 -0.5554 0.5563, -0.628 -0.6063 0.563, -0.376 -0.6063 0.563, -0.376 -1.1417 0.563, -0.628 -1.1417 0.563, -0.376 -0.6063 0.4055, -0.376 -1.1417 0.4055, -0.628 -0.6063 0.4055, -0.628 -1.1417 0.4055, -0.376 -0.5961 0.4042, -0.628 -0.5961 0.4042, -0.376 -0.5866 0.4002, -0.628 -0.5866 0.4002, -0.376 -0.5785 0.394, -0.628 -0.5785 0.394, -0.376 -0.5722 0.3858, -0.628 -0.5722 0.3858, -0.376 -0.5683 0.3763, -0.628 -0.5683 0.3763, -0.5563 0.4331 -1.2598, -0.4476 0.4331 -1.2598, -0.628 0.4331 -1.063, -0.376 0.4331 -1.063, -0.628 0.4331 1.3661, -0.376 0.4331 1.3661, -0.5563 0.5905 -1.2598, -0.4476 0.5905 -1.2598, -0.628 0.5905 1.3661, -0.376 0.5905 1.3661, -0.628 0.5905 -1.063, -0.376 0.5905 -1.063, -0.628 0.5838 1.4171, -0.376 0.5838 1.4171, -0.628 0.5642 1.4646, -0.376 0.5642 1.4646, -0.628 0.5329 1.5053, -0.376 0.5329 1.5053, -0.628 0.4921 1.5366, -0.376 0.4921 1.5366, -0.628 0.4446 1.5563, -0.376 0.4446 1.5563, -0.628 0.3937 1.563, -0.376 0.3937 1.563, -0.376 -1.1417 1.563, -0.628 -1.1417 1.563, -0.376 0.3937 1.4055, -0.376 -1.1417 1.4055, -0.628 0.3937 1.4055, -0.628 -1.1417 1.4055, -0.376 0.4025 1.4045, -0.628 0.4025 1.4045, -0.376 0.4108 1.4016, -0.628 0.4108 1.4016, -0.376 0.4182 1.3969, -0.628 0.4182 1.3969, -0.376 0.4245 1.3907, -0.628 0.4245 1.3907, -0.376 0.4292 1.3832, -0.628 0.4292 1.3832, -0.376 0.4321 1.3749, -0.628 0.4321 1.3749, -1.5563 -0.5669 -1.2598, -1.4476 -0.5669 -1.2598, -1.628 -0.5669 -1.063, -1.376 -0.5669 -1.063, -1.628 -0.5669 0.3661, -1.376 -0.5669 0.3661, -1.5563 -0.4095 -1.2598, -1.4476 -0.4095 -1.2598, -1.628 -0.4095 0.3661, -1.376 -0.4095 0.3661, -1.628 -0.4095 -1.063, -1.376 -0.4095 -1.063, -1.628 -0.4162 0.4171, -1.376 -0.4162 0.4171, -1.628 -0.4358 0.4646, -1.376 -0.4358 0.4646, -1.628 -0.4671 0.5053, -1.376 -0.4671 0.5053, -1.628 -0.5079 0.5366, -1.376 -0.5079 0.5366, -1.628 -0.5554 0.5563, -1.376 -0.5554 0.5563, -1.628 -0.6063 0.563, -1.376 -0.6063 0.563, -1.376 -1.1417 0.563, -1.628 -1.1417 0.563, -1.376 -0.6063 0.4055, -1.376 -1.1417 0.4055, -1.628 -0.6063 0.4055, -1.628 -1.1417 0.4055, -1.376 -0.5961 0.4042, -1.628 -0.5961 0.4042, -1.376 -0.5866 0.4002, -1.628 -0.5866 0.4002, -1.376 -0.5785 0.394, -1.628 -0.5785 0.394, -1.376 -0.5722 0.3858, -1.628 -0.5722 0.3858, -1.376 -0.5683 0.3763, -1.628 -0.5683 0.3763, -1.5563 0.4331 -1.2598, -1.4476 0.4331 -1.2598, -1.628 0.4331 -1.063, -1.376 0.4331 -1.063, -1.628 0.4331 1.3661, -1.376 0.4331 1.3661, -1.5563 0.5905 -1.2598, -1.4476 0.5905 -1.2598, -1.628 0.5905 1.3661, -1.376 0.5905 1.3661, -1.628 0.5905 -1.063, -1.376 0.5905 -1.063, -1.628 0.5838 1.4171, -1.376 0.5838 1.4171, -1.628 0.5642 1.4646, -1.376 0.5642 1.4646, -1.628 0.5329 1.5053, -1.376 0.5329 1.5053, -1.628 0.4921 1.5366, -1.376 0.4921 1.5366, -1.628 0.4446 1.5563, -1.376 0.4446 1.5563, -1.628 0.3937 1.563, -1.376 0.3937 1.563, -1.376 -1.1417 1.563, -1.628 -1.1417 1.563, -1.376 0.3937 1.4055, -1.376 -1.1417 1.4055, -1.628 0.3937 1.4055, -1.628 -1.1417 1.4055, -1.376 0.4025 1.4045, -1.628 0.4025 1.4045, -1.376 0.4108 1.4016, -1.628 0.4108 1.4016, -1.376 0.4182 1.3969, -1.628 0.4182 1.3969, -1.376 0.4245 1.3907, -1.628 0.4245 1.3907, -1.376 0.4292 1.3832, -1.628 0.4292 1.3832, -1.376 0.4321 1.3749, -1.628 0.4321 1.3749, -2.5563 -0.5669 -1.2598, -2.4476 -0.5669 -1.2598, -2.628 -0.5669 -1.063, -2.376 -0.5669 -1.063, -2.628 -0.5669 0.3661, -2.376 -0.5669 0.3661, -2.5563 -0.4095 -1.2598, -2.4476 -0.4095 -1.2598, -2.628 -0.4095 0.3661, -2.376 -0.4095 0.3661, -2.628 -0.4095 -1.063, -2.376 -0.4095 -1.063, -2.628 -0.4162 0.4171, -2.376 -0.4162 0.4171, -2.628 -0.4358 0.4646, -2.376 -0.4358 0.4646, -2.628 -0.4671 0.5053, -2.376 -0.4671 0.5053, -2.628 -0.5079 0.5366, -2.376 -0.5079 0.5366, -2.628 -0.5554 0.5563, -2.376 -0.5554 0.5563, -2.628 -0.6063 0.563, -2.376 -0.6063 0.563, -2.376 -1.1417 0.563, -2.628 -1.1417 0.563, -2.376 -0.6063 0.4055, -2.376 -1.1417 0.4055, -2.628 -0.6063 0.4055, -2.628 -1.1417 0.4055, -2.376 -0.5961 0.4042, -2.628 -0.5961 0.4042, -2.376 -0.5866 0.4002, -2.628 -0.5866 0.4002, -2.376 -0.5785 0.394, -2.628 -0.5785 0.394, -2.376 -0.5722 0.3858, -2.628 -0.5722 0.3858, -2.376 -0.5683 0.3763, -2.628 -0.5683 0.3763, -2.5563 0.4331 -1.2598, -2.4476 0.4331 -1.2598, -2.628 0.4331 -1.063, -2.376 0.4331 -1.063, -2.628 0.4331 1.3661, -2.376 0.4331 1.3661, -2.5563 0.5905 -1.2598, -2.4476 0.5905 -1.2598, -2.628 0.5905 1.3661, -2.376 0.5905 1.3661, -2.628 0.5905 -1.063, -2.376 0.5905 -1.063, -2.628 0.5838 1.4171, -2.376 0.5838 1.4171, -2.628 0.5642 1.4646, -2.376 0.5642 1.4646, -2.628 0.5329 1.5053, -2.376 0.5329 1.5053, -2.628 0.4921 1.5366, -2.376 0.4921 1.5366, -2.628 0.4446 1.5563, -2.376 0.4446 1.5563, -2.628 0.3937 1.563, -2.376 0.3937 1.563, -2.376 -1.1417 1.563, -2.628 -1.1417 1.563, -2.376 0.3937 1.4055, -2.376 -1.1417 1.4055, -2.628 0.3937 1.4055, -2.628 -1.1417 1.4055, -2.376 0.4025 1.4045, -2.628 0.4025 1.4045, -2.376 0.4108 1.4016, -2.628 0.4108 1.4016, -2.376 0.4182 1.3969, -2.628 0.4182 1.3969, -2.376 0.4245 1.3907, -2.628 0.4245 1.3907, -2.376 0.4292 1.3832, -2.628 0.4292 1.3832, -2.376 0.4321 1.3749, -2.628 0.4321 1.3749
            ]
        }
        coordIndex [
            0,1,2,-1,2,1,3,-1,2,3,4,-1,4,3,5,-1,6,7,0,-1,0,7,1,-1,8,9,10,-1,10,9,11,-1,10,11,6,-1,6,11,7,-1,9,8,12,-1,9,12,13,-1,13,12,14,-1,13,14,15,-1,15,14,16,-1,15,16,17,-1,17,16,18,-1,17,18,19,-1,19,18,20,-1,19,20,21,-1,21,20,22,-1,21,22,23,-1,24,23,25,-1,25,23,22,-1,26,27,28,-1,28,27,29,-1,26,28,30,-1,30,28,31,-1,30,31,32,-1,32,31,33,-1,32,33,34,-1,34,33,35,-1,34,35,36,-1,36,35,37,-1,36,37,38,-1,38,37,39,-1,38,39,5,-1,5,39,4,-1,3,11,5,-1,5,11,9,-1,5,9,38,-1,38,9,13,-1,38,13,36,-1,36,13,15,-1,36,15,34,-1,34,15,17,-1,34,17,32,-1,32,17,19,-1,32,19,30,-1,30,19,21,-1,30,21,26,-1,26,21,23,-1,26,23,27,-1,27,23,24,-1,29,25,28,-1,28,25,22,-1,28,22,31,-1,31,22,20,-1,31,20,33,-1,33,20,18,-1,33,18,35,-1,35,18,16,-1,35,16,37,-1,37,16,14,-1,37,14,39,-1,39,14,12,-1,39,12,4,-1,4,12,8,-1,4,8,2,-1,2,8,10,-1,40,41,42,-1,42,41,43,-1,42,43,44,-1,44,43,45,-1,46,47,45,-1,45,47,44,-1,47,46,48,-1,48,46,49,-1,48,49,50,-1,50,49,51,-1,50,51,52,-1,50,52,53,-1,53,52,54,-1,53,54,55,-1,55,54,56,-1,55,56,57,-1,57,56,58,-1,57,58,59,-1,59,58,60,-1,59,60,61,-1,61,60,62,-1,61,62,63,-1,64,63,65,-1,65,63,62,-1,66,67,68,-1,68,67,69,-1,66,68,70,-1,70,68,71,-1,70,71,72,-1,72,71,73,-1,72,73,74,-1,74,73,75,-1,74,75,76,-1,76,75,77,-1,76,77,78,-1,78,77,79,-1,78,79,40,-1,40,79,41,-1,42,48,40,-1,40,48,50,-1,40,50,78,-1,78,50,53,-1,78,53,76,-1,76,53,55,-1,76,55,74,-1,74,55,57,-1,74,57,72,-1,72,57,59,-1,72,59,70,-1,70,59,61,-1,70,61,66,-1,66,61,63,-1,66,63,67,-1,67,63,64,-1,69,65,68,-1,68,65,62,-1,68,62,71,-1,71,62,60,-1,71,60,73,-1,73,60,58,-1,73,58,75,-1,75,58,56,-1,75,56,77,-1,77,56,54,-1,77,54,79,-1,79,54,52,-1,79,52,41,-1,41,52,51,-1,41,51,43,-1,43,51,49,-1,0,2,6,-1,6,2,10,-1,45,43,46,-1,46,43,49,-1,42,44,48,-1,48,44,47,-1,3,1,11,-1,11,1,7,-1,80,81,82,-1,82,81,83,-1,82,83,84,-1,84,83,85,-1,86,87,80,-1,80,87,81,-1,88,89,90,-1,90,89,91,-1,90,91,86,-1,86,91,87,-1,89,88,92,-1,89,92,93,-1,93,92,94,-1,93,94,95,-1,95,94,96,-1,95,96,97,-1,97,96,98,-1,97,98,99,-1,99,98,100,-1,99,100,101,-1,101,100,102,-1,101,102,103,-1,104,103,105,-1,105,103,102,-1,106,107,108,-1,108,107,109,-1,106,108,110,-1,110,108,111,-1,110,111,112,-1,112,111,113,-1,112,113,114,-1,114,113,115,-1,114,115,116,-1,116,115,117,-1,116,117,118,-1,118,117,119,-1,118,119,85,-1,85,119,84,-1,83,91,85,-1,85,91,89,-1,85,89,118,-1,118,89,93,-1,118,93,116,-1,116,93,95,-1,116,95,114,-1,114,95,97,-1,114,97,112,-1,112,97,99,-1,112,99,110,-1,110,99,101,-1,110,101,106,-1,106,101,103,-1,106,103,107,-1,107,103,104,-1,109,105,108,-1,108,105,102,-1,108,102,111,-1,111,102,100,-1,111,100,113,-1,113,100,98,-1,113,98,115,-1,115,98,96,-1,115,96,117,-1,117,96,94,-1,117,94,119,-1,119,94,92,-1,119,92,84,-1,84,92,88,-1,84,88,82,-1,82,88,90,-1,120,121,122,-1,122,121,123,-1,122,123,124,-1,124,123,125,-1,126,127,120,-1,120,127,121,-1,128,129,130,-1,130,129,131,-1,130,131,126,-1,126,131,127,-1,129,128,132,-1,129,132,133,-1,133,132,134,-1,133,134,135,-1,135,134,136,-1,135,136,137,-1,137,136,138,-1,137,138,139,-1,139,138,140,-1,139,140,141,-1,141,140,142,-1,141,142,143,-1,144,143,145,-1,145,143,142,-1,146,147,148,-1,148,147,149,-1,146,148,150,-1,150,148,151,-1,150,151,152,-1,152,151,153,-1,152,153,154,-1,154,153,155,-1,154,155,156,-1,156,155,157,-1,156,157,158,-1,158,157,159,-1,158,159,160,-1,160,159,161,-1,160,161,125,-1,125,161,124,-1,123,131,125,-1,125,131,129,-1,125,129,160,-1,160,129,133,-1,160,133,158,-1,158,133,135,-1,158,135,156,-1,156,135,137,-1,144,147,143,-1,143,147,146,-1,143,146,141,-1,141,146,150,-1,141,150,139,-1,139,150,152,-1,139,152,137,-1,137,152,154,-1,137,154,156,-1,130,122,128,-1,128,122,124,-1,128,124,132,-1,132,124,161,-1,132,161,134,-1,134,161,159,-1,134,159,136,-1,149,145,148,-1,148,145,142,-1,148,142,151,-1,151,142,140,-1,151,140,153,-1,153,140,138,-1,153,138,155,-1,155,138,136,-1,155,136,157,-1,157,136,159,-1,162,163,164,-1,164,163,165,-1,164,165,166,-1,166,165,167,-1,168,169,162,-1,162,169,163,-1,170,171,172,-1,172,171,173,-1,172,173,168,-1,168,173,169,-1,171,170,174,-1,171,174,175,-1,175,174,176,-1,175,176,177,-1,177,176,178,-1,177,178,179,-1,179,178,180,-1,179,180,181,-1,181,180,182,-1,181,182,183,-1,183,182,184,-1,183,184,185,-1,186,185,187,-1,187,185,184,-1,188,189,190,-1,190,189,191,-1,188,190,192,-1,192,190,193,-1,192,193,194,-1,194,193,195,-1,194,195,196,-1,196,195,197,-1,196,197,198,-1,198,197,199,-1,198,199,200,-1,200,199,201,-1,200,201,167,-1,167,201,166,-1,165,173,167,-1,167,173,171,-1,167,171,200,-1,200,171,175,-1,200,175,198,-1,198,175,177,-1,198,177,196,-1,196,177,179,-1,196,179,194,-1,194,179,181,-1,194,181,192,-1,192,181,183,-1,192,183,188,-1,188,183,185,-1,188,185,189,-1,189,185,186,-1,191,187,190,-1,190,187,184,-1,190,184,193,-1,193,184,182,-1,193,182,195,-1,195,182,180,-1,195,180,197,-1,197,180,178,-1,197,178,199,-1,199,178,176,-1,199,176,201,-1,201,176,174,-1,201,174,166,-1,166,174,170,-1,166,170,164,-1,164,170,172,-1,202,203,204,-1,204,203,205,-1,204,205,206,-1,206,205,207,-1,208,209,202,-1,202,209,203,-1,210,211,212,-1,212,211,213,-1,212,213,208,-1,208,213,209,-1,211,210,214,-1,211,214,215,-1,215,214,216,-1,215,216,217,-1,217,216,218,-1,217,218,219,-1,219,218,220,-1,219,220,221,-1,221,220,222,-1,221,222,223,-1,223,222,224,-1,223,224,225,-1,226,225,227,-1,227,225,224,-1,228,229,230,-1,230,229,231,-1,228,230,232,-1,232,230,233,-1,232,233,234,-1,234,233,235,-1,234,235,236,-1,236,235,237,-1,236,237,238,-1,238,237,239,-1,238,239,240,-1,240,239,241,-1,240,241,242,-1,242,241,243,-1,242,243,207,-1,207,243,206,-1,205,213,207,-1,207,213,211,-1,207,211,242,-1,242,211,215,-1,242,215,240,-1,240,215,217,-1,240,217,238,-1,238,217,219,-1,226,229,225,-1,225,229,228,-1,225,228,223,-1,223,228,232,-1,223,232,221,-1,221,232,234,-1,221,234,219,-1,219,234,236,-1,219,236,238,-1,212,204,210,-1,210,204,206,-1,210,206,214,-1,214,206,243,-1,214,243,216,-1,216,243,241,-1,216,241,218,-1,231,227,230,-1,230,227,224,-1,230,224,233,-1,233,224,222,-1,233,222,235,-1,235,222,220,-1,235,220,237,-1,237,220,218,-1,237,218,239,-1,239,218,241,-1,244,245,246,-1,246,245,247,-1,246,247,248,-1,248,247,249,-1,250,251,244,-1,244,251,245,-1,252,253,254,-1,254,253,255,-1,254,255,250,-1,250,255,251,-1,253,252,256,-1,253,256,257,-1,257,256,258,-1,257,258,259,-1,259,258,260,-1,259,260,261,-1,261,260,262,-1,261,262,263,-1,263,262,264,-1,263,264,265,-1,265,264,266,-1,265,266,267,-1,268,267,269,-1,269,267,266,-1,270,271,272,-1,272,271,273,-1,270,272,274,-1,274,272,275,-1,274,275,276,-1,276,275,277,-1,276,277,278,-1,278,277,279,-1,278,279,280,-1,280,279,281,-1,280,281,282,-1,282,281,283,-1,282,283,249,-1,249,283,248,-1,247,255,249,-1,249,255,253,-1,249,253,282,-1,282,253,257,-1,282,257,280,-1,280,257,259,-1,280,259,278,-1,278,259,261,-1,278,261,276,-1,276,261,263,-1,276,263,274,-1,274,263,265,-1,274,265,270,-1,270,265,267,-1,270,267,271,-1,271,267,268,-1,273,269,272,-1,272,269,266,-1,272,266,275,-1,275,266,264,-1,275,264,277,-1,277,264,262,-1,277,262,279,-1,279,262,260,-1,279,260,281,-1,281,260,258,-1,281,258,283,-1,283,258,256,-1,283,256,248,-1,248,256,252,-1,248,252,246,-1,246,252,254,-1,284,285,286,-1,286,285,287,-1,286,287,288,-1,288,287,289,-1,290,291,284,-1,284,291,285,-1,292,293,294,-1,294,293,295,-1,294,295,290,-1,290,295,291,-1,293,292,296,-1,293,296,297,-1,297,296,298,-1,297,298,299,-1,299,298,300,-1,299,300,301,-1,301,300,302,-1,301,302,303,-1,303,302,304,-1,303,304,305,-1,305,304,306,-1,305,306,307,-1,308,307,309,-1,309,307,306,-1,310,311,312,-1,312,311,313,-1,310,312,314,-1,314,312,315,-1,314,315,316,-1,316,315,317,-1,316,317,318,-1,318,317,319,-1,318,319,320,-1,320,319,321,-1,320,321,322,-1,322,321,323,-1,322,323,324,-1,324,323,325,-1,324,325,289,-1,289,325,288,-1,287,295,289,-1,289,295,293,-1,289,293,324,-1,324,293,297,-1,324,297,322,-1,322,297,299,-1,322,299,320,-1,320,299,301,-1,308,311,307,-1,307,311,310,-1,307,310,305,-1,305,310,314,-1,305,314,303,-1,303,314,316,-1,303,316,301,-1,301,316,318,-1,301,318,320,-1,294,286,292,-1,292,286,288,-1,292,288,296,-1,296,288,325,-1,296,325,298,-1,298,325,323,-1,298,323,300,-1,313,309,312,-1,312,309,306,-1,312,306,315,-1,315,306,304,-1,315,304,317,-1,317,304,302,-1,317,302,319,-1,319,302,300,-1,319,300,321,-1,321,300,323,-1,326,327,328,-1,328,327,329,-1,328,329,330,-1,330,329,331,-1,332,333,326,-1,326,333,327,-1,334,335,336,-1,336,335,337,-1,336,337,332,-1,332,337,333,-1,335,334,338,-1,335,338,339,-1,339,338,340,-1,339,340,341,-1,341,340,342,-1,341,342,343,-1,343,342,344,-1,343,344,345,-1,345,344,346,-1,345,346,347,-1,347,346,348,-1,347,348,349,-1,350,349,351,-1,351,349,348,-1,352,353,354,-1,354,353,355,-1,352,354,356,-1,356,354,357,-1,356,357,358,-1,358,357,359,-1,358,359,360,-1,360,359,361,-1,360,361,362,-1,362,361,363,-1,362,363,364,-1,364,363,365,-1,364,365,331,-1,331,365,330,-1,329,337,331,-1,331,337,335,-1,331,335,364,-1,364,335,339,-1,364,339,362,-1,362,339,341,-1,362,341,360,-1,360,341,343,-1,360,343,358,-1,358,343,345,-1,358,345,356,-1,356,345,347,-1,356,347,352,-1,352,347,349,-1,352,349,353,-1,353,349,350,-1,355,351,354,-1,354,351,348,-1,354,348,357,-1,357,348,346,-1,357,346,359,-1,359,346,344,-1,359,344,361,-1,361,344,342,-1,361,342,363,-1,363,342,340,-1,363,340,365,-1,365,340,338,-1,365,338,330,-1,330,338,334,-1,330,334,328,-1,328,334,336,-1,366,367,368,-1,368,367,369,-1,368,369,370,-1,370,369,371,-1,372,373,366,-1,366,373,367,-1,374,375,376,-1,376,375,377,-1,376,377,372,-1,372,377,373,-1,375,374,378,-1,375,378,379,-1,379,378,380,-1,379,380,381,-1,381,380,382,-1,381,382,383,-1,383,382,384,-1,383,384,385,-1,385,384,386,-1,385,386,387,-1,387,386,388,-1,387,388,389,-1,390,389,391,-1,391,389,388,-1,392,393,394,-1,394,393,395,-1,392,394,396,-1,396,394,397,-1,396,397,398,-1,398,397,399,-1,398,399,400,-1,400,399,401,-1,400,401,402,-1,402,401,403,-1,402,403,404,-1,404,403,405,-1,404,405,406,-1,406,405,407,-1,406,407,371,-1,371,407,370,-1,369,377,371,-1,371,377,375,-1,371,375,406,-1,406,375,379,-1,406,379,404,-1,404,379,381,-1,404,381,402,-1,402,381,383,-1,390,393,389,-1,389,393,392,-1,389,392,387,-1,387,392,396,-1,387,396,385,-1,385,396,398,-1,385,398,383,-1,383,398,400,-1,383,400,402,-1,376,368,374,-1,374,368,370,-1,374,370,378,-1,378,370,407,-1,378,407,380,-1,380,407,405,-1,380,405,382,-1,395,391,394,-1,394,391,388,-1,394,388,397,-1,397,388,386,-1,397,386,399,-1,399,386,384,-1,399,384,401,-1,401,384,382,-1,401,382,403,-1,403,382,405,-1,408,409,410,-1,410,409,411,-1,410,411,412,-1,412,411,413,-1,414,415,408,-1,408,415,409,-1,416,417,418,-1,418,417,419,-1,418,419,414,-1,414,419,415,-1,417,416,420,-1,417,420,421,-1,421,420,422,-1,421,422,423,-1,423,422,424,-1,423,424,425,-1,425,424,426,-1,425,426,427,-1,427,426,428,-1,427,428,429,-1,429,428,430,-1,429,430,431,-1,432,431,433,-1,433,431,430,-1,434,435,436,-1,436,435,437,-1,434,436,438,-1,438,436,439,-1,438,439,440,-1,440,439,441,-1,440,441,442,-1,442,441,443,-1,442,443,444,-1,444,443,445,-1,444,445,446,-1,446,445,447,-1,446,447,413,-1,413,447,412,-1,411,419,413,-1,413,419,417,-1,413,417,446,-1,446,417,421,-1,446,421,444,-1,444,421,423,-1,444,423,442,-1,442,423,425,-1,442,425,440,-1,440,425,427,-1,440,427,438,-1,438,427,429,-1,438,429,434,-1,434,429,431,-1,434,431,435,-1,435,431,432,-1,437,433,436,-1,436,433,430,-1,436,430,439,-1,439,430,428,-1,439,428,441,-1,441,428,426,-1,441,426,443,-1,443,426,424,-1,443,424,445,-1,445,424,422,-1,445,422,447,-1,447,422,420,-1,447,420,412,-1,412,420,416,-1,412,416,410,-1,410,416,418,-1,448,449,450,-1,450,449,451,-1,450,451,452,-1,452,451,453,-1,454,455,448,-1,448,455,449,-1,456,457,458,-1,458,457,459,-1,458,459,454,-1,454,459,455,-1,457,456,460,-1,457,460,461,-1,461,460,462,-1,461,462,463,-1,463,462,464,-1,463,464,465,-1,465,464,466,-1,465,466,467,-1,467,466,468,-1,467,468,469,-1,469,468,470,-1,469,470,471,-1,472,471,473,-1,473,471,470,-1,474,475,476,-1,476,475,477,-1,474,476,478,-1,478,476,479,-1,478,479,480,-1,480,479,481,-1,480,481,482,-1,482,481,483,-1,482,483,484,-1,484,483,485,-1,484,485,486,-1,486,485,487,-1,486,487,488,-1,488,487,489,-1,488,489,453,-1,453,489,452,-1,451,459,453,-1,453,459,457,-1,453,457,488,-1,488,457,461,-1,488,461,486,-1,486,461,463,-1,486,463,484,-1,484,463,465,-1,472,475,471,-1,471,475,474,-1,471,474,469,-1,469,474,478,-1,469,478,467,-1,467,478,480,-1,467,480,465,-1,465,480,482,-1,465,482,484,-1,458,450,456,-1,456,450,452,-1,456,452,460,-1,460,452,489,-1,460,489,462,-1,462,489,487,-1,462,487,464,-1,477,473,476,-1,476,473,470,-1,476,470,479,-1,479,470,468,-1,479,468,481,-1,481,468,466,-1,481,466,483,-1,483,466,464,-1,483,464,485,-1,485,464,487,-1,80,82,86,-1,86,82,90,-1,120,122,126,-1,126,122,130,-1,123,121,131,-1,131,121,127,-1,83,81,91,-1,91,81,87,-1,162,164,168,-1,168,164,172,-1,202,204,208,-1,208,204,212,-1,205,203,213,-1,213,203,209,-1,165,163,173,-1,173,163,169,-1,244,246,250,-1,250,246,254,-1,284,286,290,-1,290,286,294,-1,287,285,295,-1,295,285,291,-1,247,245,255,-1,255,245,251,-1,326,328,332,-1,332,328,336,-1,366,368,372,-1,372,368,376,-1,369,367,377,-1,377,367,373,-1,329,327,337,-1,337,327,333,-1,408,410,414,-1,414,410,418,-1,448,450,454,-1,454,450,458,-1,451,449,459,-1,459,449,455,-1,411,409,419,-1,419,409,415,-1,
        ]
    }
}
Shape{
    appearance Appearance {
        material  Material 	{
            diffuseColor 1.0 1.0 1.0
            specularColor 0.5019607843137255 0.5019607843137255 0.5019607843137255
            ambientIntensity 1.0
            transparency 0.0
            shininess 0.5
        }
    }
    geometry IndexedFaceSet {
        ccw TRUE
        solid FALSE
        coord DEF co Coordinate {
            point [
                3.002 -2.6663 1.0604, 3.002 -2.6663 1.0452, 2.998 -2.6663 1.0604, 2.998 -2.6663 1.0452, 3.002 -2.7194 1.0604, 2.998 -2.7194 1.0604, 3.002 -2.7194 1.1786, 2.998 -2.7194 1.1786, 3.002 -2.7367 1.1786, 2.998 -2.7367 1.1786, 3.002 -2.7367 1.0452, 2.998 -2.7367 1.0452, 3.002 -2.5775 1.0449, 3.002 -2.5979 1.0429, 2.998 -2.5979 1.0429, 2.998 -2.5861 1.0441, 2.998 -2.5775 1.0449, 3.002 -2.5632 1.0496, 2.998 -2.5666 1.0485, 2.998 -2.5632 1.0496, 2.998 -2.5609 1.0507, 3.002 -2.5609 1.0507, 3.002 -2.5609 1.0672, 2.998 -2.5609 1.0672, 2.998 -2.5666 1.0647, 3.002 -2.5741 1.0613, 2.998 -2.5741 1.0613, 2.998 -2.5892 1.0585, 3.002 -2.5892 1.0585, 2.998 -2.5954 1.0583, 3.002 -2.5954 1.0583, 2.998 -2.6073 1.0595, 3.002 -2.6073 1.0595, 2.998 -2.617 1.0629, 3.002 -2.617 1.0629, 2.998 -2.626 1.0689, 3.002 -2.626 1.0689, 2.998 -2.6297 1.0724, 3.002 -2.6297 1.0724, 2.998 -2.6359 1.0809, 3.002 -2.6359 1.0809, 2.998 -2.6403 1.0915, 3.002 -2.6403 1.0915, 2.998 -2.6426 1.1047, 3.002 -2.6426 1.1047, 2.998 -2.6427 1.1104, 3.002 -2.6427 1.1104, 2.998 -2.6406 1.1287, 3.002 -2.6406 1.1287, 2.998 -2.6361 1.1402, 3.002 -2.6361 1.1402, 2.998 -2.6297 1.1495, 3.002 -2.6297 1.1495, 2.998 -2.6287 1.1505, 3.002 -2.6287 1.1505, 2.998 -2.6203 1.1576, 3.002 -2.6203 1.1576, 2.998 -2.6099 1.1626, 3.002 -2.6099 1.1626, 2.998 -2.5984 1.1651, 3.002 -2.5984 1.1651, 2.998 -2.5924 1.1653, 3.002 -2.5924 1.1653, 2.998 -2.5759 1.1634, 2.998 -2.5666 1.1598, 3.002 -2.5624 1.1582, 3.002 -2.5759 1.1634, 2.998 -2.5624 1.1582, 2.998 -2.5609 1.1574, 3.002 -2.5609 1.1574, 3.002 -2.5609 1.1754, 2.998 -2.5609 1.1754, 2.998 -2.5666 1.1771, 3.002 -2.5751 1.1795, 2.998 -2.5925 1.1809, 3.002 -2.5925 1.1809, 2.998 -2.5782 1.1798, 2.998 -2.5751 1.1795, 2.998 -2.6018 1.1798, 3.002 -2.6118 1.1786, 2.998 -2.6118 1.1786, 2.998 -2.6257 1.1732, 3.002 -2.6257 1.1732, 2.998 -2.6382 1.1644, 3.002 -2.6382 1.1644, 2.998 -2.6416 1.1613, 3.002 -2.6416 1.1613, 2.998 -2.6512 1.1486, 2.998 -2.6549 1.1401, 3.002 -2.6576 1.1338, 3.002 -2.6512 1.1486, 2.998 -2.6576 1.1338, 2.998 -2.6606 1.1164, 3.002 -2.6606 1.1164, 2.998 -2.6608 1.1094, 3.002 -2.6608 1.1094, 2.998 -2.6582 1.0877, 2.998 -2.6549 1.0791, 3.002 -2.6528 1.0738, 3.002 -2.6582 1.0877, 2.998 -2.6528 1.0738, 2.998 -2.6448 1.0624, 3.002 -2.6448 1.0624, 2.998 -2.6437 1.0612, 3.002 -2.6437 1.0612, 3.002 -2.6082 1.0436, 2.998 -2.6346 1.0534, 3.002 -2.6346 1.0534, 2.998 -2.6223 1.047, 3.002 -2.6223 1.047, 2.998 -2.6102 1.0441, 2.998 -2.6082 1.0436, 3.002 -2.4624 1.0604, 3.002 -2.4624 1.0452, 2.998 -2.4624 1.0604, 2.998 -2.4624 1.0452, 2.998 -2.517 1.0604, 3.002 -2.517 1.0604, 2.998 -2.4809 1.0604, 3.002 -2.517 1.1053, 2.998 -2.517 1.1053, 3.002 -2.4693 1.1053, 2.998 -2.4809 1.1053, 2.998 -2.4693 1.1053, 3.002 -2.4693 1.1206, 2.998 -2.4693 1.1206, 2.998 -2.517 1.1206, 3.002 -2.517 1.1206, 2.998 -2.4809 1.1206, 3.002 -2.517 1.1633, 2.998 -2.517 1.1633, 2.998 -2.4655 1.1633, 3.002 -2.4655 1.1633, 2.998 -2.4809 1.1633, 3.002 -2.4655 1.1786, 2.998 -2.4655 1.1786, 2.998 -2.5342 1.1786, 3.002 -2.5342 1.1786, 2.998 -2.4809 1.1786, 3.002 -2.5342 1.0452, 2.998 -2.5342 1.0452, 2.998 -2.4809 1.0452, 3.002 -2.3487 1.0639, 3.002 -2.3625 1.0728, 3.002 -2.3627 1.0539, 3.002 -2.3712 1.0669, 3.002 -2.3779 1.0479, 3.002 -2.3822 1.0626, 3.002 -2.4005 1.0452, 3.002 -2.4006 1.0604, 3.002 -2.4372 1.0452, 3.002 -2.42 1.0604, 3.002 -2.4372 1.1786, 3.002 -2.42 1.1633, 3.002 -2.3992 1.1786, 3.002 -2.3998 1.1633, 3.002 -2.3989 1.1633, 3.002 -2.3788 1.1764, 3.002 -2.3817 1.1612, 3.002 -2.3627 1.1705, 3.002 -2.3703 1.1568, 3.002 -2.3487 1.161, 3.002 -2.3613 1.1507, 3.002 -2.344 1.1563, 3.002 -2.3576 1.147, 3.002 -2.3357 1.1447, 3.002 -2.3524 1.1395, 3.002 -2.3308 1.132, 3.002 -2.3486 1.1298, 3.002 -2.3286 1.1136, 3.002 -2.3467 1.1132, 3.002 -2.329 1.1051, 3.002 -2.3472 1.1043, 3.002 -2.3322 1.0895, 3.002 -2.3498 1.0922, 3.002 -2.3388 1.0757, 3.002 -2.3545 1.0823, 3.002 -2.3609 1.0743, 2.998 -2.4005 1.0452, 2.998 -2.4372 1.0452, 2.998 -2.3779 1.0479, 2.998 -2.3627 1.0539, 2.998 -2.3487 1.0639, 2.998 -2.3388 1.0757, 2.998 -2.3322 1.0895, 2.998 -2.329 1.1051, 2.998 -2.3286 1.1136, 2.998 -2.3308 1.132, 2.998 -2.3357 1.1447, 2.998 -2.344 1.1563, 2.998 -2.3487 1.161, 2.998 -2.3627 1.1705, 2.998 -2.3788 1.1764, 2.998 -2.3992 1.1786, 2.998 -2.4372 1.1786, 2.998 -2.3998 1.1633, 2.998 -2.42 1.1633, 2.998 -2.42 1.0604, 2.998 -2.4006 1.0604, 2.998 -2.3609 1.0743, 2.998 -2.3625 1.0728, 2.998 -2.3712 1.0669, 2.998 -2.3822 1.0626, 2.998 -2.3467 1.1132, 2.998 -2.3472 1.1043, 2.998 -2.3498 1.0922, 2.998 -2.3545 1.0823, 2.998 -2.3613 1.1507, 2.998 -2.3576 1.147, 2.998 -2.3524 1.1395, 2.998 -2.3486 1.1298, 2.998 -2.3989 1.1633, 2.998 -2.3817 1.1612, 2.998 -2.3703 1.1568
            ]
        }
        coordIndex [
            0,1,2,-1,2,1,3,-1,4,0,5,-1,5,0,2,-1,6,4,7,-1,7,4,5,-1,8,6,9,-1,9,6,7,-1,10,8,11,-1,11,8,9,-1,1,10,3,-1,3,10,11,-1,6,8,4,-1,4,8,10,-1,4,10,0,-1,0,10,1,-1,12,13,14,-1,14,15,12,-1,12,15,16,-1,12,16,17,-1,17,16,18,-1,18,19,17,-1,17,19,20,-1,17,20,21,-1,22,21,23,-1,23,21,20,-1,22,23,24,-1,22,24,25,-1,24,26,25,-1,25,26,27,-1,25,27,28,-1,28,27,29,-1,28,29,30,-1,30,29,31,-1,30,31,32,-1,32,31,33,-1,32,33,34,-1,34,33,35,-1,34,35,36,-1,36,35,37,-1,36,37,38,-1,38,37,39,-1,38,39,40,-1,40,39,41,-1,40,41,42,-1,42,41,43,-1,42,43,44,-1,44,43,45,-1,44,45,46,-1,46,45,47,-1,46,47,48,-1,48,47,49,-1,48,49,50,-1,50,49,51,-1,50,51,52,-1,52,51,53,-1,52,53,54,-1,54,53,55,-1,54,55,56,-1,56,55,57,-1,56,57,58,-1,58,57,59,-1,58,59,60,-1,60,59,61,-1,60,61,62,-1,62,61,63,-1,64,65,63,-1,63,65,66,-1,63,66,62,-1,64,67,65,-1,65,67,68,-1,65,68,69,-1,70,69,71,-1,71,69,68,-1,70,71,72,-1,70,72,73,-1,74,75,76,-1,76,75,73,-1,76,73,77,-1,77,73,72,-1,75,74,78,-1,75,78,79,-1,78,80,79,-1,79,80,81,-1,79,81,82,-1,82,81,83,-1,82,83,84,-1,84,83,85,-1,84,85,86,-1,86,85,87,-1,88,89,87,-1,87,89,90,-1,87,90,86,-1,88,91,89,-1,89,91,92,-1,89,92,93,-1,93,92,94,-1,93,94,95,-1,95,94,96,-1,97,98,96,-1,96,98,99,-1,96,99,95,-1,97,100,98,-1,98,100,101,-1,98,101,102,-1,102,101,103,-1,102,103,104,-1,14,13,105,-1,104,103,106,-1,104,106,107,-1,107,106,108,-1,107,108,109,-1,109,108,110,-1,109,110,105,-1,105,110,111,-1,105,111,14,-1,86,54,84,-1,84,54,56,-1,84,56,82,-1,95,46,93,-1,93,46,48,-1,93,48,89,-1,89,48,90,-1,90,48,50,-1,90,50,86,-1,86,50,52,-1,86,52,54,-1,82,56,79,-1,79,56,58,-1,79,58,75,-1,21,22,17,-1,17,22,25,-1,17,25,12,-1,12,25,28,-1,12,28,13,-1,13,28,30,-1,13,30,105,-1,105,30,32,-1,105,32,109,-1,109,32,34,-1,109,34,107,-1,107,34,36,-1,107,36,104,-1,104,36,38,-1,104,38,102,-1,102,38,40,-1,102,40,98,-1,98,40,99,-1,99,40,42,-1,99,42,95,-1,95,42,44,-1,95,44,46,-1,58,60,75,-1,75,60,62,-1,75,62,73,-1,73,62,66,-1,73,66,70,-1,70,66,65,-1,70,65,69,-1,112,113,114,-1,114,113,115,-1,116,117,118,-1,118,117,112,-1,118,112,114,-1,119,117,120,-1,120,117,116,-1,119,120,121,-1,121,120,122,-1,121,122,123,-1,124,121,125,-1,125,121,123,-1,126,127,128,-1,128,127,124,-1,128,124,125,-1,129,127,130,-1,130,127,126,-1,131,132,133,-1,133,132,129,-1,133,129,130,-1,134,132,135,-1,135,132,131,-1,136,137,138,-1,138,137,134,-1,138,134,135,-1,139,137,140,-1,140,137,136,-1,115,113,141,-1,141,113,139,-1,141,139,140,-1,139,113,112,-1,112,117,139,-1,139,117,119,-1,139,119,137,-1,132,134,129,-1,129,134,137,-1,129,137,127,-1,127,137,119,-1,127,119,124,-1,124,119,121,-1,142,143,144,-1,144,143,145,-1,144,145,146,-1,146,145,147,-1,146,147,148,-1,148,147,149,-1,148,149,150,-1,150,149,151,-1,150,151,152,-1,152,151,153,-1,152,153,154,-1,153,155,154,-1,154,155,156,-1,154,156,157,-1,157,156,158,-1,157,158,159,-1,159,158,160,-1,159,160,161,-1,161,160,162,-1,161,162,163,-1,163,162,164,-1,163,164,165,-1,165,164,166,-1,165,166,167,-1,167,166,168,-1,167,168,169,-1,169,168,170,-1,169,170,171,-1,171,170,172,-1,171,172,173,-1,173,172,174,-1,173,174,175,-1,175,174,176,-1,175,176,142,-1,142,176,177,-1,142,177,143,-1,148,150,178,-1,178,150,179,-1,148,178,180,-1,148,180,146,-1,146,180,181,-1,146,181,144,-1,144,181,182,-1,144,182,142,-1,142,182,183,-1,142,183,175,-1,175,183,184,-1,175,184,173,-1,173,184,185,-1,173,185,171,-1,171,185,186,-1,171,186,169,-1,169,186,187,-1,169,187,167,-1,167,187,188,-1,167,188,165,-1,165,188,189,-1,165,189,163,-1,163,189,190,-1,163,190,161,-1,161,190,191,-1,161,191,159,-1,159,191,192,-1,159,192,157,-1,157,192,193,-1,157,193,154,-1,152,154,194,-1,194,154,193,-1,150,152,179,-1,179,152,194,-1,155,153,195,-1,195,153,196,-1,153,151,196,-1,196,151,197,-1,151,149,197,-1,197,149,198,-1,177,199,200,-1,177,200,143,-1,143,200,201,-1,143,201,145,-1,145,201,202,-1,145,202,147,-1,147,202,198,-1,147,198,149,-1,170,203,204,-1,170,204,172,-1,172,204,205,-1,172,205,174,-1,174,205,206,-1,174,206,176,-1,176,206,199,-1,176,199,177,-1,162,207,208,-1,162,208,164,-1,164,208,209,-1,164,209,166,-1,166,209,210,-1,166,210,168,-1,168,210,203,-1,168,203,170,-1,155,195,211,-1,155,211,156,-1,156,211,212,-1,156,212,158,-1,158,212,213,-1,158,213,160,-1,160,213,207,-1,160,207,162,-1,
        ]
    }
}
Shape{
    appearance Appearance {
        material  Material 	{
            diffuseColor 0.2235294117647059 0.2235294117647059 0.2235294117647059
            specularColor 0.11372549019607843 0.11372549019607843 0.11372549019607843
            ambientIntensity 0.2235
            transparency 0.0
            shininess 0.5
        }
    }
    geometry IndexedFaceSet {
        ccw TRUE
        solid FALSE
        coord DEF co Coordinate {
            point [
                2.998 -2.3712 1.0669, 2.998 -2.3625 1.0728, 2.998 -2.3989 1.1633, 2.998 -2.42 1.1633, 2.998 -2.42 1.0604, 2.998 -2.3998 1.1633, 2.998 -2.4006 1.0604, 2.998 -2.3822 1.0626, 2.998 -2.3609 1.0743, 2.998 -2.3545 1.0823, 2.998 -2.3498 1.0922, 2.998 -2.3467 1.1132, 2.998 -2.3613 1.1507, 2.998 -2.3703 1.1568, 2.998 -2.3486 1.1298, 2.998 -2.3524 1.1395, 2.998 -2.3576 1.147, 2.998 -2.3472 1.1043, 2.998 -2.3817 1.1612
            ]
        }
        coordIndex [
            0,1,2,-1,3,4,5,-1,5,4,6,-1,5,6,2,-1,2,6,7,-1,2,7,0,-1,1,8,2,-1,2,8,9,-1,2,9,10,-1,11,12,13,-1,14,15,11,-1,11,15,16,-1,11,16,12,-1,10,17,2,-1,2,17,11,-1,2,11,18,-1,18,11,13,-1,
        ]
    }
}
Shape{
    appearance Appearance {
        material  Material 	{
            diffuseColor 1.0 1.0 1.0
            specularColor 0.5019607843137255 0.5019607843137255 0.5019607843137255
            ambientIntensity 1.0
            transparency 0.0
            shininess 0.5
        }
    }
    geometry IndexedFaceSet {
        ccw TRUE
        solid FALSE
        coord DEF co Coordinate {
            point [
                3.002 -2.2838 1.0968, 3.002 -2.2893 1.0817, 3.002 -2.2391 1.0968, 3.002 -2.2337 1.0817, 3.002 -2.2639 1.1522, 3.002 -2.2703 1.1786, 3.002 -2.3212 1.0452, 3.002 -2.3021 1.0452, 3.002 -2.2627 1.1562, 3.002 -2.2617 1.1616, 3.002 -2.2519 1.1786, 3.002 -2.2613 1.1616, 3.002 -2.2602 1.1559, 3.002 -2.2592 1.1522, 3.002 -2.2011 1.0452, 3.002 -2.2201 1.0452, 2.998 -2.2519 1.1786, 2.998 -2.2011 1.0452, 2.998 -2.2703 1.1786, 2.998 -2.3212 1.0452, 2.998 -2.2827 1.1462, 2.998 -2.3021 1.0452, 2.998 -2.2893 1.0817, 2.998 -2.2337 1.0817, 2.998 -2.2827 1.0817, 2.998 -2.2201 1.0452, 2.998 -2.2838 1.0968, 2.998 -2.2391 1.0968, 2.998 -2.2592 1.1522, 2.998 -2.2613 1.1616, 2.998 -2.2602 1.1559, 2.998 -2.2617 1.1616, 2.998 -2.2639 1.1522, 2.998 -2.2627 1.1562
            ]
        }
        coordIndex [
            0,1,2,-1,2,1,3,-1,4,5,0,-1,0,5,6,-1,0,6,1,-1,1,6,7,-1,4,8,5,-1,5,8,9,-1,5,9,10,-1,10,9,11,-1,10,11,12,-1,12,13,10,-1,10,13,2,-1,10,2,14,-1,14,2,3,-1,14,3,15,-1,10,14,16,-1,16,14,17,-1,5,10,18,-1,18,10,16,-1,19,6,20,-1,20,6,5,-1,20,5,18,-1,7,6,21,-1,21,6,19,-1,1,7,22,-1,22,7,21,-1,23,3,24,-1,24,3,1,-1,24,1,22,-1,15,3,25,-1,25,3,23,-1,14,15,17,-1,17,15,25,-1,0,2,26,-1,26,2,27,-1,2,13,27,-1,27,13,28,-1,11,29,30,-1,11,30,12,-1,12,30,28,-1,12,28,13,-1,11,9,29,-1,29,9,31,-1,4,32,33,-1,4,33,8,-1,8,33,31,-1,8,31,9,-1,4,0,32,-1,32,0,26,-1,
        ]
    }
}
Shape{
    appearance Appearance {
        material  Material 	{
            diffuseColor 0.2235294117647059 0.2235294117647059 0.2235294117647059
            specularColor 0.11372549019607843 0.11372549019607843 0.11372549019607843
            ambientIntensity 0.2235
            transparency 0.0
            shininess 0.5
        }
    }
    geometry IndexedFaceSet {
        ccw TRUE
        solid FALSE
        coord DEF co Coordinate {
            point [
                2.998 -2.2613 1.1616, 2.998 -2.2617 1.1616, 2.998 -2.2602 1.1559, 2.998 -2.2627 1.1562, 2.998 -2.2592 1.1522, 2.998 -2.2639 1.1522, 2.998 -2.2391 1.0968, 2.998 -2.2838 1.0968
            ]
        }
        coordIndex [
            0,1,2,-1,2,1,3,-1,2,3,4,-1,4,3,5,-1,4,5,6,-1,6,5,7,-1,
        ]
    }
}
Shape{
    appearance Appearance {
        material  Material 	{
            diffuseColor 1.0 1.0 1.0
            specularColor 0.5019607843137255 0.5019607843137255 0.5019607843137255
            ambientIntensity 1.0
            transparency 0.0
            shininess 0.5
        }
    }
    geometry IndexedFaceSet {
        ccw TRUE
        solid FALSE
        coord DEF co Coordinate {
            point [
                3.002 -2.6649 0.8487, 3.002 -2.6649 0.8335, 2.998 -2.6649 0.8487, 2.998 -2.6649 0.8335, 3.002 -2.7194 0.8487, 2.998 -2.7194 0.8487, 3.002 -2.7194 0.8936, 2.998 -2.7194 0.8936, 3.002 -2.6717 0.8936, 2.998 -2.6717 0.8936, 3.002 -2.6717 0.9089, 2.998 -2.6717 0.9089, 3.002 -2.7194 0.9089, 2.998 -2.7194 0.9089, 3.002 -2.7194 0.9516, 2.998 -2.7194 0.9516, 3.002 -2.6679 0.9516, 2.998 -2.6679 0.9516, 3.002 -2.6679 0.9669, 2.998 -2.6679 0.9669, 3.002 -2.7367 0.9669, 2.998 -2.7367 0.9669, 3.002 -2.7367 0.8335, 2.998 -2.7367 0.8335, 3.002 -2.5895 0.8482, 3.002 -2.589 0.8482, 3.002 -2.5901 0.8636, 3.002 -2.589 0.8711, 3.002 -2.5723 0.8948, 3.002 -2.589 0.8722, 3.002 -2.589 0.8813, 3.002 -2.589 0.8335, 3.002 -2.5723 0.8335, 3.002 -2.6318 0.863, 3.002 -2.631 0.8669, 3.002 -2.6454 0.8743, 3.002 -2.5926 0.8576, 3.002 -2.5962 0.8527, 3.002 -2.5922 0.8441, 3.002 -2.5983 0.8507, 3.002 -2.5975 0.8385, 3.002 -2.603 0.8475, 3.002 -2.6032 0.8347, 3.002 -2.6081 0.8457, 3.002 -2.61 0.8322, 3.002 -2.6143 0.845, 3.002 -2.6187 0.8312, 3.002 -2.62 0.8456, 3.002 -2.6287 0.8324, 3.002 -2.6238 0.847, 3.002 -2.6351 0.8348, 3.002 -2.6271 0.8493, 3.002 -2.6407 0.8388, 3.002 -2.6285 0.8507, 3.002 -2.642 0.8791, 3.002 -2.6295 0.87, 3.002 -2.6368 0.8835, 3.002 -2.6275 0.8725, 3.002 -2.6296 0.8871, 3.002 -2.6255 0.874, 3.002 -2.6216 0.8759, 3.002 -2.6173 0.8901, 3.002 -2.6113 0.8783, 3.002 -2.589 0.8941, 3.002 -2.6477 0.8685, 3.002 -2.6488 0.8613, 3.002 -2.6319 0.8604, 3.002 -2.6489 0.859, 3.002 -2.6315 0.8565, 3.002 -2.6481 0.8514, 3.002 -2.6304 0.8535, 3.002 -2.646 0.8458, 3.002 -2.6426 0.8406, 3.002 -2.6396 0.9221, 3.002 -2.6396 0.9059, 3.002 -2.6361 0.9241, 3.002 -2.6295 0.9124, 3.002 -2.6236 0.929, 3.002 -2.6191 0.9162, 3.002 -2.6068 0.931, 3.002 -2.6083 0.9174, 3.002 -2.5966 0.9301, 3.002 -2.6027 0.9168, 3.002 -2.5896 0.9279, 3.002 -2.5988 0.9155, 3.002 -2.584 0.9247, 3.002 -2.5958 0.9136, 3.002 -2.5796 0.9204, 3.002 -2.5933 0.9109, 3.002 -2.5762 0.915, 3.002 -2.5913 0.9074, 3.002 -2.5736 0.9074, 3.002 -2.5896 0.9015, 2.998 -2.6068 0.931, 2.998 -2.6236 0.929, 2.998 -2.6361 0.9241, 2.998 -2.6396 0.9221, 2.998 -2.6396 0.9059, 2.998 -2.6295 0.9124, 2.998 -2.6191 0.9162, 2.998 -2.6083 0.9174, 2.998 -2.6027 0.9168, 2.998 -2.5988 0.9155, 2.998 -2.5958 0.9136, 2.998 -2.5933 0.9109, 2.998 -2.5913 0.9074, 2.998 -2.5896 0.9015, 2.998 -2.589 0.8941, 2.998 -2.6173 0.8901, 2.998 -2.6296 0.8871, 2.998 -2.6368 0.8835, 2.998 -2.642 0.8791, 2.998 -2.6454 0.8743, 2.998 -2.6477 0.8685, 2.998 -2.6488 0.8613, 2.998 -2.6489 0.859, 2.998 -2.6481 0.8514, 2.998 -2.646 0.8458, 2.998 -2.6426 0.8406, 2.998 -2.6407 0.8388, 2.998 -2.6187 0.8312, 2.998 -2.6284 0.8324, 2.998 -2.6287 0.8324, 2.998 -2.6351 0.8348, 2.998 -2.61 0.8322, 2.998 -2.6096 0.8324, 2.998 -2.6032 0.8347, 2.998 -2.5975 0.8385, 2.998 -2.5922 0.8441, 2.998 -2.5895 0.8482, 2.998 -2.589 0.8482, 2.998 -2.589 0.8335, 2.998 -2.5723 0.8335, 2.998 -2.5723 0.8948, 2.998 -2.5736 0.9074, 2.998 -2.5762 0.915, 2.998 -2.5796 0.9204, 2.998 -2.584 0.9247, 2.998 -2.5896 0.9279, 2.998 -2.5966 0.9301, 2.998 -2.6275 0.8725, 2.998 -2.6255 0.874, 2.998 -2.6216 0.8759, 2.998 -2.6113 0.8783, 2.998 -2.6319 0.8604, 2.998 -2.6318 0.863, 2.998 -2.631 0.8669, 2.998 -2.6295 0.87, 2.998 -2.6271 0.8493, 2.998 -2.6285 0.8507, 2.998 -2.6304 0.8535, 2.998 -2.6315 0.8565, 2.998 -2.6143 0.845, 2.998 -2.62 0.8456, 2.998 -2.6238 0.847, 2.998 -2.5962 0.8527, 2.998 -2.5983 0.8507, 2.998 -2.603 0.8475, 2.998 -2.6081 0.8457, 2.998 -2.589 0.8722, 2.998 -2.589 0.8711, 2.998 -2.5901 0.8636, 2.998 -2.5926 0.8576, 2.998 -2.589 0.8813
            ]
        }
        coordIndex [
            0,1,2,-1,2,1,3,-1,4,0,5,-1,5,0,2,-1,6,4,7,-1,7,4,5,-1,8,6,9,-1,9,6,7,-1,10,8,11,-1,11,8,9,-1,12,10,13,-1,13,10,11,-1,14,12,15,-1,15,12,13,-1,16,14,17,-1,17,14,15,-1,18,16,19,-1,19,16,17,-1,20,18,21,-1,21,18,19,-1,22,20,23,-1,23,20,21,-1,1,22,3,-1,3,22,23,-1,22,1,0,-1,0,4,22,-1,22,4,6,-1,22,6,20,-1,16,18,14,-1,14,18,20,-1,14,20,12,-1,12,20,6,-1,12,6,10,-1,10,6,8,-1,24,25,26,-1,27,28,29,-1,29,28,30,-1,31,32,25,-1,25,32,28,-1,25,28,26,-1,26,28,27,-1,33,34,35,-1,26,36,24,-1,24,36,37,-1,24,37,38,-1,38,37,39,-1,38,39,40,-1,40,39,41,-1,40,41,42,-1,42,41,43,-1,42,43,44,-1,44,43,45,-1,44,45,46,-1,46,45,47,-1,46,47,48,-1,48,47,49,-1,48,49,50,-1,50,49,51,-1,50,51,52,-1,52,51,53,-1,35,34,54,-1,54,34,55,-1,54,55,56,-1,56,55,57,-1,56,57,58,-1,57,59,58,-1,58,59,60,-1,58,60,61,-1,61,60,62,-1,61,62,63,-1,35,64,33,-1,33,64,65,-1,33,65,66,-1,66,65,67,-1,66,67,68,-1,68,67,69,-1,68,69,70,-1,70,69,71,-1,70,71,53,-1,53,71,72,-1,53,72,52,-1,73,74,75,-1,75,74,76,-1,75,76,77,-1,77,76,78,-1,77,78,79,-1,79,78,80,-1,79,80,81,-1,81,80,82,-1,81,82,83,-1,83,82,84,-1,83,84,85,-1,85,84,86,-1,85,86,87,-1,87,86,88,-1,87,88,89,-1,89,88,90,-1,89,90,91,-1,91,90,92,-1,91,92,28,-1,28,92,63,-1,28,63,30,-1,30,63,62,-1,79,93,94,-1,79,94,77,-1,77,94,95,-1,77,95,75,-1,75,95,96,-1,75,96,73,-1,74,73,97,-1,97,73,96,-1,74,97,98,-1,74,98,76,-1,76,98,99,-1,76,99,78,-1,78,99,100,-1,78,100,80,-1,80,100,101,-1,80,101,82,-1,82,101,102,-1,82,102,84,-1,84,102,103,-1,84,103,86,-1,86,103,104,-1,86,104,88,-1,88,104,105,-1,88,105,90,-1,90,105,106,-1,90,106,92,-1,92,106,107,-1,92,107,63,-1,61,63,108,-1,108,63,107,-1,61,108,109,-1,61,109,58,-1,58,109,110,-1,58,110,56,-1,56,110,111,-1,56,111,54,-1,54,111,112,-1,54,112,35,-1,35,112,113,-1,35,113,64,-1,64,113,114,-1,64,114,65,-1,65,114,115,-1,65,115,67,-1,67,115,116,-1,67,116,69,-1,69,116,117,-1,69,117,71,-1,71,117,118,-1,71,118,72,-1,72,118,119,-1,72,119,52,-1,120,46,121,-1,121,46,48,-1,121,48,122,-1,122,48,50,-1,122,50,123,-1,123,50,52,-1,123,52,119,-1,46,120,124,-1,46,124,44,-1,44,124,125,-1,44,125,42,-1,125,126,42,-1,42,126,127,-1,42,127,40,-1,40,127,128,-1,40,128,38,-1,38,128,129,-1,38,129,24,-1,25,24,130,-1,130,24,129,-1,31,25,131,-1,131,25,130,-1,32,31,132,-1,132,31,131,-1,28,32,133,-1,133,32,132,-1,28,133,134,-1,28,134,91,-1,91,134,135,-1,91,135,89,-1,89,135,136,-1,89,136,87,-1,87,136,137,-1,87,137,85,-1,85,137,138,-1,85,138,83,-1,83,138,139,-1,83,139,81,-1,81,139,93,-1,81,93,79,-1,57,140,141,-1,57,141,59,-1,59,141,142,-1,59,142,60,-1,60,142,143,-1,60,143,62,-1,66,144,145,-1,66,145,33,-1,33,145,146,-1,33,146,34,-1,34,146,147,-1,34,147,55,-1,55,147,140,-1,55,140,57,-1,51,148,149,-1,51,149,53,-1,53,149,150,-1,53,150,70,-1,70,150,151,-1,70,151,68,-1,68,151,144,-1,68,144,66,-1,45,152,153,-1,45,153,47,-1,47,153,154,-1,47,154,49,-1,49,154,148,-1,49,148,51,-1,37,155,156,-1,37,156,39,-1,39,156,157,-1,39,157,41,-1,41,157,158,-1,41,158,43,-1,43,158,152,-1,43,152,45,-1,29,159,160,-1,29,160,27,-1,27,160,161,-1,27,161,26,-1,26,161,162,-1,26,162,36,-1,36,162,155,-1,36,155,37,-1,29,30,159,-1,159,30,163,-1,30,62,163,-1,163,62,143,-1,
        ]
    }
}
Shape{
    appearance Appearance {
        material  Material 	{
            diffuseColor 0.2235294117647059 0.2235294117647059 0.2235294117647059
            specularColor 0.11372549019607843 0.11372549019607843 0.11372549019607843
            ambientIntensity 0.2235
            transparency 0.0
            shininess 0.5
        }
    }
    geometry IndexedFaceSet {
        ccw TRUE
        solid FALSE
        coord DEF co Coordinate {
            point [
                2.998 -2.589 0.8711, 2.998 -2.589 0.8722, 2.998 -2.6275 0.8725, 2.998 -2.589 0.8813, 2.998 -2.6113 0.8783, 2.998 -2.6216 0.8759, 2.998 -2.6255 0.874, 2.998 -2.5901 0.8636, 2.998 -2.6295 0.87, 2.998 -2.5926 0.8576, 2.998 -2.6285 0.8507, 2.998 -2.6271 0.8493, 2.998 -2.5983 0.8507, 2.998 -2.6304 0.8535, 2.998 -2.603 0.8475, 2.998 -2.6081 0.8457, 2.998 -2.6143 0.845, 2.998 -2.631 0.8669, 2.998 -2.6318 0.863, 2.998 -2.5962 0.8527, 2.998 -2.6319 0.8604, 2.998 -2.6315 0.8565, 2.998 -2.6238 0.847, 2.998 -2.62 0.8456
            ]
        }
        coordIndex [
            0,1,2,-1,1,3,4,-1,4,5,1,-1,1,5,6,-1,1,6,2,-1,0,2,7,-1,7,2,8,-1,7,8,9,-1,10,11,12,-1,10,12,13,-1,14,12,15,-1,15,12,16,-1,8,17,9,-1,9,17,18,-1,9,18,19,-1,19,18,20,-1,19,20,12,-1,12,20,21,-1,12,21,13,-1,11,22,12,-1,12,22,23,-1,12,23,16,-1,
        ]
    }
}
Shape{
    appearance Appearance {
        material  Material 	{
            diffuseColor 1.0 1.0 1.0
            specularColor 0.5019607843137255 0.5019607843137255 0.5019607843137255
            ambientIntensity 1.0
            transparency 0.0
            shininess 0.5
        }
    }
    geometry IndexedFaceSet {
        ccw TRUE
        solid FALSE
        coord DEF co Coordinate {
            point [
                2.998 -2.5497 0.8541, 3.002 -2.5497 0.8541, 3.002 -2.5432 0.8501, 3.002 -2.5222 0.8449, 2.998 -2.5222 0.8449, 2.998 -2.5327 0.8461, 3.002 -2.5327 0.8461, 2.998 -2.5419 0.8496, 2.998 -2.5432 0.8501, 3.002 -2.5497 0.8368, 2.998 -2.5497 0.8368, 3.002 -2.5392 0.833, 2.998 -2.5419 0.834, 2.998 -2.5238 0.8312, 3.002 -2.5238 0.8312, 2.998 -2.5336 0.8324, 2.998 -2.5392 0.833, 2.998 -2.5123 0.8324, 3.002 -2.5109 0.8325, 2.998 -2.5109 0.8325, 2.998 -2.5016 0.8356, 3.002 -2.5016 0.8356, 2.998 -2.496 0.8388, 3.002 -2.496 0.8388, 2.998 -2.4912 0.843, 3.002 -2.4912 0.843, 2.998 -2.4881 0.8474, 3.002 -2.4881 0.8474, 2.998 -2.4861 0.8527, 3.002 -2.4861 0.8527, 2.998 -2.4853 0.8594, 3.002 -2.4853 0.8594, 2.998 -2.486 0.8656, 3.002 -2.486 0.8656, 2.998 -2.4878 0.8706, 3.002 -2.4878 0.8706, 2.998 -2.4909 0.8752, 3.002 -2.4909 0.8752, 2.998 -2.4949 0.8787, 3.002 -2.4949 0.8787, 2.998 -2.506 0.8849, 3.002 -2.506 0.8849, 2.998 -2.5124 0.8875, 3.002 -2.5124 0.8875, 2.998 -2.5228 0.892, 3.002 -2.5228 0.892, 2.998 -2.5287 0.8957, 3.002 -2.5287 0.8957, 2.998 -2.5303 0.8975, 3.002 -2.5303 0.8975, 2.998 -2.5315 0.8998, 3.002 -2.5315 0.8998, 2.998 -2.5322 0.9024, 3.002 -2.5322 0.9024, 2.998 -2.5323 0.9046, 3.002 -2.5323 0.9046, 2.998 -2.532 0.9073, 3.002 -2.532 0.9073, 2.998 -2.5312 0.9095, 3.002 -2.5312 0.9095, 2.998 -2.5298 0.9116, 3.002 -2.5298 0.9116, 2.998 -2.5272 0.9139, 3.002 -2.5272 0.9139, 2.998 -2.5235 0.9159, 3.002 -2.5235 0.9159, 2.998 -2.519 0.917, 3.002 -2.519 0.917, 2.998 -2.5141 0.9174, 3.002 -2.5141 0.9174, 2.998 -2.5032 0.9162, 3.002 -2.5032 0.9162, 2.998 -2.4937 0.9127, 3.002 -2.4937 0.9127, 2.998 -2.4899 0.9105, 3.002 -2.4899 0.9105, 3.002 -2.4899 0.9268, 2.998 -2.4899 0.9268, 2.998 -2.5009 0.93, 3.002 -2.5009 0.93, 2.998 -2.5124 0.931, 3.002 -2.5124 0.931, 2.998 -2.5244 0.9297, 3.002 -2.5244 0.9297, 2.998 -2.5336 0.9265, 3.002 -2.5336 0.9265, 2.998 -2.5388 0.9234, 3.002 -2.5388 0.9234, 3.002 -2.5438 0.919, 2.998 -2.5419 0.9206, 2.998 -2.5438 0.919, 2.998 -2.5469 0.9144, 3.002 -2.5469 0.9144, 2.998 -2.5489 0.9091, 3.002 -2.5489 0.9091, 2.998 -2.5496 0.9031, 3.002 -2.5496 0.9031, 2.998 -2.5488 0.8966, 3.002 -2.5488 0.8966, 2.998 -2.547 0.8915, 3.002 -2.547 0.8915, 2.998 -2.5448 0.888, 3.002 -2.5448 0.888, 2.998 -2.5242 0.8754, 3.002 -2.5242 0.8754, 3.002 -2.5342 0.88, 2.998 -2.5421 0.8851, 3.002 -2.5421 0.8851, 2.998 -2.5419 0.8851, 2.998 -2.5342 0.88, 2.998 -2.5133 0.8708, 3.002 -2.5133 0.8708, 2.998 -2.5067 0.8669, 3.002 -2.5067 0.8669, 2.998 -2.5047 0.8647, 3.002 -2.5047 0.8647, 2.998 -2.5034 0.8625, 3.002 -2.5034 0.8625, 2.998 -2.5026 0.8599, 3.002 -2.5026 0.8599, 2.998 -2.5024 0.8578, 3.002 -2.5024 0.8578, 2.998 -2.5028 0.8546, 3.002 -2.5028 0.8546, 2.998 -2.5036 0.8522, 3.002 -2.5036 0.8522, 2.998 -2.5051 0.8501, 3.002 -2.5051 0.8501, 2.998 -2.507 0.8484, 3.002 -2.507 0.8484, 2.998 -2.5085 0.8474, 3.002 -2.5085 0.8474, 2.998 -2.5129 0.8459, 3.002 -2.5129 0.8459, 2.998 -2.5214 0.8449, 3.002 -2.5214 0.8449, 3.002 -2.4024 0.9288, 3.002 -2.3851 0.9288, 2.998 -2.4024 0.9288, 2.998 -2.3851 0.9288, 3.002 -2.4285 0.857, 2.998 -2.4285 0.857, 2.998 -2.4297 0.8526, 3.002 -2.4297 0.8526, 2.998 -2.4305 0.8493, 3.002 -2.4305 0.8493, 3.002 -2.4309 0.8493, 2.998 -2.4309 0.8493, 3.002 -2.433 0.8572, 2.998 -2.433 0.8572, 2.998 -2.4579 0.9288, 3.002 -2.4579 0.9288, 2.998 -2.4498 0.9056, 3.002 -2.4766 0.9288, 2.998 -2.4766 0.9288, 2.998 -2.4392 0.8337, 3.002 -2.4392 0.8337, 2.998 -2.4498 0.8607, 2.998 -2.4465 0.8164, 3.002 -2.4465 0.8164, 2.998 -2.4398 0.8324, 2.998 -2.4498 0.8103, 3.002 -2.4498 0.8103, 2.998 -2.4498 0.8103, 2.998 -2.453 0.8069, 3.002 -2.453 0.8069, 2.998 -2.4559 0.8048, 3.002 -2.4559 0.8048, 2.998 -2.4595 0.8034, 3.002 -2.4595 0.8034, 2.998 -2.4637 0.8029, 3.002 -2.4637 0.8029, 2.998 -2.4697 0.8037, 3.002 -2.4697 0.8037, 2.998 -2.4731 0.8048, 3.002 -2.4731 0.8048, 3.002 -2.4731 0.79, 2.998 -2.4731 0.79, 2.998 -2.4661 0.7887, 3.002 -2.4661 0.7887, 2.998 -2.4624 0.7886, 3.002 -2.4624 0.7886, 2.998 -2.4556 0.7894, 3.002 -2.4556 0.7894, 2.998 -2.4498 0.7916, 3.002 -2.449 0.7919, 2.998 -2.449 0.7919, 2.998 -2.4432 0.796, 3.002 -2.4432 0.796, 2.998 -2.442 0.797, 3.002 -2.442 0.797, 2.998 -2.4359 0.8044, 3.002 -2.4359 0.8044, 2.998 -2.4284 0.8191, 3.002 -2.4284 0.8191, 2.998 -2.4231 0.8324, 3.002 -2.2953 0.8487, 3.002 -2.2953 0.8335, 2.998 -2.2953 0.8487, 2.998 -2.2953 0.8335, 2.998 -2.3499 0.8487, 3.002 -2.3499 0.8487, 2.998 -2.3249 0.8487, 3.002 -2.3499 0.8936, 2.998 -2.3499 0.8936, 2.998 -2.3021 0.8936, 3.002 -2.3021 0.8936, 2.998 -2.3249 0.8936, 3.002 -2.3021 0.9089, 2.998 -2.3021 0.9089, 2.998 -2.3499 0.9089, 3.002 -2.3499 0.9089, 2.998 -2.3249 0.9089, 3.002 -2.3499 0.9516, 2.998 -2.3499 0.9516, 2.998 -2.2983 0.9516, 3.002 -2.2983 0.9516, 2.998 -2.3249 0.9516, 3.002 -2.2983 0.9669, 2.998 -2.2983 0.9669, 2.998 -2.3671 0.9669, 3.002 -2.3671 0.9669, 2.998 -2.3249 0.9669, 3.002 -2.3671 0.8335, 2.998 -2.3671 0.8335, 2.998 -2.3249 0.8335, 3.002 -2.1816 0.8522, 3.002 -2.1954 0.8611, 3.002 -2.1956 0.8422, 3.002 -2.204 0.8552, 3.002 -2.2108 0.8362, 3.002 -2.2151 0.8509, 3.002 -2.2334 0.8335, 3.002 -2.2335 0.8487, 3.002 -2.2701 0.8335, 3.002 -2.2529 0.8487, 3.002 -2.2701 0.9669, 3.002 -2.2529 0.9516, 3.002 -2.232 0.9669, 3.002 -2.2327 0.9516, 3.002 -2.2317 0.9516, 3.002 -2.2117 0.9647, 3.002 -2.2145 0.9495, 3.002 -2.1955 0.9588, 3.002 -2.2031 0.9451, 3.002 -2.1816 0.9493, 3.002 -2.1942 0.939, 3.002 -2.1768 0.9446, 3.002 -2.1904 0.9353, 3.002 -2.1686 0.933, 3.002 -2.1853 0.9278, 3.002 -2.1637 0.9203, 3.002 -2.1815 0.9181, 3.002 -2.1615 0.9019, 3.002 -2.1796 0.9014, 3.002 -2.1619 0.8934, 3.002 -2.1801 0.8926, 3.002 -2.1651 0.8778, 3.002 -2.1827 0.8804, 3.002 -2.1717 0.864, 3.002 -2.1874 0.8706, 3.002 -2.1938 0.8626, 2.998 -2.2334 0.8335, 2.998 -2.2701 0.8335, 2.998 -2.2108 0.8362, 2.998 -2.1956 0.8422, 2.998 -2.1816 0.8522, 2.998 -2.1717 0.864, 2.998 -2.1651 0.8778, 2.998 -2.1619 0.8934, 2.998 -2.1615 0.9019, 2.998 -2.1637 0.9203, 2.998 -2.1686 0.933, 2.998 -2.1768 0.9446, 2.998 -2.1816 0.9493, 2.998 -2.1955 0.9588, 2.998 -2.2117 0.9647, 2.998 -2.232 0.9669, 2.998 -2.2701 0.9669, 2.998 -2.2327 0.9516, 2.998 -2.2529 0.9516, 2.998 -2.2529 0.8487, 2.998 -2.2335 0.8487, 2.998 -2.1938 0.8626, 2.998 -2.1954 0.8611, 2.998 -2.204 0.8552, 2.998 -2.2151 0.8509, 2.998 -2.1796 0.9014, 2.998 -2.1801 0.8926, 2.998 -2.1827 0.8804, 2.998 -2.1874 0.8706, 2.998 -2.1942 0.939, 2.998 -2.1904 0.9353, 2.998 -2.1853 0.9278, 2.998 -2.1815 0.9181, 2.998 -2.2317 0.9516, 2.998 -2.2145 0.9495, 2.998 -2.2031 0.9451
            ]
        }
        coordIndex [
            0,1,2,-1,3,4,5,-1,3,5,6,-1,6,5,7,-1,6,7,2,-1,2,7,8,-1,2,8,0,-1,9,1,10,-1,10,1,0,-1,9,10,11,-1,11,10,12,-1,13,14,15,-1,15,14,11,-1,15,11,16,-1,16,11,12,-1,13,17,14,-1,14,17,18,-1,17,19,18,-1,18,19,20,-1,18,20,21,-1,21,20,22,-1,21,22,23,-1,23,22,24,-1,23,24,25,-1,25,24,26,-1,25,26,27,-1,27,26,28,-1,27,28,29,-1,29,28,30,-1,29,30,31,-1,31,30,32,-1,31,32,33,-1,33,32,34,-1,33,34,35,-1,35,34,36,-1,35,36,37,-1,37,36,38,-1,37,38,39,-1,39,38,40,-1,39,40,41,-1,41,40,42,-1,41,42,43,-1,43,42,44,-1,43,44,45,-1,45,44,46,-1,45,46,47,-1,47,46,48,-1,47,48,49,-1,49,48,50,-1,49,50,51,-1,51,50,52,-1,51,52,53,-1,53,52,54,-1,53,54,55,-1,55,54,56,-1,55,56,57,-1,57,56,58,-1,57,58,59,-1,59,58,60,-1,59,60,61,-1,61,60,62,-1,61,62,63,-1,63,62,64,-1,63,64,65,-1,65,64,66,-1,65,66,67,-1,67,66,68,-1,67,68,69,-1,69,68,70,-1,69,70,71,-1,71,70,72,-1,71,72,73,-1,73,72,74,-1,73,74,75,-1,76,75,77,-1,77,75,74,-1,76,77,78,-1,76,78,79,-1,79,78,80,-1,79,80,81,-1,81,80,82,-1,81,82,83,-1,83,82,84,-1,83,84,85,-1,85,84,86,-1,85,86,87,-1,87,86,88,-1,88,86,89,-1,89,90,88,-1,88,90,91,-1,88,91,92,-1,92,91,93,-1,92,93,94,-1,94,93,95,-1,94,95,96,-1,96,95,97,-1,96,97,98,-1,98,97,99,-1,98,99,100,-1,100,99,101,-1,100,101,102,-1,103,104,105,-1,102,101,106,-1,102,106,107,-1,107,106,108,-1,107,108,105,-1,105,108,109,-1,105,109,103,-1,104,103,110,-1,104,110,111,-1,111,110,112,-1,111,112,113,-1,113,112,114,-1,113,114,115,-1,115,114,116,-1,115,116,117,-1,117,116,118,-1,117,118,119,-1,119,118,120,-1,119,120,121,-1,121,120,122,-1,121,122,123,-1,123,122,124,-1,123,124,125,-1,125,124,126,-1,125,126,127,-1,127,126,128,-1,127,128,129,-1,129,128,130,-1,129,130,131,-1,131,130,132,-1,131,132,133,-1,133,132,134,-1,133,134,135,-1,135,134,4,-1,135,4,3,-1,61,63,85,-1,85,63,83,-1,45,104,43,-1,43,104,111,-1,43,111,41,-1,14,3,11,-1,11,3,6,-1,11,6,9,-1,9,6,2,-1,9,2,1,-1,63,65,83,-1,83,65,67,-1,83,67,81,-1,81,67,69,-1,81,69,79,-1,79,69,71,-1,79,71,76,-1,76,71,73,-1,76,73,75,-1,41,111,39,-1,39,111,113,-1,39,113,37,-1,37,113,115,-1,37,115,35,-1,35,115,117,-1,35,117,33,-1,33,117,119,-1,33,119,31,-1,31,119,121,-1,31,121,29,-1,29,121,123,-1,29,123,27,-1,27,123,125,-1,27,125,25,-1,25,125,127,-1,25,127,23,-1,23,127,129,-1,23,129,21,-1,21,129,131,-1,21,131,18,-1,18,131,133,-1,18,133,14,-1,14,133,135,-1,14,135,3,-1,85,87,61,-1,61,87,88,-1,61,88,59,-1,59,88,92,-1,59,92,57,-1,57,92,94,-1,57,94,55,-1,55,94,96,-1,55,96,53,-1,53,96,98,-1,53,98,51,-1,51,98,100,-1,51,100,49,-1,49,100,102,-1,49,102,47,-1,47,102,107,-1,47,107,45,-1,45,107,105,-1,45,105,104,-1,136,137,138,-1,138,137,139,-1,140,136,141,-1,141,136,138,-1,140,141,142,-1,140,142,143,-1,143,142,144,-1,143,144,145,-1,146,145,147,-1,147,145,144,-1,148,146,149,-1,149,146,147,-1,150,151,152,-1,152,151,148,-1,152,148,149,-1,153,151,154,-1,154,151,150,-1,155,156,157,-1,157,156,153,-1,157,153,154,-1,158,159,160,-1,160,159,156,-1,160,156,155,-1,158,161,159,-1,159,161,162,-1,161,163,162,-1,162,163,164,-1,162,164,165,-1,165,164,166,-1,165,166,167,-1,167,166,168,-1,167,168,169,-1,169,168,170,-1,169,170,171,-1,171,170,172,-1,171,172,173,-1,173,172,174,-1,173,174,175,-1,176,175,177,-1,177,175,174,-1,176,177,178,-1,176,178,179,-1,179,178,180,-1,179,180,181,-1,181,180,182,-1,181,182,183,-1,183,182,184,-1,183,184,185,-1,184,186,185,-1,185,186,187,-1,185,187,188,-1,188,187,189,-1,188,189,190,-1,190,189,191,-1,190,191,192,-1,192,191,193,-1,192,193,194,-1,139,137,195,-1,195,137,194,-1,195,194,193,-1,143,145,194,-1,137,136,194,-1,194,136,140,-1,194,140,143,-1,151,153,148,-1,148,153,156,-1,148,156,146,-1,175,176,173,-1,173,176,179,-1,173,179,171,-1,171,179,181,-1,171,181,169,-1,169,181,183,-1,169,183,167,-1,167,183,185,-1,167,185,165,-1,145,146,194,-1,194,146,156,-1,194,156,192,-1,156,159,192,-1,192,159,162,-1,192,162,190,-1,190,162,165,-1,190,165,188,-1,188,165,185,-1,196,197,198,-1,198,197,199,-1,200,201,202,-1,202,201,196,-1,202,196,198,-1,203,201,204,-1,204,201,200,-1,205,206,207,-1,207,206,203,-1,207,203,204,-1,208,206,209,-1,209,206,205,-1,210,211,212,-1,212,211,208,-1,212,208,209,-1,213,211,214,-1,214,211,210,-1,215,216,217,-1,217,216,213,-1,217,213,214,-1,218,216,219,-1,219,216,215,-1,220,221,222,-1,222,221,218,-1,222,218,219,-1,223,221,224,-1,224,221,220,-1,199,197,225,-1,225,197,223,-1,225,223,224,-1,216,218,213,-1,213,218,221,-1,213,221,211,-1,197,196,223,-1,223,196,201,-1,223,201,203,-1,206,208,203,-1,203,208,211,-1,203,211,223,-1,223,211,221,-1,226,227,228,-1,228,227,229,-1,228,229,230,-1,230,229,231,-1,230,231,232,-1,232,231,233,-1,232,233,234,-1,234,233,235,-1,234,235,236,-1,236,235,237,-1,236,237,238,-1,237,239,238,-1,238,239,240,-1,238,240,241,-1,241,240,242,-1,241,242,243,-1,243,242,244,-1,243,244,245,-1,245,244,246,-1,245,246,247,-1,247,246,248,-1,247,248,249,-1,249,248,250,-1,249,250,251,-1,251,250,252,-1,251,252,253,-1,253,252,254,-1,253,254,255,-1,255,254,256,-1,255,256,257,-1,257,256,258,-1,257,258,259,-1,259,258,260,-1,259,260,226,-1,226,260,261,-1,226,261,227,-1,232,234,262,-1,262,234,263,-1,232,262,264,-1,232,264,230,-1,230,264,265,-1,230,265,228,-1,228,265,266,-1,228,266,226,-1,226,266,267,-1,226,267,259,-1,259,267,268,-1,259,268,257,-1,257,268,269,-1,257,269,255,-1,255,269,270,-1,255,270,253,-1,253,270,271,-1,253,271,251,-1,251,271,272,-1,251,272,249,-1,249,272,273,-1,249,273,247,-1,247,273,274,-1,247,274,245,-1,245,274,275,-1,245,275,243,-1,243,275,276,-1,243,276,241,-1,241,276,277,-1,241,277,238,-1,236,238,278,-1,278,238,277,-1,234,236,263,-1,263,236,278,-1,239,237,279,-1,279,237,280,-1,237,235,280,-1,280,235,281,-1,235,233,281,-1,281,233,282,-1,261,283,284,-1,261,284,227,-1,227,284,285,-1,227,285,229,-1,229,285,286,-1,229,286,231,-1,231,286,282,-1,231,282,233,-1,254,287,288,-1,254,288,256,-1,256,288,289,-1,256,289,258,-1,258,289,290,-1,258,290,260,-1,260,290,283,-1,260,283,261,-1,246,291,292,-1,246,292,248,-1,248,292,293,-1,248,293,250,-1,250,293,294,-1,250,294,252,-1,252,294,287,-1,252,287,254,-1,239,279,295,-1,239,295,240,-1,240,295,296,-1,240,296,242,-1,242,296,297,-1,242,297,244,-1,244,297,291,-1,244,291,246,-1,
        ]
    }
}
Shape{
    appearance Appearance {
        material  Material 	{
            diffuseColor 0.2235294117647059 0.2235294117647059 0.2235294117647059
            specularColor 0.11372549019607843 0.11372549019607843 0.11372549019607843
            ambientIntensity 0.2235
            transparency 0.0
            shininess 0.5
        }
    }
    geometry IndexedFaceSet {
        ccw TRUE
        solid FALSE
        coord DEF co Coordinate {
            point [
                2.998 -2.204 0.8552, 2.998 -2.1954 0.8611, 2.998 -2.2317 0.9516, 2.998 -2.2529 0.9516, 2.998 -2.2529 0.8487, 2.998 -2.2327 0.9516, 2.998 -2.2335 0.8487, 2.998 -2.2151 0.8509, 2.998 -2.1938 0.8626, 2.998 -2.1874 0.8706, 2.998 -2.1827 0.8804, 2.998 -2.1796 0.9014, 2.998 -2.1942 0.939, 2.998 -2.2031 0.9451, 2.998 -2.1815 0.9181, 2.998 -2.1853 0.9278, 2.998 -2.1904 0.9353, 2.998 -2.1801 0.8926, 2.998 -2.2145 0.9495
            ]
        }
        coordIndex [
            0,1,2,-1,3,4,5,-1,5,4,6,-1,5,6,2,-1,2,6,7,-1,2,7,0,-1,1,8,2,-1,2,8,9,-1,2,9,10,-1,11,12,13,-1,14,15,11,-1,11,15,16,-1,11,16,12,-1,10,17,2,-1,2,17,11,-1,2,11,18,-1,18,11,13,-1,
        ]
    }
}
Shape{
    appearance Appearance {
        material  Material 	{
            diffuseColor 1.0 1.0 1.0
            specularColor 0.5019607843137255 0.5019607843137255 0.5019607843137255
            ambientIntensity 1.0
            transparency 0.0
            shininess 0.5
        }
    }
    geometry IndexedFaceSet {
        ccw TRUE
        solid FALSE
        coord DEF co Coordinate {
            point [
                3.002 -2.1167 0.8851, 3.002 -2.1222 0.87, 3.002 -2.0719 0.8851, 3.002 -2.0666 0.87, 3.002 -2.0968 0.9405, 3.002 -2.1032 0.9669, 3.002 -2.1541 0.8335, 3.002 -2.135 0.8335, 3.002 -2.0956 0.9445, 3.002 -2.0946 0.9499, 3.002 -2.0848 0.9669, 3.002 -2.0942 0.9499, 3.002 -2.0931 0.9442, 3.002 -2.0921 0.9405, 3.002 -2.034 0.8335, 3.002 -2.053 0.8335, 2.998 -2.0848 0.9669, 2.998 -2.034 0.8335, 2.998 -2.1032 0.9669, 2.998 -2.1541 0.8335, 2.998 -2.135 0.8335, 2.998 -2.1222 0.87, 2.998 -2.0666 0.87, 2.998 -2.053 0.8335, 2.998 -2.1167 0.8851, 2.998 -2.0719 0.8851, 2.998 -2.0921 0.9405, 2.998 -2.0942 0.9499, 2.998 -2.0931 0.9442, 2.998 -2.0946 0.9499, 2.998 -2.0968 0.9405, 2.998 -2.0956 0.9445
            ]
        }
        coordIndex [
            0,1,2,-1,2,1,3,-1,4,5,0,-1,0,5,6,-1,0,6,1,-1,1,6,7,-1,4,8,5,-1,5,8,9,-1,5,9,10,-1,10,9,11,-1,10,11,12,-1,12,13,10,-1,10,13,2,-1,10,2,14,-1,14,2,3,-1,14,3,15,-1,10,14,16,-1,16,14,17,-1,5,10,18,-1,18,10,16,-1,6,5,19,-1,19,5,18,-1,7,6,20,-1,20,6,19,-1,1,7,21,-1,21,7,20,-1,3,1,22,-1,22,1,21,-1,15,3,23,-1,23,3,22,-1,14,15,17,-1,17,15,23,-1,0,2,24,-1,24,2,25,-1,2,13,25,-1,25,13,26,-1,11,27,28,-1,11,28,12,-1,12,28,26,-1,12,26,13,-1,11,9,27,-1,27,9,29,-1,4,30,31,-1,4,31,8,-1,8,31,29,-1,8,29,9,-1,4,0,30,-1,30,0,24,-1,
        ]
    }
}
Shape{
    appearance Appearance {
        material  Material 	{
            diffuseColor 0.2235294117647059 0.2235294117647059 0.2235294117647059
            specularColor 0.11372549019607843 0.11372549019607843 0.11372549019607843
            ambientIntensity 0.2235
            transparency 0.0
            shininess 0.5
        }
    }
    geometry IndexedFaceSet {
        ccw TRUE
        solid FALSE
        coord DEF co Coordinate {
            point [
                2.998 -2.0942 0.9499, 2.998 -2.0946 0.9499, 2.998 -2.0931 0.9442, 2.998 -2.0956 0.9445, 2.998 -2.0921 0.9405, 2.998 -2.0968 0.9405, 2.998 -2.0719 0.8851, 2.998 -2.1167 0.8851
            ]
        }
        coordIndex [
            0,1,2,-1,2,1,3,-1,2,3,4,-1,4,3,5,-1,4,5,6,-1,6,5,7,-1,
        ]
    }
}
Shape{
    appearance Appearance {
        material  Material 	{
            diffuseColor 1.0 1.0 1.0
            specularColor 0.5019607843137255 0.5019607843137255 0.5019607843137255
            ambientIntensity 1.0
            transparency 0.0
            shininess 0.5
        }
    }
    geometry IndexedFaceSet {
        ccw TRUE
        solid FALSE
        coord DEF co Coordinate {
            point [
                3.002 -3.3511 1.0634, 3.002 -3.3299 1.0746, 3.002 -3.335 1.133, 3.002 -3.1678 0.8108, 3.002 -3.1566 0.832, 3.002 -3.151 0.8554, 3.002 -3.2758 1.1357, 3.002 -3.2464 1.0664, 3.002 -3.2319 1.0965, 3.002 -3.2814 0.8525, 3.002 -3.2832 0.8613, 3.002 -3.3346 0.8985, 3.002 -3.3355 0.8349, 3.002 -3.3475 0.8385, 3.002 -3.3553 0.9112, 3.002 -3.2976 1.1376, 3.002 -3.0177 0.945, 3.002 -3.0471 0.9953, 3.002 -3.1505 0.8748, 3.002 -3.1742 0.9289, 3.002 -3.1505 0.8653, 3.002 -3.2013 0.7814, 3.002 -3.1824 0.7945, 3.002 -3.2122 0.8787, 3.002 -3.2098 0.8701, 3.002 -3.2095 0.8609, 3.002 -3.2116 0.8517, 3.002 -3.2158 0.8434, 3.002 -3.2776 0.8445, 3.002 -3.3119 0.7972, 3.002 -3.326 0.8146, 3.002 -2.9864 1.0389, 3.002 -2.9788 1.0389, 3.002 -2.9399 1.0902, 3.002 -2.9607 1.0367, 3.002 -2.9352 1.0886, 3.002 -2.9442 1.0303, 3.002 -2.907 1.0746, 3.002 -2.8813 1.0528, 3.002 -3.2563 1.1584, 3.002 -3.2106 1.1219, 3.002 -3.234 1.1775, 3.002 -3.1851 1.1405, 3.002 -3.2079 1.1933, 3.002 -3.3065 1.0802, 3.002 -3.2966 1.0807, 3.002 -3.2867 1.137, 3.002 -3.2744 1.0779, 3.002 -3.2531 1.0701, 3.002 -3.2216 0.8368, 3.002 -3.2288 0.8317, 3.002 -3.2224 0.7732, 3.002 -3.2371 0.8285, 3.002 -3.2454 0.7704, 3.002 -3.2464 0.8273, 3.002 -3.2491 0.7705, 3.002 -3.248 0.8274, 3.002 -3.2715 0.774, 3.002 -3.2565 0.8288, 3.002 -3.2933 0.7832, 3.002 -3.2651 0.8324, 3.002 -3.2723 0.838, 3.002 -2.8811 0.8757, 3.002 -2.9253 0.9134, 3.002 -2.9069 0.8539, 3.002 -2.9393 0.9019, 3.002 -2.9358 0.8397, 3.002 -2.9561 0.8942, 3.002 -2.9674 0.833, 3.002 -2.9731 0.8909, 3.002 -3.0234 0.833, 3.002 -3.0158 0.8909, 3.002 -3.0287 0.8339, 3.002 -2.9295 1.02, 3.002 -2.9185 1.0078, 3.002 -2.8619 1.0258, 3.002 -2.9097 0.9915, 3.002 -2.8503 0.9968, 3.002 -2.9052 0.9732, 3.002 -2.846 0.9659, 3.002 -2.9048 0.9649, 3.002 -2.8503 0.932, 3.002 -2.9071 0.9464, 3.002 -2.8622 0.902, 3.002 -2.9136 0.9295, 3.002 -2.924 0.9147, 3.002 -2.9911 1.1651, 3.002 -3.0282 1.1215, 3.002 -2.9588 1.1274, 3.002 -3.0068 1.0959, 3.002 -2.9922 1.0654, 3.002 -3.3887 1.0088, 3.002 -3.451 0.993, 3.002 -3.3915 0.9858, 3.002 -3.4513 0.9839, 3.002 -3.3904 0.9712, 3.002 -3.4467 0.9467, 3.002 -3.3836 0.9479, 3.002 -3.4331 0.9114, 3.002 -3.3723 0.9287, 3.002 -3.4114 0.8805, 3.002 -3.3818 0.8552, 3.002 -3.2828 0.8706, 3.002 -3.2801 0.8795, 3.002 -3.3241 0.9189, 3.002 -3.2753 0.8874, 3.002 -3.3084 0.9368, 3.002 -3.2713 0.8917, 3.002 -3.289 0.9503, 3.002 -3.2638 0.8969, 3.002 -3.2681 0.9583, 3.002 -3.2555 0.9002, 3.002 -3.2454 0.9611, 3.002 -3.2464 0.9013, 3.002 -3.2339 0.9604, 3.002 -3.2397 0.9007, 3.002 -3.211 0.9548, 3.002 -3.2308 0.8979, 3.002 -3.1908 0.944, 3.002 -3.223 0.893, 3.002 -3.2166 0.8864, 3.002 -3.1639 1.2094, 3.002 -3.1541 1.153, 3.002 -3.1202 1.2145, 3.002 -3.1192 1.1575, 3.002 -3.0762 1.2093, 3.002 -3.087 1.1536, 3.002 -3.029 1.1913, 3.002 -3.0573 1.1422, 3.002 -3.0306 1.1237, 3.002 -3.3701 1.1193, 3.002 -3.4003 1.0981, 3.002 -3.3674 1.0488, 3.002 -3.4067 1.0921, 3.002 -3.3806 1.0299, 3.002 -3.4295 1.0628, 3.002 -3.4447 1.0287, 3.002 -3.0206 0.8918, 3.002 -3.0434 0.843, 3.002 -3.0412 0.8407, 3.002 -3.0177 0.8912, 3.002 -3.035 0.8364, 3.002 -3.0509 0.8624, 3.002 -3.05 0.8554, 3.002 -3.0475 0.8489, 3.002 -3.0288 0.8909, 3.002 -3.0353 0.8883, 3.002 -3.0507 0.8662, 3.002 -3.0412 0.8842, 3.002 -3.0451 0.8799, 3.002 -3.0488 0.8734, 3.002 -3.0215 0.8919, 2.998 -2.875 1.0441, 2.998 -2.8619 1.0258, 2.998 -2.8535 1.0049, 2.998 -2.8503 0.9968, 2.998 -2.846 0.9659, 2.998 -2.8813 1.0528, 2.998 -2.907 1.0746, 2.998 -2.9352 1.0886, 2.998 -2.9399 1.0902, 2.998 -2.9588 1.1274, 2.998 -2.9911 1.1651, 2.998 -3.0124 1.1798, 2.998 -3.029 1.1913, 2.998 -3.0762 1.2093, 2.998 -3.1202 1.2145, 2.998 -3.1639 1.2094, 2.998 -3.2079 1.1933, 2.998 -3.2302 1.1798, 2.998 -3.234 1.1775, 2.998 -3.2563 1.1584, 2.998 -3.2758 1.1357, 2.998 -3.2867 1.137, 2.998 -3.2976 1.1376, 2.998 -3.335 1.133, 2.998 -3.3701 1.1193, 2.998 -3.4003 1.0981, 2.998 -3.4067 1.0921, 2.998 -3.4513 0.9839, 2.998 -3.4295 1.0628, 2.998 -3.4378 1.0441, 2.998 -3.4447 1.0287, 2.998 -3.4489 1.0049, 2.998 -3.451 0.993, 2.998 -3.4467 0.9467, 2.998 -3.4331 0.9114, 2.998 -3.4114 0.8805, 2.998 -3.3818 0.8552, 2.998 -3.3475 0.8385, 2.998 -3.3355 0.8349, 2.998 -3.3343 0.8324, 2.998 -3.326 0.8146, 2.998 -3.3119 0.7972, 2.998 -3.2933 0.7832, 2.998 -3.2846 0.7795, 2.998 -3.2715 0.774, 2.998 -3.2491 0.7705, 2.998 -3.2454 0.7704, 2.998 -3.1505 0.8653, 2.998 -3.2224 0.7732, 2.998 -3.2061 0.7795, 2.998 -3.2013 0.7814, 2.998 -3.1824 0.7945, 2.998 -3.1678 0.8108, 2.998 -3.1566 0.832, 2.998 -3.1565 0.8324, 2.998 -3.151 0.8554, 2.998 -3.1505 0.8748, 2.998 -3.0177 0.945, 2.998 -3.0471 0.9953, 2.998 -3.1742 0.9289, 2.998 -3.1908 0.944, 2.998 -3.211 0.9548, 2.998 -3.2339 0.9604, 2.998 -3.2454 0.9611, 2.998 -3.2681 0.9583, 2.998 -3.289 0.9503, 2.998 -3.3084 0.9368, 2.998 -3.3241 0.9189, 2.998 -3.3346 0.8985, 2.998 -3.3553 0.9112, 2.998 -3.3723 0.9287, 2.998 -3.3836 0.9479, 2.998 -3.3904 0.9712, 2.998 -3.3915 0.9858, 2.998 -3.3892 1.0049, 2.998 -3.3887 1.0088, 2.998 -3.3806 1.0299, 2.998 -3.3707 1.0441, 2.998 -3.3674 1.0488, 2.998 -3.3511 1.0634, 2.998 -3.3299 1.0746, 2.998 -3.3065 1.0802, 2.998 -3.2966 1.0807, 2.998 -3.2744 1.0779, 2.998 -3.2531 1.0701, 2.998 -3.2464 1.0664, 2.998 -3.2319 1.0965, 2.998 -3.2106 1.1219, 2.998 -3.1851 1.1405, 2.998 -3.1541 1.153, 2.998 -3.1192 1.1575, 2.998 -3.087 1.1536, 2.998 -3.0573 1.1422, 2.998 -3.0306 1.1237, 2.998 -3.0282 1.1215, 2.998 -3.0068 1.0959, 2.998 -2.9922 1.0654, 2.998 -2.9875 1.0441, 2.998 -2.9864 1.0389, 2.998 -2.9788 1.0389, 2.998 -2.9607 1.0367, 2.998 -2.9442 1.0303, 2.998 -2.9295 1.02, 2.998 -2.9185 1.0078, 2.998 -2.917 1.0049, 2.998 -2.9097 0.9915, 2.998 -2.9052 0.9732, 2.998 -2.9048 0.9649, 2.998 -2.9071 0.9464, 2.998 -2.9136 0.9295, 2.998 -2.924 0.9147, 2.998 -2.9253 0.9134, 2.998 -2.9393 0.9019, 2.998 -2.9561 0.8942, 2.998 -2.9731 0.8909, 2.998 -3.0158 0.8909, 2.998 -3.0177 0.8912, 2.998 -3.0206 0.8918, 2.998 -3.0215 0.8919, 2.998 -3.0288 0.8909, 2.998 -3.0353 0.8883, 2.998 -3.0412 0.8842, 2.998 -3.0451 0.8799, 2.998 -3.0488 0.8734, 2.998 -3.0507 0.8662, 2.998 -3.0509 0.8624, 2.998 -3.05 0.8554, 2.998 -3.0475 0.8489, 2.998 -3.0434 0.843, 2.998 -3.0412 0.8407, 2.998 -3.035 0.8364, 2.998 -3.0287 0.8339, 2.998 -3.0234 0.833, 2.998 -2.9674 0.833, 2.998 -2.9358 0.8397, 2.998 -2.9069 0.8539, 2.998 -2.8811 0.8757, 2.998 -2.8622 0.902, 2.998 -2.8503 0.932, 2.998 -3.2464 0.9013, 2.998 -3.2397 0.9007, 2.998 -3.2308 0.8979, 2.998 -3.223 0.893, 2.998 -3.2166 0.8864, 2.998 -3.2122 0.8787, 2.998 -3.2098 0.8701, 2.998 -3.2095 0.8609, 2.998 -3.2116 0.8517, 2.998 -3.2158 0.8434, 2.998 -3.2216 0.8368, 2.998 -3.2288 0.8317, 2.998 -3.2371 0.8285, 2.998 -3.2464 0.8273, 2.998 -3.248 0.8274, 2.998 -3.2565 0.8288, 2.998 -3.2651 0.8324, 2.998 -3.2723 0.838, 2.998 -3.2776 0.8445, 2.998 -3.2814 0.8525, 2.998 -3.2832 0.8613, 2.998 -3.2828 0.8706, 2.998 -3.2801 0.8795, 2.998 -3.2753 0.8874, 2.998 -3.2713 0.8917, 2.998 -3.2638 0.8969, 2.998 -3.2555 0.9002
            ]
        }
        coordIndex [
            0,1,2,-1,3,4,5,-1,6,7,8,-1,9,10,11,-1,12,11,13,-1,13,11,14,-1,2,1,15,-1,16,17,18,-1,18,17,19,-1,18,19,20,-1,20,19,21,-1,20,21,5,-1,5,21,22,-1,5,22,3,-1,23,24,19,-1,19,24,25,-1,19,25,21,-1,21,25,26,-1,21,26,27,-1,28,9,29,-1,29,9,11,-1,29,11,30,-1,30,11,12,-1,31,32,33,-1,33,32,34,-1,33,34,35,-1,35,34,36,-1,35,36,37,-1,37,36,38,-1,6,8,39,-1,39,8,40,-1,39,40,41,-1,41,40,42,-1,41,42,43,-1,1,44,15,-1,15,44,45,-1,15,45,46,-1,46,45,47,-1,46,47,6,-1,6,47,48,-1,6,48,7,-1,27,49,21,-1,21,49,50,-1,21,50,51,-1,51,50,52,-1,51,52,53,-1,53,52,54,-1,53,54,55,-1,55,54,56,-1,55,56,57,-1,57,56,58,-1,57,58,59,-1,59,58,60,-1,59,60,29,-1,29,60,61,-1,29,61,28,-1,62,63,64,-1,64,63,65,-1,64,65,66,-1,66,65,67,-1,66,67,68,-1,68,67,69,-1,68,69,70,-1,70,69,71,-1,70,71,72,-1,36,73,38,-1,38,73,74,-1,38,74,75,-1,75,74,76,-1,75,76,77,-1,77,76,78,-1,77,78,79,-1,79,78,80,-1,79,80,81,-1,81,80,82,-1,81,82,83,-1,83,82,84,-1,83,84,62,-1,62,84,85,-1,62,85,63,-1,86,87,88,-1,88,87,89,-1,88,89,33,-1,33,89,90,-1,33,90,31,-1,91,92,93,-1,93,92,94,-1,93,94,95,-1,95,94,96,-1,95,96,97,-1,97,96,98,-1,97,98,99,-1,99,98,100,-1,99,100,14,-1,14,100,101,-1,14,101,13,-1,10,102,11,-1,11,102,103,-1,11,103,104,-1,104,103,105,-1,104,105,106,-1,106,105,107,-1,106,107,108,-1,108,107,109,-1,108,109,110,-1,110,109,111,-1,110,111,112,-1,112,111,113,-1,112,113,114,-1,114,113,115,-1,114,115,116,-1,116,115,117,-1,116,117,118,-1,118,117,119,-1,118,119,19,-1,19,119,120,-1,19,120,23,-1,43,42,121,-1,121,42,122,-1,121,122,123,-1,123,122,124,-1,123,124,125,-1,125,124,126,-1,125,126,127,-1,127,126,128,-1,127,128,86,-1,86,128,129,-1,86,129,87,-1,2,130,0,-1,0,130,131,-1,0,131,132,-1,132,131,133,-1,132,133,134,-1,134,133,135,-1,134,135,91,-1,91,135,136,-1,91,136,92,-1,137,138,139,-1,71,140,72,-1,72,140,137,-1,72,137,141,-1,141,137,139,-1,142,143,137,-1,137,143,144,-1,137,144,138,-1,145,146,147,-1,146,148,147,-1,147,148,149,-1,147,149,150,-1,142,137,147,-1,147,137,151,-1,147,151,145,-1,152,38,153,-1,153,38,75,-1,153,75,154,-1,154,75,77,-1,154,77,155,-1,155,77,79,-1,155,79,156,-1,152,157,38,-1,38,157,158,-1,38,158,37,-1,37,158,159,-1,37,159,35,-1,35,159,160,-1,35,160,33,-1,33,160,161,-1,33,161,88,-1,88,161,162,-1,88,162,86,-1,127,86,163,-1,163,86,162,-1,163,164,127,-1,127,164,165,-1,127,165,125,-1,125,165,166,-1,125,166,123,-1,123,166,167,-1,123,167,121,-1,121,167,168,-1,121,168,43,-1,43,168,41,-1,41,168,169,-1,41,169,170,-1,41,170,171,-1,41,171,39,-1,39,171,172,-1,39,172,6,-1,6,172,173,-1,6,173,46,-1,46,173,174,-1,46,174,15,-1,15,174,175,-1,15,175,2,-1,2,175,176,-1,2,176,130,-1,130,176,177,-1,130,177,131,-1,131,177,178,-1,131,178,133,-1,179,94,92,-1,133,178,180,-1,133,180,135,-1,135,180,181,-1,135,181,136,-1,181,182,136,-1,136,182,183,-1,136,183,92,-1,92,183,184,-1,92,184,179,-1,94,179,185,-1,94,185,96,-1,96,185,186,-1,96,186,98,-1,98,186,187,-1,98,187,100,-1,100,187,188,-1,100,188,101,-1,101,188,189,-1,101,189,13,-1,13,189,190,-1,13,190,12,-1,12,190,191,-1,12,191,30,-1,191,192,30,-1,30,192,193,-1,30,193,29,-1,29,193,194,-1,29,194,59,-1,59,194,195,-1,59,195,57,-1,195,196,57,-1,57,196,197,-1,57,197,55,-1,55,197,198,-1,55,198,53,-1,199,20,5,-1,53,198,200,-1,201,21,200,-1,200,21,51,-1,200,51,53,-1,201,202,21,-1,21,202,203,-1,21,203,22,-1,22,203,204,-1,22,204,3,-1,3,204,205,-1,3,205,4,-1,4,205,206,-1,4,206,5,-1,5,206,207,-1,5,207,199,-1,18,20,208,-1,208,20,199,-1,16,18,209,-1,209,18,208,-1,17,16,210,-1,210,16,209,-1,19,17,211,-1,211,17,210,-1,19,211,212,-1,19,212,118,-1,118,212,213,-1,118,213,116,-1,116,213,214,-1,116,214,114,-1,114,214,215,-1,114,215,112,-1,112,215,216,-1,112,216,110,-1,110,216,217,-1,110,217,108,-1,108,217,218,-1,108,218,106,-1,106,218,219,-1,106,219,104,-1,104,219,220,-1,104,220,11,-1,11,220,221,-1,11,221,14,-1,14,221,222,-1,14,222,99,-1,99,222,223,-1,99,223,97,-1,97,223,224,-1,97,224,95,-1,95,224,225,-1,95,225,93,-1,91,93,225,-1,225,226,91,-1,91,226,227,-1,91,227,228,-1,229,132,228,-1,228,132,134,-1,228,134,91,-1,229,230,132,-1,132,230,231,-1,132,231,0,-1,0,231,232,-1,0,232,1,-1,1,232,233,-1,1,233,44,-1,44,233,234,-1,44,234,45,-1,45,234,235,-1,45,235,47,-1,47,235,236,-1,47,236,48,-1,48,236,237,-1,48,237,7,-1,7,237,238,-1,7,238,8,-1,8,238,239,-1,8,239,40,-1,40,239,240,-1,40,240,42,-1,42,240,241,-1,42,241,122,-1,122,241,242,-1,122,242,124,-1,124,242,243,-1,124,243,126,-1,126,243,244,-1,126,244,128,-1,128,244,245,-1,128,245,129,-1,129,245,246,-1,129,246,87,-1,87,246,247,-1,87,247,89,-1,89,247,248,-1,89,248,90,-1,90,248,31,-1,31,248,249,-1,31,249,250,-1,32,31,251,-1,251,31,250,-1,32,251,252,-1,32,252,34,-1,34,252,253,-1,34,253,36,-1,36,253,254,-1,36,254,73,-1,73,254,255,-1,73,255,74,-1,74,255,256,-1,74,256,76,-1,256,257,76,-1,76,257,258,-1,76,258,78,-1,78,258,259,-1,78,259,80,-1,80,259,260,-1,80,260,82,-1,82,260,261,-1,82,261,84,-1,84,261,262,-1,84,262,85,-1,85,262,263,-1,85,263,63,-1,63,263,264,-1,63,264,65,-1,65,264,265,-1,65,265,67,-1,67,265,266,-1,67,266,69,-1,71,69,267,-1,267,69,266,-1,71,267,268,-1,71,268,140,-1,140,268,269,-1,140,269,137,-1,137,269,270,-1,137,270,151,-1,151,270,271,-1,151,271,145,-1,145,271,272,-1,145,272,146,-1,146,272,273,-1,146,273,148,-1,148,273,274,-1,148,274,149,-1,149,274,275,-1,149,275,150,-1,150,275,276,-1,150,276,147,-1,147,276,277,-1,147,277,142,-1,142,277,278,-1,142,278,143,-1,143,278,279,-1,143,279,144,-1,144,279,280,-1,144,280,138,-1,138,280,281,-1,138,281,139,-1,139,281,282,-1,139,282,141,-1,141,282,283,-1,141,283,72,-1,72,283,284,-1,72,284,70,-1,68,70,285,-1,285,70,284,-1,68,285,286,-1,68,286,66,-1,66,286,287,-1,66,287,64,-1,64,287,288,-1,64,288,62,-1,62,288,289,-1,62,289,83,-1,83,289,290,-1,83,290,81,-1,81,290,156,-1,81,156,79,-1,113,291,292,-1,113,292,115,-1,115,292,293,-1,115,293,117,-1,117,293,294,-1,117,294,119,-1,119,294,295,-1,119,295,120,-1,120,295,296,-1,120,296,23,-1,23,296,297,-1,23,297,24,-1,24,297,298,-1,24,298,25,-1,25,298,299,-1,25,299,26,-1,26,299,300,-1,26,300,27,-1,27,300,301,-1,27,301,49,-1,49,301,302,-1,49,302,50,-1,50,302,303,-1,50,303,52,-1,52,303,304,-1,52,304,54,-1,54,304,305,-1,54,305,56,-1,56,305,306,-1,56,306,58,-1,58,306,307,-1,58,307,60,-1,60,307,308,-1,60,308,61,-1,61,308,309,-1,61,309,28,-1,28,309,310,-1,28,310,9,-1,9,310,311,-1,9,311,10,-1,10,311,312,-1,10,312,102,-1,102,312,313,-1,102,313,103,-1,103,313,314,-1,103,314,105,-1,105,314,315,-1,105,315,107,-1,107,315,316,-1,107,316,109,-1,109,316,317,-1,109,317,111,-1,111,317,291,-1,111,291,113,-1,
        ]
    }
}
Shape{
    appearance Appearance {
        material  Material 	{
            diffuseColor 0.2235294117647059 0.2235294117647059 0.2235294117647059
            specularColor 0.11372549019607843 0.11372549019607843 0.11372549019607843
            ambientIntensity 0.2235
            transparency 0.0
            shininess 0.5
        }
    }
    geometry IndexedFaceSet {
        ccw TRUE
        solid FALSE
        coord DEF co Coordinate {
            point [
                2.998 -3.248 0.8274, 2.998 -3.2713 0.8917, 2.998 -3.2753 0.8874, 2.998 -3.2371 0.8285, 2.998 -3.2288 0.8317, 2.998 -3.2397 0.9007, 2.998 -3.2464 0.9013, 2.998 -3.2555 0.9002, 2.998 -3.2638 0.8969, 2.998 -3.2814 0.8525, 2.998 -3.2776 0.8445, 2.998 -3.2723 0.838, 2.998 -3.2464 0.8273, 2.998 -3.2122 0.8787, 2.998 -3.2166 0.8864, 2.998 -3.2158 0.8434, 2.998 -3.223 0.893, 2.998 -3.2801 0.8795, 2.998 -3.2828 0.8706, 2.998 -3.2832 0.8613, 2.998 -3.2651 0.8324, 2.998 -3.2565 0.8288, 2.998 -3.2216 0.8368, 2.998 -3.2308 0.8979, 2.998 -3.2116 0.8517, 2.998 -3.2095 0.8609, 2.998 -3.2098 0.8701
            ]
        }
        coordIndex [
            0,1,2,-1,3,4,5,-1,6,7,0,-1,0,7,8,-1,0,8,1,-1,9,10,2,-1,2,10,11,-1,6,0,5,-1,5,0,12,-1,5,12,3,-1,13,14,15,-1,15,14,16,-1,17,18,2,-1,2,18,19,-1,2,19,9,-1,11,20,2,-1,2,20,21,-1,2,21,0,-1,4,22,5,-1,5,22,15,-1,5,15,23,-1,23,15,16,-1,24,25,15,-1,15,25,26,-1,15,26,13,-1,
        ]
    }
}