ISO-10303-21;
HEADER;
FILE_DESCRIPTION (( 'STEP AP214' ),
    '1' );
FILE_NAME ('HDR-TH_10P-P2.54-M-WI-2X5P.step',
    '2021-08-14T14:41:37',
    ( '' ),
    ( '' ),
    'SwSTEP 2.0',
    'SolidWorks 2020',
    '' );
FILE_SCHEMA (( 'AUTOMOTIVE_DESIGN' ));
ENDSEC;

DATA;
#1 = DIRECTION ( 'NONE',  ( -0.6401843996644795975, -0.000000000000000000, 0.7682212795973760722 ) ) ;
#2 = CARTESIAN_POINT ( 'NONE',  ( 1.436666666666664316, 1.249999999999999778, 4.599999999999999645 ) ) ;
#3 = EDGE_CURVE ( 'NONE', #7245, #4137, #7584, .T. ) ;
#4 = CARTESIAN_POINT ( 'NONE',  ( 1.269999999999997797, -1.249999999999999778, 0.5999999999999998668 ) ) ;
#5 = FACE_OUTER_BOUND ( 'NONE', #6792, .T. ) ;
#6 = CARTESIAN_POINT ( 'NONE',  ( 5.407445274586963002, -0.8683958644328906296, 0.000000000000000000 ) ) ;
#7 = VERTEX_POINT ( 'NONE', #10140 ) ;
#8 = DIRECTION ( 'NONE',  ( -1.000000000000000000, -0.000000000000000000, -0.000000000000000000 ) ) ;
#9 = ORIENTED_EDGE ( 'NONE', *, *, #1077, .F. ) ;
#10 = DIRECTION ( 'NONE',  ( -0.000000000000000000, -0.000000000000000000, -1.000000000000000000 ) ) ;
#11 = CARTESIAN_POINT ( 'NONE',  ( -3.976666666666668348, 0.6499999999999999112, 0.4000000000000001887 ) ) ;
#12 = EDGE_CURVE ( 'NONE', #4070, #10617, #6045, .T. ) ;
#13 = DIRECTION ( 'NONE',  ( -1.000000000000000000, 0.000000000000000000, 0.000000000000000000 ) ) ;
#14 = LINE ( 'NONE', #6860, #9620 ) ;
#15 = CARTESIAN_POINT ( 'NONE',  ( 5.399999999999998579, 5.450000000000000178, -3.000000000000000000 ) ) ;
#16 = LINE ( 'NONE', #65, #8593 ) ;
#17 = VERTEX_POINT ( 'NONE', #185 ) ;
#18 = DIRECTION ( 'NONE',  ( 1.000000000000000000, -0.000000000000000000, -0.000000000000000000 ) ) ;
#19 = SURFACE_STYLE_USAGE ( .BOTH. , #4227 ) ;
#20 = LINE ( 'NONE', #9990, #2130 ) ;
#21 = CARTESIAN_POINT ( 'NONE',  ( 5.423812872858739809, 0.005382692088441371099, 0.1000000000000000056 ) ) ;
#22 = DIRECTION ( 'NONE',  ( 0.000000000000000000, 0.000000000000000000, 1.000000000000000000 ) ) ;
#23 = EDGE_LOOP ( 'NONE', ( #763, #9527, #4957, #2318, #9781, #4494 ) ) ;
#24 = EDGE_LOOP ( 'NONE', ( #9275, #4901, #1894, #7275, #9470, #8583 ) ) ;
#25 = ORIENTED_EDGE ( 'NONE', *, *, #6060, .F. ) ;
#26 = CARTESIAN_POINT ( 'NONE',  ( 2.219999999999997975, -7.249999999999999112, 1.349999999999999867 ) ) ;
#27 = EDGE_LOOP ( 'NONE', ( #9900, #3718, #619, #7353 ) ) ;
#28 = CARTESIAN_POINT ( 'NONE',  ( -5.850000000000003197, 1.250000000000000222, 0.000000000000000000 ) ) ;
#29 = ORIENTED_EDGE ( 'NONE', *, *, #7804, .T. ) ;
#30 = SURFACE_SIDE_STYLE ('',( #4908 ) ) ;
#31 = PLANE ( 'NONE',  #7332 ) ;
#32 = CARTESIAN_POINT ( 'NONE',  ( -2.860000000000001652, -1.249999999999999334, 3.450000000000000622 ) ) ;
#33 = CARTESIAN_POINT ( 'NONE',  ( 5.489709147865975858, -0.7699785690023374096, 0.000000000000000000 ) ) ;
#34 = EDGE_LOOP ( 'NONE', ( #3509, #9667, #10840, #10055 ) ) ;
#35 = EDGE_CURVE ( 'NONE', #1204, #3466, #6912, .T. ) ;
#36 = DIRECTION ( 'NONE',  ( -0.9036123719369734131, -0.4283511191562789922, 0.000000000000000000 ) ) ;
#37 = DIRECTION ( 'NONE',  ( 0.000000000000000000, 1.000000000000000000, 6.938893903907229610E-17 ) ) ;
#38 = ORIENTED_EDGE ( 'NONE', *, *, #10696, .F. ) ;
#39 = ADVANCED_FACE ( 'NONE', ( #9419 ), #1897, .F. ) ;
#40 = CARTESIAN_POINT ( 'NONE',  ( 5.411514847965383623, -0.6335615953910909148, 0.1000000000000000056 ) ) ;
#41 = EDGE_LOOP ( 'NONE', ( #9528, #9597, #6993, #1751, #3699, #2963 ) ) ;
#42 = CARTESIAN_POINT ( 'NONE',  ( 1.269999999999999352, 5.650000000000000355, 0.6000000000000001998 ) ) ;
#43 = DIRECTION ( 'NONE',  ( -0.6401843996644795975, 0.000000000000000000, 0.7682212795973760722 ) ) ;
#44 = AXIS2_PLACEMENT_3D ( 'NONE', #3785, #2860, #1242 ) ;
#45 = DIRECTION ( 'NONE',  ( 0.000000000000000000, 1.088556398077815951E-16, -1.000000000000000000 ) ) ;
#46 = EDGE_CURVE ( 'NONE', #6382, #7432, #10374, .T. ) ;
#47 = B_SPLINE_CURVE_WITH_KNOTS ( 'NONE', 3,
 ( #4819, #3223, #4770, #3272, #7451, #7243, #6570, #1498, #9859, #575, #8169, #10690, #4927, #731, #4703, #9742, #4096, #2284, #9904, #1399, #2387, #9961, #2445, #7292, #9084, #2338, #8121 ),
 .UNSPECIFIED., .F., .F.,
 ( 4, 1, 1, 1, 1, 1, 1, 1, 1, 1, 1, 1, 1, 1, 1, 1, 1, 1, 1, 1, 1, 1, 1, 1, 4 ),
 ( 0.000000000000000000, 0.04608377754194700748, 0.09081289696262630218, 0.1343042879808923895, 0.1770362722268286337, 0.2188374268542860601, 0.2602615907981583043, 0.3011000835602818948, 0.3416368324483715080, 0.3816090405269672026, 0.4201478008723692481, 0.4579096607349634751, 0.4947607013525772701, 0.5312192845390127927, 0.5669607598480352895, 0.6027421145655914581, 0.6382320180154542610, 0.6747611133765476499, 0.7133778281073233085, 0.7544253154851247034, 0.7978017847299843091, 0.8439789806525875848, 0.8930643900142395397, 0.9449596506617456981, 1.000000000000000000 ),
 .UNSPECIFIED. ) ;
#48 = B_SPLINE_CURVE_WITH_KNOTS ( 'NONE', 3,
 ( #2822, #2089, #5461, #7769, #1262, #9385, #1982, #5235, #5348, #307, #8685, #4513, #10395, #8576, #206, #6225, #3589, #9559, #2033, #5398, #2201, #4015, #7266, #3082, #7983, #5569, #4843 ),
 .UNSPECIFIED., .F., .F.,
 ( 4, 1, 1, 1, 1, 1, 1, 1, 1, 1, 1, 1, 1, 1, 1, 1, 1, 1, 1, 1, 1, 1, 1, 1, 4 ),
 ( 0.000000000000000000, 0.04608377754194700748, 0.09081289696262630218, 0.1343042879808923895, 0.1770362722268286337, 0.2188374268542860601, 0.2602615907981583043, 0.3011000835602818948, 0.3416368324483715080, 0.3816090405269672026, 0.4201478008723692481, 0.4579096607349634751, 0.4947607013525772701, 0.5312192845390127927, 0.5669607598480352895, 0.6027421145655914581, 0.6382320180154542610, 0.6747611133765476499, 0.7133778281073233085, 0.7544253154851247034, 0.7978017847299843091, 0.8439789806525875848, 0.8930643900142395397, 0.9449596506617456981, 1.000000000000000000 ),
 .UNSPECIFIED. ) ;
#49 = CARTESIAN_POINT ( 'NONE',  ( 2.219999999999997975, 0.6499999999999978018, 4.090000000000001634 ) ) ;
#50 = LINE ( 'NONE', #7508, #10829 ) ;
#51 = DIRECTION ( 'NONE',  ( -0.9034962347415941286, -0.4285960263555441685, 0.000000000000000000 ) ) ;
#52 = CARTESIAN_POINT ( 'NONE',  ( 5.291324100743453940, -0.9267854776074393452, 0.000000000000000000 ) ) ;
#53 = EDGE_CURVE ( 'NONE', #1383, #7479, #1345, .T. ) ;
#54 = ORIENTED_EDGE ( 'NONE', *, *, #1206, .F. ) ;
#55 = CARTESIAN_POINT ( 'NONE',  ( 5.249230769230769589, 0.3053685897435910457, 0.1000000000000000056 ) ) ;
#56 = ORIENTED_EDGE ( 'NONE', *, *, #1732, .F. ) ;
#57 = PLANE ( 'NONE',  #5287 ) ;
#58 = PLANE ( 'NONE',  #1062 ) ;
#59 = FACE_OUTER_BOUND ( 'NONE', #8253, .T. ) ;
#60 = ADVANCED_FACE ( 'NONE', ( #8070 ), #3020, .T. ) ;
#61 = ORIENTED_EDGE ( 'NONE', *, *, #401, .T. ) ;
#62 = DIRECTION ( 'NONE',  ( -0.000000000000000000, 0.000000000000000000, -1.000000000000000000 ) ) ;
#63 = DIRECTION ( 'NONE',  ( 0.000000000000000000, -1.296504840042457116E-16, -1.000000000000000000 ) ) ;
#64 = ORIENTED_EDGE ( 'NONE', *, *, #6078, .T. ) ;
#65 = CARTESIAN_POINT ( 'NONE',  ( 8.317213114754096637, 0.6499999999999999112, 2.039344262295085475 ) ) ;
#66 = VERTEX_POINT ( 'NONE', #6206 ) ;
#67 = LINE ( 'NONE', #7635, #5811 ) ;
#68 = FILL_AREA_STYLE_COLOUR ( '', #2429 ) ;
#69 = DIRECTION ( 'NONE',  ( 1.000000000000000000, -0.000000000000000000, -0.000000000000000000 ) ) ;
#70 = LINE ( 'NONE', #9991, #6788 ) ;
#71 = DIRECTION ( 'NONE',  ( 0.000000000000000000, 0.7071067811865483499, -0.7071067811865467956 ) ) ;
#72 = FILL_AREA_STYLE ('',( #803 ) ) ;
#73 = ORIENTED_EDGE ( 'NONE', *, *, #4516, .F. ) ;
#74 = VERTEX_POINT ( 'NONE', #8775 ) ;
#75 = APPLICATION_CONTEXT ( 'automotive_design' ) ;
#76 = ORIENTED_EDGE ( 'NONE', *, *, #5751, .F. ) ;
#77 = DIRECTION ( 'NONE',  ( -0.000000000000000000, 0.000000000000000000, -1.000000000000000000 ) ) ;
#78 = DIRECTION ( 'NONE',  ( 0.000000000000000000, -1.000000000000000000, 0.000000000000000000 ) ) ;
#79 = ORIENTED_EDGE ( 'NONE', *, *, #3024, .T. ) ;
#80 = DIRECTION ( 'NONE',  ( 0.000000000000000000, 1.628629872832303439E-16, 1.000000000000000000 ) ) ;
#81 = ORIENTED_EDGE ( 'NONE', *, *, #5084, .F. ) ;
#82 = ADVANCED_FACE ( 'NONE', ( #3896 ), #10426, .F. ) ;
#83 = LINE ( 'NONE', #2534, #5795 ) ;
#84 = EDGE_LOOP ( 'NONE', ( #8936, #10235, #727, #5745 ) ) ;
#85 = CARTESIAN_POINT ( 'NONE',  ( 2.219999999999997975, 4.809999999999998721, 3.450000000000000622 ) ) ;
#86 = AXIS2_PLACEMENT_3D ( 'NONE', #4557, #363, #5449 ) ;
#87 = FILL_AREA_STYLE ('',( #2821 ) ) ;
#88 = CARTESIAN_POINT ( 'NONE',  ( 5.126525413933205044, -0.01698880655546612314, 0.1000000000000000056 ) ) ;
#89 = VECTOR ( 'NONE', #7474, 1000.000000000000000 ) ;
#90 = CARTESIAN_POINT ( 'NONE',  ( 5.444493759490296902, -0.8859244636321144117, 0.000000000000000000 ) ) ;
#91 = ORIENTED_EDGE ( 'NONE', *, *, #10590, .F. ) ;
#92 = VECTOR ( 'NONE', #10038, 1000.000000000000114 ) ;
#93 = DIRECTION ( 'NONE',  ( 0.000000000000000000, 0.000000000000000000, 1.000000000000000000 ) ) ;
#94 = CARTESIAN_POINT ( 'NONE',  ( 5.158870461168689303, -0.8761166239369910791, 0.1000000000000000056 ) ) ;
#95 = ORIENTED_EDGE ( 'NONE', *, *, #7304, .F. ) ;
#96 = CARTESIAN_POINT ( 'NONE',  ( 5.422996118622351425, -0.6501812355251401776, 0.1000000000000000056 ) ) ;
#97 = ORIENTED_EDGE ( 'NONE', *, *, #4589, .F. ) ;
#98 = LINE ( 'NONE', #8432, #4594 ) ;
#99 = LINE ( 'NONE', #4353, #4153 ) ;
#100 = CARTESIAN_POINT ( 'NONE',  ( -2.220000000000001972, -7.249999999999999112, 3.890000000000000568 ) ) ;
#101 = EDGE_CURVE ( 'NONE', #7221, #10572, #9585, .T. ) ;
#102 = CARTESIAN_POINT ( 'NONE',  ( 4.759999999999998899, -7.049999999999999822, 1.550000000000000044 ) ) ;
#103 = AXIS2_PLACEMENT_3D ( 'NONE', #3312, #1760, #9127 ) ;
#104 = DIRECTION ( 'NONE',  ( 0.000000000000000000, -0.7071067811865467956, 0.7071067811865483499 ) ) ;
#105 = CARTESIAN_POINT ( 'NONE',  ( 5.467067898890001665, -0.8511700909622121891, 0.1000000000000000056 ) ) ;
#106 = VECTOR ( 'NONE', #9023, 1000.000000000000000 ) ;
#107 =( LENGTH_UNIT ( ) NAMED_UNIT ( * ) SI_UNIT ( .MILLI., .METRE. ) );
#108 = CARTESIAN_POINT ( 'NONE',  ( 5.438974358974357770, -0.1295673076923075373, 0.000000000000000000 ) ) ;
#109 = ADVANCED_FACE ( 'NONE', ( #1294 ), #3738, .F. ) ;
#110 = CARTESIAN_POINT ( 'NONE',  ( 5.375002455112887212, -0.8982737941971792317, 0.1000000000000000056 ) ) ;
#111 = ORIENTED_EDGE ( 'NONE', *, *, #5208, .F. ) ;
#112 = FACE_OUTER_BOUND ( 'NONE', #232, .T. ) ;
#113 = ORIENTED_EDGE ( 'NONE', *, *, #8538, .T. ) ;
#114 = DIRECTION ( 'NONE',  ( -1.000000000000000000, 0.000000000000000000, 0.000000000000000000 ) ) ;
#115 = DIRECTION ( 'NONE',  ( -0.000000000000000000, -0.000000000000000000, -1.000000000000000000 ) ) ;
#116 = CARTESIAN_POINT ( 'NONE',  ( 1.769999999999997353, 5.650000000000000355, 0.000000000000000000 ) ) ;
#117 = EDGE_CURVE ( 'NONE', #5316, #9888, #10478, .T. ) ;
#118 = DIRECTION ( 'NONE',  ( 0.000000000000000000, 1.000000000000000000, -0.000000000000000000 ) ) ;
#119 = VECTOR ( 'NONE', #10599, 1000.000000000000000 ) ;
#120 = ADVANCED_FACE ( 'NONE', ( #5551 ), #7651, .F. ) ;
#121 = ORIENTED_EDGE ( 'NONE', *, *, #4725, .F. ) ;
#122 = CARTESIAN_POINT ( 'NONE',  ( 5.490201260830400720, -0.7430002292695131461, -0.000000000000000000 ) ) ;
#123 = CARTESIAN_POINT ( 'NONE',  ( -2.860000000000001652, -7.049999999999999822, 1.550000000000000044 ) ) ;
#124 = ORIENTED_EDGE ( 'NONE', *, *, #3245, .F. ) ;
#125 = STYLED_ITEM ( 'NONE', ( #3169 ), #4757 ) ;
#126 = EDGE_CURVE ( 'NONE', #6696, #3037, #1766, .T. ) ;
#127 = CARTESIAN_POINT ( 'NONE',  ( -2.860000000000001652, -7.249999999999999112, 3.890000000000000568 ) ) ;
#128 = ORIENTED_EDGE ( 'NONE', *, *, #8152, .T. ) ;
#129 = VECTOR ( 'NONE', #8526, 1000.000000000000000 ) ;
#130 = CARTESIAN_POINT ( 'NONE',  ( 5.121025641025640063, -0.1576923076923075207, 0.1000000000000000056 ) ) ;
#131 = LINE ( 'NONE', #5994, #9956 ) ;
#132 = DIRECTION ( 'NONE',  ( -0.6401843996644789314, 0.000000000000000000, -0.7682212795973767383 ) ) ;
#133 = DIRECTION ( 'NONE',  ( 1.000000000000000000, 0.000000000000000000, 0.000000000000000000 ) ) ;
#134 = AXIS2_PLACEMENT_3D ( 'NONE', #6450, #671, #5801 ) ;
#135 = ORIENTED_EDGE ( 'NONE', *, *, #6411, .T. ) ;
#136 = PRESENTATION_LAYER_ASSIGNMENT (  '', '', ( #7717 ) ) ;
#137 = ORIENTED_EDGE ( 'NONE', *, *, #6869, .F. ) ;
#138 = EDGE_CURVE ( 'NONE', #9067, #5378, #7550, .T. ) ;
#139 = ORIENTED_EDGE ( 'NONE', *, *, #10758, .F. ) ;
#140 = PRESENTATION_LAYER_ASSIGNMENT (  '', '', ( #10348 ) ) ;
#141 = FACE_OUTER_BOUND ( 'NONE', #7826, .T. ) ;
#142 = ORIENTED_EDGE ( 'NONE', *, *, #3056, .F. ) ;
#143 = DIRECTION ( 'NONE',  ( 0.000000000000000000, -1.000000000000000000, 0.000000000000000000 ) ) ;
#144 = ORIENTED_EDGE ( 'NONE', *, *, #8824, .F. ) ;
#145 = DIRECTION ( 'NONE',  ( 0.000000000000000000, 1.000000000000000000, 6.938893903907229610E-17 ) ) ;
#146 = ORIENTED_EDGE ( 'NONE', *, *, #1218, .T. ) ;
#147 = DIRECTION ( 'NONE',  ( 0.000000000000000000, -0.7071067811865467956, 0.7071067811865483499 ) ) ;
#148 = LINE ( 'NONE', #205, #475 ) ;
#149 = VECTOR ( 'NONE', #6992, 1000.000000000000000 ) ;
#150 = VECTOR ( 'NONE', #4213, 999.9999999999998863 ) ;
#151 = VECTOR ( 'NONE', #10244, 1000.000000000000000 ) ;
#152 = CARTESIAN_POINT ( 'NONE',  ( 5.456814468490103209, -0.8690880277590836700, -0.000000000000000000 ) ) ;
#153 = EDGE_CURVE ( 'NONE', #5939, #7515, #8478, .T. ) ;
#154 = ORIENTED_EDGE ( 'NONE', *, *, #6361, .F. ) ;
#155 = CARTESIAN_POINT ( 'NONE',  ( 5.121025641025640063, -1.008974358974358720, 0.1000000000000000056 ) ) ;
#156 = VECTOR ( 'NONE', #5747, 1000.000000000000000 ) ;
#157 = VECTOR ( 'NONE', #7404, 1000.000000000000000 ) ;
#158 = CARTESIAN_POINT ( 'NONE',  ( -5.400000000000002132, 2.909999999999998366, 1.550000000000000933 ) ) ;
#159 = ORIENTED_EDGE ( 'NONE', *, *, #10761, .F. ) ;
#160 = VECTOR ( 'NONE', #3800, 1000.000000000000000 ) ;
#161 = PRESENTATION_LAYER_ASSIGNMENT (  '', '', ( #5102 ) ) ;
#162 = VECTOR ( 'NONE', #9572, 1000.000000000000000 ) ;
#163 = CARTESIAN_POINT ( 'NONE',  ( -1.436666666666667647, 0.6499999999999999112, 4.599999999999999645 ) ) ;
#164 = ORIENTED_EDGE ( 'NONE', *, *, #7688, .F. ) ;
#165 = CARTESIAN_POINT ( 'NONE',  ( 5.082848478406403636, -0.01984010869313763276, -1.355252715606880543E-17 ) ) ;
#166 = LINE ( 'NONE', #265, #8372 ) ;
#167 = CARTESIAN_POINT ( 'NONE',  ( 5.279599358974357948, -0.9269230769230771827, 0.1000000000000000056 ) ) ;
#168 = FILL_AREA_STYLE ('',( #7779 ) ) ;
#169 = COLOUR_RGB ( '',0.1490196078431372528, 0.1490196078431372528, 0.1490196078431372528 ) ;
#170 = VECTOR ( 'NONE', #9671, 999.9999999999998863 ) ;
#171 = DIRECTION ( 'NONE',  ( 0.000000000000000000, 0.7071067811865483499, -0.7071067811865467956 ) ) ;
#172 = CARTESIAN_POINT ( 'NONE',  ( 5.486838620289989699, -0.7917315878344812763, 0.1000000000000000056 ) ) ;
#173 = DIRECTION ( 'NONE',  ( -0.000000000000000000, -0.000000000000000000, -1.000000000000000000 ) ) ;
#174 = DIRECTION ( 'NONE',  ( -1.000000000000000000, -0.000000000000000000, -0.000000000000000000 ) ) ;
#175 = CARTESIAN_POINT ( 'NONE',  ( 5.490256410256409758, -0.7475961538461540767, 0.000000000000000000 ) ) ;
#176 = EDGE_LOOP ( 'NONE', ( #9006, #6579, #4057, #7159 ) ) ;
#177 = CARTESIAN_POINT ( 'NONE',  ( -5.400000000000002132, 5.009999999999999787, -2.799999999999999822 ) ) ;
#178 = ORIENTED_EDGE ( 'NONE', *, *, #4141, .T. ) ;
#179 = LINE ( 'NONE', #2612, #6337 ) ;
#180 = DIRECTION ( 'NONE',  ( 0.000000000000000000, -2.090028284309406488E-16, -1.000000000000000000 ) ) ;
#181 = CARTESIAN_POINT ( 'NONE',  ( 5.081940938748920722, -0.6704056828273203816, 0.1000000000000000056 ) ) ;
#182 = VERTEX_POINT ( 'NONE', #10170 ) ;
#183 = CARTESIAN_POINT ( 'NONE',  ( 2.859999999999998099, 4.809999999999999609, 3.250000000000000888 ) ) ;
#184 = PLANE ( 'NONE',  #5776 ) ;
#185 = CARTESIAN_POINT ( 'NONE',  ( -4.760000000000002451, 5.449999999999999289, 4.090000000000001634 ) ) ;
#186 = EDGE_CURVE ( 'NONE', #8192, #8847, #2041, .T. ) ;
#187 = DIRECTION ( 'NONE',  ( 0.000000000000000000, -1.000000000000000000, 0.000000000000000000 ) ) ;
#188 = CARTESIAN_POINT ( 'NONE',  ( 5.072100384567888476, -0.7847116919946096614, 0.1000000000000000056 ) ) ;
#189 = ORIENTED_EDGE ( 'NONE', *, *, #5680, .T. ) ;
#190 = CARTESIAN_POINT ( 'NONE',  ( 3.253606557377041408, 0.6499999999999999112, 2.980327868852456596 ) ) ;
#191 = EDGE_CURVE ( 'NONE', #1625, #8306, #1929, .T. ) ;
#192 = DIRECTION ( 'NONE',  ( 0.000000000000000000, -1.000000000000000000, 2.090028284309406981E-16 ) ) ;
#193 = CARTESIAN_POINT ( 'NONE',  ( 5.472122007541204702, -0.009083867949260584010, 0.000000000000000000 ) ) ;
#194 = CARTESIAN_POINT ( 'NONE',  ( 4.759999999999998899, 4.809999999999998721, 3.450000000000000622 ) ) ;
#195 = DIRECTION ( 'NONE',  ( 0.000000000000000000, -0.7071067811865474617, 0.7071067811865474617 ) ) ;
#196 = EDGE_CURVE ( 'NONE', #8087, #5939, #1906, .T. ) ;
#197 = CARTESIAN_POINT ( 'NONE',  ( -6.350000000000002309, -1.249999999999999778, 0.000000000000000000 ) ) ;
#198 = ORIENTED_EDGE ( 'NONE', *, *, #3369, .T. ) ;
#199 = ORIENTED_EDGE ( 'NONE', *, *, #6548, .T. ) ;
#200 = ORIENTED_EDGE ( 'NONE', *, *, #5881, .T. ) ;
#201 = VERTEX_POINT ( 'NONE', #10107 ) ;
#202 = PLANE ( 'NONE',  #869 ) ;
#203 = ORIENTED_EDGE ( 'NONE', *, *, #2976, .F. ) ;
#204 = ORIENTED_EDGE ( 'NONE', *, *, #3787, .T. ) ;
#205 = CARTESIAN_POINT ( 'NONE',  ( 5.274871794871794251, -0.4551282051282050101, 0.1000000000000000056 ) ) ;
#206 = CARTESIAN_POINT ( 'NONE',  ( 5.121374626678329989, 0.07194278767419612364, 0.000000000000000000 ) ) ;
#207 = ADVANCED_FACE ( 'NONE', ( #1815 ), #6934, .F. ) ;
#208 = CARTESIAN_POINT ( 'NONE',  ( 5.381532375670512458, -0.9391483103800338794, 0.000000000000000000 ) ) ;
#209 = ORIENTED_EDGE ( 'NONE', *, *, #6742, .F. ) ;
#210 = LINE ( 'NONE', #314, #9815 ) ;
#211 = DIRECTION ( 'NONE',  ( 0.000000000000000000, 0.000000000000000000, -1.000000000000000000 ) ) ;
#212 = ORIENTED_EDGE ( 'NONE', *, *, #8143, .T. ) ;
#213 = LINE ( 'NONE', #5904, #1201 ) ;
#214 = ORIENTED_EDGE ( 'NONE', *, *, #2034, .F. ) ;
#215 = DIRECTION ( 'NONE',  ( -0.000000000000000000, -0.000000000000000000, -1.000000000000000000 ) ) ;
#216 = CARTESIAN_POINT ( 'NONE',  ( 5.161715435299319310, -0.6188075802658766777, 0.1000000000000000056 ) ) ;
#217 = B_SPLINE_SURFACE_WITH_KNOTS ( 'NONE', 3, 1, ( 
 ( #5178, #8521 ),
 ( #4554, #7917 ),
 ( #358, #3744 ),
 ( #7088, #10433 ),
 ( #6261, #9590 ),
 ( #5445, #410 ),
 ( #1249, #3792 ),
 ( #7138, #6317 ),
 ( #9655, #4783 ),
 ( #5825, #8941 ),
 ( #9974, #9099 ),
 ( #5613, #4106 ),
 ( #8234, #3999 ),
 ( #3952, #7418 ),
 ( #1566, #6475 ),
 ( #1510, #5711 ),
 ( #7462, #4991 ),
 ( #4881, #7302 ),
 ( #9871, #2398 ) ),
 .UNSPECIFIED., .F., .F., .F.,
 ( 4, 1, 1, 1, 1, 1, 1, 1, 1, 1, 1, 1, 1, 1, 1, 1, 4 ),
 ( 2, 2 ),
 ( 0.000000000000000000, 0.06853888393074550334, 0.1356658183200904755, 0.2011895900918646007, 0.2656486975986140919, 0.3292252713561474309, 0.3922263548538847400, 0.4548927772598809760, 0.5169420321855147105, 0.5785974336434623888, 0.6395395679834604552, 0.6999835774757409146, 0.7598365623338533270, 0.8196510876517280053, 0.8793700201307749209, 0.9395192432343547617, 1.000000000000000000 ),
 ( 0.000000000000000000, 1.000000000000000000 ),
 .UNSPECIFIED. ) ;
#218 = SURFACE_SIDE_STYLE ('',( #1776 ) ) ;
#219 = PLANE ( 'NONE',  #5990 ) ;
#220 = DIRECTION ( 'NONE',  ( 0.000000000000000000, 1.000000000000000000, 6.938893903907229610E-17 ) ) ;
#221 = CARTESIAN_POINT ( 'NONE',  ( 6.349999999999999645, 5.650000000000000355, 4.400000000000000355 ) ) ;
#222 = CARTESIAN_POINT ( 'NONE',  ( 5.127080978376949538, -0.6687404804964832694, -0.000000000000000000 ) ) ;
#223 = ORIENTED_EDGE ( 'NONE', *, *, #3228, .T. ) ;
#224 = SURFACE_STYLE_FILL_AREA ( #275 ) ;
#225 = ORIENTED_EDGE ( 'NONE', *, *, #3735, .F. ) ;
#226 = UNCERTAINTY_MEASURE_WITH_UNIT (LENGTH_MEASURE( 1.000000000000000082E-05 ), #306, 'distance_accuracy_value', 'NONE');
#227 = DIRECTION ( 'NONE',  ( 0.000000000000000000, -0.7071067811865467956, 0.7071067811865483499 ) ) ;
#228 = LINE ( 'NONE', #2006, #9835 ) ;
#229 = ADVANCED_FACE ( 'NONE', ( #2708 ), #2760, .F. ) ;
#230 = CARTESIAN_POINT ( 'NONE',  ( -2.860000000000001652, 2.269999999999999130, 0.7099999999999985212 ) ) ;
#231 = CARTESIAN_POINT ( 'NONE',  ( 5.315897435897435130, -0.4551282051282050101, -0.000000000000000000 ) ) ;
#232 = EDGE_LOOP ( 'NONE', ( #9541, #7990, #4847, #9861 ) ) ;
#233 =( LENGTH_UNIT ( ) NAMED_UNIT ( * ) SI_UNIT ( .MILLI., .METRE. ) );
#234 = ORIENTED_EDGE ( 'NONE', *, *, #8605, .F. ) ;
#235 = DIRECTION ( 'NONE',  ( 0.000000000000000000, -0.000000000000000000, -1.000000000000000000 ) ) ;
#236 = CARTESIAN_POINT ( 'NONE',  ( -4.760000000000002451, -7.049999999999999822, 0.9100000000000000311 ) ) ;
#237 = ORIENTED_EDGE ( 'NONE', *, *, #1311, .F. ) ;
#238 = DIRECTION ( 'NONE',  ( 1.000000000000000000, -0.000000000000000000, -0.000000000000000000 ) ) ;
#239 = LINE ( 'NONE', #2689, #4348 ) ;
#240 = CARTESIAN_POINT ( 'NONE',  ( 5.466746736612068780, 0.01056431302106877052, 0.000000000000000000 ) ) ;
#241 = DIRECTION ( 'NONE',  ( 0.000000000000000000, 1.628629872832303439E-16, 1.000000000000000000 ) ) ;
#242 = ADVANCED_FACE ( 'NONE', ( #9387 ), #2538, .F. ) ;
#243 = CARTESIAN_POINT ( 'NONE',  ( 6.349999999999996980, 0.6499999999999999112, 4.599999999999999645 ) ) ;
#244 = LINE ( 'NONE', #3629, #6093 ) ;
#245 = ORIENTED_EDGE ( 'NONE', *, *, #4630, .F. ) ;
#246 = ORIENTED_EDGE ( 'NONE', *, *, #8663, .F. ) ;
#247 = CARTESIAN_POINT ( 'NONE',  ( 3.809999999999999165, 5.650000000000000355, 4.400000000000000355 ) ) ;
#248 = ORIENTED_EDGE ( 'NONE', *, *, #1339, .F. ) ;
#249 = CARTESIAN_POINT ( 'NONE',  ( 2.219999999999997975, 2.669999999999999041, -3.000000000000000000 ) ) ;
#250 = EDGE_LOOP ( 'NONE', ( #5656, #10217, #8731, #7165 ) ) ;
#251 = PRESENTATION_STYLE_ASSIGNMENT (( #4457 ) ) ;
#252 = EDGE_LOOP ( 'NONE', ( #6679, #9795, #738, #7933 ) ) ;
#253 = EDGE_CURVE ( 'NONE', #1758, #9081, #877, .T. ) ;
#254 = EDGE_LOOP ( 'NONE', ( #1309, #3401, #5016, #9779 ) ) ;
#255 = FACE_OUTER_BOUND ( 'NONE', #6378, .T. ) ;
#256 = LINE ( 'NONE', #3866, #3688 ) ;
#257 = EDGE_CURVE ( 'NONE', #541, #5212, #5466, .T. ) ;
#258 = ORIENTED_EDGE ( 'NONE', *, *, #10687, .T. ) ;
#259 = CARTESIAN_POINT ( 'NONE',  ( -2.860000000000001652, -7.249999999999999112, 3.890000000000000568 ) ) ;
#260 = CARTESIAN_POINT ( 'NONE',  ( -5.400000000000002132, -7.249999999999999112, 3.650000000000000799 ) ) ;
#261 = VERTEX_POINT ( 'NONE', #5401 ) ;
#262 = EDGE_CURVE ( 'NONE', #6616, #5009, #3042, .T. ) ;
#263 = ORIENTED_EDGE ( 'NONE', *, *, #9205, .T. ) ;
#264 = CARTESIAN_POINT ( 'NONE',  ( 4.759999999999998899, 3.109999999999998987, -2.799999999999999822 ) ) ;
#265 = CARTESIAN_POINT ( 'NONE',  ( -2.220000000000001972, 5.649999999999999467, -2.799999999999999822 ) ) ;
#266 =( NAMED_UNIT ( * ) SI_UNIT ( $, .STERADIAN. ) SOLID_ANGLE_UNIT ( ) );
#267 = AXIS2_PLACEMENT_3D ( 'NONE', #9239, #4982, #779 ) ;
#268 = AXIS2_PLACEMENT_3D ( 'NONE', #6539, #1419, #6424 ) ;
#269 = DIRECTION ( 'NONE',  ( 0.000000000000000000, -1.000000000000000000, 0.000000000000000000 ) ) ;
#270 = CYLINDRICAL_SURFACE ( 'NONE', #6446, 0.1999999999999999833 ) ;
#271 = VECTOR ( 'NONE', #10121, 1000.000000000000000 ) ;
#272 = CARTESIAN_POINT ( 'NONE',  ( 5.151257723952502587, 0.04265891480154546805, 0.000000000000000000 ) ) ;
#273 = CARTESIAN_POINT ( 'NONE',  ( 6.349999999999996980, 1.249999999999999778, 0.4000000000000001887 ) ) ;
#274 = VERTEX_POINT ( 'NONE', #4679 ) ;
#275 = FILL_AREA_STYLE ('',( #7839 ) ) ;
#276 = ORIENTED_EDGE ( 'NONE', *, *, #4798, .F. ) ;
#277 = DIRECTION ( 'NONE',  ( -0.000000000000000000, -0.000000000000000000, -1.000000000000000000 ) ) ;
#278 = DIRECTION ( 'NONE',  ( -1.000000000000000000, 0.000000000000000000, 0.000000000000000000 ) ) ;
#279 = COLOUR_RGB ( '',0.1490196078431372528, 0.1490196078431372528, 0.1490196078431372528 ) ;
#280 = VECTOR ( 'NONE', #6540, 1000.000000000000000 ) ;
#281 = VERTEX_POINT ( 'NONE', #8801 ) ;
#282 = DIRECTION ( 'NONE',  ( 0.000000000000000000, 0.000000000000000000, -1.000000000000000000 ) ) ;
#283 = EDGE_CURVE ( 'NONE', #9673, #10084, #7157, .T. ) ;
#284 = DIRECTION ( 'NONE',  ( -1.000000000000000000, 0.000000000000000000, 0.000000000000000000 ) ) ;
#285 = SURFACE_SIDE_STYLE ('',( #7849 ) ) ;
#286 = DIRECTION ( 'NONE',  ( 0.000000000000000000, 1.000000000000000000, 1.088556398077815828E-16 ) ) ;
#287 = CARTESIAN_POINT ( 'NONE',  ( 5.117269231314977240, -0.8017916920823935367, 0.000000000000000000 ) ) ;
#288 = ORIENTED_EDGE ( 'NONE', *, *, #6192, .T. ) ;
#289 = PRESENTATION_LAYER_ASSIGNMENT (  '', '', ( #8555 ) ) ;
#290 = DIRECTION ( 'NONE',  ( -0.6401843996644789314, 0.000000000000000000, -0.7682212795973767383 ) ) ;
#291 = CIRCLE ( 'NONE', #662, 0.2000000000000000944 ) ;
#292 = PRESENTATION_LAYER_ASSIGNMENT (  '', '', ( #6118 ) ) ;
#293 = CARTESIAN_POINT ( 'NONE',  ( -5.400000000000002132, 5.450000000000000178, -3.000000000000000000 ) ) ;
#294 = CARTESIAN_POINT ( 'NONE',  ( 5.476539543308708957, -0.03784270453230158954, 0.1000000000000000056 ) ) ;
#295 = MECHANICAL_DESIGN_GEOMETRIC_PRESENTATION_REPRESENTATION (  '', ( #8233 ), #6473 ) ;
#296 = DIRECTION ( 'NONE',  ( -0.6401843996644794865, 0.000000000000000000, -0.7682212795973760722 ) ) ;
#297 = ORIENTED_EDGE ( 'NONE', *, *, #9068, .T. ) ;
#298 = ORIENTED_EDGE ( 'NONE', *, *, #4141, .F. ) ;
#299 = DIRECTION ( 'NONE',  ( -0.000000000000000000, -1.000000000000000000, -0.000000000000000000 ) ) ;
#300 = MECHANICAL_DESIGN_GEOMETRIC_PRESENTATION_REPRESENTATION (  '', ( #9436 ), #10324 ) ;
#301 = ORIENTED_EDGE ( 'NONE', *, *, #1134, .T. ) ;
#302 = B_SPLINE_SURFACE_WITH_KNOTS ( 'NONE', 3, 1, ( 
 ( #5307, #1711 ),
 ( #8643, #6021 ),
 ( #3383, #4249 ),
 ( #9343, #7610 ),
 ( #8529, #978 ),
 ( #40, #3426 ),
 ( #1772, #6778 ),
 ( #96, #5138 ),
 ( #5958, #8484 ),
 ( #4297, #7656 ),
 ( #6835, #7226 ),
 ( #1271, #2934 ),
 ( #1212, #7107 ),
 ( #494, #4471 ),
 ( #4584, #381 ) ),
 .UNSPECIFIED., .F., .F., .F.,
 ( 4, 1, 1, 1, 1, 1, 1, 1, 1, 1, 1, 1, 4 ),
 ( 2, 2 ),
 ( 0.000000000000000000, 0.06315763001744928440, 0.1254637582343931246, 0.1871045428727505511, 0.2482722171931055488, 0.3092672907402120308, 0.3700815693601400835, 0.4311994313023772007, 0.4926765658671868886, 0.6161821766213938512, 0.7408667954466652272, 0.8681943967256271488, 1.000000000000000000 ),
 ( 0.000000000000000000, 1.000000000000000000 ),
 .UNSPECIFIED. ) ;
#303 = ORIENTED_EDGE ( 'NONE', *, *, #8525, .T. ) ;
#304 = DIRECTION ( 'NONE',  ( 1.000000000000000000, -0.000000000000000000, -0.000000000000000000 ) ) ;
#305 = VERTEX_POINT ( 'NONE', #4465 ) ;
#306 =( LENGTH_UNIT ( ) NAMED_UNIT ( * ) SI_UNIT ( .MILLI., .METRE. ) );
#307 = CARTESIAN_POINT ( 'NONE',  ( 5.169168550379594329, 0.1094431273036871877, 0.000000000000000000 ) ) ;
#308 = VECTOR ( 'NONE', #378, 1000.000000000000114 ) ;
#309 = VECTOR ( 'NONE', #3486, 1000.000000000000114 ) ;
#310 = EDGE_CURVE ( 'NONE', #6156, #5365, #7820, .T. ) ;
#311 = DIRECTION ( 'NONE',  ( -1.000000000000000000, 0.000000000000000000, 0.000000000000000000 ) ) ;
#312 = VERTEX_POINT ( 'NONE', #8846 ) ;
#313 = ORIENTED_EDGE ( 'NONE', *, *, #5267, .T. ) ;
#314 = CARTESIAN_POINT ( 'NONE',  ( 6.349999999999996980, 0.6499999999999999112, 0.4000000000000001332 ) ) ;
#315 = EDGE_CURVE ( 'NONE', #5188, #2104, #9718, .T. ) ;
#316 = LINE ( 'NONE', #6232, #3344 ) ;
#317 = VERTEX_POINT ( 'NONE', #7984 ) ;
#318 = AXIS2_PLACEMENT_3D ( 'NONE', #6833, #8367, #211 ) ;
#319 = SURFACE_STYLE_FILL_AREA ( #7882 ) ;
#320 = ORIENTED_EDGE ( 'NONE', *, *, #681, .F. ) ;
#321 = EDGE_CURVE ( 'NONE', #4248, #281, #3755, .T. ) ;
#322 = VECTOR ( 'NONE', #9632, 1000.000000000000000 ) ;
#323 = EDGE_CURVE ( 'NONE', #8324, #848, #9610, .T. ) ;
#324 = SURFACE_STYLE_USAGE ( .BOTH. , #2110 ) ;
#325 = CARTESIAN_POINT ( 'NONE',  ( 5.249230769230768701, 0.3053685897435901020, 0.1000000000000000056 ) ) ;
#326 = ADVANCED_FACE ( 'NONE', ( #10449 ), #1983, .F. ) ;
#327 = VECTOR ( 'NONE', #6048, 1000.000000000000000 ) ;
#328 = CARTESIAN_POINT ( 'NONE',  ( -0.3200000000000017830, 2.669999999999999041, -3.000000000000000000 ) ) ;
#329 = CARTESIAN_POINT ( 'NONE',  ( 5.282323717948717245, -0.9628205128205130636, 0.1000000000000000056 ) ) ;
#330 = VECTOR ( 'NONE', #8291, 1000.000000000000000 ) ;
#331 = VECTOR ( 'NONE', #5718, 1000.000000000000000 ) ;
#332 = VECTOR ( 'NONE', #7090, 1000.000000000000000 ) ;
#333 = CARTESIAN_POINT ( 'NONE',  ( 5.249042891330751637, 0.09726870958514816090, 0.000000000000000000 ) ) ;
#334 = CARTESIAN_POINT ( 'NONE',  ( 5.130359517952708615, -0.0003368413821132711962, -0.000000000000000000 ) ) ;
#335 = ORIENTED_EDGE ( 'NONE', *, *, #8375, .T. ) ;
#336 = PRESENTATION_STYLE_ASSIGNMENT (( #10299 ) ) ;
#337 = ORIENTED_EDGE ( 'NONE', *, *, #5724, .T. ) ;
#338 = UNCERTAINTY_MEASURE_WITH_UNIT (LENGTH_MEASURE( 1.000000000000000082E-05 ), #9807, 'distance_accuracy_value', 'NONE');
#339 = CARTESIAN_POINT ( 'NONE',  ( 5.131133121108780948, -0.9045420561240232749, 0.000000000000000000 ) ) ;
#340 = CARTESIAN_POINT ( 'NONE',  ( -0.3200000000000017830, 2.469999999999999307, 0.7099999999999970779 ) ) ;
#341 = VECTOR ( 'NONE', #3846, 1000.000000000000000 ) ;
#342 = CARTESIAN_POINT ( 'NONE',  ( 0.3199999999999982858, -1.250000000000000222, 1.550000000000000488 ) ) ;
#343 = CARTESIAN_POINT ( 'NONE',  ( 5.315897435897435130, -0.2653846153846152189, -0.000000000000000000 ) ) ;
#344 = VECTOR ( 'NONE', #2667, 1000.000000000000000 ) ;
#345 = PRESENTATION_LAYER_ASSIGNMENT (  '', '', ( #4391 ) ) ;
#346 = CIRCLE ( 'NONE', #710, 0.2000000000000000944 ) ;
#347 = VECTOR ( 'NONE', #4142, 1000.000000000000000 ) ;
#348 = EDGE_CURVE ( 'NONE', #7043, #8659, #256, .T. ) ;
#349 = ORIENTED_EDGE ( 'NONE', *, *, #7134, .T. ) ;
#350 = DIRECTION ( 'NONE',  ( 0.9034962347415941286, 0.4285960263555441685, 0.000000000000000000 ) ) ;
#351 = SURFACE_STYLE_FILL_AREA ( #8774 ) ;
#352 = LINE ( 'NONE', #1176, #5941 ) ;
#353 = DIRECTION ( 'NONE',  ( 0.000000000000000000, 0.000000000000000000, 1.000000000000000000 ) ) ;
#354 = MECHANICAL_DESIGN_GEOMETRIC_PRESENTATION_REPRESENTATION (  '', ( #7757 ), #10377 ) ;
#355 = CARTESIAN_POINT ( 'NONE',  ( -4.760000000000002451, 2.469999999999999307, 0.7099999999999970779 ) ) ;
#356 = ORIENTED_EDGE ( 'NONE', *, *, #10420, .T. ) ;
#357 = CARTESIAN_POINT ( 'NONE',  ( 5.144671751353288691, -0.9161488826571303479, 0.1000000000000000056 ) ) ;
#358 = CARTESIAN_POINT ( 'NONE',  ( 5.490092098095609607, -0.7339030594168873822, 0.1000000000000000056 ) ) ;
#359 = LINE ( 'NONE', #5381, #119 ) ;
#360 = PLANE ( 'NONE',  #862 ) ;
#361 = DIRECTION ( 'NONE',  ( -0.000000000000000000, -0.000000000000000000, -1.000000000000000000 ) ) ;
#362 = EDGE_CURVE ( 'NONE', #3857, #3079, #2928, .T. ) ;
#363 = DIRECTION ( 'NONE',  ( 1.000000000000000000, -0.000000000000000000, -0.000000000000000000 ) ) ;
#364 = ORIENTED_EDGE ( 'NONE', *, *, #6674, .F. ) ;
#365 = ORIENTED_EDGE ( 'NONE', *, *, #1530, .F. ) ;
#366 = CARTESIAN_POINT ( 'NONE',  ( 4.759999999999998899, 2.469999999999999307, 0.7099999999999970779 ) ) ;
#367 = VERTEX_POINT ( 'NONE', #2880 ) ;
#368 = SURFACE_STYLE_USAGE ( .BOTH. , #5514 ) ;
#369 = ORIENTED_EDGE ( 'NONE', *, *, #3191, .F. ) ;
#370 = CARTESIAN_POINT ( 'NONE',  ( 5.079999999999999183, -0.06963141025641007842, 0.1000000000000000056 ) ) ;
#371 = LINE ( 'NONE', #9716, #9783 ) ;
#372 = SURFACE_STYLE_USAGE ( .BOTH. , #7602 ) ;
#373 = EDGE_CURVE ( 'NONE', #3613, #1266, #8039, .T. ) ;
#374 = CARTESIAN_POINT ( 'NONE',  ( 4.759999999999998899, -7.249999999999999112, 3.650000000000000799 ) ) ;
#375 = VERTEX_POINT ( 'NONE', #6278 ) ;
#376 = ORIENTED_EDGE ( 'NONE', *, *, #9253, .F. ) ;
#377 = ORIENTED_EDGE ( 'NONE', *, *, #7666, .F. ) ;
#378 = DIRECTION ( 'NONE',  ( 0.6401843996644802637, 0.000000000000000000, -0.7682212795973755171 ) ) ;
#379 = CARTESIAN_POINT ( 'NONE',  ( 4.759999999999998899, 2.269999999999997797, 0.9099999999999984768 ) ) ;
#380 = ORIENTED_EDGE ( 'NONE', *, *, #10490, .T. ) ;
#381 = CARTESIAN_POINT ( 'NONE',  ( 5.449230769230768878, -0.7498397435897438124, 0.000000000000000000 ) ) ;
#382 = ORIENTED_EDGE ( 'NONE', *, *, #10212, .F. ) ;
#383 = CARTESIAN_POINT ( 'NONE',  ( 5.092040749127442645, 0.02119137089089281889, -1.355252715606880543E-17 ) ) ;
#384 = DIRECTION ( 'NONE',  ( 0.000000000000000000, 0.000000000000000000, 1.000000000000000000 ) ) ;
#385 = LINE ( 'NONE', #4592, #1764 ) ;
#386 = ADVANCED_FACE ( 'NONE', ( #1142 ), #2093, .T. ) ;
#387 = CARTESIAN_POINT ( 'NONE',  ( 5.165797289421933947, 0.05908681362530783521, 0.1000000000000000056 ) ) ;
#388 = FACE_OUTER_BOUND ( 'NONE', #6939, .T. ) ;
#389 =( LENGTH_UNIT ( ) NAMED_UNIT ( * ) SI_UNIT ( .MILLI., .METRE. ) );
#390 = CARTESIAN_POINT ( 'NONE',  ( 2.219999999999997975, 5.450000000000000178, -3.000000000000000000 ) ) ;
#391 = ORIENTED_EDGE ( 'NONE', *, *, #1222, .F. ) ;
#392 = SURFACE_SIDE_STYLE ('',( #224 ) ) ;
#393 = VERTEX_POINT ( 'NONE', #6226 ) ;
#394 = ADVANCED_FACE ( 'NONE', ( #6988 ), #2827, .T. ) ;
#395 = DIRECTION ( 'NONE',  ( 0.000000000000000000, 0.000000000000000000, 1.000000000000000000 ) ) ;
#396 = DIRECTION ( 'NONE',  ( 0.000000000000000000, 0.000000000000000000, 1.000000000000000000 ) ) ;
#397 = CARTESIAN_POINT ( 'NONE',  ( 5.110579624449826497, -0.6160483533798898348, 0.000000000000000000 ) ) ;
#398 = DIRECTION ( 'NONE',  ( -0.000000000000000000, 0.000000000000000000, -1.000000000000000000 ) ) ;
#399 = ORIENTED_EDGE ( 'NONE', *, *, #8246, .T. ) ;
#400 = DIRECTION ( 'NONE',  ( -0.000000000000000000, -0.000000000000000000, -1.000000000000000000 ) ) ;
#401 = EDGE_CURVE ( 'NONE', #8193, #4319, #1263, .T. ) ;
#402 = FILL_AREA_STYLE ('',( #9701 ) ) ;
#403 = CARTESIAN_POINT ( 'NONE',  ( -5.400000000000002132, 5.450000000000001066, 3.890000000000001457 ) ) ;
#404 = CARTESIAN_POINT ( 'NONE',  ( 5.154564150902207764, -0.9241990406206059827, 0.1000000000000000056 ) ) ;
#405 = CARTESIAN_POINT ( 'NONE',  ( 4.759999999999998899, 2.269999999999997797, 0.9099999999999984768 ) ) ;
#406 = CARTESIAN_POINT ( 'NONE',  ( 5.404965739218419607, -0.6258040796947830220, 0.1000000000000000056 ) ) ;
#407 = VERTEX_POINT ( 'NONE', #8740 ) ;
#408 = CARTESIAN_POINT ( 'NONE',  ( 5.223137187095632683, -0.9560011482730611521, 0.1000000000000000056 ) ) ;
#409 = ADVANCED_FACE ( 'NONE', ( #1203 ), #4571, .F. ) ;
#410 = CARTESIAN_POINT ( 'NONE',  ( 5.484849735431615692, -0.6945857502852714749, 0.000000000000000000 ) ) ;
#411 = CARTESIAN_POINT ( 'NONE',  ( 6.349999999999996980, 1.249999999999999778, 4.599999999999999645 ) ) ;
#412 = CARTESIAN_POINT ( 'NONE',  ( -0.3200000000000017830, -7.049999999999999822, 0.9100000000000000311 ) ) ;
#413 = PLANE ( 'NONE',  #5750 ) ;
#414 = DIRECTION ( 'NONE',  ( 0.000000000000000000, 0.7071067811865467956, 0.7071067811865483499 ) ) ;
#415 = ORIENTED_EDGE ( 'NONE', *, *, #9001, .F. ) ;
#416 = ORIENTED_EDGE ( 'NONE', *, *, #5925, .T. ) ;
#417 = CARTESIAN_POINT ( 'NONE',  ( 5.136574154137259818, -0.6512165209302156477, 0.1000000000000000056 ) ) ;
#418 = ORIENTED_EDGE ( 'NONE', *, *, #7329, .T. ) ;
#419 = CARTESIAN_POINT ( 'NONE',  ( 5.079999999999999183, -0.4910256410256409465, 0.1000000000000000056 ) ) ;
#420 = VERTEX_POINT ( 'NONE', #3298 ) ;
#421 = CARTESIAN_POINT ( 'NONE',  ( 5.434705444767771176, -0.04187513818084262485, 0.000000000000000000 ) ) ;
#422 = DIRECTION ( 'NONE',  ( -0.000000000000000000, -1.000000000000000000, -0.000000000000000000 ) ) ;
#423 = CARTESIAN_POINT ( 'NONE',  ( -2.220000000000001972, 2.269999999999997797, 0.9099999999999984768 ) ) ;
#424 = CARTESIAN_POINT ( 'NONE',  ( 5.438974358974357770, -0.2653846153846152189, 0.1000000000000000056 ) ) ;
#425 = VERTEX_POINT ( 'NONE', #4077 ) ;
#426 = ORIENTED_EDGE ( 'NONE', *, *, #101, .F. ) ;
#427 = ORIENTED_EDGE ( 'NONE', *, *, #3350, .T. ) ;
#428 = CARTESIAN_POINT ( 'NONE',  ( 5.438974358974357770, -0.1295673076923075373, 0.1000000000000000056 ) ) ;
#429 = EDGE_CURVE ( 'NONE', #4670, #9260, #10815, .T. ) ;
#430 = DIRECTION ( 'NONE',  ( 1.000000000000000000, -0.000000000000000000, -0.000000000000000000 ) ) ;
#431 = ORIENTED_EDGE ( 'NONE', *, *, #6940, .T. ) ;
#432 = ORIENTED_EDGE ( 'NONE', *, *, #4441, .F. ) ;
#433 = CARTESIAN_POINT ( 'NONE',  ( -0.3200000000000017830, 5.650000000000000355, 3.890000000000000124 ) ) ;
#434 = PRESENTATION_STYLE_ASSIGNMENT (( #2268 ) ) ;
#435 = PRODUCT_DEFINITION_CONTEXT ( 'detailed design', #2503, 'design' ) ;
#436 = FACE_OUTER_BOUND ( 'NONE', #10568, .T. ) ;
#437 = PRESENTATION_STYLE_ASSIGNMENT (( #324 ) ) ;
#438 = LINE ( 'NONE', #9685, #9445 ) ;
#439 = CARTESIAN_POINT ( 'NONE',  ( 5.249230769230768701, 0.4483173076923080425, 0.1000000000000000056 ) ) ;
#440 = DIRECTION ( 'NONE',  ( 1.000000000000000000, -0.000000000000000000, -0.000000000000000000 ) ) ;
#441 = CARTESIAN_POINT ( 'NONE',  ( 5.399999999999998579, 5.449999999999999289, 4.090000000000001634 ) ) ;
#442 = DIRECTION ( 'NONE',  ( 0.000000000000000000, -0.000000000000000000, -1.000000000000000000 ) ) ;
#443 = EDGE_CURVE ( 'NONE', #10265, #10049, #7166, .T. ) ;
#444 = ORIENTED_EDGE ( 'NONE', *, *, #7063, .F. ) ;
#445 =( LENGTH_UNIT ( ) NAMED_UNIT ( * ) SI_UNIT ( .MILLI., .METRE. ) );
#446 = UNCERTAINTY_MEASURE_WITH_UNIT (LENGTH_MEASURE( 1.000000000000000082E-05 ), #107, 'distance_accuracy_value', 'NONE');
#447 = DIRECTION ( 'NONE',  ( 1.000000000000000000, 0.000000000000000000, -0.000000000000000000 ) ) ;
#448 = FACE_OUTER_BOUND ( 'NONE', #1459, .T. ) ;
#449 = CARTESIAN_POINT ( 'NONE',  ( 5.113547616972651255, -0.7843728580153419561, 0.1000000000000000056 ) ) ;
#450 = VECTOR ( 'NONE', #5336, 1000.000000000000000 ) ;
#451 = CARTESIAN_POINT ( 'NONE',  ( -5.400000000000002132, -7.049999999999999822, 1.550000000000000044 ) ) ;
#452 = EDGE_LOOP ( 'NONE', ( #9383, #9294, #646, #10513 ) ) ;
#453 = AXIS2_PLACEMENT_3D ( 'NONE', #5835, #1631, #4620 ) ;
#454 = PLANE ( 'NONE',  #1689 ) ;
#455 = EDGE_CURVE ( 'NONE', #8422, #6382, #10609, .T. ) ;
#456 = SURFACE_STYLE_USAGE ( .BOTH. , #1293 ) ;
#457 = CARTESIAN_POINT ( 'NONE',  ( 5.438974358974357770, -0.4551282051282050101, -0.000000000000000000 ) ) ;
#458 = AXIS2_PLACEMENT_3D ( 'NONE', #183, #4268, #62 ) ;
#459 = DIRECTION ( 'NONE',  ( 0.000000000000000000, -1.000000000000000000, 0.000000000000000000 ) ) ;
#460 = LINE ( 'NONE', #9704, #2629 ) ;
#461 = EDGE_CURVE ( 'NONE', #6804, #8059, #4020, .T. ) ;
#462 = CARTESIAN_POINT ( 'NONE',  ( 5.184498585925788383, -0.8983932078323996206, -0.000000000000000000 ) ) ;
#463 = ORIENTED_EDGE ( 'NONE', *, *, #6103, .F. ) ;
#464 = CARTESIAN_POINT ( 'NONE',  ( 2.859999999999998099, 5.450000000000000178, -3.000000000000000000 ) ) ;
#465 = FACE_OUTER_BOUND ( 'NONE', #4488, .T. ) ;
#466 = VECTOR ( 'NONE', #9402, 1000.000000000000000 ) ;
#467 = CARTESIAN_POINT ( 'NONE',  ( -2.860000000000001652, -7.249999999999999112, 1.349999999999999867 ) ) ;
#468 = CARTESIAN_POINT ( 'NONE',  ( 5.437862838663125586, 0.06469006827620825406, 0.1000000000000000056 ) ) ;
#469 = EDGE_CURVE ( 'NONE', #10612, #3463, #8964, .T. ) ;
#470 = EDGE_CURVE ( 'NONE', #8296, #5764, #7373, .T. ) ;
#471 = LINE ( 'NONE', #6163, #7663 ) ;
#472 = ORIENTED_EDGE ( 'NONE', *, *, #3215, .T. ) ;
#473 = ORIENTED_EDGE ( 'NONE', *, *, #7532, .F. ) ;
#474 = DIRECTION ( 'NONE',  ( 1.000000000000000000, -0.000000000000000000, -0.000000000000000000 ) ) ;
#475 = VECTOR ( 'NONE', #6932, 1000.000000000000000 ) ;
#476 = CIRCLE ( 'NONE', #5936, 0.2000000000000000944 ) ;
#477 = ORIENTED_EDGE ( 'NONE', *, *, #7699, .F. ) ;
#478 = CARTESIAN_POINT ( 'NONE',  ( 2.219999999999997975, -7.249999999999999112, 3.890000000000000568 ) ) ;
#479 = ORIENTED_EDGE ( 'NONE', *, *, #6935, .F. ) ;
#480 = AXIS2_PLACEMENT_3D ( 'NONE', #525, #459, #3786 ) ;
#481 = DIRECTION ( 'NONE',  ( 0.000000000000000000, 6.938893903907229610E-17, -1.000000000000000000 ) ) ;
#482 = PLANE ( 'NONE',  #8907 ) ;
#483 = CARTESIAN_POINT ( 'NONE',  ( -5.400000000000002132, 2.269999999999999130, 0.7099999999999985212 ) ) ;
#484 = AXIS2_PLACEMENT_3D ( 'NONE', #5911, #6899, #893 ) ;
#485 = EDGE_CURVE ( 'NONE', #3526, #1445, #2972, .T. ) ;
#486 = DIRECTION ( 'NONE',  ( 0.000000000000000000, -0.7071067811865467956, 0.7071067811865483499 ) ) ;
#487 = ORIENTED_EDGE ( 'NONE', *, *, #934, .F. ) ;
#488 = ORIENTED_EDGE ( 'NONE', *, *, #7270, .T. ) ;
#489 = ORIENTED_EDGE ( 'NONE', *, *, #583, .F. ) ;
#490 = FACE_OUTER_BOUND ( 'NONE', #2417, .T. ) ;
#491 = CARTESIAN_POINT ( 'NONE',  ( 2.219999999999997975, -7.249999999999999112, 3.890000000000000568 ) ) ;
#492 = ORIENTED_EDGE ( 'NONE', *, *, #6273, .T. ) ;
#493 = VECTOR ( 'NONE', #3876, 1000.000000000000000 ) ;
#494 = CARTESIAN_POINT ( 'NONE',  ( 5.449046098887470713, -0.7425622445768820246, 0.1000000000000000056 ) ) ;
#495 = ORIENTED_EDGE ( 'NONE', *, *, #283, .T. ) ;
#496 =( NAMED_UNIT ( * ) PLANE_ANGLE_UNIT ( ) SI_UNIT ( $, .RADIAN. ) );
#497 = STYLED_ITEM ( 'NONE', ( #1997 ), #5861 ) ;
#498 = SURFACE_SIDE_STYLE ('',( #9021 ) ) ;
#499 = PLANE ( 'NONE',  #4866 ) ;
#500 = DIRECTION ( 'NONE',  ( 0.6401843996644794865, 0.000000000000000000, -0.7682212795973760722 ) ) ;
#501 = PLANE ( 'NONE',  #8268 ) ;
#502 = AXIS2_PLACEMENT_3D ( 'NONE', #6119, #2589, #4405 ) ;
#503 = EDGE_CURVE ( 'NONE', #10508, #8516, #2364, .T. ) ;
#504 = EDGE_CURVE ( 'NONE', #3750, #2156, #3960, .T. ) ;
#505 = STYLED_ITEM ( 'NONE', ( #714 ), #6302 ) ;
#506 = CARTESIAN_POINT ( 'NONE',  ( -2.860000000000001652, -7.049999999999999822, 0.9100000000000000311 ) ) ;
#507 = CARTESIAN_POINT ( 'NONE',  ( -6.183333333333337123, 1.249999999999999778, 4.599999999999999645 ) ) ;
#508 = VECTOR ( 'NONE', #1821, 1000.000000000000114 ) ;
#509 = CARTESIAN_POINT ( 'NONE',  ( 5.145154560183359926, 0.03350355730356149170, 0.000000000000000000 ) ) ;
#510 = CARTESIAN_POINT ( 'NONE',  ( 5.479999999999999538, -0.1128205128205126417, 0.1000000000000000056 ) ) ;
#511 = AXIS2_PLACEMENT_3D ( 'NONE', #10594, #3068, #4779 ) ;
#512 = ORIENTED_EDGE ( 'NONE', *, *, #6524, .F. ) ;
#513 = LINE ( 'NONE', #4603, #8784 ) ;
#514 = CARTESIAN_POINT ( 'NONE',  ( 5.315897435897435130, -0.4551282051282050101, 0.1000000000000000056 ) ) ;
#515 = DIRECTION ( 'NONE',  ( 1.000000000000000000, 0.000000000000000000, -0.000000000000000000 ) ) ;
#516 = DIRECTION ( 'NONE',  ( -0.000000000000000000, -1.000000000000000000, -0.000000000000000000 ) ) ;
#517 = VECTOR ( 'NONE', #8199, 1000.000000000000000 ) ;
#518 = VECTOR ( 'NONE', #6853, 1000.000000000000000 ) ;
#519 = VECTOR ( 'NONE', #5878, 1000.000000000000000 ) ;
#520 = ORIENTED_EDGE ( 'NONE', *, *, #8724, .F. ) ;
#521 = DIRECTION ( 'NONE',  ( 0.000000000000000000, 0.000000000000000000, -1.000000000000000000 ) ) ;
#522 = DIRECTION ( 'NONE',  ( -0.000000000000000000, -0.000000000000000000, -1.000000000000000000 ) ) ;
#523 = FACE_OUTER_BOUND ( 'NONE', #5228, .T. ) ;
#524 = DIRECTION ( 'NONE',  ( 0.000000000000000000, 0.000000000000000000, 1.000000000000000000 ) ) ;
#525 = CARTESIAN_POINT ( 'NONE',  ( 5.274871794871794251, -0.4551282051282050101, 0.1000000000000000056 ) ) ;
#526 = CARTESIAN_POINT ( 'NONE',  ( 5.391070031573264032, 0.05567907485471572382, 0.1000000000000000056 ) ) ;
#527 = AXIS2_PLACEMENT_3D ( 'NONE', #3791, #1011, #1248 ) ;
#528 = VERTEX_POINT ( 'NONE', #6000 ) ;
#529 = DIRECTION ( 'NONE',  ( 0.000000000000000000, 1.000000000000000000, -0.000000000000000000 ) ) ;
#530 = ORIENTED_EDGE ( 'NONE', *, *, #9330, .F. ) ;
#531 = CARTESIAN_POINT ( 'NONE',  ( -0.3200000000000017830, 5.009999999999999787, -2.799999999999999822 ) ) ;
#532 = VECTOR ( 'NONE', #1179, 1000.000000000000114 ) ;
#533 = DIRECTION ( 'NONE',  ( -0.000000000000000000, 0.000000000000000000, -1.000000000000000000 ) ) ;
#534 = VECTOR ( 'NONE', #8655, 1000.000000000000000 ) ;
#535 = VECTOR ( 'NONE', #7408, 1000.000000000000000 ) ;
#536 = CARTESIAN_POINT ( 'NONE',  ( -2.860000000000001652, 4.809999999999999609, 3.250000000000000888 ) ) ;
#537 = ADVANCED_FACE ( 'NONE', ( #10876 ), #4390, .F. ) ;
#538 = CARTESIAN_POINT ( 'NONE',  ( 5.414344345966028094, -0.8594780404406184848, 0.1000000000000000056 ) ) ;
#539 = STYLED_ITEM ( 'NONE', ( #3937 ), #9826 ) ;
#540 = ORIENTED_EDGE ( 'NONE', *, *, #1682, .T. ) ;
#541 = VERTEX_POINT ( 'NONE', #5118 ) ;
#542 = SURFACE_STYLE_USAGE ( .BOTH. , #2195 ) ;
#543 = EDGE_CURVE ( 'NONE', #7273, #5525, #6636, .T. ) ;
#544 = EDGE_CURVE ( 'NONE', #7239, #5945, #3462, .T. ) ;
#545 = CARTESIAN_POINT ( 'NONE',  ( -5.400000000000002132, 5.009999999999999787, 3.249999999999999556 ) ) ;
#546 = ORIENTED_EDGE ( 'NONE', *, *, #8724, .T. ) ;
#547 = DIRECTION ( 'NONE',  ( 0.000000000000000000, 0.000000000000000000, 1.000000000000000000 ) ) ;
#548 = DIRECTION ( 'NONE',  ( 0.000000000000000000, 1.088556398077815951E-16, -1.000000000000000000 ) ) ;
#549 = LINE ( 'NONE', #3140, #4943 ) ;
#550 = EDGE_CURVE ( 'NONE', #2263, #5959, #5837, .T. ) ;
#551 = DIRECTION ( 'NONE',  ( 0.000000000000000000, -1.000000000000000000, 0.000000000000000000 ) ) ;
#552 = EDGE_LOOP ( 'NONE', ( #8501, #7027, #1980, #3202 ) ) ;
#553 = ORIENTED_EDGE ( 'NONE', *, *, #4997, .F. ) ;
#554 = EDGE_CURVE ( 'NONE', #9710, #4261, #8351, .T. ) ;
#555 = ORIENTED_EDGE ( 'NONE', *, *, #2377, .T. ) ;
#556 = EDGE_CURVE ( 'NONE', #9841, #1083, #7759, .T. ) ;
#557 = CARTESIAN_POINT ( 'NONE',  ( 5.453742185526464503, 0.04090610336852312096, 0.000000000000000000 ) ) ;
#558 = ORIENTED_EDGE ( 'NONE', *, *, #1102, .T. ) ;
#559 = CARTESIAN_POINT ( 'NONE',  ( 5.479999999999999538, -0.1935897435897434016, -0.000000000000000000 ) ) ;
#560 = VERTEX_POINT ( 'NONE', #4167 ) ;
#561 = PLANE ( 'NONE',  #2660 ) ;
#562 = CARTESIAN_POINT ( 'NONE',  ( 5.069743589743588963, -0.7471153846153848477, 0.1000000000000000056 ) ) ;
#563 = EDGE_CURVE ( 'NONE', #6707, #4435, #6714, .T. ) ;
#564 = CARTESIAN_POINT ( 'NONE',  ( 5.382160898363660628, 0.06372226106434283888, 0.1000000000000000056 ) ) ;
#565 = EDGE_CURVE ( 'NONE', #3219, #407, #8511, .T. ) ;
#566 = CARTESIAN_POINT ( 'NONE',  ( 5.382564102564102448, -0.6044871794871796711, -0.000000000000000000 ) ) ;
#567 = PLANE ( 'NONE',  #7570 ) ;
#568 = CARTESIAN_POINT ( 'NONE',  ( 5.126070806487409648, -0.5974217789793296873, 0.000000000000000000 ) ) ;
#569 = CARTESIAN_POINT ( 'NONE',  ( 5.363346057929708977, -0.9477546362435064209, 0.000000000000000000 ) ) ;
#570 = VERTEX_POINT ( 'NONE', #5938 ) ;
#571 = ORIENTED_EDGE ( 'NONE', *, *, #9801, .F. ) ;
#572 = FILL_AREA_STYLE ('',( #7289 ) ) ;
#573 = CARTESIAN_POINT ( 'NONE',  ( 2.219999999999997975, 5.450000000000001066, 3.890000000000001457 ) ) ;
#574 = CARTESIAN_POINT ( 'NONE',  ( 6.349999999999996980, 0.6499999999999999112, 4.599999999999999645 ) ) ;
#575 = CARTESIAN_POINT ( 'NONE',  ( 5.169168550379594329, 0.1094431273036871877, 0.1000000000000000056 ) ) ;
#576 = ORIENTED_EDGE ( 'NONE', *, *, #5439, .T. ) ;
#577 = CARTESIAN_POINT ( 'NONE',  ( 3.310000000000000497, -1.249999999999999778, 1.885956070686927405E-16 ) ) ;
#578 = CARTESIAN_POINT ( 'NONE',  ( -1.436666666666667647, 1.249999999999999778, 4.599999999999999645 ) ) ;
#579 = LINE ( 'NONE', #7295, #2430 ) ;
#580 = ORIENTED_EDGE ( 'NONE', *, *, #8500, .F. ) ;
#581 = LINE ( 'NONE', #2507, #4013 ) ;
#582 = DIRECTION ( 'NONE',  ( -0.000000000000000000, 0.000000000000000000, 1.000000000000000000 ) ) ;
#583 = EDGE_CURVE ( 'NONE', #1040, #7245, #1746, .T. ) ;
#584 = VERTEX_POINT ( 'NONE', #9323 ) ;
#585 = CARTESIAN_POINT ( 'NONE',  ( 5.479999999999999538, -0.4910256410256409465, 0.1000000000000000056 ) ) ;
#586 = ORIENTED_EDGE ( 'NONE', *, *, #736, .T. ) ;
#587 = LINE ( 'NONE', #3123, #6158 ) ;
#588 = CARTESIAN_POINT ( 'NONE',  ( -0.3200000000000017830, 5.650000000000000355, 3.890000000000000124 ) ) ;
#589 = CARTESIAN_POINT ( 'NONE',  ( 5.279599358974357948, -0.9269230769230771827, 0.1000000000000000056 ) ) ;
#590 = FILL_AREA_STYLE ('',( #7361 ) ) ;
#591 = EDGE_LOOP ( 'NONE', ( #1587, #144, #4744, #6660 ) ) ;
#592 = PRESENTATION_STYLE_ASSIGNMENT (( #542 ) ) ;
#593 = ORIENTED_EDGE ( 'NONE', *, *, #2493, .F. ) ;
#594 = CARTESIAN_POINT ( 'NONE',  ( 2.219999999999997975, 2.909999999999998810, -3.000000000000000000 ) ) ;
#595 = EDGE_CURVE ( 'NONE', #3503, #8393, #8563, .T. ) ;
#596 = VECTOR ( 'NONE', #9257, 1000.000000000000000 ) ;
#597 = FACE_OUTER_BOUND ( 'NONE', #3619, .T. ) ;
#598 = DIRECTION ( 'NONE',  ( 0.000000000000000000, 0.7071067811865467956, 0.7071067811865483499 ) ) ;
#599 = EDGE_LOOP ( 'NONE', ( #5844, #5317, #8314, #3327 ) ) ;
#600 = ORIENTED_EDGE ( 'NONE', *, *, #5607, .T. ) ;
#601 = LINE ( 'NONE', #7947, #2577 ) ;
#602 = ADVANCED_FACE ( 'NONE', ( #4279 ), #1019, .F. ) ;
#603 = ORIENTED_EDGE ( 'NONE', *, *, #2158, .F. ) ;
#604 = FACE_OUTER_BOUND ( 'NONE', #6251, .T. ) ;
#605 = DIRECTION ( 'NONE',  ( 0.000000000000000000, 0.000000000000000000, -1.000000000000000000 ) ) ;
#606 = ORIENTED_EDGE ( 'NONE', *, *, #8309, .T. ) ;
#607 = CARTESIAN_POINT ( 'NONE',  ( -2.220000000000001972, 4.809999999999999609, 3.250000000000000888 ) ) ;
#608 = LINE ( 'NONE', #4028, #5117 ) ;
#609 = CARTESIAN_POINT ( 'NONE',  ( -2.860000000000001652, -1.249999999999999778, 5.000000000000000000 ) ) ;
#610 = CARTESIAN_POINT ( 'NONE',  ( 6.349999999999996980, 0.6499999999999999112, 1.550000000000000711 ) ) ;
#611 = DIRECTION ( 'NONE',  ( 0.000000000000000000, 0.000000000000000000, -1.000000000000000000 ) ) ;
#612 = EDGE_CURVE ( 'NONE', #1712, #8184, #1079, .T. ) ;
#613 = B_SPLINE_CURVE_WITH_KNOTS ( 'NONE', 3,
 ( #329, #7724, #9523, #10241, #988, #3605, #3724, #4358, #3661, #10189, #1104, #2776, #105, #7891, #2721, #172, #6189, #6077, #1996 ),
 .UNSPECIFIED., .F., .F.,
 ( 4, 1, 1, 1, 1, 1, 1, 1, 1, 1, 1, 1, 1, 1, 1, 1, 4 ),
 ( 0.000000000000000000, 0.06455784592972059477, 0.1270135315497603890, 0.1879548102020908162, 0.2480139127896340556, 0.3077476818488379395, 0.3682345146974855821, 0.4294698439426699599, 0.4927434367465849951, 0.5562577687060838993, 0.6182167855431437431, 0.6796554755875557907, 0.7412455456206291649, 0.8034152647056972407, 0.8668154615439921384, 0.9323283119492651316, 1.000000000000000000 ),
 .UNSPECIFIED. ) ;
#614 = FACE_OUTER_BOUND ( 'NONE', #1989, .T. ) ;
#615 = CARTESIAN_POINT ( 'NONE',  ( 3.643333333333333091, 1.250000000000000000, 0.4000000000000001887 ) ) ;
#616 = EDGE_CURVE ( 'NONE', #7811, #6224, #471, .T. ) ;
#617 = CARTESIAN_POINT ( 'NONE',  ( 5.070973023053856110, -0.7203108070881438785, 0.000000000000000000 ) ) ;
#618 = CARTESIAN_POINT ( 'NONE',  ( 5.344351344262519454, -0.9545428520829344343, 0.000000000000000000 ) ) ;
#619 = ORIENTED_EDGE ( 'NONE', *, *, #5665, .T. ) ;
#620 = SURFACE_SIDE_STYLE ('',( #10744 ) ) ;
#621 = CARTESIAN_POINT ( 'NONE',  ( 5.131201923076922355, 0.002564102564102757088, 0.000000000000000000 ) ) ;
#622 = CARTESIAN_POINT ( 'NONE',  ( 5.479999999999999538, -1.162820512820512464, 0.1000000000000000056 ) ) ;
#623 = CARTESIAN_POINT ( 'NONE',  ( 5.069798251295201119, -0.7425729006964055801, -0.000000000000000000 ) ) ;
#624 = PRESENTATION_STYLE_ASSIGNMENT (( #10791 ) ) ;
#625 = VERTEX_POINT ( 'NONE', #2970 ) ;
#626 = LINE ( 'NONE', #8991, #2836 ) ;
#627 = FACE_OUTER_BOUND ( 'NONE', #6849, .T. ) ;
#628 =( NAMED_UNIT ( * ) SI_UNIT ( $, .STERADIAN. ) SOLID_ANGLE_UNIT ( ) );
#629 = DIRECTION ( 'NONE',  ( 0.000000000000000000, 1.000000000000000000, -0.000000000000000000 ) ) ;
#630 = CARTESIAN_POINT ( 'NONE',  ( 5.406628158766209502, 0.03768400194234969997, 0.1000000000000000056 ) ) ;
#631 = EDGE_LOOP ( 'NONE', ( #9355, #4121, #3736, #7072 ) ) ;
#632 = CARTESIAN_POINT ( 'NONE',  ( 5.422996118622351425, -0.6501812355251401776, 0.1000000000000000056 ) ) ;
#633 = ORIENTED_EDGE ( 'NONE', *, *, #5872, .T. ) ;
#634 = VECTOR ( 'NONE', #3579, 1000.000000000000000 ) ;
#635 = CARTESIAN_POINT ( 'NONE',  ( -2.220000000000001972, 5.450000000000000178, -3.000000000000000000 ) ) ;
#636 = CARTESIAN_POINT ( 'NONE',  ( 5.261865908559993699, 0.09849707709157186353, 0.1000000000000000056 ) ) ;
#637 = CARTESIAN_POINT ( 'NONE',  ( 5.394930497235308486, 0.1028392425890337636, 0.1000000000000000056 ) ) ;
#638 = AXIS2_PLACEMENT_3D ( 'NONE', #2108, #3248, #6593 ) ;
#639 = EDGE_CURVE ( 'NONE', #7808, #4782, #8788, .T. ) ;
#640 = VECTOR ( 'NONE', #9978, 1000.000000000000000 ) ;
#641 = DIRECTION ( 'NONE',  ( 1.000000000000000000, -0.000000000000000000, -0.000000000000000000 ) ) ;
#642 = SURFACE_SIDE_STYLE ('',( #8182 ) ) ;
#643 = CARTESIAN_POINT ( 'NONE',  ( -6.350000000000002309, -1.249999999999999778, 5.000000000000000000 ) ) ;
#644 = ORIENTED_EDGE ( 'NONE', *, *, #10092, .F. ) ;
#645 = CARTESIAN_POINT ( 'NONE',  ( 6.349999999999996980, 0.6499999999999999112, 1.550000000000000711 ) ) ;
#646 = ORIENTED_EDGE ( 'NONE', *, *, #3296, .F. ) ;
#647 = VECTOR ( 'NONE', #3838, 1000.000000000000000 ) ;
#648 = PLANE ( 'NONE',  #2635 ) ;
#649 = DIRECTION ( 'NONE',  ( 0.000000000000000000, -0.000000000000000000, 1.000000000000000000 ) ) ;
#650 = CARTESIAN_POINT ( 'NONE',  ( -4.760000000000002451, -7.249999999999999112, 3.650000000000000799 ) ) ;
#651 = VECTOR ( 'NONE', #2879, 1000.000000000000000 ) ;
#652 = CARTESIAN_POINT ( 'NONE',  ( 5.087107228120339109, -0.8406413761613045210, -0.000000000000000000 ) ) ;
#653 = VERTEX_POINT ( 'NONE', #6215 ) ;
#654 = ORIENTED_EDGE ( 'NONE', *, *, #4945, .F. ) ;
#655 = ORIENTED_EDGE ( 'NONE', *, *, #3609, .T. ) ;
#656 = CARTESIAN_POINT ( 'NONE',  ( 5.399999999999998579, 5.450000000000000178, -3.000000000000000000 ) ) ;
#657 = VERTEX_POINT ( 'NONE', #6321 ) ;
#658 = DIRECTION ( 'NONE',  ( 1.000000000000000000, 0.000000000000000000, -0.000000000000000000 ) ) ;
#659 = ORIENTED_EDGE ( 'NONE', *, *, #3385, .F. ) ;
#660 = DIRECTION ( 'NONE',  ( 0.000000000000000000, -1.000000000000000000, 1.296504840042457116E-16 ) ) ;
#661 = CARTESIAN_POINT ( 'NONE',  ( 4.759999999999998899, -7.049999999999999822, 1.550000000000000044 ) ) ;
#662 = AXIS2_PLACEMENT_3D ( 'NONE', #9113, #4954, #8301 ) ;
#663 = CARTESIAN_POINT ( 'NONE',  ( 5.362153186950727068, 0.07758728165916442543, 0.000000000000000000 ) ) ;
#664 = AXIS2_PLACEMENT_3D ( 'NONE', #4437, #10255, #6964 ) ;
#665 = CARTESIAN_POINT ( 'NONE',  ( 0.3199999999999982858, 2.909999999999999698, 1.350000000000000977 ) ) ;
#666 = EDGE_CURVE ( 'NONE', #6082, #5021, #2024, .T. ) ;
#667 = FILL_AREA_STYLE_COLOUR ( '', #8025 ) ;
#668 = EDGE_CURVE ( 'NONE', #4171, #1509, #3796, .T. ) ;
#669 = CARTESIAN_POINT ( 'NONE',  ( 6.349999999999996980, 1.250000000000000222, 5.000000000000000000 ) ) ;
#670 = COLOUR_RGB ( '',0.1490196078431372528, 0.1490196078431372528, 0.1490196078431372528 ) ;
#671 = DIRECTION ( 'NONE',  ( 1.000000000000000000, 0.000000000000000000, -0.000000000000000000 ) ) ;
#672 = EDGE_CURVE ( 'NONE', #8447, #9417, #8836, .T. ) ;
#673 = CARTESIAN_POINT ( 'NONE',  ( 3.643333333333333091, 1.249999999999999778, 0.4000000000000001887 ) ) ;
#674 = VERTEX_POINT ( 'NONE', #6265 ) ;
#675 = ADVANCED_FACE ( 'NONE', ( #9549 ), #1303, .F. ) ;
#676 = ORIENTED_EDGE ( 'NONE', *, *, #8350, .F. ) ;
#677 = DIRECTION ( 'NONE',  ( 0.000000000000000000, 0.000000000000000000, 1.000000000000000000 ) ) ;
#678 = UNCERTAINTY_MEASURE_WITH_UNIT (LENGTH_MEASURE( 1.000000000000000082E-05 ), #3199, 'distance_accuracy_value', 'NONE');
#679 = CARTESIAN_POINT ( 'NONE',  ( -4.760000000000002451, -7.049999999999999822, 1.550000000000000044 ) ) ;
#680 = CARTESIAN_POINT ( 'NONE',  ( 5.069906116392097317, -0.7336090960912162728, 0.000000000000000000 ) ) ;
#681 = EDGE_CURVE ( 'NONE', #7648, #1255, #8364, .T. ) ;
#682 = VECTOR ( 'NONE', #4176, 999.9999999999998863 ) ;
#683 = VECTOR ( 'NONE', #10564, 1000.000000000000000 ) ;
#684 = CARTESIAN_POINT ( 'NONE',  ( 5.407055473212779795, 0.09450865198363621322, 0.000000000000000000 ) ) ;
#685 = CARTESIAN_POINT ( 'NONE',  ( -6.350000000000002309, 0.6499999999999999112, 0.5999999999999998668 ) ) ;
#686 = CARTESIAN_POINT ( 'NONE',  ( -0.3200000000000017830, -7.049999999999999822, 1.550000000000000044 ) ) ;
#687 = CARTESIAN_POINT ( 'NONE',  ( -5.400000000000002132, -7.049999999999999822, 3.450000000000000622 ) ) ;
#688 = VERTEX_POINT ( 'NONE', #6922 ) ;
#689 = CARTESIAN_POINT ( 'NONE',  ( 5.449046098887470713, -0.7425622445768820246, 0.1000000000000000056 ) ) ;
#690 = ORIENTED_EDGE ( 'NONE', *, *, #901, .F. ) ;
#691 = AXIS2_PLACEMENT_3D ( 'NONE', #10669, #3148, #6496 ) ;
#692 = DIRECTION ( 'NONE',  ( -0.000000000000000000, -0.000000000000000000, -1.000000000000000000 ) ) ;
#693 = DIRECTION ( 'NONE',  ( -1.000000000000000000, -0.000000000000000000, -0.000000000000000000 ) ) ;
#694 = CIRCLE ( 'NONE', #1401, 0.2000000000000000944 ) ;
#695 = ADVANCED_FACE ( 'NONE', ( #9596 ), #4501, .T. ) ;
#696 = AXIS2_PLACEMENT_3D ( 'NONE', #8229, #3230, #4826 ) ;
#697 = EDGE_CURVE ( 'NONE', #4940, #2150, #2745, .T. ) ;
#698 = LINE ( 'NONE', #3349, #5753 ) ;
#699 = FACE_OUTER_BOUND ( 'NONE', #2443, .T. ) ;
#700 = SURFACE_STYLE_FILL_AREA ( #590 ) ;
#701 = AXIS2_PLACEMENT_3D ( 'NONE', #1182, #5805, #9184 ) ;
#702 = EDGE_LOOP ( 'NONE', ( #5182, #10392, #2310, #9533 ) ) ;
#703 = AXIS2_PLACEMENT_3D ( 'NONE', #6764, #1918, #6926 ) ;
#704 = VECTOR ( 'NONE', #9965, 1000.000000000000000 ) ;
#705 = DIRECTION ( 'NONE',  ( 0.000000000000000000, -1.296504840042457116E-16, -1.000000000000000000 ) ) ;
#706 = VERTEX_POINT ( 'NONE', #7859 ) ;
#707 = CARTESIAN_POINT ( 'NONE',  ( -0.3200000000000017830, -7.049999999999999822, 3.450000000000000622 ) ) ;
#708 = EDGE_CURVE ( 'NONE', #3559, #3526, #244, .T. ) ;
#709 = CARTESIAN_POINT ( 'NONE',  ( 4.759999999999998899, 5.450000000000000178, -3.000000000000000000 ) ) ;
#710 = AXIS2_PLACEMENT_3D ( 'NONE', #5629, #2153, #5518 ) ;
#711 = ORIENTED_EDGE ( 'NONE', *, *, #8683, .F. ) ;
#712 = VERTEX_POINT ( 'NONE', #10320 ) ;
#713 = ORIENTED_EDGE ( 'NONE', *, *, #485, .F. ) ;
#714 = PRESENTATION_STYLE_ASSIGNMENT (( #2260 ) ) ;
#715 = CARTESIAN_POINT ( 'NONE',  ( 5.274951923076922178, 0.1346153846153848310, 0.000000000000000000 ) ) ;
#716 = EDGE_LOOP ( 'NONE', ( #6779, #7695, #9557, #2886 ) ) ;
#717 = COLOUR_RGB ( '',0.1490196078431372528, 0.1490196078431372528, 0.1490196078431372528 ) ;
#718 = ADVANCED_FACE ( 'NONE', ( #2809 ), #1971, .T. ) ;
#719 = CARTESIAN_POINT ( 'NONE',  ( 2.219999999999997975, 2.269999999999999130, 0.7099999999999985212 ) ) ;
#720 = EDGE_LOOP ( 'NONE', ( #2833, #6658, #7767, #9204 ) ) ;
#721 = DIRECTION ( 'NONE',  ( -0.000000000000000000, 0.000000000000000000, 1.000000000000000000 ) ) ;
#722 = CARTESIAN_POINT ( 'NONE',  ( 2.219999999999997975, -7.049999999999999822, 3.450000000000000622 ) ) ;
#723 = DIRECTION ( 'NONE',  ( 0.000000000000000000, 0.7071067811865483499, 0.7071067811865467956 ) ) ;
#724 = LINE ( 'NONE', #6612, #5816 ) ;
#725 = CARTESIAN_POINT ( 'NONE',  ( -6.350000000000002309, -1.249999999999999778, 4.090000000000001634 ) ) ;
#726 = CARTESIAN_POINT ( 'NONE',  ( 5.456814468490103209, -0.8690880277590836700, 0.000000000000000000 ) ) ;
#727 = ORIENTED_EDGE ( 'NONE', *, *, #2202, .F. ) ;
#728 = DIRECTION ( 'NONE',  ( 1.000000000000000000, -0.000000000000000000, -0.000000000000000000 ) ) ;
#729 = ORIENTED_EDGE ( 'NONE', *, *, #7873, .F. ) ;
#730 = DIRECTION ( 'NONE',  ( 1.000000000000000000, 0.000000000000000000, -0.000000000000000000 ) ) ;
#731 = CARTESIAN_POINT ( 'NONE',  ( 5.129435514491832215, 0.08043614386494302160, 0.1000000000000000056 ) ) ;
#732 = EDGE_CURVE ( 'NONE', #6549, #5041, #5035, .T. ) ;
#733 = CARTESIAN_POINT ( 'NONE',  ( 5.437862838663125586, 0.06469006827620825406, 0.000000000000000000 ) ) ;
#734 = CARTESIAN_POINT ( 'NONE',  ( 5.308399552750844741, 0.1327768189613576510, 0.1000000000000000056 ) ) ;
#735 = CARTESIAN_POINT ( 'NONE',  ( -0.3200000000000017830, 0.6499999999999995781, 1.550000000000000711 ) ) ;
#736 = EDGE_CURVE ( 'NONE', #7126, #9933, #3746, .T. ) ;
#737 = CARTESIAN_POINT ( 'NONE',  ( 5.324967145369331689, -0.9213551095408299973, 0.1000000000000000056 ) ) ;
#738 = ORIENTED_EDGE ( 'NONE', *, *, #616, .T. ) ;
#739 = CARTESIAN_POINT ( 'NONE',  ( -2.220000000000001972, 3.109999999999999876, 1.349999999999999645 ) ) ;
#740 = EDGE_LOOP ( 'NONE', ( #6380, #7296, #10337, #6554 ) ) ;
#741 = CARTESIAN_POINT ( 'NONE',  ( -2.220000000000001972, 5.450000000000001066, 3.890000000000001457 ) ) ;
#742 = EDGE_CURVE ( 'NONE', #4864, #774, #7973, .T. ) ;
#743 = DIRECTION ( 'NONE',  ( -0.000000000000000000, 0.000000000000000000, -1.000000000000000000 ) ) ;
#744 =( LENGTH_UNIT ( ) NAMED_UNIT ( * ) SI_UNIT ( .MILLI., .METRE. ) );
#745 = ORIENTED_EDGE ( 'NONE', *, *, #5797, .F. ) ;
#746 = EDGE_CURVE ( 'NONE', #6491, #3949, #2840, .T. ) ;
#747 = DIRECTION ( 'NONE',  ( 0.000000000000000000, 0.000000000000000000, 1.000000000000000000 ) ) ;
#748 = ORIENTED_EDGE ( 'NONE', *, *, #2019, .T. ) ;
#749 = DIRECTION ( 'NONE',  ( 0.000000000000000000, -0.7071067811865474617, 0.7071067811865474617 ) ) ;
#750 = B_SPLINE_CURVE_WITH_KNOTS ( 'NONE', 3,
 ( #9819, #6582, #9917, #8885, #5507, #468, #2303, #3030, #1464, #637, #4002, #3190, #4724, #3389, #5910, #734, #1721, #5087, #9148 ),
 .UNSPECIFIED., .F., .F.,
 ( 4, 1, 1, 1, 1, 1, 1, 1, 1, 1, 1, 1, 1, 1, 1, 1, 4 ),
 ( 0.000000000000000000, 0.06154637403761333697, 0.1216970805153603091, 0.1811589999003394291, 0.2400768215924440618, 0.2986858982040895838, 0.3576327280133253517, 0.4175915188549984003, 0.4784821097525988054, 0.5403965361028094661, 0.6023358963502745134, 0.6649966639164274218, 0.7285530988228361426, 0.7936458211788784967, 0.8605310769033081009, 0.9292343416273755041, 1.000000000000000000 ),
 .UNSPECIFIED. ) ;
#751 = FILL_AREA_STYLE_COLOUR ( '', #1181 ) ;
#752 = CARTESIAN_POINT ( 'NONE',  ( -6.350000000000002309, 1.250000000000000222, 0.000000000000000000 ) ) ;
#753 = CARTESIAN_POINT ( 'NONE',  ( -0.3200000000000017830, 2.469999999999999307, -2.799999999999999822 ) ) ;
#754 = CARTESIAN_POINT ( 'NONE',  ( 5.079512467738528159, -0.8192786846122088740, -0.000000000000000000 ) ) ;
#755 = VERTEX_POINT ( 'NONE', #5559 ) ;
#756 = EDGE_LOOP ( 'NONE', ( #2713, #10216, #79, #3501 ) ) ;
#757 = ORIENTED_EDGE ( 'NONE', *, *, #1178, .T. ) ;
#758 = CARTESIAN_POINT ( 'NONE',  ( -2.860000000000001652, -7.049999999999999822, 0.9100000000000000311 ) ) ;
#759 = FACE_OUTER_BOUND ( 'NONE', #4122, .T. ) ;
#760 = PLANE ( 'NONE',  #3694 ) ;
#761 = ORIENTED_EDGE ( 'NONE', *, *, #639, .T. ) ;
#762 = CARTESIAN_POINT ( 'NONE',  ( 5.490201260830400720, -0.7430002292695131461, 0.1000000000000000056 ) ) ;
#763 = ORIENTED_EDGE ( 'NONE', *, *, #2907, .T. ) ;
#764 = FILL_AREA_STYLE ('',( #8473 ) ) ;
#765 = CARTESIAN_POINT ( 'NONE',  ( 4.759999999999998899, 3.109999999999999876, 1.349999999999999645 ) ) ;
#766 = DIRECTION ( 'NONE',  ( 0.000000000000000000, -0.7071067811865467956, 0.7071067811865483499 ) ) ;
#767 = SURFACE_STYLE_USAGE ( .BOTH. , #2330 ) ;
#768 = ADVANCED_FACE ( 'NONE', ( #699 ), #8237, .F. ) ;
#769 = ORIENTED_EDGE ( 'NONE', *, *, #7034, .F. ) ;
#770 = LINE ( 'NONE', #4133, #4188 ) ;
#771 = CARTESIAN_POINT ( 'NONE',  ( 5.415173290470889356, -0.9159833096873565284, 0.000000000000000000 ) ) ;
#772 = EDGE_LOOP ( 'NONE', ( #301, #1864, #7260, #5670 ) ) ;
#773 = LINE ( 'NONE', #4925, #3180 ) ;
#774 = VERTEX_POINT ( 'NONE', #1359 ) ;
#775 = CARTESIAN_POINT ( 'NONE',  ( 5.274951923076922178, 0.1346153846153848310, -1.355252715606880543E-17 ) ) ;
#776 = DIRECTION ( 'NONE',  ( 0.000000000000000000, 0.000000000000000000, 1.000000000000000000 ) ) ;
#777 = DIRECTION ( 'NONE',  ( 1.000000000000000000, -0.000000000000000000, -0.000000000000000000 ) ) ;
#778 = DIRECTION ( 'NONE',  ( 0.000000000000000000, -1.000000000000000000, 0.000000000000000000 ) ) ;
#779 = DIRECTION ( 'NONE',  ( 0.000000000000000000, 0.000000000000000000, -1.000000000000000000 ) ) ;
#780 = DIRECTION ( 'NONE',  ( 0.000000000000000000, 1.000000000000000000, 0.000000000000000000 ) ) ;
#781 = EDGE_CURVE ( 'NONE', #1783, #3955, #9875, .T. ) ;
#782 = CARTESIAN_POINT ( 'NONE',  ( 0.3199999999999982858, 2.469999999999999307, 0.7099999999999970779 ) ) ;
#783 = CARTESIAN_POINT ( 'NONE',  ( 5.335631973283891050, -0.9181692081984220710, 0.000000000000000000 ) ) ;
#784 = ORIENTED_EDGE ( 'NONE', *, *, #1975, .F. ) ;
#785 = DIRECTION ( 'NONE',  ( 0.000000000000000000, 6.938893903907229610E-17, -1.000000000000000000 ) ) ;
#786 = VERTEX_POINT ( 'NONE', #6585 ) ;
#787 = UNCERTAINTY_MEASURE_WITH_UNIT (LENGTH_MEASURE( 1.000000000000000082E-05 ), #10603, 'distance_accuracy_value', 'NONE');
#788 = LINE ( 'NONE', #4151, #9825 ) ;
#789 =( NAMED_UNIT ( * ) SI_UNIT ( $, .STERADIAN. ) SOLID_ANGLE_UNIT ( ) );
#790 = EDGE_CURVE ( 'NONE', #4805, #918, #4728, .T. ) ;
#791 = CARTESIAN_POINT ( 'NONE',  ( 5.850000000000001421, -1.249999999999999778, 1.885956070686927405E-16 ) ) ;
#792 = CARTESIAN_POINT ( 'NONE',  ( 5.274871794871794251, -0.4551282051282050101, -0.000000000000000000 ) ) ;
#793 = ORIENTED_EDGE ( 'NONE', *, *, #6467, .F. ) ;
#794 = EDGE_CURVE ( 'NONE', #10601, #6817, #6784, .T. ) ;
#795 = CARTESIAN_POINT ( 'NONE',  ( -0.3200000000000017830, -7.049999999999999822, 3.450000000000000622 ) ) ;
#796 = ORIENTED_EDGE ( 'NONE', *, *, #5422, .T. ) ;
#797 = DIRECTION ( 'NONE',  ( 1.000000000000000000, -0.000000000000000000, -0.000000000000000000 ) ) ;
#798 = ADVANCED_FACE ( 'NONE', ( #4005 ), #2307, .F. ) ;
#799 = DIRECTION ( 'NONE',  ( -1.000000000000000000, 0.000000000000000000, -0.000000000000000000 ) ) ;
#800 = CARTESIAN_POINT ( 'NONE',  ( 4.759999999999998899, -7.049999999999999822, 1.550000000000000044 ) ) ;
#801 = VECTOR ( 'NONE', #2403, 1000.000000000000000 ) ;
#802 = EDGE_CURVE ( 'NONE', #8472, #4373, #4786, .T. ) ;
#803 = FILL_AREA_STYLE_COLOUR ( '', #9228 ) ;
#804 = EDGE_LOOP ( 'NONE', ( #1790, #2702, #8382, #4675 ) ) ;
#805 = ORIENTED_EDGE ( 'NONE', *, *, #8824, .T. ) ;
#806 = STYLED_ITEM ( 'NONE', ( #4588 ), #3101 ) ;
#807 = ORIENTED_EDGE ( 'NONE', *, *, #8143, .F. ) ;
#808 =( NAMED_UNIT ( * ) PLANE_ANGLE_UNIT ( ) SI_UNIT ( $, .RADIAN. ) );
#809 = CARTESIAN_POINT ( 'NONE',  ( -6.350000000000002309, 1.250000000000000222, 5.000000000000000000 ) ) ;
#810 = LINE ( 'NONE', #9172, #7372 ) ;
#811 = ORIENTED_EDGE ( 'NONE', *, *, #9571, .F. ) ;
#812 = CARTESIAN_POINT ( 'NONE',  ( 2.219999999999997975, 2.469999999999999307, -2.799999999999999822 ) ) ;
#813 = LINE ( 'NONE', #2584, #4068 ) ;
#814 =( NAMED_UNIT ( * ) SI_UNIT ( $, .STERADIAN. ) SOLID_ANGLE_UNIT ( ) );
#815 = EDGE_CURVE ( 'NONE', #5527, #4670, #8135, .T. ) ;
#816 = CARTESIAN_POINT ( 'NONE',  ( 5.398771370510144330, -0.9285166973698038007, -0.000000000000000000 ) ) ;
#817 = ORIENTED_EDGE ( 'NONE', *, *, #5439, .F. ) ;
#818 = ORIENTED_EDGE ( 'NONE', *, *, #126, .T. ) ;
#819 = DIRECTION ( 'NONE',  ( 0.000000000000000000, -0.7071067811865474617, -0.7071067811865474617 ) ) ;
#820 = VECTOR ( 'NONE', #1595, 1000.000000000000000 ) ;
#821 = FACE_OUTER_BOUND ( 'NONE', #5111, .T. ) ;
#822 = LINE ( 'NONE', #8022, #6852 ) ;
#823 = CARTESIAN_POINT ( 'NONE',  ( 5.260264834361282560, 0.1344018514682523979, -1.355252715606880543E-17 ) ) ;
#824 = VECTOR ( 'NONE', #2119, 1000.000000000000000 ) ;
#825 = ADVANCED_FACE ( 'NONE', ( #5674 ), #9002, .F. ) ;
#826 = FACE_OUTER_BOUND ( 'NONE', #10610, .T. ) ;
#827 = EDGE_CURVE ( 'NONE', #3650, #9119, #6448, .T. ) ;
#828 = VECTOR ( 'NONE', #278, 1000.000000000000000 ) ;
#829 = VECTOR ( 'NONE', #9967, 1000.000000000000000 ) ;
#830 = DIRECTION ( 'NONE',  ( 1.000000000000000000, 0.000000000000000000, -0.000000000000000000 ) ) ;
#831 = CARTESIAN_POINT ( 'NONE',  ( -3.647049180327872620, 1.250000000000000222, 7.252459016393443925 ) ) ;
#832 = LINE ( 'NONE', #8594, #8577 ) ;
#833 = SURFACE_STYLE_FILL_AREA ( #3498 ) ;
#834 = CARTESIAN_POINT ( 'NONE',  ( 5.383833361625610436, -0.8916849067299364995, 0.1000000000000000056 ) ) ;
#835 = ORIENTED_EDGE ( 'NONE', *, *, #10013, .F. ) ;
#836 = DIRECTION ( 'NONE',  ( 0.6077508431907165942, 0.7941277684358941658, 0.000000000000000000 ) ) ;
#837 = ORIENTED_EDGE ( 'NONE', *, *, #6173, .F. ) ;
#838 = LINE ( 'NONE', #5977, #518 ) ;
#839 = VECTOR ( 'NONE', #6281, 1000.000000000000114 ) ;
#840 = DIRECTION ( 'NONE',  ( -0.000000000000000000, -0.000000000000000000, -1.000000000000000000 ) ) ;
#841 = VECTOR ( 'NONE', #5845, 1000.000000000000000 ) ;
#842 = CARTESIAN_POINT ( 'NONE',  ( 2.219999999999997975, -7.049999999999999822, 4.090000000000000746 ) ) ;
#843 = CARTESIAN_POINT ( 'NONE',  ( 6.349999999999996980, 1.249999999999999778, 0.4000000000000001887 ) ) ;
#844 = VERTEX_POINT ( 'NONE', #566 ) ;
#845 = VECTOR ( 'NONE', #1987, 1000.000000000000000 ) ;
#846 = AXIS2_PLACEMENT_3D ( 'NONE', #7538, #2647, #10883 ) ;
#847 = CARTESIAN_POINT ( 'NONE',  ( 5.102763183103170341, -0.8700758839971324266, 0.1000000000000000056 ) ) ;
#848 = VERTEX_POINT ( 'NONE', #2273 ) ;
#849 = CARTESIAN_POINT ( 'NONE',  ( 4.759999999999998899, 2.269999999999999130, 0.7099999999999985212 ) ) ;
#850 = AXIS2_PLACEMENT_3D ( 'NONE', #4173, #5490, #2173 ) ;
#851 = FACE_BOUND ( 'NONE', #6909, .T. ) ;
#852 = SURFACE_SIDE_STYLE ('',( #8459 ) ) ;
#853 = EDGE_CURVE ( 'NONE', #3515, #9551, #10782, .T. ) ;
#854 = CARTESIAN_POINT ( 'NONE',  ( 5.413104007439202725, 0.02756547631404104859, 0.000000000000000000 ) ) ;
#855 = CIRCLE ( 'NONE', #7567, 0.2000000000000000944 ) ;
#856 = VECTOR ( 'NONE', #6957, 1000.000000000000000 ) ;
#857 = DIRECTION ( 'NONE',  ( 1.000000000000000000, 0.000000000000000000, 0.000000000000000000 ) ) ;
#858 = VECTOR ( 'NONE', #1308, 1000.000000000000000 ) ;
#859 = EDGE_CURVE ( 'NONE', #6962, #10776, #9949, .T. ) ;
#860 = ORIENTED_EDGE ( 'NONE', *, *, #1154, .F. ) ;
#861 = VERTEX_POINT ( 'NONE', #3930 ) ;
#862 = AXIS2_PLACEMENT_3D ( 'NONE', #3627, #9429, #8621 ) ;
#863 = VERTEX_POINT ( 'NONE', #1441 ) ;
#864 = CARTESIAN_POINT ( 'NONE',  ( 6.349999999999996980, 1.249999999999999778, 4.599999999999999645 ) ) ;
#865 = FACE_OUTER_BOUND ( 'NONE', #7459, .T. ) ;
#866 = DIRECTION ( 'NONE',  ( 0.000000000000000000, 1.000000000000000000, 6.938893903907229610E-17 ) ) ;
#867 = ORIENTED_EDGE ( 'NONE', *, *, #9881, .T. ) ;
#868 = EDGE_CURVE ( 'NONE', #7577, #3747, #9850, .T. ) ;
#869 = AXIS2_PLACEMENT_3D ( 'NONE', #10658, #9052, #10715 ) ;
#870 = CARTESIAN_POINT ( 'NONE',  ( -2.860000000000001652, 5.009999999999999787, -2.799999999999999822 ) ) ;
#871 =( NAMED_UNIT ( * ) PLANE_ANGLE_UNIT ( ) SI_UNIT ( $, .RADIAN. ) );
#872 =( LENGTH_UNIT ( ) NAMED_UNIT ( * ) SI_UNIT ( .MILLI., .METRE. ) );
#873 = CARTESIAN_POINT ( 'NONE',  ( 5.121108529775366236, -0.09249185539352147711, 0.1000000000000000056 ) ) ;
#874 = VECTOR ( 'NONE', #8075, 1000.000000000000000 ) ;
#875 = AXIS2_PLACEMENT_3D ( 'NONE', #7441, #3261, #9948 ) ;
#876 = AXIS2_PLACEMENT_3D ( 'NONE', #4089, #9077, #3158 ) ;
#877 = LINE ( 'NONE', #4631, #5784 ) ;
#878 = ADVANCED_FACE ( 'NONE', ( #614 ), #3157, .F. ) ;
#879 = ORIENTED_EDGE ( 'NONE', *, *, #2032, .T. ) ;
#880 = DIRECTION ( 'NONE',  ( 0.000000000000000000, -1.000000000000000000, 2.090028284309406981E-16 ) ) ;
#881 = CYLINDRICAL_SURFACE ( 'NONE', #318, 0.1999999999999999833 ) ;
#882 = VERTEX_POINT ( 'NONE', #1490 ) ;
#883 = EDGE_CURVE ( 'NONE', #2054, #926, #7442, .T. ) ;
#884 = LINE ( 'NONE', #6731, #1913 ) ;
#885 = ORIENTED_EDGE ( 'NONE', *, *, #2490, .F. ) ;
#886 = FACE_OUTER_BOUND ( 'NONE', #8273, .T. ) ;
#887 = UNCERTAINTY_MEASURE_WITH_UNIT (LENGTH_MEASURE( 1.000000000000000082E-05 ), #8968, 'distance_accuracy_value', 'NONE');
#888 = DIRECTION ( 'NONE',  ( 1.000000000000000000, -0.000000000000000000, -0.000000000000000000 ) ) ;
#889 = FILL_AREA_STYLE ('',( #8374 ) ) ;
#890 = VECTOR ( 'NONE', #2154, 1000.000000000000000 ) ;
#891 = LINE ( 'NONE', #1103, #7926 ) ;
#892 = DIRECTION ( 'NONE',  ( 1.000000000000000000, 0.000000000000000000, 0.000000000000000000 ) ) ;
#893 = DIRECTION ( 'NONE',  ( 0.000000000000000000, -0.7071067811865467956, 0.7071067811865483499 ) ) ;
#894 = CARTESIAN_POINT ( 'NONE',  ( 5.279599358974357948, -0.9269230769230771827, 0.1000000000000000056 ) ) ;
#895 = ORIENTED_EDGE ( 'NONE', *, *, #3168, .F. ) ;
#896 = LINE ( 'NONE', #5870, #9129 ) ;
#897 = ORIENTED_EDGE ( 'NONE', *, *, #10629, .F. ) ;
#898 = LINE ( 'NONE', #8385, #150 ) ;
#899 = DIRECTION ( 'NONE',  ( 0.000000000000000000, 0.000000000000000000, 1.000000000000000000 ) ) ;
#900 = CARTESIAN_POINT ( 'NONE',  ( 5.478049441543102027, -0.6700095820551229542, -0.000000000000000000 ) ) ;
#901 = EDGE_CURVE ( 'NONE', #4558, #10221, #1646, .T. ) ;
#902 = DIRECTION ( 'NONE',  ( 1.000000000000000000, 0.000000000000000000, -0.000000000000000000 ) ) ;
#903 = VERTEX_POINT ( 'NONE', #5798 ) ;
#904 = FACE_OUTER_BOUND ( 'NONE', #716, .T. ) ;
#905 = ORIENTED_EDGE ( 'NONE', *, *, #4448, .T. ) ;
#906 = LINE ( 'NONE', #10809, #5648 ) ;
#907 = DIRECTION ( 'NONE',  ( 1.000000000000000000, -0.000000000000000000, -0.000000000000000000 ) ) ;
#908 = CARTESIAN_POINT ( 'NONE',  ( -6.350000000000002309, 1.250000000000000222, 5.000000000000000000 ) ) ;
#909 = CARTESIAN_POINT ( 'NONE',  ( 0.000000000000000000, 0.000000000000000000, 5.000000000000000000 ) ) ;
#910 = CARTESIAN_POINT ( 'NONE',  ( -2.220000000000001972, 5.009999999999999787, 3.249999999999999556 ) ) ;
#911 = CARTESIAN_POINT ( 'NONE',  ( -3.810000000000000941, 1.250000000000000222, 0.6000000000000001998 ) ) ;
#912 = ORIENTED_EDGE ( 'NONE', *, *, #9484, .T. ) ;
#913 = EDGE_LOOP ( 'NONE', ( #8427, #3442, #5006, #7598 ) ) ;
#914 = ORIENTED_EDGE ( 'NONE', *, *, #853, .F. ) ;
#915 = EDGE_CURVE ( 'NONE', #10741, #1380, #8209, .T. ) ;
#916 = CARTESIAN_POINT ( 'NONE',  ( -2.220000000000001972, 3.109999999999998987, -2.799999999999999822 ) ) ;
#917 = DIRECTION ( 'NONE',  ( 0.000000000000000000, 0.000000000000000000, 1.000000000000000000 ) ) ;
#918 = VERTEX_POINT ( 'NONE', #3214 ) ;
#919 = DIRECTION ( 'NONE',  ( 0.4283511191562789922, -0.9036123719369734131, 0.000000000000000000 ) ) ;
#920 = CARTESIAN_POINT ( 'NONE',  ( -5.400000000000002132, -7.249999999999999112, 3.890000000000000568 ) ) ;
#921 = EDGE_CURVE ( 'NONE', #5527, #7986, #5013, .T. ) ;
#922 = CARTESIAN_POINT ( 'NONE',  ( 5.324448327250723700, -0.9593221430762473023, -0.000000000000000000 ) ) ;
#923 = EDGE_LOOP ( 'NONE', ( #7416, #1136, #5478, #1470 ) ) ;
#924 = CARTESIAN_POINT ( 'NONE',  ( 2.219999999999997975, -7.249999999999999112, 1.349999999999999867 ) ) ;
#925 = CARTESIAN_POINT ( 'NONE',  ( 5.228769950232614150, -0.9201272226868525417, 0.1000000000000000056 ) ) ;
#926 = VERTEX_POINT ( 'NONE', #10623 ) ;
#927 = CARTESIAN_POINT ( 'NONE',  ( 5.479999999999999538, -0.2653846153846152189, 0.1000000000000000056 ) ) ;
#928 = VERTEX_POINT ( 'NONE', #1598 ) ;
#929 = CARTESIAN_POINT ( 'NONE',  ( 5.138336285532999703, 0.08836942432593405949, 0.1000000000000000056 ) ) ;
#930 = EDGE_CURVE ( 'NONE', #6057, #4225, #10804, .T. ) ;
#931 = CARTESIAN_POINT ( 'NONE',  ( -2.860000000000001652, 3.109999999999999876, 1.349999999999999645 ) ) ;
#932 = VECTOR ( 'NONE', #524, 1000.000000000000000 ) ;
#933 =( LENGTH_UNIT ( ) NAMED_UNIT ( * ) SI_UNIT ( .MILLI., .METRE. ) );
#934 = EDGE_CURVE ( 'NONE', #4535, #3427, #9918, .T. ) ;
#935 = CARTESIAN_POINT ( 'NONE',  ( -2.860000000000001652, -1.250000000000001998, 4.090000000000000746 ) ) ;
#936 = DIRECTION ( 'NONE',  ( 0.000000000000000000, 0.000000000000000000, -1.000000000000000000 ) ) ;
#937 = LINE ( 'NONE', #1779, #8754 ) ;
#938 = CARTESIAN_POINT ( 'NONE',  ( 5.437464914560824703, -0.07261092791905536525, 0.1000000000000000056 ) ) ;
#939 = FACE_OUTER_BOUND ( 'NONE', #631, .T. ) ;
#940 = ORIENTED_EDGE ( 'NONE', *, *, #10138, .F. ) ;
#941 = DIRECTION ( 'NONE',  ( 1.000000000000000000, -0.000000000000000000, -0.000000000000000000 ) ) ;
#942 = ORIENTED_EDGE ( 'NONE', *, *, #8490, .T. ) ;
#943 = LINE ( 'NONE', #10364, #7031 ) ;
#944 = CARTESIAN_POINT ( 'NONE',  ( 4.759999999999998899, 5.209999999999999076, -3.000000000000000000 ) ) ;
#945 = CARTESIAN_POINT ( 'NONE',  ( 5.121025641025640063, -0.2653846153846152189, 0.1000000000000000056 ) ) ;
#946 = ADVANCED_FACE ( 'NONE', ( #6753 ), #8391, .T. ) ;
#947 = VERTEX_POINT ( 'NONE', #4946 ) ;
#948 = CARTESIAN_POINT ( 'NONE',  ( 5.490256410256409758, -0.7475961538461540767, 0.000000000000000000 ) ) ;
#949 = DIRECTION ( 'NONE',  ( 0.000000000000000000, 1.088556398077815951E-16, -1.000000000000000000 ) ) ;
#950 = VERTEX_POINT ( 'NONE', #9202 ) ;
#951 = DIRECTION ( 'NONE',  ( -1.000000000000000000, 0.000000000000000000, 0.000000000000000000 ) ) ;
#952 = ORIENTED_EDGE ( 'NONE', *, *, #9686, .F. ) ;
#953 = DIRECTION ( 'NONE',  ( 1.000000000000000000, 0.000000000000000000, 0.000000000000000000 ) ) ;
#954 = CARTESIAN_POINT ( 'NONE',  ( 2.219999999999997975, 2.469999999999999307, -2.799999999999999822 ) ) ;
#955 = DIRECTION ( 'NONE',  ( 1.000000000000000000, -0.000000000000000000, -0.000000000000000000 ) ) ;
#956 = ADVANCED_FACE ( 'NONE', ( #8293 ), #3286, .T. ) ;
#957 = CARTESIAN_POINT ( 'NONE',  ( -1.103333333333337274, 1.249999999999999778, 4.599999999999999645 ) ) ;
#958 = EDGE_LOOP ( 'NONE', ( #817, #3026, #6368, #4158 ) ) ;
#959 = ORIENTED_EDGE ( 'NONE', *, *, #5052, .F. ) ;
#960 = ORIENTED_EDGE ( 'NONE', *, *, #5859, .F. ) ;
#961 = CARTESIAN_POINT ( 'NONE',  ( 4.759999999999998899, 2.469999999999999307, 0.7099999999999970779 ) ) ;
#962 = ORIENTED_EDGE ( 'NONE', *, *, #10297, .F. ) ;
#963 = LINE ( 'NONE', #8517, #1565 ) ;
#964 = ORIENTED_EDGE ( 'NONE', *, *, #1554, .T. ) ;
#965 = CARTESIAN_POINT ( 'NONE',  ( -5.400000000000002132, 4.809999999999999609, 3.250000000000000888 ) ) ;
#966 = ORIENTED_EDGE ( 'NONE', *, *, #6411, .F. ) ;
#967 = CARTESIAN_POINT ( 'NONE',  ( -3.810000000000002274, -1.249999999999999778, 4.400000000000000355 ) ) ;
#968 = STYLED_ITEM ( 'NONE', ( #9979 ), #825 ) ;
#969 = LINE ( 'NONE', #9334, #7871 ) ;
#970 = CARTESIAN_POINT ( 'NONE',  ( 5.124911139333488741, -0.02895494939919329019, 0.1000000000000000056 ) ) ;
#971 = AXIS2_PLACEMENT_3D ( 'NONE', #2045, #10576, #1275 ) ;
#972 = DIRECTION ( 'NONE',  ( 0.000000000000000000, -1.000000000000000000, 1.628629872832303193E-16 ) ) ;
#973 = ORIENTED_EDGE ( 'NONE', *, *, #7551, .F. ) ;
#974 = VECTOR ( 'NONE', #4970, 1000.000000000000000 ) ;
#975 = CARTESIAN_POINT ( 'NONE',  ( -2.220000000000002416, -1.249999999999999778, 3.450000000000000622 ) ) ;
#976 = CARTESIAN_POINT ( 'NONE',  ( 5.137697514521827102, -0.8490130866626018902, 0.1000000000000000056 ) ) ;
#977 = VERTEX_POINT ( 'NONE', #10861 ) ;
#978 = CARTESIAN_POINT ( 'NONE',  ( 5.404965739218419607, -0.6258040796947830220, 0.000000000000000000 ) ) ;
#979 = ORIENTED_EDGE ( 'NONE', *, *, #9535, .T. ) ;
#980 = FACE_OUTER_BOUND ( 'NONE', #2581, .T. ) ;
#981 = AXIS2_PLACEMENT_3D ( 'NONE', #3065, #8874, #4775 ) ;
#982 = EDGE_CURVE ( 'NONE', #8742, #3893, #8236, .T. ) ;
#983 = CARTESIAN_POINT ( 'NONE',  ( 5.177435897435896273, -0.6044871794871796711, 0.1000000000000000056 ) ) ;
#984 = LINE ( 'NONE', #167, #344 ) ;
#985 = EDGE_CURVE ( 'NONE', #1960, #7977, #698, .T. ) ;
#986 = VECTOR ( 'NONE', #7931, 1000.000000000000000 ) ;
#987 = DIRECTION ( 'NONE',  ( 1.000000000000000000, 0.000000000000000000, -0.000000000000000000 ) ) ;
#988 = CARTESIAN_POINT ( 'NONE',  ( 5.344351344262519454, -0.9545428520829344343, 0.1000000000000000056 ) ) ;
#989 = PRESENTATION_LAYER_ASSIGNMENT (  '', '', ( #10122 ) ) ;
#990 = ADVANCED_FACE ( 'NONE', ( #8339 ), #10760, .F. ) ;
#991 = CARTESIAN_POINT ( 'NONE',  ( 5.208205128205127821, 0.2858974358974362140, 0.1000000000000000056 ) ) ;
#992 = VECTOR ( 'NONE', #10031, 1000.000000000000000 ) ;
#993 = LINE ( 'NONE', #1947, #8052 ) ;
#994 = CARTESIAN_POINT ( 'NONE',  ( 5.399999999999998579, 2.669999999999999041, -3.000000000000000000 ) ) ;
#995 = ORIENTED_EDGE ( 'NONE', *, *, #10870, .T. ) ;
#996 = PLANE ( 'NONE',  #3185 ) ;
#997 = EDGE_LOOP ( 'NONE', ( #2975, #4989, #4210, #7814 ) ) ;
#998 = EDGE_CURVE ( 'NONE', #8554, #10321, #9159, .T. ) ;
#999 = CARTESIAN_POINT ( 'NONE',  ( 5.083003801063797233, -0.8301307086531760637, 0.1000000000000000056 ) ) ;
#1000 = LINE ( 'NONE', #6087, #8592 ) ;
#1001 = CARTESIAN_POINT ( 'NONE',  ( 6.349999999999996980, 0.6499999999999999112, 0.4000000000000001332 ) ) ;
#1002 = VECTOR ( 'NONE', #693, 1000.000000000000000 ) ;
#1003 = VECTOR ( 'NONE', #4318, 1000.000000000000000 ) ;
#1004 = EDGE_LOOP ( 'NONE', ( #10646, #10556, #10554, #1190 ) ) ;
#1005 = CARTESIAN_POINT ( 'NONE',  ( 5.456320626316760958, -0.6253642892157038613, -0.000000000000000000 ) ) ;
#1006 = VERTEX_POINT ( 'NONE', #9103 ) ;
#1007 = PRESENTATION_LAYER_ASSIGNMENT (  '', '', ( #125 ) ) ;
#1008 = CARTESIAN_POINT ( 'NONE',  ( 5.069773531749965478, -0.7514175179934080573, 0.1000000000000000056 ) ) ;
#1009 = ORIENTED_EDGE ( 'NONE', *, *, #9571, .T. ) ;
#1010 = VECTOR ( 'NONE', #3423, 1000.000000000000000 ) ;
#1011 = DIRECTION ( 'NONE',  ( -1.000000000000000000, 0.000000000000000000, 0.000000000000000000 ) ) ;
#1012 = EDGE_CURVE ( 'NONE', #3219, #6110, #9874, .T. ) ;
#1013 = FACE_OUTER_BOUND ( 'NONE', #10788, .T. ) ;
#1014 = VECTOR ( 'NONE', #311, 1000.000000000000000 ) ;
#1015 = CARTESIAN_POINT ( 'NONE',  ( 5.479851701380006546, -0.09222316956082368677, 0.1000000000000000056 ) ) ;
#1016 = EDGE_CURVE ( 'NONE', #182, #5212, #3399, .T. ) ;
#1017 = CARTESIAN_POINT ( 'NONE',  ( 6.251639344262294173, 0.6499999999999999112, 0.4819672131147527128 ) ) ;
#1018 = VECTOR ( 'NONE', #7822, 1000.000000000000000 ) ;
#1019 = PLANE ( 'NONE',  #5908 ) ;
#1020 = ORIENTED_EDGE ( 'NONE', *, *, #10293, .F. ) ;
#1021 = VECTOR ( 'NONE', #353, 1000.000000000000000 ) ;
#1022 = ORIENTED_EDGE ( 'NONE', *, *, #7468, .T. ) ;
#1023 = ORIENTED_EDGE ( 'NONE', *, *, #10821, .T. ) ;
#1024 = MECHANICAL_DESIGN_GEOMETRIC_PRESENTATION_REPRESENTATION (  '', ( #4203 ), #9988 ) ;
#1025 = PLANE ( 'NONE',  #5967 ) ;
#1026 = ORIENTED_EDGE ( 'NONE', *, *, #9498, .F. ) ;
#1027 = FACE_OUTER_BOUND ( 'NONE', #5503, .T. ) ;
#1028 = EDGE_LOOP ( 'NONE', ( #2578, #6246, #5668, #6716, #8123, #3742, #8413, #4414, #10307, #6259, #1210, #8679 ) ) ;
#1029 = ORIENTED_EDGE ( 'NONE', *, *, #1388, .F. ) ;
#1030 = CARTESIAN_POINT ( 'NONE',  ( -2.220000000000001972, -7.249999999999999112, 1.110000000000000098 ) ) ;
#1031 = LINE ( 'NONE', #8798, #7388 ) ;
#1032 = VECTOR ( 'NONE', #3374, 1000.000000000000000 ) ;
#1033 = VECTOR ( 'NONE', #7366, 1000.000000000000000 ) ;
#1034 = CARTESIAN_POINT ( 'NONE',  ( 5.363346057929708977, -0.9477546362435064209, -0.000000000000000000 ) ) ;
#1035 = EDGE_LOOP ( 'NONE', ( #7711, #8405, #6902, #3120 ) ) ;
#1036 = CARTESIAN_POINT ( 'NONE',  ( 5.399999999999998579, 5.650000000000000355, 3.890000000000000124 ) ) ;
#1037 = EDGE_CURVE ( 'NONE', #9218, #8087, #5875, .T. ) ;
#1038 = PRESENTATION_LAYER_ASSIGNMENT (  '', '', ( #7736 ) ) ;
#1039 = CARTESIAN_POINT ( 'NONE',  ( 5.273687339919865380, -0.9267785308939969768, 0.1000000000000000056 ) ) ;
#1040 = VERTEX_POINT ( 'NONE', #2560 ) ;
#1041 = VECTOR ( 'NONE', #2297, 1000.000000000000000 ) ;
#1042 = VECTOR ( 'NONE', #7627, 1000.000000000000000 ) ;
#1043 = VECTOR ( 'NONE', #5310, 1000.000000000000000 ) ;
#1044 = PLANE ( 'NONE',  #4739 ) ;
#1045 = ORIENTED_EDGE ( 'NONE', *, *, #9515, .T. ) ;
#1046 = DIRECTION ( 'NONE',  ( 0.000000000000000000, -0.7071067811865474617, -0.7071067811865474617 ) ) ;
#1047 = CARTESIAN_POINT ( 'NONE',  ( -2.860000000000001652, 5.450000000000001066, 3.890000000000001457 ) ) ;
#1048 = DIRECTION ( 'NONE',  ( 0.000000000000000000, -1.296504840042456870E-16, -1.000000000000000000 ) ) ;
#1049 = AXIS2_PLACEMENT_3D ( 'NONE', #3475, #3418, #4129 ) ;
#1050 = AXIS2_PLACEMENT_3D ( 'NONE', #6812, #2632, #1581 ) ;
#1051 = CARTESIAN_POINT ( 'NONE',  ( 2.219999999999997975, 5.209999999999999076, -3.000000000000000000 ) ) ;
#1052 = LINE ( 'NONE', #3555, #7855 ) ;
#1053 = CARTESIAN_POINT ( 'NONE',  ( 2.219999999999997975, 5.449999999999999289, 4.090000000000001634 ) ) ;
#1054 = PLANE ( 'NONE',  #6640 ) ;
#1055 = PRESENTATION_STYLE_ASSIGNMENT (( #2053 ) ) ;
#1056 = ADVANCED_FACE ( 'NONE', ( #4066 ), #9255, .F. ) ;
#1057 = ORIENTED_EDGE ( 'NONE', *, *, #1450, .F. ) ;
#1058 =( NAMED_UNIT ( * ) PLANE_ANGLE_UNIT ( ) SI_UNIT ( $, .RADIAN. ) );
#1059 = EDGE_LOOP ( 'NONE', ( #2556, #654, #7865, #1902, #2619, #10003, #489, #9183, #729, #5175 ) ) ;
#1060 = CARTESIAN_POINT ( 'NONE',  ( 5.315897435897435130, -0.2653846153846152189, 0.1000000000000000056 ) ) ;
#1061 = DIRECTION ( 'NONE',  ( 1.000000000000000000, 0.000000000000000000, -0.000000000000000000 ) ) ;
#1062 = AXIS2_PLACEMENT_3D ( 'NONE', #3446, #7516, #1788 ) ;
#1063 = CARTESIAN_POINT ( 'NONE',  ( 5.399999999999998579, 3.109999999999999876, 1.349999999999999645 ) ) ;
#1064 = CARTESIAN_POINT ( 'NONE',  ( 5.126070806487409648, -0.5974217789793296873, 0.1000000000000000056 ) ) ;
#1065 = VERTEX_POINT ( 'NONE', #5827 ) ;
#1066 = CARTESIAN_POINT ( 'NONE',  ( 5.406602564102563235, -0.5730769230769233724, -0.000000000000000000 ) ) ;
#1067 = EDGE_CURVE ( 'NONE', #3368, #1341, #4004, .T. ) ;
#1068 = FILL_AREA_STYLE_COLOUR ( '', #8916 ) ;
#1069 = ORIENTED_EDGE ( 'NONE', *, *, #3325, .F. ) ;
#1070 = DIRECTION ( 'NONE',  ( -1.000000000000000000, -0.000000000000000000, -0.000000000000000000 ) ) ;
#1071 = DIRECTION ( 'NONE',  ( 0.000000000000000000, -0.7071067811865483499, 0.7071067811865467956 ) ) ;
#1072 = CARTESIAN_POINT ( 'NONE',  ( 5.147611908884556442, -0.8630413277711953546, 0.000000000000000000 ) ) ;
#1073 = ORIENTED_EDGE ( 'NONE', *, *, #5721, .T. ) ;
#1074 = DIRECTION ( 'NONE',  ( 1.000000000000000000, -0.000000000000000000, -0.000000000000000000 ) ) ;
#1075 = CARTESIAN_POINT ( 'NONE',  ( -0.3200000000000017830, -7.049999999999999822, 3.450000000000000622 ) ) ;
#1076 = DIRECTION ( 'NONE',  ( 1.000000000000000000, -0.000000000000000000, -0.000000000000000000 ) ) ;
#1077 = EDGE_CURVE ( 'NONE', #4316, #2818, #10706, .T. ) ;
#1078 = EDGE_CURVE ( 'NONE', #1617, #8849, #6584, .T. ) ;
#1079 = LINE ( 'NONE', #7091, #5385 ) ;
#1080 = ORIENTED_EDGE ( 'NONE', *, *, #7489, .F. ) ;
#1081 = EDGE_LOOP ( 'NONE', ( #8808, #200, #2518, #135 ) ) ;
#1082 = DIRECTION ( 'NONE',  ( -0.000000000000000000, -1.000000000000000000, -0.000000000000000000 ) ) ;
#1083 = VERTEX_POINT ( 'NONE', #791 ) ;
#1084 = FACE_OUTER_BOUND ( 'NONE', #3059, .T. ) ;
#1085 = VERTEX_POINT ( 'NONE', #4155 ) ;
#1086 = SURFACE_SIDE_STYLE ('',( #6113 ) ) ;
#1087 = ORIENTED_EDGE ( 'NONE', *, *, #6571, .T. ) ;
#1088 = VERTEX_POINT ( 'NONE', #7520 ) ;
#1089 = CARTESIAN_POINT ( 'NONE',  ( 6.349999999999996980, 0.6499999999999999112, 3.450000000000000622 ) ) ;
#1090 = DIRECTION ( 'NONE',  ( -1.000000000000000000, 0.000000000000000000, 0.000000000000000000 ) ) ;
#1091 = ORIENTED_EDGE ( 'NONE', *, *, #1162, .T. ) ;
#1092 = LINE ( 'NONE', #1144, #1729 ) ;
#1093 = LINE ( 'NONE', #6181, #2823 ) ;
#1094 = ORIENTED_EDGE ( 'NONE', *, *, #2533, .T. ) ;
#1095 =( NAMED_UNIT ( * ) PLANE_ANGLE_UNIT ( ) SI_UNIT ( $, .RADIAN. ) );
#1096 = ORIENTED_EDGE ( 'NONE', *, *, #3098, .T. ) ;
#1097 = CARTESIAN_POINT ( 'NONE',  ( 5.092040749127442645, 0.02119137089089281889, 0.1000000000000000056 ) ) ;
#1098 = DIRECTION ( 'NONE',  ( 0.000000000000000000, -0.7071067811865474617, 0.7071067811865474617 ) ) ;
#1099 = PRODUCT ( 'HDR-TH_10P-P2.54-M-WI-2X5P', 'HDR-TH_10P-P2.54-M-WI-2X5P', '', ( #4416 ) ) ;
#1100 = DIRECTION ( 'NONE',  ( 0.000000000000000000, -1.000000000000000000, 0.000000000000000000 ) ) ;
#1101 = CARTESIAN_POINT ( 'NONE',  ( 5.275032051282050105, 0.09871794871794893622, 0.1000000000000000056 ) ) ;
#1102 = EDGE_CURVE ( 'NONE', #305, #2583, #8551, .T. ) ;
#1103 = CARTESIAN_POINT ( 'NONE',  ( -2.860000000000001652, 2.469999999999999307, -2.799999999999999822 ) ) ;
#1104 = CARTESIAN_POINT ( 'NONE',  ( 5.444493759490296902, -0.8859244636321144117, 0.1000000000000000056 ) ) ;
#1105 = CARTESIAN_POINT ( 'NONE',  ( -2.220000000000001972, -7.049999999999999822, 4.090000000000000746 ) ) ;
#1106 = CARTESIAN_POINT ( 'NONE',  ( 0.7699999999999990186, -1.249999999999999778, 5.000000000000000000 ) ) ;
#1107 = CARTESIAN_POINT ( 'NONE',  ( 5.172124935671568835, -0.6093251480102895856, -0.000000000000000000 ) ) ;
#1108 = ORIENTED_EDGE ( 'NONE', *, *, #503, .T. ) ;
#1109 = PRESENTATION_LAYER_ASSIGNMENT (  '', '', ( #6229 ) ) ;
#1110 = CARTESIAN_POINT ( 'NONE',  ( 5.443647478141492080, -0.7966965758773927320, -0.000000000000000000 ) ) ;
#1111 = ORIENTED_EDGE ( 'NONE', *, *, #10138, .T. ) ;
#1112 = CARTESIAN_POINT ( 'NONE',  ( -6.350000000000002309, -1.249999999999999778, 0.9099999999999993650 ) ) ;
#1113 = CARTESIAN_POINT ( 'NONE',  ( 4.759999999999998899, 5.009999999999999787, 3.249999999999999556 ) ) ;
#1114 = CARTESIAN_POINT ( 'NONE',  ( 5.110769230769230731, -0.7473557692307695177, 0.1000000000000000056 ) ) ;
#1115 = CARTESIAN_POINT ( 'NONE',  ( 5.123463297597678157, -0.04247369503317401096, 0.1000000000000000056 ) ) ;
#1116 = ADVANCED_FACE ( 'NONE', ( #6151 ), #9483, .T. ) ;
#1117 = ORIENTED_EDGE ( 'NONE', *, *, #10552, .T. ) ;
#1118 = DIRECTION ( 'NONE',  ( 0.000000000000000000, 1.000000000000000000, 1.088556398077815828E-16 ) ) ;
#1119 = CARTESIAN_POINT ( 'NONE',  ( 5.479999999999999538, 0.3756410256410259718, 0.1000000000000000056 ) ) ;
#1120 =( LENGTH_UNIT ( ) NAMED_UNIT ( * ) SI_UNIT ( .MILLI., .METRE. ) );
#1121 = FACE_OUTER_BOUND ( 'NONE', #10129, .T. ) ;
#1122 = ORIENTED_EDGE ( 'NONE', *, *, #7958, .T. ) ;
#1123 = CARTESIAN_POINT ( 'NONE',  ( 2.219999999999997975, 5.450000000000000178, -3.000000000000000000 ) ) ;
#1124 = CARTESIAN_POINT ( 'NONE',  ( -5.400000000000002132, 3.109999999999999876, 1.349999999999999645 ) ) ;
#1125 = CARTESIAN_POINT ( 'NONE',  ( 1.436666666666664316, 1.249999999999999778, 0.4000000000000001887 ) ) ;
#1126 = EDGE_CURVE ( 'NONE', #8847, #7838, #3093, .T. ) ;
#1127 = EDGE_CURVE ( 'NONE', #7977, #3453, #5210, .T. ) ;
#1128 = CARTESIAN_POINT ( 'NONE',  ( -0.3200000000000017830, 2.469999999999999307, -2.799999999999999822 ) ) ;
#1129 = ORIENTED_EDGE ( 'NONE', *, *, #2167, .F. ) ;
#1130 = ORIENTED_EDGE ( 'NONE', *, *, #8197, .T. ) ;
#1131 = FACE_OUTER_BOUND ( 'NONE', #9676, .T. ) ;
#1132 = ADVANCED_FACE ( 'NONE', ( #7680, #4489, #4433, #7847, #5157, #10203 ), #6204, .F. ) ;
#1133 = VERTEX_POINT ( 'NONE', #8452 ) ;
#1134 = EDGE_CURVE ( 'NONE', #9314, #5829, #6910, .T. ) ;
#1135 = LINE ( 'NONE', #478, #1928 ) ;
#1136 = ORIENTED_EDGE ( 'NONE', *, *, #5039, .F. ) ;
#1137 = CARTESIAN_POINT ( 'NONE',  ( -4.760000000000002451, 4.809999999999998721, 3.450000000000000622 ) ) ;
#1138 = VERTEX_POINT ( 'NONE', #577 ) ;
#1139 = LINE ( 'NONE', #10275, #651 ) ;
#1140 =( NAMED_UNIT ( * ) PLANE_ANGLE_UNIT ( ) SI_UNIT ( $, .RADIAN. ) );
#1141 = ADVANCED_FACE ( 'NONE', ( #6252 ), #5602, .T. ) ;
#1142 = FACE_OUTER_BOUND ( 'NONE', #8202, .T. ) ;
#1143 = VERTEX_POINT ( 'NONE', #9644 ) ;
#1144 = CARTESIAN_POINT ( 'NONE',  ( 6.349999999999996980, 0.6499999999999999112, 0.9099999999999986988 ) ) ;
#1145 = VECTOR ( 'NONE', #5646, 1000.000000000000000 ) ;
#1146 = FACE_OUTER_BOUND ( 'NONE', #6326, .T. ) ;
#1147 = ORIENTED_EDGE ( 'NONE', *, *, #7674, .F. ) ;
#1148 = FILL_AREA_STYLE_COLOUR ( '', #3155 ) ;
#1149 = ORIENTED_EDGE ( 'NONE', *, *, #5627, .F. ) ;
#1150 = CARTESIAN_POINT ( 'NONE',  ( 5.101616740996180788, 0.04355990492942405506, 0.1000000000000000056 ) ) ;
#1151 = EDGE_CURVE ( 'NONE', #2948, #8847, #8928, .T. ) ;
#1152 = DIRECTION ( 'NONE',  ( 0.000000000000000000, -0.7071067811865474617, 0.7071067811865474617 ) ) ;
#1153 = AXIS2_PLACEMENT_3D ( 'NONE', #7789, #8602, #1061 ) ;
#1154 = EDGE_CURVE ( 'NONE', #7953, #5959, #5434, .T. ) ;
#1155 = VECTOR ( 'NONE', #10737, 1000.000000000000000 ) ;
#1156 = DIRECTION ( 'NONE',  ( 0.000000000000000000, 0.000000000000000000, 1.000000000000000000 ) ) ;
#1157 = CARTESIAN_POINT ( 'NONE',  ( 5.079999999999999183, -0.06963141025641007842, 0.1000000000000000056 ) ) ;
#1158 =( NAMED_UNIT ( * ) SI_UNIT ( $, .STERADIAN. ) SOLID_ANGLE_UNIT ( ) );
#1159 = VECTOR ( 'NONE', #6492, 1000.000000000000000 ) ;
#1160 = CARTESIAN_POINT ( 'NONE',  ( 2.219999999999997975, 4.809999999999998721, 3.450000000000000622 ) ) ;
#1161 = LINE ( 'NONE', #4423, #6149 ) ;
#1162 = EDGE_CURVE ( 'NONE', #5735, #4670, #9583, .T. ) ;
#1163 = ORIENTED_EDGE ( 'NONE', *, *, #6631, .T. ) ;
#1164 = CARTESIAN_POINT ( 'NONE',  ( 5.420780227272080865, -0.8499861287889729500, 0.000000000000000000 ) ) ;
#1165 = ORIENTED_EDGE ( 'NONE', *, *, #5999, .T. ) ;
#1166 = FACE_OUTER_BOUND ( 'NONE', #6550, .T. ) ;
#1167 = CARTESIAN_POINT ( 'NONE',  ( 5.479999999999999538, -0.2653846153846152189, 0.1000000000000000056 ) ) ;
#1168 = CARTESIAN_POINT ( 'NONE',  ( 2.859999999999998099, 5.450000000000000178, -3.000000000000000000 ) ) ;
#1169 = CARTESIAN_POINT ( 'NONE',  ( -5.850000000000003197, -1.249999999999999778, 5.000000000000000000 ) ) ;
#1170 = VECTOR ( 'NONE', #1974, 1000.000000000000000 ) ;
#1171 = AXIS2_PLACEMENT_3D ( 'NONE', #4388, #71, #9372 ) ;
#1172 = ORIENTED_EDGE ( 'NONE', *, *, #4081, .T. ) ;
#1173 = CARTESIAN_POINT ( 'NONE',  ( 5.121025641025640063, -0.1576923076923075207, 0.1000000000000000056 ) ) ;
#1174 = LINE ( 'NONE', #10591, #7697 ) ;
#1175 = FILL_AREA_STYLE_COLOUR ( '', #2001 ) ;
#1176 = CARTESIAN_POINT ( 'NONE',  ( -1.270000000000000684, 5.650000000000000355, 0.6000000000000001998 ) ) ;
#1177 = LINE ( 'NONE', #4549, #1021 ) ;
#1178 = EDGE_CURVE ( 'NONE', #6169, #7193, #4657, .T. ) ;
#1179 = DIRECTION ( 'NONE',  ( 0.000000000000000000, -0.7071067811865474617, -0.7071067811865474617 ) ) ;
#1180 = EDGE_LOOP ( 'NONE', ( #10162, #5857, #10258, #2935 ) ) ;
#1181 = COLOUR_RGB ( '',0.1490196078431372528, 0.1490196078431372528, 0.1490196078431372528 ) ;
#1182 = CARTESIAN_POINT ( 'NONE',  ( -2.860000000000001652, 2.269999999999999130, 0.7099999999999985212 ) ) ;
#1183 = VECTOR ( 'NONE', #5280, 1000.000000000000000 ) ;
#1184 = LINE ( 'NONE', #2020, #7205 ) ;
#1185 = VECTOR ( 'NONE', #6661, 1000.000000000000000 ) ;
#1186 = CARTESIAN_POINT ( 'NONE',  ( 5.131201923076922355, 0.002564102564102757088, 0.1000000000000000056 ) ) ;
#1187 = CARTESIAN_POINT ( 'NONE',  ( 5.479851701380006546, -0.09222316956082368677, 0.000000000000000000 ) ) ;
#1188 = CARTESIAN_POINT ( 'NONE',  ( 5.079999999999999183, 0.1858974358974362084, 0.1000000000000000056 ) ) ;
#1189 = DIRECTION ( 'NONE',  ( 0.000000000000000000, 0.000000000000000000, -1.000000000000000000 ) ) ;
#1190 = ORIENTED_EDGE ( 'NONE', *, *, #3249, .T. ) ;
#1191 = ORIENTED_EDGE ( 'NONE', *, *, #6340, .F. ) ;
#1192 = AXIS2_PLACEMENT_3D ( 'NONE', #9747, #1503, #10849 ) ;
#1193 = ORIENTED_EDGE ( 'NONE', *, *, #5983, .F. ) ;
#1194 = PLANE ( 'NONE',  #8782 ) ;
#1195 = ORIENTED_EDGE ( 'NONE', *, *, #4789, .T. ) ;
#1196 = CARTESIAN_POINT ( 'NONE',  ( 5.476539543308708957, -0.03784270453230158954, -0.000000000000000000 ) ) ;
#1197 = EDGE_CURVE ( 'NONE', #9714, #2535, #7294, .T. ) ;
#1198 = CARTESIAN_POINT ( 'NONE',  ( 2.219999999999997975, 2.469999999999999307, -2.799999999999999822 ) ) ;
#1199 = DIRECTION ( 'NONE',  ( 0.000000000000000000, -0.7071067811865467956, -0.7071067811865483499 ) ) ;
#1200 = VECTOR ( 'NONE', #2711, 999.9999999999998863 ) ;
#1201 = VECTOR ( 'NONE', #2596, 1000.000000000000000 ) ;
#1202 = VECTOR ( 'NONE', #5131, 1000.000000000000000 ) ;
#1203 = FACE_OUTER_BOUND ( 'NONE', #4615, .T. ) ;
#1204 = VERTEX_POINT ( 'NONE', #1405 ) ;
#1205 = ORIENTED_EDGE ( 'NONE', *, *, #10288, .T. ) ;
#1206 = EDGE_CURVE ( 'NONE', #10855, #6422, #3837, .T. ) ;
#1207 = VERTEX_POINT ( 'NONE', #6369 ) ;
#1208 = CARTESIAN_POINT ( 'NONE',  ( 0.3109836065573841068, 1.250000000000000222, -0.5508196721311408028 ) ) ;
#1209 = FACE_OUTER_BOUND ( 'NONE', #10516, .T. ) ;
#1210 = ORIENTED_EDGE ( 'NONE', *, *, #8140, .F. ) ;
#1211 = VECTOR ( 'NONE', #1806, 1000.000000000000000 ) ;
#1212 = CARTESIAN_POINT ( 'NONE',  ( 5.448683032244959534, -0.7282544944244784269, 0.1000000000000000056 ) ) ;
#1213 = EDGE_LOOP ( 'NONE', ( #38, #7731, #81, #5952, #10006, #2478, #426, #8411, #603, #8795 ) ) ;
#1214 = CARTESIAN_POINT ( 'NONE',  ( 5.082848478406403636, -0.01984010869313763276, 0.1000000000000000056 ) ) ;
#1215 = SURFACE_STYLE_USAGE ( .BOTH. , #8752 ) ;
#1216 = VECTOR ( 'NONE', #1753, 1000.000000000000000 ) ;
#1217 = LINE ( 'NONE', #9623, #4726 ) ;
#1218 = EDGE_CURVE ( 'NONE', #1380, #5136, #8873, .T. ) ;
#1219 = AXIS2_PLACEMENT_3D ( 'NONE', #2408, #1628, #5931 ) ;
#1220 = LINE ( 'NONE', #4595, #3882 ) ;
#1221 = CARTESIAN_POINT ( 'NONE',  ( -0.3200000000000017830, 2.469999999999999307, 0.7099999999999970779 ) ) ;
#1222 = EDGE_CURVE ( 'NONE', #2978, #66, #2065, .T. ) ;
#1223 = DIRECTION ( 'NONE',  ( 0.000000000000000000, -1.000000000000000000, 0.000000000000000000 ) ) ;
#1224 = VECTOR ( 'NONE', #10448, 1000.000000000000000 ) ;
#1225 = AXIS2_PLACEMENT_3D ( 'NONE', #10291, #2775, #4476 ) ;
#1226 = CARTESIAN_POINT ( 'NONE',  ( 5.261865908559993699, 0.09849707709157186353, 0.000000000000000000 ) ) ;
#1227 = ORIENTED_EDGE ( 'NONE', *, *, #4108, .F. ) ;
#1228 = CARTESIAN_POINT ( 'NONE',  ( 5.447880224819936501, -0.7736766310633068633, -0.000000000000000000 ) ) ;
#1229 = ORIENTED_EDGE ( 'NONE', *, *, #9737, .T. ) ;
#1230 = B_SPLINE_CURVE_WITH_KNOTS ( 'NONE', 3,
 ( #9039, #6469, #9093, #5608, #7413, #9811, #2235, #1458, #1561, #8934, #1506, #526, #4876, #630, #8878, #3843, #2294, #1410, #4056 ),
 .UNSPECIFIED., .F., .F.,
 ( 4, 1, 1, 1, 1, 1, 1, 1, 1, 1, 1, 1, 1, 1, 1, 1, 4 ),
 ( 0.000000000000000000, 0.07015117599727899167, 0.1378126061901926991, 0.2032262471813958415, 0.2671740552944764646, 0.3300240034081793339, 0.3917942717866871871, 0.4530843989971405916, 0.5143339076458792736, 0.5749999928182687459, 0.6348654826222119851, 0.6941163151896425632, 0.7534416217804399407, 0.8131258003036123672, 0.8740796856370761647, 0.9360070132744078286, 1.000000000000000000 ),
 .UNSPECIFIED. ) ;
#1231 = CARTESIAN_POINT ( 'NONE',  ( 5.087107228120339109, -0.8406413761613045210, 0.000000000000000000 ) ) ;
#1232 = CARTESIAN_POINT ( 'NONE',  ( -5.400000000000002132, 5.649999999999999467, -2.799999999999999822 ) ) ;
#1233 = CARTESIAN_POINT ( 'NONE',  ( 5.126070806487409648, -0.5974217789793296873, 0.000000000000000000 ) ) ;
#1234 = LINE ( 'NONE', #4606, #9097 ) ;
#1235 = VECTOR ( 'NONE', #7300, 1000.000000000000114 ) ;
#1236 = VECTOR ( 'NONE', #8142, 1000.000000000000227 ) ;
#1237 = COLOUR_RGB ( '',0.1490196078431372528, 0.1490196078431372528, 0.1490196078431372528 ) ;
#1238 = ORIENTED_EDGE ( 'NONE', *, *, #3778, .T. ) ;
#1239 = DIRECTION ( 'NONE',  ( -0.000000000000000000, -0.000000000000000000, -1.000000000000000000 ) ) ;
#1240 = CARTESIAN_POINT ( 'NONE',  ( 5.121025641025640063, -1.008974358974358720, 0.1000000000000000056 ) ) ;
#1241 = CARTESIAN_POINT ( 'NONE',  ( 2.219999999999997975, 2.909999999999998810, -3.000000000000000000 ) ) ;
#1242 = DIRECTION ( 'NONE',  ( 0.6401843996644789314, 0.000000000000000000, 0.7682212795973767383 ) ) ;
#1243 = DIRECTION ( 'NONE',  ( 0.000000000000000000, 1.000000000000000000, 6.938893903907229610E-17 ) ) ;
#1244 = CARTESIAN_POINT ( 'NONE',  ( -5.400000000000002132, 0.6499999999999978018, 4.090000000000001634 ) ) ;
#1245 = VECTOR ( 'NONE', #10287, 1000.000000000000000 ) ;
#1246 = CARTESIAN_POINT ( 'NONE',  ( 4.759999999999998899, 5.009999999999999787, -2.799999999999999822 ) ) ;
#1247 = ORIENTED_EDGE ( 'NONE', *, *, #5594, .F. ) ;
#1248 = DIRECTION ( 'NONE',  ( 0.000000000000000000, 0.000000000000000000, 1.000000000000000000 ) ) ;
#1249 = CARTESIAN_POINT ( 'NONE',  ( 5.481822431703673004, -0.6821331059911734940, 0.1000000000000000056 ) ) ;
#1250 = CARTESIAN_POINT ( 'NONE',  ( 5.151257723952502587, 0.04265891480154546805, 0.000000000000000000 ) ) ;
#1251 = CARTESIAN_POINT ( 'NONE',  ( 2.219999999999997975, 0.6499999999999995781, 3.450000000000000622 ) ) ;
#1252 = EDGE_CURVE ( 'NONE', #7774, #1527, #7907, .T. ) ;
#1253 = CARTESIAN_POINT ( 'NONE',  ( 5.399999999999998579, 3.109999999999998987, -2.799999999999999822 ) ) ;
#1254 = ORIENTED_EDGE ( 'NONE', *, *, #8615, .F. ) ;
#1255 = VERTEX_POINT ( 'NONE', #8771 ) ;
#1256 = CARTESIAN_POINT ( 'NONE',  ( 5.119778358683324981, -0.6871762046726451745, 0.1000000000000000056 ) ) ;
#1257 = ORIENTED_EDGE ( 'NONE', *, *, #7213, .F. ) ;
#1258 =( NAMED_UNIT ( * ) SI_UNIT ( $, .STERADIAN. ) SOLID_ANGLE_UNIT ( ) );
#1259 = VERTEX_POINT ( 'NONE', #5497 ) ;
#1260 = CARTESIAN_POINT ( 'NONE',  ( 5.474579196609129284, -0.02270199459087462665, 0.000000000000000000 ) ) ;
#1261 = DIRECTION ( 'NONE',  ( 0.000000000000000000, -1.000000000000000000, 0.000000000000000000 ) ) ;
#1262 = CARTESIAN_POINT ( 'NONE',  ( 5.231972896995821465, 0.1312812052486491132, 0.000000000000000000 ) ) ;
#1263 = LINE ( 'NONE', #424, #10582 ) ;
#1264 = EDGE_LOOP ( 'NONE', ( #204, #7881, #3069, #463, #3569, #1292 ) ) ;
#1265 = EDGE_CURVE ( 'NONE', #7160, #10164, #2956, .T. ) ;
#1266 = VERTEX_POINT ( 'NONE', #2182 ) ;
#1267 = ORIENTED_EDGE ( 'NONE', *, *, #7662, .F. ) ;
#1268 = CARTESIAN_POINT ( 'NONE',  ( 5.479999999999999538, -1.198717948717948678, 0.1000000000000000056 ) ) ;
#1269 = CARTESIAN_POINT ( 'NONE',  ( 5.110769230769230731, -0.7473557692307695177, 0.000000000000000000 ) ) ;
#1270 = ORIENTED_EDGE ( 'NONE', *, *, #4164, .T. ) ;
#1271 = CARTESIAN_POINT ( 'NONE',  ( 5.445353411888526729, -0.7072778294371929730, 0.1000000000000000056 ) ) ;
#1272 = VERTEX_POINT ( 'NONE', #4544 ) ;
#1273 = FILL_AREA_STYLE_COLOUR ( '', #6874 ) ;
#1274 = DIRECTION ( 'NONE',  ( 0.000000000000000000, 1.000000000000000000, 1.088556398077815951E-16 ) ) ;
#1275 = DIRECTION ( 'NONE',  ( 0.000000000000000000, -0.7071067811865467956, 0.7071067811865483499 ) ) ;
#1276 =( NAMED_UNIT ( * ) PLANE_ANGLE_UNIT ( ) SI_UNIT ( $, .RADIAN. ) );
#1277 = CARTESIAN_POINT ( 'NONE',  ( 5.153637820512820156, -0.5730769230769233724, 0.1000000000000000056 ) ) ;
#1278 = EDGE_CURVE ( 'NONE', #3427, #9314, #10178, .T. ) ;
#1279 = EDGE_CURVE ( 'NONE', #2220, #1593, #3782, .T. ) ;
#1280 = CARTESIAN_POINT ( 'NONE',  ( -1.270000000000000684, -1.249999999999999778, 0.6000000000000001998 ) ) ;
#1281 = PLANE ( 'NONE',  #2051 ) ;
#1282 = LINE ( 'NONE', #7834, #1368 ) ;
#1283 = CARTESIAN_POINT ( 'NONE',  ( -5.400000000000002132, -7.249999999999999112, 3.890000000000000568 ) ) ;
#1284 = EDGE_CURVE ( 'NONE', #3526, #2131, #7246, .T. ) ;
#1285 = VERTEX_POINT ( 'NONE', #1454 ) ;
#1286 = CARTESIAN_POINT ( 'NONE',  ( 5.279599358974357948, -0.9269230769230771827, 0.000000000000000000 ) ) ;
#1287 = DIRECTION ( 'NONE',  ( 0.000000000000000000, 0.7071067811865483499, -0.7071067811865467956 ) ) ;
#1288 = DIRECTION ( 'NONE',  ( 1.000000000000000000, 0.000000000000000000, -0.000000000000000000 ) ) ;
#1289 = FACE_OUTER_BOUND ( 'NONE', #6387, .T. ) ;
#1290 = DIRECTION ( 'NONE',  ( -1.000000000000000000, 0.000000000000000000, 0.000000000000000000 ) ) ;
#1291 = ADVANCED_FACE ( 'NONE', ( #10847 ), #9147, .F. ) ;
#1292 = ORIENTED_EDGE ( 'NONE', *, *, #7958, .F. ) ;
#1293 = SURFACE_SIDE_STYLE ('',( #5498 ) ) ;
#1294 = FACE_OUTER_BOUND ( 'NONE', #3630, .T. ) ;
#1295 = CARTESIAN_POINT ( 'NONE',  ( 5.275478426526872155, -0.9626743901262690972, 0.1000000000000000056 ) ) ;
#1296 = LINE ( 'NONE', #5272, #1731 ) ;
#1297 = CARTESIAN_POINT ( 'NONE',  ( 5.262079874696753201, -0.9264947339389769665, 0.000000000000000000 ) ) ;
#1298 = ORIENTED_EDGE ( 'NONE', *, *, #7342, .F. ) ;
#1299 = SURFACE_SIDE_STYLE ('',( #5504 ) ) ;
#1300 = CARTESIAN_POINT ( 'NONE',  ( 5.390539183976528648, -0.6111790578437932275, 0.000000000000000000 ) ) ;
#1301 = DIRECTION ( 'NONE',  ( 0.000000000000000000, -0.7071067811865467956, 0.7071067811865483499 ) ) ;
#1302 = EDGE_CURVE ( 'NONE', #8445, #1259, #9862, .T. ) ;
#1303 = PLANE ( 'NONE',  #2397 ) ;
#1304 = ORIENTED_EDGE ( 'NONE', *, *, #9669, .T. ) ;
#1305 = ORIENTED_EDGE ( 'NONE', *, *, #8610, .F. ) ;
#1306 = CARTESIAN_POINT ( 'NONE',  ( 5.172124935671568835, -0.6093251480102895856, 0.000000000000000000 ) ) ;
#1307 = ORIENTED_EDGE ( 'NONE', *, *, #1311, .T. ) ;
#1308 = DIRECTION ( 'NONE',  ( -0.000000000000000000, -1.000000000000000000, -0.000000000000000000 ) ) ;
#1309 = ORIENTED_EDGE ( 'NONE', *, *, #7699, .T. ) ;
#1310 = CARTESIAN_POINT ( 'NONE',  ( 2.859999999999998099, 2.909999999999998366, 1.550000000000000933 ) ) ;
#1311 = EDGE_CURVE ( 'NONE', #7774, #375, #626, .T. ) ;
#1312 = PLANE ( 'NONE',  #6985 ) ;
#1313 = DIRECTION ( 'NONE',  ( 0.000000000000000000, 0.7071067811865467956, 0.7071067811865483499 ) ) ;
#1314 = VERTEX_POINT ( 'NONE', #10793 ) ;
#1315 = ORIENTED_EDGE ( 'NONE', *, *, #1829, .T. ) ;
#1316 = ORIENTED_EDGE ( 'NONE', *, *, #3860, .T. ) ;
#1317 = CARTESIAN_POINT ( 'NONE',  ( -5.400000000000002132, 2.669999999999999041, -3.000000000000000000 ) ) ;
#1318 = FACE_OUTER_BOUND ( 'NONE', #3379, .T. ) ;
#1319 = EDGE_LOOP ( 'NONE', ( #6980, #2919, #2749, #10467 ) ) ;
#1320 = CARTESIAN_POINT ( 'NONE',  ( 2.219999999999997975, 3.109999999999999876, 1.349999999999999645 ) ) ;
#1321 = ORIENTED_EDGE ( 'NONE', *, *, #1364, .T. ) ;
#1322 = LINE ( 'NONE', #9846, #8449 ) ;
#1323 = DIRECTION ( 'NONE',  ( -0.000000000000000000, 0.000000000000000000, -1.000000000000000000 ) ) ;
#1324 = DIRECTION ( 'NONE',  ( 1.000000000000000000, 0.000000000000000000, -0.000000000000000000 ) ) ;
#1325 = DIRECTION ( 'NONE',  ( 0.000000000000000000, -1.000000000000000000, 0.000000000000000000 ) ) ;
#1326 = LINE ( 'NONE', #7064, #1417 ) ;
#1327 = SURFACE_STYLE_FILL_AREA ( #9629 ) ;
#1328 = LINE ( 'NONE', #6359, #6464 ) ;
#1329 = CARTESIAN_POINT ( 'NONE',  ( 4.759999999999998899, 0.6499999999999999112, 0.4000000000000001332 ) ) ;
#1330 = ORIENTED_EDGE ( 'NONE', *, *, #5558, .F. ) ;
#1331 = SURFACE_STYLE_FILL_AREA ( #572 ) ;
#1332 = UNCERTAINTY_MEASURE_WITH_UNIT (LENGTH_MEASURE( 1.000000000000000082E-05 ), #5913, 'distance_accuracy_value', 'NONE');
#1333 = FACE_OUTER_BOUND ( 'NONE', #1035, .T. ) ;
#1334 = PLANE ( 'NONE',  #5912 ) ;
#1335 = CARTESIAN_POINT ( 'NONE',  ( 5.274871794871794251, -0.4551282051282050101, 0.1000000000000000056 ) ) ;
#1336 = EDGE_CURVE ( 'NONE', #1852, #4870, #1556, .T. ) ;
#1337 = VECTOR ( 'NONE', #598, 1000.000000000000000 ) ;
#1338 = DIRECTION ( 'NONE',  ( -0.000000000000000000, -1.000000000000000000, -0.000000000000000000 ) ) ;
#1339 = EDGE_CURVE ( 'NONE', #8919, #2930, #3174, .T. ) ;
#1340 = EDGE_CURVE ( 'NONE', #5242, #10164, #4420, .T. ) ;
#1341 = VERTEX_POINT ( 'NONE', #8376 ) ;
#1342 = CIRCLE ( 'NONE', #7317, 0.2000000000000000944 ) ;
#1343 = CARTESIAN_POINT ( 'NONE',  ( 5.208205128205127821, 0.2858974358974362140, 0.1000000000000000056 ) ) ;
#1344 = DIRECTION ( 'NONE',  ( 1.000000000000000000, 0.000000000000000000, 0.000000000000000000 ) ) ;
#1345 = LINE ( 'NONE', #10541, #932 ) ;
#1346 = CARTESIAN_POINT ( 'NONE',  ( 5.139695512820511958, -0.9120993589743592311, 0.1000000000000000056 ) ) ;
#1347 = EDGE_CURVE ( 'NONE', #4558, #4070, #1501, .T. ) ;
#1348 = PLANE ( 'NONE',  #511 ) ;
#1349 = ORIENTED_EDGE ( 'NONE', *, *, #9258, .T. ) ;
#1350 = LINE ( 'NONE', #6578, #6863 ) ;
#1351 = VERTEX_POINT ( 'NONE', #7571 ) ;
#1352 = CYLINDRICAL_SURFACE ( 'NONE', #4929, 0.2000000000000000944 ) ;
#1353 = PLANE ( 'NONE',  #10875 ) ;
#1354 = STYLED_ITEM ( 'NONE', ( #592 ), #3643 ) ;
#1355 = CARTESIAN_POINT ( 'NONE',  ( 5.145154560183359926, 0.03350355730356149170, 0.1000000000000000056 ) ) ;
#1356 =( GEOMETRIC_REPRESENTATION_CONTEXT ( 3 ) GLOBAL_UNCERTAINTY_ASSIGNED_CONTEXT ( ( #3234 ) ) GLOBAL_UNIT_ASSIGNED_CONTEXT ( ( #3095, #2328, #5997 ) ) REPRESENTATION_CONTEXT ( 'NONE', 'WORKASPACE' ) );
#1357 = EDGE_CURVE ( 'NONE', #3650, #5351, #2290, .T. ) ;
#1358 = EDGE_CURVE ( 'NONE', #10221, #10617, #7347, .T. ) ;
#1359 = CARTESIAN_POINT ( 'NONE',  ( -4.760000000000002451, -1.249999999999999778, 3.450000000000000622 ) ) ;
#1360 = ORIENTED_EDGE ( 'NONE', *, *, #7104, .F. ) ;
#1361 = ORIENTED_EDGE ( 'NONE', *, *, #5621, .T. ) ;
#1362 = PLANE ( 'NONE',  #3659 ) ;
#1363 = VECTOR ( 'NONE', #1290, 1000.000000000000000 ) ;
#1364 = EDGE_CURVE ( 'NONE', #7534, #9017, #2342, .T. ) ;
#1365 = ORIENTED_EDGE ( 'NONE', *, *, #3708, .T. ) ;
#1366 = CARTESIAN_POINT ( 'NONE',  ( 2.219999999999997975, 3.109999999999999876, 1.349999999999999645 ) ) ;
#1367 = ORIENTED_EDGE ( 'NONE', *, *, #5607, .F. ) ;
#1368 = VECTOR ( 'NONE', #2945, 1000.000000000000000 ) ;
#1369 = CARTESIAN_POINT ( 'NONE',  ( 4.759999999999998899, -7.249999999999999112, 3.890000000000000568 ) ) ;
#1370 = EDGE_CURVE ( 'NONE', #7553, #903, #7507, .T. ) ;
#1371 = DIRECTION ( 'NONE',  ( 0.000000000000000000, 1.000000000000000000, -0.000000000000000000 ) ) ;
#1372 =( GEOMETRIC_REPRESENTATION_CONTEXT ( 3 ) GLOBAL_UNCERTAINTY_ASSIGNED_CONTEXT ( ( #4427 ) ) GLOBAL_UNIT_ASSIGNED_CONTEXT ( ( #6519, #8277, #8122 ) ) REPRESENTATION_CONTEXT ( 'NONE', 'WORKASPACE' ) );
#1373 = VECTOR ( 'NONE', #3116, 1000.000000000000000 ) ;
#1374 = CARTESIAN_POINT ( 'NONE',  ( 5.139695512820511958, -0.9120993589743592311, 0.000000000000000000 ) ) ;
#1375 = ORIENTED_EDGE ( 'NONE', *, *, #3429, .F. ) ;
#1376 = VERTEX_POINT ( 'NONE', #9035 ) ;
#1377 = ORIENTED_EDGE ( 'NONE', *, *, #9535, .F. ) ;
#1378 = CARTESIAN_POINT ( 'NONE',  ( -0.3200000000000017830, 2.269999999999997797, 0.9099999999999984768 ) ) ;
#1379 = CARTESIAN_POINT ( 'NONE',  ( 5.274951923076922178, 0.1346153846153848310, 0.1000000000000000056 ) ) ;
#1380 = VERTEX_POINT ( 'NONE', #4872 ) ;
#1381 = AXIS2_PLACEMENT_3D ( 'NONE', #325, #2838, #2111 ) ;
#1382 = FACE_OUTER_BOUND ( 'NONE', #5081, .T. ) ;
#1383 = VERTEX_POINT ( 'NONE', #4051 ) ;
#1384 =( NAMED_UNIT ( * ) SI_UNIT ( $, .STERADIAN. ) SOLID_ANGLE_UNIT ( ) );
#1385 = AXIS2_PLACEMENT_3D ( 'NONE', #9286, #8320, #10064 ) ;
#1386 = CARTESIAN_POINT ( 'NONE',  ( 5.279710163316054583, 0.09865928730492055931, 0.000000000000000000 ) ) ;
#1387 = VECTOR ( 'NONE', #9672, 1000.000000000000000 ) ;
#1388 = EDGE_CURVE ( 'NONE', #3396, #8463, #5756, .T. ) ;
#1389 = LINE ( 'NONE', #5416, #8101 ) ;
#1390 = VECTOR ( 'NONE', #1070, 1000.000000000000000 ) ;
#1391 = DIRECTION ( 'NONE',  ( 0.000000000000000000, 0.000000000000000000, -1.000000000000000000 ) ) ;
#1392 = VECTOR ( 'NONE', #1869, 1000.000000000000000 ) ;
#1393 = CARTESIAN_POINT ( 'NONE',  ( -5.400000000000002132, 5.649999999999999467, -2.799999999999999822 ) ) ;
#1394 = MECHANICAL_DESIGN_GEOMETRIC_PRESENTATION_REPRESENTATION (  '', ( #10348 ), #4039 ) ;
#1395 = VERTEX_POINT ( 'NONE', #10747 ) ;
#1396 = CARTESIAN_POINT ( 'NONE',  ( -2.860000000000001652, 0.6499999999999995781, 3.450000000000000622 ) ) ;
#1397 = CARTESIAN_POINT ( 'NONE',  ( 5.136830818633622009, -0.9095709344087951065, 0.1000000000000000056 ) ) ;
#1398 = CARTESIAN_POINT ( 'NONE',  ( 5.177435897435896273, -0.6044871794871796711, 0.1000000000000000056 ) ) ;
#1399 = CARTESIAN_POINT ( 'NONE',  ( 5.092040749127442645, 0.02119137089089281889, 0.1000000000000000056 ) ) ;
#1400 = AXIS2_PLACEMENT_3D ( 'NONE', #4747, #3922, #605 ) ;
#1401 = AXIS2_PLACEMENT_3D ( 'NONE', #741, #2680, #2613 ) ;
#1402 = VECTOR ( 'NONE', #6708, 1000.000000000000000 ) ;
#1403 = AXIS2_PLACEMENT_3D ( 'NONE', #4897, #8245, #4076 ) ;
#1404 = EDGE_LOOP ( 'NONE', ( #1321, #5044, #7144, #3799 ) ) ;
#1405 = CARTESIAN_POINT ( 'NONE',  ( 5.208205128205127821, 0.4672275641025644410, 0.1000000000000000056 ) ) ;
#1406 =( LENGTH_UNIT ( ) NAMED_UNIT ( * ) SI_UNIT ( .MILLI., .METRE. ) );
#1407 = VERTEX_POINT ( 'NONE', #9088 ) ;
#1408 = ADVANCED_FACE ( 'NONE', ( #1720 ), #219, .F. ) ;
#1409 = CARTESIAN_POINT ( 'NONE',  ( 5.282323717948717245, -0.9628205128205130636, 0.1000000000000000056 ) ) ;
#1410 = CARTESIAN_POINT ( 'NONE',  ( 5.426427600031455967, -0.002595901721861458046, 0.1000000000000000056 ) ) ;
#1411 = VECTOR ( 'NONE', #3038, 1000.000000000000000 ) ;
#1412 = ORIENTED_EDGE ( 'NONE', *, *, #3482, .T. ) ;
#1413 = LINE ( 'NONE', #585, #5651 ) ;
#1414 = ORIENTED_EDGE ( 'NONE', *, *, #1206, .T. ) ;
#1415 = CARTESIAN_POINT ( 'NONE',  ( 5.479851701380006546, -0.09222316956082368677, 0.1000000000000000056 ) ) ;
#1416 = AXIS2_PLACEMENT_3D ( 'NONE', #3576, #2869, #9371 ) ;
#1417 = VECTOR ( 'NONE', #2893, 1000.000000000000000 ) ;
#1418 = EDGE_CURVE ( 'NONE', #2334, #1285, #8488, .T. ) ;
#1419 = DIRECTION ( 'NONE',  ( -1.000000000000000000, 0.000000000000000000, 0.000000000000000000 ) ) ;
#1420 = PRESENTATION_LAYER_ASSIGNMENT (  '', '', ( #9146 ) ) ;
#1421 = ORIENTED_EDGE ( 'NONE', *, *, #8071, .T. ) ;
#1422 = FILL_AREA_STYLE_COLOUR ( '', #279 ) ;
#1423 = ORIENTED_EDGE ( 'NONE', *, *, #5566, .F. ) ;
#1424 = FACE_OUTER_BOUND ( 'NONE', #10390, .T. ) ;
#1425 = ADVANCED_FACE ( 'NONE', ( #6785 ), #3604, .F. ) ;
#1426 = CARTESIAN_POINT ( 'NONE',  ( 5.479999999999999538, -0.2653846153846152189, 0.1000000000000000056 ) ) ;
#1427 = CARTESIAN_POINT ( 'NONE',  ( 5.177435897435896273, -0.6044871794871796711, 0.1000000000000000056 ) ) ;
#1428 = ADVANCED_FACE ( 'NONE', ( #5965 ), #1777, .F. ) ;
#1429 = CARTESIAN_POINT ( 'NONE',  ( 4.759999999999998899, 2.909999999999998810, -3.000000000000000000 ) ) ;
#1430 = ORIENTED_EDGE ( 'NONE', *, *, #6600, .T. ) ;
#1431 = ORIENTED_EDGE ( 'NONE', *, *, #10622, .T. ) ;
#1432 = ORIENTED_EDGE ( 'NONE', *, *, #8300, .F. ) ;
#1433 = PLANE ( 'NONE',  #5793 ) ;
#1434 = CARTESIAN_POINT ( 'NONE',  ( 5.291864788495479921, 0.1343735037258181331, 0.1000000000000000056 ) ) ;
#1435 = ORIENTED_EDGE ( 'NONE', *, *, #8628, .T. ) ;
#1436 = CARTESIAN_POINT ( 'NONE',  ( 5.468427764538614788, -0.6468427795173228301, 0.1000000000000000056 ) ) ;
#1437 = DIRECTION ( 'NONE',  ( -0.000000000000000000, -0.000000000000000000, -1.000000000000000000 ) ) ;
#1438 = DIRECTION ( 'NONE',  ( 1.000000000000000000, -0.000000000000000000, -0.000000000000000000 ) ) ;
#1439 = CARTESIAN_POINT ( 'NONE',  ( 5.327808874808514616, 0.09191781193000564398, 0.000000000000000000 ) ) ;
#1440 = CARTESIAN_POINT ( 'NONE',  ( 4.759999999999998899, 5.650000000000000355, 3.890000000000000124 ) ) ;
#1441 = CARTESIAN_POINT ( 'NONE',  ( 5.399999999999997691, -1.249999999999999778, 0.9099999999999993650 ) ) ;
#1442 = DIRECTION ( 'NONE',  ( -0.6401843996644789314, 0.000000000000000000, -0.7682212795973767383 ) ) ;
#1443 = CARTESIAN_POINT ( 'NONE',  ( 5.110579624449826497, -0.6160483533798898348, 0.1000000000000000056 ) ) ;
#1444 = LINE ( 'NONE', #10836, #1926 ) ;
#1445 = VERTEX_POINT ( 'NONE', #5143 ) ;
#1446 = PRESENTATION_LAYER_ASSIGNMENT (  '', '', ( #9520 ) ) ;
#1447 = VERTEX_POINT ( 'NONE', #49 ) ;
#1448 = LINE ( 'NONE', #8167, #3881 ) ;
#1449 = DIRECTION ( 'NONE',  ( 0.000000000000000000, -1.000000000000000000, 1.628629872832303439E-16 ) ) ;
#1450 = EDGE_CURVE ( 'NONE', #6804, #8154, #6135, .T. ) ;
#1451 = CARTESIAN_POINT ( 'NONE',  ( 2.859999999999998099, -1.250000000000000222, 1.550000000000000488 ) ) ;
#1452 = CARTESIAN_POINT ( 'NONE',  ( 0.000000000000000000, 0.000000000000000000, 0.1000000000000000056 ) ) ;
#1453 = VERTEX_POINT ( 'NONE', #9462 ) ;
#1454 = CARTESIAN_POINT ( 'NONE',  ( 2.219999999999997975, 5.009999999999999787, -2.799999999999999822 ) ) ;
#1455 = CARTESIAN_POINT ( 'NONE',  ( -2.860000000000001652, -7.049999999999999822, 3.450000000000000622 ) ) ;
#1456 = DIRECTION ( 'NONE',  ( 0.000000000000000000, -1.000000000000000000, 0.000000000000000000 ) ) ;
#1457 = DIRECTION ( 'NONE',  ( 0.000000000000000000, 1.000000000000000000, 1.088556398077815828E-16 ) ) ;
#1458 = CARTESIAN_POINT ( 'NONE',  ( 5.351181201936688225, 0.08314918100410916002, 0.1000000000000000056 ) ) ;
#1459 = EDGE_LOOP ( 'NONE', ( #10786, #5871, #5800, #1149, #5092, #10778 ) ) ;
#1460 = PLANE ( 'NONE',  #4581 ) ;
#1461 = VERTEX_POINT ( 'NONE', #935 ) ;
#1462 = DIRECTION ( 'NONE',  ( 0.000000000000000000, 0.000000000000000000, 1.000000000000000000 ) ) ;
#1463 = CARTESIAN_POINT ( 'NONE',  ( 5.224993660245121241, 0.09246725636954969407, 0.000000000000000000 ) ) ;
#1464 = CARTESIAN_POINT ( 'NONE',  ( 5.407055473212779795, 0.09450865198363621322, 0.1000000000000000056 ) ) ;
#1465 = CARTESIAN_POINT ( 'NONE',  ( 5.345970231491935287, -0.9142053650526332786, 0.1000000000000000056 ) ) ;
#1466 = DIRECTION ( 'NONE',  ( 0.000000000000000000, -0.7071067811865474617, 0.7071067811865474617 ) ) ;
#1467 = ORIENTED_EDGE ( 'NONE', *, *, #6906, .T. ) ;
#1468 =( NAMED_UNIT ( * ) SI_UNIT ( $, .STERADIAN. ) SOLID_ANGLE_UNIT ( ) );
#1469 = PLANE ( 'NONE',  #10538 ) ;
#1470 = ORIENTED_EDGE ( 'NONE', *, *, #3432, .T. ) ;
#1471 = LINE ( 'NONE', #707, #2830 ) ;
#1472 = EDGE_CURVE ( 'NONE', #5676, #6982, #6511, .T. ) ;
#1473 = VECTOR ( 'NONE', #2959, 1000.000000000000000 ) ;
#1474 = DIRECTION ( 'NONE',  ( -0.000000000000000000, -0.000000000000000000, -1.000000000000000000 ) ) ;
#1475 = SURFACE_SIDE_STYLE ('',( #7212 ) ) ;
#1476 = EDGE_CURVE ( 'NONE', #2341, #9452, #7664, .T. ) ;
#1477 = CARTESIAN_POINT ( 'NONE',  ( 5.069832738359781210, -0.7599244540044642893, 0.000000000000000000 ) ) ;
#1478 = EDGE_CURVE ( 'NONE', #8193, #8085, #7832, .T. ) ;
#1479 = EDGE_LOOP ( 'NONE', ( #56, #7269, #9126, #7634 ) ) ;
#1480 = ORIENTED_EDGE ( 'NONE', *, *, #8668, .F. ) ;
#1481 = VERTEX_POINT ( 'NONE', #9401 ) ;
#1482 = LINE ( 'NONE', #6008, #7555 ) ;
#1483 = ORIENTED_EDGE ( 'NONE', *, *, #2750, .T. ) ;
#1484 = EDGE_CURVE ( 'NONE', #8839, #3646, #6841, .T. ) ;
#1485 = PLANE ( 'NONE',  #3508 ) ;
#1486 = CARTESIAN_POINT ( 'NONE',  ( 6.349999999999996980, 0.6499999999999999112, 4.090000000000000746 ) ) ;
#1487 = FACE_OUTER_BOUND ( 'NONE', #6664, .T. ) ;
#1488 = LINE ( 'NONE', #5116, #106 ) ;
#1489 = LINE ( 'NONE', #7391, #10720 ) ;
#1490 = CARTESIAN_POINT ( 'NONE',  ( -1.103333333333337274, 0.6499999999999999112, 0.4000000000000001332 ) ) ;
#1491 = FACE_OUTER_BOUND ( 'NONE', #1562, .T. ) ;
#1492 = CARTESIAN_POINT ( 'NONE',  ( -2.860000000000001652, 5.009999999999999787, -2.799999999999999822 ) ) ;
#1493 = VERTEX_POINT ( 'NONE', #1877 ) ;
#1494 = EDGE_CURVE ( 'NONE', #3869, #9218, #891, .T. ) ;
#1495 = ORIENTED_EDGE ( 'NONE', *, *, #3385, .T. ) ;
#1496 = CARTESIAN_POINT ( 'NONE',  ( -6.350000000000002309, 1.250000000000000222, 5.000000000000000000 ) ) ;
#1497 = CARTESIAN_POINT ( 'NONE',  ( 5.121053994896961115, -0.1051813180692727778, 0.000000000000000000 ) ) ;
#1498 = CARTESIAN_POINT ( 'NONE',  ( 5.192913815604079275, 0.1204915051320840230, 0.1000000000000000056 ) ) ;
#1499 =( NAMED_UNIT ( * ) PLANE_ANGLE_UNIT ( ) SI_UNIT ( $, .RADIAN. ) );
#1500 = ORIENTED_EDGE ( 'NONE', *, *, #10565, .F. ) ;
#1501 = LINE ( 'NONE', #4201, #347 ) ;
#1502 = CARTESIAN_POINT ( 'NONE',  ( -6.350000000000002309, -1.249999999999999778, 5.000000000000000000 ) ) ;
#1503 = DIRECTION ( 'NONE',  ( 0.000000000000000000, 9.035018104045870694E-17, -1.000000000000000000 ) ) ;
#1504 = EDGE_CURVE ( 'NONE', #3747, #6346, #10188, .T. ) ;
#1505 = CARTESIAN_POINT ( 'NONE',  ( -3.976666666666669236, 1.249999999999999778, 4.599999999999999645 ) ) ;
#1506 = CARTESIAN_POINT ( 'NONE',  ( 5.382160898363660628, 0.06372226106434283888, 0.1000000000000000056 ) ) ;
#1507 = ORIENTED_EDGE ( 'NONE', *, *, #5315, .F. ) ;
#1508 = CARTESIAN_POINT ( 'NONE',  ( 5.139695512820511958, -0.9120993589743592311, 0.000000000000000000 ) ) ;
#1509 = VERTEX_POINT ( 'NONE', #2720 ) ;
#1510 = CARTESIAN_POINT ( 'NONE',  ( 5.425437667326391100, -0.5883293469937611597, 0.1000000000000000056 ) ) ;
#1511 = CARTESIAN_POINT ( 'NONE',  ( -5.400000000000002132, -7.249999999999999112, 1.110000000000000098 ) ) ;
#1512 = VECTOR ( 'NONE', #8050, 1000.000000000000000 ) ;
#1513 = AXIS2_PLACEMENT_3D ( 'NONE', #4914, #4033, #5850 ) ;
#1514 = CARTESIAN_POINT ( 'NONE',  ( 0.3199999999999982858, 5.649999999999999467, -2.799999999999999822 ) ) ;
#1515 = CARTESIAN_POINT ( 'NONE',  ( 5.440450607488585000, -0.8078489141292207742, 0.1000000000000000056 ) ) ;
#1516 = EDGE_CURVE ( 'NONE', #7239, #1641, #3388, .T. ) ;
#1517 = CARTESIAN_POINT ( 'NONE',  ( -1.270000000000002016, 5.650000000000000355, 4.400000000000000355 ) ) ;
#1518 = VERTEX_POINT ( 'NONE', #6738 ) ;
#1519 = CARTESIAN_POINT ( 'NONE',  ( -0.3200000000000017830, 0.6499999999999978018, 4.090000000000001634 ) ) ;
#1520 = ORIENTED_EDGE ( 'NONE', *, *, #853, .T. ) ;
#1521 = PRESENTATION_LAYER_ASSIGNMENT (  '', '', ( #3465 ) ) ;
#1522 = PLANE ( 'NONE',  #2466 ) ;
#1523 = LINE ( 'NONE', #423, #4582 ) ;
#1524 = AXIS2_PLACEMENT_3D ( 'NONE', #8522, #6013, #10331 ) ;
#1525 = VECTOR ( 'NONE', #195, 1000.000000000000114 ) ;
#1526 =( LENGTH_UNIT ( ) NAMED_UNIT ( * ) SI_UNIT ( .MILLI., .METRE. ) );
#1527 = VERTEX_POINT ( 'NONE', #4418 ) ;
#1528 = ORIENTED_EDGE ( 'NONE', *, *, #5617, .T. ) ;
#1529 = FILL_AREA_STYLE ('',( #4683 ) ) ;
#1530 = EDGE_CURVE ( 'NONE', #7644, #3773, #6338, .T. ) ;
#1531 = CARTESIAN_POINT ( 'NONE',  ( -5.400000000000002132, -7.049999999999999822, 4.090000000000000746 ) ) ;
#1532 = CARTESIAN_POINT ( 'NONE',  ( 5.394930497235308486, 0.1028392425890337636, 0.000000000000000000 ) ) ;
#1533 = ORIENTED_EDGE ( 'NONE', *, *, #470, .T. ) ;
#1534 = DIRECTION ( 'NONE',  ( -0.000000000000000000, 0.000000000000000000, -1.000000000000000000 ) ) ;
#1535 = ORIENTED_EDGE ( 'NONE', *, *, #8605, .T. ) ;
#1536 = CARTESIAN_POINT ( 'NONE',  ( 5.274951923076922178, 0.1346153846153848310, 0.000000000000000000 ) ) ;
#1537 = CARTESIAN_POINT ( 'NONE',  ( 5.079999999999999183, 0.1858974358974362084, 0.1000000000000000056 ) ) ;
#1538 = AXIS2_PLACEMENT_3D ( 'NONE', #1511, #4992, #10859 ) ;
#1539 = VECTOR ( 'NONE', #3019, 1000.000000000000000 ) ;
#1540 = CARTESIAN_POINT ( 'NONE',  ( -4.760000000000002451, -1.249999999999999778, 0.9099999999999993650 ) ) ;
#1541 = EDGE_CURVE ( 'NONE', #5433, #2296, #10120, .T. ) ;
#1542 =( NAMED_UNIT ( * ) SI_UNIT ( $, .STERADIAN. ) SOLID_ANGLE_UNIT ( ) );
#1543 = CARTESIAN_POINT ( 'NONE',  ( -3.810000000000000941, -1.249999999999999778, 0.6000000000000001998 ) ) ;
#1544 = DIRECTION ( 'NONE',  ( -1.000000000000000000, 0.000000000000000000, 0.000000000000000000 ) ) ;
#1545 = COLOUR_RGB ( '',0.1490196078431372528, 0.1490196078431372528, 0.1490196078431372528 ) ;
#1546 = FACE_OUTER_BOUND ( 'NONE', #4791, .T. ) ;
#1547 = VERTEX_POINT ( 'NONE', #2604 ) ;
#1548 = LINE ( 'NONE', #8369, #6506 ) ;
#1549 = VERTEX_POINT ( 'NONE', #9348 ) ;
#1550 = EDGE_CURVE ( 'NONE', #7485, #10880, #1827, .T. ) ;
#1551 = CARTESIAN_POINT ( 'NONE',  ( 5.075029664549650654, -0.6946980637304638329, -0.000000000000000000 ) ) ;
#1552 = LINE ( 'NONE', #2501, #9433 ) ;
#1553 = PRESENTATION_LAYER_ASSIGNMENT (  '', '', ( #6314 ) ) ;
#1554 = EDGE_CURVE ( 'NONE', #1207, #2754, #7997, .T. ) ;
#1555 = VECTOR ( 'NONE', #10732, 1000.000000000000000 ) ;
#1556 = LINE ( 'NONE', #10028, #5465 ) ;
#1557 = DIRECTION ( 'NONE',  ( 0.6401843996644802637, 0.000000000000000000, -0.7682212795973755171 ) ) ;
#1558 = STYLED_ITEM ( 'NONE', ( #1055 ), #8813 ) ;
#1559 = CARTESIAN_POINT ( 'NONE',  ( 5.079999999999999183, 0.1858974358974362084, 0.000000000000000000 ) ) ;
#1560 = FACE_OUTER_BOUND ( 'NONE', #10897, .T. ) ;
#1561 = CARTESIAN_POINT ( 'NONE',  ( 5.362153186950727068, 0.07758728165916442543, 0.1000000000000000056 ) ) ;
#1562 = EDGE_LOOP ( 'NONE', ( #9941, #7301, #10098, #8852, #3652, #6112 ) ) ;
#1563 = CARTESIAN_POINT ( 'NONE',  ( 5.449230769230768878, -0.7498397435897438124, 0.1000000000000000056 ) ) ;
#1564 = ORIENTED_EDGE ( 'NONE', *, *, #5787, .T. ) ;
#1565 = VECTOR ( 'NONE', #4125, 999.9999999999998863 ) ;
#1566 = CARTESIAN_POINT ( 'NONE',  ( 5.433923644607282277, -0.5968914673027412299, 0.1000000000000000056 ) ) ;
#1567 = FILL_AREA_STYLE_COLOUR ( '', #8910 ) ;
#1568 = VECTOR ( 'NONE', #9707, 1000.000000000000000 ) ;
#1569 = AXIS2_PLACEMENT_3D ( 'NONE', #4790, #3134, #7469 ) ;
#1570 = DIRECTION ( 'NONE',  ( 1.000000000000000000, -0.000000000000000000, -0.000000000000000000 ) ) ;
#1571 = CARTESIAN_POINT ( 'NONE',  ( 5.315897435897435130, -0.2653846153846152189, 0.1000000000000000056 ) ) ;
#1572 = FACE_OUTER_BOUND ( 'NONE', #3048, .T. ) ;
#1573 = VECTOR ( 'NONE', #304, 1000.000000000000000 ) ;
#1574 = VERTEX_POINT ( 'NONE', #3878 ) ;
#1575 = MECHANICAL_DESIGN_GEOMETRIC_PRESENTATION_REPRESENTATION (  '', ( #4048 ), #6336 ) ;
#1576 = AXIS2_PLACEMENT_3D ( 'NONE', #3376, #2537, #6772 ) ;
#1577 = AXIS2_PLACEMENT_3D ( 'NONE', #4131, #6563, #2275 ) ;
#1578 = DIRECTION ( 'NONE',  ( 0.000000000000000000, -1.000000000000000000, 0.000000000000000000 ) ) ;
#1579 = EDGE_LOOP ( 'NONE', ( #6996, #7533, #1801, #3279 ) ) ;
#1580 = FACE_OUTER_BOUND ( 'NONE', #10089, .T. ) ;
#1581 = DIRECTION ( 'NONE',  ( 0.000000000000000000, 0.000000000000000000, -1.000000000000000000 ) ) ;
#1582 = EDGE_CURVE ( 'NONE', #706, #10218, #5360, .T. ) ;
#1583 = COLOUR_RGB ( '',0.1490196078431372528, 0.1490196078431372528, 0.1490196078431372528 ) ;
#1584 =( NAMED_UNIT ( * ) PLANE_ANGLE_UNIT ( ) SI_UNIT ( $, .RADIAN. ) );
#1585 = VERTEX_POINT ( 'NONE', #10461 ) ;
#1586 = ORIENTED_EDGE ( 'NONE', *, *, #10126, .T. ) ;
#1587 = ORIENTED_EDGE ( 'NONE', *, *, #6979, .T. ) ;
#1588 = DIRECTION ( 'NONE',  ( 0.000000000000000000, -1.000000000000000000, 0.000000000000000000 ) ) ;
#1589 = PLANE ( 'NONE',  #2109 ) ;
#1590 = CARTESIAN_POINT ( 'NONE',  ( 5.339703578288901298, 0.1268078582256188802, 0.000000000000000000 ) ) ;
#1591 = ORIENTED_EDGE ( 'NONE', *, *, #5567, .F. ) ;
#1592 = VECTOR ( 'NONE', #2767, 1000.000000000000000 ) ;
#1593 = VERTEX_POINT ( 'NONE', #2171 ) ;
#1594 = LINE ( 'NONE', #1759, #10710 ) ;
#1595 = DIRECTION ( 'NONE',  ( 0.000000000000000000, -0.7071067811865467956, 0.7071067811865483499 ) ) ;
#1596 = LINE ( 'NONE', #9074, #3539 ) ;
#1597 = EDGE_CURVE ( 'NONE', #9555, #1065, #6188, .T. ) ;
#1598 = CARTESIAN_POINT ( 'NONE',  ( 4.759999999999998899, 5.009999999999999787, 3.249999999999999556 ) ) ;
#1599 = LINE ( 'NONE', #9897, #3007 ) ;
#1600 = EDGE_LOOP ( 'NONE', ( #8689, #8138, #9855, #9141 ) ) ;
#1601 = CARTESIAN_POINT ( 'NONE',  ( 5.150376396020813097, -0.5756047956943955990, 0.1000000000000000056 ) ) ;
#1602 = CARTESIAN_POINT ( 'NONE',  ( 5.398771370510144330, -0.9285166973698038007, 0.000000000000000000 ) ) ;
#1603 = ORIENTED_EDGE ( 'NONE', *, *, #8800, .F. ) ;
#1604 = LINE ( 'NONE', #531, #7921 ) ;
#1605 = EDGE_LOOP ( 'NONE', ( #4743, #7209, #8104, #1316 ) ) ;
#1606 = CARTESIAN_POINT ( 'NONE',  ( 5.205466186039171106, 0.1249444104701774444, 0.1000000000000000056 ) ) ;
#1607 = EDGE_CURVE ( 'NONE', #6973, #1976, #6292, .T. ) ;
#1608 = DIRECTION ( 'NONE',  ( 0.000000000000000000, -1.296504840042457116E-16, -1.000000000000000000 ) ) ;
#1609 = FACE_OUTER_BOUND ( 'NONE', #7939, .T. ) ;
#1610 = ADVANCED_FACE ( 'NONE', ( #3660 ), #7236, .F. ) ;
#1611 = CARTESIAN_POINT ( 'NONE',  ( 5.291864788495479921, 0.1343735037258181331, 0.000000000000000000 ) ) ;
#1612 = CARTESIAN_POINT ( 'NONE',  ( -0.3200000000000017830, 5.209999999999999076, -3.000000000000000000 ) ) ;
#1613 = EDGE_CURVE ( 'NONE', #1712, #4777, #8097, .T. ) ;
#1614 = LINE ( 'NONE', #4983, #1373 ) ;
#1615 = DIRECTION ( 'NONE',  ( -0.9035018415143106774, -0.4285842068721729681, 0.000000000000000000 ) ) ;
#1616 = CARTESIAN_POINT ( 'NONE',  ( 5.449184602086920570, -0.7538492635145384035, 0.000000000000000000 ) ) ;
#1617 = VERTEX_POINT ( 'NONE', #6357 ) ;
#1618 = CARTESIAN_POINT ( 'NONE',  ( -1.436666666666667647, 1.250000000000000444, 0.4000000000000001887 ) ) ;
#1619 = ORIENTED_EDGE ( 'NONE', *, *, #1922, .T. ) ;
#1620 = EDGE_CURVE ( 'NONE', #6953, #8087, #1995, .T. ) ;
#1621 = CARTESIAN_POINT ( 'NONE',  ( 5.479999999999999538, -0.1128205128205126417, 0.1000000000000000056 ) ) ;
#1622 = B_SPLINE_SURFACE_WITH_KNOTS ( 'NONE', 3, 1, ( 
 ( #3089, #3967 ),
 ( #7436, #3256 ),
 ( #7380, #7321 ),
 ( #6602, #557 ),
 ( #9940, #9842 ),
 ( #9066, #10729 ),
 ( #9778, #8969 ),
 ( #2423, #5789 ),
 ( #2207, #9723 ),
 ( #7272, #1532 ),
 ( #3207, #6553 ),
 ( #8106, #9890 ),
 ( #9123, #4905 ),
 ( #2322, #1590 ),
 ( #5576, #2371 ),
 ( #4802, #4962 ),
 ( #1434, #5634 ),
 ( #8903, #8150 ),
 ( #1379, #715 ) ),
 .UNSPECIFIED., .F., .F., .F.,
 ( 4, 1, 1, 1, 1, 1, 1, 1, 1, 1, 1, 1, 1, 1, 1, 1, 4 ),
 ( 2, 2 ),
 ( 0.000000000000000000, 0.06154637403761333697, 0.1216970805153603091, 0.1811589999003394291, 0.2400768215924440618, 0.2986858982040895838, 0.3576327280133253517, 0.4175915188549984003, 0.4784821097525988054, 0.5403965361028094661, 0.6023358963502745134, 0.6649966639164274218, 0.7285530988228361426, 0.7936458211788784967, 0.8605310769033081009, 0.9292343416273755041, 1.000000000000000000 ),
 ( 0.000000000000000000, 1.000000000000000000 ),
 .UNSPECIFIED. ) ;
#1623 = DIRECTION ( 'NONE',  ( 0.000000000000000000, 1.000000000000000000, -0.000000000000000000 ) ) ;
#1624 = FACE_OUTER_BOUND ( 'NONE', #1773, .T. ) ;
#1625 = VERTEX_POINT ( 'NONE', #9687 ) ;
#1626 = DIRECTION ( 'NONE',  ( 0.000000000000000000, 0.000000000000000000, 1.000000000000000000 ) ) ;
#1627 = EDGE_LOOP ( 'NONE', ( #7941, #5732, #9051, #4839 ) ) ;
#1628 = DIRECTION ( 'NONE',  ( 0.000000000000000000, 0.7071067811865483499, -0.7071067811865467956 ) ) ;
#1629 = EDGE_CURVE ( 'NONE', #9577, #6082, #4527, .T. ) ;
#1630 = CARTESIAN_POINT ( 'NONE',  ( -6.350000000000002309, -1.249999999999999778, 5.000000000000000000 ) ) ;
#1631 = DIRECTION ( 'NONE',  ( 1.000000000000000000, -0.000000000000000000, -0.000000000000000000 ) ) ;
#1632 = SURFACE_STYLE_USAGE ( .BOTH. , #2524 ) ;
#1633 = ORIENTED_EDGE ( 'NONE', *, *, #8444, .F. ) ;
#1634 = ORIENTED_EDGE ( 'NONE', *, *, #53, .F. ) ;
#1635 = EDGE_LOOP ( 'NONE', ( #8165, #8949, #711, #10113, #10202, #237, #9070 ) ) ;
#1636 = CARTESIAN_POINT ( 'NONE',  ( -5.400000000000002132, -7.249999999999999112, 1.349999999999999867 ) ) ;
#1637 = EDGE_CURVE ( 'NONE', #4407, #1395, #8814, .T. ) ;
#1638 = EDGE_CURVE ( 'NONE', #2259, #2725, #1326, .T. ) ;
#1639 = PLANE ( 'NONE',  #3337 ) ;
#1640 = DIRECTION ( 'NONE',  ( 0.000000000000000000, 0.000000000000000000, -1.000000000000000000 ) ) ;
#1641 = VERTEX_POINT ( 'NONE', #4693 ) ;
#1642 = DIRECTION ( 'NONE',  ( 0.000000000000000000, -1.000000000000000000, 0.000000000000000000 ) ) ;
#1643 = VERTEX_POINT ( 'NONE', #8054 ) ;
#1644 = LINE ( 'NONE', #5128, #1032 ) ;
#1645 = LINE ( 'NONE', #9946, #6808 ) ;
#1646 = LINE ( 'NONE', #2433, #974 ) ;
#1647 =( NAMED_UNIT ( * ) PLANE_ANGLE_UNIT ( ) SI_UNIT ( $, .RADIAN. ) );
#1648 = ORIENTED_EDGE ( 'NONE', *, *, #186, .F. ) ;
#1649 = FACE_OUTER_BOUND ( 'NONE', #5855, .T. ) ;
#1650 = CARTESIAN_POINT ( 'NONE',  ( 5.110769230769230731, -0.7473557692307695177, 0.1000000000000000056 ) ) ;
#1651 = ORIENTED_EDGE ( 'NONE', *, *, #3228, .F. ) ;
#1652 = DIRECTION ( 'NONE',  ( 1.000000000000000000, -0.000000000000000000, -0.000000000000000000 ) ) ;
#1653 = ORIENTED_EDGE ( 'NONE', *, *, #9386, .F. ) ;
#1654 = CARTESIAN_POINT ( 'NONE',  ( 5.218532237000528262, 0.1284190217697206426, 0.1000000000000000056 ) ) ;
#1655 = CARTESIAN_POINT ( 'NONE',  ( 5.121025641025640063, -1.008974358974358720, -0.000000000000000000 ) ) ;
#1656 = CARTESIAN_POINT ( 'NONE',  ( 5.324366852629228930, 0.1303560275252333145, 0.000000000000000000 ) ) ;
#1657 = DIRECTION ( 'NONE',  ( 1.000000000000000000, -0.000000000000000000, -0.000000000000000000 ) ) ;
#1658 = B_SPLINE_CURVE_WITH_KNOTS ( 'NONE', 3,
 ( #7886, #3490, #6781, #10182, #1873, #6025, #9396, #6945, #216, #1824, #983 ),
 .UNSPECIFIED., .F., .F.,
 ( 4, 1, 1, 1, 1, 1, 1, 1, 4 ),
 ( 0.000000000000000000, 0.1285151895116614096, 0.2529486363526578518, 0.3747547340060050636, 0.4959397538670507477, 0.6171806414298931509, 0.7409094692781396096, 0.8678111481862027521, 1.000000000000000000 ),
 .UNSPECIFIED. ) ;
#1659 = DIRECTION ( 'NONE',  ( 1.000000000000000000, 0.000000000000000000, 0.000000000000000000 ) ) ;
#1660 = CARTESIAN_POINT ( 'NONE',  ( -3.976666666666667460, 1.250000000000000222, 0.4000000000000001332 ) ) ;
#1661 = CARTESIAN_POINT ( 'NONE',  ( 5.123463297597678157, -0.04247369503317401096, -0.000000000000000000 ) ) ;
#1662 = EDGE_CURVE ( 'NONE', #2259, #7043, #2048, .T. ) ;
#1663 = ORIENTED_EDGE ( 'NONE', *, *, #10852, .T. ) ;
#1664 = CARTESIAN_POINT ( 'NONE',  ( 5.079999999999999183, -0.2653846153846152189, -0.000000000000000000 ) ) ;
#1665 = ORIENTED_EDGE ( 'NONE', *, *, #9473, .T. ) ;
#1666 = UNCERTAINTY_MEASURE_WITH_UNIT (LENGTH_MEASURE( 1.000000000000000082E-05 ), #5074, 'distance_accuracy_value', 'NONE');
#1667 = LINE ( 'NONE', #5153, #2485 ) ;
#1668 = LINE ( 'NONE', #3189, #5418 ) ;
#1669 = EDGE_CURVE ( 'NONE', #10097, #5292, #1389, .T. ) ;
#1670 = EDGE_CURVE ( 'NONE', #3902, #7477, #1220, .T. ) ;
#1671 = CARTESIAN_POINT ( 'NONE',  ( 4.759999999999998899, -7.249999999999999112, 1.110000000000000098 ) ) ;
#1672 = ADVANCED_FACE ( 'NONE', ( #8265 ), #5851, .F. ) ;
#1673 =( NAMED_UNIT ( * ) PLANE_ANGLE_UNIT ( ) SI_UNIT ( $, .RADIAN. ) );
#1674 = ORIENTED_EDGE ( 'NONE', *, *, #2180, .F. ) ;
#1675 = CARTESIAN_POINT ( 'NONE',  ( 5.087107228120339109, -0.8406413761613045210, 0.1000000000000000056 ) ) ;
#1676 = EDGE_LOOP ( 'NONE', ( #4270, #8503, #5354, #8927 ) ) ;
#1677 = LINE ( 'NONE', #5880, #4389 ) ;
#1678 = VECTOR ( 'NONE', #8440, 1000.000000000000000 ) ;
#1679 = FACE_OUTER_BOUND ( 'NONE', #6959, .T. ) ;
#1680 = DIRECTION ( 'NONE',  ( -1.000000000000000000, -0.000000000000000000, -0.000000000000000000 ) ) ;
#1681 = EDGE_CURVE ( 'NONE', #6982, #6036, #1599, .T. ) ;
#1682 = EDGE_CURVE ( 'NONE', #6283, #393, #5742, .T. ) ;
#1683 = DIRECTION ( 'NONE',  ( 1.000000000000000000, 0.000000000000000000, 0.000000000000000000 ) ) ;
#1684 = COLOUR_RGB ( '',0.1490196078431372528, 0.1490196078431372528, 0.1490196078431372528 ) ;
#1685 = EDGE_CURVE ( 'NONE', #6150, #10493, #724, .T. ) ;
#1686 = DIRECTION ( 'NONE',  ( 1.000000000000000000, 0.000000000000000000, 0.000000000000000000 ) ) ;
#1687 = ORIENTED_EDGE ( 'NONE', *, *, #10423, .T. ) ;
#1688 = ORIENTED_EDGE ( 'NONE', *, *, #9515, .F. ) ;
#1689 = AXIS2_PLACEMENT_3D ( 'NONE', #8068, #10476, #2183 ) ;
#1690 = VERTEX_POINT ( 'NONE', #8210 ) ;
#1691 = CARTESIAN_POINT ( 'NONE',  ( 6.349999999999999645, -1.249999999999999778, 4.400000000000000355 ) ) ;
#1692 = ADVANCED_FACE ( 'NONE', ( #2381 ), #7393, .F. ) ;
#1693 = CARTESIAN_POINT ( 'NONE',  ( 4.759999999999998899, -1.250000000000000222, 1.550000000000000488 ) ) ;
#1694 = CARTESIAN_POINT ( 'NONE',  ( -2.860000000000001652, -7.249999999999999112, 1.110000000000000098 ) ) ;
#1695 = ORIENTED_EDGE ( 'NONE', *, *, #9865, .F. ) ;
#1696 = DIRECTION ( 'NONE',  ( 1.000000000000000000, 0.000000000000000000, -0.000000000000000000 ) ) ;
#1697 = VERTEX_POINT ( 'NONE', #1543 ) ;
#1698 = CARTESIAN_POINT ( 'NONE',  ( 0.000000000000000000, 0.000000000000000000, 5.000000000000000000 ) ) ;
#1699 = LINE ( 'NONE', #6558, #820 ) ;
#1700 = FILL_AREA_STYLE ('',( #9223 ) ) ;
#1701 = AXIS2_PLACEMENT_3D ( 'NONE', #4793, #8036, #10561 ) ;
#1702 = STYLED_ITEM ( 'NONE', ( #434 ), #5096 ) ;
#1703 = CARTESIAN_POINT ( 'NONE',  ( 2.859999999999998099, 2.269999999999997797, 0.9099999999999984768 ) ) ;
#1704 = ORIENTED_EDGE ( 'NONE', *, *, #3294, .F. ) ;
#1705 = SURFACE_SIDE_STYLE ('',( #9852 ) ) ;
#1706 = CARTESIAN_POINT ( 'NONE',  ( 2.219999999999997975, 5.649999999999999467, -2.799999999999999822 ) ) ;
#1707 = AXIS2_PLACEMENT_3D ( 'NONE', #9832, #1261, #8957 ) ;
#1708 = CARTESIAN_POINT ( 'NONE',  ( 5.129432967687222344, -0.8340662866707581058, 0.1000000000000000056 ) ) ;
#1709 = ORIENTED_EDGE ( 'NONE', *, *, #5567, .T. ) ;
#1710 = VECTOR ( 'NONE', #9478, 1000.000000000000000 ) ;
#1711 = CARTESIAN_POINT ( 'NONE',  ( 5.382564102564102448, -0.6044871794871796711, 0.000000000000000000 ) ) ;
#1712 = VERTEX_POINT ( 'NONE', #10738 ) ;
#1713 = DIRECTION ( 'NONE',  ( 0.000000000000000000, 1.000000000000000000, -0.000000000000000000 ) ) ;
#1714 = MECHANICAL_DESIGN_GEOMETRIC_PRESENTATION_REPRESENTATION (  '', ( #6118 ), #5237 ) ;
#1715 = DIRECTION ( 'NONE',  ( -1.000000000000000000, 0.000000000000000000, 0.000000000000000000 ) ) ;
#1716 =( NAMED_UNIT ( * ) PLANE_ANGLE_UNIT ( ) SI_UNIT ( $, .RADIAN. ) );
#1717 = ADVANCED_FACE ( 'NONE', ( #10624 ), #567, .F. ) ;
#1718 = MECHANICAL_DESIGN_GEOMETRIC_PRESENTATION_REPRESENTATION (  '', ( #4720 ), #2602 ) ;
#1719 = VECTOR ( 'NONE', #2066, 1000.000000000000000 ) ;
#1720 = FACE_OUTER_BOUND ( 'NONE', #4289, .T. ) ;
#1721 = CARTESIAN_POINT ( 'NONE',  ( 5.291864788495479921, 0.1343735037258181331, 0.1000000000000000056 ) ) ;
#1722 = CARTESIAN_POINT ( 'NONE',  ( -6.350000000000002309, -1.249999999999999778, 0.9099999999999993650 ) ) ;
#1723 = PRESENTATION_STYLE_ASSIGNMENT (( #6845 ) ) ;
#1724 = CARTESIAN_POINT ( 'NONE',  ( 5.414344345966028094, -0.8594780404406184848, 0.000000000000000000 ) ) ;
#1725 = EDGE_LOOP ( 'NONE', ( #4078, #10884, #713, #1800 ) ) ;
#1726 = LINE ( 'NONE', #5149, #9479 ) ;
#1727 = ORIENTED_EDGE ( 'NONE', *, *, #6650, .T. ) ;
#1728 = CARTESIAN_POINT ( 'NONE',  ( 5.208205128205127821, 0.4672275641025644410, 0.1000000000000000056 ) ) ;
#1729 = VECTOR ( 'NONE', #7879, 1000.000000000000000 ) ;
#1730 = CARTESIAN_POINT ( 'NONE',  ( 5.069906116392097317, -0.7336090960912162728, 0.1000000000000000056 ) ) ;
#1731 = VECTOR ( 'NONE', #10482, 1000.000000000000114 ) ;
#1732 = EDGE_CURVE ( 'NONE', #10776, #8085, #10680, .T. ) ;
#1733 = PLANE ( 'NONE',  #4182 ) ;
#1734 = ORIENTED_EDGE ( 'NONE', *, *, #10761, .T. ) ;
#1735 = VECTOR ( 'NONE', #6765, 1000.000000000000000 ) ;
#1736 = SURFACE_STYLE_USAGE ( .BOTH. , #6866 ) ;
#1737 = VERTEX_POINT ( 'NONE', #7492 ) ;
#1738 = DIRECTION ( 'NONE',  ( -0.000000000000000000, 0.000000000000000000, -1.000000000000000000 ) ) ;
#1739 = VECTOR ( 'NONE', #2961, 1000.000000000000114 ) ;
#1740 =( LENGTH_UNIT ( ) NAMED_UNIT ( * ) SI_UNIT ( .MILLI., .METRE. ) );
#1741 =( LENGTH_UNIT ( ) NAMED_UNIT ( * ) SI_UNIT ( .MILLI., .METRE. ) );
#1742 = EDGE_CURVE ( 'NONE', #393, #6973, #5693, .T. ) ;
#1743 = DIRECTION ( 'NONE',  ( -0.000000000000000000, -1.000000000000000000, -0.000000000000000000 ) ) ;
#1744 = CIRCLE ( 'NONE', #527, 0.2000000000000000944 ) ;
#1745 = VECTOR ( 'NONE', #1889, 1000.000000000000114 ) ;
#1746 = LINE ( 'NONE', #5167, #9930 ) ;
#1747 =( GEOMETRIC_REPRESENTATION_CONTEXT ( 3 ) GLOBAL_UNCERTAINTY_ASSIGNED_CONTEXT ( ( #7828 ) ) GLOBAL_UNIT_ASSIGNED_CONTEXT ( ( #9216, #7596, #3413 ) ) REPRESENTATION_CONTEXT ( 'NONE', 'WORKASPACE' ) );
#1748 = ORIENTED_EDGE ( 'NONE', *, *, #9873, .T. ) ;
#1749 = ORIENTED_EDGE ( 'NONE', *, *, #10749, .T. ) ;
#1750 = MECHANICAL_DESIGN_GEOMETRIC_PRESENTATION_REPRESENTATION (  '', ( #5102 ), #8608 ) ;
#1751 = ORIENTED_EDGE ( 'NONE', *, *, #2410, .F. ) ;
#1752 = ADVANCED_FACE ( 'NONE', ( #10832 ), #7444, .F. ) ;
#1753 = DIRECTION ( 'NONE',  ( 0.000000000000000000, -0.7071067811865467956, -0.7071067811865483499 ) ) ;
#1754 = DIRECTION ( 'NONE',  ( -0.000000000000000000, -1.000000000000000000, -0.000000000000000000 ) ) ;
#1755 = ORIENTED_EDGE ( 'NONE', *, *, #2369, .F. ) ;
#1756 = VECTOR ( 'NONE', #10839, 1000.000000000000000 ) ;
#1757 = CARTESIAN_POINT ( 'NONE',  ( 4.759999999999998899, -7.049999999999999822, 0.9100000000000000311 ) ) ;
#1758 = VERTEX_POINT ( 'NONE', #8980 ) ;
#1759 = CARTESIAN_POINT ( 'NONE',  ( -5.400000000000002132, -7.249999999999999112, 3.650000000000000799 ) ) ;
#1760 = DIRECTION ( 'NONE',  ( 0.000000000000000000, 0.000000000000000000, -1.000000000000000000 ) ) ;
#1761 = VECTOR ( 'NONE', #888, 1000.000000000000000 ) ;
#1762 = ADVANCED_FACE ( 'NONE', ( #7283 ), #6507, .F. ) ;
#1763 =( GEOMETRIC_REPRESENTATION_CONTEXT ( 3 ) GLOBAL_UNCERTAINTY_ASSIGNED_CONTEXT ( ( #2212 ) ) GLOBAL_UNIT_ASSIGNED_CONTEXT ( ( #7120, #1058, #8653 ) ) REPRESENTATION_CONTEXT ( 'NONE', 'WORKASPACE' ) );
#1764 = VECTOR ( 'NONE', #3975, 1000.000000000000000 ) ;
#1765 = VECTOR ( 'NONE', #10240, 1000.000000000000114 ) ;
#1766 = LINE ( 'NONE', #7770, #1202 ) ;
#1767 = ORIENTED_EDGE ( 'NONE', *, *, #8174, .T. ) ;
#1768 = COLOUR_RGB ( '',0.1490196078431372528, 0.1490196078431372528, 0.1490196078431372528 ) ;
#1769 = DIRECTION ( 'NONE',  ( 0.000000000000000000, 0.000000000000000000, 1.000000000000000000 ) ) ;
#1770 = CARTESIAN_POINT ( 'NONE',  ( 5.117269231314977240, -0.8017916920823935367, 0.000000000000000000 ) ) ;
#1771 = EDGE_LOOP ( 'NONE', ( #2878, #4329, #8305, #2236 ) ) ;
#1772 = CARTESIAN_POINT ( 'NONE',  ( 5.417372897826319367, -0.6417918459052548430, 0.1000000000000000056 ) ) ;
#1773 = EDGE_LOOP ( 'NONE', ( #1820, #7337, #2856, #6322, #203, #4480 ) ) ;
#1774 = CARTESIAN_POINT ( 'NONE',  ( 5.270007781580718920, 0.1345435025621070924, -1.355252715606880543E-17 ) ) ;
#1775 = DIRECTION ( 'NONE',  ( 1.000000000000000000, 0.000000000000000000, 0.000000000000000000 ) ) ;
#1776 = SURFACE_STYLE_FILL_AREA ( #168 ) ;
#1777 = PLANE ( 'NONE',  #1225 ) ;
#1778 = CARTESIAN_POINT ( 'NONE',  ( 5.208205128205127821, 0.4672275641025644410, 0.000000000000000000 ) ) ;
#1779 = CARTESIAN_POINT ( 'NONE',  ( 5.079999999999999183, -0.2653846153846152189, 0.1000000000000000056 ) ) ;
#1780 = CARTESIAN_POINT ( 'NONE',  ( 5.434705444767771176, -0.04187513818084262485, 0.000000000000000000 ) ) ;
#1781 = CARTESIAN_POINT ( 'NONE',  ( 5.420780227272080865, -0.8499861287889729500, 0.000000000000000000 ) ) ;
#1782 = EDGE_CURVE ( 'NONE', #1207, #7245, #9210, .T. ) ;
#1783 = VERTEX_POINT ( 'NONE', #2523 ) ;
#1784 = DIRECTION ( 'NONE',  ( -0.6401843996644795975, 0.000000000000000000, 0.7682212795973760722 ) ) ;
#1785 = ORIENTED_EDGE ( 'NONE', *, *, #612, .T. ) ;
#1786 = UNCERTAINTY_MEASURE_WITH_UNIT (LENGTH_MEASURE( 1.000000000000000082E-05 ), #1741, 'distance_accuracy_value', 'NONE');
#1787 = CARTESIAN_POINT ( 'NONE',  ( 5.072100384567888476, -0.7847116919946096614, 0.1000000000000000056 ) ) ;
#1788 = DIRECTION ( 'NONE',  ( 0.9079593845004516606, -0.4190581774617468391, 0.000000000000000000 ) ) ;
#1789 = FACE_OUTER_BOUND ( 'NONE', #5727, .T. ) ;
#1790 = ORIENTED_EDGE ( 'NONE', *, *, #6829, .F. ) ;
#1791 = PRESENTATION_STYLE_ASSIGNMENT (( #7020 ) ) ;
#1792 = PLANE ( 'NONE',  #2603 ) ;
#1793 = ORIENTED_EDGE ( 'NONE', *, *, #7659, .T. ) ;
#1794 = SURFACE_STYLE_FILL_AREA ( #5043 ) ;
#1795 = EDGE_LOOP ( 'NONE', ( #1648, #8431, #8694, #9944 ) ) ;
#1796 = CARTESIAN_POINT ( 'NONE',  ( -0.3200000000000017830, 3.109999999999999876, 1.349999999999999645 ) ) ;
#1797 = DIRECTION ( 'NONE',  ( 1.000000000000000000, 0.000000000000000000, -0.000000000000000000 ) ) ;
#1798 = CARTESIAN_POINT ( 'NONE',  ( -2.860000000000001652, 2.469999999999999307, -2.799999999999999822 ) ) ;
#1799 = LINE ( 'NONE', #243, #7509 ) ;
#1800 = ORIENTED_EDGE ( 'NONE', *, *, #1284, .T. ) ;
#1801 = ORIENTED_EDGE ( 'NONE', *, *, #1629, .F. ) ;
#1802 = EDGE_CURVE ( 'NONE', #6306, #1697, #4163, .T. ) ;
#1803 = VERTEX_POINT ( 'NONE', #5051 ) ;
#1804 = CARTESIAN_POINT ( 'NONE',  ( 2.859999999999997211, -1.249999999999999778, 0.9099999999999993650 ) ) ;
#1805 = ORIENTED_EDGE ( 'NONE', *, *, #915, .F. ) ;
#1806 = DIRECTION ( 'NONE',  ( -0.000000000000000000, -0.000000000000000000, -1.000000000000000000 ) ) ;
#1807 = VERTEX_POINT ( 'NONE', #4275 ) ;
#1808 = EDGE_CURVE ( 'NONE', #10664, #5403, #7589, .T. ) ;
#1809 = DIRECTION ( 'NONE',  ( 0.9036123719369734131, 0.4283511191562789922, 0.000000000000000000 ) ) ;
#1810 = ORIENTED_EDGE ( 'NONE', *, *, #10581, .T. ) ;
#1811 = FACE_OUTER_BOUND ( 'NONE', #1771, .T. ) ;
#1812 = DIRECTION ( 'NONE',  ( 0.000000000000000000, -1.000000000000000000, 1.628629872832303193E-16 ) ) ;
#1813 = CARTESIAN_POINT ( 'NONE',  ( 5.121108529775366236, -0.09249185539352147711, 0.000000000000000000 ) ) ;
#1814 = EDGE_CURVE ( 'NONE', #4435, #8445, #3458, .T. ) ;
#1815 = FACE_OUTER_BOUND ( 'NONE', #3032, .T. ) ;
#1816 = ORIENTED_EDGE ( 'NONE', *, *, #2508, .F. ) ;
#1817 = ADVANCED_FACE ( 'NONE', ( #6592 ), #7473, .F. ) ;
#1818 = CARTESIAN_POINT ( 'NONE',  ( 4.759999999999998899, 3.109999999999999876, 1.349999999999999645 ) ) ;
#1819 = DIRECTION ( 'NONE',  ( 0.000000000000000000, 0.000000000000000000, 1.000000000000000000 ) ) ;
#1820 = ORIENTED_EDGE ( 'NONE', *, *, #5872, .F. ) ;
#1821 = DIRECTION ( 'NONE',  ( -0.6401843996644789314, 0.000000000000000000, -0.7682212795973766273 ) ) ;
#1822 = ORIENTED_EDGE ( 'NONE', *, *, #9758, .T. ) ;
#1823 = DIRECTION ( 'NONE',  ( 0.000000000000000000, 1.000000000000000000, 0.000000000000000000 ) ) ;
#1824 = CARTESIAN_POINT ( 'NONE',  ( 5.172124935671568835, -0.6093251480102895856, 0.1000000000000000056 ) ) ;
#1825 = DIRECTION ( 'NONE',  ( 0.000000000000000000, -1.296504840042457116E-16, -1.000000000000000000 ) ) ;
#1826 = CARTESIAN_POINT ( 'NONE',  ( -5.400000000000003020, 0.6499999999999999112, 0.4000000000000001332 ) ) ;
#1827 = LINE ( 'NONE', #5196, #9302 ) ;
#1828 = CARTESIAN_POINT ( 'NONE',  ( 4.759999999999998899, 2.269999999999999130, 0.7099999999999985212 ) ) ;
#1829 = EDGE_CURVE ( 'NONE', #7268, #8192, #20, .T. ) ;
#1830 = LINE ( 'NONE', #6787, #5442 ) ;
#1831 = CARTESIAN_POINT ( 'NONE',  ( 5.438330207658811588, -0.09024357797453159968, 0.1000000000000000056 ) ) ;
#1832 = CARTESIAN_POINT ( 'NONE',  ( 5.400055644196157800, -0.8767446215024045086, 0.000000000000000000 ) ) ;
#1833 = ORIENTED_EDGE ( 'NONE', *, *, #2510, .T. ) ;
#1834 = DIRECTION ( 'NONE',  ( 0.000000000000000000, -0.7071067811865474617, 0.7071067811865474617 ) ) ;
#1835 = ORIENTED_EDGE ( 'NONE', *, *, #5836, .T. ) ;
#1836 = CARTESIAN_POINT ( 'NONE',  ( 5.079512467738528159, -0.8192786846122088740, 0.000000000000000000 ) ) ;
#1837 = DIRECTION ( 'NONE',  ( 0.000000000000000000, -0.7071067811865467956, 0.7071067811865483499 ) ) ;
#1838 = LINE ( 'NONE', #5098, #7556 ) ;
#1839 = PLANE ( 'NONE',  #7693 ) ;
#1840 = EDGE_CURVE ( 'NONE', #8353, #786, #9114, .T. ) ;
#1841 = ORIENTED_EDGE ( 'NONE', *, *, #708, .F. ) ;
#1842 = CARTESIAN_POINT ( 'NONE',  ( 5.409834673055296861, -0.5755265895929354558, -0.000000000000000000 ) ) ;
#1843 = DIRECTION ( 'NONE',  ( 0.000000000000000000, 9.035018104045870694E-17, -1.000000000000000000 ) ) ;
#1844 = ORIENTED_EDGE ( 'NONE', *, *, #556, .T. ) ;
#1845 = ORIENTED_EDGE ( 'NONE', *, *, #8588, .F. ) ;
#1846 = CARTESIAN_POINT ( 'NONE',  ( -0.3200000000000017830, -7.049999999999999822, 0.9100000000000000311 ) ) ;
#1847 = LINE ( 'NONE', #6049, #4529 ) ;
#1848 = CARTESIAN_POINT ( 'NONE',  ( 5.479949420571889718, -0.1057954855969310132, 0.000000000000000000 ) ) ;
#1849 = LINE ( 'NONE', #6051, #6289 ) ;
#1850 = ADVANCED_FACE ( 'NONE', ( #5883 ), #2570, .T. ) ;
#1851 = CARTESIAN_POINT ( 'NONE',  ( -6.350000000000002309, -1.249999999999999778, 3.450000000000000622 ) ) ;
#1852 = VERTEX_POINT ( 'NONE', #800 ) ;
#1853 = ORIENTED_EDGE ( 'NONE', *, *, #504, .F. ) ;
#1854 = ORIENTED_EDGE ( 'NONE', *, *, #504, .T. ) ;
#1855 = PRESENTATION_STYLE_ASSIGNMENT (( #8568 ) ) ;
#1856 = ORIENTED_EDGE ( 'NONE', *, *, #10092, .T. ) ;
#1857 = CARTESIAN_POINT ( 'NONE',  ( 5.479999999999999538, 0.3756410256410259718, 0.1000000000000000056 ) ) ;
#1858 = VERTEX_POINT ( 'NONE', #5995 ) ;
#1859 = ORIENTED_EDGE ( 'NONE', *, *, #9205, .F. ) ;
#1860 = SURFACE_STYLE_FILL_AREA ( #87 ) ;
#1861 = CARTESIAN_POINT ( 'NONE',  ( -5.400000000000002132, -7.049999999999999822, 0.9100000000000000311 ) ) ;
#1862 = CIRCLE ( 'NONE', #267, 0.2000000000000000944 ) ;
#1863 = DIRECTION ( 'NONE',  ( 0.000000000000000000, -1.000000000000000000, 1.628629872832303193E-16 ) ) ;
#1864 = ORIENTED_EDGE ( 'NONE', *, *, #5487, .T. ) ;
#1865 = EDGE_CURVE ( 'NONE', #688, #6230, #10872, .T. ) ;
#1866 = CARTESIAN_POINT ( 'NONE',  ( 5.339773257914258942, 0.08801714006195740514, 0.000000000000000000 ) ) ;
#1867 = CARTESIAN_POINT ( 'NONE',  ( 5.122555713652911180, -0.8183661068887243539, 0.000000000000000000 ) ) ;
#1868 = ORIENTED_EDGE ( 'NONE', *, *, #3237, .F. ) ;
#1869 = DIRECTION ( 'NONE',  ( -0.000000000000000000, -0.000000000000000000, -1.000000000000000000 ) ) ;
#1870 = ORIENTED_EDGE ( 'NONE', *, *, #9226, .T. ) ;
#1871 = FACE_OUTER_BOUND ( 'NONE', #4132, .T. ) ;
#1872 = AXIS2_PLACEMENT_3D ( 'NONE', #10263, #2633, #8509 ) ;
#1873 = CARTESIAN_POINT ( 'NONE',  ( 5.119778358683324981, -0.6871762046726451745, 0.1000000000000000056 ) ) ;
#1874 =( NAMED_UNIT ( * ) SI_UNIT ( $, .STERADIAN. ) SOLID_ANGLE_UNIT ( ) );
#1875 = ADVANCED_FACE ( 'NONE', ( #9321 ), #6712, .T. ) ;
#1876 = VECTOR ( 'NONE', #474, 1000.000000000000000 ) ;
#1877 = CARTESIAN_POINT ( 'NONE',  ( 2.219999999999997975, 4.809999999999998721, 3.450000000000000622 ) ) ;
#1878 = FACE_OUTER_BOUND ( 'NONE', #6729, .T. ) ;
#1879 = AXIS2_PLACEMENT_3D ( 'NONE', #8499, #5371, #4655 ) ;
#1880 = DIRECTION ( 'NONE',  ( 1.000000000000000000, -0.000000000000000000, -0.000000000000000000 ) ) ;
#1881 = VECTOR ( 'NONE', #3607, 1000.000000000000000 ) ;
#1882 = FILL_AREA_STYLE ('',( #3666 ) ) ;
#1883 = ADVANCED_FACE ( 'NONE', ( #10767 ), #4955, .F. ) ;
#1884 = ORIENTED_EDGE ( 'NONE', *, *, #7920, .T. ) ;
#1885 = EDGE_LOOP ( 'NONE', ( #10700, #9751, #7701, #1315 ) ) ;
#1886 = UNCERTAINTY_MEASURE_WITH_UNIT (LENGTH_MEASURE( 1.000000000000000082E-05 ), #2067, 'distance_accuracy_value', 'NONE');
#1887 = CARTESIAN_POINT ( 'NONE',  ( 5.069743589743589851, -0.7471153846153849587, 0.000000000000000000 ) ) ;
#1888 = DIRECTION ( 'NONE',  ( 0.000000000000000000, -1.000000000000000000, 0.000000000000000000 ) ) ;
#1889 = DIRECTION ( 'NONE',  ( 0.6401843996644795975, 0.000000000000000000, 0.7682212795973760722 ) ) ;
#1890 = CARTESIAN_POINT ( 'NONE',  ( -0.3200000000000017830, -7.049999999999999822, 1.550000000000000044 ) ) ;
#1891 = VECTOR ( 'NONE', #7078, 1000.000000000000000 ) ;
#1892 = ADVANCED_FACE ( 'NONE', ( #7754 ), #10435, .F. ) ;
#1893 = PRESENTATION_LAYER_ASSIGNMENT (  '', '', ( #9436 ) ) ;
#1894 = ORIENTED_EDGE ( 'NONE', *, *, #8018, .T. ) ;
#1895 =( NAMED_UNIT ( * ) PLANE_ANGLE_UNIT ( ) SI_UNIT ( $, .RADIAN. ) );
#1896 = LINE ( 'NONE', #8502, #9772 ) ;
#1897 = PLANE ( 'NONE',  #10436 ) ;
#1898 = VECTOR ( 'NONE', #3765, 1000.000000000000000 ) ;
#1899 = LINE ( 'NONE', #7536, #10317 ) ;
#1900 = SURFACE_STYLE_FILL_AREA ( #9539 ) ;
#1901 = CARTESIAN_POINT ( 'NONE',  ( -2.220000000000001972, 5.650000000000000355, 3.890000000000000124 ) ) ;
#1902 = ORIENTED_EDGE ( 'NONE', *, *, #2656, .F. ) ;
#1903 = STYLED_ITEM ( 'NONE', ( #3606 ), #5849 ) ;
#1904 = DIRECTION ( 'NONE',  ( 0.000000000000000000, -1.000000000000000000, 0.000000000000000000 ) ) ;
#1905 = DIRECTION ( 'NONE',  ( -0.000000000000000000, 0.000000000000000000, -1.000000000000000000 ) ) ;
#1906 = CIRCLE ( 'NONE', #5625, 0.1999999999999999833 ) ;
#1907 = LINE ( 'NONE', #5281, #2826 ) ;
#1908 = DIRECTION ( 'NONE',  ( 1.000000000000000000, 0.000000000000000000, 0.000000000000000000 ) ) ;
#1909 = PRESENTATION_LAYER_ASSIGNMENT (  '', '', ( #505 ) ) ;
#1910 = DIRECTION ( 'NONE',  ( -1.000000000000000000, 0.000000000000000000, 0.000000000000000000 ) ) ;
#1911 = VECTOR ( 'NONE', #8017, 1000.000000000000000 ) ;
#1912 = ORIENTED_EDGE ( 'NONE', *, *, #1582, .F. ) ;
#1913 = VECTOR ( 'NONE', #9293, 1000.000000000000000 ) ;
#1914 = ORIENTED_EDGE ( 'NONE', *, *, #7662, .T. ) ;
#1915 = CARTESIAN_POINT ( 'NONE',  ( 5.148082482983822317, -0.6345769026091863108, 0.000000000000000000 ) ) ;
#1916 = ORIENTED_EDGE ( 'NONE', *, *, #5333, .F. ) ;
#1917 =( GEOMETRIC_REPRESENTATION_CONTEXT ( 3 ) GLOBAL_UNCERTAINTY_ASSIGNED_CONTEXT ( ( #3550 ) ) GLOBAL_UNIT_ASSIGNED_CONTEXT ( ( #10413, #10358, #2847 ) ) REPRESENTATION_CONTEXT ( 'NONE', 'WORKASPACE' ) );
#1918 = DIRECTION ( 'NONE',  ( 0.000000000000000000, 0.7071067811865483499, -0.7071067811865467956 ) ) ;
#1919 = ORIENTED_EDGE ( 'NONE', *, *, #9622, .F. ) ;
#1920 = CARTESIAN_POINT ( 'NONE',  ( 5.428684002013130616, -0.01000505775383151059, -0.000000000000000000 ) ) ;
#1921 = ORIENTED_EDGE ( 'NONE', *, *, #8071, .F. ) ;
#1922 = EDGE_CURVE ( 'NONE', #1593, #8365, #6050, .T. ) ;
#1923 = ORIENTED_EDGE ( 'NONE', *, *, #2533, .F. ) ;
#1924 = PLANE ( 'NONE',  #10835 ) ;
#1925 = CARTESIAN_POINT ( 'NONE',  ( -5.400000000000002132, 3.109999999999998987, -2.799999999999999822 ) ) ;
#1926 = VECTOR ( 'NONE', #2278, 1000.000000000000000 ) ;
#1927 = STYLED_ITEM ( 'NONE', ( #10007 ), #10201 ) ;
#1928 = VECTOR ( 'NONE', #10389, 1000.000000000000000 ) ;
#1929 = LINE ( 'NONE', #8362, #8758 ) ;
#1930 = CARTESIAN_POINT ( 'NONE',  ( 5.351181201936688225, 0.08314918100410916002, 0.000000000000000000 ) ) ;
#1931 = AXIS2_PLACEMENT_3D ( 'NONE', #9521, #4642, #7995 ) ;
#1932 = LINE ( 'NONE', #260, #149 ) ;
#1933 = ORIENTED_EDGE ( 'NONE', *, *, #5621, .F. ) ;
#1934 = VECTOR ( 'NONE', #3789, 1000.000000000000000 ) ;
#1935 = VECTOR ( 'NONE', #5332, 1000.000000000000000 ) ;
#1936 = COLOUR_RGB ( '',0.1490196078431372528, 0.1490196078431372528, 0.1490196078431372528 ) ;
#1937 = DIRECTION ( 'NONE',  ( 0.000000000000000000, -1.000000000000000000, 0.000000000000000000 ) ) ;
#1938 = ORIENTED_EDGE ( 'NONE', *, *, #7425, .F. ) ;
#1939 = LINE ( 'NONE', #9682, #8107 ) ;
#1940 = EDGE_CURVE ( 'NONE', #7771, #6009, #8560, .T. ) ;
#1941 = CARTESIAN_POINT ( 'NONE',  ( 5.399999999999998579, 4.809999999999998721, 3.450000000000000622 ) ) ;
#1942 = AXIS2_PLACEMENT_3D ( 'NONE', #3719, #3549, #6894 ) ;
#1943 = PRESENTATION_LAYER_ASSIGNMENT (  '', '', ( #5299 ) ) ;
#1944 = DIRECTION ( 'NONE',  ( 0.000000000000000000, 0.000000000000000000, 1.000000000000000000 ) ) ;
#1945 = FACE_OUTER_BOUND ( 'NONE', #4381, .T. ) ;
#1946 = CARTESIAN_POINT ( 'NONE',  ( -2.860000000000002096, 0.6499999999999999112, 0.4000000000000001332 ) ) ;
#1947 = CARTESIAN_POINT ( 'NONE',  ( 2.219999999999997975, 2.269999999999997797, 0.9099999999999984768 ) ) ;
#1948 = EDGE_CURVE ( 'NONE', #5292, #425, #8723, .T. ) ;
#1949 = PLANE ( 'NONE',  #6843 ) ;
#1950 = VERTEX_POINT ( 'NONE', #2743 ) ;
#1951 = PRESENTATION_STYLE_ASSIGNMENT (( #2783 ) ) ;
#1952 = ORIENTED_EDGE ( 'NONE', *, *, #6228, .T. ) ;
#1953 = LINE ( 'NONE', #4311, #10892 ) ;
#1954 = DIRECTION ( 'NONE',  ( 0.000000000000000000, -1.000000000000000000, 0.000000000000000000 ) ) ;
#1955 = CARTESIAN_POINT ( 'NONE',  ( 5.117269231314977240, -0.8017916920823935367, 0.1000000000000000056 ) ) ;
#1956 = ADVANCED_FACE ( 'NONE', ( #7857 ), #10052, .T. ) ;
#1957 = DIRECTION ( 'NONE',  ( 0.000000000000000000, -0.7071067811865467956, 0.7071067811865483499 ) ) ;
#1958 = ADVANCED_FACE ( 'NONE', ( #6101 ), #360, .F. ) ;
#1959 = EDGE_CURVE ( 'NONE', #9934, #1272, #9545, .T. ) ;
#1960 = VERTEX_POINT ( 'NONE', #2805 ) ;
#1961 = CARTESIAN_POINT ( 'NONE',  ( 5.490092098095609607, -0.7339030594168873822, 0.000000000000000000 ) ) ;
#1962 = ORIENTED_EDGE ( 'NONE', *, *, #9625, .F. ) ;
#1963 = EDGE_CURVE ( 'NONE', #10342, #5675, #1907, .T. ) ;
#1964 = LINE ( 'NONE', #2137, #9112 ) ;
#1965 = LINE ( 'NONE', #3622, #5474 ) ;
#1966 = ORIENTED_EDGE ( 'NONE', *, *, #4979, .F. ) ;
#1967 = FACE_OUTER_BOUND ( 'NONE', #3208, .T. ) ;
#1968 = LINE ( 'NONE', #954, #1183 ) ;
#1969 = CARTESIAN_POINT ( 'NONE',  ( 6.349999999999996980, 0.6499999999999999112, 0.4000000000000001332 ) ) ;
#1970 = CARTESIAN_POINT ( 'NONE',  ( 3.976666666666664796, 1.249999999999999556, 0.4000000000000001887 ) ) ;
#1971 = CYLINDRICAL_SURFACE ( 'NONE', #10814, 0.2000000000000000944 ) ;
#1972 = ORIENTED_EDGE ( 'NONE', *, *, #2692, .T. ) ;
#1973 = VERTEX_POINT ( 'NONE', #6161 ) ;
#1974 = DIRECTION ( 'NONE',  ( 0.000000000000000000, 0.000000000000000000, 1.000000000000000000 ) ) ;
#1975 = EDGE_CURVE ( 'NONE', #393, #8809, #4445, .T. ) ;
#1976 = VERTEX_POINT ( 'NONE', #1125 ) ;
#1977 = DIRECTION ( 'NONE',  ( 0.000000000000000000, 1.000000000000000000, 6.938893903907229610E-17 ) ) ;
#1978 = EDGE_LOOP ( 'NONE', ( #3077, #1868, #7306, #3425, #4309, #9662 ) ) ;
#1979 = DIRECTION ( 'NONE',  ( 0.000000000000000000, -1.000000000000000000, 0.000000000000000000 ) ) ;
#1980 = ORIENTED_EDGE ( 'NONE', *, *, #7080, .F. ) ;
#1981 = VERTEX_POINT ( 'NONE', #7033 ) ;
#1982 = CARTESIAN_POINT ( 'NONE',  ( 5.205466186039171106, 0.1249444104701774444, 0.000000000000000000 ) ) ;
#1983 = PLANE ( 'NONE',  #2272 ) ;
#1984 = ORIENTED_EDGE ( 'NONE', *, *, #6552, .F. ) ;
#1985 = EDGE_CURVE ( 'NONE', #5886, #6962, #10383, .T. ) ;
#1986 = EDGE_LOOP ( 'NONE', ( #9886, #6875, #6343, #7987 ) ) ;
#1987 = DIRECTION ( 'NONE',  ( 0.000000000000000000, -0.7071067811865467956, 0.7071067811865483499 ) ) ;
#1988 = CARTESIAN_POINT ( 'NONE',  ( 5.121025641025640063, -1.162820512820512464, 0.1000000000000000056 ) ) ;
#1989 = EDGE_LOOP ( 'NONE', ( #2480, #6455, #5619, #10066, #10567, #3970 ) ) ;
#1990 = PLANE ( 'NONE',  #5957 ) ;
#1991 = VERTEX_POINT ( 'NONE', #1251 ) ;
#1992 = PLANE ( 'NONE',  #1942 ) ;
#1993 = UNCERTAINTY_MEASURE_WITH_UNIT (LENGTH_MEASURE( 1.000000000000000082E-05 ), #2375, 'distance_accuracy_value', 'NONE');
#1994 = CARTESIAN_POINT ( 'NONE',  ( 5.275032051282050105, 0.09871794871794893622, 0.000000000000000000 ) ) ;
#1995 = LINE ( 'NONE', #6404, #5982 ) ;
#1996 = CARTESIAN_POINT ( 'NONE',  ( 5.490256410256409758, -0.7475961538461540767, 0.1000000000000000056 ) ) ;
#1997 = PRESENTATION_STYLE_ASSIGNMENT (( #7893 ) ) ;
#1998 = CARTESIAN_POINT ( 'NONE',  ( 4.759999999999998899, 5.449999999999999289, 4.090000000000001634 ) ) ;
#1999 = SURFACE_SIDE_STYLE ('',( #7835 ) ) ;
#2000 = VERTEX_POINT ( 'NONE', #3794 ) ;
#2001 = COLOUR_RGB ( '',0.1490196078431372528, 0.1490196078431372528, 0.1490196078431372528 ) ;
#2002 = CARTESIAN_POINT ( 'NONE',  ( 5.375002455112887212, -0.8982737941971792317, 0.000000000000000000 ) ) ;
#2003 = EDGE_LOOP ( 'NONE', ( #6124, #867, #4551, #3203, #1952, #9213, #2648 ) ) ;
#2004 = UNCERTAINTY_MEASURE_WITH_UNIT (LENGTH_MEASURE( 1.000000000000000082E-05 ), #3862, 'distance_accuracy_value', 'NONE');
#2005 = CARTESIAN_POINT ( 'NONE',  ( -2.860000000000001652, 3.109999999999999876, 1.349999999999999645 ) ) ;
#2006 = CARTESIAN_POINT ( 'NONE',  ( -0.3200000000000017275, -1.249999999999999778, 5.000000000000000000 ) ) ;
#2007 = LINE ( 'NONE', #5428, #5641 ) ;
#2008 = LINE ( 'NONE', #9743, #4706 ) ;
#2009 = ORIENTED_EDGE ( 'NONE', *, *, #5566, .T. ) ;
#2010 = CARTESIAN_POINT ( 'NONE',  ( 5.249230769230768701, 0.3053685897435901020, 0.1000000000000000056 ) ) ;
#2011 = DIRECTION ( 'NONE',  ( -0.000000000000000000, 0.000000000000000000, -1.000000000000000000 ) ) ;
#2012 = DIRECTION ( 'NONE',  ( 0.000000000000000000, -1.000000000000000000, 2.090028284309406981E-16 ) ) ;
#2013 = ADVANCED_FACE ( 'NONE', ( #4619 ), #8787, .F. ) ;
#2014 = DIRECTION ( 'NONE',  ( 1.000000000000000000, 0.000000000000000000, -0.000000000000000000 ) ) ;
#2015 =( NAMED_UNIT ( * ) PLANE_ANGLE_UNIT ( ) SI_UNIT ( $, .RADIAN. ) );
#2016 = CARTESIAN_POINT ( 'NONE',  ( 5.129432967687222344, -0.8340662866707581058, 0.000000000000000000 ) ) ;
#2017 = ORIENTED_EDGE ( 'NONE', *, *, #4979, .T. ) ;
#2018 = CARTESIAN_POINT ( 'NONE',  ( 5.204830006051349045, -0.9504807142305825574, 0.1000000000000000056 ) ) ;
#2019 = EDGE_CURVE ( 'NONE', #1547, #10272, #9593, .T. ) ;
#2020 = CARTESIAN_POINT ( 'NONE',  ( -6.350000000000002309, -1.249999999999999778, 1.550000000000000488 ) ) ;
#2021 = DIRECTION ( 'NONE',  ( -1.000000000000000000, -0.000000000000000000, -0.000000000000000000 ) ) ;
#2022 = CARTESIAN_POINT ( 'NONE',  ( 5.478136060581238809, -0.05446360271310795448, 0.1000000000000000056 ) ) ;
#2023 = EDGE_CURVE ( 'NONE', #2685, #6057, #4366, .T. ) ;
#2024 = LINE ( 'NONE', #1128, #7850 ) ;
#2025 = ORIENTED_EDGE ( 'NONE', *, *, #6474, .T. ) ;
#2026 = CARTESIAN_POINT ( 'NONE',  ( 5.177435897435896273, -0.6044871794871796711, 0.1000000000000000056 ) ) ;
#2027 = ORIENTED_EDGE ( 'NONE', *, *, #7330, .T. ) ;
#2028 = LINE ( 'NONE', #6328, #4216 ) ;
#2029 = ORIENTED_EDGE ( 'NONE', *, *, #3521, .F. ) ;
#2030 = CARTESIAN_POINT ( 'NONE',  ( 4.759999999999998899, 2.909999999999998366, 1.550000000000000933 ) ) ;
#2031 = EDGE_LOOP ( 'NONE', ( #8599, #7402, #8483, #8496 ) ) ;
#2032 = EDGE_CURVE ( 'NONE', #4805, #9618, #10249, .T. ) ;
#2033 = CARTESIAN_POINT ( 'NONE',  ( 5.096395712931096611, 0.03288519246040175897, 0.000000000000000000 ) ) ;
#2034 = EDGE_CURVE ( 'NONE', #9661, #9841, #179, .T. ) ;
#2035 = CARTESIAN_POINT ( 'NONE',  ( -5.400000000000002132, 5.009999999999999787, -2.799999999999999822 ) ) ;
#2036 = ORIENTED_EDGE ( 'NONE', *, *, #9625, .T. ) ;
#2037 = LINE ( 'NONE', #5352, #6669 ) ;
#2038 = AXIS2_PLACEMENT_3D ( 'NONE', #3128, #7201, #9760 ) ;
#2039 = DIRECTION ( 'NONE',  ( 0.000000000000000000, 0.000000000000000000, 1.000000000000000000 ) ) ;
#2040 = ORIENTED_EDGE ( 'NONE', *, *, #10752, .F. ) ;
#2041 = B_SPLINE_CURVE_WITH_KNOTS ( 'NONE', 3,
 ( #7710, #2657, #7604, #922, #6016, #1034, #208, #816, #3421, #4291, #90, #152, #9448, #10229, #6773, #4243, #33, #10896, #3541 ),
 .UNSPECIFIED., .F., .F.,
 ( 4, 1, 1, 1, 1, 1, 1, 1, 1, 1, 1, 1, 1, 1, 1, 1, 4 ),
 ( 0.000000000000000000, 0.06455784592972059477, 0.1270135315497603890, 0.1879548102020908162, 0.2480139127896340556, 0.3077476818488379395, 0.3682345146974855821, 0.4294698439426699599, 0.4927434367465849951, 0.5562577687060838993, 0.6182167855431437431, 0.6796554755875557907, 0.7412455456206291649, 0.8034152647056972407, 0.8668154615439921384, 0.9323283119492651316, 1.000000000000000000 ),
 .UNSPECIFIED. ) ;
#2042 = PRESENTATION_STYLE_ASSIGNMENT (( #5477 ) ) ;
#2043 = ORIENTED_EDGE ( 'NONE', *, *, #9602, .T. ) ;
#2044 = CARTESIAN_POINT ( 'NONE',  ( 5.107455038634031830, 0.05355128202975906193, 0.1000000000000000056 ) ) ;
#2045 = CARTESIAN_POINT ( 'NONE',  ( -2.860000000000001652, -7.049999999999999822, 3.450000000000000622 ) ) ;
#2046 = SURFACE_STYLE_USAGE ( .BOTH. , #10521 ) ;
#2047 = VECTOR ( 'NONE', #4429, 1000.000000000000000 ) ;
#2048 = LINE ( 'NONE', #5584, #162 ) ;
#2049 = CARTESIAN_POINT ( 'NONE',  ( 5.079999999999999183, 0.2250801282051285157, 0.1000000000000000056 ) ) ;
#2050 =( LENGTH_UNIT ( ) NAMED_UNIT ( * ) SI_UNIT ( .MILLI., .METRE. ) );
#2051 = AXIS2_PLACEMENT_3D ( 'NONE', #9573, #7998, #4647 ) ;
#2052 = CARTESIAN_POINT ( 'NONE',  ( 4.759999999999998899, -7.249999999999999112, 1.349999999999999867 ) ) ;
#2053 = SURFACE_STYLE_USAGE ( .BOTH. , #1999 ) ;
#2054 = VERTEX_POINT ( 'NONE', #8448 ) ;
#2055 = CARTESIAN_POINT ( 'NONE',  ( 5.426680487442699707, -0.8399541930673591894, -0.000000000000000000 ) ) ;
#2056 = ORIENTED_EDGE ( 'NONE', *, *, #3638, .T. ) ;
#2057 = CARTESIAN_POINT ( 'NONE',  ( 5.123231634165768433, -0.8964137731260117814, 0.000000000000000000 ) ) ;
#2058 = CYLINDRICAL_SURFACE ( 'NONE', #9224, 0.2000000000000000944 ) ;
#2059 = ADVANCED_FACE ( 'NONE', ( #2786 ), #57, .F. ) ;
#2060 = CARTESIAN_POINT ( 'NONE',  ( 5.399999999999998579, -7.049999999999999822, 4.090000000000000746 ) ) ;
#2061 = CARTESIAN_POINT ( 'NONE',  ( 3.309999999999998721, 5.650000000000000355, 5.000000000000000000 ) ) ;
#2062 = VECTOR ( 'NONE', #5347, 1000.000000000000114 ) ;
#2063 =( GEOMETRIC_REPRESENTATION_CONTEXT ( 3 ) GLOBAL_UNCERTAINTY_ASSIGNED_CONTEXT ( ( #5765 ) ) GLOBAL_UNIT_ASSIGNED_CONTEXT ( ( #744, #4995, #3194 ) ) REPRESENTATION_CONTEXT ( 'NONE', 'WORKASPACE' ) );
#2064 = ORIENTED_EDGE ( 'NONE', *, *, #1102, .F. ) ;
#2065 = LINE ( 'NONE', #5373, #10550 ) ;
#2066 = DIRECTION ( 'NONE',  ( 0.000000000000000000, 0.000000000000000000, 1.000000000000000000 ) ) ;
#2067 =( LENGTH_UNIT ( ) NAMED_UNIT ( * ) SI_UNIT ( .MILLI., .METRE. ) );
#2068 = CARTESIAN_POINT ( 'NONE',  ( 5.449230769230768878, -0.7498397435897438124, 0.1000000000000000056 ) ) ;
#2069 = CARTESIAN_POINT ( 'NONE',  ( 2.859999999999998099, 2.269999999999999130, 0.7099999999999985212 ) ) ;
#2070 = CARTESIAN_POINT ( 'NONE',  ( 5.158870461168689303, -0.8761166239369910791, -0.000000000000000000 ) ) ;
#2071 = VERTEX_POINT ( 'NONE', #5151 ) ;
#2072 = CARTESIAN_POINT ( 'NONE',  ( 5.399999999999998579, 0.6499999999999999112, 4.090000000000000746 ) ) ;
#2073 = CARTESIAN_POINT ( 'NONE',  ( -6.183333333333338899, 0.6499999999999999112, 0.4000000000000010214 ) ) ;
#2074 = VECTOR ( 'NONE', #9092, 1000.000000000000000 ) ;
#2075 = DIRECTION ( 'NONE',  ( -0.000000000000000000, 0.000000000000000000, -1.000000000000000000 ) ) ;
#2076 = DIRECTION ( 'NONE',  ( -0.000000000000000000, -0.000000000000000000, -1.000000000000000000 ) ) ;
#2077 = ADVANCED_FACE ( 'NONE', ( #4264 ), #5204, .F. ) ;
#2078 = PRESENTATION_LAYER_ASSIGNMENT (  '', '', ( #6827 ) ) ;
#2079 = DIRECTION ( 'NONE',  ( 0.000000000000000000, 1.000000000000000000, 6.938893903907229610E-17 ) ) ;
#2080 = ORIENTED_EDGE ( 'NONE', *, *, #321, .T. ) ;
#2081 = ORIENTED_EDGE ( 'NONE', *, *, #1016, .F. ) ;
#2082 = VECTOR ( 'NONE', #4054, 1000.000000000000000 ) ;
#2083 = EDGE_LOOP ( 'NONE', ( #3774, #1091, #5169, #6819 ) ) ;
#2084 = PRESENTATION_STYLE_ASSIGNMENT (( #368 ) ) ;
#2085 = ORIENTED_EDGE ( 'NONE', *, *, #5508, .T. ) ;
#2086 = DIRECTION ( 'NONE',  ( -0.000000000000000000, -0.000000000000000000, -1.000000000000000000 ) ) ;
#2087 = EDGE_CURVE ( 'NONE', #1858, #774, #2728, .T. ) ;
#2088 = FACE_OUTER_BOUND ( 'NONE', #9877, .T. ) ;
#2089 = CARTESIAN_POINT ( 'NONE',  ( 5.270007781580718920, 0.1345435025621070924, -0.000000000000000000 ) ) ;
#2090 = EDGE_CURVE ( 'NONE', #3813, #5433, #1953, .T. ) ;
#2091 =( GEOMETRIC_REPRESENTATION_CONTEXT ( 3 ) GLOBAL_UNCERTAINTY_ASSIGNED_CONTEXT ( ( #446 ) ) GLOBAL_UNIT_ASSIGNED_CONTEXT ( ( #107, #10356, #4530 ) ) REPRESENTATION_CONTEXT ( 'NONE', 'WORKASPACE' ) );
#2092 = VECTOR ( 'NONE', #2582, 1000.000000000000000 ) ;
#2093 = PLANE ( 'NONE',  #7052 ) ;
#2094 = EDGE_CURVE ( 'NONE', #3637, #863, #6085, .T. ) ;
#2095 = ORIENTED_EDGE ( 'NONE', *, *, #10635, .T. ) ;
#2096 = VERTEX_POINT ( 'NONE', #10301 ) ;
#2097 = VERTEX_POINT ( 'NONE', #5975 ) ;
#2098 = DIRECTION ( 'NONE',  ( 0.000000000000000000, 1.000000000000000000, 0.000000000000000000 ) ) ;
#2099 = CARTESIAN_POINT ( 'NONE',  ( 5.274951923076922178, 0.1346153846153848310, 0.1000000000000000056 ) ) ;
#2100 = EDGE_LOOP ( 'NONE', ( #3144, #4998, #1022, #10397 ) ) ;
#2101 = EDGE_CURVE ( 'NONE', #8659, #4864, #943, .T. ) ;
#2102 = AXIS2_PLACEMENT_3D ( 'NONE', #6718, #80, #2531 ) ;
#2103 = LINE ( 'NONE', #10344, #7196 ) ;
#2104 = VERTEX_POINT ( 'NONE', #9309 ) ;
#2105 = SURFACE_STYLE_USAGE ( .BOTH. , #7109 ) ;
#2106 = CARTESIAN_POINT ( 'NONE',  ( -2.860000000000001652, 2.269999999999999130, 0.7099999999999985212 ) ) ;
#2107 = COLOUR_RGB ( '',0.1490196078431372528, 0.1490196078431372528, 0.1490196078431372528 ) ;
#2108 = CARTESIAN_POINT ( 'NONE',  ( -2.220000000000001972, 4.809999999999999609, 3.250000000000000888 ) ) ;
#2109 = AXIS2_PLACEMENT_3D ( 'NONE', #4082, #8356, #8254 ) ;
#2110 = SURFACE_SIDE_STYLE ('',( #5413 ) ) ;
#2111 = DIRECTION ( 'NONE',  ( 0.000000000000000000, 0.000000000000000000, 1.000000000000000000 ) ) ;
#2112 = CARTESIAN_POINT ( 'NONE',  ( -2.220000000000001972, 5.450000000000000178, -3.000000000000000000 ) ) ;
#2113 = VECTOR ( 'NONE', #4400, 1000.000000000000000 ) ;
#2114 = CARTESIAN_POINT ( 'NONE',  ( 5.151257723952502587, 0.04265891480154546805, 0.1000000000000000056 ) ) ;
#2115 = DIRECTION ( 'NONE',  ( 0.000000000000000000, 1.000000000000000000, 0.000000000000000000 ) ) ;
#2116 = VECTOR ( 'NONE', #4674, 1000.000000000000000 ) ;
#2117 = VECTOR ( 'NONE', #8118, 1000.000000000000000 ) ;
#2118 = AXIS2_PLACEMENT_3D ( 'NONE', #4357, #171, #4254 ) ;
#2119 = DIRECTION ( 'NONE',  ( 0.000000000000000000, 0.000000000000000000, 1.000000000000000000 ) ) ;
#2120 = DIRECTION ( 'NONE',  ( 0.000000000000000000, -1.000000000000000000, 0.000000000000000000 ) ) ;
#2121 = EDGE_CURVE ( 'NONE', #9868, #7776, #6850, .T. ) ;
#2122 = ORIENTED_EDGE ( 'NONE', *, *, #7934, .F. ) ;
#2123 = CARTESIAN_POINT ( 'NONE',  ( 5.383833361625610436, -0.8916849067299364995, -0.000000000000000000 ) ) ;
#2124 = DIRECTION ( 'NONE',  ( -1.000000000000000000, 0.000000000000000000, 0.000000000000000000 ) ) ;
#2125 = CARTESIAN_POINT ( 'NONE',  ( 5.274871794871794251, -0.2653846153846152189, 0.1000000000000000056 ) ) ;
#2126 = PLANE ( 'NONE',  #6677 ) ;
#2127 = CARTESIAN_POINT ( 'NONE',  ( 5.128536551162463653, -0.006614491318338989838, 0.1000000000000000056 ) ) ;
#2128 = AXIS2_PLACEMENT_3D ( 'NONE', #10854, #7732, #8495 ) ;
#2129 = VECTOR ( 'NONE', #9717, 1000.000000000000114 ) ;
#2130 = VECTOR ( 'NONE', #9166, 1000.000000000000000 ) ;
#2131 = VERTEX_POINT ( 'NONE', #2852 ) ;
#2132 = CARTESIAN_POINT ( 'NONE',  ( 0.3199999999999982858, 3.109999999999998987, -2.799999999999999822 ) ) ;
#2133 = PLANE ( 'NONE',  #6277 ) ;
#2134 = ADVANCED_FACE ( 'NONE', ( #9411 ), #2698, .T. ) ;
#2135 = DIRECTION ( 'NONE',  ( -1.000000000000000000, 0.000000000000000000, 0.000000000000000000 ) ) ;
#2136 = CARTESIAN_POINT ( 'NONE',  ( 5.223137187095632683, -0.9560011482730611521, 0.000000000000000000 ) ) ;
#2137 = CARTESIAN_POINT ( 'NONE',  ( -2.860000000000001652, -7.049999999999999822, 1.550000000000000044 ) ) ;
#2138 = VECTOR ( 'NONE', #4178, 1000.000000000000000 ) ;
#2139 = CARTESIAN_POINT ( 'NONE',  ( 2.859999999999998099, 3.109999999999998987, -2.799999999999999822 ) ) ;
#2140 = ORIENTED_EDGE ( 'NONE', *, *, #4060, .F. ) ;
#2141 = FILL_AREA_STYLE ('',( #4665 ) ) ;
#2142 = LINE ( 'NONE', #967, #8623 ) ;
#2143 = CARTESIAN_POINT ( 'NONE',  ( 5.139664050705273546, 0.02381702226459602931, 0.1000000000000000056 ) ) ;
#2144 = DIRECTION ( 'NONE',  ( -0.000000000000000000, -0.000000000000000000, -1.000000000000000000 ) ) ;
#2145 = ORIENTED_EDGE ( 'NONE', *, *, #1278, .F. ) ;
#2146 = ORIENTED_EDGE ( 'NONE', *, *, #8279, .F. ) ;
#2147 = PLANE ( 'NONE',  #7167 ) ;
#2148 = ORIENTED_EDGE ( 'NONE', *, *, #7357, .F. ) ;
#2149 = FILL_AREA_STYLE ('',( #2923 ) ) ;
#2150 = VERTEX_POINT ( 'NONE', #8060 ) ;
#2151 = CARTESIAN_POINT ( 'NONE',  ( 5.079999999999999183, 0.2250801282051285157, 0.1000000000000000056 ) ) ;
#2152 = DIRECTION ( 'NONE',  ( 0.000000000000000000, -0.7071067811865467956, 0.7071067811865483499 ) ) ;
#2153 = DIRECTION ( 'NONE',  ( 1.000000000000000000, -0.000000000000000000, -0.000000000000000000 ) ) ;
#2154 = DIRECTION ( 'NONE',  ( 0.000000000000000000, 0.000000000000000000, 1.000000000000000000 ) ) ;
#2155 = EDGE_LOOP ( 'NONE', ( #3981, #6632, #9726, #1423 ) ) ;
#2156 = VERTEX_POINT ( 'NONE', #7122 ) ;
#2157 = ORIENTED_EDGE ( 'NONE', *, *, #8029, .T. ) ;
#2158 = EDGE_CURVE ( 'NONE', #7095, #9325, #7741, .T. ) ;
#2159 = CARTESIAN_POINT ( 'NONE',  ( -0.3200000000000017830, 2.269999999999997797, 0.9099999999999984768 ) ) ;
#2160 = ORIENTED_EDGE ( 'NONE', *, *, #5594, .T. ) ;
#2161 = SURFACE_SIDE_STYLE ('',( #3873 ) ) ;
#2162 = ORIENTED_EDGE ( 'NONE', *, *, #6033, .T. ) ;
#2163 = DIRECTION ( 'NONE',  ( 0.000000000000000000, 0.000000000000000000, 1.000000000000000000 ) ) ;
#2164 = CARTESIAN_POINT ( 'NONE',  ( 3.310000000000000497, 1.250000000000000222, 1.885956070686927405E-16 ) ) ;
#2165 = EDGE_CURVE ( 'NONE', #1641, #2000, #513, .T. ) ;
#2166 = DIRECTION ( 'NONE',  ( 0.6401843996644802637, 0.000000000000000000, -0.7682212795973755171 ) ) ;
#2167 = EDGE_CURVE ( 'NONE', #9745, #2782, #3356, .T. ) ;
#2168 = DIRECTION ( 'NONE',  ( 0.000000000000000000, -1.000000000000000000, 0.000000000000000000 ) ) ;
#2169 = CARTESIAN_POINT ( 'NONE',  ( -5.400000000000002132, 4.809999999999998721, 3.450000000000000622 ) ) ;
#2170 = EDGE_CURVE ( 'NONE', #9933, #8825, #9529, .T. ) ;
#2171 = CARTESIAN_POINT ( 'NONE',  ( 6.183333333333333570, 1.249999999999999778, 0.4000000000000001887 ) ) ;
#2172 = DIRECTION ( 'NONE',  ( 1.000000000000000000, -0.000000000000000000, -0.000000000000000000 ) ) ;
#2173 = DIRECTION ( 'NONE',  ( -0.000000000000000000, 0.000000000000000000, -1.000000000000000000 ) ) ;
#2174 = ORIENTED_EDGE ( 'NONE', *, *, #3500, .F. ) ;
#2175 = CARTESIAN_POINT ( 'NONE',  ( 5.102763183103170341, -0.8700758839971324266, 0.1000000000000000056 ) ) ;
#2176 = CARTESIAN_POINT ( 'NONE',  ( 5.490256410256409758, -0.7475961538461540767, 0.1000000000000000056 ) ) ;
#2177 = CARTESIAN_POINT ( 'NONE',  ( 4.759999999999998899, 5.450000000000001066, 3.890000000000001457 ) ) ;
#2178 = LINE ( 'NONE', #5495, #1891 ) ;
#2179 = B_SPLINE_CURVE_WITH_KNOTS ( 'NONE', 3,
 ( #8734, #1920, #7930, #9441, #421, #6272, #4627, #6223, #10500, #7980, #6330 ),
 .UNSPECIFIED., .F., .F.,
 ( 4, 1, 1, 1, 1, 1, 1, 1, 4 ),
 ( 0.000000000000000000, 0.08431861695858312855, 0.1792845142139049275, 0.2865825276465613913, 0.4051114834342787185, 0.5355928734189739915, 0.6781902099934133954, 0.8329758397604881681, 1.000000000000000000 ),
 .UNSPECIFIED. ) ;
#2180 = EDGE_CURVE ( 'NONE', #4458, #4307, #2223, .T. ) ;
#2181 = VERTEX_POINT ( 'NONE', #5492 ) ;
#2182 = CARTESIAN_POINT ( 'NONE',  ( -3.643333333333334423, 1.249999999999999778, 4.599999999999999645 ) ) ;
#2183 = DIRECTION ( 'NONE',  ( -1.000000000000000000, 0.000000000000000000, -0.000000000000000000 ) ) ;
#2185 = ADVANCED_FACE ( 'NONE', ( #3938 ), #3775, .T. ) ;
#2184 = DIRECTION ( 'NONE',  ( 1.000000000000000000, -0.000000000000000000, -0.000000000000000000 ) ) ;
#2186 = CARTESIAN_POINT ( 'NONE',  ( -2.860000000000001652, 2.909999999999998810, -3.000000000000000000 ) ) ;
#2187 = CARTESIAN_POINT ( 'NONE',  ( -4.760000000000002451, -7.049999999999999822, 4.090000000000000746 ) ) ;
#2188 = DIRECTION ( 'NONE',  ( -0.6401843996644794865, 0.000000000000000000, -0.7682212795973760722 ) ) ;
#2189 = ORIENTED_EDGE ( 'NONE', *, *, #6524, .T. ) ;
#2190 = CARTESIAN_POINT ( 'NONE',  ( 5.417372897826319367, -0.6417918459052548430, 0.000000000000000000 ) ) ;
#2191 = CARTESIAN_POINT ( 'NONE',  ( 4.759999999999998899, 4.809999999999999609, 3.250000000000000888 ) ) ;
#2192 = CARTESIAN_POINT ( 'NONE',  ( 5.449092696273860170, -0.7618310912372756594, 0.1000000000000000056 ) ) ;
#2193 = ORIENTED_EDGE ( 'NONE', *, *, #9669, .F. ) ;
#2194 = EDGE_LOOP ( 'NONE', ( #1856, #3631, #2755, #1045 ) ) ;
#2195 = SURFACE_SIDE_STYLE ('',( #3910 ) ) ;
#2196 = ORIENTED_EDGE ( 'NONE', *, *, #5770, .F. ) ;
#2197 = LINE ( 'NONE', #1366, #8952 ) ;
#2198 = EDGE_LOOP ( 'NONE', ( #9456, #5387, #2898, #2025, #1734, #4092 ) ) ;
#2199 = FACE_OUTER_BOUND ( 'NONE', #6983, .T. ) ;
#2200 = CARTESIAN_POINT ( 'NONE',  ( -0.3200000000000017830, -7.249999999999999112, 1.110000000000000098 ) ) ;
#2201 = CARTESIAN_POINT ( 'NONE',  ( 5.088268905874774539, 0.008533831490173436965, 0.000000000000000000 ) ) ;
#2202 = EDGE_CURVE ( 'NONE', #10825, #6055, #10531, .T. ) ;
#2203 = CARTESIAN_POINT ( 'NONE',  ( 5.096970969999024881, -0.8606326345801060818, -0.000000000000000000 ) ) ;
#2204 = ORIENTED_EDGE ( 'NONE', *, *, #4245, .F. ) ;
#2205 = ORIENTED_EDGE ( 'NONE', *, *, #10894, .F. ) ;
#2206 = CARTESIAN_POINT ( 'NONE',  ( 6.349999999999996980, 1.249999999999999778, 4.599999999999999645 ) ) ;
#2207 = CARTESIAN_POINT ( 'NONE',  ( 5.407055473212779795, 0.09450865198363621322, 0.1000000000000000056 ) ) ;
#2208 = ORIENTED_EDGE ( 'NONE', *, *, #2329, .F. ) ;
#2209 = FILL_AREA_STYLE ('',( #9725 ) ) ;
#2210 = ORIENTED_EDGE ( 'NONE', *, *, #6659, .T. ) ;
#2211 = SURFACE_SIDE_STYLE ('',( #8047 ) ) ;
#2212 = UNCERTAINTY_MEASURE_WITH_UNIT (LENGTH_MEASURE( 1.000000000000000082E-05 ), #7120, 'distance_accuracy_value', 'NONE');
#2213 = PLANE ( 'NONE',  #10650 ) ;
#2214 = CARTESIAN_POINT ( 'NONE',  ( 5.279710163316054583, 0.09865928730492055931, 0.1000000000000000056 ) ) ;
#2215 = DIRECTION ( 'NONE',  ( 0.000000000000000000, 0.7071067811865467956, 0.7071067811865483499 ) ) ;
#2216 = ADVANCED_FACE ( 'NONE', ( #5543 ), #7241, .F. ) ;
#2217 = CARTESIAN_POINT ( 'NONE',  ( 6.349999999999996980, 0.6499999999999999112, 4.599999999999999645 ) ) ;
#2218 = CARTESIAN_POINT ( 'NONE',  ( 5.126070806487409648, -0.5974217789793296873, 0.1000000000000000056 ) ) ;
#2219 = CARTESIAN_POINT ( 'NONE',  ( 5.303674161160534695, -0.9622930911301605938, 0.000000000000000000 ) ) ;
#2220 = VERTEX_POINT ( 'NONE', #8868 ) ;
#2221 = SURFACE_STYLE_USAGE ( .BOTH. , #9797 ) ;
#2222 = ADVANCED_FACE ( 'NONE', ( #1166 ), #4652, .F. ) ;
#2223 = LINE ( 'NONE', #6197, #2117 ) ;
#2224 = LINE ( 'NONE', #5592, #9404 ) ;
#2225 = CARTESIAN_POINT ( 'NONE',  ( -0.3200000000000017275, 0.6499999999999999112, 0.4000000000000001332 ) ) ;
#2226 =( GEOMETRIC_REPRESENTATION_CONTEXT ( 3 ) GLOBAL_UNCERTAINTY_ASSIGNED_CONTEXT ( ( #5974 ) ) GLOBAL_UNIT_ASSIGNED_CONTEXT ( ( #9994, #2637, #5003 ) ) REPRESENTATION_CONTEXT ( 'NONE', 'WORKASPACE' ) );
#2227 = CARTESIAN_POINT ( 'NONE',  ( 5.124911139333488741, -0.02895494939919329019, 0.1000000000000000056 ) ) ;
#2228 = ORIENTED_EDGE ( 'NONE', *, *, #2306, .T. ) ;
#2229 = VECTOR ( 'NONE', #7637, 1000.000000000000000 ) ;
#2230 = SURFACE_STYLE_FILL_AREA ( #10589 ) ;
#2231 = ADVANCED_FACE ( 'NONE', ( #1333 ), #10417, .F. ) ;
#2232 = DIRECTION ( 'NONE',  ( 0.000000000000000000, 1.000000000000000000, 1.088556398077815951E-16 ) ) ;
#2233 = DIRECTION ( 'NONE',  ( 0.000000000000000000, -2.090028284309406981E-16, -1.000000000000000000 ) ) ;
#2234 = CARTESIAN_POINT ( 'NONE',  ( 5.223137187095632683, -0.9560011482730611521, 0.1000000000000000056 ) ) ;
#2235 = CARTESIAN_POINT ( 'NONE',  ( 5.339773257914258942, 0.08801714006195740514, 0.1000000000000000056 ) ) ;
#2236 = ORIENTED_EDGE ( 'NONE', *, *, #5865, .T. ) ;
#2237 = FACE_OUTER_BOUND ( 'NONE', #6142, .T. ) ;
#2238 = ORIENTED_EDGE ( 'NONE', *, *, #8350, .T. ) ;
#2239 = ADVANCED_FACE ( 'NONE', ( #7181 ), #9694, .F. ) ;
#2240 = DIRECTION ( 'NONE',  ( 1.000000000000000000, -0.000000000000000000, -0.000000000000000000 ) ) ;
#2241 = CARTESIAN_POINT ( 'NONE',  ( 2.859999999999998099, -1.250000000000001998, 4.090000000000000746 ) ) ;
#2242 = STYLED_ITEM ( 'NONE', ( #9105 ), #5220 ) ;
#2243 = CARTESIAN_POINT ( 'NONE',  ( -4.760000000000002451, -1.249999999999999778, 5.000000000000000000 ) ) ;
#2244 = ORIENTED_EDGE ( 'NONE', *, *, #10093, .T. ) ;
#2245 = ORIENTED_EDGE ( 'NONE', *, *, #6665, .F. ) ;
#2246 = CARTESIAN_POINT ( 'NONE',  ( 4.759999999999998899, -1.249999999999999778, 0.9099999999999990319 ) ) ;
#2247 = VECTOR ( 'NONE', #8260, 1000.000000000000000 ) ;
#2248 = VECTOR ( 'NONE', #8345, 1000.000000000000000 ) ;
#2249 = LINE ( 'NONE', #4114, #4930 ) ;
#2250 = ORIENTED_EDGE ( 'NONE', *, *, #543, .T. ) ;
#2251 = AXIS2_PLACEMENT_3D ( 'NONE', #2186, #9749, #2014 ) ;
#2252 = PLANE ( 'NONE',  #8603 ) ;
#2253 = LINE ( 'NONE', #1198, #7863 ) ;
#2254 = CARTESIAN_POINT ( 'NONE',  ( -6.183333333333337123, 1.249999999999998890, 0.4000000000000001887 ) ) ;
#2255 = MECHANICAL_DESIGN_GEOMETRIC_PRESENTATION_REPRESENTATION (  '', ( #125 ), #1372 ) ;
#2256 = VECTOR ( 'NONE', #6434, 1000.000000000000000 ) ;
#2257 = CARTESIAN_POINT ( 'NONE',  ( 5.091737648981754738, -0.8508196275666287667, 0.000000000000000000 ) ) ;
#2258 = ORIENTED_EDGE ( 'NONE', *, *, #1077, .T. ) ;
#2259 = VERTEX_POINT ( 'NONE', #920 ) ;
#2260 = SURFACE_STYLE_USAGE ( .BOTH. , #4903 ) ;
#2261 = ADVANCED_FACE ( 'NONE', ( #3477 ), #3107, .F. ) ;
#2262 = DIRECTION ( 'NONE',  ( 7.529181753371555009E-17, -1.000000000000000000, -9.035018104045871927E-17 ) ) ;
#2263 = VERTEX_POINT ( 'NONE', #32 ) ;
#2264 = DIRECTION ( 'NONE',  ( 0.000000000000000000, 0.000000000000000000, -1.000000000000000000 ) ) ;
#2265 = ORIENTED_EDGE ( 'NONE', *, *, #4785, .T. ) ;
#2266 = PLANE ( 'NONE',  #4409 ) ;
#2267 = VECTOR ( 'NONE', #8536, 1000.000000000000000 ) ;
#2268 = SURFACE_STYLE_USAGE ( .BOTH. , #498 ) ;
#2269 = AXIS2_PLACEMENT_3D ( 'NONE', #607, #4750, #6498 ) ;
#2270 = CARTESIAN_POINT ( 'NONE',  ( 5.418896770991450396, 0.01685076879516814868, 0.1000000000000000056 ) ) ;
#2271 = CARTESIAN_POINT ( 'NONE',  ( 4.759999999999998899, 2.269999999999999130, 0.7099999999999985212 ) ) ;
#2272 = AXIS2_PLACEMENT_3D ( 'NONE', #10336, #10507, #486 ) ;
#2273 = CARTESIAN_POINT ( 'NONE',  ( 1.769999999999997353, -1.249999999999999778, 5.000000000000000000 ) ) ;
#2274 = STYLED_ITEM ( 'NONE', ( #5523 ), #6255 ) ;
#2275 = DIRECTION ( 'NONE',  ( 1.000000000000000000, 0.000000000000000000, -0.000000000000000000 ) ) ;
#2276 = CARTESIAN_POINT ( 'NONE',  ( 5.406602564102563235, -0.5730769230769233724, 0.1000000000000000056 ) ) ;
#2277 = VECTOR ( 'NONE', #9516, 1000.000000000000000 ) ;
#2278 = DIRECTION ( 'NONE',  ( -0.000000000000000000, -0.000000000000000000, -1.000000000000000000 ) ) ;
#2279 = VERTEX_POINT ( 'NONE', #3420 ) ;
#2280 = VECTOR ( 'NONE', #8002, 1000.000000000000000 ) ;
#2281 = ORIENTED_EDGE ( 'NONE', *, *, #10099, .T. ) ;
#2282 = CARTESIAN_POINT ( 'NONE',  ( 5.128536551162463653, -0.006614491318338989838, 0.1000000000000000056 ) ) ;
#2283 = DIRECTION ( 'NONE',  ( 0.000000000000000000, -0.7071067811865467956, -0.7071067811865483499 ) ) ;
#2284 = CARTESIAN_POINT ( 'NONE',  ( 5.101616740996180788, 0.04355990492942405506, 0.1000000000000000056 ) ) ;
#2285 = AXIS2_PLACEMENT_3D ( 'NONE', #10208, #6968, #7801 ) ;
#2286 = AXIS2_PLACEMENT_3D ( 'NONE', #9221, #10165, #7486 ) ;
#2287 = AXIS2_PLACEMENT_3D ( 'NONE', #249, #3634, #4332 ) ;
#2288 = STYLED_ITEM ( 'NONE', ( #4568 ), #2316 ) ;
#2289 = ORIENTED_EDGE ( 'NONE', *, *, #4110, .F. ) ;
#2290 = LINE ( 'NONE', #4822, #704 ) ;
#2291 = ADVANCED_FACE ( 'NONE', ( #2586 ), #6516, .T. ) ;
#2292 = DIRECTION ( 'NONE',  ( 0.000000000000000000, -1.000000000000000000, 0.000000000000000000 ) ) ;
#2293 = DIRECTION ( 'NONE',  ( 1.000000000000000000, -0.000000000000000000, -0.000000000000000000 ) ) ;
#2294 = CARTESIAN_POINT ( 'NONE',  ( 5.423812872858739809, 0.005382692088441371099, 0.1000000000000000056 ) ) ;
#2295 = ADVANCED_FACE ( 'NONE', ( #10060 ), #8475, .T. ) ;
#2296 = VERTEX_POINT ( 'NONE', #9858 ) ;
#2297 = DIRECTION ( 'NONE',  ( 0.000000000000000000, -2.090028284309406488E-16, -1.000000000000000000 ) ) ;
#2298 = ORIENTED_EDGE ( 'NONE', *, *, #1218, .F. ) ;
#2299 = CARTESIAN_POINT ( 'NONE',  ( 5.079999999999999183, -1.198717948717948678, 0.1000000000000000056 ) ) ;
#2300 = VECTOR ( 'NONE', #115, 1000.000000000000000 ) ;
#2301 = VECTOR ( 'NONE', #9699, 1000.000000000000114 ) ;
#2302 = SURFACE_SIDE_STYLE ('',( #10757 ) ) ;
#2303 = CARTESIAN_POINT ( 'NONE',  ( 5.428508626613155919, 0.07538142772057968011, 0.1000000000000000056 ) ) ;
#2304 = ADVANCED_FACE ( 'NONE', ( #9032 ), #5155, .T. ) ;
#2305 = EDGE_CURVE ( 'NONE', #9325, #7221, #1448, .T. ) ;
#2306 = EDGE_CURVE ( 'NONE', #10218, #305, #8218, .T. ) ;
#2307 = PLANE ( 'NONE',  #2038 ) ;
#2308 = AXIS2_PLACEMENT_3D ( 'NONE', #2336, #8117, #6363 ) ;
#2309 = LINE ( 'NONE', #643, #3825 ) ;
#2310 = ORIENTED_EDGE ( 'NONE', *, *, #1637, .T. ) ;
#2311 = FACE_OUTER_BOUND ( 'NONE', #7362, .T. ) ;
#2312 = ORIENTED_EDGE ( 'NONE', *, *, #3820, .T. ) ;
#2313 = LINE ( 'NONE', #9715, #7035 ) ;
#2314 = DIRECTION ( 'NONE',  ( -0.000000000000000000, -0.000000000000000000, -1.000000000000000000 ) ) ;
#2315 = CARTESIAN_POINT ( 'NONE',  ( 5.479999999999999538, 0.3807692307692310818, 0.1000000000000000056 ) ) ;
#2316 = ADVANCED_FACE ( 'NONE', ( #4179 ), #7545, .T. ) ;
#2317 = DIRECTION ( 'NONE',  ( 1.000000000000000000, -0.000000000000000000, -0.000000000000000000 ) ) ;
#2318 = ORIENTED_EDGE ( 'NONE', *, *, #10214, .T. ) ;
#2319 = ORIENTED_EDGE ( 'NONE', *, *, #8943, .F. ) ;
#2320 = ORIENTED_EDGE ( 'NONE', *, *, #10013, .T. ) ;
#2321 = FACE_OUTER_BOUND ( 'NONE', #3122, .T. ) ;
#2322 = CARTESIAN_POINT ( 'NONE',  ( 5.339703578288901298, 0.1268078582256188802, 0.1000000000000000056 ) ) ;
#2323 = ORIENTED_EDGE ( 'NONE', *, *, #8282, .T. ) ;
#2324 = DIRECTION ( 'NONE',  ( 0.000000000000000000, -1.000000000000000000, 0.000000000000000000 ) ) ;
#2325 = ORIENTED_EDGE ( 'NONE', *, *, #8668, .T. ) ;
#2326 = LINE ( 'NONE', #1486, #3363 ) ;
#2327 = CARTESIAN_POINT ( 'NONE',  ( 2.219999999999997975, 5.209999999999999076, -3.000000000000000000 ) ) ;
#2328 =( NAMED_UNIT ( * ) PLANE_ANGLE_UNIT ( ) SI_UNIT ( $, .RADIAN. ) );
#2329 = EDGE_CURVE ( 'NONE', #7986, #5735, #2707, .T. ) ;
#2330 = SURFACE_SIDE_STYLE ('',( #2380 ) ) ;
#2331 = FILL_AREA_STYLE ('',( #5649 ) ) ;
#2332 = CARTESIAN_POINT ( 'NONE',  ( 5.069798251295201119, -0.7425729006964055801, 0.000000000000000000 ) ) ;
#2333 = CARTESIAN_POINT ( 'NONE',  ( 5.282323717948717245, -0.9628205128205130636, 0.1000000000000000056 ) ) ;
#2334 = VERTEX_POINT ( 'NONE', #3537 ) ;
#2335 = EDGE_LOOP ( 'NONE', ( #8322, #1267, #761, #5394 ) ) ;
#2336 = CARTESIAN_POINT ( 'NONE',  ( 6.349999999999996980, 1.249999999999999778, 0.4000000000000001887 ) ) ;
#2337 = DIRECTION ( 'NONE',  ( -0.000000000000000000, 0.000000000000000000, -1.000000000000000000 ) ) ;
#2338 = CARTESIAN_POINT ( 'NONE',  ( 5.080049131518341810, -0.06372673128100585227, 0.1000000000000000056 ) ) ;
#2339 = LINE ( 'NONE', #7406, #9973 ) ;
#2340 = ADVANCED_FACE ( 'NONE', ( #5297 ), #2927, .F. ) ;
#2341 = VERTEX_POINT ( 'NONE', #4629 ) ;
#2342 = LINE ( 'NONE', #5817, #8785 ) ;
#2343 = FACE_BOUND ( 'NONE', #1635, .T. ) ;
#2344 = LINE ( 'NONE', #4935, #4894 ) ;
#2345 = CARTESIAN_POINT ( 'NONE',  ( 2.859999999999998099, -7.249999999999999112, 3.890000000000000568 ) ) ;
#2346 = DIRECTION ( 'NONE',  ( 1.000000000000000000, 0.000000000000000000, 0.000000000000000000 ) ) ;
#2347 = ORIENTED_EDGE ( 'NONE', *, *, #1364, .F. ) ;
#2348 = CARTESIAN_POINT ( 'NONE',  ( 2.219999999999997975, 2.269999999999997797, 0.9099999999999984768 ) ) ;
#2349 = VERTEX_POINT ( 'NONE', #1861 ) ;
#2350 = PLANE ( 'NONE',  #6842 ) ;
#2351 = PLANE ( 'NONE',  #1538 ) ;
#2352 = ADVANCED_FACE ( 'NONE', ( #9607 ), #6885, .F. ) ;
#2353 = DIRECTION ( 'NONE',  ( 0.000000000000000000, -0.7071067811865467956, -0.7071067811865483499 ) ) ;
#2354 = CARTESIAN_POINT ( 'NONE',  ( 5.400055644196157800, -0.8767446215024045086, 0.1000000000000000056 ) ) ;
#2355 = LINE ( 'NONE', #4787, #8549 ) ;
#2356 = ORIENTED_EDGE ( 'NONE', *, *, #10629, .T. ) ;
#2357 = FACE_OUTER_BOUND ( 'NONE', #7121, .T. ) ;
#2358 = LINE ( 'NONE', #9109, #9291 ) ;
#2359 = ORIENTED_EDGE ( 'NONE', *, *, #732, .T. ) ;
#2360 = DIRECTION ( 'NONE',  ( 1.000000000000000000, -0.000000000000000000, -0.000000000000000000 ) ) ;
#2361 =( LENGTH_UNIT ( ) NAMED_UNIT ( * ) SI_UNIT ( .MILLI., .METRE. ) );
#2362 = LINE ( 'NONE', #5679, #2129 ) ;
#2363 = EDGE_CURVE ( 'NONE', #9332, #5564, #1031, .T. ) ;
#2364 = LINE ( 'NONE', #5725, #1337 ) ;
#2365 = ORIENTED_EDGE ( 'NONE', *, *, #10563, .T. ) ;
#2366 = VERTEX_POINT ( 'NONE', #6064 ) ;
#2367 = VERTEX_POINT ( 'NONE', #10332 ) ;
#2368 = CARTESIAN_POINT ( 'NONE',  ( -6.350000000000002309, 1.250000000000000222, 5.000000000000000000 ) ) ;
#2369 = EDGE_CURVE ( 'NONE', #10164, #7178, #48, .T. ) ;
#2370 = CARTESIAN_POINT ( 'NONE',  ( 5.079999999999999183, -1.008974358974358720, -0.000000000000000000 ) ) ;
#2371 = CARTESIAN_POINT ( 'NONE',  ( 5.324366852629228930, 0.1303560275252333145, 0.000000000000000000 ) ) ;
#2372 = VERTEX_POINT ( 'NONE', #650 ) ;
#2373 = CARTESIAN_POINT ( 'NONE',  ( 1.103333333333333721, 1.249999999999999778, 4.599999999999999645 ) ) ;
#2374 = ORIENTED_EDGE ( 'NONE', *, *, #7713, .F. ) ;
#2375 =( LENGTH_UNIT ( ) NAMED_UNIT ( * ) SI_UNIT ( .MILLI., .METRE. ) );
#2376 = LINE ( 'NONE', #8361, #3478 ) ;
#2377 = EDGE_CURVE ( 'NONE', #8365, #9661, #7371, .T. ) ;
#2378 = PRESENTATION_STYLE_ASSIGNMENT (( #7590 ) ) ;
#2379 = CARTESIAN_POINT ( 'NONE',  ( 4.759999999999998899, 5.209999999999999076, -3.000000000000000000 ) ) ;
#2380 = SURFACE_STYLE_FILL_AREA ( #5740 ) ;
#2381 = FACE_OUTER_BOUND ( 'NONE', #10686, .T. ) ;
#2382 = DIRECTION ( 'NONE',  ( 0.000000000000000000, -1.000000000000000000, 1.628629872832303193E-16 ) ) ;
#2383 = PLANE ( 'NONE',  #5086 ) ;
#2384 = ORIENTED_EDGE ( 'NONE', *, *, #7945, .T. ) ;
#2385 = LINE ( 'NONE', #4136, #156 ) ;
#2386 = ORIENTED_EDGE ( 'NONE', *, *, #4915, .T. ) ;
#2387 = CARTESIAN_POINT ( 'NONE',  ( 5.088268905874774539, 0.008533831490173436965, 0.1000000000000000056 ) ) ;
#2388 = LINE ( 'NONE', #6027, #10845 ) ;
#2389 = CARTESIAN_POINT ( 'NONE',  ( 4.759999999999998899, 2.909999999999998366, 1.550000000000000933 ) ) ;
#2390 = CARTESIAN_POINT ( 'NONE',  ( -4.760000000000002451, -7.049999999999999822, 3.450000000000000622 ) ) ;
#2391 = DIRECTION ( 'NONE',  ( 0.000000000000000000, 1.000000000000000000, 1.088556398077815951E-16 ) ) ;
#2392 = LINE ( 'NONE', #5760, #2074 ) ;
#2393 = ADVANCED_FACE ( 'NONE', ( #6488 ), #9770, .F. ) ;
#2394 = VERTEX_POINT ( 'NONE', #9883 ) ;
#2395 = DIRECTION ( 'NONE',  ( -0.6077508431907165942, -0.7941277684358941658, 0.000000000000000000 ) ) ;
#2396 = ORIENTED_EDGE ( 'NONE', *, *, #9865, .T. ) ;
#2397 = AXIS2_PLACEMENT_3D ( 'NONE', #4669, #10384, #414 ) ;
#2398 = CARTESIAN_POINT ( 'NONE',  ( 5.406602564102564124, -0.5730769230769234834, 0.000000000000000000 ) ) ;
#2399 = CARTESIAN_POINT ( 'NONE',  ( 5.275032051282050993, 0.09871794871794895010, 0.1000000000000000056 ) ) ;
#2400 = AXIS2_PLACEMENT_3D ( 'NONE', #8705, #5319, #6956 ) ;
#2401 = VECTOR ( 'NONE', #2794, 1000.000000000000000 ) ;
#2402 = DIRECTION ( 'NONE',  ( 0.000000000000000000, 0.000000000000000000, 1.000000000000000000 ) ) ;
#2403 = DIRECTION ( 'NONE',  ( 1.000000000000000000, -0.000000000000000000, -0.000000000000000000 ) ) ;
#2404 = ORIENTED_EDGE ( 'NONE', *, *, #1554, .F. ) ;
#2405 = PLANE ( 'NONE',  #2638 ) ;
#2406 = VERTEX_POINT ( 'NONE', #6385 ) ;
#2407 =( GEOMETRIC_REPRESENTATION_CONTEXT ( 3 ) GLOBAL_UNCERTAINTY_ASSIGNED_CONTEXT ( ( #787 ) ) GLOBAL_UNIT_ASSIGNED_CONTEXT ( ( #10603, #6427, #1468 ) ) REPRESENTATION_CONTEXT ( 'NONE', 'WORKASPACE' ) );
#2408 = CARTESIAN_POINT ( 'NONE',  ( 2.219999999999997975, -7.249999999999999112, 1.349999999999999867 ) ) ;
#2409 = AXIS2_PLACEMENT_3D ( 'NONE', #10039, #5876, #10805 ) ;
#2410 = EDGE_CURVE ( 'NONE', #6973, #5139, #2362, .T. ) ;
#2411 = DIRECTION ( 'NONE',  ( 1.000000000000000000, -0.000000000000000000, -0.000000000000000000 ) ) ;
#2412 =( NAMED_UNIT ( * ) SI_UNIT ( $, .STERADIAN. ) SOLID_ANGLE_UNIT ( ) );
#2413 =( GEOMETRIC_REPRESENTATION_CONTEXT ( 3 ) GLOBAL_UNCERTAINTY_ASSIGNED_CONTEXT ( ( #9044 ) ) GLOBAL_UNIT_ASSIGNED_CONTEXT ( ( #872, #10059, #814 ) ) REPRESENTATION_CONTEXT ( 'NONE', 'WORKASPACE' ) );
#2414 = AXIS2_PLACEMENT_3D ( 'NONE', #1517, #10862, #10653 ) ;
#2415 = PRESENTATION_STYLE_ASSIGNMENT (( #8145 ) ) ;
#2416 = VERTEX_POINT ( 'NONE', #9833 ) ;
#2417 = EDGE_LOOP ( 'NONE', ( #10416, #1822, #9214, #8151 ) ) ;
#2418 = VECTOR ( 'NONE', #5271, 1000.000000000000000 ) ;
#2419 = EDGE_CURVE ( 'NONE', #2978, #4940, #10503, .T. ) ;
#2420 = ORIENTED_EDGE ( 'NONE', *, *, #10185, .F. ) ;
#2421 = DIRECTION ( 'NONE',  ( 0.6401843996644795975, 0.000000000000000000, 0.7682212795973760722 ) ) ;
#2422 = LINE ( 'NONE', #2370, #8944 ) ;
#2423 = CARTESIAN_POINT ( 'NONE',  ( 5.418314987228019852, 0.08540331890326861852, 0.1000000000000000056 ) ) ;
#2424 = ORIENTED_EDGE ( 'NONE', *, *, #5983, .T. ) ;
#2425 = EDGE_CURVE ( 'NONE', #6001, #1395, #4737, .T. ) ;
#2426 = DIRECTION ( 'NONE',  ( 1.000000000000000000, -0.000000000000000000, -0.000000000000000000 ) ) ;
#2427 = EDGE_LOOP ( 'NONE', ( #796, #6589, #7414, #7101 ) ) ;
#2428 = CARTESIAN_POINT ( 'NONE',  ( -2.860000000000001652, 2.269999999999997797, 0.9099999999999984768 ) ) ;
#2429 = COLOUR_RGB ( '',0.1490196078431372528, 0.1490196078431372528, 0.1490196078431372528 ) ;
#2430 = VECTOR ( 'NONE', #10639, 1000.000000000000000 ) ;
#2431 = CARTESIAN_POINT ( 'NONE',  ( -2.220000000000001972, 2.669999999999999041, -3.000000000000000000 ) ) ;
#2432 = EDGE_CURVE ( 'NONE', #2597, #10042, #549, .T. ) ;
#2433 = CARTESIAN_POINT ( 'NONE',  ( -5.400000000000002132, 5.650000000000000355, 3.890000000000000124 ) ) ;
#2434 = FILL_AREA_STYLE_COLOUR ( '', #9137 ) ;
#2435 = AXIS2_PLACEMENT_3D ( 'NONE', #4980, #3224, #9860 ) ;
#2436 = EDGE_CURVE ( 'NONE', #3635, #5150, #1523, .T. ) ;
#2437 = ORIENTED_EDGE ( 'NONE', *, *, #10552, .F. ) ;
#2438 = CARTESIAN_POINT ( 'NONE',  ( 5.078196792313033114, -0.6824100165126987250, 0.000000000000000000 ) ) ;
#2439 = AXIS2_PLACEMENT_3D ( 'NONE', #5488, #9689, #5312 ) ;
#2440 = CARTESIAN_POINT ( 'NONE',  ( 5.282323717948717245, -0.9628205128205130636, 0.000000000000000000 ) ) ;
#2441 = ORIENTED_EDGE ( 'NONE', *, *, #1629, .T. ) ;
#2442 = FACE_OUTER_BOUND ( 'NONE', #254, .T. ) ;
#2443 = EDGE_LOOP ( 'NONE', ( #6882, #4959, #1816, #5838 ) ) ;
#2444 = CARTESIAN_POINT ( 'NONE',  ( 5.245905874217157816, 0.1331299304514395876, -1.355252715606880543E-17 ) ) ;
#2445 = CARTESIAN_POINT ( 'NONE',  ( 5.082848478406403636, -0.01984010869313763276, 0.1000000000000000056 ) ) ;
#2446 = PRESENTATION_LAYER_ASSIGNMENT (  '', '', ( #2274 ) ) ;
#2447 =( GEOMETRIC_REPRESENTATION_CONTEXT ( 3 ) GLOBAL_UNCERTAINTY_ASSIGNED_CONTEXT ( ( #10575 ) ) GLOBAL_UNIT_ASSIGNED_CONTEXT ( ( #8749, #9018, #5637 ) ) REPRESENTATION_CONTEXT ( 'NONE', 'WORKASPACE' ) );
#2448 = CARTESIAN_POINT ( 'NONE',  ( 5.460328021065294024, 0.02788276866902742596, 0.000000000000000000 ) ) ;
#2449 = LINE ( 'NONE', #7620, #7328 ) ;
#2450 = EDGE_CURVE ( 'NONE', #2296, #6616, #7153, .T. ) ;
#2451 = VECTOR ( 'NONE', #9587, 1000.000000000000000 ) ;
#2452 = LINE ( 'NONE', #1559, #2082 ) ;
#2453 = LINE ( 'NONE', #6526, #4170 ) ;
#2454 = CARTESIAN_POINT ( 'NONE',  ( 5.124911139333488741, -0.02895494939919329019, 0.000000000000000000 ) ) ;
#2455 = ORIENTED_EDGE ( 'NONE', *, *, #4727, .T. ) ;
#2456 = CARTESIAN_POINT ( 'NONE',  ( 5.274871794871794251, -0.2653846153846152189, 0.1000000000000000056 ) ) ;
#2457 = ORIENTED_EDGE ( 'NONE', *, *, #7017, .T. ) ;
#2458 = AXIS2_PLACEMENT_3D ( 'NONE', #5313, #4478, #7008 ) ;
#2459 = CARTESIAN_POINT ( 'NONE',  ( 5.465576923076922888, 0.01410256410256429706, 0.1000000000000000056 ) ) ;
#2460 = LINE ( 'NONE', #10802, #6294 ) ;
#2461 = VECTOR ( 'NONE', #3506, 1000.000000000000000 ) ;
#2462 = VECTOR ( 'NONE', #2625, 1000.000000000000000 ) ;
#2463 = EDGE_CURVE ( 'NONE', #1259, #10266, #4678, .T. ) ;
#2464 = EDGE_CURVE ( 'NONE', #9110, #9180, #346, .T. ) ;
#2465 = CARTESIAN_POINT ( 'NONE',  ( -6.350000000000002309, -1.249999999999999778, 4.090000000000001634 ) ) ;
#2466 = AXIS2_PLACEMENT_3D ( 'NONE', #5720, #4792, #3244 ) ;
#2467 = VERTEX_POINT ( 'NONE', #8037 ) ;
#2468 = VECTOR ( 'NONE', #4252, 1000.000000000000114 ) ;
#2469 = AXIS2_PLACEMENT_3D ( 'NONE', #9492, #6155, #2188 ) ;
#2470 = AXIS2_PLACEMENT_3D ( 'NONE', #3060, #2124, #10468 ) ;
#2471 = AXIS2_PLACEMENT_3D ( 'NONE', #5549, #4609, #7960 ) ;
#2472 = ORIENTED_EDGE ( 'NONE', *, *, #7270, .F. ) ;
#2473 = PLANE ( 'NONE',  #1219 ) ;
#2474 = PLANE ( 'NONE',  #5415 ) ;
#2475 = DIRECTION ( 'NONE',  ( 1.000000000000000000, -0.000000000000000000, -0.000000000000000000 ) ) ;
#2476 = CIRCLE ( 'NONE', #7224, 0.2000000000000000944 ) ;
#2477 = VECTOR ( 'NONE', #2475, 1000.000000000000000 ) ;
#2478 = ORIENTED_EDGE ( 'NONE', *, *, #8053, .F. ) ;
#2479 = EDGE_LOOP ( 'NONE', ( #1810, #199, #7657, #3301, #10546, #10414 ) ) ;
#2480 = ORIENTED_EDGE ( 'NONE', *, *, #1302, .F. ) ;
#2481 =( NAMED_UNIT ( * ) SI_UNIT ( $, .STERADIAN. ) SOLID_ANGLE_UNIT ( ) );
#2482 = FACE_OUTER_BOUND ( 'NONE', #4220, .T. ) ;
#2483 = FACE_OUTER_BOUND ( 'NONE', #6436, .T. ) ;
#2484 = ORIENTED_EDGE ( 'NONE', *, *, #9075, .F. ) ;
#2485 = VECTOR ( 'NONE', #10251, 1000.000000000000114 ) ;
#2486 = CARTESIAN_POINT ( 'NONE',  ( 1.769999999999997353, 1.250000000000000222, 5.000000000000000000 ) ) ;
#2487 = ORIENTED_EDGE ( 'NONE', *, *, #3809, .F. ) ;
#2488 = CARTESIAN_POINT ( 'NONE',  ( 0.3199999999999982858, 4.809999999999999609, 3.250000000000000888 ) ) ;
#2489 = FACE_OUTER_BOUND ( 'NONE', #7785, .T. ) ;
#2490 = EDGE_CURVE ( 'NONE', #2341, #2597, #7397, .T. ) ;
#2491 = ORIENTED_EDGE ( 'NONE', *, *, #469, .F. ) ;
#2492 = CARTESIAN_POINT ( 'NONE',  ( -0.3200000000000017830, 5.009999999999999787, -2.799999999999999822 ) ) ;
#2493 = EDGE_CURVE ( 'NONE', #2000, #1272, #7233, .T. ) ;
#2494 = FACE_OUTER_BOUND ( 'NONE', #5285, .T. ) ;
#2495 = EDGE_LOOP ( 'NONE', ( #5785, #3035, #8541, #427 ) ) ;
#2496 = EDGE_CURVE ( 'NONE', #3542, #8803, #2940, .T. ) ;
#2497 = DIRECTION ( 'NONE',  ( 0.000000000000000000, 1.000000000000000000, 0.000000000000000000 ) ) ;
#2498 = ORIENTED_EDGE ( 'NONE', *, *, #5759, .F. ) ;
#2499 = CARTESIAN_POINT ( 'NONE',  ( 5.138336285532999703, 0.08836942432593405949, -1.355252715606880543E-17 ) ) ;
#2500 = LINE ( 'NONE', #7660, #5812 ) ;
#2501 = CARTESIAN_POINT ( 'NONE',  ( -2.860000000000001652, 4.809999999999998721, 3.450000000000000622 ) ) ;
#2502 = EDGE_CURVE ( 'NONE', #1445, #9375, #5482, .T. ) ;
#2503 = APPLICATION_CONTEXT ( 'automotive_design' ) ;
#2504 = DIRECTION ( 'NONE',  ( -0.000000000000000000, -0.000000000000000000, -1.000000000000000000 ) ) ;
#2505 = LINE ( 'NONE', #6626, #5029 ) ;
#2506 = FACE_OUTER_BOUND ( 'NONE', #10057, .T. ) ;
#2507 = CARTESIAN_POINT ( 'NONE',  ( -6.350000000000002309, -1.249999999999999778, 5.000000000000000000 ) ) ;
#2508 = EDGE_CURVE ( 'NONE', #3079, #3440, #4644, .T. ) ;
#2509 = CARTESIAN_POINT ( 'NONE',  ( 5.431904293782863213, -0.8294835442768578870, 0.000000000000000000 ) ) ;
#2510 = EDGE_CURVE ( 'NONE', #657, #1481, #5583, .T. ) ;
#2511 = ORIENTED_EDGE ( 'NONE', *, *, #8223, .T. ) ;
#2512 = DIRECTION ( 'NONE',  ( 0.7941277684358941658, -0.6077508431907165942, 0.000000000000000000 ) ) ;
#2513 = ORIENTED_EDGE ( 'NONE', *, *, #8338, .F. ) ;
#2514 = LINE ( 'NONE', #2060, #7915 ) ;
#2515 = CARTESIAN_POINT ( 'NONE',  ( 5.236748515506392643, 0.09529007294977172304, 0.1000000000000000056 ) ) ;
#2516 = ADVANCED_FACE ( 'NONE', ( #9788 ), #8158, .F. ) ;
#2517 = CARTESIAN_POINT ( 'NONE',  ( 2.219999999999997975, 2.469999999999999307, 0.7099999999999970779 ) ) ;
#2518 = ORIENTED_EDGE ( 'NONE', *, *, #5999, .F. ) ;
#2519 = CARTESIAN_POINT ( 'NONE',  ( 2.859999999999998099, 5.650000000000000355, 3.890000000000000124 ) ) ;
#2520 = EDGE_LOOP ( 'NONE', ( #6166, #644, #10484, #8761, #2526, #4120 ) ) ;
#2521 = DIRECTION ( 'NONE',  ( 0.000000000000000000, 0.000000000000000000, 1.000000000000000000 ) ) ;
#2522 = FACE_BOUND ( 'NONE', #4851, .T. ) ;
#2523 = CARTESIAN_POINT ( 'NONE',  ( -5.400000000000002132, 3.109999999999999876, 1.349999999999999645 ) ) ;
#2524 = SURFACE_SIDE_STYLE ('',( #5885 ) ) ;
#2525 = ORIENTED_EDGE ( 'NONE', *, *, #5390, .F. ) ;
#2526 = ORIENTED_EDGE ( 'NONE', *, *, #6704, .F. ) ;
#2527 = EDGE_LOOP ( 'NONE', ( #1195, #2848, #6801, #4574 ) ) ;
#2528 = CARTESIAN_POINT ( 'NONE',  ( -5.400000000000003020, 0.6499999999999999112, 0.4000000000000001332 ) ) ;
#2529 = VECTOR ( 'NONE', #7747, 1000.000000000000000 ) ;
#2530 = SURFACE_STYLE_FILL_AREA ( #2699 ) ;
#2531 = DIRECTION ( 'NONE',  ( 0.000000000000000000, -1.000000000000000000, 1.628629872832303439E-16 ) ) ;
#2532 = ORIENTED_EDGE ( 'NONE', *, *, #9364, .F. ) ;
#2533 = EDGE_CURVE ( 'NONE', #8839, #312, #385, .T. ) ;
#2534 = CARTESIAN_POINT ( 'NONE',  ( 5.274871794871794251, -0.2653846153846152189, 0.1000000000000000056 ) ) ;
#2535 = VERTEX_POINT ( 'NONE', #439 ) ;
#2536 = CARTESIAN_POINT ( 'NONE',  ( 5.275032051282050993, 0.09871794871794895010, 0.000000000000000000 ) ) ;
#2537 = DIRECTION ( 'NONE',  ( 0.000000000000000000, 0.000000000000000000, 1.000000000000000000 ) ) ;
#2538 = PLANE ( 'NONE',  #5447 ) ;
#2539 = ORIENTED_EDGE ( 'NONE', *, *, #1922, .F. ) ;
#2540 = LINE ( 'NONE', #8366, #1010 ) ;
#2541 = CARTESIAN_POINT ( 'NONE',  ( 5.245075648304085902, -0.9239797244644095686, 0.1000000000000000056 ) ) ;
#2542 = EDGE_LOOP ( 'NONE', ( #4027, #7219, #10193, #8518 ) ) ;
#2543 = CARTESIAN_POINT ( 'NONE',  ( 4.759999999999998899, -1.250000000000001998, 4.090000000000000746 ) ) ;
#2544 = VERTEX_POINT ( 'NONE', #3766 ) ;
#2545 = CARTESIAN_POINT ( 'NONE',  ( 5.114006682941405479, 0.06299276113810199640, 0.1000000000000000056 ) ) ;
#2546 = CARTESIAN_POINT ( 'NONE',  ( -0.3200000000000017830, 5.649999999999999467, -2.799999999999999822 ) ) ;
#2547 = EDGE_CURVE ( 'NONE', #10329, #6009, #9624, .T. ) ;
#2548 = FACE_OUTER_BOUND ( 'NONE', #4472, .T. ) ;
#2549 = DIRECTION ( 'NONE',  ( 1.000000000000000000, -0.000000000000000000, -0.000000000000000000 ) ) ;
#2550 = LINE ( 'NONE', #4255, #1678 ) ;
#2551 = FILL_AREA_STYLE ('',( #7621 ) ) ;
#2552 = EDGE_CURVE ( 'NONE', #1858, #317, #3001, .T. ) ;
#2553 = CARTESIAN_POINT ( 'NONE',  ( 5.449092696273860170, -0.7618310912372756594, 0.000000000000000000 ) ) ;
#2554 = ORIENTED_EDGE ( 'NONE', *, *, #10350, .T. ) ;
#2555 = CARTESIAN_POINT ( 'NONE',  ( 4.759999999999998899, 2.669999999999999041, -3.000000000000000000 ) ) ;
#2556 = ORIENTED_EDGE ( 'NONE', *, *, #9957, .F. ) ;
#2557 = DIRECTION ( 'NONE',  ( -0.000000000000000000, -0.000000000000000000, -1.000000000000000000 ) ) ;
#2558 = CARTESIAN_POINT ( 'NONE',  ( 5.103673941892381549, -0.6260820121213253042, 0.1000000000000000056 ) ) ;
#2559 = ADVANCED_FACE ( 'NONE', ( #8859 ), #501, .F. ) ;
#2560 = CARTESIAN_POINT ( 'NONE',  ( 5.399999999999998579, 5.649999999999999467, -2.799999999999999822 ) ) ;
#2561 = DIRECTION ( 'NONE',  ( 0.000000000000000000, 1.000000000000000000, 1.088556398077815828E-16 ) ) ;
#2562 = EDGE_LOOP ( 'NONE', ( #4680, #3964, #10723, #8899 ) ) ;
#2563 = STYLED_ITEM ( 'NONE', ( #8318 ), #878 ) ;
#2564 = EDGE_CURVE ( 'NONE', #5212, #3183, #1596, .T. ) ;
#2565 = LINE ( 'NONE', #3452, #519 ) ;
#2566 = ORIENTED_EDGE ( 'NONE', *, *, #455, .T. ) ;
#2567 = DIRECTION ( 'NONE',  ( 0.000000000000000000, 0.000000000000000000, 1.000000000000000000 ) ) ;
#2568 = PRESENTATION_LAYER_ASSIGNMENT (  '', '', ( #806 ) ) ;
#2569 = PLANE ( 'NONE',  #3662 ) ;
#2570 = CYLINDRICAL_SURFACE ( 'NONE', #1050, 0.2000000000000000944 ) ;
#2571 = LINE ( 'NONE', #4276, #2229 ) ;
#2572 = CARTESIAN_POINT ( 'NONE',  ( 5.288900355815194132, 0.09854404643978449674, 0.1000000000000000056 ) ) ;
#2573 = VECTOR ( 'NONE', #282, 1000.000000000000000 ) ;
#2574 = CARTESIAN_POINT ( 'NONE',  ( 5.438953675051445558, -0.1226758223654682706, 0.1000000000000000056 ) ) ;
#2575 = VERTEX_POINT ( 'NONE', #2431 ) ;
#2576 = ORIENTED_EDGE ( 'NONE', *, *, #4408, .T. ) ;
#2577 = VECTOR ( 'NONE', #2115, 1000.000000000000000 ) ;
#2578 = ORIENTED_EDGE ( 'NONE', *, *, #9145, .F. ) ;
#2579 = CARTESIAN_POINT ( 'NONE',  ( -2.860000000000001652, -1.250000000000000222, 1.550000000000000488 ) ) ;
#2580 = LINE ( 'NONE', #5843, #6840 ) ;
#2581 = EDGE_LOOP ( 'NONE', ( #586, #4828, #5345, #9724 ) ) ;
#2582 = DIRECTION ( 'NONE',  ( 1.000000000000000000, -0.000000000000000000, -0.000000000000000000 ) ) ;
#2583 = VERTEX_POINT ( 'NONE', #1540 ) ;
#2584 = CARTESIAN_POINT ( 'NONE',  ( 2.859999999999998099, -7.049999999999999822, 4.090000000000000746 ) ) ;
#2585 = DIRECTION ( 'NONE',  ( 0.000000000000000000, -1.000000000000000000, 1.628629872832303439E-16 ) ) ;
#2586 = FACE_OUTER_BOUND ( 'NONE', #6675, .T. ) ;
#2587 = VECTOR ( 'NONE', #3476, 1000.000000000000000 ) ;
#2588 = VECTOR ( 'NONE', #6287, 1000.000000000000000 ) ;
#2589 = DIRECTION ( 'NONE',  ( 0.7682212795973760722, 0.000000000000000000, -0.6401843996644795975 ) ) ;
#2590 = EDGE_CURVE ( 'NONE', #4103, #4560, #10780, .T. ) ;
#2591 = ORIENTED_EDGE ( 'NONE', *, *, #6659, .F. ) ;
#2592 = PLANE ( 'NONE',  #1385 ) ;
#2593 = VECTOR ( 'NONE', #2411, 1000.000000000000000 ) ;
#2594 = CARTESIAN_POINT ( 'NONE',  ( 5.129432967687222344, -0.8340662866707581058, 0.000000000000000000 ) ) ;
#2595 = VECTOR ( 'NONE', #5217, 1000.000000000000000 ) ;
#2596 = DIRECTION ( 'NONE',  ( 0.000000000000000000, 0.000000000000000000, -1.000000000000000000 ) ) ;
#2597 = VERTEX_POINT ( 'NONE', #4855 ) ;
#2598 = DIRECTION ( 'NONE',  ( 1.000000000000000000, 0.000000000000000000, -0.000000000000000000 ) ) ;
#2599 =( GEOMETRIC_REPRESENTATION_CONTEXT ( 3 ) GLOBAL_UNCERTAINTY_ASSIGNED_CONTEXT ( ( #3010 ) ) GLOBAL_UNIT_ASSIGNED_CONTEXT ( ( #4960, #808, #2481 ) ) REPRESENTATION_CONTEXT ( 'NONE', 'WORKASPACE' ) );
#2600 = CARTESIAN_POINT ( 'NONE',  ( -2.517868852459014928, 1.250000000000000222, 8.193442622950820819 ) ) ;
#2601 = DIRECTION ( 'NONE',  ( 1.000000000000000000, 0.000000000000000000, 0.000000000000000000 ) ) ;
#2602 =( GEOMETRIC_REPRESENTATION_CONTEXT ( 3 ) GLOBAL_UNCERTAINTY_ASSIGNED_CONTEXT ( ( #3562 ) ) GLOBAL_UNIT_ASSIGNED_CONTEXT ( ( #933, #1716, #5142 ) ) REPRESENTATION_CONTEXT ( 'NONE', 'WORKASPACE' ) );
#2603 = AXIS2_PLACEMENT_3D ( 'NONE', #5159, #10204, #2011 ) ;
#2604 = CARTESIAN_POINT ( 'NONE',  ( -0.3200000000000017830, -7.049999999999999822, 0.9100000000000000311 ) ) ;
#2605 = CARTESIAN_POINT ( 'NONE',  ( -4.760000000000002451, 4.809999999999999609, 3.250000000000000888 ) ) ;
#2606 = SURFACE_STYLE_USAGE ( .BOTH. , #10123 ) ;
#2607 = CARTESIAN_POINT ( 'NONE',  ( 5.850000000000001421, 5.650000000000000355, 1.885956070686927405E-16 ) ) ;
#2608 = CARTESIAN_POINT ( 'NONE',  ( 5.436630559816197916, -0.8188309024427534721, 0.1000000000000000056 ) ) ;
#2609 = ORIENTED_EDGE ( 'NONE', *, *, #9364, .T. ) ;
#2610 = DIRECTION ( 'NONE',  ( 0.000000000000000000, 1.000000000000000000, 1.088556398077815828E-16 ) ) ;
#2611 = ORIENTED_EDGE ( 'NONE', *, *, #8946, .F. ) ;
#2612 = CARTESIAN_POINT ( 'NONE',  ( 4.309999999999997833, 5.650000000000000355, 0.000000000000000000 ) ) ;
#2613 = DIRECTION ( 'NONE',  ( 0.000000000000000000, 0.000000000000000000, 1.000000000000000000 ) ) ;
#2614 = VECTOR ( 'NONE', #10524, 999.9999999999998863 ) ;
#2615 = CARTESIAN_POINT ( 'NONE',  ( 5.075029664549650654, -0.6946980637304638329, 0.1000000000000000056 ) ) ;
#2616 = VECTOR ( 'NONE', #2426, 1000.000000000000000 ) ;
#2617 = VECTOR ( 'NONE', #1863, 1000.000000000000000 ) ;
#2618 = EDGE_CURVE ( 'NONE', #2296, #1950, #10736, .T. ) ;
#2619 = ORIENTED_EDGE ( 'NONE', *, *, #4081, .F. ) ;
#2620 = CARTESIAN_POINT ( 'NONE',  ( 5.489029233605164038, -0.7204453949143748703, -0.000000000000000000 ) ) ;
#2621 = PLANE ( 'NONE',  #4542 ) ;
#2622 = ORIENTED_EDGE ( 'NONE', *, *, #2090, .T. ) ;
#2623 = EDGE_CURVE ( 'NONE', #1690, #10741, #2835, .T. ) ;
#2624 = VECTOR ( 'NONE', #10400, 1000.000000000000000 ) ;
#2625 = DIRECTION ( 'NONE',  ( -1.000000000000000000, 0.000000000000000000, 0.000000000000000000 ) ) ;
#2626 = ORIENTED_EDGE ( 'NONE', *, *, #2305, .T. ) ;
#2627 = ADVANCED_FACE ( 'NONE', ( #8263 ), #8317, .T. ) ;
#2628 = DIRECTION ( 'NONE',  ( 1.000000000000000000, 0.000000000000000000, -0.000000000000000000 ) ) ;
#2629 = VECTOR ( 'NONE', #4937, 1000.000000000000000 ) ;
#2630 = EDGE_CURVE ( 'NONE', #9513, #10155, #1489, .T. ) ;
#2631 = DIRECTION ( 'NONE',  ( 0.000000000000000000, 0.000000000000000000, 1.000000000000000000 ) ) ;
#2632 = DIRECTION ( 'NONE',  ( 1.000000000000000000, -0.000000000000000000, -0.000000000000000000 ) ) ;
#2633 = DIRECTION ( 'NONE',  ( 1.000000000000000000, -0.000000000000000000, -0.000000000000000000 ) ) ;
#2634 = ADVANCED_FACE ( 'NONE', ( #4912 ), #4088, .F. ) ;
#2635 = AXIS2_PLACEMENT_3D ( 'NONE', #9007, #7310, #4735 ) ;
#2636 = AXIS2_PLACEMENT_3D ( 'NONE', #7720, #2718, #1608 ) ;
#2637 =( NAMED_UNIT ( * ) PLANE_ANGLE_UNIT ( ) SI_UNIT ( $, .RADIAN. ) );
#2638 = AXIS2_PLACEMENT_3D ( 'NONE', #4011, #1578, #7261 ) ;
#2639 = ORIENTED_EDGE ( 'NONE', *, *, #7336, .F. ) ;
#2640 = ORIENTED_EDGE ( 'NONE', *, *, #4666, .F. ) ;
#2641 = AXIS2_PLACEMENT_3D ( 'NONE', #5180, #3984, #2337 ) ;
#2642 = VECTOR ( 'NONE', #4709, 1000.000000000000000 ) ;
#2643 = ORIENTED_EDGE ( 'NONE', *, *, #153, .T. ) ;
#2644 = CARTESIAN_POINT ( 'NONE',  ( 5.399999999999998579, 2.269999999999999130, 0.7099999999999985212 ) ) ;
#2645 = PLANE ( 'NONE',  #10355 ) ;
#2646 = ORIENTED_EDGE ( 'NONE', *, *, #4256, .F. ) ;
#2647 = DIRECTION ( 'NONE',  ( 0.000000000000000000, 6.938893903907229610E-17, -1.000000000000000000 ) ) ;
#2648 = ORIENTED_EDGE ( 'NONE', *, *, #4856, .T. ) ;
#2649 = LINE ( 'NONE', #9331, #9630 ) ;
#2650 = VERTEX_POINT ( 'NONE', #6609 ) ;
#2651 = LINE ( 'NONE', #8783, #9464 ) ;
#2652 = LINE ( 'NONE', #6116, #2587 ) ;
#2653 = DIRECTION ( 'NONE',  ( 0.000000000000000000, 1.000000000000000000, 1.088556398077815951E-16 ) ) ;
#2654 = VECTOR ( 'NONE', #3121, 1000.000000000000000 ) ;
#2655 = VECTOR ( 'NONE', #10621, 1000.000000000000000 ) ;
#2656 = EDGE_CURVE ( 'NONE', #9839, #6876, #4969, .T. ) ;
#2657 = CARTESIAN_POINT ( 'NONE',  ( 5.289518626924863298, -0.9626427764139905419, -0.000000000000000000 ) ) ;
#2658 = EDGE_LOOP ( 'NONE', ( #1841, #6127, #1467, #8003 ) ) ;
#2659 = EDGE_CURVE ( 'NONE', #7644, #4966, #9579, .T. ) ;
#2660 = AXIS2_PLACEMENT_3D ( 'NONE', #5690, #7993, #4689 ) ;
#2661 = CARTESIAN_POINT ( 'NONE',  ( -2.860000000000001652, 3.109999999999998987, -2.799999999999999822 ) ) ;
#2662 = CARTESIAN_POINT ( 'NONE',  ( 5.113547616972651255, -0.7843728580153419561, 0.1000000000000000056 ) ) ;
#2663 = ORIENTED_EDGE ( 'NONE', *, *, #8875, .T. ) ;
#2664 = CARTESIAN_POINT ( 'NONE',  ( 5.139695512820511958, -0.9120993589743592311, 0.1000000000000000056 ) ) ;
#2665 = ORIENTED_EDGE ( 'NONE', *, *, #1370, .T. ) ;
#2666 = DIRECTION ( 'NONE',  ( 0.000000000000000000, 0.000000000000000000, 1.000000000000000000 ) ) ;
#2667 = DIRECTION ( 'NONE',  ( -0.000000000000000000, -0.000000000000000000, -1.000000000000000000 ) ) ;
#2668 = EDGE_CURVE ( 'NONE', #1133, #5473, #228, .T. ) ;
#2669 = CARTESIAN_POINT ( 'NONE',  ( -4.760000000000002451, 5.209999999999999076, -3.000000000000000000 ) ) ;
#2670 = DIRECTION ( 'NONE',  ( 1.000000000000000000, -0.000000000000000000, -0.000000000000000000 ) ) ;
#2671 = DIRECTION ( 'NONE',  ( 0.000000000000000000, -1.000000000000000000, 0.000000000000000000 ) ) ;
#2672 = LINE ( 'NONE', #9241, #2791 ) ;
#2673 = CARTESIAN_POINT ( 'NONE',  ( 5.440450607488585000, -0.8078489141292207742, 0.000000000000000000 ) ) ;
#2674 = ORIENTED_EDGE ( 'NONE', *, *, #8034, .F. ) ;
#2675 = PLANE ( 'NONE',  #2128 ) ;
#2676 = ORIENTED_EDGE ( 'NONE', *, *, #7603, .T. ) ;
#2677 = CARTESIAN_POINT ( 'NONE',  ( 5.076395752695643360, -0.8081289035275428523, 0.000000000000000000 ) ) ;
#2678 = LINE ( 'NONE', #1113, #2047 ) ;
#2679 = EDGE_CURVE ( 'NONE', #8085, #5316, #3564, .T. ) ;
#2680 = DIRECTION ( 'NONE',  ( -1.000000000000000000, 0.000000000000000000, 0.000000000000000000 ) ) ;
#2681 = DIRECTION ( 'NONE',  ( -1.000000000000000000, 0.000000000000000000, 0.000000000000000000 ) ) ;
#2682 = VERTEX_POINT ( 'NONE', #4537 ) ;
#2683 = CARTESIAN_POINT ( 'NONE',  ( 5.449443222330632608, -0.6153366918290672505, 0.000000000000000000 ) ) ;
#2684 = DIRECTION ( 'NONE',  ( -0.000000000000000000, 0.000000000000000000, -1.000000000000000000 ) ) ;
#2685 = VERTEX_POINT ( 'NONE', #5369 ) ;
#2686 = LINE ( 'NONE', #3402, #3348 ) ;
#2687 = ORIENTED_EDGE ( 'NONE', *, *, #2101, .T. ) ;
#2688 = FACE_OUTER_BOUND ( 'NONE', #4272, .T. ) ;
#2689 = CARTESIAN_POINT ( 'NONE',  ( -7.014918032786886748, 1.250000000000000222, 4.445901639344263856 ) ) ;
#2690 = CARTESIAN_POINT ( 'NONE',  ( 5.479949420571889718, -0.1057954855969310132, 0.1000000000000000056 ) ) ;
#2691 = LINE ( 'NONE', #9211, #8194 ) ;
#2692 = EDGE_CURVE ( 'NONE', #8967, #9577, #4312, .T. ) ;
#2693 = FACE_OUTER_BOUND ( 'NONE', #8998, .T. ) ;
#2694 = CARTESIAN_POINT ( 'NONE',  ( 5.436312077836027434, -0.05649224687955085866, 0.1000000000000000056 ) ) ;
#2695 = ORIENTED_EDGE ( 'NONE', *, *, #2432, .T. ) ;
#2696 = ORIENTED_EDGE ( 'NONE', *, *, #3553, .T. ) ;
#2697 = EDGE_LOOP ( 'NONE', ( #3921, #8027, #3162, #6472 ) ) ;
#2698 = B_SPLINE_SURFACE_WITH_KNOTS ( 'NONE', 3, 1, ( 
 ( #3670, #1887 ),
 ( #9247, #7012 ),
 ( #7788, #3614 ),
 ( #7675, #8543 ),
 ( #1787, #8497 ),
 ( #6955, #5259 ),
 ( #3504, #2677 ),
 ( #9358, #1836 ),
 ( #999, #8601 ),
 ( #3829, #1231 ),
 ( #8704, #6409 ),
 ( #9578, #8764 ),
 ( #2175, #7954 ),
 ( #7899, #3886 ),
 ( #5591, #10584 ),
 ( #7290, #2057 ),
 ( #2902, #339 ),
 ( #1397, #4536 ),
 ( #8921, #4701 ) ),
 .UNSPECIFIED., .F., .F., .F.,
 ( 4, 1, 1, 1, 1, 1, 1, 1, 1, 1, 1, 1, 1, 1, 1, 1, 4 ),
 ( 2, 2 ),
 ( 0.000000000000000000, 0.06966280089907736506, 0.1377495622582729784, 0.2039167435177827725, 0.2687798623293364830, 0.3324137064772241801, 0.3947535404471400611, 0.4561800316591678173, 0.5169956491967196976, 0.5773959379659524549, 0.6371983435092746229, 0.6969991842614544630, 0.7567561942255598417, 0.8165539052726086267, 0.8769479965978684843, 0.9381317879205941512, 1.000000000000000000 ),
 ( 0.000000000000000000, 1.000000000000000000 ),
 .UNSPECIFIED. ) ;
#2699 = FILL_AREA_STYLE ('',( #10053 ) ) ;
#2700 = VERTEX_POINT ( 'NONE', #7676 ) ;
#2701 = CARTESIAN_POINT ( 'NONE',  ( 2.219999999999997975, -7.049999999999999822, 1.550000000000000044 ) ) ;
#2702 = ORIENTED_EDGE ( 'NONE', *, *, #612, .F. ) ;
#2703 = EDGE_CURVE ( 'NONE', #3998, #10776, #10197, .T. ) ;
#2704 = DIRECTION ( 'NONE',  ( -0.6401843996644789314, 0.000000000000000000, -0.7682212795973766273 ) ) ;
#2705 = ORIENTED_EDGE ( 'NONE', *, *, #4396, .T. ) ;
#2706 = DIRECTION ( 'NONE',  ( -0.000000000000000000, 0.000000000000000000, -1.000000000000000000 ) ) ;
#2707 = LINE ( 'NONE', #9444, #1224 ) ;
#2708 = FACE_OUTER_BOUND ( 'NONE', #3359, .T. ) ;
#2709 = EDGE_CURVE ( 'NONE', #3474, #6549, #6144, .T. ) ;
#2710 = ORIENTED_EDGE ( 'NONE', *, *, #8444, .T. ) ;
#2711 = DIRECTION ( 'NONE',  ( -0.6401843996644795975, 0.000000000000000000, 0.7682212795973760722 ) ) ;
#2712 = CARTESIAN_POINT ( 'NONE',  ( 5.279599358974357948, -0.9269230769230771827, 0.000000000000000000 ) ) ;
#2713 = ORIENTED_EDGE ( 'NONE', *, *, #8835, .F. ) ;
#2714 = EDGE_CURVE ( 'NONE', #928, #2394, #3892, .T. ) ;
#2715 = LINE ( 'NONE', #927, #9454 ) ;
#2716 = ORIENTED_EDGE ( 'NONE', *, *, #470, .F. ) ;
#2717 = CARTESIAN_POINT ( 'NONE',  ( 5.081237282365929531, -0.03554839324950122975, -1.355252715606880543E-17 ) ) ;
#2718 = DIRECTION ( 'NONE',  ( 0.000000000000000000, -1.000000000000000000, 1.296504840042457116E-16 ) ) ;
#2719 = FACE_OUTER_BOUND ( 'NONE', #5350, .T. ) ;
#2720 = CARTESIAN_POINT ( 'NONE',  ( 5.208205128205127821, 0.2858974358974362140, 0.000000000000000000 ) ) ;
#2721 = CARTESIAN_POINT ( 'NONE',  ( 5.482226827525652268, -0.8125411157345309165, 0.1000000000000000056 ) ) ;
#2722 = CARTESIAN_POINT ( 'NONE',  ( -1.770000000000001128, 5.650000000000000355, 5.000000000000000000 ) ) ;
#2723 = CARTESIAN_POINT ( 'NONE',  ( 5.428684002013130616, -0.01000505775383151059, 0.1000000000000000056 ) ) ;
#2724 = CARTESIAN_POINT ( 'NONE',  ( 5.177435897435896273, -0.6044871794871796711, 0.000000000000000000 ) ) ;
#2725 = VERTEX_POINT ( 'NONE', #3732 ) ;
#2726 = CARTESIAN_POINT ( 'NONE',  ( 5.440450607488585000, -0.8078489141292207742, 0.000000000000000000 ) ) ;
#2727 = ORIENTED_EDGE ( 'NONE', *, *, #8083, .T. ) ;
#2728 = LINE ( 'NONE', #6796, #534 ) ;
#2729 = DIRECTION ( 'NONE',  ( 0.000000000000000000, 1.628629872832303439E-16, 1.000000000000000000 ) ) ;
#2730 = CARTESIAN_POINT ( 'NONE',  ( 6.349999999999996980, 0.6499999999999999112, 4.090000000000000746 ) ) ;
#2731 = CARTESIAN_POINT ( 'NONE',  ( -5.400000000000002132, -7.049999999999999822, 0.9100000000000000311 ) ) ;
#2732 = EDGE_LOOP ( 'NONE', ( #8256, #7626, #223, #9856 ) ) ;
#2733 = CARTESIAN_POINT ( 'NONE',  ( 5.416281173706971153, -0.5804124944379742690, 0.000000000000000000 ) ) ;
#2734 = ADVANCED_FACE ( 'NONE', ( #4367 ), #10250, .F. ) ;
#2735 = CARTESIAN_POINT ( 'NONE',  ( -5.400000000000002132, 5.450000000000000178, -3.000000000000000000 ) ) ;
#2736 = ORIENTED_EDGE ( 'NONE', *, *, #10451, .F. ) ;
#2737 = LINE ( 'NONE', #7797, #9453 ) ;
#2738 = PLANE ( 'NONE',  #8769 ) ;
#2739 = CARTESIAN_POINT ( 'NONE',  ( 5.399999999999998579, -7.249999999999999112, 3.650000000000000799 ) ) ;
#2740 = ORIENTED_EDGE ( 'NONE', *, *, #8034, .T. ) ;
#2741 = CARTESIAN_POINT ( 'NONE',  ( 5.242210412793820495, -0.9598823722681244508, 0.1000000000000000056 ) ) ;
#2742 = CARTESIAN_POINT ( 'NONE',  ( -4.760000000000002451, 0.6500000000000000222, 0.9099999999999986988 ) ) ;
#2743 = CARTESIAN_POINT ( 'NONE',  ( 5.479999999999999538, 0.3807692307692310818, 0.000000000000000000 ) ) ;
#2744 = DIRECTION ( 'NONE',  ( -1.000000000000000000, 0.000000000000000000, 0.000000000000000000 ) ) ;
#2745 = LINE ( 'NONE', #6104, #5741 ) ;
#2746 = ORIENTED_EDGE ( 'NONE', *, *, #5304, .T. ) ;
#2747 = ORIENTED_EDGE ( 'NONE', *, *, #1669, .T. ) ;
#2748 = CARTESIAN_POINT ( 'NONE',  ( -5.400000000000002132, -7.049999999999999822, 4.090000000000000746 ) ) ;
#2749 = ORIENTED_EDGE ( 'NONE', *, *, #6672, .T. ) ;
#2750 = EDGE_CURVE ( 'NONE', #4502, #10266, #7900, .T. ) ;
#2751 = DIRECTION ( 'NONE',  ( 1.000000000000000000, 0.000000000000000000, -0.000000000000000000 ) ) ;
#2752 = ORIENTED_EDGE ( 'NONE', *, *, #2968, .T. ) ;
#2753 = FILL_AREA_STYLE ('',( #6928 ) ) ;
#2754 = VERTEX_POINT ( 'NONE', #944 ) ;
#2755 = ORIENTED_EDGE ( 'NONE', *, *, #8945, .F. ) ;
#2756 = STYLED_ITEM ( 'NONE', ( #6816 ), #602 ) ;
#2757 = CARTESIAN_POINT ( 'NONE',  ( 4.759999999999998899, -7.249999999999999112, 3.650000000000000799 ) ) ;
#2758 = VECTOR ( 'NONE', #1954, 1000.000000000000000 ) ;
#2759 = EDGE_CURVE ( 'NONE', #928, #6876, #2678, .T. ) ;
#2760 = PLANE ( 'NONE',  #9447 ) ;
#2761 = CARTESIAN_POINT ( 'NONE',  ( 5.427756410256408870, -0.006650641025640825071, 0.000000000000000000 ) ) ;
#2762 = ADVANCED_FACE ( 'NONE', ( #6038 ), #3615, .F. ) ;
#2763 = PLANE ( 'NONE',  #4036 ) ;
#2764 = ORIENTED_EDGE ( 'NONE', *, *, #7981, .T. ) ;
#2765 = CARTESIAN_POINT ( 'NONE',  ( 5.282323717948717245, -0.9628205128205130636, 0.000000000000000000 ) ) ;
#2766 = ORIENTED_EDGE ( 'NONE', *, *, #5963, .F. ) ;
#2767 = DIRECTION ( 'NONE',  ( -1.000000000000000000, 0.000000000000000000, 0.000000000000000000 ) ) ;
#2768 = VECTOR ( 'NONE', #220, 1000.000000000000000 ) ;
#2770 = MECHANICAL_DESIGN_GEOMETRIC_PRESENTATION_REPRESENTATION (  '', ( #1702 ), #7335 ) ;
#2769 = UNCERTAINTY_MEASURE_WITH_UNIT (LENGTH_MEASURE( 1.000000000000000082E-05 ), #1120, 'distance_accuracy_value', 'NONE');
#2771 = EDGE_CURVE ( 'NONE', #3466, #1509, #5205, .T. ) ;
#2772 = LINE ( 'NONE', #10458, #6133 ) ;
#2773 = EDGE_CURVE ( 'NONE', #5009, #8638, #9412, .T. ) ;
#2774 = AXIS2_PLACEMENT_3D ( 'NONE', #7099, #5628, #3861 ) ;
#2775 = DIRECTION ( 'NONE',  ( 1.000000000000000000, 0.000000000000000000, -0.000000000000000000 ) ) ;
#2776 = CARTESIAN_POINT ( 'NONE',  ( 5.456814468490103209, -0.8690880277590836700, 0.1000000000000000056 ) ) ;
#2777 =( GEOMETRIC_REPRESENTATION_CONTEXT ( 3 ) GLOBAL_UNCERTAINTY_ASSIGNED_CONTEXT ( ( #4211 ) ) GLOBAL_UNIT_ASSIGNED_CONTEXT ( ( #8292, #7463, #789 ) ) REPRESENTATION_CONTEXT ( 'NONE', 'WORKASPACE' ) );
#2778 = CARTESIAN_POINT ( 'NONE',  ( 2.859999999999998099, 0.6500000000000000222, 0.9099999999999986988 ) ) ;
#2779 = VECTOR ( 'NONE', #4695, 999.9999999999998863 ) ;
#2780 = CARTESIAN_POINT ( 'NONE',  ( 5.438330207658811588, -0.09024357797453159968, 0.000000000000000000 ) ) ;
#2781 = CARTESIAN_POINT ( 'NONE',  ( 5.114560310930753140, -0.7064717207445062597, -0.000000000000000000 ) ) ;
#2782 = VERTEX_POINT ( 'NONE', #5260 ) ;
#2783 = SURFACE_STYLE_USAGE ( .BOTH. , #5366 ) ;
#2784 = ORIENTED_EDGE ( 'NONE', *, *, #7357, .T. ) ;
#2785 = UNCERTAINTY_MEASURE_WITH_UNIT (LENGTH_MEASURE( 1.000000000000000082E-05 ), #5103, 'distance_accuracy_value', 'NONE');
#2786 = FACE_OUTER_BOUND ( 'NONE', #1627, .T. ) ;
#2787 = PLANE ( 'NONE',  #1153 ) ;
#2788 = CARTESIAN_POINT ( 'NONE',  ( -1.769999999999999352, 5.650000000000000355, 1.885956070686927405E-16 ) ) ;
#2789 = DIRECTION ( 'NONE',  ( 1.000000000000000000, -0.000000000000000000, -0.000000000000000000 ) ) ;
#2790 = PRESENTATION_LAYER_ASSIGNMENT (  '', '', ( #10141 ) ) ;
#2791 = VECTOR ( 'NONE', #10079, 1000.000000000000000 ) ;
#2792 = ADVANCED_FACE ( 'NONE', ( #8656 ), #2787, .F. ) ;
#2793 = ORIENTED_EDGE ( 'NONE', *, *, #348, .F. ) ;
#2794 = DIRECTION ( 'NONE',  ( 0.000000000000000000, -1.000000000000000000, 1.628629872832303193E-16 ) ) ;
#2795 = CARTESIAN_POINT ( 'NONE',  ( -2.220000000000001972, -7.049999999999999822, 1.550000000000000044 ) ) ;
#2796 = ORIENTED_EDGE ( 'NONE', *, *, #8628, .F. ) ;
#2797 = VECTOR ( 'NONE', #10407, 1000.000000000000000 ) ;
#2798 = LINE ( 'NONE', #9170, #8558 ) ;
#2799 = DIRECTION ( 'NONE',  ( 0.000000000000000000, 1.000000000000000000, 1.088556398077815828E-16 ) ) ;
#2800 = CARTESIAN_POINT ( 'NONE',  ( 5.111119939259325839, -0.7661474869930752218, 0.000000000000000000 ) ) ;
#2801 = ORIENTED_EDGE ( 'NONE', *, *, #7204, .F. ) ;
#2802 = VECTOR ( 'NONE', #819, 1000.000000000000114 ) ;
#2803 = CARTESIAN_POINT ( 'NONE',  ( 2.219999999999997975, 4.809999999999998721, 3.450000000000000622 ) ) ;
#2804 = CARTESIAN_POINT ( 'NONE',  ( -5.400000000000002132, -7.049999999999999822, 4.090000000000000746 ) ) ;
#2805 = CARTESIAN_POINT ( 'NONE',  ( 2.219999999999997975, 0.6500000000000000222, 0.9099999999999986988 ) ) ;
#2806 = EDGE_CURVE ( 'NONE', #10492, #3857, #9475, .T. ) ;
#2807 = ADVANCED_FACE ( 'NONE', ( #4653 ), #3939, .T. ) ;
#2808 = AXIS2_PLACEMENT_3D ( 'NONE', #2206, #3965, #3254 ) ;
#2809 = FACE_OUTER_BOUND ( 'NONE', #10246, .T. ) ;
#2810 = VECTOR ( 'NONE', #4612, 1000.000000000000000 ) ;
#2811 = ORIENTED_EDGE ( 'NONE', *, *, #3387, .F. ) ;
#2812 = VECTOR ( 'NONE', #2887, 1000.000000000000000 ) ;
#2813 = EDGE_LOOP ( 'NONE', ( #5224, #2766, #3410, #2913, #9011, #1919 ) ) ;
#2814 = CARTESIAN_POINT ( 'NONE',  ( 5.114560310930753140, -0.7064717207445062597, 0.000000000000000000 ) ) ;
#2815 = ORIENTED_EDGE ( 'NONE', *, *, #4587, .T. ) ;
#2816 = VECTOR ( 'NONE', #9647, 1000.000000000000000 ) ;
#2817 = DIRECTION ( 'NONE',  ( 1.000000000000000000, -0.000000000000000000, -0.000000000000000000 ) ) ;
#2818 = VERTEX_POINT ( 'NONE', #8987 ) ;
#2819 = LINE ( 'NONE', #4566, #7722 ) ;
#2820 = ORIENTED_EDGE ( 'NONE', *, *, #7405, .T. ) ;
#2821 = FILL_AREA_STYLE_COLOUR ( '', #6462 ) ;
#2822 = CARTESIAN_POINT ( 'NONE',  ( 5.274951923076922178, 0.1346153846153848310, 0.000000000000000000 ) ) ;
#2823 = VECTOR ( 'NONE', #8044, 1000.000000000000000 ) ;
#2824 = VECTOR ( 'NONE', #10036, 999.9999999999998863 ) ;
#2825 = COLOUR_RGB ( '',0.1490196078431372528, 0.1490196078431372528, 0.1490196078431372528 ) ;
#2826 = VECTOR ( 'NONE', #1076, 1000.000000000000000 ) ;
#2827 = PLANE ( 'NONE',  #9164 ) ;
#2828 = VERTEX_POINT ( 'NONE', #8061 ) ;
#2829 = LINE ( 'NONE', #428, #7194 ) ;
#2830 = VECTOR ( 'NONE', #6590, 1000.000000000000000 ) ;
#2831 = AXIS2_PLACEMENT_3D ( 'NONE', #5023, #8373, #1825 ) ;
#2832 = CARTESIAN_POINT ( 'NONE',  ( 0.3199999999999982303, 0.6499999999999999112, 0.4000000000000001332 ) ) ;
#2833 = ORIENTED_EDGE ( 'NONE', *, *, #7638, .F. ) ;
#2834 = AXIS2_PLACEMENT_3D ( 'NONE', #10754, #10699, #4829 ) ;
#2835 = CIRCLE ( 'NONE', #8961, 0.2000000000000000944 ) ;
#2836 = VECTOR ( 'NONE', #6625, 1000.000000000000000 ) ;
#2837 = ORIENTED_EDGE ( 'NONE', *, *, #2759, .F. ) ;
#2838 = DIRECTION ( 'NONE',  ( -1.000000000000000000, 0.000000000000000000, 0.000000000000000000 ) ) ;
#2839 = ADVANCED_FACE ( 'NONE', ( #7182 ), #8119, .T. ) ;
#2840 = B_SPLINE_CURVE_WITH_KNOTS ( 'NONE', 3,
 ( #8084, #3953, #2192, #8294, #6377, #7422, #1515, #9104, #10553, #5618, #9919, #538, #10707, #2354, #3907, #9821, #7305, #4067, #8947, #1465, #10762, #3193, #7258, #8887, #3852, #9709, #589 ),
 .UNSPECIFIED., .F., .F.,
 ( 4, 1, 1, 1, 1, 1, 1, 1, 1, 1, 1, 1, 1, 1, 1, 1, 1, 1, 1, 1, 1, 1, 1, 1, 4 ),
 ( 0.000000000000000000, 0.04395321799080991604, 0.08749850866012541528, 0.1304576079231676566, 0.1727453749140399342, 0.2153947809704270244, 0.2576399181299118823, 0.3001412022856357886, 0.3431082898522677671, 0.3859103169284648915, 0.4276692746243928034, 0.4687999153795964213, 0.5094722003527308862, 0.5498618774479624438, 0.5899573268375530866, 0.6301457544048192361, 0.6706075938813510495, 0.7111213530402318295, 0.7513631191327729830, 0.7917835871168159567, 0.8324653639949337602, 0.8733239183472772948, 0.9145462431005966231, 0.9569252153312376441, 1.000000000000000000 ),
 .UNSPECIFIED. ) ;
#2841 = PRESENTATION_LAYER_ASSIGNMENT (  '', '', ( #8971 ) ) ;
#2842 = CARTESIAN_POINT ( 'NONE',  ( -5.400000000000002132, -7.049999999999999822, 1.550000000000000044 ) ) ;
#2843 = LINE ( 'NONE', #8648, #2768 ) ;
#2844 = ADVANCED_FACE ( 'NONE', ( #6517 ), #1334, .F. ) ;
#2845 = DIRECTION ( 'NONE',  ( 0.000000000000000000, 0.000000000000000000, 1.000000000000000000 ) ) ;
#2846 = CARTESIAN_POINT ( 'NONE',  ( 5.399999999999998579, -1.250000000000001998, 4.090000000000000746 ) ) ;
#2847 =( NAMED_UNIT ( * ) SI_UNIT ( $, .STERADIAN. ) SOLID_ANGLE_UNIT ( ) );
#2848 = ORIENTED_EDGE ( 'NONE', *, *, #1357, .F. ) ;
#2849 = FACE_OUTER_BOUND ( 'NONE', #1605, .T. ) ;
#2850 = EDGE_LOOP ( 'NONE', ( #7496, #9805, #2566, #7974, #6719, #2784 ) ) ;
#2851 = EDGE_CURVE ( 'NONE', #4070, #4248, #9695, .T. ) ;
#2852 = CARTESIAN_POINT ( 'NONE',  ( -2.220000000000001972, 5.449999999999999289, 4.090000000000001634 ) ) ;
#2853 = CARTESIAN_POINT ( 'NONE',  ( -0.3200000000000017830, 2.909999999999998810, -3.000000000000000000 ) ) ;
#2854 = LINE ( 'NONE', #7183, #5802 ) ;
#2855 = LINE ( 'NONE', #451, #6125 ) ;
#2856 = ORIENTED_EDGE ( 'NONE', *, *, #6397, .F. ) ;
#2857 = CARTESIAN_POINT ( 'NONE',  ( 5.487253696323475260, -0.7073442180489464270, 0.000000000000000000 ) ) ;
#2858 = EDGE_CURVE ( 'NONE', #2650, #8406, #4604, .T. ) ;
#2859 = CARTESIAN_POINT ( 'NONE',  ( 0.3199999999999982858, -7.249999999999999112, 1.110000000000000098 ) ) ;
#2860 = DIRECTION ( 'NONE',  ( -0.7682212795973767383, 0.000000000000000000, 0.6401843996644789314 ) ) ;
#2861 = LINE ( 'NONE', #9193, #8078 ) ;
#2862 = CARTESIAN_POINT ( 'NONE',  ( 4.759999999999998899, -7.249999999999999112, 1.349999999999999867 ) ) ;
#2863 = LINE ( 'NONE', #2139, #532 ) ;
#2864 = ORIENTED_EDGE ( 'NONE', *, *, #859, .T. ) ;
#2865 = LINE ( 'NONE', #2803, #9287 ) ;
#2866 = EDGE_CURVE ( 'NONE', #9317, #5564, #3061, .T. ) ;
#2867 = CARTESIAN_POINT ( 'NONE',  ( 5.448683032244959534, -0.7282544944244784269, 0.000000000000000000 ) ) ;
#2868 = CARTESIAN_POINT ( 'NONE',  ( -4.760000000000002451, 3.109999999999998987, -2.799999999999999822 ) ) ;
#2869 = DIRECTION ( 'NONE',  ( 0.000000000000000000, 6.938893903907229610E-17, -1.000000000000000000 ) ) ;
#2870 = CARTESIAN_POINT ( 'NONE',  ( -3.810000000000002274, 5.650000000000000355, 4.400000000000000355 ) ) ;
#2871 = EDGE_LOOP ( 'NONE', ( #9135, #7923, #7045, #8854 ) ) ;
#2872 = ORIENTED_EDGE ( 'NONE', *, *, #10870, .F. ) ;
#2873 = CARTESIAN_POINT ( 'NONE',  ( 0.3199999999999982858, 4.809999999999999609, 3.250000000000000888 ) ) ;
#2874 = VERTEX_POINT ( 'NONE', #514 ) ;
#2875 = FACE_OUTER_BOUND ( 'NONE', #1081, .T. ) ;
#2876 = ORIENTED_EDGE ( 'NONE', *, *, #8134, .T. ) ;
#2877 = CARTESIAN_POINT ( 'NONE',  ( 5.479232113821020711, -0.07261031842396588332, -0.000000000000000000 ) ) ;
#2878 = ORIENTED_EDGE ( 'NONE', *, *, #1126, .F. ) ;
#2879 = DIRECTION ( 'NONE',  ( 0.000000000000000000, -1.000000000000000000, 0.000000000000000000 ) ) ;
#2880 = CARTESIAN_POINT ( 'NONE',  ( -0.3200000000000017830, 5.209999999999999076, -3.000000000000000000 ) ) ;
#2881 = ORIENTED_EDGE ( 'NONE', *, *, #5558, .T. ) ;
#2882 = ORIENTED_EDGE ( 'NONE', *, *, #4607, .T. ) ;
#2883 = CARTESIAN_POINT ( 'NONE',  ( 5.406628158766209502, 0.03768400194234969997, 0.000000000000000000 ) ) ;
#2884 = ADVANCED_FACE ( 'NONE', ( #8006 ), #2058, .F. ) ;
#2885 = CYLINDRICAL_SURFACE ( 'NONE', #4918, 0.1999999999999999833 ) ;
#2886 = ORIENTED_EDGE ( 'NONE', *, *, #4181, .T. ) ;
#2887 = DIRECTION ( 'NONE',  ( 0.000000000000000000, -2.090028284309406488E-16, -1.000000000000000000 ) ) ;
#2888 = ORIENTED_EDGE ( 'NONE', *, *, #6790, .T. ) ;
#2889 = CARTESIAN_POINT ( 'NONE',  ( 5.399999999999998579, 2.909999999999998810, -3.000000000000000000 ) ) ;
#2890 = UNCERTAINTY_MEASURE_WITH_UNIT (LENGTH_MEASURE( 1.000000000000000082E-05 ), #3653, 'distance_accuracy_value', 'NONE');
#2891 = LINE ( 'NONE', #7231, #5582 ) ;
#2892 = PRESENTATION_STYLE_ASSIGNMENT (( #2046 ) ) ;
#2893 = DIRECTION ( 'NONE',  ( 1.000000000000000000, -0.000000000000000000, -0.000000000000000000 ) ) ;
#2894 = CARTESIAN_POINT ( 'NONE',  ( 5.438974358974357770, -0.4551282051282050101, 0.1000000000000000056 ) ) ;
#2895 = LINE ( 'NONE', #9631, #824 ) ;
#2896 = CARTESIAN_POINT ( 'NONE',  ( -3.310000000000002718, 1.250000000000000222, 0.000000000000000000 ) ) ;
#2897 = EDGE_CURVE ( 'NONE', #5177, #2341, #3166, .T. ) ;
#2898 = ORIENTED_EDGE ( 'NONE', *, *, #8279, .T. ) ;
#2899 = COLOUR_RGB ( '',0.1490196078431372528, 0.1490196078431372528, 0.1490196078431372528 ) ;
#2900 = PLANE ( 'NONE',  #3879 ) ;
#2901 = ORIENTED_EDGE ( 'NONE', *, *, #4589, .T. ) ;
#2902 = CARTESIAN_POINT ( 'NONE',  ( 5.131133121108780948, -0.9045420561240232749, 0.1000000000000000056 ) ) ;
#2903 = DIRECTION ( 'NONE',  ( 0.000000000000000000, -1.000000000000000000, 0.000000000000000000 ) ) ;
#2904 = LINE ( 'NONE', #6145, #7235 ) ;
#2905 = CARTESIAN_POINT ( 'NONE',  ( -2.220000000000001972, -7.249999999999999112, 3.890000000000000568 ) ) ;
#2906 = ORIENTED_EDGE ( 'NONE', *, *, #8197, .F. ) ;
#2907 = EDGE_CURVE ( 'NONE', #7043, #2366, #5658, .T. ) ;
#2908 = CARTESIAN_POINT ( 'NONE',  ( 6.349999999999996980, 0.6499999999999999112, 0.9099999999999986988 ) ) ;
#2909 = DIRECTION ( 'NONE',  ( 0.000000000000000000, -0.7071067811865467956, 0.7071067811865483499 ) ) ;
#2910 = CARTESIAN_POINT ( 'NONE',  ( 1.269999999999999352, -1.249999999999999778, 4.400000000000000355 ) ) ;
#2911 = LINE ( 'NONE', #9489, #10169 ) ;
#2912 = CARTESIAN_POINT ( 'NONE',  ( 5.121025641025640063, -0.2653846153846152189, 0.1000000000000000056 ) ) ;
#2913 = ORIENTED_EDGE ( 'NONE', *, *, #4256, .T. ) ;
#2914 = CARTESIAN_POINT ( 'NONE',  ( 5.262011554768085020, -0.9623869201760277825, 0.1000000000000000056 ) ) ;
#2915 = PLANE ( 'NONE',  #4754 ) ;
#2916 = CARTESIAN_POINT ( 'NONE',  ( 5.479232113821020711, -0.07261031842396588332, 0.000000000000000000 ) ) ;
#2917 = EDGE_CURVE ( 'NONE', #7553, #3808, #1342, .T. ) ;
#2918 = ADVANCED_FACE ( 'NONE', ( #448 ), #7291, .F. ) ;
#2919 = ORIENTED_EDGE ( 'NONE', *, *, #9297, .T. ) ;
#2920 = VERTEX_POINT ( 'NONE', #3830 ) ;
#2921 = CARTESIAN_POINT ( 'NONE',  ( 5.110769230769230731, -0.7473557692307695177, 0.1000000000000000056 ) ) ;
#2922 = ORIENTED_EDGE ( 'NONE', *, *, #310, .T. ) ;
#2923 = FILL_AREA_STYLE_COLOUR ( '', #5279 ) ;
#2924 = VERTEX_POINT ( 'NONE', #4769 ) ;
#2925 = CARTESIAN_POINT ( 'NONE',  ( 5.249230769230768701, 0.4483173076923080425, 0.1000000000000000056 ) ) ;
#2926 = DIRECTION ( 'NONE',  ( 0.000000000000000000, 0.000000000000000000, 1.000000000000000000 ) ) ;
#2927 = PLANE ( 'NONE',  #8429 ) ;
#2928 = LINE ( 'NONE', #374, #890 ) ;
#2929 = ORIENTED_EDGE ( 'NONE', *, *, #35, .F. ) ;
#2930 = VERTEX_POINT ( 'NONE', #6365 ) ;
#2931 = DIRECTION ( 'NONE',  ( 0.000000000000000000, -1.000000000000000000, 0.000000000000000000 ) ) ;
#2932 = CARTESIAN_POINT ( 'NONE',  ( -2.860000000000001652, -7.249999999999999112, 3.650000000000000799 ) ) ;
#2933 = VERTEX_POINT ( 'NONE', #2950 ) ;
#2934 = CARTESIAN_POINT ( 'NONE',  ( 5.445353411888526729, -0.7072778294371929730, 0.000000000000000000 ) ) ;
#2935 = ORIENTED_EDGE ( 'NONE', *, *, #672, .T. ) ;
#2936 = FILL_AREA_STYLE ('',( #7827 ) ) ;
#2937 = FACE_OUTER_BOUND ( 'NONE', #9220, .T. ) ;
#2938 = SURFACE_STYLE_FILL_AREA ( #5481 ) ;
#2939 =( GEOMETRIC_REPRESENTATION_CONTEXT ( 3 ) GLOBAL_UNCERTAINTY_ASSIGNED_CONTEXT ( ( #7417 ) ) GLOBAL_UNIT_ASSIGNED_CONTEXT ( ( #7111, #10812, #8460 ) ) REPRESENTATION_CONTEXT ( 'NONE', 'WORKASPACE' ) );
#2940 = LINE ( 'NONE', #6402, #4222 ) ;
#2941 = EDGE_CURVE ( 'NONE', #9618, #560, #9637, .T. ) ;
#2942 = CARTESIAN_POINT ( 'NONE',  ( 5.236748515506392643, 0.09529007294977172304, 0.1000000000000000056 ) ) ;
#2943 = DIRECTION ( 'NONE',  ( 0.000000000000000000, -0.000000000000000000, -1.000000000000000000 ) ) ;
#2944 = VECTOR ( 'NONE', #1344, 1000.000000000000000 ) ;
#2945 = DIRECTION ( 'NONE',  ( 1.000000000000000000, 0.000000000000000000, 0.000000000000000000 ) ) ;
#2946 = DIRECTION ( 'NONE',  ( 1.000000000000000000, 0.000000000000000000, 0.000000000000000000 ) ) ;
#2947 = ORIENTED_EDGE ( 'NONE', *, *, #7342, .T. ) ;
#2948 = VERTEX_POINT ( 'NONE', #2176 ) ;
#2949 = DIRECTION ( 'NONE',  ( 1.000000000000000000, -0.000000000000000000, -0.000000000000000000 ) ) ;
#2950 = CARTESIAN_POINT ( 'NONE',  ( 0.7699999999999990186, 1.250000000000000222, 5.000000000000000000 ) ) ;
#2951 = CARTESIAN_POINT ( 'NONE',  ( 5.110887517756999010, -0.7536938413102799439, 0.1000000000000000056 ) ) ;
#2952 = CARTESIAN_POINT ( 'NONE',  ( -2.220000000000001972, 2.909999999999998810, -3.000000000000000000 ) ) ;
#2953 =( GEOMETRIC_REPRESENTATION_CONTEXT ( 3 ) GLOBAL_UNCERTAINTY_ASSIGNED_CONTEXT ( ( #226 ) ) GLOBAL_UNIT_ASSIGNED_CONTEXT ( ( #306, #9443, #10394 ) ) REPRESENTATION_CONTEXT ( 'NONE', 'WORKASPACE' ) );
#2954 = AXIS2_PLACEMENT_3D ( 'NONE', #2644, #10708, #9981 ) ;
#2955 = ORIENTED_EDGE ( 'NONE', *, *, #9732, .T. ) ;
#2956 = LINE ( 'NONE', #3894, #5289 ) ;
#2957 = SURFACE_STYLE_FILL_AREA ( #6523 ) ;
#2958 = CARTESIAN_POINT ( 'NONE',  ( -0.3200000000000017830, 4.809999999999998721, 3.450000000000000622 ) ) ;
#2959 = DIRECTION ( 'NONE',  ( -1.000000000000000000, 0.000000000000000000, 0.000000000000000000 ) ) ;
#2960 = LINE ( 'NONE', #4548, #2810 ) ;
#2961 = DIRECTION ( 'NONE',  ( -0.6077508431907165942, -0.7941277684358941658, 0.000000000000000000 ) ) ;
#2962 = CARTESIAN_POINT ( 'NONE',  ( 5.213273184854934073, -0.9144479036922611437, -0.000000000000000000 ) ) ;
#2963 = ORIENTED_EDGE ( 'NONE', *, *, #1682, .F. ) ;
#2964 = FACE_BOUND ( 'NONE', #7558, .T. ) ;
#2965 = CARTESIAN_POINT ( 'NONE',  ( -4.760000000000002451, 5.650000000000000355, 3.890000000000000124 ) ) ;
#2966 = VECTOR ( 'NONE', #9149, 1000.000000000000114 ) ;
#2967 =( NAMED_UNIT ( * ) PLANE_ANGLE_UNIT ( ) SI_UNIT ( $, .RADIAN. ) );
#2968 = EDGE_CURVE ( 'NONE', #2535, #2700, #5544, .T. ) ;
#2969 = EDGE_CURVE ( 'NONE', #4864, #2366, #4702, .T. ) ;
#2970 = CARTESIAN_POINT ( 'NONE',  ( 2.219999999999997975, -1.249999999999999334, 3.450000000000000622 ) ) ;
#2971 = ORIENTED_EDGE ( 'NONE', *, *, #5597, .F. ) ;
#2972 = CIRCLE ( 'NONE', #9098, 0.2000000000000000944 ) ;
#2973 = ORIENTED_EDGE ( 'NONE', *, *, #4944, .F. ) ;
#2974 = FACE_OUTER_BOUND ( 'NONE', #6114, .T. ) ;
#2975 = ORIENTED_EDGE ( 'NONE', *, *, #4443, .F. ) ;
#2976 = EDGE_CURVE ( 'NONE', #5150, #3936, #2224, .T. ) ;
#2977 = DIRECTION ( 'NONE',  ( 1.000000000000000000, -0.000000000000000000, -0.000000000000000000 ) ) ;
#2978 = VERTEX_POINT ( 'NONE', #1398 ) ;
#2979 = CARTESIAN_POINT ( 'NONE',  ( 5.479949420571889718, -0.1057954855969310132, -0.000000000000000000 ) ) ;
#2980 = CARTESIAN_POINT ( 'NONE',  ( -5.400000000000002132, 5.649999999999999467, -2.799999999999999822 ) ) ;
#2981 = FILL_AREA_STYLE ('',( #8844 ) ) ;
#2982 = ADVANCED_FACE ( 'NONE', ( #4196 ), #7613, .F. ) ;
#2983 = VECTOR ( 'NONE', #6494, 1000.000000000000000 ) ;
#2984 = AXIS2_PLACEMENT_3D ( 'NONE', #719, #9069, #1534 ) ;
#2985 = CARTESIAN_POINT ( 'NONE',  ( 5.399999999999998579, 4.809999999999999609, 3.250000000000000888 ) ) ;
#2986 = VECTOR ( 'NONE', #4024, 1000.000000000000000 ) ;
#2987 = ORIENTED_EDGE ( 'NONE', *, *, #6561, .F. ) ;
#2988 = EDGE_LOOP ( 'NONE', ( #25, #5775, #2145, #4186, #5562, #4126, #4376, #5019, #320, #364 ) ) ;
#2989 = ORIENTED_EDGE ( 'NONE', *, *, #2087, .T. ) ;
#2990 = CARTESIAN_POINT ( 'NONE',  ( 5.288900355815194132, 0.09854404643978449674, 0.000000000000000000 ) ) ;
#2991 = DIRECTION ( 'NONE',  ( 0.000000000000000000, 0.000000000000000000, -1.000000000000000000 ) ) ;
#2992 = VERTEX_POINT ( 'NONE', #9960 ) ;
#2993 = VECTOR ( 'NONE', #8680, 1000.000000000000000 ) ;
#2994 = CARTESIAN_POINT ( 'NONE',  ( -0.3200000000000017830, 2.269999999999997797, 0.9099999999999984768 ) ) ;
#2995 = VERTEX_POINT ( 'NONE', #7000 ) ;
#2996 = LINE ( 'NONE', #8855, #7578 ) ;
#2997 = VECTOR ( 'NONE', #2557, 1000.000000000000000 ) ;
#2998 = EDGE_CURVE ( 'NONE', #7575, #5021, #99, .T. ) ;
#2999 = FACE_OUTER_BOUND ( 'NONE', #10670, .T. ) ;
#3000 = CIRCLE ( 'NONE', #7387, 0.2000000000000000944 ) ;
#3001 = LINE ( 'NONE', #2169, #6349 ) ;
#3002 = EDGE_CURVE ( 'NONE', #5351, #10329, #166, .T. ) ;
#3003 =( GEOMETRIC_REPRESENTATION_CONTEXT ( 3 ) GLOBAL_UNCERTAINTY_ASSIGNED_CONTEXT ( ( #678 ) ) GLOBAL_UNIT_ASSIGNED_CONTEXT ( ( #3199, #4895, #9831 ) ) REPRESENTATION_CONTEXT ( 'NONE', 'WORKASPACE' ) );
#3004 = CARTESIAN_POINT ( 'NONE',  ( 5.249042891330751637, 0.09726870958514816090, 0.1000000000000000056 ) ) ;
#3005 = VECTOR ( 'NONE', #1775, 1000.000000000000000 ) ;
#3006 = VECTOR ( 'NONE', #3729, 1000.000000000000114 ) ;
#3007 = VECTOR ( 'NONE', #9179, 1000.000000000000000 ) ;
#3008 = CARTESIAN_POINT ( 'NONE',  ( 3.976666666666664796, 1.249999999999999778, 4.599999999999999645 ) ) ;
#3009 = DIRECTION ( 'NONE',  ( 1.000000000000000000, -0.000000000000000000, -0.000000000000000000 ) ) ;
#3010 = UNCERTAINTY_MEASURE_WITH_UNIT (LENGTH_MEASURE( 1.000000000000000082E-05 ), #4960, 'distance_accuracy_value', 'NONE');
#3011 = CARTESIAN_POINT ( 'NONE',  ( 5.399999999999998579, 2.909999999999998810, -3.000000000000000000 ) ) ;
#3012 = DIRECTION ( 'NONE',  ( -1.000000000000000000, 0.000000000000000000, 0.000000000000000000 ) ) ;
#3013 = CARTESIAN_POINT ( 'NONE',  ( -0.3200000000000017830, 5.449999999999999289, 4.090000000000001634 ) ) ;
#3014 = LINE ( 'NONE', #6367, #7709 ) ;
#3015 = VECTOR ( 'NONE', #3247, 1000.000000000000114 ) ;
#3016 = ORIENTED_EDGE ( 'NONE', *, *, #10126, .F. ) ;
#3017 = CARTESIAN_POINT ( 'NONE',  ( -2.220000000000001972, 4.809999999999998721, 3.450000000000000622 ) ) ;
#3018 = SURFACE_SIDE_STYLE ('',( #2957 ) ) ;
#3019 = DIRECTION ( 'NONE',  ( -1.000000000000000000, -0.000000000000000000, -0.000000000000000000 ) ) ;
#3020 = CYLINDRICAL_SURFACE ( 'NONE', #6751, 0.2000000000000000944 ) ;
#3021 = CARTESIAN_POINT ( 'NONE',  ( 5.144671751353288691, -0.9161488826571303479, 0.000000000000000000 ) ) ;
#3022 = CARTESIAN_POINT ( 'NONE',  ( 0.3199999999999982858, 5.650000000000000355, 3.890000000000000124 ) ) ;
#3023 = VECTOR ( 'NONE', #215, 1000.000000000000000 ) ;
#3024 = EDGE_CURVE ( 'NONE', #6169, #2978, #1658, .T. ) ;
#3025 = CARTESIAN_POINT ( 'NONE',  ( 5.273687339919865380, -0.9267785308939969768, -0.000000000000000000 ) ) ;
#3026 = ORIENTED_EDGE ( 'NONE', *, *, #6726, .T. ) ;
#3027 =( LENGTH_UNIT ( ) NAMED_UNIT ( * ) SI_UNIT ( .MILLI., .METRE. ) );
#3028 = CARTESIAN_POINT ( 'NONE',  ( 5.445353411888526729, -0.7072778294371929730, -0.000000000000000000 ) ) ;
#3029 = CARTESIAN_POINT ( 'NONE',  ( 5.132487815207984028, 0.006215344323372387278, 0.1000000000000000056 ) ) ;
#3030 = CARTESIAN_POINT ( 'NONE',  ( 5.418314987228019852, 0.08540331890326861852, 0.1000000000000000056 ) ) ;
#3031 = DIRECTION ( 'NONE',  ( 0.000000000000000000, 0.000000000000000000, -1.000000000000000000 ) ) ;
#3032 = EDGE_LOOP ( 'NONE', ( #7898, #4333, #793, #7542 ) ) ;
#3033 = VERTEX_POINT ( 'NONE', #6895 ) ;
#3034 = CARTESIAN_POINT ( 'NONE',  ( -2.860000000000001652, -7.049999999999999822, 3.450000000000000622 ) ) ;
#3035 = ORIENTED_EDGE ( 'NONE', *, *, #8092, .F. ) ;
#3036 = FACE_OUTER_BOUND ( 'NONE', #2527, .T. ) ;
#3037 = VERTEX_POINT ( 'NONE', #7830 ) ;
#3038 = DIRECTION ( 'NONE',  ( -0.000000000000000000, -0.000000000000000000, -1.000000000000000000 ) ) ;
#3039 = ADVANCED_FACE ( 'NONE', ( #10237 ), #6130, .T. ) ;
#3040 = PLANE ( 'NONE',  #2774 ) ;
#3041 = CARTESIAN_POINT ( 'NONE',  ( 6.349999999999996980, 1.249999999999999778, 4.599999999999999645 ) ) ;
#3042 = LINE ( 'NONE', #6386, #8067 ) ;
#3043 = ORIENTED_EDGE ( 'NONE', *, *, #7829, .F. ) ;
#3044 = EDGE_LOOP ( 'NONE', ( #7299, #8363, #3241, #1094 ) ) ;
#3045 = EDGE_CURVE ( 'NONE', #5945, #9934, #8587, .T. ) ;
#3046 = DIRECTION ( 'NONE',  ( 0.000000000000000000, 1.628629872832303439E-16, 1.000000000000000000 ) ) ;
#3047 = CARTESIAN_POINT ( 'NONE',  ( 5.427756410256408870, -0.006650641025640825071, 0.1000000000000000056 ) ) ;
#3048 = EDGE_LOOP ( 'NONE', ( #942, #488, #8514, #1633, #2174, #9501 ) ) ;
#3049 = DIRECTION ( 'NONE',  ( 0.000000000000000000, -1.000000000000000000, 0.000000000000000000 ) ) ;
#3050 = EDGE_LOOP ( 'NONE', ( #9500, #10102, #593, #10439, #8983, #10725 ) ) ;
#3051 = CARTESIAN_POINT ( 'NONE',  ( 5.139695512820511958, -0.9120993589743592311, 0.000000000000000000 ) ) ;
#3052 = CARTESIAN_POINT ( 'NONE',  ( 5.399999999999998579, 0.6500000000000000222, 0.9099999999999986988 ) ) ;
#3053 = CARTESIAN_POINT ( 'NONE',  ( 5.413104007439202725, 0.02756547631404104859, 0.1000000000000000056 ) ) ;
#3054 = ADVANCED_FACE ( 'NONE', ( #2999 ), #7430, .T. ) ;
#3055 = CARTESIAN_POINT ( 'NONE',  ( 5.192761696857982834, 0.07917370787204261462, 0.1000000000000000056 ) ) ;
#3056 = EDGE_CURVE ( 'NONE', #261, #4634, #8303, .T. ) ;
#3057 = CARTESIAN_POINT ( 'NONE',  ( 5.103673941892381549, -0.6260820121213253042, 0.1000000000000000056 ) ) ;
#3058 = CARTESIAN_POINT ( 'NONE',  ( 4.759999999999998899, -7.249999999999999112, 3.650000000000000799 ) ) ;
#3059 = EDGE_LOOP ( 'NONE', ( #2643, #3867, #8626, #2312 ) ) ;
#3060 = CARTESIAN_POINT ( 'NONE',  ( 2.859999999999998099, 5.450000000000001066, 3.890000000000001457 ) ) ;
#3061 = LINE ( 'NONE', #574, #9935 ) ;
#3062 = CARTESIAN_POINT ( 'NONE',  ( 5.103673941892381549, -0.6260820121213253042, -0.000000000000000000 ) ) ;
#3063 = CARTESIAN_POINT ( 'NONE',  ( 0.3199999999999982858, 2.269999999999999130, 0.7099999999999985212 ) ) ;
#3064 = VERTEX_POINT ( 'NONE', #10520 ) ;
#3065 = CARTESIAN_POINT ( 'NONE',  ( -6.350000000000002309, 1.250000000000000222, 5.000000000000000000 ) ) ;
#3066 = CARTESIAN_POINT ( 'NONE',  ( 5.438974358974357770, -0.1576923076923075207, -0.000000000000000000 ) ) ;
#3067 = CARTESIAN_POINT ( 'NONE',  ( 5.170595323018369882, -0.9345030078724742006, 0.000000000000000000 ) ) ;
#3068 = DIRECTION ( 'NONE',  ( 0.000000000000000000, 0.7071067811865483499, 0.7071067811865467956 ) ) ;
#3069 = ORIENTED_EDGE ( 'NONE', *, *, #6726, .F. ) ;
#3070 = LINE ( 'NONE', #739, #1041 ) ;
#3071 = EDGE_LOOP ( 'NONE', ( #8395, #1603, #2752, #3756 ) ) ;
#3072 = FACE_OUTER_BOUND ( 'NONE', #1676, .T. ) ;
#3073 = LINE ( 'NONE', #9658, #8222 ) ;
#3074 = ADVANCED_FACE ( 'NONE', ( #436 ), #3720, .F. ) ;
#3075 = DIRECTION ( 'NONE',  ( 1.000000000000000000, -0.000000000000000000, -0.000000000000000000 ) ) ;
#3076 = ORIENTED_EDGE ( 'NONE', *, *, #10061, .T. ) ;
#3077 = ORIENTED_EDGE ( 'NONE', *, *, #4919, .F. ) ;
#3078 = DIRECTION ( 'NONE',  ( 1.000000000000000000, 0.000000000000000000, -0.000000000000000000 ) ) ;
#3079 = VERTEX_POINT ( 'NONE', #8113 ) ;
#3080 = FACE_OUTER_BOUND ( 'NONE', #8890, .T. ) ;
#3081 = DIRECTION ( 'NONE',  ( 1.000000000000000000, -0.000000000000000000, -0.000000000000000000 ) ) ;
#3082 = CARTESIAN_POINT ( 'NONE',  ( 5.081237282365929531, -0.03554839324950122975, -0.000000000000000000 ) ) ;
#3083 = CARTESIAN_POINT ( 'NONE',  ( -2.860000000000001652, 2.269999999999997797, 0.9099999999999984768 ) ) ;
#3084 = ORIENTED_EDGE ( 'NONE', *, *, #2714, .F. ) ;
#3085 = EDGE_CURVE ( 'NONE', #8147, #9332, #9684, .T. ) ;
#3086 = ORIENTED_EDGE ( 'NONE', *, *, #310, .F. ) ;
#3087 = VERTEX_POINT ( 'NONE', #5530 ) ;
#3088 =( NAMED_UNIT ( * ) PLANE_ANGLE_UNIT ( ) SI_UNIT ( $, .RADIAN. ) );
#3089 = CARTESIAN_POINT ( 'NONE',  ( 5.465576923076923777, 0.01410256410256429879, 0.1000000000000000056 ) ) ;
#3090 = CARTESIAN_POINT ( 'NONE',  ( 5.406602564102563235, -0.5730769230769233724, 0.1000000000000000056 ) ) ;
#3091 = VERTEX_POINT ( 'NONE', #10405 ) ;
#3092 = LINE ( 'NONE', #10517, #10731 ) ;
#3093 = B_SPLINE_CURVE_WITH_KNOTS ( 'NONE', 3,
 ( #948, #122, #1961, #2620, #2857, #3449, #7631, #900, #6859, #5266, #5324, #1005, #2683, #6802, #7795, #8660, #2733, #1842, #1066 ),
 .UNSPECIFIED., .F., .F.,
 ( 4, 1, 1, 1, 1, 1, 1, 1, 1, 1, 1, 1, 1, 1, 1, 1, 4 ),
 ( 0.000000000000000000, 0.06853888393074550334, 0.1356658183200904755, 0.2011895900918646007, 0.2656486975986140919, 0.3292252713561474309, 0.3922263548538847400, 0.4548927772598809760, 0.5169420321855147105, 0.5785974336434623888, 0.6395395679834604552, 0.6999835774757409146, 0.7598365623338533270, 0.8196510876517280053, 0.8793700201307749209, 0.9395192432343547617, 1.000000000000000000 ),
 .UNSPECIFIED. ) ;
#3094 = DIRECTION ( 'NONE',  ( 0.000000000000000000, 0.000000000000000000, -1.000000000000000000 ) ) ;
#3095 =( LENGTH_UNIT ( ) NAMED_UNIT ( * ) SI_UNIT ( .MILLI., .METRE. ) );
#3096 = DIRECTION ( 'NONE',  ( 1.000000000000000000, -0.000000000000000000, -0.000000000000000000 ) ) ;
#3097 = ADVANCED_FACE ( 'NONE', ( #6399 ), #499, .F. ) ;
#3098 = EDGE_CURVE ( 'NONE', #4503, #9487, #2891, .T. ) ;
#3099 = DIRECTION ( 'NONE',  ( -1.000000000000000000, 0.000000000000000000, 0.000000000000000000 ) ) ;
#3100 = CARTESIAN_POINT ( 'NONE',  ( 5.479999999999999538, -0.4910256410256409465, 0.1000000000000000056 ) ) ;
#3101 = ADVANCED_FACE ( 'NONE', ( #5779 ), #2213, .T. ) ;
#3102 = CARTESIAN_POINT ( 'NONE',  ( 5.475638888881554145, -0.8323680507707161835, 0.1000000000000000056 ) ) ;
#3103 = EDGE_LOOP ( 'NONE', ( #1247, #6463, #2947, #8485 ) ) ;
#3104 = EDGE_CURVE ( 'NONE', #10284, #2828, #10211, .T. ) ;
#3105 = EDGE_LOOP ( 'NONE', ( #6280, #3086, #2148, #5275 ) ) ;
#3106 = VECTOR ( 'NONE', #1888, 1000.000000000000000 ) ;
#3107 = PLANE ( 'NONE',  #7561 ) ;
#3108 = DIRECTION ( 'NONE',  ( 0.000000000000000000, 0.000000000000000000, -1.000000000000000000 ) ) ;
#3109 = LINE ( 'NONE', #4868, #9128 ) ;
#3110 = PRESENTATION_LAYER_ASSIGNMENT (  '', '', ( #968 ) ) ;
#3111 = EDGE_CURVE ( 'NONE', #10714, #9738, #2691, .T. ) ;
#3112 = ORIENTED_EDGE ( 'NONE', *, *, #5137, .F. ) ;
#3113 = VECTOR ( 'NONE', #3275, 1000.000000000000000 ) ;
#3114 = CARTESIAN_POINT ( 'NONE',  ( 5.490256410256409758, -0.7475961538461540767, 0.1000000000000000056 ) ) ;
#3115 = DIRECTION ( 'NONE',  ( 0.000000000000000000, -1.000000000000000000, 0.000000000000000000 ) ) ;
#3116 = DIRECTION ( 'NONE',  ( 0.000000000000000000, 0.000000000000000000, 1.000000000000000000 ) ) ;
#3117 = ORIENTED_EDGE ( 'NONE', *, *, #1620, .T. ) ;
#3118 = CARTESIAN_POINT ( 'NONE',  ( 2.859999999999998099, -7.049999999999999822, 3.450000000000000622 ) ) ;
#3119 = CARTESIAN_POINT ( 'NONE',  ( 0.3199999999999982858, 5.209999999999999076, -3.000000000000000000 ) ) ;
#3120 = ORIENTED_EDGE ( 'NONE', *, *, #8332, .T. ) ;
#3121 = DIRECTION ( 'NONE',  ( 1.000000000000000000, -0.000000000000000000, -0.000000000000000000 ) ) ;
#3122 = EDGE_LOOP ( 'NONE', ( #2455, #5032, #7861, #7523 ) ) ;
#3123 = CARTESIAN_POINT ( 'NONE',  ( -5.400000000000002132, -7.249999999999999112, 1.349999999999999867 ) ) ;
#3124 = CARTESIAN_POINT ( 'NONE',  ( 4.759999999999998899, -7.049999999999999822, 1.550000000000000044 ) ) ;
#3125 = MECHANICAL_DESIGN_GEOMETRIC_PRESENTATION_REPRESENTATION (  '', ( #2242 ), #2063 ) ;
#3126 = EDGE_CURVE ( 'NONE', #8200, #6916, #2571, .T. ) ;
#3127 = EDGE_CURVE ( 'NONE', #6082, #3474, #6653, .T. ) ;
#3128 = CARTESIAN_POINT ( 'NONE',  ( -2.860000000000001652, 2.669999999999999041, -3.000000000000000000 ) ) ;
#3129 = CARTESIAN_POINT ( 'NONE',  ( 5.479999999999999538, -0.1935897435897434016, 0.1000000000000000056 ) ) ;
#3130 = ORIENTED_EDGE ( 'NONE', *, *, #1530, .T. ) ;
#3131 = FILL_AREA_STYLE ('',( #1422 ) ) ;
#3132 = STYLED_ITEM ( 'NONE', ( #4117 ), #4107 ) ;
#3133 = VECTOR ( 'NONE', #9496, 1000.000000000000000 ) ;
#3134 = DIRECTION ( 'NONE',  ( 0.000000000000000000, 1.628629872832303439E-16, 1.000000000000000000 ) ) ;
#3135 = ORIENTED_EDGE ( 'NONE', *, *, #2121, .F. ) ;
#3136 = VECTOR ( 'NONE', #3665, 1000.000000000000000 ) ;
#3137 = CARTESIAN_POINT ( 'NONE',  ( -4.760000000000002451, 5.009999999999999787, -2.799999999999999822 ) ) ;
#3138 = EDGE_CURVE ( 'NONE', #8849, #6306, #70, .T. ) ;
#3139 = DIRECTION ( 'NONE',  ( -0.000000000000000000, 0.000000000000000000, -1.000000000000000000 ) ) ;
#3140 = CARTESIAN_POINT ( 'NONE',  ( -5.400000000000002132, 2.269999999999997797, 0.9099999999999984768 ) ) ;
#3141 = MECHANICAL_DESIGN_GEOMETRIC_PRESENTATION_REPRESENTATION (  '', ( #10141 ), #5068 ) ;
#3142 = VECTOR ( 'NONE', #4546, 1000.000000000000000 ) ;
#3143 = CARTESIAN_POINT ( 'NONE',  ( 5.399999999999997691, -1.249999999999999778, 5.000000000000000000 ) ) ;
#3144 = ORIENTED_EDGE ( 'NONE', *, *, #9432, .F. ) ;
#3145 = ORIENTED_EDGE ( 'NONE', *, *, #8812, .F. ) ;
#3146 = CARTESIAN_POINT ( 'NONE',  ( 5.079999999999999183, -1.198717948717948678, 0.1000000000000000056 ) ) ;
#3147 = ORIENTED_EDGE ( 'NONE', *, *, #1814, .F. ) ;
#3148 = DIRECTION ( 'NONE',  ( -1.000000000000000000, 0.000000000000000000, 0.000000000000000000 ) ) ;
#3149 = ORIENTED_EDGE ( 'NONE', *, *, #9732, .F. ) ;
#3150 = EDGE_CURVE ( 'NONE', #9180, #7534, #8347, .T. ) ;
#3151 = CARTESIAN_POINT ( 'NONE',  ( 5.456320626316760958, -0.6253642892157038613, 0.1000000000000000056 ) ) ;
#3152 = ORIENTED_EDGE ( 'NONE', *, *, #10369, .F. ) ;
#3153 = CARTESIAN_POINT ( 'NONE',  ( -5.400000000000002132, -7.249999999999999112, 1.349999999999999867 ) ) ;
#3154 = STYLED_ITEM ( 'NONE', ( #5968 ), #5808 ) ;
#3155 = COLOUR_RGB ( '',0.1490196078431372528, 0.1490196078431372528, 0.1490196078431372528 ) ;
#3156 = SURFACE_SIDE_STYLE ('',( #8114 ) ) ;
#3157 = PLANE ( 'NONE',  #1513 ) ;
#3158 = DIRECTION ( 'NONE',  ( 0.000000000000000000, 1.000000000000000000, 6.938893903907229610E-17 ) ) ;
#3159 = LINE ( 'NONE', #507, #6655 ) ;
#3160 = VECTOR ( 'NONE', #3306, 1000.000000000000000 ) ;
#3161 = FACE_OUTER_BOUND ( 'NONE', #4803, .T. ) ;
#3162 = ORIENTED_EDGE ( 'NONE', *, *, #8029, .F. ) ;
#3163 = ORIENTED_EDGE ( 'NONE', *, *, #3435, .T. ) ;
#3164 = CARTESIAN_POINT ( 'NONE',  ( -0.3200000000000017830, 5.009999999999999787, 3.249999999999999556 ) ) ;
#3165 = CARTESIAN_POINT ( 'NONE',  ( 5.124911139333488741, -0.02895494939919329019, 0.000000000000000000 ) ) ;
#3166 = LINE ( 'NONE', #7123, #10818 ) ;
#3167 = CARTESIAN_POINT ( 'NONE',  ( 5.097363495268873557, -0.6365870616663364956, 0.000000000000000000 ) ) ;
#3168 = EDGE_CURVE ( 'NONE', #6605, #1493, #5038, .T. ) ;
#3169 = PRESENTATION_STYLE_ASSIGNMENT (( #10634 ) ) ;
#3170 = VECTOR ( 'NONE', #1074, 1000.000000000000000 ) ;
#3171 = VECTOR ( 'NONE', #8409, 1000.000000000000114 ) ;
#3172 = AXIS2_PLACEMENT_3D ( 'NONE', #6364, #1287, #5368 ) ;
#3173 = VERTEX_POINT ( 'NONE', #9546 ) ;
#3174 = LINE ( 'NONE', #3225, #7742 ) ;
#3175 = PLANE ( 'NONE',  #981 ) ;
#3176 = CARTESIAN_POINT ( 'NONE',  ( -1.103333333333337274, 0.6499999999999999112, 4.599999999999999645 ) ) ;
#3177 = CARTESIAN_POINT ( 'NONE',  ( 2.859999999999998099, -7.049999999999999822, 3.450000000000000622 ) ) ;
#3178 = EDGE_CURVE ( 'NONE', #3813, #947, #10262, .T. ) ;
#3179 = DIRECTION ( 'NONE',  ( -0.000000000000000000, -0.000000000000000000, -1.000000000000000000 ) ) ;
#3180 = VECTOR ( 'NONE', #10742, 1000.000000000000000 ) ;
#3181 = ORIENTED_EDGE ( 'NONE', *, *, #8264, .F. ) ;
#3182 = CARTESIAN_POINT ( 'NONE',  ( -1.270000000000002016, -1.249999999999999778, 0.5999999999999998668 ) ) ;
#3183 = VERTEX_POINT ( 'NONE', #4446 ) ;
#3184 = VECTOR ( 'NONE', #3551, 1000.000000000000000 ) ;
#3185 = AXIS2_PLACEMENT_3D ( 'NONE', #6083, #9635, #8762 ) ;
#3186 = CARTESIAN_POINT ( 'NONE',  ( -5.850000000000003197, 1.250000000000000222, 0.000000000000000000 ) ) ;
#3187 = VECTOR ( 'NONE', #9008, 1000.000000000000000 ) ;
#3188 = VECTOR ( 'NONE', #5249, 1000.000000000000000 ) ;
#3189 = CARTESIAN_POINT ( 'NONE',  ( 5.079999999999999183, 0.2250801282051285157, 0.1000000000000000056 ) ) ;
#3190 = CARTESIAN_POINT ( 'NONE',  ( 5.368571245196224417, 0.1168824356086021060, 0.1000000000000000056 ) ) ;
#3191 = EDGE_CURVE ( 'NONE', #2394, #1006, #8671, .T. ) ;
#3192 = DIRECTION ( 'NONE',  ( 1.000000000000000000, 0.000000000000000000, 0.000000000000000000 ) ) ;
#3193 = CARTESIAN_POINT ( 'NONE',  ( 5.324967145369331689, -0.9213551095408299973, 0.1000000000000000056 ) ) ;
#3194 =( NAMED_UNIT ( * ) SI_UNIT ( $, .STERADIAN. ) SOLID_ANGLE_UNIT ( ) );
#3195 = LINE ( 'NONE', #10555, #3654 ) ;
#3196 = ADVANCED_FACE ( 'NONE', ( #7971 ), #413, .F. ) ;
#3197 = CARTESIAN_POINT ( 'NONE',  ( -0.7700000000000024603, 5.650000000000000355, 0.000000000000000000 ) ) ;
#3198 = VERTEX_POINT ( 'NONE', #4387 ) ;
#3199 =( LENGTH_UNIT ( ) NAMED_UNIT ( * ) SI_UNIT ( .MILLI., .METRE. ) );
#3200 = CARTESIAN_POINT ( 'NONE',  ( 0.000000000000000000, 0.000000000000000000, 0.1000000000000000056 ) ) ;
#3201 = CARTESIAN_POINT ( 'NONE',  ( -2.860000000000001652, 5.450000000000001066, 3.890000000000001457 ) ) ;
#3202 = ORIENTED_EDGE ( 'NONE', *, *, #3667, .T. ) ;
#3203 = ORIENTED_EDGE ( 'NONE', *, *, #6829, .T. ) ;
#3204 = EDGE_LOOP ( 'NONE', ( #2196, #8464, #6613, #6394 ) ) ;
#3205 = CARTESIAN_POINT ( 'NONE',  ( 0.7700000000000006839, -1.249999999999999778, 1.885956070686927405E-16 ) ) ;
#3206 = PLANE ( 'NONE',  #7548 ) ;
#3207 = CARTESIAN_POINT ( 'NONE',  ( 5.382095414377982223, 0.1103523781947478022, 0.1000000000000000056 ) ) ;
#3208 = EDGE_LOOP ( 'NONE', ( #8973, #369, #3084, #8148 ) ) ;
#3209 = FACE_OUTER_BOUND ( 'NONE', #8727, .T. ) ;
#3210 = ORIENTED_EDGE ( 'NONE', *, *, #3369, .F. ) ;
#3211 = CARTESIAN_POINT ( 'NONE',  ( 5.399183665890698869, 0.04696798473715609046, 0.000000000000000000 ) ) ;
#3212 = DIRECTION ( 'NONE',  ( -0.000000000000000000, -0.000000000000000000, -1.000000000000000000 ) ) ;
#3213 = B_SPLINE_CURVE_WITH_KNOTS ( 'NONE', 3,
 ( #4965, #762, #8972, #6666, #4127, #7383, #3969, #6604, #9892, #1436, #7323, #3151, #9943, #7484, #10824, #5688, #7274, #3925, #3090 ),
 .UNSPECIFIED., .F., .F.,
 ( 4, 1, 1, 1, 1, 1, 1, 1, 1, 1, 1, 1, 1, 1, 1, 1, 4 ),
 ( 0.000000000000000000, 0.06853888393074550334, 0.1356658183200904755, 0.2011895900918646007, 0.2656486975986140919, 0.3292252713561474309, 0.3922263548538847400, 0.4548927772598809760, 0.5169420321855147105, 0.5785974336434623888, 0.6395395679834604552, 0.6999835774757409146, 0.7598365623338533270, 0.8196510876517280053, 0.8793700201307749209, 0.9395192432343547617, 1.000000000000000000 ),
 .UNSPECIFIED. ) ;
#3214 = CARTESIAN_POINT ( 'NONE',  ( 5.315897435897435130, -0.2653846153846152189, -0.000000000000000000 ) ) ;
#3215 = EDGE_CURVE ( 'NONE', #3343, #4232, #6972, .T. ) ;
#3216 = DIRECTION ( 'NONE',  ( 0.000000000000000000, 0.000000000000000000, 1.000000000000000000 ) ) ;
#3217 = CARTESIAN_POINT ( 'NONE',  ( 5.143869169075868442, -0.5806484325623101350, 0.000000000000000000 ) ) ;
#3218 = CARTESIAN_POINT ( 'NONE',  ( 5.324448327250723700, -0.9593221430762473023, 0.000000000000000000 ) ) ;
#3219 = VERTEX_POINT ( 'NONE', #2241 ) ;
#3220 = SURFACE_STYLE_USAGE ( .BOTH. , #1299 ) ;
#3221 = ORIENTED_EDGE ( 'NONE', *, *, #3191, .T. ) ;
#3222 =( NAMED_UNIT ( * ) PLANE_ANGLE_UNIT ( ) SI_UNIT ( $, .RADIAN. ) );
#3223 = CARTESIAN_POINT ( 'NONE',  ( 5.270007781580718920, 0.1345435025621070924, 0.1000000000000000056 ) ) ;
#3224 = DIRECTION ( 'NONE',  ( -0.000000000000000000, 0.000000000000000000, 1.000000000000000000 ) ) ;
#3225 = CARTESIAN_POINT ( 'NONE',  ( 5.479999999999999538, -0.1128205128205126417, 0.1000000000000000056 ) ) ;
#3226 = DIRECTION ( 'NONE',  ( 0.000000000000000000, -0.7071067811865467956, 0.7071067811865483499 ) ) ;
#3227 = PLANE ( 'NONE',  #7885 ) ;
#3228 = EDGE_CURVE ( 'NONE', #9284, #7160, #750, .T. ) ;
#3229 = DIRECTION ( 'NONE',  ( 0.000000000000000000, 1.000000000000000000, 1.088556398077815828E-16 ) ) ;
#3230 = DIRECTION ( 'NONE',  ( 1.000000000000000000, 0.000000000000000000, -0.000000000000000000 ) ) ;
#3231 = ORIENTED_EDGE ( 'NONE', *, *, #2436, .T. ) ;
#3232 = LINE ( 'NONE', #10596, #7740 ) ;
#3233 = VERTEX_POINT ( 'NONE', #685 ) ;
#3234 = UNCERTAINTY_MEASURE_WITH_UNIT (LENGTH_MEASURE( 1.000000000000000082E-05 ), #3095, 'distance_accuracy_value', 'NONE');
#3235 = CARTESIAN_POINT ( 'NONE',  ( 2.859999999999998099, 4.809999999999998721, 3.450000000000000622 ) ) ;
#3236 = PRESENTATION_STYLE_ASSIGNMENT (( #4152 ) ) ;
#3237 = EDGE_CURVE ( 'NONE', #10837, #9169, #2505, .T. ) ;
#3238 = DIRECTION ( 'NONE',  ( 0.000000000000000000, 0.000000000000000000, 1.000000000000000000 ) ) ;
#3239 = CARTESIAN_POINT ( 'NONE',  ( -5.400000000000002132, 3.109999999999999876, 1.349999999999999645 ) ) ;
#3240 = PLANE ( 'NONE',  #5227 ) ;
#3241 = ORIENTED_EDGE ( 'NONE', *, *, #1484, .F. ) ;
#3242 = EDGE_CURVE ( 'NONE', #4966, #10855, #1862, .T. ) ;
#3243 = LINE ( 'NONE', #5623, #4384 ) ;
#3244 = DIRECTION ( 'NONE',  ( 0.000000000000000000, 0.000000000000000000, 1.000000000000000000 ) ) ;
#3245 = EDGE_CURVE ( 'NONE', #8406, #8200, #2550, .T. ) ;
#3246 = CARTESIAN_POINT ( 'NONE',  ( 6.349999999999996980, 0.6499999999999999112, 4.090000000000000746 ) ) ;
#3247 = DIRECTION ( 'NONE',  ( -0.6401843996644795975, -0.000000000000000000, 0.7682212795973760722 ) ) ;
#3248 = DIRECTION ( 'NONE',  ( 1.000000000000000000, 0.000000000000000000, -0.000000000000000000 ) ) ;
#3249 = EDGE_CURVE ( 'NONE', #7733, #6867, #4098, .T. ) ;
#3250 = DIRECTION ( 'NONE',  ( 0.000000000000000000, 0.000000000000000000, 1.000000000000000000 ) ) ;
#3251 = ORIENTED_EDGE ( 'NONE', *, *, #3798, .T. ) ;
#3252 = ORIENTED_EDGE ( 'NONE', *, *, #10027, .T. ) ;
#3253 = ORIENTED_EDGE ( 'NONE', *, *, #461, .T. ) ;
#3254 = DIRECTION ( 'NONE',  ( 1.000000000000000000, 0.000000000000000000, 0.000000000000000000 ) ) ;
#3255 = LINE ( 'NONE', #4961, #2986 ) ;
#3256 = CARTESIAN_POINT ( 'NONE',  ( 5.463813963044967359, 0.01873095111170128280, 0.000000000000000000 ) ) ;
#3257 = ORIENTED_EDGE ( 'NONE', *, *, #1197, .F. ) ;
#3258 = ORIENTED_EDGE ( 'NONE', *, *, #3778, .F. ) ;
#3259 = DIRECTION ( 'NONE',  ( -0.000000000000000000, 0.000000000000000000, -1.000000000000000000 ) ) ;
#3260 = LINE ( 'NONE', #722, #5409 ) ;
#3261 = DIRECTION ( 'NONE',  ( 0.000000000000000000, 1.000000000000000000, -0.000000000000000000 ) ) ;
#3262 = EDGE_CURVE ( 'NONE', #4502, #6707, #2449, .T. ) ;
#3263 = CARTESIAN_POINT ( 'NONE',  ( -6.350000000000002309, 1.250000000000000222, 5.000000000000000000 ) ) ;
#3264 = DIRECTION ( 'NONE',  ( 0.000000000000000000, 1.000000000000000000, 1.088556398077815951E-16 ) ) ;
#3265 = CARTESIAN_POINT ( 'NONE',  ( -3.810000000000002274, 5.650000000000000355, 0.5999999999999998668 ) ) ;
#3266 = CARTESIAN_POINT ( 'NONE',  ( 2.219999999999997975, -7.049999999999999822, 0.9100000000000000311 ) ) ;
#3267 = ORIENTED_EDGE ( 'NONE', *, *, #8682, .F. ) ;
#3268 = FACE_OUTER_BOUND ( 'NONE', #5571, .T. ) ;
#3269 = ORIENTED_EDGE ( 'NONE', *, *, #1541, .T. ) ;
#3270 = CARTESIAN_POINT ( 'NONE',  ( 5.169168550379594329, 0.1094431273036871877, 0.1000000000000000056 ) ) ;
#3271 = EDGE_CURVE ( 'NONE', #4816, #4797, #4143, .T. ) ;
#3272 = CARTESIAN_POINT ( 'NONE',  ( 5.245905874217157816, 0.1331299304514395876, 0.1000000000000000056 ) ) ;
#3273 =( NAMED_UNIT ( * ) SI_UNIT ( $, .STERADIAN. ) SOLID_ANGLE_UNIT ( ) );
#3274 = CARTESIAN_POINT ( 'NONE',  ( 5.368571245196224417, 0.1168824356086021060, 0.000000000000000000 ) ) ;
#3275 = DIRECTION ( 'NONE',  ( 0.000000000000000000, 1.000000000000000000, 6.938893903907229610E-17 ) ) ;
#3276 = LINE ( 'NONE', #5664, #7355 ) ;
#3277 = DIRECTION ( 'NONE',  ( 0.000000000000000000, 0.7071067811865467956, 0.7071067811865483499 ) ) ;
#3278 = CARTESIAN_POINT ( 'NONE',  ( 5.283528764232045205, -0.9268769621782948498, 0.1000000000000000056 ) ) ;
#3279 = ORIENTED_EDGE ( 'NONE', *, *, #4278, .T. ) ;
#3280 = CARTESIAN_POINT ( 'NONE',  ( -6.350000000000002309, -1.249999999999999778, 0.5999999999999998668 ) ) ;
#3281 = ORIENTED_EDGE ( 'NONE', *, *, #4207, .F. ) ;
#3282 = CARTESIAN_POINT ( 'NONE',  ( 5.466746736612068780, 0.01056431302106877052, 0.1000000000000000056 ) ) ;
#3283 = CARTESIAN_POINT ( 'NONE',  ( 5.158188521121092052, 0.05115366581405887680, 0.1000000000000000056 ) ) ;
#3284 = VECTOR ( 'NONE', #6290, 1000.000000000000000 ) ;
#3285 = VECTOR ( 'NONE', #3192, 1000.000000000000000 ) ;
#3286 = PLANE ( 'NONE',  #5919 ) ;
#3287 =( NAMED_UNIT ( * ) PLANE_ANGLE_UNIT ( ) SI_UNIT ( $, .RADIAN. ) );
#3288 = CARTESIAN_POINT ( 'NONE',  ( 6.349999999999996980, 0.6499999999999999112, 3.450000000000000622 ) ) ;
#3289 = ORIENTED_EDGE ( 'NONE', *, *, #3098, .F. ) ;
#3290 = SURFACE_SIDE_STYLE ('',( #10807 ) ) ;
#3291 = ORIENTED_EDGE ( 'NONE', *, *, #7142, .F. ) ;
#3292 = FACE_OUTER_BOUND ( 'NONE', #4639, .T. ) ;
#3293 = VECTOR ( 'NONE', #7639, 1000.000000000000114 ) ;
#3294 = EDGE_CURVE ( 'NONE', #2597, #9710, #50, .T. ) ;
#3295 = VECTOR ( 'NONE', #5234, 1000.000000000000000 ) ;
#3296 = EDGE_CURVE ( 'NONE', #2349, #1383, #3434, .T. ) ;
#3297 = VECTOR ( 'NONE', #6798, 1000.000000000000000 ) ;
#3298 = CARTESIAN_POINT ( 'NONE',  ( -2.220000000000001972, -7.049999999999999822, 3.450000000000000622 ) ) ;
#3299 = EDGE_CURVE ( 'NONE', #848, #2995, #5025, .T. ) ;
#3300 = ORIENTED_EDGE ( 'NONE', *, *, #1265, .F. ) ;
#3301 = ORIENTED_EDGE ( 'NONE', *, *, #3296, .T. ) ;
#3302 = VECTOR ( 'NONE', #174, 1000.000000000000000 ) ;
#3303 = VERTEX_POINT ( 'NONE', #8329 ) ;
#3304 = CARTESIAN_POINT ( 'NONE',  ( -4.760000000000001563, 0.6499999999999999112, 0.4000000000000001332 ) ) ;
#3305 =( NAMED_UNIT ( * ) SI_UNIT ( $, .STERADIAN. ) SOLID_ANGLE_UNIT ( ) );
#3306 = DIRECTION ( 'NONE',  ( -1.000000000000000000, -0.000000000000000000, -0.000000000000000000 ) ) ;
#3307 = VERTEX_POINT ( 'NONE', #2390 ) ;
#3308 = EDGE_CURVE ( 'NONE', #9260, #10601, #5863, .T. ) ;
#3309 = CARTESIAN_POINT ( 'NONE',  ( 5.382564102564102448, -0.6044871794871796711, 0.1000000000000000056 ) ) ;
#3310 = ORIENTED_EDGE ( 'NONE', *, *, #1681, .T. ) ;
#3311 = PLANE ( 'NONE',  #5454 ) ;
#3312 = CARTESIAN_POINT ( 'NONE',  ( 5.469769173398271178, -0.6499507717184356270, 0.1000000000000000056 ) ) ;
#3313 = COLOUR_RGB ( '',0.1490196078431372528, 0.1490196078431372528, 0.1490196078431372528 ) ;
#3314 = AXIS2_PLACEMENT_3D ( 'NONE', #6525, #4099, #2391 ) ;
#3315 = EDGE_CURVE ( 'NONE', #3173, #1407, #9191, .T. ) ;
#3316 =( NAMED_UNIT ( * ) SI_UNIT ( $, .STERADIAN. ) SOLID_ANGLE_UNIT ( ) );
#3317 = EDGE_CURVE ( 'NONE', #367, #1574, #8226, .T. ) ;
#3318 = SURFACE_SIDE_STYLE ('',( #5799 ) ) ;
#3319 =( GEOMETRIC_REPRESENTATION_CONTEXT ( 3 ) GLOBAL_UNCERTAINTY_ASSIGNED_CONTEXT ( ( #6954 ) ) GLOBAL_UNIT_ASSIGNED_CONTEXT ( ( #6239, #4643, #266 ) ) REPRESENTATION_CONTEXT ( 'NONE', 'WORKASPACE' ) );
#3320 = ORIENTED_EDGE ( 'NONE', *, *, #7501, .T. ) ;
#3321 = PLANE ( 'NONE',  #5620 ) ;
#3322 = PRESENTATION_LAYER_ASSIGNMENT (  '', '', ( #1903 ) ) ;
#3323 = CARTESIAN_POINT ( 'NONE',  ( -2.220000000000001972, 2.469999999999999307, -2.799999999999999822 ) ) ;
#3324 = ORIENTED_EDGE ( 'NONE', *, *, #12, .F. ) ;
#3325 = EDGE_CURVE ( 'NONE', #7223, #7126, #5757, .T. ) ;
#3326 = LINE ( 'NONE', #10787, #341 ) ;
#3327 = ORIENTED_EDGE ( 'NONE', *, *, #4110, .T. ) ;
#3328 = PLANE ( 'NONE',  #6356 ) ;
#3329 =( GEOMETRIC_REPRESENTATION_CONTEXT ( 3 ) GLOBAL_UNCERTAINTY_ASSIGNED_CONTEXT ( ( #3444 ) ) GLOBAL_UNIT_ASSIGNED_CONTEXT ( ( #5499, #9283, #5951 ) ) REPRESENTATION_CONTEXT ( 'NONE', 'WORKASPACE' ) );
#3330 = ADVANCED_FACE ( 'NONE', ( #6573 ), #3336, .T. ) ;
#3331 = DIRECTION ( 'NONE',  ( 1.000000000000000000, 0.000000000000000000, 0.000000000000000000 ) ) ;
#3332 = PLANE ( 'NONE',  #2435 ) ;
#3333 = MECHANICAL_DESIGN_GEOMETRIC_PRESENTATION_REPRESENTATION (  '', ( #2274 ), #5262 ) ;
#3334 = VECTOR ( 'NONE', #2293, 1000.000000000000000 ) ;
#3335 = CARTESIAN_POINT ( 'NONE',  ( 2.219999999999997975, 2.269999999999999130, 0.7099999999999985212 ) ) ;
#3336 = PLANE ( 'NONE',  #6799 ) ;
#3337 = AXIS2_PLACEMENT_3D ( 'NONE', #809, #2120, #442 ) ;
#3338 = CARTESIAN_POINT ( 'NONE',  ( 5.399999999999998579, -7.249999999999999112, 3.650000000000000799 ) ) ;
#3339 = FACE_OUTER_BOUND ( 'NONE', #3900, .T. ) ;
#3340 = CARTESIAN_POINT ( 'NONE',  ( 5.431904293782863213, -0.8294835442768578870, 0.1000000000000000056 ) ) ;
#3341 = ORIENTED_EDGE ( 'NONE', *, *, #503, .F. ) ;
#3342 = LINE ( 'NONE', #7576, #10719 ) ;
#3343 = VERTEX_POINT ( 'NONE', #4934 ) ;
#3344 = VECTOR ( 'NONE', #9564, 1000.000000000000000 ) ;
#3345 = DIRECTION ( 'NONE',  ( 0.000000000000000000, -1.000000000000000000, 0.000000000000000000 ) ) ;
#3346 = CARTESIAN_POINT ( 'NONE',  ( 5.174118791481536306, 0.06644864573604285229, 0.1000000000000000056 ) ) ;
#3347 =( GEOMETRIC_REPRESENTATION_CONTEXT ( 3 ) GLOBAL_UNCERTAINTY_ASSIGNED_CONTEXT ( ( #8811 ) ) GLOBAL_UNIT_ASSIGNED_CONTEXT ( ( #8414, #871, #5847 ) ) REPRESENTATION_CONTEXT ( 'NONE', 'WORKASPACE' ) );
#3348 = VECTOR ( 'NONE', #10090, 1000.000000000000000 ) ;
#3349 = CARTESIAN_POINT ( 'NONE',  ( 2.219999999999997975, 0.6499999999999999112, 0.4000000000000001332 ) ) ;
#3350 = EDGE_CURVE ( 'NONE', #367, #3183, #10029, .T. ) ;
#3351 = PLANE ( 'NONE',  #6977 ) ;
#3352 = VECTOR ( 'NONE', #4226, 1000.000000000000000 ) ;
#3353 = ORIENTED_EDGE ( 'NONE', *, *, #7981, .F. ) ;
#3354 = AXIS2_PLACEMENT_3D ( 'NONE', #5659, #8062, #515 ) ;
#3355 = AXIS2_PLACEMENT_3D ( 'NONE', #3560, #785, #9307 ) ;
#3356 = CIRCLE ( 'NONE', #9130, 0.2000000000000000944 ) ;
#3357 = VECTOR ( 'NONE', #7781, 1000.000000000000000 ) ;
#3358 = CARTESIAN_POINT ( 'NONE',  ( 5.069743589743588963, -0.7471153846153848477, 0.1000000000000000056 ) ) ;
#3359 = EDGE_LOOP ( 'NONE', ( #4632, #258, #818, #9394, #8384, #8726, #1972, #2441, #10823, #8733 ) ) ;
#3360 = FACE_OUTER_BOUND ( 'NONE', #5762, .T. ) ;
#3361 = CARTESIAN_POINT ( 'NONE',  ( 2.219999999999997975, 5.449999999999999289, 4.090000000000001634 ) ) ;
#3362 = DIRECTION ( 'NONE',  ( 0.6401843996644802637, -0.000000000000000000, -0.7682212795973755171 ) ) ;
#3363 = VECTOR ( 'NONE', #6445, 1000.000000000000000 ) ;
#3364 = VECTOR ( 'NONE', #1680, 1000.000000000000000 ) ;
#3365 = CARTESIAN_POINT ( 'NONE',  ( 2.219999999999997975, -7.249999999999999112, 1.110000000000000098 ) ) ;
#3366 = ORIENTED_EDGE ( 'NONE', *, *, #9416, .T. ) ;
#3367 = ORIENTED_EDGE ( 'NONE', *, *, #7425, .T. ) ;
#3368 = VERTEX_POINT ( 'NONE', #6691 ) ;
#3369 = EDGE_CURVE ( 'NONE', #10743, #3613, #8377, .T. ) ;
#3370 = PLANE ( 'NONE',  #2102 ) ;
#3371 = ORIENTED_EDGE ( 'NONE', *, *, #10813, .T. ) ;
#3372 = CARTESIAN_POINT ( 'NONE',  ( 5.121025641025640063, -0.2653846153846152189, -0.000000000000000000 ) ) ;
#3373 = ORIENTED_EDGE ( 'NONE', *, *, #7503, .T. ) ;
#3374 = DIRECTION ( 'NONE',  ( 0.000000000000000000, 0.7071067811865467956, 0.7071067811865483499 ) ) ;
#3375 = PLANE ( 'NONE',  #4341 ) ;
#3376 = CARTESIAN_POINT ( 'NONE',  ( -5.400000000000002132, 5.450000000000000178, -3.000000000000000000 ) ) ;
#3377 = EDGE_CURVE ( 'NONE', #10880, #8528, #7572, .T. ) ;
#3378 = DIRECTION ( 'NONE',  ( -0.000000000000000000, 0.000000000000000000, -1.000000000000000000 ) ) ;
#3379 = EDGE_LOOP ( 'NONE', ( #1748, #1704, #885, #6017 ) ) ;
#3380 =( NAMED_UNIT ( * ) PLANE_ANGLE_UNIT ( ) SI_UNIT ( $, .RADIAN. ) );
#3381 = CARTESIAN_POINT ( 'NONE',  ( 4.759999999999998899, 3.109999999999998987, -2.799999999999999822 ) ) ;
#3382 = CARTESIAN_POINT ( 'NONE',  ( -5.400000000000002132, -7.049999999999999822, 4.090000000000000746 ) ) ;
#3383 = CARTESIAN_POINT ( 'NONE',  ( 5.390539183976528648, -0.6111790578437932275, 0.1000000000000000056 ) ) ;
#3384 = CARTESIAN_POINT ( 'NONE',  ( 5.129435514491832215, 0.08043614386494302160, 0.1000000000000000056 ) ) ;
#3385 = EDGE_CURVE ( 'NONE', #3440, #8154, #2843, .T. ) ;
#3386 = DIRECTION ( 'NONE',  ( 0.000000000000000000, -0.7071067811865474617, -0.7071067811865474617 ) ) ;
#3387 = EDGE_CURVE ( 'NONE', #7268, #2948, #613, .T. ) ;
#3388 = LINE ( 'NONE', #7619, #3188 ) ;
#3389 = CARTESIAN_POINT ( 'NONE',  ( 5.339703578288901298, 0.1268078582256188802, 0.1000000000000000056 ) ) ;
#3390 = COLOUR_RGB ( '',0.1490196078431372528, 0.1490196078431372528, 0.1490196078431372528 ) ;
#3391 = LINE ( 'NONE', #5252, #8401 ) ;
#3392 = CARTESIAN_POINT ( 'NONE',  ( 0.7700000000000006839, 5.650000000000000355, 1.885956070686927405E-16 ) ) ;
#3393 = CARTESIAN_POINT ( 'NONE',  ( 5.447880224819936501, -0.7736766310633068633, 0.000000000000000000 ) ) ;
#3394 = ORIENTED_EDGE ( 'NONE', *, *, #3942, .F. ) ;
#3395 = CARTESIAN_POINT ( 'NONE',  ( 0.3199999999999982858, 5.449999999999999289, 4.090000000000001634 ) ) ;
#3396 = VERTEX_POINT ( 'NONE', #6947 ) ;
#3397 = LINE ( 'NONE', #6748, #9116 ) ;
#3398 = DIRECTION ( 'NONE',  ( 0.000000000000000000, 0.000000000000000000, 1.000000000000000000 ) ) ;
#3399 = LINE ( 'NONE', #1514, #5222 ) ;
#3400 = LINE ( 'NONE', #2735, #5069 ) ;
#3401 = ORIENTED_EDGE ( 'NONE', *, *, #3150, .F. ) ;
#3402 = CARTESIAN_POINT ( 'NONE',  ( -2.220000000000002416, 0.6499999999999999112, 0.4000000000000001332 ) ) ;
#3403 = ORIENTED_EDGE ( 'NONE', *, *, #5864, .F. ) ;
#3404 = FACE_OUTER_BOUND ( 'NONE', #34, .T. ) ;
#3405 = SURFACE_STYLE_USAGE ( .BOTH. , #852 ) ;
#3406 = CARTESIAN_POINT ( 'NONE',  ( -0.3200000000000017275, -1.249999999999999778, 5.000000000000000000 ) ) ;
#3407 = EDGE_CURVE ( 'NONE', #541, #367, #9463, .T. ) ;
#3408 = CARTESIAN_POINT ( 'NONE',  ( -6.350000000000002309, 1.250000000000000222, 4.400000000000000355 ) ) ;
#3409 = CARTESIAN_POINT ( 'NONE',  ( 2.859999999999997211, -1.249999999999999778, 5.000000000000000000 ) ) ;
#3410 = ORIENTED_EDGE ( 'NONE', *, *, #10451, .T. ) ;
#3411 = ORIENTED_EDGE ( 'NONE', *, *, #5125, .T. ) ;
#3412 = ORIENTED_EDGE ( 'NONE', *, *, #9675, .T. ) ;
#3413 =( NAMED_UNIT ( * ) SI_UNIT ( $, .STERADIAN. ) SOLID_ANGLE_UNIT ( ) );
#3414 = CARTESIAN_POINT ( 'NONE',  ( -2.860000000000001652, 2.909999999999998810, -3.000000000000000000 ) ) ;
#3415 = ORIENTED_EDGE ( 'NONE', *, *, #1476, .F. ) ;
#3416 = DIRECTION ( 'NONE',  ( 0.000000000000000000, 0.7071067811865467956, 0.7071067811865483499 ) ) ;
#3417 = EDGE_LOOP ( 'NONE', ( #7434, #807, #4296, #9830 ) ) ;
#3418 = DIRECTION ( 'NONE',  ( -0.7682212795973767383, 0.000000000000000000, 0.6401843996644789314 ) ) ;
#3419 = LINE ( 'NONE', #9222, #5053 ) ;
#3420 = CARTESIAN_POINT ( 'NONE',  ( 5.479999999999999538, -1.162820512820512464, -0.000000000000000000 ) ) ;
#3421 = CARTESIAN_POINT ( 'NONE',  ( 5.415173290470889356, -0.9159833096873565284, 0.000000000000000000 ) ) ;
#3422 = EDGE_LOOP ( 'NONE', ( #9374, #10730, #10345, #472 ) ) ;
#3423 = DIRECTION ( 'NONE',  ( 0.000000000000000000, -1.000000000000000000, 0.000000000000000000 ) ) ;
#3424 = PLANE ( 'NONE',  #7016 ) ;
#3425 = ORIENTED_EDGE ( 'NONE', *, *, #1504, .T. ) ;
#3426 = CARTESIAN_POINT ( 'NONE',  ( 5.411514847965383623, -0.6335615953910909148, 0.000000000000000000 ) ) ;
#3427 = VERTEX_POINT ( 'NONE', #3497 ) ;
#3428 = DIRECTION ( 'NONE',  ( 0.6401843996644795975, 0.000000000000000000, 0.7682212795973760722 ) ) ;
#3429 = EDGE_CURVE ( 'NONE', #8638, #3466, #8591, .T. ) ;
#3430 = CARTESIAN_POINT ( 'NONE',  ( -2.220000000000001972, 4.809999999999998721, 3.450000000000000622 ) ) ;
#3431 = SURFACE_SIDE_STYLE ('',( #9398 ) ) ;
#3432 = EDGE_CURVE ( 'NONE', #7400, #6763, #1052, .T. ) ;
#3433 = DIRECTION ( 'NONE',  ( 0.000000000000000000, 0.000000000000000000, -1.000000000000000000 ) ) ;
#3435 = EDGE_CURVE ( 'NONE', #2725, #8659, #5966, .T. ) ;
#3434 = LINE ( 'NONE', #10794, #9771 ) ;
#3436 = ADVANCED_FACE ( 'NONE', ( #10292 ), #4419, .T. ) ;
#3437 = DIRECTION ( 'NONE',  ( -0.000000000000000000, -1.000000000000000000, -0.000000000000000000 ) ) ;
#3438 = DIRECTION ( 'NONE',  ( -0.6401843996644802637, 0.000000000000000000, 0.7682212795973755171 ) ) ;
#3439 = CARTESIAN_POINT ( 'NONE',  ( 5.443647478141492080, -0.7966965758773927320, 0.000000000000000000 ) ) ;
#3440 = VERTEX_POINT ( 'NONE', #8698 ) ;
#3441 = CARTESIAN_POINT ( 'NONE',  ( -2.860000000000001652, 2.669999999999999041, -3.000000000000000000 ) ) ;
#3442 = ORIENTED_EDGE ( 'NONE', *, *, #4785, .F. ) ;
#3443 = ADVANCED_FACE ( 'NONE', ( #1945 ), #7065, .T. ) ;
#3444 = UNCERTAINTY_MEASURE_WITH_UNIT (LENGTH_MEASURE( 1.000000000000000082E-05 ), #5499, 'distance_accuracy_value', 'NONE');
#3445 = DIRECTION ( 'NONE',  ( 0.000000000000000000, -0.7071067811865475727, 0.7071067811865475727 ) ) ;
#3446 = CARTESIAN_POINT ( 'NONE',  ( 5.479999999999999538, 0.3807692307692310818, 0.1000000000000000056 ) ) ;
#3447 = FACE_OUTER_BOUND ( 'NONE', #5396, .T. ) ;
#3448 = ORIENTED_EDGE ( 'NONE', *, *, #4587, .F. ) ;
#3449 = CARTESIAN_POINT ( 'NONE',  ( 5.484849735431615692, -0.6945857502852714749, -0.000000000000000000 ) ) ;
#3450 = ORIENTED_EDGE ( 'NONE', *, *, #1154, .T. ) ;
#3451 = MECHANICAL_DESIGN_GEOMETRIC_PRESENTATION_REPRESENTATION (  '', ( #2563 ), #6795 ) ;
#3452 = CARTESIAN_POINT ( 'NONE',  ( -2.220000000000001972, -7.249999999999999112, 1.110000000000000098 ) ) ;
#3453 = VERTEX_POINT ( 'NONE', #7833 ) ;
#3454 = DIRECTION ( 'NONE',  ( 0.000000000000000000, -1.000000000000000000, 0.000000000000000000 ) ) ;
#3455 = ADVANCED_FACE ( 'NONE', ( #1878 ), #270, .F. ) ;
#3456 = VECTOR ( 'NONE', #6459, 1000.000000000000000 ) ;
#3457 = DIRECTION ( 'NONE',  ( -0.6401843996644795975, 0.000000000000000000, 0.7682212795973760722 ) ) ;
#3458 = LINE ( 'NONE', #752, #3364 ) ;
#3459 = EDGE_CURVE ( 'NONE', #3453, #7648, #7782, .T. ) ;
#3460 = LINE ( 'NONE', #5166, #4525 ) ;
#3461 = PRESENTATION_LAYER_ASSIGNMENT (  '', '', ( #4869 ) ) ;
#3462 = LINE ( 'NONE', #3365, #9399 ) ;
#3463 = VERTEX_POINT ( 'NONE', #4303 ) ;
#3464 = ORIENTED_EDGE ( 'NONE', *, *, #6744, .T. ) ;
#3465 = STYLED_ITEM ( 'NONE', ( #4823 ), #3590 ) ;
#3466 = VERTEX_POINT ( 'NONE', #1778 ) ;
#3467 = ADVANCED_FACE ( 'NONE', ( #5250 ), #8489, .F. ) ;
#3468 = FILL_AREA_STYLE_COLOUR ( '', #8212 ) ;
#3469 = DIRECTION ( 'NONE',  ( 1.000000000000000000, 0.000000000000000000, 0.000000000000000000 ) ) ;
#3470 = ORIENTED_EDGE ( 'NONE', *, *, #4408, .F. ) ;
#3471 = DIRECTION ( 'NONE',  ( 0.000000000000000000, 0.000000000000000000, 1.000000000000000000 ) ) ;
#3472 = ORIENTED_EDGE ( 'NONE', *, *, #2564, .T. ) ;
#3473 = LINE ( 'NONE', #10056, #2092 ) ;
#3474 = VERTEX_POINT ( 'NONE', #1221 ) ;
#3475 = CARTESIAN_POINT ( 'NONE',  ( 3.809999999999999165, 5.650000000000000355, 0.6000000000000001998 ) ) ;
#3476 = DIRECTION ( 'NONE',  ( 0.000000000000000000, -0.7071067811865467956, 0.7071067811865483499 ) ) ;
#3477 = FACE_OUTER_BOUND ( 'NONE', #250, .T. ) ;
#3478 = VECTOR ( 'NONE', #6722, 1000.000000000000000 ) ;
#3479 = MECHANICAL_DESIGN_GEOMETRIC_PRESENTATION_REPRESENTATION (  '', ( #10122 ), #1356 ) ;
#3480 = ORIENTED_EDGE ( 'NONE', *, *, #3459, .T. ) ;
#3481 = CARTESIAN_POINT ( 'NONE',  ( 5.069743589743588963, -0.7471153846153848477, 0.1000000000000000056 ) ) ;
#3482 = EDGE_CURVE ( 'NONE', #1950, #5009, #3768, .T. ) ;
#3483 = CARTESIAN_POINT ( 'NONE',  ( -0.3200000000000017830, 2.909999999999999698, 1.350000000000000977 ) ) ;
#3484 = ORIENTED_EDGE ( 'NONE', *, *, #6400, .T. ) ;
#3485 = AXIS2_PLACEMENT_3D ( 'NONE', #5207, #7580, #10304 ) ;
#3486 = DIRECTION ( 'NONE',  ( 0.6401843996644802637, -0.000000000000000000, -0.7682212795973755171 ) ) ;
#3487 = ORIENTED_EDGE ( 'NONE', *, *, #429, .F. ) ;
#3488 = CARTESIAN_POINT ( 'NONE',  ( -4.760000000000002451, 2.269999999999999130, 0.7099999999999985212 ) ) ;
#3489 = VECTOR ( 'NONE', #7021, 1000.000000000000000 ) ;
#3490 = CARTESIAN_POINT ( 'NONE',  ( 5.110962234169333485, -0.7403726047743596217, 0.1000000000000000056 ) ) ;
#3491 = B_SPLINE_SURFACE_WITH_KNOTS ( 'NONE', 3, 1, ( 
 ( #9230, #2712 ),
 ( #1039, #5185 ),
 ( #9289, #6890 ),
 ( #2541, #4295 ),
 ( #925, #5135 ),
 ( #3545, #4411 ),
 ( #7654, #4247 ),
 ( #6070, #5955 ),
 ( #9182, #8527 ),
 ( #94, #10112 ),
 ( #5902, #7773 ),
 ( #976, #10174 ),
 ( #1708, #2594 ),
 ( #9391, #1867 ),
 ( #8426, #1770 ),
 ( #2662, #8482 ),
 ( #8582, #4189 ),
 ( #7557, #10019 ),
 ( #1650, #5239 ) ),
 .UNSPECIFIED., .F., .F., .F.,
 ( 4, 1, 1, 1, 1, 1, 1, 1, 1, 1, 1, 1, 1, 1, 1, 1, 4 ),
 ( 2, 2 ),
 ( 0.000000000000000000, 0.06432246778181897884, 0.1262886335379623803, 0.1867242955000426863, 0.2464168158680676013, 0.3055837265637834643, 0.3654367727676127720, 0.4263329871858878573, 0.4888458569063461878, 0.5517301902635043387, 0.6139230909085520160, 0.6754875435196860956, 0.7373369548421794262, 0.8002313699638065048, 0.8645038754762076616, 0.9310415419227365819, 1.000000000000000000 ),
 ( 0.000000000000000000, 1.000000000000000000 ),
 .UNSPECIFIED. ) ;
#3492 = LINE ( 'NONE', #2600, #3711 ) ;
#3493 = AXIS2_PLACEMENT_3D ( 'NONE', #9298, #5085, #7661 ) ;
#3494 = AXIS2_PLACEMENT_3D ( 'NONE', #9931, #551, #5781 ) ;
#3495 = AXIS2_PLACEMENT_3D ( 'NONE', #3784, #5550, #8015 ) ;
#3496 = CARTESIAN_POINT ( 'NONE',  ( 5.438974358974357770, -0.2653846153846152189, 0.1000000000000000056 ) ) ;
#3497 = CARTESIAN_POINT ( 'NONE',  ( 2.859999999999998099, 2.469999999999999307, 0.7099999999999970779 ) ) ;
#3498 = FILL_AREA_STYLE ('',( #7784 ) ) ;
#3499 = CARTESIAN_POINT ( 'NONE',  ( 5.314046631758130523, -0.9238572163453352415, 0.1000000000000000056 ) ) ;
#3500 = EDGE_CURVE ( 'NONE', #5564, #5094, #601, .T. ) ;
#3501 = ORIENTED_EDGE ( 'NONE', *, *, #1222, .T. ) ;
#3502 = LINE ( 'NONE', #1618, #5108 ) ;
#3503 = VERTEX_POINT ( 'NONE', #10409 ) ;
#3504 = CARTESIAN_POINT ( 'NONE',  ( 5.076395752695643360, -0.8081289035275428523, 0.1000000000000000056 ) ) ;
#3505 = DIRECTION ( 'NONE',  ( 1.000000000000000000, -0.000000000000000000, -0.000000000000000000 ) ) ;
#3506 = DIRECTION ( 'NONE',  ( -0.000000000000000000, -1.000000000000000000, -0.000000000000000000 ) ) ;
#3507 = DIRECTION ( 'NONE',  ( 0.000000000000000000, 0.7071067811865483499, 0.7071067811865467956 ) ) ;
#3508 = AXIS2_PLACEMENT_3D ( 'NONE', #10671, #9844, #658 ) ;
#3509 = ORIENTED_EDGE ( 'NONE', *, *, #859, .F. ) ;
#3510 = ADVANCED_FACE ( 'NONE', ( #388 ), #7115, .T. ) ;
#3511 = SURFACE_STYLE_FILL_AREA ( #4434 ) ;
#3512 = ORIENTED_EDGE ( 'NONE', *, *, #4545, .F. ) ;
#3513 = VECTOR ( 'NONE', #10512, 1000.000000000000000 ) ;
#3514 = CARTESIAN_POINT ( 'NONE',  ( 5.123231634165768433, -0.8964137731260117814, 0.1000000000000000056 ) ) ;
#3515 = VERTEX_POINT ( 'NONE', #5486 ) ;
#3516 = CARTESIAN_POINT ( 'NONE',  ( 4.759999999999998899, 5.649999999999999467, -2.799999999999999822 ) ) ;
#3517 = VECTOR ( 'NONE', #10, 1000.000000000000000 ) ;
#3518 = VECTOR ( 'NONE', #5501, 1000.000000000000000 ) ;
#3519 = CARTESIAN_POINT ( 'NONE',  ( -4.760000000000002451, 4.809999999999999609, 3.250000000000000888 ) ) ;
#3520 = CARTESIAN_POINT ( 'NONE',  ( 2.859999999999998099, 2.669999999999999041, -3.000000000000000000 ) ) ;
#3521 = EDGE_CURVE ( 'NONE', #1143, #10253, #6293, .T. ) ;
#3522 = AXIS2_PLACEMENT_3D ( 'NONE', #849, #4160, #9208 ) ;
#3523 = AXIS2_PLACEMENT_3D ( 'NONE', #8433, #9346, #776 ) ;
#3524 = ADVANCED_FACE ( 'NONE', ( #5417 ), #1281, .F. ) ;
#3525 = CARTESIAN_POINT ( 'NONE',  ( 5.438974358974357770, -0.1295673076923075373, 0.1000000000000000056 ) ) ;
#3526 = VERTEX_POINT ( 'NONE', #8756 ) ;
#3527 = VERTEX_POINT ( 'NONE', #9840 ) ;
#3528 = VECTOR ( 'NONE', #8861, 1000.000000000000000 ) ;
#3529 = ORIENTED_EDGE ( 'NONE', *, *, #5963, .T. ) ;
#3530 = ORIENTED_EDGE ( 'NONE', *, *, #3407, .T. ) ;
#3531 = LINE ( 'NONE', #10222, #10343 ) ;
#3532 = ORIENTED_EDGE ( 'NONE', *, *, #5042, .T. ) ;
#3533 = CARTESIAN_POINT ( 'NONE',  ( -2.860000000000001652, -1.249999999999999778, 0.9099999999999990319 ) ) ;
#3534 = VERTEX_POINT ( 'NONE', #6242 ) ;
#3535 = CARTESIAN_POINT ( 'NONE',  ( 5.385234463788103554, -0.6067278754193105028, -0.000000000000000000 ) ) ;
#3536 = FACE_OUTER_BOUND ( 'NONE', #1180, .T. ) ;
#3537 = CARTESIAN_POINT ( 'NONE',  ( 2.219999999999997975, 5.209999999999999076, -3.000000000000000000 ) ) ;
#3538 = VECTOR ( 'NONE', #6848, 1000.000000000000000 ) ;
#3539 = VECTOR ( 'NONE', #8207, 1000.000000000000000 ) ;
#3540 = PRESENTATION_LAYER_ASSIGNMENT (  '', '', ( #6701 ) ) ;
#3541 = CARTESIAN_POINT ( 'NONE',  ( 5.490256410256409758, -0.7475961538461540767, 0.000000000000000000 ) ) ;
#3542 = VERTEX_POINT ( 'NONE', #3963 ) ;
#3543 = COLOUR_RGB ( '',0.1490196078431372528, 0.1490196078431372528, 0.1490196078431372528 ) ;
#3544 = CARTESIAN_POINT ( 'NONE',  ( -0.3200000000000017830, -7.049999999999999822, 1.550000000000000044 ) ) ;
#3545 = CARTESIAN_POINT ( 'NONE',  ( 5.213273184854934073, -0.9144479036922611437, 0.1000000000000000056 ) ) ;
#3546 = VERTEX_POINT ( 'NONE', #2049 ) ;
#3547 = LINE ( 'NONE', #8584, #7547 ) ;
#3548 = ORIENTED_EDGE ( 'NONE', *, *, #117, .T. ) ;
#3549 = DIRECTION ( 'NONE',  ( -0.7682212795973755171, 0.000000000000000000, -0.6401843996644802637 ) ) ;
#3550 = UNCERTAINTY_MEASURE_WITH_UNIT (LENGTH_MEASURE( 1.000000000000000082E-05 ), #10413, 'distance_accuracy_value', 'NONE');
#3551 = DIRECTION ( 'NONE',  ( 0.000000000000000000, 0.7071067811865467956, 0.7071067811865483499 ) ) ;
#3552 = PRESENTATION_STYLE_ASSIGNMENT (( #5245 ) ) ;
#3553 = EDGE_CURVE ( 'NONE', #4782, #4580, #7316, .T. ) ;
#3554 = CARTESIAN_POINT ( 'NONE',  ( -5.400000000000002132, 2.469999999999999307, 0.7099999999999970779 ) ) ;
#3555 = CARTESIAN_POINT ( 'NONE',  ( -2.860000000000001652, 2.909999999999998810, -3.000000000000000000 ) ) ;
#3556 = CARTESIAN_POINT ( 'NONE',  ( 5.849999999999999645, 5.650000000000000355, 5.000000000000000000 ) ) ;
#3557 = FACE_OUTER_BOUND ( 'NONE', #1978, .T. ) ;
#3558 = FACE_OUTER_BOUND ( 'NONE', #10180, .T. ) ;
#3559 = VERTEX_POINT ( 'NONE', #4596 ) ;
#3560 = CARTESIAN_POINT ( 'NONE',  ( 2.219999999999997975, -7.049999999999999822, 4.090000000000000746 ) ) ;
#3561 = ORIENTED_EDGE ( 'NONE', *, *, #2023, .F. ) ;
#3562 = UNCERTAINTY_MEASURE_WITH_UNIT (LENGTH_MEASURE( 1.000000000000000082E-05 ), #933, 'distance_accuracy_value', 'NONE');
#3563 = DIRECTION ( 'NONE',  ( 0.000000000000000000, 0.7071067811865483499, 0.7071067811865467956 ) ) ;
#3564 = LINE ( 'NONE', #9530, #7040 ) ;
#3565 = LINE ( 'NONE', #10131, #4920 ) ;
#3566 = ADVANCED_FACE ( 'NONE', ( #4658 ), #5663, .T. ) ;
#3567 = ORIENTED_EDGE ( 'NONE', *, *, #5184, .T. ) ;
#3568 = CARTESIAN_POINT ( 'NONE',  ( -2.860000000000001652, 4.809999999999998721, 3.450000000000000622 ) ) ;
#3569 = ORIENTED_EDGE ( 'NONE', *, *, #3924, .F. ) ;
#3570 = CARTESIAN_POINT ( 'NONE',  ( -6.350000000000002309, 1.250000000000000222, 5.000000000000000000 ) ) ;
#3571 = SURFACE_SIDE_STYLE ('',( #1900 ) ) ;
#3572 = CARTESIAN_POINT ( 'NONE',  ( 5.108986612865873411, -0.8792422178091621188, 0.1000000000000000056 ) ) ;
#3573 = ORIENTED_EDGE ( 'NONE', *, *, #4499, .F. ) ;
#3574 = CARTESIAN_POINT ( 'NONE',  ( -2.860000000000001652, 3.109999999999998987, -2.799999999999999822 ) ) ;
#3575 = CARTESIAN_POINT ( 'NONE',  ( 4.759999999999998899, -7.249999999999999112, 3.650000000000000799 ) ) ;
#3576 = CARTESIAN_POINT ( 'NONE',  ( 4.759999999999998899, -7.049999999999999822, 4.090000000000000746 ) ) ;
#3577 = ADVANCED_FACE ( 'NONE', ( #3783 ), #7128, .F. ) ;
#3578 = EDGE_CURVE ( 'NONE', #2406, #420, #8929, .T. ) ;
#3579 = DIRECTION ( 'NONE',  ( 0.000000000000000000, 0.000000000000000000, -1.000000000000000000 ) ) ;
#3580 = ORIENTED_EDGE ( 'NONE', *, *, #5052, .T. ) ;
#3581 = VERTEX_POINT ( 'NONE', #8172 ) ;
#3582 = ORIENTED_EDGE ( 'NONE', *, *, #4123, .F. ) ;
#3583 = ADVANCED_FACE ( 'NONE', ( #2343, #627 ), #454, .T. ) ;
#3584 = CARTESIAN_POINT ( 'NONE',  ( -0.3200000000000017830, 2.909999999999998810, -3.000000000000000000 ) ) ;
#3585 = VERTEX_POINT ( 'NONE', #6417 ) ;
#3586 = CARTESIAN_POINT ( 'NONE',  ( 0.3199999999999982303, 0.6499999999999999112, 1.550000000000000933 ) ) ;
#3587 = ORIENTED_EDGE ( 'NONE', *, *, #10701, .T. ) ;
#3588 = ORIENTED_EDGE ( 'NONE', *, *, #10563, .F. ) ;
#3589 = CARTESIAN_POINT ( 'NONE',  ( 5.107455038634031830, 0.05355128202975906193, 0.000000000000000000 ) ) ;
#3590 = ADVANCED_FACE ( 'NONE', ( #7188 ), #3175, .F. ) ;
#3591 = CARTESIAN_POINT ( 'NONE',  ( -2.220000000000001972, 2.269999999999999130, 0.7099999999999985212 ) ) ;
#3592 = VERTEX_POINT ( 'NONE', #9863 ) ;
#3593 = CARTESIAN_POINT ( 'NONE',  ( 5.399999999999998579, 0.6499999999999999112, 1.550000000000000933 ) ) ;
#3594 = LINE ( 'NONE', #6019, #4212 ) ;
#3595 = ORIENTED_EDGE ( 'NONE', *, *, #3138, .T. ) ;
#3596 = LINE ( 'NONE', #5241, #508 ) ;
#3597 = ORIENTED_EDGE ( 'NONE', *, *, #1494, .F. ) ;
#3598 = LINE ( 'NONE', #6943, #1245 ) ;
#3599 = ADVANCED_FACE ( 'NONE', ( #8772 ), #2133, .T. ) ;
#3600 = CARTESIAN_POINT ( 'NONE',  ( 2.219999999999997975, -7.249999999999999112, 1.349999999999999867 ) ) ;
#3601 = SURFACE_STYLE_USAGE ( .BOTH. , #218 ) ;
#3602 = B_SPLINE_CURVE_WITH_KNOTS ( 'NONE', 3,
 ( #3358, #1008, #6755, #7750, #188, #4157, #10041, #7683, #5928, #1675, #9206, #9367, #847, #3572, #5214, #3514, #10866, #7585, #6915 ),
 .UNSPECIFIED., .F., .F.,
 ( 4, 1, 1, 1, 1, 1, 1, 1, 1, 1, 1, 1, 1, 1, 1, 1, 4 ),
 ( 0.000000000000000000, 0.06966280089907736506, 0.1377495622582729784, 0.2039167435177827725, 0.2687798623293364830, 0.3324137064772241801, 0.3947535404471400611, 0.4561800316591678173, 0.5169956491967196976, 0.5773959379659524549, 0.6371983435092746229, 0.6969991842614544630, 0.7567561942255598417, 0.8165539052726086267, 0.8769479965978684843, 0.9381317879205941512, 1.000000000000000000 ),
 .UNSPECIFIED. ) ;
#3603 = B_SPLINE_CURVE_WITH_KNOTS ( 'NONE', 3,
 ( #7161, #3709, #2990, #5404, #8690, #6344, #1866, #1930, #5238, #8580, #7054, #4518, #4410, #2883, #6231, #9563, #8744, #7772, #2761 ),
 .UNSPECIFIED., .F., .F.,
 ( 4, 1, 1, 1, 1, 1, 1, 1, 1, 1, 1, 1, 1, 1, 1, 1, 4 ),
 ( 0.000000000000000000, 0.07015117599727899167, 0.1378126061901926991, 0.2032262471813958415, 0.2671740552944764646, 0.3300240034081793339, 0.3917942717866871871, 0.4530843989971405916, 0.5143339076458792736, 0.5749999928182687459, 0.6348654826222119851, 0.6941163151896425632, 0.7534416217804399407, 0.8131258003036123672, 0.8740796856370761647, 0.9360070132744078286, 1.000000000000000000 ),
 .UNSPECIFIED. ) ;
#3604 = PLANE ( 'NONE',  #2118 ) ;
#3605 = CARTESIAN_POINT ( 'NONE',  ( 5.363346057929708977, -0.9477546362435064209, 0.1000000000000000056 ) ) ;
#3606 = PRESENTATION_STYLE_ASSIGNMENT (( #8649 ) ) ;
#3607 = DIRECTION ( 'NONE',  ( 0.000000000000000000, 0.000000000000000000, -1.000000000000000000 ) ) ;
#3608 = CARTESIAN_POINT ( 'NONE',  ( 6.349999999999996980, 1.249999999999999778, 4.599999999999999645 ) ) ;
#3609 = EDGE_CURVE ( 'NONE', #10665, #8059, #8014, .T. ) ;
#3610 = EDGE_CURVE ( 'NONE', #4580, #926, #5603, .T. ) ;
#3611 = ORIENTED_EDGE ( 'NONE', *, *, #921, .F. ) ;
#3612 = CARTESIAN_POINT ( 'NONE',  ( 5.449230769230768878, -0.7498397435897438124, 0.000000000000000000 ) ) ;
#3613 = VERTEX_POINT ( 'NONE', #578 ) ;
#3614 = CARTESIAN_POINT ( 'NONE',  ( 5.069832738359781210, -0.7599244540044642893, 0.000000000000000000 ) ) ;
#3615 = PLANE ( 'NONE',  #6437 ) ;
#3616 = CARTESIAN_POINT ( 'NONE',  ( -5.400000000000002132, 2.469999999999999307, -2.799999999999999822 ) ) ;
#3617 = LINE ( 'NONE', #231, #1710 ) ;
#3618 = ORIENTED_EDGE ( 'NONE', *, *, #7405, .F. ) ;
#3619 = EDGE_LOOP ( 'NONE', ( #1009, #940, #3951, #1430 ) ) ;
#3620 = CARTESIAN_POINT ( 'NONE',  ( -0.3200000000000017830, -7.049999999999999822, 4.090000000000000746 ) ) ;
#3621 = FACE_OUTER_BOUND ( 'NONE', #913, .T. ) ;
#3622 = CARTESIAN_POINT ( 'NONE',  ( -4.310000000000001386, 1.250000000000000222, 5.000000000000000000 ) ) ;
#3623 = EDGE_LOOP ( 'NONE', ( #3487, #6211, #349, #7764 ) ) ;
#3624 = CARTESIAN_POINT ( 'NONE',  ( 0.3199999999999982858, 4.809999999999998721, 3.450000000000000622 ) ) ;
#3625 = MANIFOLD_SOLID_BREP ( 'ÇÐ³ý-À­Éì3', #9025 ) ;
#3626 = CARTESIAN_POINT ( 'NONE',  ( -0.3200000000000017830, 4.809999999999998721, 3.450000000000000622 ) ) ;
#3627 = CARTESIAN_POINT ( 'NONE',  ( 4.759999999999998899, 2.269999999999997797, 0.9099999999999984768 ) ) ;
#3628 = ADVANCED_BREP_SHAPE_REPRESENTATION ( 'HDR-TH_10P-P2.54-M-WI-2X5P', ( #3625, #1931 ), #7922 ) ;
#3629 = CARTESIAN_POINT ( 'NONE',  ( -2.860000000000001652, -7.049999999999999822, 4.090000000000000746 ) ) ;
#3630 = EDGE_LOOP ( 'NONE', ( #2189, #4976, #8818, #10322, #8879, #5233 ) ) ;
#3631 = ORIENTED_EDGE ( 'NONE', *, *, #1012, .T. ) ;
#3632 = LINE ( 'NONE', #3855, #8729 ) ;
#3633 = ORIENTED_EDGE ( 'NONE', *, *, #1685, .F. ) ;
#3634 = DIRECTION ( 'NONE',  ( 0.000000000000000000, 0.7071067811865475727, 0.7071067811865475727 ) ) ;
#3635 = VERTEX_POINT ( 'NONE', #4837 ) ;
#3636 = CARTESIAN_POINT ( 'NONE',  ( -5.400000000000002132, 5.209999999999999076, -3.000000000000000000 ) ) ;
#3637 = VERTEX_POINT ( 'NONE', #2246 ) ;
#3638 = EDGE_CURVE ( 'NONE', #1585, #9555, #3195, .T. ) ;
#3639 = ORIENTED_EDGE ( 'NONE', *, *, #10219, .T. ) ;
#3640 = PLANE ( 'NONE',  #1707 ) ;
#3641 = DIRECTION ( 'NONE',  ( -0.000000000000000000, 0.000000000000000000, 1.000000000000000000 ) ) ;
#3642 = EDGE_CURVE ( 'NONE', #2406, #8131, #8185, .T. ) ;
#3643 = ADVANCED_FACE ( 'NONE', ( #2357 ), #1362, .F. ) ;
#3644 = AXIS2_PLACEMENT_3D ( 'NONE', #622, #3776, #8821 ) ;
#3645 = CARTESIAN_POINT ( 'NONE',  ( 5.121025641025640063, -0.1576923076923075207, 0.1000000000000000056 ) ) ;
#3646 = VERTEX_POINT ( 'NONE', #366 ) ;
#3647 = ADVANCED_FACE ( 'NONE', ( #2974 ), #2147, .F. ) ;
#3648 = CARTESIAN_POINT ( 'NONE',  ( 5.110769230769230731, -0.7473557692307695177, 0.1000000000000000056 ) ) ;
#3649 = CARTESIAN_POINT ( 'NONE',  ( -3.810000000000000941, 1.250000000000000222, 4.400000000000000355 ) ) ;
#3650 = VERTEX_POINT ( 'NONE', #4452 ) ;
#3651 = LINE ( 'NONE', #3717, #6316 ) ;
#3652 = ORIENTED_EDGE ( 'NONE', *, *, #6467, .T. ) ;
#3653 =( LENGTH_UNIT ( ) NAMED_UNIT ( * ) SI_UNIT ( .MILLI., .METRE. ) );
#3654 = VECTOR ( 'NONE', #6481, 1000.000000000000114 ) ;
#3655 = UNCERTAINTY_MEASURE_WITH_UNIT (LENGTH_MEASURE( 1.000000000000000082E-05 ), #4271, 'distance_accuracy_value', 'NONE');
#3656 = CARTESIAN_POINT ( 'NONE',  ( 5.399999999999998579, -7.249999999999999112, 1.349999999999999867 ) ) ;
#3657 = ADVANCED_FACE ( 'NONE', ( #10440 ), #9552, .F. ) ;
#3658 = EDGE_CURVE ( 'NONE', #6001, #274, #7094, .T. ) ;
#3659 = AXIS2_PLACEMENT_3D ( 'NONE', #8088, #4008, #4504 ) ;
#3660 = FACE_OUTER_BOUND ( 'NONE', #7760, .T. ) ;
#3661 = CARTESIAN_POINT ( 'NONE',  ( 5.415173290470889356, -0.9159833096873565284, 0.1000000000000000056 ) ) ;
#3662 = AXIS2_PLACEMENT_3D ( 'NONE', #3519, #1797, #1905 ) ;
#3663 = ADVANCED_FACE ( 'NONE', ( #5288 ), #9254, .T. ) ;
#3664 = VECTOR ( 'NONE', #3229, 1000.000000000000000 ) ;
#3665 = DIRECTION ( 'NONE',  ( 1.000000000000000000, -0.000000000000000000, -0.000000000000000000 ) ) ;
#3666 = FILL_AREA_STYLE_COLOUR ( '', #10869 ) ;
#3667 = EDGE_CURVE ( 'NONE', #6036, #7221, #4672, .T. ) ;
#3668 = ORIENTED_EDGE ( 'NONE', *, *, #10678, .T. ) ;
#3669 = ORIENTED_EDGE ( 'NONE', *, *, #2034, .T. ) ;
#3670 = CARTESIAN_POINT ( 'NONE',  ( 5.069743589743589851, -0.7471153846153849587, 0.1000000000000000056 ) ) ;
#3671 = CARTESIAN_POINT ( 'NONE',  ( 5.171195956370897129, -0.8880324256104565883, 0.1000000000000000056 ) ) ;
#3672 = CARTESIAN_POINT ( 'NONE',  ( 3.310000000000000497, 5.650000000000000355, 1.885956070686927405E-16 ) ) ;
#3673 = VECTOR ( 'NONE', #6413, 1000.000000000000000 ) ;
#3674 = STYLED_ITEM ( 'NONE', ( #7632 ), #5392 ) ;
#3675 = B_SPLINE_SURFACE_WITH_KNOTS ( 'NONE', 3, 1, ( 
 ( #2333, #2440 ),
 ( #10740, #5803 ),
 ( #7286, #2219 ),
 ( #9138, #3218 ),
 ( #6452, #618 ),
 ( #7399, #569 ),
 ( #8213, #4091 ),
 ( #5695, #1602 ),
 ( #7446, #771 ),
 ( #3980, #3933 ),
 ( #4973, #4766 ),
 ( #8321, #726 ),
 ( #10785, #6565 ),
 ( #3102, #9899 ),
 ( #8982, #4134 ),
 ( #4814, #9028 ),
 ( #6512, #9954 ),
 ( #7495, #10626 ),
 ( #8116, #9794 ) ),
 .UNSPECIFIED., .F., .F., .F.,
 ( 4, 1, 1, 1, 1, 1, 1, 1, 1, 1, 1, 1, 1, 1, 1, 1, 4 ),
 ( 2, 2 ),
 ( 0.000000000000000000, 0.06455784592972059477, 0.1270135315497603890, 0.1879548102020908162, 0.2480139127896340556, 0.3077476818488379395, 0.3682345146974855821, 0.4294698439426699599, 0.4927434367465849951, 0.5562577687060838993, 0.6182167855431437431, 0.6796554755875557907, 0.7412455456206291649, 0.8034152647056972407, 0.8668154615439921384, 0.9323283119492651316, 1.000000000000000000 ),
 ( 0.000000000000000000, 1.000000000000000000 ),
 .UNSPECIFIED. ) ;
#3676 = EDGE_LOOP ( 'NONE', ( #1921, #5450, #10330, #2640 ) ) ;
#3677 = SURFACE_SIDE_STYLE ('',( #6090 ) ) ;
#3678 = CARTESIAN_POINT ( 'NONE',  ( 5.438974358974357770, -0.1295673076923075373, 0.1000000000000000056 ) ) ;
#3679 = SURFACE_SIDE_STYLE ('',( #5375 ) ) ;
#3680 = CARTESIAN_POINT ( 'NONE',  ( -0.3200000000000017830, -7.249999999999999112, 3.890000000000000568 ) ) ;
#3681 = DIRECTION ( 'NONE',  ( 1.000000000000000000, 0.000000000000000000, 0.000000000000000000 ) ) ;
#3682 = CARTESIAN_POINT ( 'NONE',  ( -2.220000000000001972, 5.009999999999999787, -2.799999999999999822 ) ) ;
#3683 = EDGE_LOOP ( 'NONE', ( #6284, #10496, #8042, #5577 ) ) ;
#3684 = MECHANICAL_DESIGN_GEOMETRIC_PRESENTATION_REPRESENTATION (  '', ( #497 ), #9975 ) ;
#3685 = CARTESIAN_POINT ( 'NONE',  ( 4.759999999999998899, 4.809999999999999609, 3.250000000000000888 ) ) ;
#3686 = CIRCLE ( 'NONE', #8757, 0.1999999999999999833 ) ;
#3687 = SURFACE_SIDE_STYLE ('',( #10318 ) ) ;
#3688 = VECTOR ( 'NONE', #10396, 1000.000000000000000 ) ;
#3689 = CARTESIAN_POINT ( 'NONE',  ( 5.466746736612068780, 0.01056431302106877052, 0.1000000000000000056 ) ) ;
#3690 = EDGE_CURVE ( 'NONE', #1088, #6346, #3632, .T. ) ;
#3691 = COLOUR_RGB ( '',0.1490196078431372528, 0.1490196078431372528, 0.1490196078431372528 ) ;
#3692 = DIRECTION ( 'NONE',  ( 0.000000000000000000, -1.000000000000000000, 0.000000000000000000 ) ) ;
#3693 = VERTEX_POINT ( 'NONE', #6975 ) ;
#3694 = AXIS2_PLACEMENT_3D ( 'NONE', #6663, #7482, #917 ) ;
#3695 = ORIENTED_EDGE ( 'NONE', *, *, #4593, .F. ) ;
#3696 = CARTESIAN_POINT ( 'NONE',  ( 5.111342111030997337, -0.7266280666120833454, 0.1000000000000000056 ) ) ;
#3697 = ORIENTED_EDGE ( 'NONE', *, *, #3271, .F. ) ;
#3698 = AXIS2_PLACEMENT_3D ( 'NONE', #5421, #7729, #8760 ) ;
#3699 = ORIENTED_EDGE ( 'NONE', *, *, #1742, .F. ) ;
#3700 = CARTESIAN_POINT ( 'NONE',  ( -4.760000000000002451, -7.249999999999999112, 1.349999999999999867 ) ) ;
#3701 = EDGE_LOOP ( 'NONE', ( #7047, #1229, #7085, #5106 ) ) ;
#3702 = VECTOR ( 'NONE', #547, 1000.000000000000000 ) ;
#3703 = AXIS2_PLACEMENT_3D ( 'NONE', #2177, #5320, #5545 ) ;
#3704 = AXIS2_PLACEMENT_3D ( 'NONE', #5943, #6006, #3469 ) ;
#3705 = MECHANICAL_DESIGN_GEOMETRIC_PRESENTATION_REPRESENTATION (  '', ( #2288 ), #5981 ) ;
#3706 = DIRECTION ( 'NONE',  ( -0.000000000000000000, -0.000000000000000000, -1.000000000000000000 ) ) ;
#3707 = ORIENTED_EDGE ( 'NONE', *, *, #9980, .F. ) ;
#3708 = EDGE_CURVE ( 'NONE', #9673, #9110, #6167, .T. ) ;
#3709 = CARTESIAN_POINT ( 'NONE',  ( 5.279710163316054583, 0.09865928730492055931, -0.000000000000000000 ) ) ;
#3710 = VECTOR ( 'NONE', #7401, 1000.000000000000000 ) ;
#3711 = VECTOR ( 'NONE', #43, 999.9999999999998863 ) ;
#3712 = CARTESIAN_POINT ( 'NONE',  ( 5.079999999999999183, 0.5653846153846157074, 0.1000000000000000056 ) ) ;
#3713 = ORIENTED_EDGE ( 'NONE', *, *, #2419, .F. ) ;
#3714 = PRESENTATION_LAYER_ASSIGNMENT (  '', '', ( #10009 ) ) ;
#3715 = VECTOR ( 'NONE', #6851, 1000.000000000000000 ) ;
#3716 = VECTOR ( 'NONE', #8124, 1000.000000000000000 ) ;
#3717 = CARTESIAN_POINT ( 'NONE',  ( 2.219999999999998863, -1.249999999999999778, 5.000000000000000000 ) ) ;
#3718 = ORIENTED_EDGE ( 'NONE', *, *, #668, .F. ) ;
#3719 = CARTESIAN_POINT ( 'NONE',  ( -1.270000000000000684, 5.650000000000000355, 4.400000000000000355 ) ) ;
#3720 = PLANE ( 'NONE',  #971 ) ;
#3721 = CARTESIAN_POINT ( 'NONE',  ( 6.183333333333333570, 1.249999999999999778, 4.599999999999999645 ) ) ;
#3722 = ADVANCED_FACE ( 'NONE', ( #1131 ), #7041, .T. ) ;
#3723 = DIRECTION ( 'NONE',  ( 0.000000000000000000, -0.7071067811865474617, 0.7071067811865474617 ) ) ;
#3724 = CARTESIAN_POINT ( 'NONE',  ( 5.381532375670512458, -0.9391483103800338794, 0.1000000000000000056 ) ) ;
#3725 =( NAMED_UNIT ( * ) PLANE_ANGLE_UNIT ( ) SI_UNIT ( $, .RADIAN. ) );
#3726 = DIRECTION ( 'NONE',  ( 0.000000000000000000, -1.000000000000000000, 0.000000000000000000 ) ) ;
#3727 = CARTESIAN_POINT ( 'NONE',  ( 5.111342111030997337, -0.7266280666120833454, 0.000000000000000000 ) ) ;
#3728 = ADVANCED_FACE ( 'NONE', ( #10158 ), #31, .F. ) ;
#3729 = DIRECTION ( 'NONE',  ( -0.6401843996644789314, 0.000000000000000000, -0.7682212795973767383 ) ) ;
#3730 = ORIENTED_EDGE ( 'NONE', *, *, #9708, .F. ) ;
#3731 = CARTESIAN_POINT ( 'NONE',  ( -5.400000000000002132, 2.669999999999999041, -3.000000000000000000 ) ) ;
#3732 = CARTESIAN_POINT ( 'NONE',  ( -4.760000000000002451, -7.249999999999999112, 3.890000000000000568 ) ) ;
#3733 = DIRECTION ( 'NONE',  ( -0.000000000000000000, -1.000000000000000000, -0.000000000000000000 ) ) ;
#3734 = CARTESIAN_POINT ( 'NONE',  ( 5.130359517952708615, -0.0003368413821132711962, 0.1000000000000000056 ) ) ;
#3735 = EDGE_CURVE ( 'NONE', #3902, #653, #4029, .T. ) ;
#3736 = ORIENTED_EDGE ( 'NONE', *, *, #746, .T. ) ;
#3737 = CARTESIAN_POINT ( 'NONE',  ( -2.220000000000002416, -1.249999999999999778, 5.000000000000000000 ) ) ;
#3738 = PLANE ( 'NONE',  #44 ) ;
#3739 = FACE_OUTER_BOUND ( 'NONE', #8239, .T. ) ;
#3740 = DIRECTION ( 'NONE',  ( -0.000000000000000000, 0.000000000000000000, -1.000000000000000000 ) ) ;
#3741 = CARTESIAN_POINT ( 'NONE',  ( 5.122555713652911180, -0.8183661068887243539, -0.000000000000000000 ) ) ;
#3742 = ORIENTED_EDGE ( 'NONE', *, *, #8399, .F. ) ;
#3743 = CARTESIAN_POINT ( 'NONE',  ( 5.187318320570169838, -0.9432937408085275699, 0.1000000000000000056 ) ) ;
#3744 = CARTESIAN_POINT ( 'NONE',  ( 5.490092098095609607, -0.7339030594168873822, 0.000000000000000000 ) ) ;
#3745 = CARTESIAN_POINT ( 'NONE',  ( 5.472122007541204702, -0.009083867949260584010, 0.1000000000000000056 ) ) ;
#3746 = LINE ( 'NONE', #1253, #10290 ) ;
#3747 = VERTEX_POINT ( 'NONE', #7440 ) ;
#3748 = VERTEX_POINT ( 'NONE', #5737 ) ;
#3749 =( NAMED_UNIT ( * ) PLANE_ANGLE_UNIT ( ) SI_UNIT ( $, .RADIAN. ) );
#3750 = VERTEX_POINT ( 'NONE', #7386 ) ;
#3751 = CARTESIAN_POINT ( 'NONE',  ( 5.465576923076922888, 0.01410256410256429706, 0.000000000000000000 ) ) ;
#3752 = ADVANCED_FACE ( 'NONE', ( #2489 ), #5897, .T. ) ;
#3753 = DIRECTION ( 'NONE',  ( 1.000000000000000000, -0.000000000000000000, -0.000000000000000000 ) ) ;
#3754 =( NAMED_UNIT ( * ) SI_UNIT ( $, .STERADIAN. ) SOLID_ANGLE_UNIT ( ) );
#3755 = LINE ( 'NONE', #5349, #10860 ) ;
#3756 = ORIENTED_EDGE ( 'NONE', *, *, #9980, .T. ) ;
#3757 = ORIENTED_EDGE ( 'NONE', *, *, #10441, .F. ) ;
#3758 = EDGE_LOOP ( 'NONE', ( #9870, #3580, #3149, #9029 ) ) ;
#3759 = CARTESIAN_POINT ( 'NONE',  ( -0.3200000000000017830, 2.469999999999999307, -2.799999999999999822 ) ) ;
#3760 = DIRECTION ( 'NONE',  ( 1.000000000000000000, -0.000000000000000000, -0.000000000000000000 ) ) ;
#3761 = ORIENTED_EDGE ( 'NONE', *, *, #3916, .T. ) ;
#3762 = DIRECTION ( 'NONE',  ( 0.000000000000000000, -1.000000000000000000, 0.000000000000000000 ) ) ;
#3763 = ORIENTED_EDGE ( 'NONE', *, *, #7073, .T. ) ;
#3764 = CARTESIAN_POINT ( 'NONE',  ( 5.080000000000000071, -0.06963141025641009230, -1.355252715606880543E-17 ) ) ;
#3765 = DIRECTION ( 'NONE',  ( -1.000000000000000000, 0.000000000000000000, 0.000000000000000000 ) ) ;
#3766 = CARTESIAN_POINT ( 'NONE',  ( -2.860000000000001652, 2.269999999999997797, 0.9099999999999984768 ) ) ;
#3767 = CARTESIAN_POINT ( 'NONE',  ( 5.224993660245121241, 0.09246725636954969407, 0.1000000000000000056 ) ) ;
#3768 = LINE ( 'NONE', #10666, #5045 ) ;
#3769 = SURFACE_SIDE_STYLE ('',( #1327 ) ) ;
#3770 = LINE ( 'NONE', #10464, #8912 ) ;
#3771 = EDGE_CURVE ( 'NONE', #420, #261, #3419, .T. ) ;
#3772 = DIRECTION ( 'NONE',  ( 1.000000000000000000, -0.000000000000000000, -0.000000000000000000 ) ) ;
#3773 = VERTEX_POINT ( 'NONE', #6607 ) ;
#3774 = ORIENTED_EDGE ( 'NONE', *, *, #2329, .T. ) ;
#3775 = CYLINDRICAL_SURFACE ( 'NONE', #4764, 0.2000000000000000944 ) ;
#3776 = DIRECTION ( 'NONE',  ( 0.000000000000000000, -1.000000000000000000, 0.000000000000000000 ) ) ;
#3777 = CARTESIAN_POINT ( 'NONE',  ( 5.279599358974357948, -0.9269230769230771827, 0.1000000000000000056 ) ) ;
#3778 = EDGE_CURVE ( 'NONE', #4482, #6962, #5848, .T. ) ;
#3779 = CARTESIAN_POINT ( 'NONE',  ( 5.121025641025640063, -0.1117788461538459788, 0.1000000000000000056 ) ) ;
#3780 = ADVANCED_FACE ( 'NONE', ( #10779 ), #3375, .F. ) ;
#3781 = ORIENTED_EDGE ( 'NONE', *, *, #9688, .F. ) ;
#3782 = LINE ( 'NONE', #7127, #8438 ) ;
#3783 = FACE_OUTER_BOUND ( 'NONE', #84, .T. ) ;
#3784 = CARTESIAN_POINT ( 'NONE',  ( -1.270000000000002016, 5.650000000000000355, 0.5999999999999998668 ) ) ;
#3785 = CARTESIAN_POINT ( 'NONE',  ( -1.270000000000000684, 5.650000000000000355, 0.6000000000000001998 ) ) ;
#3786 = DIRECTION ( 'NONE',  ( 0.000000000000000000, -0.000000000000000000, -1.000000000000000000 ) ) ;
#3787 = EDGE_CURVE ( 'NONE', #5560, #5729, #1645, .T. ) ;
#3788 = CARTESIAN_POINT ( 'NONE',  ( 0.3199999999999982858, -7.049999999999999822, 1.550000000000000044 ) ) ;
#3789 = DIRECTION ( 'NONE',  ( 1.000000000000000000, -0.000000000000000000, -0.000000000000000000 ) ) ;
#3790 = VERTEX_POINT ( 'NONE', #5949 ) ;
#3791 = CARTESIAN_POINT ( 'NONE',  ( 5.399999999999998579, 5.450000000000001066, 3.890000000000001457 ) ) ;
#3792 = CARTESIAN_POINT ( 'NONE',  ( 5.481822431703673004, -0.6821331059911734940, 0.000000000000000000 ) ) ;
#3793 = CARTESIAN_POINT ( 'NONE',  ( 4.759999999999998899, 5.209999999999999076, -3.000000000000000000 ) ) ;
#3794 = CARTESIAN_POINT ( 'NONE',  ( 2.859999999999998099, -7.249999999999999112, 1.349999999999999867 ) ) ;
#3795 = CARTESIAN_POINT ( 'NONE',  ( 2.219999999999997975, 2.269999999999997797, 0.9099999999999984768 ) ) ;
#3796 = LINE ( 'NONE', #5509, #8886 ) ;
#3797 = ORIENTED_EDGE ( 'NONE', *, *, #8337, .T. ) ;
#3798 = EDGE_CURVE ( 'NONE', #5378, #1641, #2376, .T. ) ;
#3799 = ORIENTED_EDGE ( 'NONE', *, *, #3150, .T. ) ;
#3800 = DIRECTION ( 'NONE',  ( 1.000000000000000000, 0.000000000000000000, 0.000000000000000000 ) ) ;
#3801 = ORIENTED_EDGE ( 'NONE', *, *, #544, .F. ) ;
#3802 = LINE ( 'NONE', #2151, #2113 ) ;
#3803 = EDGE_CURVE ( 'NONE', #7771, #8447, #1699, .T. ) ;
#3804 = PLANE ( 'NONE',  #9237 ) ;
#3805 = DIRECTION ( 'NONE',  ( 0.000000000000000000, -1.000000000000000000, 1.628629872832303193E-16 ) ) ;
#3806 = CARTESIAN_POINT ( 'NONE',  ( -0.3200000000000017830, 5.450000000000000178, -3.000000000000000000 ) ) ;
#3807 = ORIENTED_EDGE ( 'NONE', *, *, #1865, .F. ) ;
#3808 = VERTEX_POINT ( 'NONE', #765 ) ;
#3809 = EDGE_CURVE ( 'NONE', #1549, #8967, #8474, .T. ) ;
#3810 = CARTESIAN_POINT ( 'NONE',  ( -0.3200000000000017830, 3.109999999999999876, 1.349999999999999645 ) ) ;
#3811 = MECHANICAL_DESIGN_GEOMETRIC_PRESENTATION_REPRESENTATION (  '', ( #968 ), #10651 ) ;
#3812 = LINE ( 'NONE', #5305, #4559 ) ;
#3813 = VERTEX_POINT ( 'NONE', #1537 ) ;
#3814 = ORIENTED_EDGE ( 'NONE', *, *, #8500, .T. ) ;
#3815 = CARTESIAN_POINT ( 'NONE',  ( 5.399999999999998579, -7.049999999999999822, 3.450000000000000622 ) ) ;
#3816 = LINE ( 'NONE', #10574, #6109 ) ;
#3817 = LINE ( 'NONE', #1941, #4696 ) ;
#3818 = DIRECTION ( 'NONE',  ( 1.000000000000000000, 0.000000000000000000, -0.000000000000000000 ) ) ;
#3819 = AXIS2_PLACEMENT_3D ( 'NONE', #5713, #5924, #6537 ) ;
#3820 = EDGE_CURVE ( 'NONE', #2544, #5939, #4910, .T. ) ;
#3821 = CARTESIAN_POINT ( 'NONE',  ( 5.145154560183359926, 0.03350355730356149170, 0.1000000000000000056 ) ) ;
#3822 = DIRECTION ( 'NONE',  ( 0.000000000000000000, -0.000000000000000000, -1.000000000000000000 ) ) ;
#3823 = MECHANICAL_DESIGN_GEOMETRIC_PRESENTATION_REPRESENTATION (  '', ( #3465 ), #6624 ) ;
#3824 = DIRECTION ( 'NONE',  ( 1.000000000000000000, -0.000000000000000000, -0.000000000000000000 ) ) ;
#3825 = VECTOR ( 'NONE', #5715, 1000.000000000000000 ) ;
#3826 =( LENGTH_UNIT ( ) NAMED_UNIT ( * ) SI_UNIT ( .MILLI., .METRE. ) );
#3827 = ORIENTED_EDGE ( 'NONE', *, *, #6571, .F. ) ;
#3828 =( NAMED_UNIT ( * ) PLANE_ANGLE_UNIT ( ) SI_UNIT ( $, .RADIAN. ) );
#3829 = CARTESIAN_POINT ( 'NONE',  ( 5.087107228120339109, -0.8406413761613045210, 0.1000000000000000056 ) ) ;
#3830 = CARTESIAN_POINT ( 'NONE',  ( 2.219999999999997975, -1.250000000000000222, 1.550000000000000488 ) ) ;
#3831 = CARTESIAN_POINT ( 'NONE',  ( 5.129432967687222344, -0.8340662866707581058, 0.1000000000000000056 ) ) ;
#3832 = CARTESIAN_POINT ( 'NONE',  ( 4.759999999999998899, 4.809999999999998721, 3.450000000000000622 ) ) ;
#3833 = MECHANICAL_DESIGN_GEOMETRIC_PRESENTATION_REPRESENTATION (  '', ( #8555 ), #2413 ) ;
#3834 = PRESENTATION_LAYER_ASSIGNMENT (  '', '', ( #10675 ) ) ;
#3835 = ORIENTED_EDGE ( 'NONE', *, *, #429, .T. ) ;
#3836 = VECTOR ( 'NONE', #3842, 1000.000000000000000 ) ;
#3837 = LINE ( 'NONE', #3017, #3716 ) ;
#3838 = DIRECTION ( 'NONE',  ( 1.000000000000000000, -0.000000000000000000, -0.000000000000000000 ) ) ;
#3839 = PRESENTATION_STYLE_ASSIGNMENT (( #456 ) ) ;
#3840 = PRESENTATION_STYLE_ASSIGNMENT (( #7963 ) ) ;
#3841 = EDGE_CURVE ( 'NONE', #9013, #10388, #3260, .T. ) ;
#3842 = DIRECTION ( 'NONE',  ( 1.000000000000000000, -0.000000000000000000, -0.000000000000000000 ) ) ;
#3843 = CARTESIAN_POINT ( 'NONE',  ( 5.418896770991450396, 0.01685076879516814868, 0.1000000000000000056 ) ) ;
#3844 = DIRECTION ( 'NONE',  ( -0.000000000000000000, -1.000000000000000000, -0.000000000000000000 ) ) ;
#3845 = ORIENTED_EDGE ( 'NONE', *, *, #1388, .T. ) ;
#3846 = DIRECTION ( 'NONE',  ( -1.000000000000000000, -0.000000000000000000, -0.000000000000000000 ) ) ;
#3847 = AXIS2_PLACEMENT_3D ( 'NONE', #5978, #5263, #899 ) ;
#3848 = CARTESIAN_POINT ( 'NONE',  ( 2.219999999999997975, 4.809999999999999609, 3.250000000000000888 ) ) ;
#3849 = VECTOR ( 'NONE', #51, 1000.000000000000000 ) ;
#3850 = DIRECTION ( 'NONE',  ( 0.000000000000000000, -0.000000000000000000, -1.000000000000000000 ) ) ;
#3851 = EDGE_CURVE ( 'NONE', #8472, #4458, #5794, .T. ) ;
#3852 = CARTESIAN_POINT ( 'NONE',  ( 5.291324100743453940, -0.9267854776074393452, 0.1000000000000000056 ) ) ;
#3853 = EDGE_LOOP ( 'NONE', ( #8780, #7611, #1330, #5824 ) ) ;
#3854 = ORIENTED_EDGE ( 'NONE', *, *, #3690, .T. ) ;
#3855 = CARTESIAN_POINT ( 'NONE',  ( 6.349999999999999645, 5.650000000000000355, 4.400000000000000355 ) ) ;
#3856 = VECTOR ( 'NONE', #6358, 1000.000000000000000 ) ;
#3857 = VERTEX_POINT ( 'NONE', #2757 ) ;
#3858 = EDGE_LOOP ( 'NONE', ( #10698, #5579, #6379, #5470 ) ) ;
#3859 = CARTESIAN_POINT ( 'NONE',  ( -0.3200000000000017830, -7.049999999999999822, 4.090000000000000746 ) ) ;
#3860 = EDGE_CURVE ( 'NONE', #10253, #1407, #7818, .T. ) ;
#3861 = DIRECTION ( 'NONE',  ( 0.000000000000000000, -0.000000000000000000, 1.000000000000000000 ) ) ;
#3862 =( LENGTH_UNIT ( ) NAMED_UNIT ( * ) SI_UNIT ( .MILLI., .METRE. ) );
#3863 = VECTOR ( 'NONE', #8901, 1000.000000000000114 ) ;
#3864 = EDGE_CURVE ( 'NONE', #10714, #9058, #148, .T. ) ;
#3865 = AXIS2_PLACEMENT_3D ( 'NONE', #7562, #6126, #10067 ) ;
#3866 = CARTESIAN_POINT ( 'NONE',  ( -5.400000000000002132, -7.049999999999999822, 4.090000000000000746 ) ) ;
#3867 = ORIENTED_EDGE ( 'NONE', *, *, #6121, .T. ) ;
#3868 = EDGE_LOOP ( 'NONE', ( #5065, #6925, #3991, #3480 ) ) ;
#3869 = VERTEX_POINT ( 'NONE', #8684 ) ;
#3870 = CARTESIAN_POINT ( 'NONE',  ( -0.7700000000000024603, 5.650000000000000355, 5.000000000000000000 ) ) ;
#3871 = VERTEX_POINT ( 'NONE', #6063 ) ;
#3872 = VECTOR ( 'NONE', #2039, 1000.000000000000000 ) ;
#3873 = SURFACE_STYLE_FILL_AREA ( #2209 ) ;
#3874 = CARTESIAN_POINT ( 'NONE',  ( 2.219999999999997975, -7.049999999999999822, 3.450000000000000622 ) ) ;
#3875 = CARTESIAN_POINT ( 'NONE',  ( -5.400000000000002132, 2.469999999999999307, -2.799999999999999822 ) ) ;
#3876 = DIRECTION ( 'NONE',  ( 0.000000000000000000, 0.000000000000000000, 1.000000000000000000 ) ) ;
#3877 = VECTOR ( 'NONE', #9924, 1000.000000000000000 ) ;
#3878 = CARTESIAN_POINT ( 'NONE',  ( -0.3200000000000017830, 5.009999999999999787, -2.799999999999999822 ) ) ;
#3879 = AXIS2_PLACEMENT_3D ( 'NONE', #1496, #8166, #3885 ) ;
#3880 = CARTESIAN_POINT ( 'NONE',  ( 5.153637820512821044, -0.5730769230769234834, 0.000000000000000000 ) ) ;
#3881 = VECTOR ( 'NONE', #5067, 1000.000000000000000 ) ;
#3882 = VECTOR ( 'NONE', #3216, 1000.000000000000000 ) ;
#3883 = CARTESIAN_POINT ( 'NONE',  ( 5.399999999999998579, 5.009999999999999787, 3.249999999999999556 ) ) ;
#3884 = ORIENTED_EDGE ( 'NONE', *, *, #5836, .F. ) ;
#3885 = DIRECTION ( 'NONE',  ( 0.000000000000000000, -0.000000000000000000, -1.000000000000000000 ) ) ;
#3886 = CARTESIAN_POINT ( 'NONE',  ( 5.108986612865873411, -0.8792422178091621188, 0.000000000000000000 ) ) ;
#3887 = CARTESIAN_POINT ( 'NONE',  ( -2.860000000000001652, 4.809999999999999609, 3.250000000000000888 ) ) ;
#3888 = EDGE_CURVE ( 'NONE', #9119, #7771, #1139, .T. ) ;
#3889 = CARTESIAN_POINT ( 'NONE',  ( -1.770000000000001128, 1.250000000000000222, 5.000000000000000000 ) ) ;
#3890 = LINE ( 'NONE', #4704, #828 ) ;
#3891 =( GEOMETRIC_REPRESENTATION_CONTEXT ( 3 ) GLOBAL_UNCERTAINTY_ASSIGNED_CONTEXT ( ( #6185 ) ) GLOBAL_UNIT_ASSIGNED_CONTEXT ( ( #9031, #10628, #4865 ) ) REPRESENTATION_CONTEXT ( 'NONE', 'WORKASPACE' ) );
#3892 = CIRCLE ( 'NONE', #2400, 0.2000000000000000944 ) ;
#3893 = VERTEX_POINT ( 'NONE', #4290 ) ;
#3894 = CARTESIAN_POINT ( 'NONE',  ( 5.274951923076922178, 0.1346153846153848310, 0.1000000000000000056 ) ) ;
#3895 = DIRECTION ( 'NONE',  ( 0.000000000000000000, -1.000000000000000000, 2.090028284309406981E-16 ) ) ;
#3896 = FACE_OUTER_BOUND ( 'NONE', #7057, .T. ) ;
#3897 = DIRECTION ( 'NONE',  ( -0.000000000000000000, -1.000000000000000000, -0.000000000000000000 ) ) ;
#3898 = FACE_OUTER_BOUND ( 'NONE', #5423, .T. ) ;
#3899 = AXIS2_PLACEMENT_3D ( 'NONE', #2488, #6668, #9277 ) ;
#3900 = EDGE_LOOP ( 'NONE', ( #2740, #8710, #10819, #1111 ) ) ;
#3901 = LINE ( 'NONE', #4939, #1235 ) ;
#3902 = VERTEX_POINT ( 'NONE', #10166 ) ;
#3903 = DIRECTION ( 'NONE',  ( 0.000000000000000000, 0.000000000000000000, -1.000000000000000000 ) ) ;
#3904 = CARTESIAN_POINT ( 'NONE',  ( 2.859999999999998099, 4.809999999999999609, 3.250000000000000888 ) ) ;
#3905 = CARTESIAN_POINT ( 'NONE',  ( 5.079999999999999183, -0.1935897435897434016, 0.1000000000000000056 ) ) ;
#3906 = EDGE_CURVE ( 'NONE', #1255, #5406, #8635, .T. ) ;
#3907 = CARTESIAN_POINT ( 'NONE',  ( 5.392214289558546092, -0.8845403348118117126, 0.1000000000000000056 ) ) ;
#3908 = ORIENTED_EDGE ( 'NONE', *, *, #4464, .F. ) ;
#3909 = ORIENTED_EDGE ( 'NONE', *, *, #3245, .T. ) ;
#3910 = SURFACE_STYLE_FILL_AREA ( #3131 ) ;
#3911 = ORIENTED_EDGE ( 'NONE', *, *, #8510, .T. ) ;
#3912 = ADVANCED_FACE ( 'NONE', ( #3536 ), #4512, .F. ) ;
#3913 = FACE_OUTER_BOUND ( 'NONE', #10136, .T. ) ;
#3914 = DIRECTION ( 'NONE',  ( 1.000000000000000000, -0.000000000000000000, -0.000000000000000000 ) ) ;
#3915 = EDGE_CURVE ( 'NONE', #4040, #2097, #969, .T. ) ;
#3916 = EDGE_CURVE ( 'NONE', #7539, #1991, #7768, .T. ) ;
#3917 = CARTESIAN_POINT ( 'NONE',  ( 5.108986612865873411, -0.8792422178091621188, -0.000000000000000000 ) ) ;
#3918 = EDGE_CURVE ( 'NONE', #7477, #1690, #4339, .T. ) ;
#3919 = ORIENTED_EDGE ( 'NONE', *, *, #2425, .T. ) ;
#3920 = ORIENTED_EDGE ( 'NONE', *, *, #1302, .T. ) ;
#3921 = ORIENTED_EDGE ( 'NONE', *, *, #5399, .T. ) ;
#3922 = DIRECTION ( 'NONE',  ( 1.000000000000000000, -0.000000000000000000, -0.000000000000000000 ) ) ;
#3923 = ORIENTED_EDGE ( 'NONE', *, *, #1670, .F. ) ;
#3924 = EDGE_CURVE ( 'NONE', #6880, #9326, #8575, .T. ) ;
#3925 = CARTESIAN_POINT ( 'NONE',  ( 5.409834673055296861, -0.5755265895929354558, 0.1000000000000000056 ) ) ;
#3926 = ORIENTED_EDGE ( 'NONE', *, *, #1347, .T. ) ;
#3927 = FACE_OUTER_BOUND ( 'NONE', #8041, .T. ) ;
#3928 = CARTESIAN_POINT ( 'NONE',  ( -1.103333333333337274, 1.249999999999999778, 0.4000000000000001887 ) ) ;
#3929 = CARTESIAN_POINT ( 'NONE',  ( -6.350000000000002309, -1.249999999999999778, 0.5999999999999998668 ) ) ;
#3930 = CARTESIAN_POINT ( 'NONE',  ( -0.7700000000000024603, 1.250000000000000222, 0.000000000000000000 ) ) ;
#3931 = DIRECTION ( 'NONE',  ( 0.000000000000000000, 0.000000000000000000, 1.000000000000000000 ) ) ;
#3932 = CARTESIAN_POINT ( 'NONE',  ( 5.075029664549650654, -0.6946980637304638329, 0.000000000000000000 ) ) ;
#3933 = CARTESIAN_POINT ( 'NONE',  ( 5.430489262047751176, -0.9016464448092287309, 0.000000000000000000 ) ) ;
#3934 = ORIENTED_EDGE ( 'NONE', *, *, #10338, .T. ) ;
#3935 = ADVANCED_FACE ( 'NONE', ( #255 ), #1924, .T. ) ;
#3936 = VERTEX_POINT ( 'NONE', #1030 ) ;
#3937 = PRESENTATION_STYLE_ASSIGNMENT (( #2221 ) ) ;
#3938 = FACE_OUTER_BOUND ( 'NONE', #599, .T. ) ;
#3939 = PLANE ( 'NONE',  #3644 ) ;
#3940 = CARTESIAN_POINT ( 'NONE',  ( 2.859999999999998099, 5.209999999999999076, -3.000000000000000000 ) ) ;
#3941 = SURFACE_SIDE_STYLE ('',( #6309 ) ) ;
#3942 = EDGE_CURVE ( 'NONE', #4797, #10084, #2652, .T. ) ;
#3943 = DIRECTION ( 'NONE',  ( 0.000000000000000000, -1.000000000000000000, 1.628629872832303193E-16 ) ) ;
#3944 = ORIENTED_EDGE ( 'NONE', *, *, #3377, .T. ) ;
#3945 = ADVANCED_FACE ( 'NONE', ( #7870 ), #3640, .F. ) ;
#3946 = VECTOR ( 'NONE', #9537, 1000.000000000000000 ) ;
#3947 = LINE ( 'NONE', #4875, #8739 ) ;
#3948 = CARTESIAN_POINT ( 'NONE',  ( 5.079999999999999183, 0.5263621794871798931, 0.000000000000000000 ) ) ;
#3949 = VERTEX_POINT ( 'NONE', #6332 ) ;
#3950 = CARTESIAN_POINT ( 'NONE',  ( 5.187318320570169838, -0.9432937408085275699, 0.000000000000000000 ) ) ;
#3951 = ORIENTED_EDGE ( 'NONE', *, *, #10214, .F. ) ;
#3952 = CARTESIAN_POINT ( 'NONE',  ( 5.441956862274670570, -0.6058496202806776809, 0.1000000000000000056 ) ) ;
#3953 = CARTESIAN_POINT ( 'NONE',  ( 5.449184602086920570, -0.7538492635145384035, 0.1000000000000000056 ) ) ;
#3954 = LINE ( 'NONE', #3129, #9240 ) ;
#3955 = VERTEX_POINT ( 'NONE', #9606 ) ;
#3956 = ORIENTED_EDGE ( 'NONE', *, *, #5246, .T. ) ;
#3957 = LINE ( 'NONE', #4073, #3877 ) ;
#3958 = CARTESIAN_POINT ( 'NONE',  ( 4.759999999999998899, 5.209999999999999076, -3.000000000000000000 ) ) ;
#3959 = CARTESIAN_POINT ( 'NONE',  ( -6.350000000000002309, 1.250000000000000222, 0.000000000000000000 ) ) ;
#3960 = LINE ( 'NONE', #9057, #3978 ) ;
#3961 = ORIENTED_EDGE ( 'NONE', *, *, #5724, .F. ) ;
#3962 = EDGE_LOOP ( 'NONE', ( #1495, #5611, #4470, #6766, #4168, #10153 ) ) ;
#3963 = CARTESIAN_POINT ( 'NONE',  ( 0.3199999999999982858, -1.250000000000001998, 4.090000000000000746 ) ) ;
#3964 = ORIENTED_EDGE ( 'NONE', *, *, #672, .F. ) ;
#3965 = DIRECTION ( 'NONE',  ( -0.000000000000000000, 0.000000000000000000, 1.000000000000000000 ) ) ;
#3966 = EDGE_CURVE ( 'NONE', #3748, #1697, #10607, .T. ) ;
#3967 = CARTESIAN_POINT ( 'NONE',  ( 5.465576923076923777, 0.01410256410256429879, 0.000000000000000000 ) ) ;
#3968 = ORIENTED_EDGE ( 'NONE', *, *, #1802, .F. ) ;
#3969 = CARTESIAN_POINT ( 'NONE',  ( 5.481822431703673004, -0.6821331059911734940, 0.1000000000000000056 ) ) ;
#3970 = ORIENTED_EDGE ( 'NONE', *, *, #2463, .F. ) ;
#3971 = DIRECTION ( 'NONE',  ( 1.000000000000000000, -0.000000000000000000, -0.000000000000000000 ) ) ;
#3972 = LINE ( 'NONE', #562, #10306 ) ;
#3973 = ADVANCED_FACE ( 'NONE', ( #3913 ), #3040, .T. ) ;
#3974 = CARTESIAN_POINT ( 'NONE',  ( 5.339773257914258942, 0.08801714006195740514, 0.1000000000000000056 ) ) ;
#3975 = DIRECTION ( 'NONE',  ( 1.000000000000000000, -0.000000000000000000, -0.000000000000000000 ) ) ;
#3976 = ADVANCED_FACE ( 'NONE', ( #5460 ), #1312, .F. ) ;
#3977 = DIRECTION ( 'NONE',  ( 0.000000000000000000, -0.000000000000000000, -1.000000000000000000 ) ) ;
#3978 = VECTOR ( 'NONE', #2317, 1000.000000000000000 ) ;
#3979 = CARTESIAN_POINT ( 'NONE',  ( 5.069906116392097317, -0.7336090960912162728, 0.1000000000000000056 ) ) ;
#3980 = CARTESIAN_POINT ( 'NONE',  ( 5.430489262047751176, -0.9016464448092287309, 0.1000000000000000056 ) ) ;
#3981 = ORIENTED_EDGE ( 'NONE', *, *, #3915, .F. ) ;
#3982 = EDGE_LOOP ( 'NONE', ( #124, #10431, #10636, #298 ) ) ;
#3983 = AXIS2_PLACEMENT_3D ( 'NONE', #8275, #730, #7450 ) ;
#3984 = DIRECTION ( 'NONE',  ( 1.000000000000000000, 0.000000000000000000, -0.000000000000000000 ) ) ;
#3985 = DIRECTION ( 'NONE',  ( 0.000000000000000000, 1.000000000000000000, 6.938893903907229610E-17 ) ) ;
#3986 = ADVANCED_FACE ( 'NONE', ( #2088 ), #7982, .T. ) ;
#3987 = CARTESIAN_POINT ( 'NONE',  ( 5.315897435897435130, -0.4551282051282050101, 0.1000000000000000056 ) ) ;
#3988 = VECTOR ( 'NONE', #7359, 1000.000000000000000 ) ;
#3989 = LINE ( 'NONE', #9144, #5780 ) ;
#3990 = ADVANCED_FACE ( 'NONE', ( #597 ), #3804, .F. ) ;
#3991 = ORIENTED_EDGE ( 'NONE', *, *, #10622, .F. ) ;
#3992 = CARTESIAN_POINT ( 'NONE',  ( 5.354427606874599732, 0.1223057850190015922, 0.000000000000000000 ) ) ;
#3993 =( NAMED_UNIT ( * ) SI_UNIT ( $, .STERADIAN. ) SOLID_ANGLE_UNIT ( ) );
#3994 = PLANE ( 'NONE',  #9252 ) ;
#3995 = LINE ( 'NONE', #5707, #7199 ) ;
#3996 = ORIENTED_EDGE ( 'NONE', *, *, #3820, .F. ) ;
#3997 = DIRECTION ( 'NONE',  ( 1.000000000000000000, -0.000000000000000000, -0.000000000000000000 ) ) ;
#3998 = VERTEX_POINT ( 'NONE', #1426 ) ;
#3999 = CARTESIAN_POINT ( 'NONE',  ( 5.449443222330632608, -0.6153366918290672505, 0.000000000000000000 ) ) ;
#4000 =( GEOMETRIC_REPRESENTATION_CONTEXT ( 3 ) GLOBAL_UNCERTAINTY_ASSIGNED_CONTEXT ( ( #8600 ) ) GLOBAL_UNIT_ASSIGNED_CONTEXT ( ( #7307, #7363, #4731 ) ) REPRESENTATION_CONTEXT ( 'NONE', 'WORKASPACE' ) );
#4001 = CARTESIAN_POINT ( 'NONE',  ( 5.224993660245121241, 0.09246725636954969407, 0.1000000000000000056 ) ) ;
#4002 = CARTESIAN_POINT ( 'NONE',  ( 5.382095414377982223, 0.1103523781947478022, 0.1000000000000000056 ) ) ;
#4003 = CIRCLE ( 'NONE', #1872, 0.2000000000000000944 ) ;
#4004 = LINE ( 'NONE', #4833, #8035 ) ;
#4005 = FACE_OUTER_BOUND ( 'NONE', #7106, .T. ) ;
#4006 = CARTESIAN_POINT ( 'NONE',  ( 2.859999999999998099, 2.669999999999999041, -3.000000000000000000 ) ) ;
#4007 = ORIENTED_EDGE ( 'NONE', *, *, #7674, .T. ) ;
#4008 = DIRECTION ( 'NONE',  ( 0.000000000000000000, 9.035018104045870694E-17, -1.000000000000000000 ) ) ;
#4009 = PRESENTATION_LAYER_ASSIGNMENT (  '', '', ( #3132 ) ) ;
#4010 = AXIS2_PLACEMENT_3D ( 'NONE', #2191, #6262, #4784 ) ;
#4011 = CARTESIAN_POINT ( 'NONE',  ( -6.350000000000002309, 1.250000000000000222, 5.000000000000000000 ) ) ;
#4012 = ORIENTED_EDGE ( 'NONE', *, *, #4727, .F. ) ;
#4013 = VECTOR ( 'NONE', #4145, 1000.000000000000000 ) ;
#4014 = FILL_AREA_STYLE ('',( #751 ) ) ;
#4015 = CARTESIAN_POINT ( 'NONE',  ( 5.085268404367571549, -0.005159608485284263718, -0.000000000000000000 ) ) ;
#4016 = ADVANCED_FACE ( 'NONE', ( #8141 ), #9769, .T. ) ;
#4017 = AXIS2_PLACEMENT_3D ( 'NONE', #10184, #9189, #2601 ) ;
#4018 = VECTOR ( 'NONE', #6489, 1000.000000000000000 ) ;
#4019 = COLOUR_RGB ( '',0.1490196078431372528, 0.1490196078431372528, 0.1490196078431372528 ) ;
#4020 = LINE ( 'NONE', #3143, #10683 ) ;
#4021 = ORIENTED_EDGE ( 'NONE', *, *, #1478, .F. ) ;
#4022 = ORIENTED_EDGE ( 'NONE', *, *, #2897, .T. ) ;
#4023 = ORIENTED_EDGE ( 'NONE', *, *, #1638, .T. ) ;
#4024 = DIRECTION ( 'NONE',  ( -0.000000000000000000, -0.000000000000000000, -1.000000000000000000 ) ) ;
#4025 = CARTESIAN_POINT ( 'NONE',  ( 1.436666666666664316, 1.249999999999999334, 0.4000000000000001887 ) ) ;
#4026 = CARTESIAN_POINT ( 'NONE',  ( 1.269999999999999352, 5.650000000000000355, 4.400000000000000355 ) ) ;
#4027 = ORIENTED_EDGE ( 'NONE', *, *, #4607, .F. ) ;
#4028 = CARTESIAN_POINT ( 'NONE',  ( -2.860000000000001652, -7.249999999999999112, 1.110000000000000098 ) ) ;
#4029 = LINE ( 'NONE', #8316, #2247 ) ;
#4030 = CARTESIAN_POINT ( 'NONE',  ( 5.372435971606020821, 0.07096975744841867162, 0.000000000000000000 ) ) ;
#4031 = CARTESIAN_POINT ( 'NONE',  ( -0.3200000000000017830, -7.249999999999999112, 1.349999999999999867 ) ) ;
#4032 = EDGE_CURVE ( 'NONE', #2754, #4137, #5568, .T. ) ;
#4033 = DIRECTION ( 'NONE',  ( 0.7682212795973760722, -0.000000000000000000, 0.6401843996644795975 ) ) ;
#4034 = DIRECTION ( 'NONE',  ( 0.6401843996644802637, -0.000000000000000000, -0.7682212795973755171 ) ) ;
#4035 = CARTESIAN_POINT ( 'NONE',  ( 5.118043894400657656, -0.6064946501128832823, 0.1000000000000000056 ) ) ;
#4036 = AXIS2_PLACEMENT_3D ( 'NONE', #2159, #5472, #8851 ) ;
#4037 = DIRECTION ( 'NONE',  ( 0.000000000000000000, -0.7071067811865467956, 0.7071067811865483499 ) ) ;
#4038 = ORIENTED_EDGE ( 'NONE', *, *, #10758, .T. ) ;
#4039 =( GEOMETRIC_REPRESENTATION_CONTEXT ( 3 ) GLOBAL_UNCERTAINTY_ASSIGNED_CONTEXT ( ( #2769 ) ) GLOBAL_UNIT_ASSIGNED_CONTEXT ( ( #1120, #2015, #8073 ) ) REPRESENTATION_CONTEXT ( 'NONE', 'WORKASPACE' ) );
#4040 = VERTEX_POINT ( 'NONE', #8843 ) ;
#4041 = LINE ( 'NONE', #10530, #4061 ) ;
#4042 = ADVANCED_FACE ( 'NONE', ( #7311 ), #482, .F. ) ;
#4043 = CARTESIAN_POINT ( 'NONE',  ( 5.069743589743588963, -0.7471153846153848477, 0.000000000000000000 ) ) ;
#4044 = CARTESIAN_POINT ( 'NONE',  ( 5.275032051282050993, 0.09871794871794895010, 0.1000000000000000056 ) ) ;
#4045 = AXIS2_PLACEMENT_3D ( 'NONE', #2925, #9605, #8571 ) ;
#4046 = EDGE_CURVE ( 'NONE', #7288, #1518, #371, .T. ) ;
#4047 = VECTOR ( 'NONE', #1100, 1000.000000000000000 ) ;
#4048 = STYLED_ITEM ( 'NONE', ( #2084 ), #9174 ) ;
#4049 = COLOUR_RGB ( '',0.1490196078431372528, 0.1490196078431372528, 0.1490196078431372528 ) ;
#4050 = VECTOR ( 'NONE', #8013, 1000.000000000000000 ) ;
#4051 = CARTESIAN_POINT ( 'NONE',  ( -5.400000000000002132, -7.249999999999999112, 1.110000000000000098 ) ) ;
#4052 = DIRECTION ( 'NONE',  ( 7.529181753371540218E-17, 1.000000000000000000, 9.035018104045870694E-17 ) ) ;
#4053 = ADVANCED_FACE ( 'NONE', ( #9670 ), #10502, .F. ) ;
#4054 = DIRECTION ( 'NONE',  ( 0.9035018415143106774, 0.4285842068721729126, 0.000000000000000000 ) ) ;
#4055 = CARTESIAN_POINT ( 'NONE',  ( 2.219999999999997975, 5.009999999999999787, 3.249999999999999556 ) ) ;
#4056 = CARTESIAN_POINT ( 'NONE',  ( 5.427756410256408870, -0.006650641025640825071, 0.1000000000000000056 ) ) ;
#4057 = ORIENTED_EDGE ( 'NONE', *, *, #7204, .T. ) ;
#4058 = CARTESIAN_POINT ( 'NONE',  ( -3.810000000000000941, 0.6499999999999999112, 4.400000000000000355 ) ) ;
#4059 = VERTEX_POINT ( 'NONE', #6431 ) ;
#4060 = EDGE_CURVE ( 'NONE', #2874, #9888, #6487, .T. ) ;
#4061 = VECTOR ( 'NONE', #7403, 1000.000000000000000 ) ;
#4062 = CARTESIAN_POINT ( 'NONE',  ( 5.476539543308708957, -0.03784270453230158954, 0.1000000000000000056 ) ) ;
#4063 = VECTOR ( 'NONE', #9055, 999.9999999999998863 ) ;
#4064 = AXIS2_PLACEMENT_3D ( 'NONE', #669, #10783, #3931 ) ;
#4065 = CARTESIAN_POINT ( 'NONE',  ( 5.203002298632431355, 0.08436560885861166259, 0.1000000000000000056 ) ) ;
#4066 = FACE_OUTER_BOUND ( 'NONE', #6493, .T. ) ;
#4067 = CARTESIAN_POINT ( 'NONE',  ( 5.365714236408900106, -0.9042694458299603832, 0.1000000000000000056 ) ) ;
#4068 = VECTOR ( 'NONE', #6770, 1000.000000000000000 ) ;
#4069 = LINE ( 'NONE', #3288, #5932 ) ;
#4070 = VERTEX_POINT ( 'NONE', #2980 ) ;
#4071 = FACE_OUTER_BOUND ( 'NONE', #5209, .T. ) ;
#4072 = ORIENTED_EDGE ( 'NONE', *, *, #4260, .F. ) ;
#4073 = CARTESIAN_POINT ( 'NONE',  ( 5.121025641025640063, -0.2653846153846152189, -0.000000000000000000 ) ) ;
#4074 = EDGE_CURVE ( 'NONE', #8393, #425, #2253, .T. ) ;
#4075 = CARTESIAN_POINT ( 'NONE',  ( 5.399999999999998579, 5.209999999999999076, -3.000000000000000000 ) ) ;
#4076 = DIRECTION ( 'NONE',  ( 0.000000000000000000, 0.000000000000000000, -1.000000000000000000 ) ) ;
#4077 = CARTESIAN_POINT ( 'NONE',  ( 2.859999999999998099, 2.469999999999999307, -2.799999999999999822 ) ) ;
#4078 = ORIENTED_EDGE ( 'NONE', *, *, #10369, .T. ) ;
#4079 = ORIENTED_EDGE ( 'NONE', *, *, #10898, .F. ) ;
#4080 = ORIENTED_EDGE ( 'NONE', *, *, #5042, .F. ) ;
#4081 = EDGE_CURVE ( 'NONE', #4137, #9839, #8736, .T. ) ;
#4082 = CARTESIAN_POINT ( 'NONE',  ( 2.219999999999997975, 2.909999999999998810, -3.000000000000000000 ) ) ;
#4083 = DIRECTION ( 'NONE',  ( 0.000000000000000000, 0.000000000000000000, 1.000000000000000000 ) ) ;
#4084 = ORIENTED_EDGE ( 'NONE', *, *, #4233, .F. ) ;
#4085 = CARTESIAN_POINT ( 'NONE',  ( -5.400000000000002132, 3.109999999999999876, 1.349999999999999645 ) ) ;
#4086 = DIRECTION ( 'NONE',  ( 1.000000000000000000, 0.000000000000000000, 0.000000000000000000 ) ) ;
#4087 = DIRECTION ( 'NONE',  ( 0.000000000000000000, -0.7071067811865467956, 0.7071067811865483499 ) ) ;
#4088 = PLANE ( 'NONE',  #875 ) ;
#4089 = CARTESIAN_POINT ( 'NONE',  ( -0.3200000000000017830, -7.049999999999999822, 4.090000000000000746 ) ) ;
#4090 = CARTESIAN_POINT ( 'NONE',  ( 5.097363495268873557, -0.6365870616663364956, 0.1000000000000000056 ) ) ;
#4091 = CARTESIAN_POINT ( 'NONE',  ( 5.381532375670512458, -0.9391483103800338794, 0.000000000000000000 ) ) ;
#4092 = ORIENTED_EDGE ( 'NONE', *, *, #8902, .T. ) ;
#4093 = FACE_BOUND ( 'NONE', #3982, .T. ) ;
#4094 = EDGE_LOOP ( 'NONE', ( #9845, #4401, #5992, #1785 ) ) ;
#4095 = CARTESIAN_POINT ( 'NONE',  ( 5.205466186039171106, 0.1249444104701774444, -1.355252715606880543E-17 ) ) ;
#4096 = CARTESIAN_POINT ( 'NONE',  ( 5.107455038634031830, 0.05355128202975906193, 0.1000000000000000056 ) ) ;
#4097 = CARTESIAN_POINT ( 'NONE',  ( 5.394930497235308486, 0.1028392425890337636, 0.000000000000000000 ) ) ;
#4098 = LINE ( 'NONE', #1502, #10117 ) ;
#4099 = DIRECTION ( 'NONE',  ( 0.000000000000000000, 1.088556398077815951E-16, -1.000000000000000000 ) ) ;
#4100 = FACE_OUTER_BOUND ( 'NONE', #6499, .T. ) ;
#4101 = CARTESIAN_POINT ( 'NONE',  ( 5.324967145369331689, -0.9213551095408299973, 0.000000000000000000 ) ) ;
#4102 = ADVANCED_FACE ( 'NONE', ( #6274, #5517 ), #5882, .T. ) ;
#4103 = VERTEX_POINT ( 'NONE', #10044 ) ;
#4104 = CARTESIAN_POINT ( 'NONE',  ( 5.170595323018369882, -0.9345030078724742006, -0.000000000000000000 ) ) ;
#4105 = ORIENTED_EDGE ( 'NONE', *, *, #7549, .T. ) ;
#4106 = CARTESIAN_POINT ( 'NONE',  ( 5.456320626316760958, -0.6253642892157038613, 0.000000000000000000 ) ) ;
#4107 = ADVANCED_FACE ( 'NONE', ( #9209, #7370, #9165, #9882, #6591, #1679, #2522, #5050, #5000, #5678, #851 ), #2474, .F. ) ;
#4108 = EDGE_CURVE ( 'NONE', #8319, #844, #9989, .T. ) ;
#4109 = DIRECTION ( 'NONE',  ( 0.000000000000000000, 1.000000000000000000, 6.938893903907229610E-17 ) ) ;
#4110 = EDGE_CURVE ( 'NONE', #5676, #7095, #10766, .T. ) ;
#4111 =( LENGTH_UNIT ( ) NAMED_UNIT ( * ) SI_UNIT ( .MILLI., .METRE. ) );
#4112 = CARTESIAN_POINT ( 'NONE',  ( 5.465576923076922888, 0.01410256410256429706, 0.000000000000000000 ) ) ;
#4113 = ORIENTED_EDGE ( 'NONE', *, *, #6906, .F. ) ;
#4114 = CARTESIAN_POINT ( 'NONE',  ( -5.400000000000002132, 2.909999999999998810, -3.000000000000000000 ) ) ;
#4115 = ORIENTED_EDGE ( 'NONE', *, *, #6561, .T. ) ;
#4116 = DIRECTION ( 'NONE',  ( -1.000000000000000000, -0.000000000000000000, -0.000000000000000000 ) ) ;
#4117 = PRESENTATION_STYLE_ASSIGNMENT (( #19 ) ) ;
#4118 = DIRECTION ( 'NONE',  ( 0.000000000000000000, 0.000000000000000000, 1.000000000000000000 ) ) ;
#4119 = EDGE_CURVE ( 'NONE', #1453, #3750, #4842, .T. ) ;
#4120 = ORIENTED_EDGE ( 'NONE', *, *, #5699, .F. ) ;
#4121 = ORIENTED_EDGE ( 'NONE', *, *, #8875, .F. ) ;
#4122 = EDGE_LOOP ( 'NONE', ( #3412, #3529, #8789, #4699 ) ) ;
#4123 = EDGE_CURVE ( 'NONE', #3808, #10438, #5778, .T. ) ;
#4124 = PRESENTATION_STYLE_ASSIGNMENT (( #9691 ) ) ;
#4125 = DIRECTION ( 'NONE',  ( -0.6401843996644795975, 0.000000000000000000, 0.7682212795973760722 ) ) ;
#4126 = ORIENTED_EDGE ( 'NONE', *, *, #1669, .F. ) ;
#4127 = CARTESIAN_POINT ( 'NONE',  ( 5.487253696323475260, -0.7073442180489464270, 0.1000000000000000056 ) ) ;
#4128 = VERTEX_POINT ( 'NONE', #8244 ) ;
#4129 = DIRECTION ( 'NONE',  ( 0.6401843996644789314, 0.000000000000000000, 0.7682212795973767383 ) ) ;
#4130 = DIRECTION ( 'NONE',  ( 0.000000000000000000, 0.000000000000000000, 1.000000000000000000 ) ) ;
#4131 = CARTESIAN_POINT ( 'NONE',  ( 4.759999999999998899, 2.909999999999998810, -3.000000000000000000 ) ) ;
#4132 = EDGE_LOOP ( 'NONE', ( #4079, #3210, #1073, #5072, #10022, #7467 ) ) ;
#4133 = CARTESIAN_POINT ( 'NONE',  ( 5.438974358974357770, -0.4551282051282050101, 0.1000000000000000056 ) ) ;
#4134 = CARTESIAN_POINT ( 'NONE',  ( 5.482226827525652268, -0.8125411157345309165, 0.000000000000000000 ) ) ;
#4135 = ORIENTED_EDGE ( 'NONE', *, *, #2496, .T. ) ;
#4136 = CARTESIAN_POINT ( 'NONE',  ( 2.219999999999997975, -7.049999999999999822, 1.550000000000000044 ) ) ;
#4137 = VERTEX_POINT ( 'NONE', #4075 ) ;
#4138 = CARTESIAN_POINT ( 'NONE',  ( 5.147839165735074829, 0.09593393900972939370, -1.355252715606880543E-17 ) ) ;
#4139 = DIRECTION ( 'NONE',  ( 1.000000000000000000, 0.000000000000000000, -0.000000000000000000 ) ) ;
#4140 = FILL_AREA_STYLE_COLOUR ( '', #9963 ) ;
#4141 = EDGE_CURVE ( 'NONE', #8200, #7929, #7428, .T. ) ;
#4142 = DIRECTION ( 'NONE',  ( 0.000000000000000000, -1.296504840042456870E-16, -1.000000000000000000 ) ) ;
#4143 = LINE ( 'NONE', #10848, #9591 ) ;
#4144 = CARTESIAN_POINT ( 'NONE',  ( 0.3199999999999982858, 2.269999999999999130, 0.7099999999999985212 ) ) ;
#4145 = DIRECTION ( 'NONE',  ( 1.000000000000000000, 0.000000000000000000, 0.000000000000000000 ) ) ;
#4146 = CARTESIAN_POINT ( 'NONE',  ( 5.121108529775366236, -0.09249185539352147711, 0.000000000000000000 ) ) ;
#4147 = ORIENTED_EDGE ( 'NONE', *, *, #6474, .F. ) ;
#4148 = FACE_OUTER_BOUND ( 'NONE', #2194, .T. ) ;
#4149 = ORIENTED_EDGE ( 'NONE', *, *, #3500, .T. ) ;
#4150 = AXIS2_PLACEMENT_3D ( 'NONE', #5386, #1910, #4449 ) ;
#4151 = CARTESIAN_POINT ( 'NONE',  ( 5.080000000000000071, -0.06963141025641009230, 0.1000000000000000056 ) ) ;
#4152 = SURFACE_STYLE_USAGE ( .BOTH. , #2302 ) ;
#4153 = VECTOR ( 'NONE', #1098, 1000.000000000000114 ) ;
#4154 = EDGE_CURVE ( 'NONE', #528, #3955, #291, .T. ) ;
#4155 = CARTESIAN_POINT ( 'NONE',  ( 5.079999999999999183, -0.2653846153846152189, -0.000000000000000000 ) ) ;
#4156 = ORIENTED_EDGE ( 'NONE', *, *, #1782, .F. ) ;
#4157 = CARTESIAN_POINT ( 'NONE',  ( 5.074070685260910096, -0.7965716492365184642, 0.1000000000000000056 ) ) ;
#4158 = ORIENTED_EDGE ( 'NONE', *, *, #9226, .F. ) ;
#4159 = VECTOR ( 'NONE', #2671, 1000.000000000000000 ) ;
#4160 = DIRECTION ( 'NONE',  ( 1.000000000000000000, 0.000000000000000000, -0.000000000000000000 ) ) ;
#4161 = VECTOR ( 'NONE', #9786, 1000.000000000000114 ) ;
#4162 = LINE ( 'NONE', #6651, #2248 ) ;
#4163 = LINE ( 'NONE', #5001, #3015 ) ;
#4164 = EDGE_CURVE ( 'NONE', #1509, #4128, #4162, .T. ) ;
#4165 = VECTOR ( 'NONE', #5179, 1000.000000000000114 ) ;
#4166 = AXIS2_PLACEMENT_3D ( 'NONE', #6214, #10551, #3850 ) ;
#4167 = CARTESIAN_POINT ( 'NONE',  ( 5.274871794871794251, -0.2653846153846152189, -0.000000000000000000 ) ) ;
#4168 = ORIENTED_EDGE ( 'NONE', *, *, #362, .T. ) ;
#4169 = ORIENTED_EDGE ( 'NONE', *, *, #4577, .F. ) ;
#4170 = VECTOR ( 'NONE', #5706, 1000.000000000000000 ) ;
#4171 = VERTEX_POINT ( 'NONE', #7526 ) ;
#4172 = ADVANCED_FACE ( 'NONE', ( #10871 ), #6711, .F. ) ;
#4173 = CARTESIAN_POINT ( 'NONE',  ( 2.859999999999998099, 2.269999999999999130, 0.7099999999999985212 ) ) ;
#4174 = FACE_OUTER_BOUND ( 'NONE', #2155, .T. ) ;
#4175 = ORIENTED_EDGE ( 'NONE', *, *, #5647, .T. ) ;
#4176 = DIRECTION ( 'NONE',  ( 0.6401843996644795975, 0.000000000000000000, 0.7682212795973760722 ) ) ;
#4177 = ORIENTED_EDGE ( 'NONE', *, *, #7745, .F. ) ;
#4178 = DIRECTION ( 'NONE',  ( 0.000000000000000000, -1.000000000000000000, 0.000000000000000000 ) ) ;
#4179 = FACE_OUTER_BOUND ( 'NONE', #2100, .T. ) ;
#4180 = AXIS2_PLACEMENT_3D ( 'NONE', #5546, #5595, #10421 ) ;
#4181 = EDGE_CURVE ( 'NONE', #3790, #3527, #6870, .T. ) ;
#4182 = AXIS2_PLACEMENT_3D ( 'NONE', #5104, #8453, #902 ) ;
#4183 = DIRECTION ( 'NONE',  ( 1.000000000000000000, 0.000000000000000000, -0.000000000000000000 ) ) ;
#4184 = ORIENTED_EDGE ( 'NONE', *, *, #6940, .F. ) ;
#4185 = SURFACE_STYLE_USAGE ( .BOTH. , #1705 ) ;
#4186 = ORIENTED_EDGE ( 'NONE', *, *, #10350, .F. ) ;
#4187 = DIRECTION ( 'NONE',  ( 1.000000000000000000, 0.000000000000000000, 0.000000000000000000 ) ) ;
#4188 = VECTOR ( 'NONE', #7494, 1000.000000000000000 ) ;
#4189 = CARTESIAN_POINT ( 'NONE',  ( 5.111119939259325839, -0.7661474869930752218, 0.000000000000000000 ) ) ;
#4190 = EDGE_LOOP ( 'NONE', ( #6388, #5792, #5329, #3221 ) ) ;
#4191 = VECTOR ( 'NONE', #3416, 1000.000000000000000 ) ;
#4192 = CARTESIAN_POINT ( 'NONE',  ( 6.349999999999996980, 0.6499999999999999112, 0.4000000000000001332 ) ) ;
#4193 = ORIENTED_EDGE ( 'NONE', *, *, #8547, .F. ) ;
#4194 = DIRECTION ( 'NONE',  ( -0.000000000000000000, 0.000000000000000000, -1.000000000000000000 ) ) ;
#4195 = UNCERTAINTY_MEASURE_WITH_UNIT (LENGTH_MEASURE( 1.000000000000000082E-05 ), #233, 'distance_accuracy_value', 'NONE');
#4196 = FACE_OUTER_BOUND ( 'NONE', #10877, .T. ) ;
#4197 = PLANE ( 'NONE',  #2636 ) ;
#4198 =( NAMED_UNIT ( * ) PLANE_ANGLE_UNIT ( ) SI_UNIT ( $, .RADIAN. ) );
#4199 = AXIS2_PLACEMENT_3D ( 'NONE', #1378, #3046, #8105 ) ;
#4200 = AXIS2_PLACEMENT_3D ( 'NONE', #4936, #4984, #8284 ) ;
#4201 = CARTESIAN_POINT ( 'NONE',  ( -5.400000000000002132, 5.650000000000000355, 3.890000000000000124 ) ) ;
#4202 = DIRECTION ( 'NONE',  ( 0.6401843996644802637, 0.000000000000000000, -0.7682212795973755171 ) ) ;
#4203 = STYLED_ITEM ( 'NONE', ( #4124 ), #8918 ) ;
#4204 = DIRECTION ( 'NONE',  ( 0.000000000000000000, -1.000000000000000000, 0.000000000000000000 ) ) ;
#4205 = DIRECTION ( 'NONE',  ( -0.7682212795973755171, 0.000000000000000000, -0.6401843996644802637 ) ) ;
#4206 = CARTESIAN_POINT ( 'NONE',  ( 5.279599358974357948, -0.9269230769230771827, 0.000000000000000000 ) ) ;
#4207 = EDGE_CURVE ( 'NONE', #4870, #3581, #131, .T. ) ;
#4208 = ORIENTED_EDGE ( 'NONE', *, *, #8510, .F. ) ;
#4209 = FACE_OUTER_BOUND ( 'NONE', #9423, .T. ) ;
#4210 = ORIENTED_EDGE ( 'NONE', *, *, #8610, .T. ) ;
#4211 = UNCERTAINTY_MEASURE_WITH_UNIT (LENGTH_MEASURE( 1.000000000000000082E-05 ), #8292, 'distance_accuracy_value', 'NONE');
#4212 = VECTOR ( 'NONE', #5854, 1000.000000000000000 ) ;
#4213 = DIRECTION ( 'NONE',  ( -0.6401843996644795975, 0.000000000000000000, 0.7682212795973760722 ) ) ;
#4214 = FACE_OUTER_BOUND ( 'NONE', #452, .T. ) ;
#4215 = VECTOR ( 'NONE', #147, 1000.000000000000000 ) ;
#4216 = VECTOR ( 'NONE', #9603, 1000.000000000000000 ) ;
#4217 = DIRECTION ( 'NONE',  ( 0.000000000000000000, 6.938893903907229610E-17, -1.000000000000000000 ) ) ;
#4218 = DIRECTION ( 'NONE',  ( 0.000000000000000000, -1.000000000000000000, 0.000000000000000000 ) ) ;
#4219 = VECTOR ( 'NONE', #2360, 1000.000000000000000 ) ;
#4220 = EDGE_LOOP ( 'NONE', ( #2747, #7470, #4450, #2676 ) ) ;
#4221 = MECHANICAL_DESIGN_GEOMETRIC_PRESENTATION_REPRESENTATION (  '', ( #10009 ), #8960 ) ;
#4222 = VECTOR ( 'NONE', #611, 1000.000000000000000 ) ;
#4223 = VECTOR ( 'NONE', #400, 1000.000000000000000 ) ;
#4224 = CARTESIAN_POINT ( 'NONE',  ( 1.103333333333333721, 0.6499999999999999112, 4.599999999999999645 ) ) ;
#4225 = VERTEX_POINT ( 'NONE', #9320 ) ;
#4226 = DIRECTION ( 'NONE',  ( 0.000000000000000000, 0.000000000000000000, 1.000000000000000000 ) ) ;
#4227 = SURFACE_SIDE_STYLE ('',( #8398 ) ) ;
#4228 = DIRECTION ( 'NONE',  ( 0.6401843996644794865, 0.000000000000000000, -0.7682212795973760722 ) ) ;
#4229 = CARTESIAN_POINT ( 'NONE',  ( 5.315354223906388675, 0.09497880462014705871, 0.1000000000000000056 ) ) ;
#4230 = CARTESIAN_POINT ( 'NONE',  ( 5.432807787737276684, -0.02877626396033934608, 0.1000000000000000056 ) ) ;
#4231 = ORIENTED_EDGE ( 'NONE', *, *, #8338, .T. ) ;
#4232 = VERTEX_POINT ( 'NONE', #9428 ) ;
#4233 = EDGE_CURVE ( 'NONE', #8393, #4535, #1968, .T. ) ;
#4234 = ORIENTED_EDGE ( 'NONE', *, *, #4315, .T. ) ;
#4235 = LINE ( 'NONE', #26, #5636 ) ;
#4236 = ORIENTED_EDGE ( 'NONE', *, *, #3658, .T. ) ;
#4237 = EDGE_CURVE ( 'NONE', #3233, #9487, #10209, .T. ) ;
#4238 = DIRECTION ( 'NONE',  ( 0.000000000000000000, 0.000000000000000000, 1.000000000000000000 ) ) ;
#4239 = ORIENTED_EDGE ( 'NONE', *, *, #4885, .T. ) ;
#4240 = SURFACE_STYLE_FILL_AREA ( #1700 ) ;
#4241 = ADVANCED_FACE ( 'NONE', ( #7689 ), #6160, .F. ) ;
#4242 = ADVANCED_FACE ( 'NONE', ( #8559 ), #5113, .F. ) ;
#4243 = CARTESIAN_POINT ( 'NONE',  ( 5.486838620289989699, -0.7917315878344812763, -0.000000000000000000 ) ) ;
#4244 = VERTEX_POINT ( 'NONE', #4496 ) ;
#4245 = EDGE_CURVE ( 'NONE', #8849, #7288, #239, .T. ) ;
#4246 = CARTESIAN_POINT ( 'NONE',  ( 5.069743589743588963, -0.7471153846153848477, 0.000000000000000000 ) ) ;
#4247 = CARTESIAN_POINT ( 'NONE',  ( 5.198456167860530996, -0.9073052589734794671, 0.000000000000000000 ) ) ;
#4248 = VERTEX_POINT ( 'NONE', #293 ) ;
#4249 = CARTESIAN_POINT ( 'NONE',  ( 5.390539183976528648, -0.6111790578437932275, 0.000000000000000000 ) ) ;
#4250 = ORIENTED_EDGE ( 'NONE', *, *, #10412, .T. ) ;
#4251 = FACE_OUTER_BOUND ( 'NONE', #3044, .T. ) ;
#4252 = DIRECTION ( 'NONE',  ( -0.9036123719369734131, -0.4283511191562789922, 0.000000000000000000 ) ) ;
#4253 = DIRECTION ( 'NONE',  ( 0.000000000000000000, 0.000000000000000000, 1.000000000000000000 ) ) ;
#4254 = DIRECTION ( 'NONE',  ( 0.000000000000000000, 0.7071067811865467956, 0.7071067811865483499 ) ) ;
#4255 = CARTESIAN_POINT ( 'NONE',  ( 4.759999999999998899, 0.6499999999999999112, 0.4000000000000001332 ) ) ;
#4256 = EDGE_CURVE ( 'NONE', #2992, #5729, #7753, .T. ) ;
#4257 = LINE ( 'NONE', #2722, #5614 ) ;
#4258 = CARTESIAN_POINT ( 'NONE',  ( -1.436666666666667647, 0.6499999999999999112, 0.4000000000000001332 ) ) ;
#4259 = CARTESIAN_POINT ( 'NONE',  ( 5.121053994896961115, -0.1051813180692727778, -0.000000000000000000 ) ) ;
#4260 = EDGE_CURVE ( 'NONE', #9110, #1803, #1847, .T. ) ;
#4261 = VERTEX_POINT ( 'NONE', #2742 ) ;
#4262 = CARTESIAN_POINT ( 'NONE',  ( 4.759999999999998899, -7.049999999999999822, 1.550000000000000044 ) ) ;
#4263 = ORIENTED_EDGE ( 'NONE', *, *, #1450, .T. ) ;
#4264 = FACE_OUTER_BOUND ( 'NONE', #4466, .T. ) ;
#4265 = LINE ( 'NONE', #9312, #4383 ) ;
#4266 = CARTESIAN_POINT ( 'NONE',  ( 5.079999999999999183, -0.4910256410256409465, 0.000000000000000000 ) ) ;
#4267 = ADVANCED_FACE ( 'NONE', ( #8507 ), #2569, .T. ) ;
#4268 = DIRECTION ( 'NONE',  ( 1.000000000000000000, 0.000000000000000000, -0.000000000000000000 ) ) ;
#4269 = FACE_OUTER_BOUND ( 'NONE', #5710, .T. ) ;
#4270 = ORIENTED_EDGE ( 'NONE', *, *, #7892, .T. ) ;
#4271 =( LENGTH_UNIT ( ) NAMED_UNIT ( * ) SI_UNIT ( .MILLI., .METRE. ) );
#4272 = EDGE_LOOP ( 'NONE', ( #9611, #1923, #1962, #5121 ) ) ;
#4273 = CARTESIAN_POINT ( 'NONE',  ( 5.479999999999999538, -0.4910256410256409465, 0.1000000000000000056 ) ) ;
#4274 = CARTESIAN_POINT ( 'NONE',  ( 1.269999999999997797, -1.249999999999999778, 0.5999999999999998668 ) ) ;
#4275 = CARTESIAN_POINT ( 'NONE',  ( 1.769999999999997353, 1.250000000000000222, 0.000000000000000000 ) ) ;
#4276 = CARTESIAN_POINT ( 'NONE',  ( 4.759999999999998899, -7.049999999999999822, 4.090000000000000746 ) ) ;
#4277 = CARTESIAN_POINT ( 'NONE',  ( 5.351181201936688225, 0.08314918100410916002, 0.1000000000000000056 ) ) ;
#4278 = EDGE_CURVE ( 'NONE', #9577, #7575, #4325, .T. ) ;
#4279 = FACE_OUTER_BOUND ( 'NONE', #4830, .T. ) ;
#4280 = VERTEX_POINT ( 'NONE', #8669 ) ;
#4281 = EDGE_LOOP ( 'NONE', ( #10724, #2204, #3595, #5638, #9901, #7979 ) ) ;
#4282 = ORIENTED_EDGE ( 'NONE', *, *, #6672, .F. ) ;
#4283 = VECTOR ( 'NONE', #6092, 1000.000000000000000 ) ;
#4284 = LINE ( 'NONE', #5061, #1216 ) ;
#4285 = EDGE_LOOP ( 'NONE', ( #2687, #5230, #9308, #5011 ) ) ;
#4286 = CARTESIAN_POINT ( 'NONE',  ( 2.859999999999998099, -7.249999999999999112, 3.650000000000000799 ) ) ;
#4287 = ORIENTED_EDGE ( 'NONE', *, *, #1550, .T. ) ;
#4288 = FACE_OUTER_BOUND ( 'NONE', #10903, .T. ) ;
#4289 = EDGE_LOOP ( 'NONE', ( #2323, #6329, #7051, #7220, #3926, #5561, #8335, #3320, #1365, #4877 ) ) ;
#4290 = CARTESIAN_POINT ( 'NONE',  ( -4.760000000000002451, 2.469999999999999307, -2.799999999999999822 ) ) ;
#4291 = CARTESIAN_POINT ( 'NONE',  ( 5.430489262047751176, -0.9016464448092287309, -0.000000000000000000 ) ) ;
#4292 = ORIENTED_EDGE ( 'NONE', *, *, #2917, .F. ) ;
#4293 = ADVANCED_FACE ( 'NONE', ( #1013 ), #4385, .F. ) ;
#4294 = DIRECTION ( 'NONE',  ( 0.000000000000000000, 1.000000000000000000, 6.938893903907229610E-17 ) ) ;
#4295 = CARTESIAN_POINT ( 'NONE',  ( 5.245075648304085902, -0.9239797244644095686, 0.000000000000000000 ) ) ;
#4296 = ORIENTED_EDGE ( 'NONE', *, *, #6219, .T. ) ;
#4297 = CARTESIAN_POINT ( 'NONE',  ( 5.433933897249091594, -0.6712149151901867228, 0.1000000000000000056 ) ) ;
#4298 = ORIENTED_EDGE ( 'NONE', *, *, #3317, .T. ) ;
#4299 = FACE_OUTER_BOUND ( 'NONE', #6195, .T. ) ;
#4300 = LINE ( 'NONE', #8487, #10891 ) ;
#4301 = ADVANCED_FACE ( 'NONE', ( #6918 ), #7856, .F. ) ;
#4302 = CARTESIAN_POINT ( 'NONE',  ( 2.219999999999997975, 5.450000000000001066, 3.890000000000001457 ) ) ;
#4303 = CARTESIAN_POINT ( 'NONE',  ( 0.3199999999999982303, -1.249999999999999778, 0.9099999999999993650 ) ) ;
#4304 = CARTESIAN_POINT ( 'NONE',  ( 5.438913822799654518, -0.1093978184965466310, 0.1000000000000000056 ) ) ;
#4305 = CARTESIAN_POINT ( 'NONE',  ( 5.449230769230769766, -0.7498397435897439234, 0.000000000000000000 ) ) ;
#4306 = ADVANCED_FACE ( 'NONE', ( #6376 ), #4618, .F. ) ;
#4307 = VERTEX_POINT ( 'NONE', #8884 ) ;
#4308 = DIRECTION ( 'NONE',  ( 0.000000000000000000, 0.000000000000000000, 1.000000000000000000 ) ) ;
#4309 = ORIENTED_EDGE ( 'NONE', *, *, #3690, .F. ) ;
#4310 = UNCERTAINTY_MEASURE_WITH_UNIT (LENGTH_MEASURE( 1.000000000000000082E-05 ), #1740, 'distance_accuracy_value', 'NONE');
#4311 = CARTESIAN_POINT ( 'NONE',  ( 5.079999999999999183, 0.1858974358974362084, 0.1000000000000000056 ) ) ;
#4312 = LINE ( 'NONE', #2853, #9301 ) ;
#4313 = CARTESIAN_POINT ( 'NONE',  ( 6.349999999999996980, -1.249999999999999778, 5.000000000000000000 ) ) ;
#4314 = LINE ( 'NONE', #1001, #3297 ) ;
#4315 = EDGE_CURVE ( 'NONE', #1973, #3542, #359, .T. ) ;
#4316 = VERTEX_POINT ( 'NONE', #3905 ) ;
#4317 =( NAMED_UNIT ( * ) SI_UNIT ( $, .STERADIAN. ) SOLID_ANGLE_UNIT ( ) );
#4318 = DIRECTION ( 'NONE',  ( 0.000000000000000000, -1.000000000000000000, 0.000000000000000000 ) ) ;
#4319 = VERTEX_POINT ( 'NONE', #5506 ) ;
#4320 = VECTOR ( 'NONE', #3075, 1000.000000000000000 ) ;
#4321 = PRESENTATION_STYLE_ASSIGNMENT (( #1736 ) ) ;
#4322 = ORIENTED_EDGE ( 'NONE', *, *, #9942, .F. ) ;
#4323 = CARTESIAN_POINT ( 'NONE',  ( 5.399999999999998579, 4.809999999999999609, 3.250000000000000888 ) ) ;
#4324 = AXIS2_PLACEMENT_3D ( 'NONE', #1047, #5244, #5191 ) ;
#4325 = LINE ( 'NONE', #6970, #2595 ) ;
#4326 = CARTESIAN_POINT ( 'NONE',  ( 5.474579196609129284, -0.02270199459087462665, 0.1000000000000000056 ) ) ;
#4327 = LINE ( 'NONE', #6872, #6627 ) ;
#4328 = ORIENTED_EDGE ( 'NONE', *, *, #2897, .F. ) ;
#4329 = ORIENTED_EDGE ( 'NONE', *, *, #1151, .F. ) ;
#4330 = STYLED_ITEM ( 'NONE', ( #6542 ), #3625 ) ;
#4331 = ORIENTED_EDGE ( 'NONE', *, *, #5746, .F. ) ;
#4332 = DIRECTION ( 'NONE',  ( 0.000000000000000000, -0.7071067811865474617, 0.7071067811865474617 ) ) ;
#4333 = ORIENTED_EDGE ( 'NONE', *, *, #6538, .F. ) ;
#4334 = DIRECTION ( 'NONE',  ( 1.000000000000000000, -0.000000000000000000, -0.000000000000000000 ) ) ;
#4335 = EDGE_LOOP ( 'NONE', ( #1375, #246, #10454, #7262 ) ) ;
#4336 = ADVANCED_FACE ( 'NONE', ( #10488 ), #6318, .F. ) ;
#4337 = DIRECTION ( 'NONE',  ( 1.000000000000000000, -0.000000000000000000, -0.000000000000000000 ) ) ;
#4338 = CARTESIAN_POINT ( 'NONE',  ( 5.404965739218419607, -0.6258040796947830220, 0.000000000000000000 ) ) ;
#4339 = LINE ( 'NONE', #9558, #7685 ) ;
#4340 = CARTESIAN_POINT ( 'NONE',  ( 5.123463297597678157, -0.04247369503317401096, 0.000000000000000000 ) ) ;
#4341 = AXIS2_PLACEMENT_3D ( 'NONE', #7487, #10106, #2585 ) ;
#4342 = AXIS2_PLACEMENT_3D ( 'NONE', #9621, #5480, #8975 ) ;
#4343 = CARTESIAN_POINT ( 'NONE',  ( -2.220000000000001972, 2.269999999999997797, 0.9099999999999984768 ) ) ;
#4344 = VERTEX_POINT ( 'NONE', #4668 ) ;
#4345 = LINE ( 'NONE', #7607, #1200 ) ;
#4346 = CARTESIAN_POINT ( 'NONE',  ( 2.219999999999997975, 2.469999999999999307, -2.799999999999999822 ) ) ;
#4347 = ORIENTED_EDGE ( 'NONE', *, *, #5333, .T. ) ;
#4348 = VECTOR ( 'NONE', #3457, 999.9999999999998863 ) ;
#4349 = DIRECTION ( 'NONE',  ( -0.000000000000000000, 0.000000000000000000, -1.000000000000000000 ) ) ;
#4350 = ORIENTED_EDGE ( 'NONE', *, *, #595, .F. ) ;
#4351 =( NAMED_UNIT ( * ) SI_UNIT ( $, .STERADIAN. ) SOLID_ANGLE_UNIT ( ) );
#4352 = VECTOR ( 'NONE', #10795, 1000.000000000000000 ) ;
#4353 = CARTESIAN_POINT ( 'NONE',  ( 0.3199999999999982858, 2.669999999999999041, -3.000000000000000000 ) ) ;
#4354 = DIRECTION ( 'NONE',  ( 0.000000000000000000, -1.296504840042456870E-16, -1.000000000000000000 ) ) ;
#4355 = EDGE_CURVE ( 'NONE', #6916, #6794, #3073, .T. ) ;
#4356 = COLOUR_RGB ( '',0.1490196078431372528, 0.1490196078431372528, 0.1490196078431372528 ) ;
#4357 = CARTESIAN_POINT ( 'NONE',  ( 4.759999999999998899, -7.249999999999999112, 1.349999999999999867 ) ) ;
#4358 = CARTESIAN_POINT ( 'NONE',  ( 5.398771370510144330, -0.9285166973698038007, 0.1000000000000000056 ) ) ;
#4359 = SURFACE_STYLE_FILL_AREA ( #2551 ) ;
#4360 = LINE ( 'NONE', #7728, #3302 ) ;
#4361 = EDGE_CURVE ( 'NONE', #6696, #7477, #8942, .T. ) ;
#4362 = CARTESIAN_POINT ( 'NONE',  ( 5.128536551162463653, -0.006614491318338989838, 0.000000000000000000 ) ) ;
#4363 = ORIENTED_EDGE ( 'NONE', *, *, #9342, .T. ) ;
#4364 = CARTESIAN_POINT ( 'NONE',  ( 3.450327868852455016, 0.6499999999999999112, -2.016393442622950172 ) ) ;
#4365 = ORIENTED_EDGE ( 'NONE', *, *, #8547, .T. ) ;
#4366 = LINE ( 'NONE', #6143, #5643 ) ;
#4367 = FACE_OUTER_BOUND ( 'NONE', #8793, .T. ) ;
#4368 = LINE ( 'NONE', #1063, #7029 ) ;
#4369 = ADVANCED_FACE ( 'NONE', ( #7198 ), #10382, .F. ) ;
#4370 = DIRECTION ( 'NONE',  ( 0.000000000000000000, 0.000000000000000000, 1.000000000000000000 ) ) ;
#4371 = COLOUR_RGB ( '',0.1490196078431372528, 0.1490196078431372528, 0.1490196078431372528 ) ;
#4372 = EDGE_CURVE ( 'NONE', #6817, #2782, #7089, .T. ) ;
#4373 = VERTEX_POINT ( 'NONE', #2868 ) ;
#4374 = CARTESIAN_POINT ( 'NONE',  ( 2.219999999999997975, -7.049999999999999822, 1.550000000000000044 ) ) ;
#4375 = FACE_OUTER_BOUND ( 'NONE', #8770, .T. ) ;
#4376 = ORIENTED_EDGE ( 'NONE', *, *, #9430, .F. ) ;
#4377 = LINE ( 'NONE', #3570, #1390 ) ;
#4378 = EDGE_CURVE ( 'NONE', #2754, #8271, #9544, .T. ) ;
#4379 = VECTOR ( 'NONE', #3760, 1000.000000000000000 ) ;
#4380 = CARTESIAN_POINT ( 'NONE',  ( 2.859999999999998099, 2.269999999999997797, 0.9099999999999984768 ) ) ;
#4381 = EDGE_LOOP ( 'NONE', ( #1591, #962, #7447, #6220 ) ) ;
#4382 = CARTESIAN_POINT ( 'NONE',  ( 5.139695512820511958, -0.9120993589743592311, 0.1000000000000000056 ) ) ;
#4383 = VECTOR ( 'NONE', #3345, 1000.000000000000000 ) ;
#4384 = VECTOR ( 'NONE', #747, 1000.000000000000000 ) ;
#4385 = PLANE ( 'NONE',  #4891 ) ;
#4386 = CARTESIAN_POINT ( 'NONE',  ( 5.478136060581238809, -0.05446360271310795448, 0.000000000000000000 ) ) ;
#4387 = CARTESIAN_POINT ( 'NONE',  ( 5.427756410256408870, -0.006650641025640825071, 0.000000000000000000 ) ) ;
#4388 = CARTESIAN_POINT ( 'NONE',  ( -2.860000000000001652, -7.249999999999999112, 3.890000000000000568 ) ) ;
#4389 = VECTOR ( 'NONE', #4116, 1000.000000000000000 ) ;
#4390 = PLANE ( 'NONE',  #8708 ) ;
#4391 = STYLED_ITEM ( 'NONE', ( #1951 ), #9756 ) ;
#4392 = ORIENTED_EDGE ( 'NONE', *, *, #3864, .T. ) ;
#4393 = ORIENTED_EDGE ( 'NONE', *, *, #10293, .T. ) ;
#4394 = VECTOR ( 'NONE', #8820, 1000.000000000000000 ) ;
#4395 = AXIS2_PLACEMENT_3D ( 'NONE', #3335, #830, #6690 ) ;
#4396 = EDGE_CURVE ( 'NONE', #8342, #5094, #8024, .T. ) ;
#4397 = ORIENTED_EDGE ( 'NONE', *, *, #461, .F. ) ;
#4398 = LINE ( 'NONE', #8467, #8428 ) ;
#4399 = ORIENTED_EDGE ( 'NONE', *, *, #5533, .F. ) ;
#4400 = DIRECTION ( 'NONE',  ( 0.000000000000000000, -1.000000000000000000, 0.000000000000000000 ) ) ;
#4401 = ORIENTED_EDGE ( 'NONE', *, *, #9397, .F. ) ;
#4402 = VERTEX_POINT ( 'NONE', #467 ) ;
#4403 = AXIS2_PLACEMENT_3D ( 'NONE', #9727, #8974, #6557 ) ;
#4404 = STYLED_ITEM ( 'NONE', ( #6652 ), #1817 ) ;
#4405 = DIRECTION ( 'NONE',  ( -0.6401843996644795975, 0.000000000000000000, -0.7682212795973760722 ) ) ;
#4406 = ADVANCED_FACE ( 'NONE', ( #8722 ), #7615, .T. ) ;
#4407 = VERTEX_POINT ( 'NONE', #9976 ) ;
#4408 = EDGE_CURVE ( 'NONE', #9017, #570, #2460, .T. ) ;
#4409 = AXIS2_PLACEMENT_3D ( 'NONE', #433, #660, #6395 ) ;
#4410 = CARTESIAN_POINT ( 'NONE',  ( 5.399183665890698869, 0.04696798473715609046, 0.000000000000000000 ) ) ;
#4411 = CARTESIAN_POINT ( 'NONE',  ( 5.213273184854934073, -0.9144479036922611437, 0.000000000000000000 ) ) ;
#4412 = ORIENTED_EDGE ( 'NONE', *, *, #1012, .F. ) ;
#4413 = CARTESIAN_POINT ( 'NONE',  ( 5.121025641025640063, -0.2653846153846152189, 0.1000000000000000056 ) ) ;
#4414 = ORIENTED_EDGE ( 'NONE', *, *, #10660, .F. ) ;
#4415 = LINE ( 'NONE', #7777, #3023 ) ;
#4416 = PRODUCT_CONTEXT ( 'NONE', #75, 'mechanical' ) ;
#4417 = CARTESIAN_POINT ( 'NONE',  ( -5.400000000000002132, 5.209999999999999076, -3.000000000000000000 ) ) ;
#4418 = CARTESIAN_POINT ( 'NONE',  ( 5.121025641025640063, -0.1576923076923075207, 0.000000000000000000 ) ) ;
#4419 = PLANE ( 'NONE',  #9235 ) ;
#4420 = B_SPLINE_CURVE_WITH_KNOTS ( 'NONE', 3,
 ( #8280, #8171, #2448, #4981, #10695, #733, #6572, #5862, #684, #4097, #9190, #3274, #3992, #9806, #1656, #5024, #1611, #8328, #6522 ),
 .UNSPECIFIED., .F., .F.,
 ( 4, 1, 1, 1, 1, 1, 1, 1, 1, 1, 1, 1, 1, 1, 1, 1, 4 ),
 ( 0.000000000000000000, 0.06154637403761333697, 0.1216970805153603091, 0.1811589999003394291, 0.2400768215924440618, 0.2986858982040895838, 0.3576327280133253517, 0.4175915188549984003, 0.4784821097525988054, 0.5403965361028094661, 0.6023358963502745134, 0.6649966639164274218, 0.7285530988228361426, 0.7936458211788784967, 0.8605310769033081009, 0.9292343416273755041, 1.000000000000000000 ),
 .UNSPECIFIED. ) ;
#4421 = CARTESIAN_POINT ( 'NONE',  ( 0.3199999999999982858, 0.6499999999999995781, 3.450000000000000622 ) ) ;
#4422 = LINE ( 'NONE', #5090, #1881 ) ;
#4423 = CARTESIAN_POINT ( 'NONE',  ( 4.759999999999998899, 5.649999999999999467, -2.799999999999999822 ) ) ;
#4424 = VERTEX_POINT ( 'NONE', #9916 ) ;
#4425 = CARTESIAN_POINT ( 'NONE',  ( 5.400055644196157800, -0.8767446215024045086, -0.000000000000000000 ) ) ;
#4426 = ORIENTED_EDGE ( 'NONE', *, *, #2121, .T. ) ;
#4427 = UNCERTAINTY_MEASURE_WITH_UNIT (LENGTH_MEASURE( 1.000000000000000082E-05 ), #6519, 'distance_accuracy_value', 'NONE');
#4428 = DIRECTION ( 'NONE',  ( 0.000000000000000000, -0.7071067811865474617, -0.7071067811865474617 ) ) ;
#4429 = DIRECTION ( 'NONE',  ( 1.000000000000000000, -0.000000000000000000, -0.000000000000000000 ) ) ;
#4430 = DIRECTION ( 'NONE',  ( -0.000000000000000000, -1.000000000000000000, -0.000000000000000000 ) ) ;
#4431 = DIRECTION ( 'NONE',  ( -1.000000000000000000, 0.000000000000000000, 0.000000000000000000 ) ) ;
#4432 = EDGE_LOOP ( 'NONE', ( #6174, #9923, #4788, #128 ) ) ;
#4433 = FACE_OUTER_BOUND ( 'NONE', #6951, .T. ) ;
#4434 = FILL_AREA_STYLE ('',( #1068 ) ) ;
#4435 = VERTEX_POINT ( 'NONE', #5874 ) ;
#4436 = ADVANCED_FACE ( 'NONE', ( #10649 ), #2351, .F. ) ;
#4437 = CARTESIAN_POINT ( 'NONE',  ( 4.759999999999998899, 4.809999999999998721, 3.450000000000000622 ) ) ;
#4438 = DIRECTION ( 'NONE',  ( 0.000000000000000000, 0.000000000000000000, -1.000000000000000000 ) ) ;
#4439 = PLANE ( 'NONE',  #9660 ) ;
#4440 = ORIENTED_EDGE ( 'NONE', *, *, #4032, .F. ) ;
#4441 = EDGE_CURVE ( 'NONE', #3546, #4128, #1668, .T. ) ;
#4442 = CARTESIAN_POINT ( 'NONE',  ( 4.759999999999998899, 2.669999999999999041, -3.000000000000000000 ) ) ;
#4443 = EDGE_CURVE ( 'NONE', #2416, #7553, #7419, .T. ) ;
#4444 = CARTESIAN_POINT ( 'NONE',  ( -6.350000000000002309, 1.250000000000000222, 0.5999999999999998668 ) ) ;
#4445 = LINE ( 'NONE', #1969, #1935 ) ;
#4446 = CARTESIAN_POINT ( 'NONE',  ( 0.3199999999999982858, 5.209999999999999076, -3.000000000000000000 ) ) ;
#4447 = LINE ( 'NONE', #8561, #8896 ) ;
#4448 = EDGE_CURVE ( 'NONE', #6747, #1518, #4883, .T. ) ;
#4449 = DIRECTION ( 'NONE',  ( 0.000000000000000000, 0.000000000000000000, 1.000000000000000000 ) ) ;
#4450 = ORIENTED_EDGE ( 'NONE', *, *, #9061, .F. ) ;
#4451 = ORIENTED_EDGE ( 'NONE', *, *, #7540, .F. ) ;
#4452 = CARTESIAN_POINT ( 'NONE',  ( -2.860000000000001652, 5.649999999999999467, -2.799999999999999822 ) ) ;
#4453 = ORIENTED_EDGE ( 'NONE', *, *, #10571, .F. ) ;
#4454 = B_SPLINE_SURFACE_WITH_KNOTS ( 'NONE', 3, 1, ( 
 ( #7612, #775 ),
 ( #9186, #1774 ),
 ( #8531, #823 ),
 ( #9958, #2444 ),
 ( #9295, #10116 ),
 ( #1654, #6733 ),
 ( #1606, #4095 ),
 ( #7449, #10789 ),
 ( #7563, #5960 ),
 ( #3270, #8486 ),
 ( #6619, #8325 ),
 ( #10023, #4138 ),
 ( #929, #2499 ),
 ( #3384, #5022 ),
 ( #8371, #10906 ),
 ( #2545, #9619 ),
 ( #2044, #8586 ),
 ( #1150, #9395 ),
 ( #8645, #9457 ),
 ( #1097, #383 ),
 ( #5408, #8751 ),
 ( #7058, #6997 ),
 ( #1214, #165 ),
 ( #6184, #2717 ),
 ( #10346, #5357 ),
 ( #6285, #4586 ),
 ( #7884, #3764 ) ),
 .UNSPECIFIED., .F., .F., .F.,
 ( 4, 1, 1, 1, 1, 1, 1, 1, 1, 1, 1, 1, 1, 1, 1, 1, 1, 1, 1, 1, 1, 1, 1, 1, 4 ),
 ( 2, 2 ),
 ( 0.000000000000000000, 0.04608377754194700748, 0.09081289696262630218, 0.1343042879808923895, 0.1770362722268286337, 0.2188374268542860601, 0.2602615907981583043, 0.3011000835602818948, 0.3416368324483715080, 0.3816090405269672026, 0.4201478008723692481, 0.4579096607349634751, 0.4947607013525772701, 0.5312192845390127927, 0.5669607598480352895, 0.6027421145655914581, 0.6382320180154542610, 0.6747611133765476499, 0.7133778281073233085, 0.7544253154851247034, 0.7978017847299843091, 0.8439789806525875848, 0.8930643900142395397, 0.9449596506617456981, 1.000000000000000000 ),
 ( 0.000000000000000000, 1.000000000000000000 ),
 .UNSPECIFIED. ) ;
#4455 = LINE ( 'NONE', #916, #3171 ) ;
#4456 = ORIENTED_EDGE ( 'NONE', *, *, #10393, .F. ) ;
#4457 = SURFACE_STYLE_USAGE ( .BOTH. , #1086 ) ;
#4458 = VERTEX_POINT ( 'NONE', #7303 ) ;
#4459 = ADVANCED_FACE ( 'NONE', ( #6477 ), #5768, .F. ) ;
#4460 = ADVANCED_FACE ( 'NONE', ( #59 ), #1839, .T. ) ;
#4461 = ORIENTED_EDGE ( 'NONE', *, *, #8375, .F. ) ;
#4462 = CARTESIAN_POINT ( 'NONE',  ( -6.350000000000002309, 1.250000000000000222, 4.400000000000000355 ) ) ;
#4463 = DIRECTION ( 'NONE',  ( 0.000000000000000000, -0.7071067811865474617, -0.7071067811865474617 ) ) ;
#4464 = EDGE_CURVE ( 'NONE', #1737, #4558, #8562, .T. ) ;
#4465 = CARTESIAN_POINT ( 'NONE',  ( -4.760000000000002451, -1.250000000000000222, 1.550000000000000488 ) ) ;
#4466 = EDGE_LOOP ( 'NONE', ( #146, #10473, #2487, #1087 ) ) ;
#4467 = ADVANCED_FACE ( 'NONE', ( #4214 ), #7791, .F. ) ;
#4468 = CARTESIAN_POINT ( 'NONE',  ( -2.860000000000001652, -7.049999999999999822, 1.550000000000000044 ) ) ;
#4469 = DIRECTION ( 'NONE',  ( 0.6401843996644802637, -0.000000000000000000, -0.7682212795973755171 ) ) ;
#4470 = ORIENTED_EDGE ( 'NONE', *, *, #4611, .T. ) ;
#4471 = CARTESIAN_POINT ( 'NONE',  ( 5.449046098887470713, -0.7425622445768820246, 0.000000000000000000 ) ) ;
#4472 = EDGE_LOOP ( 'NONE', ( #9341, #10373, #3147, #1727 ) ) ;
#4473 = PLANE ( 'NONE',  #5660 ) ;
#4474 = CARTESIAN_POINT ( 'NONE',  ( -1.046721311475417915, 0.6499999999999999112, -5.763934426229508468 ) ) ;
#4475 = CARTESIAN_POINT ( 'NONE',  ( 1.269999999999997797, 5.650000000000000355, 0.5999999999999998668 ) ) ;
#4476 = DIRECTION ( 'NONE',  ( -0.000000000000000000, 0.000000000000000000, -1.000000000000000000 ) ) ;
#4477 = CARTESIAN_POINT ( 'NONE',  ( -4.760000000000002451, -7.249999999999999112, 3.890000000000000568 ) ) ;
#4478 = DIRECTION ( 'NONE',  ( 0.000000000000000000, 1.000000000000000000, -0.000000000000000000 ) ) ;
#4479 = CARTESIAN_POINT ( 'NONE',  ( 1.436666666666664316, 0.6499999999999999112, 0.4000000000000001332 ) ) ;
#4480 = ORIENTED_EDGE ( 'NONE', *, *, #2436, .F. ) ;
#4481 = CARTESIAN_POINT ( 'NONE',  ( 5.335631973283891050, -0.9181692081984220710, 0.000000000000000000 ) ) ;
#4482 = VERTEX_POINT ( 'NONE', #4266 ) ;
#4483 = DIRECTION ( 'NONE',  ( 0.000000000000000000, 1.000000000000000000, 6.938893903907229610E-17 ) ) ;
#4484 = CARTESIAN_POINT ( 'NONE',  ( 4.759999999999998899, -7.049999999999999822, 3.450000000000000622 ) ) ;
#4485 = EDGE_CURVE ( 'NONE', #9888, #918, #3617, .T. ) ;
#4486 = DIRECTION ( 'NONE',  ( 0.000000000000000000, 0.000000000000000000, 1.000000000000000000 ) ) ;
#4487 = DIRECTION ( 'NONE',  ( 0.000000000000000000, 1.000000000000000000, 1.088556398077815828E-16 ) ) ;
#4488 = EDGE_LOOP ( 'NONE', ( #8938, #399, #5927, #5402, #4239, #10225 ) ) ;
#4489 = FACE_BOUND ( 'NONE', #4671, .T. ) ;
#4490 =( NAMED_UNIT ( * ) PLANE_ANGLE_UNIT ( ) SI_UNIT ( $, .RADIAN. ) );
#4491 = FILL_AREA_STYLE ('',( #4547 ) ) ;
#4492 = SURFACE_STYLE_FILL_AREA ( #9420 ) ;
#4493 = CARTESIAN_POINT ( 'NONE',  ( 5.411514847965383623, -0.6335615953910909148, 0.1000000000000000056 ) ) ;
#4494 = ORIENTED_EDGE ( 'NONE', *, *, #1662, .T. ) ;
#4495 = CARTESIAN_POINT ( 'NONE',  ( -4.760000000000002451, 3.109999999999999876, 1.349999999999999645 ) ) ;
#4496 = CARTESIAN_POINT ( 'NONE',  ( -0.3200000000000017830, -7.249999999999999112, 1.110000000000000098 ) ) ;
#4497 = CARTESIAN_POINT ( 'NONE',  ( 5.479232113821020711, -0.07261031842396588332, 0.1000000000000000056 ) ) ;
#4498 = DIRECTION ( 'NONE',  ( 0.000000000000000000, -1.000000000000000000, 1.628629872832303439E-16 ) ) ;
#4499 = EDGE_CURVE ( 'NONE', #4560, #8516, #7629, .T. ) ;
#4500 = VECTOR ( 'NONE', #9896, 1000.000000000000000 ) ;
#4501 = PLANE ( 'NONE',  #5575 ) ;
#4502 = VERTEX_POINT ( 'NONE', #11 ) ;
#4503 = VERTEX_POINT ( 'NONE', #10087 ) ;
#4504 = DIRECTION ( 'NONE',  ( 0.000000000000000000, 1.000000000000000000, 9.035018104045870694E-17 ) ) ;
#4505 = ORIENTED_EDGE ( 'NONE', *, *, #7804, .F. ) ;
#4506 = SURFACE_STYLE_FILL_AREA ( #2149 ) ;
#4507 = ORIENTED_EDGE ( 'NONE', *, *, #9009, .F. ) ;
#4508 = COLOUR_RGB ( '',0.1490196078431372528, 0.1490196078431372528, 0.1490196078431372528 ) ;
#4509 = CARTESIAN_POINT ( 'NONE',  ( 5.472122007541204702, -0.009083867949260584010, -0.000000000000000000 ) ) ;
#4510 = ORIENTED_EDGE ( 'NONE', *, *, #3642, .F. ) ;
#4511 = ADVANCED_FACE ( 'NONE', ( #3447 ), #10200, .F. ) ;
#4512 = PLANE ( 'NONE',  #1524 ) ;
#4513 = CARTESIAN_POINT ( 'NONE',  ( 5.147839165735074829, 0.09593393900972939370, 0.000000000000000000 ) ) ;
#4514 = VECTOR ( 'NONE', #9303, 1000.000000000000000 ) ;
#4515 = DIRECTION ( 'NONE',  ( -0.000000000000000000, 0.000000000000000000, -1.000000000000000000 ) ) ;
#4516 = EDGE_CURVE ( 'NONE', #7039, #1783, #476, .T. ) ;
#4517 = ORIENTED_EDGE ( 'NONE', *, *, #2590, .T. ) ;
#4518 = CARTESIAN_POINT ( 'NONE',  ( 5.391070031573264032, 0.05567907485471572382, 0.000000000000000000 ) ) ;
#4519 = LINE ( 'NONE', #379, #4379 ) ;
#4520 = ORIENTED_EDGE ( 'NONE', *, *, #6340, .T. ) ;
#4521 = EDGE_CURVE ( 'NONE', #9551, #1088, #4314, .T. ) ;
#4522 = ORIENTED_EDGE ( 'NONE', *, *, #1016, .T. ) ;
#4523 = DIRECTION ( 'NONE',  ( 0.000000000000000000, -0.7071067811865475727, 0.7071067811865475727 ) ) ;
#4524 = VECTOR ( 'NONE', #3081, 1000.000000000000000 ) ;
#4525 = VECTOR ( 'NONE', #2744, 1000.000000000000000 ) ;
#4526 = FACE_OUTER_BOUND ( 'NONE', #3858, .T. ) ;
#4527 = LINE ( 'NONE', #328, #4583 ) ;
#4528 = CARTESIAN_POINT ( 'NONE',  ( 2.219999999999997975, 2.909999999999998366, 1.550000000000000933 ) ) ;
#4529 = VECTOR ( 'NONE', #907, 1000.000000000000000 ) ;
#4530 =( NAMED_UNIT ( * ) SI_UNIT ( $, .STERADIAN. ) SOLID_ANGLE_UNIT ( ) );
#4531 = VECTOR ( 'NONE', #8407, 1000.000000000000000 ) ;
#4532 = CARTESIAN_POINT ( 'NONE',  ( 5.183139533668054355, 0.07312576999192177407, 0.000000000000000000 ) ) ;
#4533 = ORIENTED_EDGE ( 'NONE', *, *, #5933, .F. ) ;
#4534 = CARTESIAN_POINT ( 'NONE',  ( 5.407445274586963002, -0.8683958644328906296, 0.000000000000000000 ) ) ;
#4535 = VERTEX_POINT ( 'NONE', #7678 ) ;
#4536 = CARTESIAN_POINT ( 'NONE',  ( 5.136830818633622009, -0.9095709344087951065, 0.000000000000000000 ) ) ;
#4537 = CARTESIAN_POINT ( 'NONE',  ( -2.220000000000002416, 0.6499999999999999112, 1.550000000000000933 ) ) ;
#4538 = DIRECTION ( 'NONE',  ( 0.000000000000000000, 1.000000000000000000, 6.938893903907229610E-17 ) ) ;
#4539 = CARTESIAN_POINT ( 'NONE',  ( -0.3200000000000017830, 0.6499999999999995781, 3.450000000000000622 ) ) ;
#4540 = VECTOR ( 'NONE', #6250, 1000.000000000000000 ) ;
#4541 = VECTOR ( 'NONE', #3250, 1000.000000000000000 ) ;
#4542 = AXIS2_PLACEMENT_3D ( 'NONE', #8612, #9316, #63 ) ;
#4543 = ORIENTED_EDGE ( 'NONE', *, *, #5132, .F. ) ;
#4544 = CARTESIAN_POINT ( 'NONE',  ( 2.859999999999998099, -7.049999999999999822, 1.550000000000000044 ) ) ;
#4545 = EDGE_CURVE ( 'NONE', #4940, #2467, #4953, .T. ) ;
#4546 = DIRECTION ( 'NONE',  ( 0.000000000000000000, -1.000000000000000000, 1.628629872832303193E-16 ) ) ;
#4547 = FILL_AREA_STYLE_COLOUR ( '', #2899 ) ;
#4548 = CARTESIAN_POINT ( 'NONE',  ( 6.349999999999996980, 1.249999999999999778, 0.4000000000000001887 ) ) ;
#4549 = CARTESIAN_POINT ( 'NONE',  ( 5.399999999999998579, 0.6499999999999999112, 0.4000000000000001332 ) ) ;
#4550 = CARTESIAN_POINT ( 'NONE',  ( 5.137697514521827102, -0.8490130866626018902, -0.000000000000000000 ) ) ;
#4551 = ORIENTED_EDGE ( 'NONE', *, *, #8748, .T. ) ;
#4552 = CARTESIAN_POINT ( 'NONE',  ( 0.3199999999999982858, -7.049999999999999822, 0.9100000000000000311 ) ) ;
#4553 = STYLED_ITEM ( 'NONE', ( #2042 ), #8289 ) ;
#4554 = CARTESIAN_POINT ( 'NONE',  ( 5.490201260830400720, -0.7430002292695131461, 0.1000000000000000056 ) ) ;
#4555 = CARTESIAN_POINT ( 'NONE',  ( 5.131201923076922355, 0.002564102564102757088, 0.000000000000000000 ) ) ;
#4556 = CARTESIAN_POINT ( 'NONE',  ( 5.474579196609129284, -0.02270199459087462665, 0.000000000000000000 ) ) ;
#4557 = CARTESIAN_POINT ( 'NONE',  ( 0.3199999999999982858, 2.269999999999999130, 0.7099999999999985212 ) ) ;
#4558 = VERTEX_POINT ( 'NONE', #5099 ) ;
#4559 = VECTOR ( 'NONE', #2991, 1000.000000000000000 ) ;
#4560 = VERTEX_POINT ( 'NONE', #1890 ) ;
#4561 = CARTESIAN_POINT ( 'NONE',  ( 5.172124935671568835, -0.6093251480102895856, 0.1000000000000000056 ) ) ;
#4562 = ORIENTED_EDGE ( 'NONE', *, *, #827, .T. ) ;
#4563 = PRESENTATION_LAYER_ASSIGNMENT (  '', '', ( #1558 ) ) ;
#4564 =( LENGTH_UNIT ( ) NAMED_UNIT ( * ) SI_UNIT ( .MILLI., .METRE. ) );
#4565 = ORIENTED_EDGE ( 'NONE', *, *, #10212, .T. ) ;
#4566 = CARTESIAN_POINT ( 'NONE',  ( 5.438974358974357770, -0.4551282051282050101, 0.1000000000000000056 ) ) ;
#4567 = CARTESIAN_POINT ( 'NONE',  ( 5.399999999999998579, 5.209999999999999076, -3.000000000000000000 ) ) ;
#4568 = PRESENTATION_STYLE_ASSIGNMENT (( #372 ) ) ;
#4569 = VECTOR ( 'NONE', #5898, 1000.000000000000000 ) ;
#4570 = ADVANCED_FACE ( 'NONE', ( #1789 ), #8451, .F. ) ;
#4571 = PLANE ( 'NONE',  #3494 ) ;
#4572 = ORIENTED_EDGE ( 'NONE', *, *, #3299, .F. ) ;
#4573 = ORIENTED_EDGE ( 'NONE', *, *, #4372, .F. ) ;
#4574 = ORIENTED_EDGE ( 'NONE', *, *, #2502, .T. ) ;
#4575 = CARTESIAN_POINT ( 'NONE',  ( 2.219999999999997975, -1.250000000000001998, 4.090000000000000746 ) ) ;
#4576 = MECHANICAL_DESIGN_GEOMETRIC_PRESENTATION_REPRESENTATION (  '', ( #5105 ), #7365 ) ;
#4577 = EDGE_CURVE ( 'NONE', #4402, #950, #8823, .T. ) ;
#4578 = AXIS2_PLACEMENT_3D ( 'NONE', #8326, #4139, #6026 ) ;
#4579 = DIRECTION ( 'NONE',  ( 1.000000000000000000, -0.000000000000000000, -0.000000000000000000 ) ) ;
#4580 = VERTEX_POINT ( 'NONE', #8063 ) ;
#4581 = AXIS2_PLACEMENT_3D ( 'NONE', #9752, #529, #4781 ) ;
#4582 = VECTOR ( 'NONE', #3805, 1000.000000000000000 ) ;
#4583 = VECTOR ( 'NONE', #3723, 1000.000000000000114 ) ;
#4584 = CARTESIAN_POINT ( 'NONE',  ( 5.449230769230768878, -0.7498397435897438124, 0.1000000000000000056 ) ) ;
#4585 = EDGE_LOOP ( 'NONE', ( #8831, #2193, #1360, #8906 ) ) ;
#4586 = CARTESIAN_POINT ( 'NONE',  ( 5.080049131518341810, -0.06372673128100585227, -1.355252715606880543E-17 ) ) ;
#4587 = EDGE_CURVE ( 'NONE', #7255, #2279, #2008, .T. ) ;
#4588 = PRESENTATION_STYLE_ASSIGNMENT (( #1215 ) ) ;
#4589 = EDGE_CURVE ( 'NONE', #918, #560, #7015, .T. ) ;
#4590 =( NAMED_UNIT ( * ) SI_UNIT ( $, .STERADIAN. ) SOLID_ANGLE_UNIT ( ) );
#4591 = LINE ( 'NONE', #8858, #1898 ) ;
#4592 = CARTESIAN_POINT ( 'NONE',  ( 4.759999999999998899, 2.469999999999999307, -2.799999999999999822 ) ) ;
#4593 = EDGE_CURVE ( 'NONE', #2685, #2995, #7125, .T. ) ;
#4594 = VECTOR ( 'NONE', #1823, 1000.000000000000000 ) ;
#4595 = CARTESIAN_POINT ( 'NONE',  ( 0.3199999999999982303, 0.6499999999999999112, 0.4000000000000001332 ) ) ;
#4596 = CARTESIAN_POINT ( 'NONE',  ( -2.860000000000001652, 0.6499999999999978018, 4.090000000000001634 ) ) ;
#4597 = FACE_OUTER_BOUND ( 'NONE', #9442, .T. ) ;
#4598 = CARTESIAN_POINT ( 'NONE',  ( 5.270595485729828944, 0.09864352210191310033, -0.000000000000000000 ) ) ;
#4599 = LINE ( 'NONE', #5254, #8082 ) ;
#4600 = ORIENTED_EDGE ( 'NONE', *, *, #5469, .F. ) ;
#4601 = CARTESIAN_POINT ( 'NONE',  ( 5.431904293782863213, -0.8294835442768578870, 0.000000000000000000 ) ) ;
#4602 = ORIENTED_EDGE ( 'NONE', *, *, #6208, .T. ) ;
#4603 = CARTESIAN_POINT ( 'NONE',  ( 2.859999999999998099, -7.249999999999999112, 1.110000000000000098 ) ) ;
#4604 = LINE ( 'NONE', #7955, #3456 ) ;
#4605 = CARTESIAN_POINT ( 'NONE',  ( 5.198456167860530996, -0.9073052589734794671, 0.1000000000000000056 ) ) ;
#4606 = CARTESIAN_POINT ( 'NONE',  ( -2.860000000000002096, 0.6499999999999999112, 0.4000000000000001332 ) ) ;
#4607 = EDGE_CURVE ( 'NONE', #10171, #1453, #1234, .T. ) ;
#4608 = ORIENTED_EDGE ( 'NONE', *, *, #323, .F. ) ;
#4609 = DIRECTION ( 'NONE',  ( 1.000000000000000000, -0.000000000000000000, -0.000000000000000000 ) ) ;
#4611 = EDGE_CURVE ( 'NONE', #10665, #10492, #10367, .T. ) ;
#4610 = CARTESIAN_POINT ( 'NONE',  ( 5.399999999999998579, 2.269999999999997797, 0.9099999999999984768 ) ) ;
#4612 = DIRECTION ( 'NONE',  ( -1.000000000000000000, -0.000000000000000000, -0.000000000000000000 ) ) ;
#4613 = LINE ( 'NONE', #6311, #2451 ) ;
#4614 = CARTESIAN_POINT ( 'NONE',  ( 5.397988793838613297, -0.6183397719650519653, 0.1000000000000000056 ) ) ;
#4615 = EDGE_LOOP ( 'NONE', ( #1938, #5301, #576, #6942 ) ) ;
#4616 = LINE ( 'NONE', #7086, #9476 ) ;
#4617 = DIRECTION ( 'NONE',  ( 1.000000000000000000, 0.000000000000000000, -0.000000000000000000 ) ) ;
#4618 = PLANE ( 'NONE',  #9609 ) ;
#4619 = FACE_OUTER_BOUND ( 'NONE', #591, .T. ) ;
#4620 = DIRECTION ( 'NONE',  ( 0.000000000000000000, 0.000000000000000000, -1.000000000000000000 ) ) ;
#4621 = EDGE_CURVE ( 'NONE', #6597, #7039, #2855, .T. ) ;
#4622 = DIRECTION ( 'NONE',  ( 0.000000000000000000, -0.7071067811865474617, -0.7071067811865474617 ) ) ;
#4623 = EDGE_LOOP ( 'NONE', ( #6923, #1916, #5973, #3411 ) ) ;
#4624 = ORIENTED_EDGE ( 'NONE', *, *, #8845, .T. ) ;
#4625 = ORIENTED_EDGE ( 'NONE', *, *, #9258, .F. ) ;
#4626 = EDGE_LOOP ( 'NONE', ( #10424, #164, #7897, #6299 ) ) ;
#4627 = CARTESIAN_POINT ( 'NONE',  ( 5.437464914560824703, -0.07261092791905536525, 0.000000000000000000 ) ) ;
#4628 = CARTESIAN_POINT ( 'NONE',  ( -3.810000000000000941, 1.250000000000000222, 0.6000000000000001998 ) ) ;
#4629 = CARTESIAN_POINT ( 'NONE',  ( -5.400000000000002132, 2.469999999999999307, 0.7099999999999970779 ) ) ;
#4630 = EDGE_CURVE ( 'NONE', #8674, #9004, #3890, .T. ) ;
#4631 = CARTESIAN_POINT ( 'NONE',  ( 5.399999999999998579, -7.249999999999999112, 3.890000000000000568 ) ) ;
#4632 = ORIENTED_EDGE ( 'NONE', *, *, #5616, .T. ) ;
#4633 = ORIENTED_EDGE ( 'NONE', *, *, #10148, .T. ) ;
#4634 = VERTEX_POINT ( 'NONE', #2905 ) ;
#4635 = LINE ( 'NONE', #3810, #5630 ) ;
#4636 = LINE ( 'NONE', #6345, #3872 ) ;
#4637 = ORIENTED_EDGE ( 'NONE', *, *, #10460, .F. ) ;
#4638 = DIRECTION ( 'NONE',  ( 0.6401843996644789314, 0.000000000000000000, 0.7682212795973766273 ) ) ;
#4639 = EDGE_LOOP ( 'NONE', ( #2955, #7287, #1435, #3076, #9503, #7817 ) ) ;
#4640 = FILL_AREA_STYLE_COLOUR ( '', #9600 ) ;
#4641 = UNCERTAINTY_MEASURE_WITH_UNIT (LENGTH_MEASURE( 1.000000000000000082E-05 ), #4564, 'distance_accuracy_value', 'NONE');
#4642 = DIRECTION ( 'NONE',  ( 0.000000000000000000, 0.000000000000000000, 1.000000000000000000 ) ) ;
#4643 =( NAMED_UNIT ( * ) PLANE_ANGLE_UNIT ( ) SI_UNIT ( $, .RADIAN. ) );
#4644 = LINE ( 'NONE', #9731, #6510 ) ;
#4645 = EDGE_CURVE ( 'NONE', #5139, #1138, #8767, .T. ) ;
#4646 = DIRECTION ( 'NONE',  ( -0.6401843996644789314, 0.000000000000000000, -0.7682212795973766273 ) ) ;
#4647 = DIRECTION ( 'NONE',  ( 0.000000000000000000, -0.7071067811865474617, 0.7071067811865474617 ) ) ;
#4648 = DIRECTION ( 'NONE',  ( 0.000000000000000000, -1.000000000000000000, 1.628629872832303193E-16 ) ) ;
#4649 = CARTESIAN_POINT ( 'NONE',  ( 2.219999999999997975, -7.049999999999999822, 4.090000000000000746 ) ) ;
#4650 = ORIENTED_EDGE ( 'NONE', *, *, #8001, .T. ) ;
#4651 = ADVANCED_FACE ( 'NONE', ( #7902 ), #5429, .T. ) ;
#4652 = PLANE ( 'NONE',  #8261 ) ;
#4653 = FACE_OUTER_BOUND ( 'NONE', #8370, .T. ) ;
#4654 = CARTESIAN_POINT ( 'NONE',  ( 5.137697514521827102, -0.8490130866626018902, 0.1000000000000000056 ) ) ;
#4655 = DIRECTION ( 'NONE',  ( 0.000000000000000000, -0.7071067811865467956, -0.7071067811865483499 ) ) ;
#4656 = VERTEX_POINT ( 'NONE', #1169 ) ;
#4657 = LINE ( 'NONE', #9746, #4050 ) ;
#4658 = FACE_OUTER_BOUND ( 'NONE', #10816, .T. ) ;
#4659 = EDGE_CURVE ( 'NONE', #375, #1712, #8216, .T. ) ;
#4660 = CARTESIAN_POINT ( 'NONE',  ( -5.400000000000002132, -1.249999999999999778, 5.000000000000000000 ) ) ;
#4661 = CARTESIAN_POINT ( 'NONE',  ( 2.219999999999997975, 2.669999999999999041, -3.000000000000000000 ) ) ;
#4662 = CARTESIAN_POINT ( 'NONE',  ( -0.3200000000000017830, 5.449999999999999289, 4.090000000000001634 ) ) ;
#4663 = CYLINDRICAL_SURFACE ( 'NONE', #6687, 0.2000000000000000944 ) ;
#4664 = ORIENTED_EDGE ( 'NONE', *, *, #6538, .T. ) ;
#4665 = FILL_AREA_STYLE_COLOUR ( '', #8435 ) ;
#4666 = EDGE_CURVE ( 'NONE', #1447, #584, #2178, .T. ) ;
#4667 = CARTESIAN_POINT ( 'NONE',  ( 5.422996118622351425, -0.6501812355251401776, -0.000000000000000000 ) ) ;
#4668 = CARTESIAN_POINT ( 'NONE',  ( -5.400000000000002132, -1.250000000000000222, 1.550000000000000488 ) ) ;
#4669 = CARTESIAN_POINT ( 'NONE',  ( 2.219999999999997975, -7.249999999999999112, 3.890000000000000568 ) ) ;
#4670 = VERTEX_POINT ( 'NONE', #4539 ) ;
#4671 = EDGE_LOOP ( 'NONE', ( #1709, #1528, #5059, #10362, #9338, #5005 ) ) ;
#4672 = LINE ( 'NONE', #7810, #1876 ) ;
#4673 = ORIENTED_EDGE ( 'NONE', *, *, #1814, .T. ) ;
#4674 = DIRECTION ( 'NONE',  ( 0.000000000000000000, -1.000000000000000000, 0.000000000000000000 ) ) ;
#4675 = ORIENTED_EDGE ( 'NONE', *, *, #5797, .T. ) ;
#4676 = LINE ( 'NONE', #8033, #10365 ) ;
#4677 = CARTESIAN_POINT ( 'NONE',  ( -5.400000000000002132, -7.049999999999999822, 3.450000000000000622 ) ) ;
#4678 = LINE ( 'NONE', #2254, #3187 ) ;
#4679 = CARTESIAN_POINT ( 'NONE',  ( 3.809999999999999165, -1.249999999999999778, 4.400000000000000355 ) ) ;
#4680 = ORIENTED_EDGE ( 'NONE', *, *, #5046, .T. ) ;
#4681 = ORIENTED_EDGE ( 'NONE', *, *, #6263, .F. ) ;
#4682 = ORIENTED_EDGE ( 'NONE', *, *, #4924, .T. ) ;
#4683 = FILL_AREA_STYLE_COLOUR ( '', #9107 ) ;
#4684 = EDGE_CURVE ( 'NONE', #1445, #3650, #9532, .T. ) ;
#4685 = PRESENTATION_LAYER_ASSIGNMENT (  '', '', ( #2756 ) ) ;
#4686 = CARTESIAN_POINT ( 'NONE',  ( 5.399999999999998579, 3.109999999999998987, -2.799999999999999822 ) ) ;
#4687 = ORIENTED_EDGE ( 'NONE', *, *, #4645, .T. ) ;
#4688 = EDGE_LOOP ( 'NONE', ( #6425, #5340, #5916, #303 ) ) ;
#4689 = DIRECTION ( 'NONE',  ( 1.000000000000000000, 0.000000000000000000, -0.000000000000000000 ) ) ;
#4690 = FACE_OUTER_BOUND ( 'NONE', #6453, .T. ) ;
#4691 = DIRECTION ( 'NONE',  ( 0.7682212795973761832, -0.000000000000000000, 0.6401843996644795975 ) ) ;
#4692 = VECTOR ( 'NONE', #2166, 1000.000000000000114 ) ;
#4693 = CARTESIAN_POINT ( 'NONE',  ( 2.859999999999998099, -7.249999999999999112, 1.110000000000000098 ) ) ;
#4694 = COLOUR_RGB ( '',0.1490196078431372528, 0.1490196078431372528, 0.1490196078431372528 ) ;
#4695 = DIRECTION ( 'NONE',  ( 0.6401843996644795975, 0.000000000000000000, 0.7682212795973760722 ) ) ;
#4696 = VECTOR ( 'NONE', #5309, 1000.000000000000000 ) ;
#4697 = DIRECTION ( 'NONE',  ( 0.000000000000000000, 0.000000000000000000, 1.000000000000000000 ) ) ;
#4698 = EDGE_CURVE ( 'NONE', #3750, #10825, #7185, .T. ) ;
#4699 = ORIENTED_EDGE ( 'NONE', *, *, #2410, .T. ) ;
#4700 =( LENGTH_UNIT ( ) NAMED_UNIT ( * ) SI_UNIT ( .MILLI., .METRE. ) );
#4701 = CARTESIAN_POINT ( 'NONE',  ( 5.139695512820511958, -0.9120993589743592311, 0.000000000000000000 ) ) ;
#4702 = LINE ( 'NONE', #10585, #7667 ) ;
#4703 = CARTESIAN_POINT ( 'NONE',  ( 5.121374626678329989, 0.07194278767419612364, 0.1000000000000000056 ) ) ;
#4704 = CARTESIAN_POINT ( 'NONE',  ( -6.350000000000002309, -1.249999999999999778, 1.550000000000000488 ) ) ;
#4705 = PRESENTATION_LAYER_ASSIGNMENT (  '', '', ( #5930 ) ) ;
#4706 = VECTOR ( 'NONE', #9697, 1000.000000000000000 ) ;
#4707 = ORIENTED_EDGE ( 'NONE', *, *, #3024, .F. ) ;
#4708 = VECTOR ( 'NONE', #3824, 1000.000000000000000 ) ;
#4709 = DIRECTION ( 'NONE',  ( -0.000000000000000000, -0.000000000000000000, -1.000000000000000000 ) ) ;
#4710 = CARTESIAN_POINT ( 'NONE',  ( 5.079999999999999183, -0.4910256410256409465, 0.1000000000000000056 ) ) ;
#4711 = EDGE_CURVE ( 'NONE', #6763, #2575, #10535, .T. ) ;
#4712 = CARTESIAN_POINT ( 'NONE',  ( -2.860000000000001652, -7.049999999999999822, 0.9100000000000000311 ) ) ;
#4713 = CARTESIAN_POINT ( 'NONE',  ( 5.262011554768085020, -0.9623869201760277825, 0.000000000000000000 ) ) ;
#4714 = DIRECTION ( 'NONE',  ( 0.6401843996644802637, 0.000000000000000000, -0.7682212795973755171 ) ) ;
#4715 = EDGE_CURVE ( 'NONE', #3064, #10664, #3014, .T. ) ;
#4716 = ORIENTED_EDGE ( 'NONE', *, *, #7780, .F. ) ;
#4717 = LINE ( 'NONE', #6530, #10547 ) ;
#4718 = ORIENTED_EDGE ( 'NONE', *, *, #3924, .T. ) ;
#4719 = LINE ( 'NONE', #4975, #3710 ) ;
#4720 = STYLED_ITEM ( 'NONE', ( #10073 ), #4827 ) ;
#4721 = CARTESIAN_POINT ( 'NONE',  ( 5.427919441929965672, -0.6590345879555552511, 0.000000000000000000 ) ) ;
#4722 = VECTOR ( 'NONE', #8227, 1000.000000000000000 ) ;
#4723 = CARTESIAN_POINT ( 'NONE',  ( 5.145154560183359926, 0.03350355730356149170, 0.000000000000000000 ) ) ;
#4724 = CARTESIAN_POINT ( 'NONE',  ( 5.354427606874599732, 0.1223057850190015922, 0.1000000000000000056 ) ) ;
#4725 = EDGE_CURVE ( 'NONE', #3773, #10855, #1552, .T. ) ;
#4726 = VECTOR ( 'NONE', #7062, 1000.000000000000000 ) ;
#4727 = EDGE_CURVE ( 'NONE', #5041, #3902, #3989, .T. ) ;
#4728 = LINE ( 'NONE', #1571, #10471 ) ;
#4729 = ORIENTED_EDGE ( 'NONE', *, *, #5884, .T. ) ;
#4730 = VERTEX_POINT ( 'NONE', #8327 ) ;
#4731 =( NAMED_UNIT ( * ) SI_UNIT ( $, .STERADIAN. ) SOLID_ANGLE_UNIT ( ) );
#4732 = COLOUR_RGB ( '',0.1490196078431372528, 0.1490196078431372528, 0.1490196078431372528 ) ;
#4733 = CARTESIAN_POINT ( 'NONE',  ( 5.399999999999998579, -7.049999999999999822, 4.090000000000000746 ) ) ;
#4734 = ORIENTED_EDGE ( 'NONE', *, *, #5733, .T. ) ;
#4735 = DIRECTION ( 'NONE',  ( 0.000000000000000000, 1.000000000000000000, 1.088556398077815951E-16 ) ) ;
#4736 = CARTESIAN_POINT ( 'NONE',  ( 5.315897435897435130, -0.4551282051282050101, 0.1000000000000000056 ) ) ;
#4737 = LINE ( 'NONE', #5723, #4063 ) ;
#4738 = VECTOR ( 'NONE', #5867, 1000.000000000000000 ) ;
#4739 = AXIS2_PLACEMENT_3D ( 'NONE', #10179, #6072, #4349 ) ;
#4740 = ADVANCED_FACE ( 'NONE', ( #8924 ), #5754, .F. ) ;
#4741 = SURFACE_SIDE_STYLE ('',( #10722 ) ) ;
#4742 = PRESENTATION_LAYER_ASSIGNMENT (  '', '', ( #4203 ) ) ;
#4743 = ORIENTED_EDGE ( 'NONE', *, *, #3315, .F. ) ;
#4744 = ORIENTED_EDGE ( 'NONE', *, *, #1418, .F. ) ;
#4745 = ORIENTED_EDGE ( 'NONE', *, *, #8337, .F. ) ;
#4746 = SURFACE_STYLE_USAGE ( .BOTH. , #9014 ) ;
#4747 = CARTESIAN_POINT ( 'NONE',  ( 2.219999999999997975, 2.269999999999999130, 0.7099999999999985212 ) ) ;
#4748 = ORIENTED_EDGE ( 'NONE', *, *, #7284, .T. ) ;
#4749 = VECTOR ( 'NONE', #37, 1000.000000000000000 ) ;
#4750 = DIRECTION ( 'NONE',  ( 1.000000000000000000, 0.000000000000000000, -0.000000000000000000 ) ) ;
#4751 = ORIENTED_EDGE ( 'NONE', *, *, #5487, .F. ) ;
#4752 = FACE_OUTER_BOUND ( 'NONE', #4906, .T. ) ;
#4753 = FILL_AREA_STYLE ('',( #4640 ) ) ;
#4754 = AXIS2_PLACEMENT_3D ( 'NONE', #3848, #6213, #533 ) ;
#4755 = CARTESIAN_POINT ( 'NONE',  ( -2.220000000000001972, -7.249999999999999112, 3.650000000000000799 ) ) ;
#4756 = CARTESIAN_POINT ( 'NONE',  ( 5.351181201936688225, 0.08314918100410916002, 0.000000000000000000 ) ) ;
#4757 = ADVANCED_FACE ( 'NONE', ( #1609 ), #3332, .F. ) ;
#4758 = ADVANCED_FACE ( 'NONE', ( #7452 ), #9962, .F. ) ;
#4759 = VECTOR ( 'NONE', #3454, 1000.000000000000000 ) ;
#4760 = DIRECTION ( 'NONE',  ( 0.6401843996644795975, 0.000000000000000000, 0.7682212795973760722 ) ) ;
#4761 = PRODUCT_DEFINITION_FORMATION_WITH_SPECIFIED_SOURCE ( 'ÈÎºÎ', '', #1099, .NOT_KNOWN. ) ;
#4762 = PRESENTATION_LAYER_ASSIGNMENT (  '', '', ( #7215 ) ) ;
#4763 = DIRECTION ( 'NONE',  ( -0.000000000000000000, -0.000000000000000000, -1.000000000000000000 ) ) ;
#4764 = AXIS2_PLACEMENT_3D ( 'NONE', #573, #2949, #10630 ) ;
#4765 = VECTOR ( 'NONE', #4646, 1000.000000000000114 ) ;
#4766 = CARTESIAN_POINT ( 'NONE',  ( 5.444493759490296902, -0.8859244636321144117, 0.000000000000000000 ) ) ;
#4767 = EDGE_LOOP ( 'NONE', ( #3135, #2017, #995, #8217, #5201, #6777 ) ) ;
#4768 = DIRECTION ( 'NONE',  ( 0.000000000000000000, -1.000000000000000000, 0.000000000000000000 ) ) ;
#4769 = CARTESIAN_POINT ( 'NONE',  ( 3.809999999999998277, -1.249999999999999778, 0.5999999999999998668 ) ) ;
#4770 = CARTESIAN_POINT ( 'NONE',  ( 5.260264834361282560, 0.1344018514682523979, 0.1000000000000000056 ) ) ;
#4771 = DIRECTION ( 'NONE',  ( 0.000000000000000000, 0.000000000000000000, 1.000000000000000000 ) ) ;
#4772 =( GEOMETRIC_REPRESENTATION_CONTEXT ( 3 ) GLOBAL_UNCERTAINTY_ASSIGNED_CONTEXT ( ( #10347 ) ) GLOBAL_UNIT_ASSIGNED_CONTEXT ( ( #4700, #3222, #9739 ) ) REPRESENTATION_CONTEXT ( 'NONE', 'WORKASPACE' ) );
#4773 = ORIENTED_EDGE ( 'NONE', *, *, #998, .F. ) ;
#4774 = DIRECTION ( 'NONE',  ( 0.000000000000000000, 1.000000000000000000, 0.000000000000000000 ) ) ;
#4775 = DIRECTION ( 'NONE',  ( -0.000000000000000000, 0.000000000000000000, -1.000000000000000000 ) ) ;
#4776 = CARTESIAN_POINT ( 'NONE',  ( 5.079999999999999183, -0.06963141025641007842, -0.000000000000000000 ) ) ;
#4777 = VERTEX_POINT ( 'NONE', #4044 ) ;
#4778 = CARTESIAN_POINT ( 'NONE',  ( 5.282323717948717245, -0.9628205128205130636, 0.000000000000000000 ) ) ;
#4779 = DIRECTION ( 'NONE',  ( 0.000000000000000000, -0.7071067811865467956, 0.7071067811865483499 ) ) ;
#4780 = ORIENTED_EDGE ( 'NONE', *, *, #6146, .F. ) ;
#4781 = DIRECTION ( 'NONE',  ( 0.000000000000000000, 0.000000000000000000, 1.000000000000000000 ) ) ;
#4782 = VERTEX_POINT ( 'NONE', #7341 ) ;
#4783 = CARTESIAN_POINT ( 'NONE',  ( 5.473557431640267090, -0.6582448659029132010, 0.000000000000000000 ) ) ;
#4784 = DIRECTION ( 'NONE',  ( -0.000000000000000000, 0.000000000000000000, -1.000000000000000000 ) ) ;
#4785 = EDGE_CURVE ( 'NONE', #9119, #10329, #2339, .T. ) ;
#4786 = LINE ( 'NONE', #9048, #801 ) ;
#4787 = CARTESIAN_POINT ( 'NONE',  ( 4.759999999999998899, -7.249999999999999112, 1.349999999999999867 ) ) ;
#4788 = ORIENTED_EDGE ( 'NONE', *, *, #9377, .T. ) ;
#4789 = EDGE_CURVE ( 'NONE', #9375, #5351, #2388, .T. ) ;
#4790 = CARTESIAN_POINT ( 'NONE',  ( -5.400000000000002132, 2.269999999999997797, 0.9099999999999984768 ) ) ;
#4791 = EDGE_LOOP ( 'NONE', ( #2281, #3582, #4292, #2665 ) ) ;
#4792 = DIRECTION ( 'NONE',  ( 0.000000000000000000, 1.000000000000000000, -0.000000000000000000 ) ) ;
#4793 = CARTESIAN_POINT ( 'NONE',  ( 5.208205128205127821, 0.4672275641025644410, 0.1000000000000000056 ) ) ;
#4794 = ADVANCED_FACE ( 'NONE', ( #10119 ), #6075, .F. ) ;
#4795 = DIRECTION ( 'NONE',  ( 0.000000000000000000, 0.000000000000000000, 1.000000000000000000 ) ) ;
#4796 = ORIENTED_EDGE ( 'NONE', *, *, #9397, .T. ) ;
#4797 = VERTEX_POINT ( 'NONE', #2669 ) ;
#4798 = EDGE_CURVE ( 'NONE', #201, #8631, #8434, .T. ) ;
#4799 = ORIENTED_EDGE ( 'NONE', *, *, #4378, .F. ) ;
#4800 = DIRECTION ( 'NONE',  ( 0.000000000000000000, -1.000000000000000000, 0.000000000000000000 ) ) ;
#4801 = ADVANCED_FACE ( 'NONE', ( #7721 ), #7566, .T. ) ;
#4802 = CARTESIAN_POINT ( 'NONE',  ( 5.308399552750844741, 0.1327768189613576510, 0.1000000000000000056 ) ) ;
#4803 = EDGE_LOOP ( 'NONE', ( #7696, #6279, #7158, #7682 ) ) ;
#4804 = CARTESIAN_POINT ( 'NONE',  ( 1.103333333333333721, 1.249999999999999778, 4.599999999999999645 ) ) ;
#4805 = VERTEX_POINT ( 'NONE', #5962 ) ;
#4806 = DIRECTION ( 'NONE',  ( 0.000000000000000000, -0.7071067811865467956, 0.7071067811865483499 ) ) ;
#4807 = CARTESIAN_POINT ( 'NONE',  ( 0.3199999999999982858, 2.909999999999998810, -3.000000000000000000 ) ) ;
#4808 = ADVANCED_FACE ( 'NONE', ( #2719 ), #10909, .F. ) ;
#4809 = CARTESIAN_POINT ( 'NONE',  ( 5.315354223906388675, 0.09497880462014705871, 0.000000000000000000 ) ) ;
#4810 = DIRECTION ( 'NONE',  ( 0.000000000000000000, 0.000000000000000000, -1.000000000000000000 ) ) ;
#4811 = CARTESIAN_POINT ( 'NONE',  ( -6.350000000000002309, -1.249999999999999778, 5.000000000000000000 ) ) ;
#4812 = SURFACE_STYLE_USAGE ( .BOTH. , #3318 ) ;
#4813 = PLANE ( 'NONE',  #134 ) ;
#4814 = CARTESIAN_POINT ( 'NONE',  ( 5.486838620289989699, -0.7917315878344812763, 0.1000000000000000056 ) ) ;
#4815 = ORIENTED_EDGE ( 'NONE', *, *, #7017, .F. ) ;
#4816 = VERTEX_POINT ( 'NONE', #4417 ) ;
#4817 = CARTESIAN_POINT ( 'NONE',  ( 5.121587067276311522, -0.07424522713192008294, 0.000000000000000000 ) ) ;
#4818 = DIRECTION ( 'NONE',  ( 0.000000000000000000, 0.000000000000000000, 1.000000000000000000 ) ) ;
#4819 = CARTESIAN_POINT ( 'NONE',  ( 5.274951923076922178, 0.1346153846153848310, 0.1000000000000000056 ) ) ;
#4820 = DIRECTION ( 'NONE',  ( -0.6401843996644794865, 0.000000000000000000, -0.7682212795973760722 ) ) ;
#4821 = EDGE_LOOP ( 'NONE', ( #3403, #391, #4900, #6514 ) ) ;
#4822 = CARTESIAN_POINT ( 'NONE',  ( -2.860000000000001652, 5.649999999999999467, -2.799999999999999822 ) ) ;
#4823 = PRESENTATION_STYLE_ASSIGNMENT (( #6466 ) ) ;
#4824 = FACE_OUTER_BOUND ( 'NONE', #5323, .T. ) ;
#4825 = LINE ( 'NONE', #8994, #8224 ) ;
#4826 = DIRECTION ( 'NONE',  ( -0.000000000000000000, 0.000000000000000000, -1.000000000000000000 ) ) ;
#4827 = ADVANCED_FACE ( 'NONE', ( #2548 ), #6839, .F. ) ;
#4828 = ORIENTED_EDGE ( 'NONE', *, *, #7456, .F. ) ;
#4829 = DIRECTION ( 'NONE',  ( 0.000000000000000000, 0.000000000000000000, 1.000000000000000000 ) ) ;
#4830 = EDGE_LOOP ( 'NONE', ( #2356, #4565, #9231, #9353, #6822, #5240 ) ) ;
#4831 = LINE ( 'NONE', #8336, #8951 ) ;
#4832 = CARTESIAN_POINT ( 'NONE',  ( 5.236748515506392643, 0.09529007294977172304, 0.000000000000000000 ) ) ;
#4833 = CARTESIAN_POINT ( 'NONE',  ( 0.3199999999999982858, 5.009999999999999787, -2.799999999999999822 ) ) ;
#4834 = FILL_AREA_STYLE ('',( #4947 ) ) ;
#4835 = DIRECTION ( 'NONE',  ( -0.000000000000000000, -0.000000000000000000, -1.000000000000000000 ) ) ;
#4836 = ORIENTED_EDGE ( 'NONE', *, *, #9744, .F. ) ;
#4837 = CARTESIAN_POINT ( 'NONE',  ( -2.220000000000002416, -1.249999999999999778, 0.9099999999999993650 ) ) ;
#4838 = DIRECTION ( 'NONE',  ( 0.000000000000000000, 1.000000000000000000, 0.000000000000000000 ) ) ;
#4839 = ORIENTED_EDGE ( 'NONE', *, *, #3271, .T. ) ;
#4840 = DIRECTION ( 'NONE',  ( 1.000000000000000000, -0.000000000000000000, -0.000000000000000000 ) ) ;
#4841 = ADVANCED_FACE ( 'NONE', ( #6355 ), #7232, .F. ) ;
#4842 = LINE ( 'NONE', #6546, #5935 ) ;
#4843 = CARTESIAN_POINT ( 'NONE',  ( 5.080000000000000071, -0.06963141025641009230, -1.355252715606880543E-17 ) ) ;
#4844 = ORIENTED_EDGE ( 'NONE', *, *, #7920, .F. ) ;
#4845 = ORIENTED_EDGE ( 'NONE', *, *, #6208, .F. ) ;
#4846 = EDGE_CURVE ( 'NONE', #3463, #10272, #1217, .T. ) ;
#4847 = ORIENTED_EDGE ( 'NONE', *, *, #9595, .T. ) ;
#4848 = DIRECTION ( 'NONE',  ( 1.000000000000000000, -0.000000000000000000, -0.000000000000000000 ) ) ;
#4849 = FACE_OUTER_BOUND ( 'NONE', #2732, .T. ) ;
#4850 = ORIENTED_EDGE ( 'NONE', *, *, #4119, .F. ) ;
#4851 = EDGE_LOOP ( 'NONE', ( #8232, #8932, #8243, #5940 ) ) ;
#4852 = DIRECTION ( 'NONE',  ( 0.000000000000000000, 0.7071067811865483499, 0.7071067811865467956 ) ) ;
#4853 = LINE ( 'NONE', #7277, #2588 ) ;
#4854 = CARTESIAN_POINT ( 'NONE',  ( 5.426427600031455967, -0.002595901721861458046, 0.000000000000000000 ) ) ;
#4855 = CARTESIAN_POINT ( 'NONE',  ( -5.400000000000002132, 2.269999999999997797, 0.9099999999999984768 ) ) ;
#4856 = EDGE_CURVE ( 'NONE', #4424, #6059, #438, .T. ) ;
#4857 = CARTESIAN_POINT ( 'NONE',  ( 5.079999999999999183, -1.198717948717948678, -0.000000000000000000 ) ) ;
#4858 = VECTOR ( 'NONE', #9268, 1000.000000000000114 ) ;
#4859 = PRESENTATION_STYLE_ASSIGNMENT (( #4812 ) ) ;
#4860 = EDGE_CURVE ( 'NONE', #1643, #4870, #7170, .T. ) ;
#4861 = DIRECTION ( 'NONE',  ( 0.6401843996644794865, 0.000000000000000000, -0.7682212795973760722 ) ) ;
#4862 = DIRECTION ( 'NONE',  ( 0.000000000000000000, 0.000000000000000000, 1.000000000000000000 ) ) ;
#4863 = ORIENTED_EDGE ( 'NONE', *, *, #2023, .T. ) ;
#4864 = VERTEX_POINT ( 'NONE', #7831 ) ;
#4865 =( NAMED_UNIT ( * ) SI_UNIT ( $, .STERADIAN. ) SOLID_ANGLE_UNIT ( ) );
#4866 = AXIS2_PLACEMENT_3D ( 'NONE', #8857, #7060, #1324 ) ;
#4867 = CARTESIAN_POINT ( 'NONE',  ( 5.130359517952708615, -0.0003368413821132711962, 0.000000000000000000 ) ) ;
#4868 = CARTESIAN_POINT ( 'NONE',  ( 1.754590163934415026, 0.6499999999999999112, 4.229508196721308622 ) ) ;
#4869 = STYLED_ITEM ( 'NONE', ( #1791 ), #1132 ) ;
#4870 = VERTEX_POINT ( 'NONE', #5531 ) ;
#4871 = AXIS2_PLACEMENT_3D ( 'NONE', #7665, #8535, #5684 ) ;
#4872 = CARTESIAN_POINT ( 'NONE',  ( 0.3199999999999982858, 3.109999999999998987, -2.799999999999999822 ) ) ;
#4873 = DIRECTION ( 'NONE',  ( -1.000000000000000000, -0.000000000000000000, -0.000000000000000000 ) ) ;
#4874 = PLANE ( 'NONE',  #3314 ) ;
#4875 = CARTESIAN_POINT ( 'NONE',  ( -2.860000000000001652, -7.249999999999999112, 1.110000000000000098 ) ) ;
#4876 = CARTESIAN_POINT ( 'NONE',  ( 5.399183665890698869, 0.04696798473715609046, 0.1000000000000000056 ) ) ;
#4877 = ORIENTED_EDGE ( 'NONE', *, *, #2464, .T. ) ;
#4878 = CARTESIAN_POINT ( 'NONE',  ( 5.275478426526872155, -0.9626743901262690972, -0.000000000000000000 ) ) ;
#4879 = ORIENTED_EDGE ( 'NONE', *, *, #2623, .F. ) ;
#4880 = UNCERTAINTY_MEASURE_WITH_UNIT (LENGTH_MEASURE( 1.000000000000000082E-05 ), #2361, 'distance_accuracy_value', 'NONE');
#4881 = CARTESIAN_POINT ( 'NONE',  ( 5.409834673055296861, -0.5755265895929354558, 0.1000000000000000056 ) ) ;
#4882 = AXIS2_PLACEMENT_3D ( 'NONE', #5389, #10267, #7862 ) ;
#4883 = LINE ( 'NONE', #8235, #1002 ) ;
#4884 = AXIS2_PLACEMENT_3D ( 'NONE', #5640, #5529, #1323 ) ;
#4885 = EDGE_CURVE ( 'NONE', #10388, #3585, #7002, .T. ) ;
#4886 = CARTESIAN_POINT ( 'NONE',  ( -2.860000000000001652, 2.469999999999999307, 0.7099999999999970779 ) ) ;
#4887 = DIRECTION ( 'NONE',  ( -0.000000000000000000, -0.000000000000000000, -1.000000000000000000 ) ) ;
#4888 = CARTESIAN_POINT ( 'NONE',  ( 5.438974358974357770, -0.4551282051282050101, -0.000000000000000000 ) ) ;
#4889 = ORIENTED_EDGE ( 'NONE', *, *, #3377, .F. ) ;
#4890 = SURFACE_SIDE_STYLE ('',( #2230 ) ) ;
#4891 = AXIS2_PLACEMENT_3D ( 'NONE', #1124, #192, #7636 ) ;
#4892 = PRESENTATION_STYLE_ASSIGNMENT (( #6646 ) ) ;
#4893 = EDGE_LOOP ( 'NONE', ( #4522, #9762, #2513, #8040 ) ) ;
#4894 = VECTOR ( 'NONE', #3943, 1000.000000000000000 ) ;
#4895 =( NAMED_UNIT ( * ) PLANE_ANGLE_UNIT ( ) SI_UNIT ( $, .RADIAN. ) );
#4896 = DIRECTION ( 'NONE',  ( 1.000000000000000000, -0.000000000000000000, -0.000000000000000000 ) ) ;
#4897 = CARTESIAN_POINT ( 'NONE',  ( -0.3200000000000017830, 2.909999999999999698, 1.350000000000000977 ) ) ;
#4898 = AXIS2_PLACEMENT_3D ( 'NONE', #2492, #6889, #93 ) ;
#4899 = CARTESIAN_POINT ( 'NONE',  ( 5.136830818633622009, -0.9095709344087951065, -0.000000000000000000 ) ) ;
#4900 = ORIENTED_EDGE ( 'NONE', *, *, #2419, .T. ) ;
#4901 = ORIENTED_EDGE ( 'NONE', *, *, #3966, .T. ) ;
#4902 = ORIENTED_EDGE ( 'NONE', *, *, #6742, .T. ) ;
#4903 = SURFACE_SIDE_STYLE ('',( #10726 ) ) ;
#4904 = DIRECTION ( 'NONE',  ( 0.000000000000000000, 1.000000000000000000, 6.938893903907229610E-17 ) ) ;
#4905 = CARTESIAN_POINT ( 'NONE',  ( 5.354427606874599732, 0.1223057850190015922, 0.000000000000000000 ) ) ;
#4906 = EDGE_LOOP ( 'NONE', ( #546, #2205, #5156, #7145 ) ) ;
#4907 = CARTESIAN_POINT ( 'NONE',  ( 2.219999999999997975, 2.269999999999999130, 0.7099999999999985212 ) ) ;
#4908 = SURFACE_STYLE_FILL_AREA ( #764 ) ;
#4909 = VECTOR ( 'NONE', #2382, 1000.000000000000000 ) ;
#4910 = LINE ( 'NONE', #2428, #9953 ) ;
#4911 = VECTOR ( 'NONE', #10312, 1000.000000000000000 ) ;
#4912 = FACE_OUTER_BOUND ( 'NONE', #5124, .T. ) ;
#4913 = EDGE_CURVE ( 'NONE', #7255, #6444, #4591, .T. ) ;
#4914 = CARTESIAN_POINT ( 'NONE',  ( -6.350000000000002309, 1.250000000000000222, 0.5999999999999998668 ) ) ;
#4915 = EDGE_CURVE ( 'NONE', #8746, #9246, #8051, .T. ) ;
#4916 = DIRECTION ( 'NONE',  ( 7.529181753371540218E-17, 1.000000000000000000, 9.035018104045873159E-17 ) ) ;
#4917 = LINE ( 'NONE', #8056, #10333 ) ;
#4918 = AXIS2_PLACEMENT_3D ( 'NONE', #7880, #6123, #8807 ) ;
#4919 = EDGE_CURVE ( 'NONE', #9169, #4407, #7113, .T. ) ;
#4920 = VECTOR ( 'NONE', #6039, 1000.000000000000000 ) ;
#4921 = CYLINDRICAL_SURFACE ( 'NONE', #9461, 0.2000000000000000944 ) ;
#4922 = ORIENTED_EDGE ( 'NONE', *, *, #8672, .F. ) ;
#4923 = VECTOR ( 'NONE', #6950, 1000.000000000000114 ) ;
#4924 = EDGE_CURVE ( 'NONE', #2575, #6953, #2772, .T. ) ;
#4925 = CARTESIAN_POINT ( 'NONE',  ( 2.219999999999997975, 0.6499999999999999112, 0.4000000000000001332 ) ) ;
#4926 = PRESENTATION_STYLE_ASSIGNMENT (( #9857 ) ) ;
#4927 = CARTESIAN_POINT ( 'NONE',  ( 5.138336285532999703, 0.08836942432593405949, 0.1000000000000000056 ) ) ;
#4928 = ADVANCED_FACE ( 'NONE', ( #4526 ), #6131, .T. ) ;
#4929 = AXIS2_PLACEMENT_3D ( 'NONE', #7497, #1652, #3903 ) ;
#4930 = VECTOR ( 'NONE', #9878, 1000.000000000000000 ) ;
#4931 = VECTOR ( 'NONE', #10130, 1000.000000000000000 ) ;
#4932 = VECTOR ( 'NONE', #269, 1000.000000000000000 ) ;
#4933 = DIRECTION ( 'NONE',  ( 1.000000000000000000, -0.000000000000000000, -0.000000000000000000 ) ) ;
#4934 = CARTESIAN_POINT ( 'NONE',  ( 3.976666666666664796, 1.249999999999999778, 0.4000000000000001887 ) ) ;
#4935 = CARTESIAN_POINT ( 'NONE',  ( -0.3200000000000017830, 2.269999999999997797, 0.9099999999999984768 ) ) ;
#4936 = CARTESIAN_POINT ( 'NONE',  ( 5.315897435897435130, -0.2653846153846152189, 0.1000000000000000056 ) ) ;
#4937 = DIRECTION ( 'NONE',  ( 0.000000000000000000, 1.000000000000000000, 6.938893903907229610E-17 ) ) ;
#4938 = ORIENTED_EDGE ( 'NONE', *, *, #10898, .T. ) ;
#4939 = CARTESIAN_POINT ( 'NONE',  ( 5.079999999999999183, 0.5263621794871798931, 0.1000000000000000056 ) ) ;
#4940 = VERTEX_POINT ( 'NONE', #1277 ) ;
#4941 = VECTOR ( 'NONE', #8287, 1000.000000000000000 ) ;
#4942 = CARTESIAN_POINT ( 'NONE',  ( 5.479232113821020711, -0.07261031842396588332, 0.1000000000000000056 ) ) ;
#4943 = VECTOR ( 'NONE', #6333, 1000.000000000000000 ) ;
#4944 = EDGE_CURVE ( 'NONE', #9272, #6059, #9459, .T. ) ;
#4945 = EDGE_CURVE ( 'NONE', #1006, #2650, #3817, .T. ) ;
#4946 = CARTESIAN_POINT ( 'NONE',  ( 5.079999999999999183, 0.1858974358974362084, 0.000000000000000000 ) ) ;
#4947 = FILL_AREA_STYLE_COLOUR ( '', #1684 ) ;
#4948 = SURFACE_SIDE_STYLE ('',( #700 ) ) ;
#4949 = EDGE_LOOP ( 'NONE', ( #3112, #245, #633, #8564 ) ) ;
#4950 = DIRECTION ( 'NONE',  ( -0.000000000000000000, 0.000000000000000000, -1.000000000000000000 ) ) ;
#4951 = EDGE_LOOP ( 'NONE', ( #6067, #7655, #8539, #2265 ) ) ;
#4952 = DIRECTION ( 'NONE',  ( 0.000000000000000000, 0.000000000000000000, -1.000000000000000000 ) ) ;
#4953 = B_SPLINE_CURVE_WITH_KNOTS ( 'NONE', 3,
 ( #6958, #9361, #9313, #7738, #1064, #6040, #5154, #2558, #10252, #5321, #8546, #181, #6908, #2615, #8658, #5921, #1730, #6088, #9414 ),
 .UNSPECIFIED., .F., .F.,
 ( 4, 1, 1, 1, 1, 1, 1, 1, 1, 1, 1, 1, 1, 1, 1, 1, 4 ),
 ( 0.000000000000000000, 0.06168195913486676507, 0.1230684651700877930, 0.1834979677640517781, 0.2437570097047745132, 0.3040702812891357687, 0.3646618695216476413, 0.4257527988123532281, 0.4872055163741737527, 0.5490424101336603968, 0.6111161192386618257, 0.6735088700779927606, 0.7369497368315519603, 0.8007078067620292394, 0.8659958233672560013, 0.9320922482984637103, 1.000000000000000000 ),
 .UNSPECIFIED. ) ;
#4954 = DIRECTION ( 'NONE',  ( -1.000000000000000000, 0.000000000000000000, 0.000000000000000000 ) ) ;
#4955 = PLANE ( 'NONE',  #10010 ) ;
#4956 = CARTESIAN_POINT ( 'NONE',  ( 5.069743589743588963, -0.7471153846153848477, 0.000000000000000000 ) ) ;
#4957 = ORIENTED_EDGE ( 'NONE', *, *, #2552, .T. ) ;
#4958 = EDGE_LOOP ( 'NONE', ( #4748, #690, #3908, #10899 ) ) ;
#4959 = ORIENTED_EDGE ( 'NONE', *, *, #5184, .F. ) ;
#4960 =( LENGTH_UNIT ( ) NAMED_UNIT ( * ) SI_UNIT ( .MILLI., .METRE. ) );
#4961 = CARTESIAN_POINT ( 'NONE',  ( 5.465576923076922888, 0.01410256410256429706, 0.1000000000000000056 ) ) ;
#4962 = CARTESIAN_POINT ( 'NONE',  ( 5.308399552750844741, 0.1327768189613576510, 0.000000000000000000 ) ) ;
#4963 = ORIENTED_EDGE ( 'NONE', *, *, #550, .F. ) ;
#4964 = ADVANCED_FACE ( 'NONE', ( #8646 ), #6041, .T. ) ;
#4965 = CARTESIAN_POINT ( 'NONE',  ( 5.490256410256409758, -0.7475961538461540767, 0.1000000000000000056 ) ) ;
#4966 = VERTEX_POINT ( 'NONE', #910 ) ;
#4967 = FACE_OUTER_BOUND ( 'NONE', #5257, .T. ) ;
#4968 = CARTESIAN_POINT ( 'NONE',  ( -5.400000000000002132, 3.109999999999998987, -2.799999999999999822 ) ) ;
#4969 = LINE ( 'NONE', #5796, #10371 ) ;
#4970 = DIRECTION ( 'NONE',  ( 1.000000000000000000, -0.000000000000000000, -0.000000000000000000 ) ) ;
#4971 = ORIENTED_EDGE ( 'NONE', *, *, #7793, .F. ) ;
#4972 = CARTESIAN_POINT ( 'NONE',  ( -2.220000000000001972, 2.269999999999997797, 0.9099999999999984768 ) ) ;
#4973 = CARTESIAN_POINT ( 'NONE',  ( 5.444493759490296902, -0.8859244636321144117, 0.1000000000000000056 ) ) ;
#4974 = ORIENTED_EDGE ( 'NONE', *, *, #5181, .F. ) ;
#4975 = CARTESIAN_POINT ( 'NONE',  ( -4.760000000000002451, -7.249999999999999112, 3.650000000000000799 ) ) ;
#4976 = ORIENTED_EDGE ( 'NONE', *, *, #1597, .T. ) ;
#4977 = DIRECTION ( 'NONE',  ( 0.6401843996644789314, 0.000000000000000000, 0.7682212795973767383 ) ) ;
#4978 = FACE_OUTER_BOUND ( 'NONE', #176, .T. ) ;
#4979 = EDGE_CURVE ( 'NONE', #9868, #4503, #9265, .T. ) ;
#4980 = CARTESIAN_POINT ( 'NONE',  ( 0.000000000000000000, 0.000000000000000000, 0.000000000000000000 ) ) ;
#4981 = CARTESIAN_POINT ( 'NONE',  ( 5.453742185526464503, 0.04090610336852312096, 0.000000000000000000 ) ) ;
#4982 = DIRECTION ( 'NONE',  ( 1.000000000000000000, -0.000000000000000000, -0.000000000000000000 ) ) ;
#4983 = CARTESIAN_POINT ( 'NONE',  ( 4.759999999999998899, 5.009999999999999787, -2.799999999999999822 ) ) ;
#4984 = DIRECTION ( 'NONE',  ( 0.000000000000000000, -1.000000000000000000, 0.000000000000000000 ) ) ;
#4985 = EDGE_CURVE ( 'NONE', #10743, #7811, #1488, .T. ) ;
#4986 = CARTESIAN_POINT ( 'NONE',  ( 5.356055210941250699, -0.9096669246507094186, 0.1000000000000000056 ) ) ;
#4987 = ORIENTED_EDGE ( 'NONE', *, *, #10687, .F. ) ;
#4988 = DIRECTION ( 'NONE',  ( 7.529181753371540218E-17, 1.000000000000000000, 9.035018104045873159E-17 ) ) ;
#4989 = ORIENTED_EDGE ( 'NONE', *, *, #5027, .T. ) ;
#4990 = UNCERTAINTY_MEASURE_WITH_UNIT (LENGTH_MEASURE( 1.000000000000000082E-05 ), #8160, 'distance_accuracy_value', 'NONE');
#4991 = CARTESIAN_POINT ( 'NONE',  ( 5.416281173706971153, -0.5804124944379742690, 0.000000000000000000 ) ) ;
#4992 = DIRECTION ( 'NONE',  ( 0.000000000000000000, 1.000000000000000000, -0.000000000000000000 ) ) ;
#4993 = EDGE_CURVE ( 'NONE', #1625, #9487, #6559, .T. ) ;
#4994 = DIRECTION ( 'NONE',  ( 1.000000000000000000, 0.000000000000000000, -0.000000000000000000 ) ) ;
#4995 =( NAMED_UNIT ( * ) PLANE_ANGLE_UNIT ( ) SI_UNIT ( $, .RADIAN. ) );
#4996 = ORIENTED_EDGE ( 'NONE', *, *, #262, .T. ) ;
#4997 = EDGE_CURVE ( 'NONE', #7977, #4730, #6759, .T. ) ;
#4998 = ORIENTED_EDGE ( 'NONE', *, *, #3315, .T. ) ;
#4999 = CARTESIAN_POINT ( 'NONE',  ( -4.760000000000002451, 4.809999999999999609, 3.250000000000000888 ) ) ;
#5000 = FACE_BOUND ( 'NONE', #5893, .T. ) ;
#5001 = CARTESIAN_POINT ( 'NONE',  ( -3.810000000000002274, -1.249999999999999778, 0.5999999999999998668 ) ) ;
#5002 = DIRECTION ( 'NONE',  ( 1.000000000000000000, 0.000000000000000000, 0.000000000000000000 ) ) ;
#5003 =( NAMED_UNIT ( * ) SI_UNIT ( $, .STERADIAN. ) SOLID_ANGLE_UNIT ( ) );
#5004 = ORIENTED_EDGE ( 'NONE', *, *, #9322, .T. ) ;
#5005 = ORIENTED_EDGE ( 'NONE', *, *, #2369, .T. ) ;
#5006 = ORIENTED_EDGE ( 'NONE', *, *, #827, .F. ) ;
#5007 = FACE_OUTER_BOUND ( 'NONE', #8889, .T. ) ;
#5008 = CARTESIAN_POINT ( 'NONE',  ( -6.350000000000002309, -1.249999999999999778, 1.550000000000000488 ) ) ;
#5009 = VERTEX_POINT ( 'NONE', #9730 ) ;
#5010 = PLANE ( 'NONE',  #5622 ) ;
#5011 = ORIENTED_EDGE ( 'NONE', *, *, #348, .T. ) ;
#5012 = DIRECTION ( 'NONE',  ( 0.000000000000000000, 6.938893903907229610E-17, -1.000000000000000000 ) ) ;
#5013 = LINE ( 'NONE', #9133, #8542 ) ;
#5014 = ADVANCED_FACE ( 'NONE', ( #5581 ), #8400, .F. ) ;
#5015 =( NAMED_UNIT ( * ) SI_UNIT ( $, .STERADIAN. ) SOLID_ANGLE_UNIT ( ) );
#5016 = ORIENTED_EDGE ( 'NONE', *, *, #2464, .F. ) ;
#5017 = CARTESIAN_POINT ( 'NONE',  ( 3.809999999999999165, 0.6499999999999995781, 4.400000000000000355 ) ) ;
#5018 = DIRECTION ( 'NONE',  ( -1.000000000000000000, 0.000000000000000000, 0.000000000000000000 ) ) ;
#5019 = ORIENTED_EDGE ( 'NONE', *, *, #3906, .F. ) ;
#5020 = DIRECTION ( 'NONE',  ( -0.6401843996644789314, 0.000000000000000000, -0.7682212795973766273 ) ) ;
#5021 = VERTEX_POINT ( 'NONE', #9431 ) ;
#5022 = CARTESIAN_POINT ( 'NONE',  ( 5.129435514491832215, 0.08043614386494302160, -1.355252715606880543E-17 ) ) ;
#5023 = CARTESIAN_POINT ( 'NONE',  ( 4.759999999999998899, 5.650000000000000355, 3.890000000000000124 ) ) ;
#5024 = CARTESIAN_POINT ( 'NONE',  ( 5.308399552750844741, 0.1327768189613576510, 0.000000000000000000 ) ) ;
#5025 = LINE ( 'NONE', #10748, #271 ) ;
#5026 = CARTESIAN_POINT ( 'NONE',  ( -4.760000000000002451, 2.909999999999998810, -3.000000000000000000 ) ) ;
#5027 = EDGE_CURVE ( 'NONE', #2416, #6071, #1849, .T. ) ;
#5029 = VECTOR ( 'NONE', #1557, 1000.000000000000114 ) ;
#5028 = B_SPLINE_CURVE_WITH_KNOTS ( 'NONE', 3,
 ( #10378, #8665, #6258, #4614, #406, #4493, #7852, #632, #7415, #5709, #5669, #9095, #5763, #689, #1563 ),
 .UNSPECIFIED., .F., .F.,
 ( 4, 1, 1, 1, 1, 1, 1, 1, 1, 1, 1, 1, 4 ),
 ( 0.000000000000000000, 0.06315763001744928440, 0.1254637582343931246, 0.1871045428727505511, 0.2482722171931055488, 0.3092672907402120308, 0.3700815693601400835, 0.4311994313023772007, 0.4926765658671868886, 0.6161821766213938512, 0.7408667954466652272, 0.8681943967256271488, 1.000000000000000000 ),
 .UNSPECIFIED. ) ;
#5030 = LINE ( 'NONE', #3392, #10134 ) ;
#5031 = CARTESIAN_POINT ( 'NONE',  ( 5.426680487442699707, -0.8399541930673591894, 0.1000000000000000056 ) ) ;
#5032 = ORIENTED_EDGE ( 'NONE', *, *, #3735, .T. ) ;
#5033 = CARTESIAN_POINT ( 'NONE',  ( 5.406602564102563235, -0.5730769230769233724, 0.1000000000000000056 ) ) ;
#5034 = ORIENTED_EDGE ( 'NONE', *, *, #5617, .F. ) ;
#5035 = CIRCLE ( 'NONE', #86, 0.1999999999999999833 ) ;
#5036 = DIRECTION ( 'NONE',  ( 0.000000000000000000, -1.000000000000000000, 1.628629872832303193E-16 ) ) ;
#5037 = CARTESIAN_POINT ( 'NONE',  ( 5.213717371551195967, 0.08888707444679133651, 0.1000000000000000056 ) ) ;
#5038 = CIRCLE ( 'NONE', #453, 0.2000000000000000944 ) ;
#5039 = EDGE_CURVE ( 'NONE', #9634, #2575, #4327, .T. ) ;
#5040 = SURFACE_SIDE_STYLE ('',( #3511 ) ) ;
#5041 = VERTEX_POINT ( 'NONE', #8622 ) ;
#5042 = EDGE_CURVE ( 'NONE', #9551, #2220, #6814, .T. ) ;
#5043 = FILL_AREA_STYLE ('',( #6096 ) ) ;
#5044 = ORIENTED_EDGE ( 'NONE', *, *, #5258, .T. ) ;
#5045 = VECTOR ( 'NONE', #9012, 999.9999999999998863 ) ;
#5046 = EDGE_CURVE ( 'NONE', #6009, #9417, #4447, .T. ) ;
#5047 = PLANE ( 'NONE',  #5282 ) ;
#5048 = VECTOR ( 'NONE', #3094, 1000.000000000000000 ) ;
#5049 = ADVANCED_FACE ( 'NONE', ( #2693 ), #10149, .F. ) ;
#5050 = FACE_BOUND ( 'NONE', #8352, .T. ) ;
#5051 = CARTESIAN_POINT ( 'NONE',  ( -4.760000000000002451, 5.009999999999999787, 3.249999999999999556 ) ) ;
#5052 = EDGE_CURVE ( 'NONE', #3581, #8990, #3460, .T. ) ;
#5053 = VECTOR ( 'NONE', #6771, 1000.000000000000000 ) ;
#5054 = MECHANICAL_DESIGN_GEOMETRIC_PRESENTATION_REPRESENTATION (  '', ( #10675 ), #2777 ) ;
#5055 = CARTESIAN_POINT ( 'NONE',  ( 5.430656316591943700, -0.01713746807171024830, 0.1000000000000000056 ) ) ;
#5056 = ORIENTED_EDGE ( 'NONE', *, *, #1078, .F. ) ;
#5057 = EDGE_LOOP ( 'NONE', ( #7521, #1227, #912, #2663 ) ) ;
#5058 = VECTOR ( 'NONE', #6900, 1000.000000000000000 ) ;
#5059 = ORIENTED_EDGE ( 'NONE', *, *, #5770, .T. ) ;
#5060 = PLANE ( 'NONE',  #5419 ) ;
#5061 = CARTESIAN_POINT ( 'NONE',  ( -4.760000000000002451, 5.649999999999999467, -2.799999999999999822 ) ) ;
#5062 = LINE ( 'NONE', #9274, #8247 ) ;
#5063 = ORIENTED_EDGE ( 'NONE', *, *, #9263, .T. ) ;
#5064 = CARTESIAN_POINT ( 'NONE',  ( 2.859999999999998099, -7.049999999999999822, 4.090000000000000746 ) ) ;
#5065 = ORIENTED_EDGE ( 'NONE', *, *, #681, .T. ) ;
#5066 = CARTESIAN_POINT ( 'NONE',  ( -0.3200000000000017830, 3.109999999999998987, -2.799999999999999822 ) ) ;
#5067 = DIRECTION ( 'NONE',  ( 0.000000000000000000, -1.296504840042456870E-16, -1.000000000000000000 ) ) ;
#5068 =( GEOMETRIC_REPRESENTATION_CONTEXT ( 3 ) GLOBAL_UNCERTAINTY_ASSIGNED_CONTEXT ( ( #8290 ) ) GLOBAL_UNIT_ASSIGNED_CONTEXT ( ( #5810, #1499, #3273 ) ) REPRESENTATION_CONTEXT ( 'NONE', 'WORKASPACE' ) );
#5069 = VECTOR ( 'NONE', #4218, 1000.000000000000000 ) ;
#5070 = EDGE_CURVE ( 'NONE', #8825, #312, #5221, .T. ) ;
#5071 = DIRECTION ( 'NONE',  ( 0.000000000000000000, 0.000000000000000000, 1.000000000000000000 ) ) ;
#5072 = ORIENTED_EDGE ( 'NONE', *, *, #1685, .T. ) ;
#5073 = EDGE_CURVE ( 'NONE', #3033, #7776, #1799, .T. ) ;
#5074 =( LENGTH_UNIT ( ) NAMED_UNIT ( * ) SI_UNIT ( .MILLI., .METRE. ) );
#5075 = CARTESIAN_POINT ( 'NONE',  ( 3.643333333333332202, 1.249999999999999778, 4.599999999999999645 ) ) ;
#5076 = VECTOR ( 'NONE', #36, 1000.000000000000114 ) ;
#5077 = DIRECTION ( 'NONE',  ( 0.000000000000000000, 0.000000000000000000, -1.000000000000000000 ) ) ;
#5078 = EDGE_LOOP ( 'NONE', ( #10403, #10867, #3289, #1966 ) ) ;
#5079 = VECTOR ( 'NONE', #7910, 1000.000000000000000 ) ;
#5080 = DIRECTION ( 'NONE',  ( -1.000000000000000000, 0.000000000000000000, 0.000000000000000000 ) ) ;
#5081 = EDGE_LOOP ( 'NONE', ( #1653, #54, #7019, #8456, #6657, #6084, #6598, #10108, #3152, #4113 ) ) ;
#5082 = LINE ( 'NONE', #7658, #9310 ) ;
#5083 = LINE ( 'NONE', #8532, #2468 ) ;
#5084 = EDGE_CURVE ( 'NONE', #9246, #10314, #4003, .T. ) ;
#5085 = DIRECTION ( 'NONE',  ( -0.000000000000000000, 0.000000000000000000, 1.000000000000000000 ) ) ;
#5086 = AXIS2_PLACEMENT_3D ( 'NONE', #1393, #5744, #9080 ) ;
#5087 = CARTESIAN_POINT ( 'NONE',  ( 5.280644849749342562, 0.1345339667046000498, 0.1000000000000000056 ) ) ;
#5088 = VECTOR ( 'NONE', #3681, 1000.000000000000000 ) ;
#5089 = DIRECTION ( 'NONE',  ( -0.000000000000000000, -1.000000000000000000, -0.000000000000000000 ) ) ;
#5090 = CARTESIAN_POINT ( 'NONE',  ( -2.860000000000001652, -1.249999999999999778, 5.000000000000000000 ) ) ;
#5091 = CARTESIAN_POINT ( 'NONE',  ( 5.291324100743453940, -0.9267854776074393452, 0.1000000000000000056 ) ) ;
#5092 = ORIENTED_EDGE ( 'NONE', *, *, #4913, .F. ) ;
#5093 = FILL_AREA_STYLE ('',( #5917 ) ) ;
#5094 = VERTEX_POINT ( 'NONE', #957 ) ;
#5095 = DIRECTION ( 'NONE',  ( -0.000000000000000000, -1.000000000000000000, -0.000000000000000000 ) ) ;
#5096 = ADVANCED_FACE ( 'NONE', ( #2937 ), #8908, .T. ) ;
#5097 = VECTOR ( 'NONE', #1904, 1000.000000000000000 ) ;
#5098 = CARTESIAN_POINT ( 'NONE',  ( -2.860000000000001652, 3.109999999999999876, 1.349999999999999645 ) ) ;
#5099 = CARTESIAN_POINT ( 'NONE',  ( -5.400000000000002132, 5.650000000000000355, 3.890000000000000124 ) ) ;
#5100 = VECTOR ( 'NONE', #6580, 1000.000000000000000 ) ;
#5101 = PRESENTATION_LAYER_ASSIGNMENT (  '', '', ( #10176 ) ) ;
#5102 = STYLED_ITEM ( 'NONE', ( #10717 ), #2393 ) ;
#5103 =( LENGTH_UNIT ( ) NAMED_UNIT ( * ) SI_UNIT ( .MILLI., .METRE. ) );
#5104 = CARTESIAN_POINT ( 'NONE',  ( 2.219999999999997975, 4.809999999999998721, 3.450000000000000622 ) ) ;
#5105 = STYLED_ITEM ( 'NONE', ( #7195 ), #8120 ) ;
#5106 = ORIENTED_EDGE ( 'NONE', *, *, #3294, .T. ) ;
#5107 = PRESENTATION_LAYER_ASSIGNMENT (  '', '', ( #9300 ) ) ;
#5108 = VECTOR ( 'NONE', #4988, 1000.000000000000000 ) ;
#5109 = AXIS2_PLACEMENT_3D ( 'NONE', #3041, #8094, #6432 ) ;
#5110 = VECTOR ( 'NONE', #1, 1000.000000000000114 ) ;
#5111 = EDGE_LOOP ( 'NONE', ( #8881, #9344, #8865, #757 ) ) ;
#5112 = PLANE ( 'NONE',  #10544 ) ;
#5113 = PLANE ( 'NONE',  #10316 ) ;
#5114 =( NAMED_UNIT ( * ) PLANE_ANGLE_UNIT ( ) SI_UNIT ( $, .RADIAN. ) );
#5115 = EDGE_CURVE ( 'NONE', #2467, #10265, #3972, .T. ) ;
#5116 = CARTESIAN_POINT ( 'NONE',  ( -6.350000000000002309, 1.250000000000000222, 5.000000000000000000 ) ) ;
#5117 = VECTOR ( 'NONE', #3971, 1000.000000000000000 ) ;
#5118 = CARTESIAN_POINT ( 'NONE',  ( -0.3200000000000017830, 5.450000000000000178, -3.000000000000000000 ) ) ;
#5119 = VERTEX_POINT ( 'NONE', #3928 ) ;
#5120 = EDGE_LOOP ( 'NONE', ( #3117, #6002, #3597, #8970 ) ) ;
#5121 = ORIENTED_EDGE ( 'NONE', *, *, #8390, .T. ) ;
#5122 = CARTESIAN_POINT ( 'NONE',  ( 2.219999999999997975, 2.909999999999998810, -3.000000000000000000 ) ) ;
#5123 = LINE ( 'NONE', #4286, #9641 ) ;
#5124 = EDGE_LOOP ( 'NONE', ( #2386, #3353, #4193, #805 ) ) ;
#5125 = EDGE_CURVE ( 'NONE', #3037, #1690, #4853, .T. ) ;
#5126 = CARTESIAN_POINT ( 'NONE',  ( -4.760000000000002451, -7.249999999999999112, 1.349999999999999867 ) ) ;
#5127 = EDGE_LOOP ( 'NONE', ( #2320, #3415, #4328, #2095 ) ) ;
#5128 = CARTESIAN_POINT ( 'NONE',  ( 0.3199999999999982858, -7.249999999999999112, 3.890000000000000568 ) ) ;
#5129 = SURFACE_STYLE_USAGE ( .BOTH. , #3941 ) ;
#5130 = CARTESIAN_POINT ( 'NONE',  ( -0.3200000000000017830, -7.049999999999999822, 1.550000000000000044 ) ) ;
#5131 = DIRECTION ( 'NONE',  ( 0.000000000000000000, 1.000000000000000000, 1.088556398077815828E-16 ) ) ;
#5132 = EDGE_CURVE ( 'NONE', #2334, #10672, #10618, .T. ) ;
#5133 = ORIENTED_EDGE ( 'NONE', *, *, #8835, .T. ) ;
#5134 = LINE ( 'NONE', #9181, #10858 ) ;
#5135 = CARTESIAN_POINT ( 'NONE',  ( 5.228769950232614150, -0.9201272226868525417, 0.000000000000000000 ) ) ;
#5136 = VERTEX_POINT ( 'NONE', #4807 ) ;
#5137 = EDGE_CURVE ( 'NONE', #9004, #8422, #6354, .T. ) ;
#5138 = CARTESIAN_POINT ( 'NONE',  ( 5.422996118622351425, -0.6501812355251401776, 0.000000000000000000 ) ) ;
#5139 = VERTEX_POINT ( 'NONE', #2164 ) ;
#5140 = CARTESIAN_POINT ( 'NONE',  ( 2.219999999999997975, 3.109999999999998987, -2.799999999999999822 ) ) ;
#5141 = CARTESIAN_POINT ( 'NONE',  ( -6.350000000000002309, -1.249999999999999778, 4.090000000000001634 ) ) ;
#5142 =( NAMED_UNIT ( * ) SI_UNIT ( $, .STERADIAN. ) SOLID_ANGLE_UNIT ( ) );
#5143 = CARTESIAN_POINT ( 'NONE',  ( -2.860000000000001652, 5.650000000000000355, 3.890000000000000124 ) ) ;
#5144 = DIRECTION ( 'NONE',  ( 1.000000000000000000, -0.000000000000000000, -0.000000000000000000 ) ) ;
#5145 = CARTESIAN_POINT ( 'NONE',  ( 5.399999999999998579, 2.269999999999999130, 0.7099999999999985212 ) ) ;
#5146 = CARTESIAN_POINT ( 'NONE',  ( 5.436312077836027434, -0.05649224687955085866, 0.000000000000000000 ) ) ;
#5147 = CARTESIAN_POINT ( 'NONE',  ( 5.447880224819936501, -0.7736766310633068633, 0.1000000000000000056 ) ) ;
#5148 = ORIENTED_EDGE ( 'NONE', *, *, #2866, .F. ) ;
#5149 = CARTESIAN_POINT ( 'NONE',  ( -0.3200000000000017830, -7.249999999999999112, 1.349999999999999867 ) ) ;
#5150 = VERTEX_POINT ( 'NONE', #7229 ) ;
#5151 = CARTESIAN_POINT ( 'NONE',  ( 5.079999999999999183, -1.008974358974358720, -0.000000000000000000 ) ) ;
#5152 = CARTESIAN_POINT ( 'NONE',  ( -2.860000000000001652, 5.009999999999999787, 3.249999999999999556 ) ) ;
#5153 = CARTESIAN_POINT ( 'NONE',  ( -4.760000000000002451, 3.109999999999998987, -2.799999999999999822 ) ) ;
#5154 = CARTESIAN_POINT ( 'NONE',  ( 5.110579624449826497, -0.6160483533798898348, 0.1000000000000000056 ) ) ;
#5155 = B_SPLINE_SURFACE_WITH_KNOTS ( 'NONE', 3, 1, ( 
 ( #6014, #9335 ),
 ( #9798, #1497 ),
 ( #873, #1813 ),
 ( #7338, #4817 ),
 ( #10688, #8523 ),
 ( #9279, #4340 ),
 ( #970, #3165 ),
 ( #88, #7708 ),
 ( #2282, #6458 ),
 ( #5657, #4867 ),
 ( #8986, #621 ) ),
 .UNSPECIFIED., .F., .F., .F.,
 ( 4, 1, 1, 1, 1, 1, 1, 1, 4 ),
 ( 2, 2 ),
 ( 0.000000000000000000, 0.1719006646132693605, 0.3306279320958807610, 0.4755488358809180083, 0.6067461903123630984, 0.7250238034674896248, 0.8297423869584564793, 0.9213228203439762787, 1.000000000000000000 ),
 ( 0.000000000000000000, 1.000000000000000000 ),
 .UNSPECIFIED. ) ;
#5156 = ORIENTED_EDGE ( 'NONE', *, *, #10749, .F. ) ;
#5157 = FACE_BOUND ( 'NONE', #9362, .T. ) ;
#5158 = ADVANCED_FACE ( 'NONE', ( #1487 ), #9784, .F. ) ;
#5159 = CARTESIAN_POINT ( 'NONE',  ( 5.399999999999998579, 4.809999999999999609, 3.250000000000000888 ) ) ;
#5160 = EDGE_LOOP ( 'NONE', ( #416, #6426, #1254, #2922 ) ) ;
#5161 = CARTESIAN_POINT ( 'NONE',  ( -6.350000000000002309, -1.249999999999999778, 1.550000000000000488 ) ) ;
#5162 = ORIENTED_EDGE ( 'NONE', *, *, #323, .T. ) ;
#5163 = CARTESIAN_POINT ( 'NONE',  ( -2.860000000000001652, 5.209999999999999076, -3.000000000000000000 ) ) ;
#5164 = DIRECTION ( 'NONE',  ( 0.000000000000000000, 1.000000000000000000, -0.000000000000000000 ) ) ;
#5165 = DIRECTION ( 'NONE',  ( 0.000000000000000000, 0.000000000000000000, 1.000000000000000000 ) ) ;
#5166 = CARTESIAN_POINT ( 'NONE',  ( -6.350000000000002309, -1.249999999999999778, 1.550000000000000488 ) ) ;
#5167 = CARTESIAN_POINT ( 'NONE',  ( 5.399999999999998579, 5.649999999999999467, -2.799999999999999822 ) ) ;
#5168 = EDGE_LOOP ( 'NONE', ( #8102, #2973, #8743, #5887 ) ) ;
#5169 = ORIENTED_EDGE ( 'NONE', *, *, #815, .F. ) ;
#5170 = EDGE_LOOP ( 'NONE', ( #914, #4007, #9643, #2539, #5728, #4080 ) ) ;
#5171 = ADVANCED_FACE ( 'NONE', ( #4690 ), #7168, .F. ) ;
#5172 = CARTESIAN_POINT ( 'NONE',  ( 5.121025641025640063, -0.4551282051282050101, 0.1000000000000000056 ) ) ;
#5173 = ORIENTED_EDGE ( 'NONE', *, *, #1358, .T. ) ;
#5174 = DIRECTION ( 'NONE',  ( 1.000000000000000000, -0.000000000000000000, -0.000000000000000000 ) ) ;
#5175 = ORIENTED_EDGE ( 'NONE', *, *, #8639, .F. ) ;
#5176 = DIRECTION ( 'NONE',  ( 0.000000000000000000, -2.090028284309406488E-16, -1.000000000000000000 ) ) ;
#5177 = VERTEX_POINT ( 'NONE', #3875 ) ;
#5178 = CARTESIAN_POINT ( 'NONE',  ( 5.490256410256409758, -0.7475961538461540767, 0.1000000000000000056 ) ) ;
#5179 = DIRECTION ( 'NONE',  ( 0.6401843996644795975, 0.000000000000000000, 0.7682212795973760722 ) ) ;
#5180 = CARTESIAN_POINT ( 'NONE',  ( 5.079999999999999183, 0.2250801282051285157, 0.1000000000000000056 ) ) ;
#5181 = EDGE_CURVE ( 'NONE', #9218, #2544, #10662, .T. ) ;
#5182 = ORIENTED_EDGE ( 'NONE', *, *, #9134, .F. ) ;
#5183 = PLANE ( 'NONE',  #4898 ) ;
#5184 = EDGE_CURVE ( 'NONE', #3440, #9081, #3816, .T. ) ;
#5185 = CARTESIAN_POINT ( 'NONE',  ( 5.273687339919865380, -0.9267785308939969768, 0.000000000000000000 ) ) ;
#5186 = ORIENTED_EDGE ( 'NONE', *, *, #9881, .F. ) ;
#5187 = FACE_OUTER_BOUND ( 'NONE', #2335, .T. ) ;
#5188 = VERTEX_POINT ( 'NONE', #3052 ) ;
#5189 = PLANE ( 'NONE',  #10198 ) ;
#5190 = UNCERTAINTY_MEASURE_WITH_UNIT (LENGTH_MEASURE( 1.000000000000000082E-05 ), #7825, 'distance_accuracy_value', 'NONE');
#5191 = DIRECTION ( 'NONE',  ( 0.000000000000000000, 0.000000000000000000, -1.000000000000000000 ) ) ;
#5192 = ADVANCED_FACE ( 'NONE', ( #6396 ), #9728, .F. ) ;
#5193 = LINE ( 'NONE', #1655, #7739 ) ;
#5194 = CARTESIAN_POINT ( 'NONE',  ( -2.860000000000001652, 3.109999999999998987, -2.799999999999999822 ) ) ;
#5195 = ADVANCED_FACE ( 'NONE', ( #8810 ), #7994, .T. ) ;
#5196 = CARTESIAN_POINT ( 'NONE',  ( 1.384754098360651442, 0.6499999999999999112, 4.537704918032785528 ) ) ;
#5197 = DIRECTION ( 'NONE',  ( -0.000000000000000000, 0.000000000000000000, -1.000000000000000000 ) ) ;
#5198 = CARTESIAN_POINT ( 'NONE',  ( 4.759999999999998899, 2.669999999999999041, -3.000000000000000000 ) ) ;
#5199 = CARTESIAN_POINT ( 'NONE',  ( 5.427756410256408870, -0.006650641025640825071, 0.000000000000000000 ) ) ;
#5200 = PLANE ( 'NONE',  #3698 ) ;
#5201 = ORIENTED_EDGE ( 'NONE', *, *, #3860, .F. ) ;
#5202 = CARTESIAN_POINT ( 'NONE',  ( -2.220000000000001972, 3.109999999999999876, 1.349999999999999645 ) ) ;
#5203 = ORIENTED_EDGE ( 'NONE', *, *, #2590, .F. ) ;
#5204 = PLANE ( 'NONE',  #6855 ) ;
#5205 = LINE ( 'NONE', #7735, #2758 ) ;
#5206 = DIRECTION ( 'NONE',  ( 1.000000000000000000, -0.000000000000000000, -0.000000000000000000 ) ) ;
#5207 = CARTESIAN_POINT ( 'NONE',  ( 0.000000000000000000, 0.000000000000000000, 0.000000000000000000 ) ) ;
#5208 = EDGE_CURVE ( 'NONE', #9738, #3396, #6706, .T. ) ;
#5209 = EDGE_LOOP ( 'NONE', ( #4716, #6717, #7119, #5697 ) ) ;
#5210 = LINE ( 'NONE', #4374, #6622 ) ;
#5211 = LINE ( 'NONE', #3568, #1003 ) ;
#5212 = VERTEX_POINT ( 'NONE', #5771 ) ;
#5213 = AXIS2_PLACEMENT_3D ( 'NONE', #5714, #6478, #10600 ) ;
#5214 = CARTESIAN_POINT ( 'NONE',  ( 5.115841161651068170, -0.8879962273720212185, 0.1000000000000000056 ) ) ;
#5215 = EDGE_LOOP ( 'NONE', ( #6389, #5888, #5905, #8569, #4393, #2162, #1533, #2036, #6513, #1130 ) ) ;
#5216 = CARTESIAN_POINT ( 'NONE',  ( -2.220000000000001972, -1.250000000000001998, 4.090000000000000746 ) ) ;
#5217 = DIRECTION ( 'NONE',  ( 1.000000000000000000, -0.000000000000000000, -0.000000000000000000 ) ) ;
#5218 = CARTESIAN_POINT ( 'NONE',  ( 3.309016393442636872, 1.250000000000000222, -3.049180327868844298 ) ) ;
#5219 = DIRECTION ( 'NONE',  ( 0.000000000000000000, 0.000000000000000000, -1.000000000000000000 ) ) ;
#5220 = ADVANCED_FACE ( 'NONE', ( #1572 ), #8341, .F. ) ;
#5221 = LINE ( 'NONE', #7756, #1525 ) ;
#5222 = VECTOR ( 'NONE', #2353, 1000.000000000000000 ) ;
#5223 = DIRECTION ( 'NONE',  ( 0.000000000000000000, -1.000000000000000000, 1.628629872832303193E-16 ) ) ;
#5224 = ORIENTED_EDGE ( 'NONE', *, *, #7252, .F. ) ;
#5225 = ORIENTED_EDGE ( 'NONE', *, *, #6335, .F. ) ;
#5226 = VECTOR ( 'NONE', #10353, 1000.000000000000114 ) ;
#5227 = AXIS2_PLACEMENT_3D ( 'NONE', #6586, #5269, #2684 ) ;
#5228 = EDGE_LOOP ( 'NONE', ( #2040, #8585, #1870, #2056, #512, #10694 ) ) ;
#5229 = DIRECTION ( 'NONE',  ( 0.000000000000000000, -1.000000000000000000, 1.628629872832303439E-16 ) ) ;
#5230 = ORIENTED_EDGE ( 'NONE', *, *, #2969, .T. ) ;
#5231 = LINE ( 'NONE', #5008, #1735 ) ;
#5232 = VERTEX_POINT ( 'NONE', #9920 ) ;
#5233 = ORIENTED_EDGE ( 'NONE', *, *, #10701, .F. ) ;
#5234 = DIRECTION ( 'NONE',  ( -1.000000000000000000, 0.000000000000000000, 0.000000000000000000 ) ) ;
#5235 = CARTESIAN_POINT ( 'NONE',  ( 5.192913815604079275, 0.1204915051320840230, 0.000000000000000000 ) ) ;
#5236 = VECTOR ( 'NONE', #2021, 1000.000000000000000 ) ;
#5237 =( GEOMETRIC_REPRESENTATION_CONTEXT ( 3 ) GLOBAL_UNCERTAINTY_ASSIGNED_CONTEXT ( ( #1332 ) ) GLOBAL_UNIT_ASSIGNED_CONTEXT ( ( #5913, #10191, #5969 ) ) REPRESENTATION_CONTEXT ( 'NONE', 'WORKASPACE' ) );
#5238 = CARTESIAN_POINT ( 'NONE',  ( 5.362153186950727068, 0.07758728165916442543, 0.000000000000000000 ) ) ;
#5239 = CARTESIAN_POINT ( 'NONE',  ( 5.110769230769230731, -0.7473557692307695177, 0.000000000000000000 ) ) ;
#5240 = ORIENTED_EDGE ( 'NONE', *, *, #2630, .F. ) ;
#5241 = CARTESIAN_POINT ( 'NONE',  ( 3.809999999999999165, -1.249999999999999778, 0.6000000000000001998 ) ) ;
#5242 = VERTEX_POINT ( 'NONE', #4112 ) ;
#5243 = CARTESIAN_POINT ( 'NONE',  ( 2.219999999999997975, -7.049999999999999822, 1.550000000000000044 ) ) ;
#5244 = DIRECTION ( 'NONE',  ( 1.000000000000000000, -0.000000000000000000, -0.000000000000000000 ) ) ;
#5245 = SURFACE_STYLE_USAGE ( .BOTH. , #3431 ) ;
#5246 = EDGE_CURVE ( 'NONE', #3748, #4502, #7466, .T. ) ;
#5247 = PRESENTATION_LAYER_ASSIGNMENT (  '', '', ( #8233 ) ) ;
#5248 = AXIS2_PLACEMENT_3D ( 'NONE', #3265, #9027, #4861 ) ;
#5249 = DIRECTION ( 'NONE',  ( 1.000000000000000000, -0.000000000000000000, -0.000000000000000000 ) ) ;
#5250 = FACE_OUTER_BOUND ( 'NONE', #3105, .T. ) ;
#5251 = ADVANCED_FACE ( 'NONE', ( #9876 ), #9822, .F. ) ;
#5252 = CARTESIAN_POINT ( 'NONE',  ( 5.479999999999999538, -0.1935897435897434016, -0.000000000000000000 ) ) ;
#5253 = LINE ( 'NONE', #390, #4708 ) ;
#5254 = CARTESIAN_POINT ( 'NONE',  ( 2.219999999999997975, 5.009999999999999787, -2.799999999999999822 ) ) ;
#5255 = ORIENTED_EDGE ( 'NONE', *, *, #9134, .T. ) ;
#5256 = CARTESIAN_POINT ( 'NONE',  ( 5.291324100743453940, -0.9267854776074393452, 0.000000000000000000 ) ) ;
#5257 = EDGE_LOOP ( 'NONE', ( #5162, #5822, #3695, #10398 ) ) ;
#5258 = EDGE_CURVE ( 'NONE', #9017, #201, #4069, .T. ) ;
#5259 = CARTESIAN_POINT ( 'NONE',  ( 5.074070685260910096, -0.7965716492365184642, 0.000000000000000000 ) ) ;
#5260 = CARTESIAN_POINT ( 'NONE',  ( 0.3199999999999982858, 5.650000000000000355, 3.890000000000000124 ) ) ;
#5261 = LINE ( 'NONE', #945, #2997 ) ;
#5262 =( GEOMETRIC_REPRESENTATION_CONTEXT ( 3 ) GLOBAL_UNCERTAINTY_ASSIGNED_CONTEXT ( ( #887 ) ) GLOBAL_UNIT_ASSIGNED_CONTEXT ( ( #8968, #6439, #10773 ) ) REPRESENTATION_CONTEXT ( 'NONE', 'WORKASPACE' ) );
#5263 = DIRECTION ( 'NONE',  ( -1.000000000000000000, 0.000000000000000000, 0.000000000000000000 ) ) ;
#5264 = VECTOR ( 'NONE', #145, 1000.000000000000000 ) ;
#5265 = COLOUR_RGB ( '',0.1490196078431372528, 0.1490196078431372528, 0.1490196078431372528 ) ;
#5266 = CARTESIAN_POINT ( 'NONE',  ( 5.468427764538614788, -0.6468427795173228301, -0.000000000000000000 ) ) ;
#5267 = EDGE_CURVE ( 'NONE', #9634, #3869, #6643, .T. ) ;
#5268 = ADVANCED_FACE ( 'NONE', ( #1624 ), #3351, .T. ) ;
#5269 = DIRECTION ( 'NONE',  ( 1.000000000000000000, 0.000000000000000000, -0.000000000000000000 ) ) ;
#5270 = CARTESIAN_POINT ( 'NONE',  ( 2.219999999999997975, 3.109999999999998987, -2.799999999999999822 ) ) ;
#5271 = DIRECTION ( 'NONE',  ( 0.000000000000000000, 1.000000000000000000, 6.938893903907229610E-17 ) ) ;
#5272 = CARTESIAN_POINT ( 'NONE',  ( 3.809999999999998277, -1.249999999999999778, 4.400000000000000355 ) ) ;
#5273 = VECTOR ( 'NONE', #6938, 1000.000000000000000 ) ;
#5274 = DIRECTION ( 'NONE',  ( 0.000000000000000000, -0.7071067811865467956, 0.7071067811865483499 ) ) ;
#5275 = ORIENTED_EDGE ( 'NONE', *, *, #4577, .T. ) ;
#5276 = PLANE ( 'NONE',  #7025 ) ;
#5277 = VECTOR ( 'NONE', #1462, 1000.000000000000000 ) ;
#5278 = EDGE_CURVE ( 'NONE', #6924, #1852, #2355, .T. ) ;
#5279 = COLOUR_RGB ( '',0.1490196078431372528, 0.1490196078431372528, 0.1490196078431372528 ) ;
#5280 = DIRECTION ( 'NONE',  ( 0.000000000000000000, 0.000000000000000000, 1.000000000000000000 ) ) ;
#5281 = CARTESIAN_POINT ( 'NONE',  ( 4.759999999999998899, -7.249999999999999112, 1.110000000000000098 ) ) ;
#5282 = AXIS2_PLACEMENT_3D ( 'NONE', #10043, #9262, #1738 ) ;
#5283 = VECTOR ( 'NONE', #6186, 1000.000000000000114 ) ;
#5284 = DIRECTION ( 'NONE',  ( 1.000000000000000000, -0.000000000000000000, -0.000000000000000000 ) ) ;
#5285 = EDGE_LOOP ( 'NONE', ( #8837, #3996, #4974, #7985 ) ) ;
#5286 = ORIENTED_EDGE ( 'NONE', *, *, #3918, .F. ) ;
#5287 = AXIS2_PLACEMENT_3D ( 'NONE', #9474, #3563, #227 ) ;
#5288 = FACE_OUTER_BOUND ( 'NONE', #756, .T. ) ;
#5289 = VECTOR ( 'NONE', #1239, 1000.000000000000000 ) ;
#5290 = ORIENTED_EDGE ( 'NONE', *, *, #9873, .F. ) ;
#5291 = FACE_OUTER_BOUND ( 'NONE', #7493, .T. ) ;
#5292 = VERTEX_POINT ( 'NONE', #4006 ) ;
#5293 = DIRECTION ( 'NONE',  ( -0.000000000000000000, -0.000000000000000000, -1.000000000000000000 ) ) ;
#5294 = EDGE_LOOP ( 'NONE', ( #5877, #6003, #7376, #8012 ) ) ;
#5295 = ORIENTED_EDGE ( 'NONE', *, *, #4060, .T. ) ;
#5296 = PRESENTATION_STYLE_ASSIGNMENT (( #6826 ) ) ;
#5297 = FACE_OUTER_BOUND ( 'NONE', #9269, .T. ) ;
#5298 = AXIS2_PLACEMENT_3D ( 'NONE', #7499, #6023, #10181 ) ;
#5299 = STYLED_ITEM ( 'NONE', ( #7606 ), #1762 ) ;
#5300 = DIRECTION ( 'NONE',  ( 1.000000000000000000, -0.000000000000000000, -0.000000000000000000 ) ) ;
#5301 = ORIENTED_EDGE ( 'NONE', *, *, #6103, .T. ) ;
#5302 =( GEOMETRIC_REPRESENTATION_CONTEXT ( 3 ) GLOBAL_UNCERTAINTY_ASSIGNED_CONTEXT ( ( #7074 ) ) GLOBAL_UNIT_ASSIGNED_CONTEXT ( ( #1526, #1584, #8191 ) ) REPRESENTATION_CONTEXT ( 'NONE', 'WORKASPACE' ) );
#5303 = DIRECTION ( 'NONE',  ( 1.000000000000000000, -0.000000000000000000, -0.000000000000000000 ) ) ;
#5304 = EDGE_CURVE ( 'NONE', #2818, #8343, #3954, .T. ) ;
#5305 = CARTESIAN_POINT ( 'NONE',  ( 2.219999999999998863, -1.249999999999999778, 5.000000000000000000 ) ) ;
#5306 = ORIENTED_EDGE ( 'NONE', *, *, #8672, .T. ) ;
#5307 = CARTESIAN_POINT ( 'NONE',  ( 5.382564102564102448, -0.6044871794871796711, 0.1000000000000000056 ) ) ;
#5308 = ORIENTED_EDGE ( 'NONE', *, *, #9675, .F. ) ;
#5309 = DIRECTION ( 'NONE',  ( 0.000000000000000000, -1.000000000000000000, 0.000000000000000000 ) ) ;
#5310 = DIRECTION ( 'NONE',  ( -1.000000000000000000, 0.000000000000000000, 0.000000000000000000 ) ) ;
#5311 = DIRECTION ( 'NONE',  ( 1.000000000000000000, 0.000000000000000000, -0.000000000000000000 ) ) ;
#5312 = DIRECTION ( 'NONE',  ( -0.6401843996644802637, 0.000000000000000000, 0.7682212795973755171 ) ) ;
#5313 = CARTESIAN_POINT ( 'NONE',  ( -5.400000000000002132, 2.469999999999999307, -2.799999999999999822 ) ) ;
#5314 = CARTESIAN_POINT ( 'NONE',  ( 5.110769230769230731, -0.7473557692307695177, 0.000000000000000000 ) ) ;
#5315 = EDGE_CURVE ( 'NONE', #4656, #688, #2309, .T. ) ;
#5316 = VERTEX_POINT ( 'NONE', #4888 ) ;
#5317 = ORIENTED_EDGE ( 'NONE', *, *, #5680, .F. ) ;
#5318 = DIRECTION ( 'NONE',  ( 0.9035018415143106774, 0.4285842068721729126, 0.000000000000000000 ) ) ;
#5319 = DIRECTION ( 'NONE',  ( 1.000000000000000000, -0.000000000000000000, -0.000000000000000000 ) ) ;
#5320 = DIRECTION ( 'NONE',  ( 1.000000000000000000, -0.000000000000000000, -0.000000000000000000 ) ) ;
#5321 = CARTESIAN_POINT ( 'NONE',  ( 5.091567040237450215, -0.6474800616142253329, 0.1000000000000000056 ) ) ;
#5322 = VECTOR ( 'NONE', #7218, 1000.000000000000000 ) ;
#5323 = EDGE_LOOP ( 'NONE', ( #2228, #9376, #9507, #5555 ) ) ;
#5324 = CARTESIAN_POINT ( 'NONE',  ( 5.462659483233718305, -0.6358802932648870421, 0.000000000000000000 ) ) ;
#5325 = ADVANCED_FACE ( 'NONE', ( #8238 ), #3240, .F. ) ;
#5326 = PLANE ( 'NONE',  #1192 ) ;
#5327 = ORIENTED_EDGE ( 'NONE', *, *, #6347, .F. ) ;
#5328 = CARTESIAN_POINT ( 'NONE',  ( -2.860000000000001652, 2.269999999999997797, 0.9099999999999984768 ) ) ;
#5329 = ORIENTED_EDGE ( 'NONE', *, *, #5733, .F. ) ;
#5330 = LINE ( 'NONE', #4552, #6685 ) ;
#5331 = DIRECTION ( 'NONE',  ( 0.000000000000000000, 6.938893903907229610E-17, -1.000000000000000000 ) ) ;
#5332 = DIRECTION ( 'NONE',  ( -1.000000000000000000, -0.000000000000000000, -0.000000000000000000 ) ) ;
#5333 = EDGE_CURVE ( 'NONE', #7703, #10741, #1896, .T. ) ;
#5334 = B_SPLINE_CURVE_WITH_KNOTS ( 'NONE', 3,
 ( #5458, #2979, #8796, #2877, #6172, #1196, #1260, #4509, #9506, #7765, #3751 ),
 .UNSPECIFIED., .F., .F.,
 ( 4, 1, 1, 1, 1, 1, 1, 1, 4 ),
 ( 0.000000000000000000, 0.1642892164747621619, 0.3174059112304911667, 0.4588436116410203325, 0.5893665423053099373, 0.7078313187781725135, 0.8157700306990054440, 0.9128799029021259503, 1.000000000000000000 ),
 .UNSPECIFIED. ) ;
#5335 = EDGE_CURVE ( 'NONE', #10155, #1266, #7681, .T. ) ;
#5336 = DIRECTION ( 'NONE',  ( 0.000000000000000000, -1.000000000000000000, 0.000000000000000000 ) ) ;
#5337 = ORIENTED_EDGE ( 'NONE', *, *, #2019, .F. ) ;
#5338 = ORIENTED_EDGE ( 'NONE', *, *, #7873, .T. ) ;
#5339 = DIRECTION ( 'NONE',  ( 0.000000000000000000, 6.938893903907229610E-17, -1.000000000000000000 ) ) ;
#5340 = ORIENTED_EDGE ( 'NONE', *, *, #1336, .F. ) ;
#5341 = B_SPLINE_SURFACE_WITH_KNOTS ( 'NONE', 3, 1, ( 
 ( #8442, #5199 ),
 ( #2723, #7622 ),
 ( #9242, #6789 ),
 ( #10124, #6031 ),
 ( #9351, #1780 ),
 ( #6080, #5146 ),
 ( #938, #10295 ),
 ( #1831, #2780 ),
 ( #4304, #8380 ),
 ( #9468, #8537 ),
 ( #7668, #108 ) ),
 .UNSPECIFIED., .F., .F., .F.,
 ( 4, 1, 1, 1, 1, 1, 1, 1, 4 ),
 ( 2, 2 ),
 ( 0.000000000000000000, 0.08431861695858312855, 0.1792845142139049275, 0.2865825276465613913, 0.4051114834342787185, 0.5355928734189739915, 0.6781902099934133954, 0.8329758397604881681, 1.000000000000000000 ),
 ( 0.000000000000000000, 1.000000000000000000 ),
 .UNSPECIFIED. ) ;
#5342 = CARTESIAN_POINT ( 'NONE',  ( -0.3200000000000017830, 4.809999999999999609, 3.250000000000000888 ) ) ;
#5343 = ORIENTED_EDGE ( 'NONE', *, *, #9608, .F. ) ;
#5344 = CARTESIAN_POINT ( 'NONE',  ( 0.3199999999999982858, 4.809999999999998721, 3.450000000000000622 ) ) ;
#5345 = ORIENTED_EDGE ( 'NONE', *, *, #6033, .F. ) ;
#5346 = ORIENTED_EDGE ( 'NONE', *, *, #2496, .F. ) ;
#5347 = DIRECTION ( 'NONE',  ( 0.000000000000000000, -0.7071067811865474617, -0.7071067811865474617 ) ) ;
#5348 = CARTESIAN_POINT ( 'NONE',  ( 5.180760655071948051, 0.1153897904344145520, 0.000000000000000000 ) ) ;
#5349 = CARTESIAN_POINT ( 'NONE',  ( -5.400000000000002132, 5.450000000000000178, -3.000000000000000000 ) ) ;
#5350 = EDGE_LOOP ( 'NONE', ( #6603, #9665, #7935, #7860 ) ) ;
#5351 = VERTEX_POINT ( 'NONE', #10139 ) ;
#5352 = CARTESIAN_POINT ( 'NONE',  ( 0.3199999999999982858, 2.909999999999998810, -3.000000000000000000 ) ) ;
#5353 = LINE ( 'NONE', #3712, #2624 ) ;
#5354 = ORIENTED_EDGE ( 'NONE', *, *, #3127, .F. ) ;
#5355 = DIRECTION ( 'NONE',  ( -1.000000000000000000, 0.000000000000000000, 0.000000000000000000 ) ) ;
#5356 = ORIENTED_EDGE ( 'NONE', *, *, #373, .T. ) ;
#5357 = CARTESIAN_POINT ( 'NONE',  ( 5.080144587105865028, -0.05225477560491612050, -1.355252715606880543E-17 ) ) ;
#5358 = DIRECTION ( 'NONE',  ( -0.000000000000000000, -0.000000000000000000, -1.000000000000000000 ) ) ;
#5359 = EDGE_CURVE ( 'NONE', #4248, #4816, #3400, .T. ) ;
#5360 = LINE ( 'NONE', #2842, #10372 ) ;
#5361 = DIRECTION ( 'NONE',  ( 1.000000000000000000, -0.000000000000000000, -0.000000000000000000 ) ) ;
#5362 = CARTESIAN_POINT ( 'NONE',  ( -6.350000000000002309, 1.250000000000000222, 5.000000000000000000 ) ) ;
#5363 = LINE ( 'NONE', #1160, #10874 ) ;
#5364 = DIRECTION ( 'NONE',  ( -0.000000000000000000, 0.000000000000000000, 1.000000000000000000 ) ) ;
#5365 = VERTEX_POINT ( 'NONE', #2795 ) ;
#5366 = SURFACE_SIDE_STYLE ('',( #7010 ) ) ;
#5367 = ORIENTED_EDGE ( 'NONE', *, *, #7208, .F. ) ;
#5368 = DIRECTION ( 'NONE',  ( 0.000000000000000000, 0.7071067811865467956, 0.7071067811865483499 ) ) ;
#5369 = CARTESIAN_POINT ( 'NONE',  ( 3.309999999999998721, 1.250000000000000222, 5.000000000000000000 ) ) ;
#5370 = CARTESIAN_POINT ( 'NONE',  ( 5.111119939259325839, -0.7661474869930752218, 0.1000000000000000056 ) ) ;
#5371 = DIRECTION ( 'NONE',  ( 0.000000000000000000, -0.7071067811865483499, 0.7071067811865467956 ) ) ;
#5372 = ORIENTED_EDGE ( 'NONE', *, *, #315, .F. ) ;
#5373 = CARTESIAN_POINT ( 'NONE',  ( 5.177435897435896273, -0.6044871794871796711, 0.1000000000000000056 ) ) ;
#5374 = LINE ( 'NONE', #4660, #8396 ) ;
#5375 = SURFACE_STYLE_FILL_AREA ( #7908 ) ;
#5376 = CARTESIAN_POINT ( 'NONE',  ( -0.3200000000000017830, -7.249999999999999112, 3.650000000000000799 ) ) ;
#5377 = CARTESIAN_POINT ( 'NONE',  ( 5.110887517756999010, -0.7536938413102799439, -0.000000000000000000 ) ) ;
#5378 = VERTEX_POINT ( 'NONE', #6091 ) ;
#5379 = PLANE ( 'NONE',  #701 ) ;
#5380 = CARTESIAN_POINT ( 'NONE',  ( 5.440073136317013613, -0.6872109903513187179, 0.000000000000000000 ) ) ;
#5381 = CARTESIAN_POINT ( 'NONE',  ( 0.3199999999999982858, -7.049999999999999822, 4.090000000000000746 ) ) ;
#5382 = CARTESIAN_POINT ( 'NONE',  ( 5.469220502354381175, 0.003082091239442236782, 0.1000000000000000056 ) ) ;
#5383 = ADVANCED_FACE ( 'NONE', ( #4375 ), #2621, .F. ) ;
#5384 = ADVANCED_FACE ( 'NONE', ( #7746 ), #184, .F. ) ;
#5385 = VECTOR ( 'NONE', #2144, 1000.000000000000000 ) ;
#5386 = CARTESIAN_POINT ( 'NONE',  ( 2.859999999999998099, 2.909999999999999698, 1.350000000000000977 ) ) ;
#5387 = ORIENTED_EDGE ( 'NONE', *, *, #8098, .T. ) ;
#5388 = ORIENTED_EDGE ( 'NONE', *, *, #2668, .T. ) ;
#5389 = CARTESIAN_POINT ( 'NONE',  ( 2.219999999999997975, -7.049999999999999822, 0.9100000000000000311 ) ) ;
#5390 = EDGE_CURVE ( 'NONE', #3773, #9774, #5211, .T. ) ;
#5391 = ORIENTED_EDGE ( 'NONE', *, *, #985, .F. ) ;
#5392 = ADVANCED_FACE ( 'NONE', ( #9365 ), #8392, .F. ) ;
#5393 = LINE ( 'NONE', #419, #160 ) ;
#5394 = ORIENTED_EDGE ( 'NONE', *, *, #10281, .T. ) ;
#5395 = PLANE ( 'NONE',  #4045 ) ;
#5396 = EDGE_LOOP ( 'NONE', ( #9154, #4072, #6053, #495 ) ) ;
#5397 = VECTOR ( 'NONE', #1570, 1000.000000000000000 ) ;
#5398 = CARTESIAN_POINT ( 'NONE',  ( 5.092040749127442645, 0.02119137089089281889, 0.000000000000000000 ) ) ;
#5399 = EDGE_CURVE ( 'NONE', #1272, #10656, #14, .T. ) ;
#5400 = AXIS2_PLACEMENT_3D ( 'NONE', #2894, #10462, #2943 ) ;
#5401 = CARTESIAN_POINT ( 'NONE',  ( -2.220000000000001972, -7.249999999999999112, 3.650000000000000799 ) ) ;
#5402 = ORIENTED_EDGE ( 'NONE', *, *, #3841, .T. ) ;
#5403 = VERTEX_POINT ( 'NONE', #7583 ) ;
#5404 = CARTESIAN_POINT ( 'NONE',  ( 5.302385006703504544, 0.09709555382007552249, 0.000000000000000000 ) ) ;
#5405 = CARTESIAN_POINT ( 'NONE',  ( 2.859999999999998099, 5.649999999999999467, -2.799999999999999822 ) ) ;
#5406 = VERTEX_POINT ( 'NONE', #5926 ) ;
#5407 = ORIENTED_EDGE ( 'NONE', *, *, #1127, .T. ) ;
#5408 = CARTESIAN_POINT ( 'NONE',  ( 5.088268905874774539, 0.008533831490173436965, 0.1000000000000000056 ) ) ;
#5409 = VECTOR ( 'NONE', #4087, 1000.000000000000000 ) ;
#5410 = COLOUR_RGB ( '',0.1490196078431372528, 0.1490196078431372528, 0.1490196078431372528 ) ;
#5411 = ADVANCED_FACE ( 'NONE', ( #9256 ), #1733, .F. ) ;
#5412 = SURFACE_STYLE_FILL_AREA ( #9568 ) ;
#5413 = SURFACE_STYLE_FILL_AREA ( #10406 ) ;
#5414 = ADVANCED_FACE ( 'NONE', ( #4269 ), #1792, .T. ) ;
#5415 = AXIS2_PLACEMENT_3D ( 'NONE', #1630, #5722, #649 ) ;
#5416 = CARTESIAN_POINT ( 'NONE',  ( 2.859999999999998099, 2.909999999999998810, -3.000000000000000000 ) ) ;
#5417 = FACE_OUTER_BOUND ( 'NONE', #1579, .T. ) ;
#5418 = VECTOR ( 'NONE', #840, 1000.000000000000000 ) ;
#5419 = AXIS2_PLACEMENT_3D ( 'NONE', #8664, #1588, #235 ) ;
#5420 = CARTESIAN_POINT ( 'NONE',  ( 5.131201923076922355, 0.002564102564102757088, 0.000000000000000000 ) ) ;
#5421 = CARTESIAN_POINT ( 'NONE',  ( -2.220000000000001972, 2.269999999999999130, 0.7099999999999985212 ) ) ;
#5422 = EDGE_CURVE ( 'NONE', #3693, #5188, #8876, .T. ) ;
#5423 = EDGE_LOOP ( 'NONE', ( #2064, #6587, #4461, #4637, #4773, #7966 ) ) ;
#5424 = CARTESIAN_POINT ( 'NONE',  ( -1.188032786885242276, 1.250000000000000222, 0.6983606557377110002 ) ) ;
#5425 = EDGE_LOOP ( 'NONE', ( #9505, #7146, #3043, #4863 ) ) ;
#5426 = DIRECTION ( 'NONE',  ( 0.000000000000000000, 0.000000000000000000, 1.000000000000000000 ) ) ;
#5427 = DIRECTION ( 'NONE',  ( 1.000000000000000000, -0.000000000000000000, -0.000000000000000000 ) ) ;
#5428 = CARTESIAN_POINT ( 'NONE',  ( -3.810000000000000941, 1.250000000000000222, 4.400000000000000355 ) ) ;
#5429 = PLANE ( 'NONE',  #8914 ) ;
#5430 = COLOUR_RGB ( '',0.1490196078431372528, 0.1490196078431372528, 0.1490196078431372528 ) ;
#5431 = VECTOR ( 'NONE', #10769, 1000.000000000000000 ) ;
#5432 = STYLED_ITEM ( 'NONE', ( #3839 ), #5534 ) ;
#5433 = VERTEX_POINT ( 'NONE', #1119 ) ;
#5434 = LINE ( 'NONE', #3737, #8609 ) ;
#5435 = FACE_OUTER_BOUND ( 'NONE', #3422, .T. ) ;
#5436 =( NAMED_UNIT ( * ) SI_UNIT ( $, .STERADIAN. ) SOLID_ANGLE_UNIT ( ) );
#5437 = FACE_OUTER_BOUND ( 'NONE', #1885, .T. ) ;
#5438 = CARTESIAN_POINT ( 'NONE',  ( -6.350000000000002309, -1.249999999999999778, 3.450000000000000622 ) ) ;
#5439 = EDGE_CURVE ( 'NONE', #4280, #861, #8827, .T. ) ;
#5440 = DIRECTION ( 'NONE',  ( 0.000000000000000000, -1.000000000000000000, 2.090028284309406981E-16 ) ) ;
#5441 = EDGE_LOOP ( 'NONE', ( #6022, #9233, #1634, #6931 ) ) ;
#5442 = VECTOR ( 'NONE', #4204, 1000.000000000000000 ) ;
#5443 = DIRECTION ( 'NONE',  ( 0.000000000000000000, -0.7071067811865467956, 0.7071067811865483499 ) ) ;
#5444 = VECTOR ( 'NONE', #3049, 1000.000000000000000 ) ;
#5445 = CARTESIAN_POINT ( 'NONE',  ( 5.484849735431615692, -0.6945857502852714749, 0.1000000000000000056 ) ) ;
#5446 = CARTESIAN_POINT ( 'NONE',  ( 5.139664050705273546, 0.02381702226459602931, 0.000000000000000000 ) ) ;
#5447 = AXIS2_PLACEMENT_3D ( 'NONE', #9225, #5071, #8421 ) ;
#5448 = CARTESIAN_POINT ( 'NONE',  ( 5.479999999999999538, -0.4910256410256409465, 0.1000000000000000056 ) ) ;
#5449 = DIRECTION ( 'NONE',  ( 0.000000000000000000, 0.000000000000000000, -1.000000000000000000 ) ) ;
#5450 = ORIENTED_EDGE ( 'NONE', *, *, #3916, .F. ) ;
#5451 = VECTOR ( 'NONE', #7162, 1000.000000000000000 ) ;
#5452 = ORIENTED_EDGE ( 'NONE', *, *, #5073, .F. ) ;
#5453 = CARTESIAN_POINT ( 'NONE',  ( 5.110962234169333485, -0.7403726047743596217, 0.000000000000000000 ) ) ;
#5454 = AXIS2_PLACEMENT_3D ( 'NONE', #8360, #6606, #3259 ) ;
#5455 = ORIENTED_EDGE ( 'NONE', *, *, #4711, .F. ) ;
#5456 = VECTOR ( 'NONE', #7350, 1000.000000000000000 ) ;
#5457 = ORIENTED_EDGE ( 'NONE', *, *, #9484, .F. ) ;
#5458 = CARTESIAN_POINT ( 'NONE',  ( 5.479999999999999538, -0.1128205128205126417, -0.000000000000000000 ) ) ;
#5459 = EDGE_CURVE ( 'NONE', #2366, #1858, #5374, .T. ) ;
#5460 = FACE_OUTER_BOUND ( 'NONE', #1319, .T. ) ;
#5461 = CARTESIAN_POINT ( 'NONE',  ( 5.260264834361282560, 0.1344018514682523979, 0.000000000000000000 ) ) ;
#5462 = AXIS2_PLACEMENT_3D ( 'NONE', #3685, #7028, #10380 ) ;
#5463 = VECTOR ( 'NONE', #10497, 1000.000000000000000 ) ;
#5464 = COLOUR_RGB ( '',0.1490196078431372528, 0.1490196078431372528, 0.1490196078431372528 ) ;
#5465 = VECTOR ( 'NONE', #4933, 1000.000000000000000 ) ;
#5466 = LINE ( 'NONE', #3806, #683 ) ;
#5467 = ORIENTED_EDGE ( 'NONE', *, *, #2202, .T. ) ;
#5468 = EDGE_LOOP ( 'NONE', ( #10611, #4440, #2404, #5510 ) ) ;
#5469 = EDGE_CURVE ( 'NONE', #9013, #6618, #1174, .T. ) ;
#5470 = ORIENTED_EDGE ( 'NONE', *, *, #8800, .T. ) ;
#5471 = CARTESIAN_POINT ( 'NONE',  ( -1.770000000000001128, -1.249999999999999778, 5.000000000000000000 ) ) ;
#5472 = DIRECTION ( 'NONE',  ( 0.000000000000000000, 1.628629872832303439E-16, 1.000000000000000000 ) ) ;
#5473 = VERTEX_POINT ( 'NONE', #7189 ) ;
#5474 = VECTOR ( 'NONE', #3844, 1000.000000000000000 ) ;
#5475 = AXIS2_PLACEMENT_3D ( 'NONE', #2271, #3818, #9849 ) ;
#5476 =( GEOMETRIC_REPRESENTATION_CONTEXT ( 3 ) GLOBAL_UNCERTAINTY_ASSIGNED_CONTEXT ( ( #4990 ) ) GLOBAL_UNIT_ASSIGNED_CONTEXT ( ( #8160, #1647, #9950 ) ) REPRESENTATION_CONTEXT ( 'NONE', 'WORKASPACE' ) );
#5477 = SURFACE_STYLE_USAGE ( .BOTH. , #9566 ) ;
#5478 = ORIENTED_EDGE ( 'NONE', *, *, #8223, .F. ) ;
#5479 = PRESENTATION_STYLE_ASSIGNMENT (( #2105 ) ) ;
#5480 = DIRECTION ( 'NONE',  ( 0.000000000000000000, 0.000000000000000000, 1.000000000000000000 ) ) ;
#5481 = FILL_AREA_STYLE ('',( #9570 ) ) ;
#5482 = LINE ( 'NONE', #7279, #2655 ) ;
#5483 = ADVANCED_FACE ( 'NONE', ( #523 ), #10425, .F. ) ;
#5484 = PRESENTATION_LAYER_ASSIGNMENT (  '', '', ( #7757 ) ) ;
#5485 = CARTESIAN_POINT ( 'NONE',  ( 6.349999999999996980, 1.249999999999999778, 0.4000000000000001887 ) ) ;
#5486 = CARTESIAN_POINT ( 'NONE',  ( 6.349999999999999645, -1.249999999999999778, 0.6000000000000001998 ) ) ;
#5487 = EDGE_CURVE ( 'NONE', #5829, #1960, #6205, .T. ) ;
#5488 = CARTESIAN_POINT ( 'NONE',  ( -3.810000000000000941, 1.250000000000000222, 4.400000000000000355 ) ) ;
#5489 = CARTESIAN_POINT ( 'NONE',  ( 5.165797289421933947, 0.05908681362530783521, 0.000000000000000000 ) ) ;
#5490 = DIRECTION ( 'NONE',  ( 1.000000000000000000, 0.000000000000000000, -0.000000000000000000 ) ) ;
#5491 = CARTESIAN_POINT ( 'NONE',  ( 5.414344345966028094, -0.8594780404406184848, -0.000000000000000000 ) ) ;
#5492 = CARTESIAN_POINT ( 'NONE',  ( 5.479999999999999538, 0.3756410256410263049, 0.000000000000000000 ) ) ;
#5493 = DIRECTION ( 'NONE',  ( 1.000000000000000000, -0.000000000000000000, -0.000000000000000000 ) ) ;
#5494 = CARTESIAN_POINT ( 'NONE',  ( 5.153637820512820156, -0.5730769230769233724, -0.000000000000000000 ) ) ;
#5495 = CARTESIAN_POINT ( 'NONE',  ( 6.349999999999996980, 0.6499999999999999112, 4.090000000000000746 ) ) ;
#5496 = VERTEX_POINT ( 'NONE', #6253 ) ;
#5497 = CARTESIAN_POINT ( 'NONE',  ( -6.183333333333337123, 1.250000000000000222, 0.4000000000000004663 ) ) ;
#5498 = SURFACE_STYLE_FILL_AREA ( #402 ) ;
#5499 =( LENGTH_UNIT ( ) NAMED_UNIT ( * ) SI_UNIT ( .MILLI., .METRE. ) );
#5500 = CARTESIAN_POINT ( 'NONE',  ( 5.242210412793820495, -0.9598823722681244508, 0.000000000000000000 ) ) ;
#5501 = DIRECTION ( 'NONE',  ( 0.000000000000000000, -1.000000000000000000, 1.628629872832303193E-16 ) ) ;
#5502 = CARTESIAN_POINT ( 'NONE',  ( 5.110769230769230731, -0.7473557692307695177, 0.000000000000000000 ) ) ;
#5503 = EDGE_LOOP ( 'NONE', ( #9120, #3561, #7845, #8494, #9062, #3145 ) ) ;
#5504 = SURFACE_STYLE_FILL_AREA ( #2141 ) ;
#5505 = DIRECTION ( 'NONE',  ( -0.000000000000000000, -1.000000000000000000, -0.000000000000000000 ) ) ;
#5506 = CARTESIAN_POINT ( 'NONE',  ( 5.438974358974357770, -0.4551282051282050101, 0.1000000000000000056 ) ) ;
#5507 = CARTESIAN_POINT ( 'NONE',  ( 5.446310797029412676, 0.05320789685125950491, 0.1000000000000000056 ) ) ;
#5508 = EDGE_CURVE ( 'NONE', #6306, #1065, #9584, .T. ) ;
#5509 = CARTESIAN_POINT ( 'NONE',  ( 5.208205128205127821, 0.2858974358974362140, 0.1000000000000000056 ) ) ;
#5510 = ORIENTED_EDGE ( 'NONE', *, *, #1782, .T. ) ;
#5511 = EDGE_LOOP ( 'NONE', ( #9553, #4573, #9493, #1535 ) ) ;
#5512 = CARTESIAN_POINT ( 'NONE',  ( 5.161715435299319310, -0.6188075802658766777, 0.000000000000000000 ) ) ;
#5513 = ORIENTED_EDGE ( 'NONE', *, *, #7284, .F. ) ;
#5514 = SURFACE_SIDE_STYLE ('',( #4506 ) ) ;
#5515 = ORIENTED_EDGE ( 'NONE', *, *, #697, .F. ) ;
#5516 = FACE_OUTER_BOUND ( 'NONE', #6485, .T. ) ;
#5517 = FACE_OUTER_BOUND ( 'NONE', #6762, .T. ) ;
#5518 = DIRECTION ( 'NONE',  ( 0.000000000000000000, 0.000000000000000000, -1.000000000000000000 ) ) ;
#5519 = CARTESIAN_POINT ( 'NONE',  ( -2.860000000000001652, -7.049999999999999822, 1.550000000000000044 ) ) ;
#5520 = ORIENTED_EDGE ( 'NONE', *, *, #9140, .F. ) ;
#5521 = EDGE_CURVE ( 'NONE', #6059, #1527, #7248, .T. ) ;
#5522 = VERTEX_POINT ( 'NONE', #1241 ) ;
#5523 = PRESENTATION_STYLE_ASSIGNMENT (( #4746 ) ) ;
#5524 = LINE ( 'NONE', #3649, #8589 ) ;
#5525 = VERTEX_POINT ( 'NONE', #3678 ) ;
#5526 = LINE ( 'NONE', #10515, #5444 ) ;
#5527 = VERTEX_POINT ( 'NONE', #2958 ) ;
#5528 = DIRECTION ( 'NONE',  ( 0.000000000000000000, 0.7071067811865467956, 0.7071067811865483499 ) ) ;
#5529 = DIRECTION ( 'NONE',  ( 1.000000000000000000, 0.000000000000000000, -0.000000000000000000 ) ) ;
#5530 = CARTESIAN_POINT ( 'NONE',  ( 0.3199999999999982303, 0.6499999999999999112, 4.090000000000000746 ) ) ;
#5531 = CARTESIAN_POINT ( 'NONE',  ( 5.399999999999998579, -7.049999999999999822, 1.550000000000000044 ) ) ;
#5532 = DIRECTION ( 'NONE',  ( 0.000000000000000000, -1.000000000000000000, 0.000000000000000000 ) ) ;
#5533 = EDGE_CURVE ( 'NONE', #8618, #10508, #8069, .T. ) ;
#5534 = ADVANCED_FACE ( 'NONE', ( #5435 ), #5326, .F. ) ;
#5535 = CARTESIAN_POINT ( 'NONE',  ( 5.270595485729828944, 0.09864352210191310033, 0.1000000000000000056 ) ) ;
#5536 = PLANE ( 'NONE',  #5248 ) ;
#5537 = LINE ( 'NONE', #7176, #2779 ) ;
#5538 = CARTESIAN_POINT ( 'NONE',  ( 5.449230769230768878, -0.7498397435897438124, 0.1000000000000000056 ) ) ;
#5539 = ADVANCED_FACE ( 'NONE', ( #6628 ), #3227, .T. ) ;
#5540 = ORIENTED_EDGE ( 'NONE', *, *, #8309, .F. ) ;
#5541 = FACE_OUTER_BOUND ( 'NONE', #5294, .T. ) ;
#5542 = UNCERTAINTY_MEASURE_WITH_UNIT (LENGTH_MEASURE( 1.000000000000000082E-05 ), #9536, 'distance_accuracy_value', 'NONE');
#5543 = FACE_OUTER_BOUND ( 'NONE', #6120, .T. ) ;
#5544 = LINE ( 'NONE', #8168, #7846 ) ;
#5545 = DIRECTION ( 'NONE',  ( 0.000000000000000000, 0.000000000000000000, -1.000000000000000000 ) ) ;
#5546 = CARTESIAN_POINT ( 'NONE',  ( -2.860000000000001652, 2.909999999999999698, 1.350000000000000977 ) ) ;
#5547 = ADVANCED_FACE ( 'NONE', ( #7348 ), #9808, .F. ) ;
#5548 = ORIENTED_EDGE ( 'NONE', *, *, #6400, .F. ) ;
#5549 = CARTESIAN_POINT ( 'NONE',  ( 2.859999999999998099, 2.269999999999999130, 0.7099999999999985212 ) ) ;
#5550 = DIRECTION ( 'NONE',  ( 0.7682212795973761832, -0.000000000000000000, 0.6401843996644795975 ) ) ;
#5551 = FACE_OUTER_BOUND ( 'NONE', #4767, .T. ) ;
#5552 = PLANE ( 'NONE',  #480 ) ;
#5553 = FACE_OUTER_BOUND ( 'NONE', #9106, .T. ) ;
#5554 = PLANE ( 'NONE',  #2834 ) ;
#5555 = ORIENTED_EDGE ( 'NONE', *, *, #1582, .T. ) ;
#5556 = FACE_OUTER_BOUND ( 'NONE', #2520, .T. ) ;
#5557 = DIRECTION ( 'NONE',  ( 1.000000000000000000, 0.000000000000000000, -0.000000000000000000 ) ) ;
#5558 = EDGE_CURVE ( 'NONE', #9838, #5522, #9908, .T. ) ;
#5559 = CARTESIAN_POINT ( 'NONE',  ( 2.219999999999997975, -7.049999999999999822, 4.090000000000000746 ) ) ;
#5560 = VERTEX_POINT ( 'NONE', #6574 ) ;
#5561 = ORIENTED_EDGE ( 'NONE', *, *, #2851, .T. ) ;
#5562 = ORIENTED_EDGE ( 'NONE', *, *, #1948, .F. ) ;
#5563 = DIRECTION ( 'NONE',  ( 0.000000000000000000, -1.000000000000000000, 1.296504840042457116E-16 ) ) ;
#5564 = VERTEX_POINT ( 'NONE', #3176 ) ;
#5565 = LINE ( 'NONE', #1369, #5976 ) ;
#5566 = EDGE_CURVE ( 'NONE', #2097, #5378, #8931, .T. ) ;
#5567 = EDGE_CURVE ( 'NONE', #7178, #1981, #9091, .T. ) ;
#5568 = LINE ( 'NONE', #3958, #4524 ) ;
#5569 = CARTESIAN_POINT ( 'NONE',  ( 5.080049131518341810, -0.06372673128100585227, -0.000000000000000000 ) ) ;
#5570 = CARTESIAN_POINT ( 'NONE',  ( 5.102763183103170341, -0.8700758839971324266, 0.000000000000000000 ) ) ;
#5571 = EDGE_LOOP ( 'NONE', ( #5148, #10772, #4287, #4815, #7716, #3919, #7271, #5004, #9721, #3532, #2727, #2365, #540, #9059, #7324, #1122, #8677, #7102, #3587, #905, #418, #3956, #1483, #8258, #8841, #4426, #5452, #2325, #8550, #6042, #9604, #7924 ) ) ;
#5572 = ORIENTED_EDGE ( 'NONE', *, *, #3168, .T. ) ;
#5573 = EDGE_LOOP ( 'NONE', ( #2384, #837, #9567, #748 ) ) ;
#5574 = LINE ( 'NONE', #8043, #3863 ) ;
#5575 = AXIS2_PLACEMENT_3D ( 'NONE', #10264, #3692, #8673 ) ;
#5576 = CARTESIAN_POINT ( 'NONE',  ( 5.324366852629228930, 0.1303560275252333145, 0.1000000000000000056 ) ) ;
#5577 = ORIENTED_EDGE ( 'NONE', *, *, #10821, .F. ) ;
#5578 = FACE_OUTER_BOUND ( 'NONE', #24, .T. ) ;
#5579 = ORIENTED_EDGE ( 'NONE', *, *, #7549, .F. ) ;
#5580 = PLANE ( 'NONE',  #4403 ) ;
#5581 = FACE_OUTER_BOUND ( 'NONE', #958, .T. ) ;
#5582 = VECTOR ( 'NONE', #9729, 1000.000000000000000 ) ;
#5583 = LINE ( 'NONE', #1440, #8790 ) ;
#5584 = CARTESIAN_POINT ( 'NONE',  ( -5.400000000000002132, -7.249999999999999112, 3.890000000000000568 ) ) ;
#5585 = CARTESIAN_POINT ( 'NONE',  ( 5.103673941892381549, -0.6260820121213253042, 0.000000000000000000 ) ) ;
#5586 = VECTOR ( 'NONE', #8815, 1000.000000000000000 ) ;
#5587 = LINE ( 'NONE', #8917, #9816 ) ;
#5588 = COLOUR_RGB ( '',0.1490196078431372528, 0.1490196078431372528, 0.1490196078431372528 ) ;
#5589 = EDGE_LOOP ( 'NONE', ( #1349, #10888, #7876, #1854 ) ) ;
#5590 = FILL_AREA_STYLE ('',( #6569 ) ) ;
#5591 = CARTESIAN_POINT ( 'NONE',  ( 5.115841161651068170, -0.8879962273720212185, 0.1000000000000000056 ) ) ;
#5592 = CARTESIAN_POINT ( 'NONE',  ( -2.220000000000001972, -7.049999999999999822, 0.9100000000000000311 ) ) ;
#5593 = LINE ( 'NONE', #2225, #7394 ) ;
#5594 = EDGE_CURVE ( 'NONE', #2263, #2406, #3276, .T. ) ;
#5595 = DIRECTION ( 'NONE',  ( -1.000000000000000000, 0.000000000000000000, 0.000000000000000000 ) ) ;
#5596 = AXIS2_PLACEMENT_3D ( 'NONE', #2873, #6218, #77 ) ;
#5597 = EDGE_CURVE ( 'NONE', #947, #2181, #2452, .T. ) ;
#5598 = MECHANICAL_DESIGN_GEOMETRIC_PRESENTATION_REPRESENTATION (  '', ( #6815 ), #7344 ) ;
#5599 = ADVANCED_FACE ( 'NONE', ( #4824 ), #4874, .F. ) ;
#5600 = ORIENTED_EDGE ( 'NONE', *, *, #117, .F. ) ;
#5601 = VECTOR ( 'NONE', #3277, 1000.000000000000000 ) ;
#5602 = PLANE ( 'NONE',  #7389 ) ;
#5603 = LINE ( 'NONE', #8125, #9073 ) ;
#5604 = CARTESIAN_POINT ( 'NONE',  ( 2.219999999999997975, 3.109999999999998987, -2.799999999999999822 ) ) ;
#5605 = DIRECTION ( 'NONE',  ( 0.000000000000000000, -0.7071067811865474617, -0.7071067811865474617 ) ) ;
#5606 = CARTESIAN_POINT ( 'NONE',  ( 5.262011554768085020, -0.9623869201760277825, 0.1000000000000000056 ) ) ;
#5607 = EDGE_CURVE ( 'NONE', #6382, #5150, #9864, .T. ) ;
#5608 = CARTESIAN_POINT ( 'NONE',  ( 5.302385006703504544, 0.09709555382007552249, 0.1000000000000000056 ) ) ;
#5609 = ORIENTED_EDGE ( 'NONE', *, *, #3906, .T. ) ;
#5610 = FACE_OUTER_BOUND ( 'NONE', #6203, .T. ) ;
#5611 = ORIENTED_EDGE ( 'NONE', *, *, #7443, .T. ) ;
#5612 = PRESENTATION_LAYER_ASSIGNMENT (  '', '', ( #4720 ) ) ;
#5613 = CARTESIAN_POINT ( 'NONE',  ( 5.456320626316760958, -0.6253642892157038613, 0.1000000000000000056 ) ) ;
#5614 = VECTOR ( 'NONE', #3437, 1000.000000000000000 ) ;
#5615 = CARTESIAN_POINT ( 'NONE',  ( 4.759999999999998899, 5.450000000000000178, -3.000000000000000000 ) ) ;
#5616 = EDGE_CURVE ( 'NONE', #9434, #653, #2344, .T. ) ;
#5617 = EDGE_CURVE ( 'NONE', #1981, #8343, #8283, .T. ) ;
#5618 = CARTESIAN_POINT ( 'NONE',  ( 5.426680487442699707, -0.8399541930673591894, 0.1000000000000000056 ) ) ;
#5619 = ORIENTED_EDGE ( 'NONE', *, *, #4993, .T. ) ;
#5620 = AXIS2_PLACEMENT_3D ( 'NONE', #6676, #10017, #5853 ) ;
#5621 = EDGE_CURVE ( 'NONE', #8271, #928, #1614, .T. ) ;
#5622 = AXIS2_PLACEMENT_3D ( 'NONE', #965, #1696, #7704 ) ;
#5623 = CARTESIAN_POINT ( 'NONE',  ( 4.759999999999998899, -7.249999999999999112, 1.110000000000000098 ) ) ;
#5624 = ORIENTED_EDGE ( 'NONE', *, *, #4521, .T. ) ;
#5625 = AXIS2_PLACEMENT_3D ( 'NONE', #3591, #10062, #9336 ) ;
#5626 = LINE ( 'NONE', #10559, #1411 ) ;
#5627 = EDGE_CURVE ( 'NONE', #6444, #7, #5704, .T. ) ;
#5628 = DIRECTION ( 'NONE',  ( 0.000000000000000000, 1.000000000000000000, 0.000000000000000000 ) ) ;
#5629 = CARTESIAN_POINT ( 'NONE',  ( -5.400000000000002132, 4.809999999999999609, 3.250000000000000888 ) ) ;
#5630 = VECTOR ( 'NONE', #9613, 1000.000000000000000 ) ;
#5631 = AXIS2_PLACEMENT_3D ( 'NONE', #2701, #8410, #10054 ) ;
#5632 = VECTOR ( 'NONE', #7537, 1000.000000000000000 ) ;
#5633 = ORIENTED_EDGE ( 'NONE', *, *, #4396, .F. ) ;
#5634 = CARTESIAN_POINT ( 'NONE',  ( 5.291864788495479921, 0.1343735037258181331, 0.000000000000000000 ) ) ;
#5635 = VERTEX_POINT ( 'NONE', #8126 ) ;
#5636 = VECTOR ( 'NONE', #4334, 1000.000000000000000 ) ;
#5637 =( NAMED_UNIT ( * ) SI_UNIT ( $, .STERADIAN. ) SOLID_ANGLE_UNIT ( ) );
#5638 = ORIENTED_EDGE ( 'NONE', *, *, #1802, .T. ) ;
#5639 = FACE_OUTER_BOUND ( 'NONE', #552, .T. ) ;
#5640 = CARTESIAN_POINT ( 'NONE',  ( -0.3200000000000017830, 4.809999999999999609, 3.250000000000000888 ) ) ;
#5641 = VECTOR ( 'NONE', #3733, 1000.000000000000000 ) ;
#5642 = AXIS2_PLACEMENT_3D ( 'NONE', #9666, #7928, #1977 ) ;
#5643 = VECTOR ( 'NONE', #7734, 1000.000000000000114 ) ;
#5644 = CARTESIAN_POINT ( 'NONE',  ( 5.423812872858739809, 0.005382692088441371099, 0.000000000000000000 ) ) ;
#5645 = CARTESIAN_POINT ( 'NONE',  ( 2.859999999999998099, -7.249999999999999112, 1.349999999999999867 ) ) ;
#5646 = DIRECTION ( 'NONE',  ( 0.000000000000000000, 1.000000000000000000, 0.000000000000000000 ) ) ;
#5647 = EDGE_CURVE ( 'NONE', #9812, #1341, #579, .T. ) ;
#5648 = VECTOR ( 'NONE', #749, 1000.000000000000114 ) ;
#5649 = FILL_AREA_STYLE_COLOUR ( '', #1936 ) ;
#5650 = VECTOR ( 'NONE', #1715, 1000.000000000000000 ) ;
#5651 = VECTOR ( 'NONE', #9042, 1000.000000000000000 ) ;
#5652 = FACE_OUTER_BOUND ( 'NONE', #5971, .T. ) ;
#5653 = VECTOR ( 'NONE', #3505, 1000.000000000000000 ) ;
#5654 = VECTOR ( 'NONE', #1442, 1000.000000000000114 ) ;
#5655 = LINE ( 'NONE', #1492, #10168 ) ;
#5656 = ORIENTED_EDGE ( 'NONE', *, *, #7213, .T. ) ;
#5657 = CARTESIAN_POINT ( 'NONE',  ( 5.130359517952708615, -0.0003368413821132711962, 0.1000000000000000056 ) ) ;
#5658 = LINE ( 'NONE', #9799, #7149 ) ;
#5659 = CARTESIAN_POINT ( 'NONE',  ( -5.400000000000002132, 4.809999999999998721, 3.450000000000000622 ) ) ;
#5660 = AXIS2_PLACEMENT_3D ( 'NONE', #264, #4523, #1046 ) ;
#5661 = ORIENTED_EDGE ( 'NONE', *, *, #6730, .T. ) ;
#5662 = CARTESIAN_POINT ( 'NONE',  ( -4.760000000000002451, 5.650000000000000355, 3.890000000000000124 ) ) ;
#5663 = PLANE ( 'NONE',  #8721 ) ;
#5664 = CARTESIAN_POINT ( 'NONE',  ( -2.860000000000001652, 4.809999999999998721, 3.450000000000000622 ) ) ;
#5665 = EDGE_CURVE ( 'NONE', #4171, #3546, #8441, .T. ) ;
#5666 = DIRECTION ( 'NONE',  ( 1.000000000000000000, -0.000000000000000000, -0.000000000000000000 ) ) ;
#5667 = FACE_OUTER_BOUND ( 'NONE', #8333, .T. ) ;
#5668 = ORIENTED_EDGE ( 'NONE', *, *, #8164, .F. ) ;
#5669 = CARTESIAN_POINT ( 'NONE',  ( 5.440073136317013613, -0.6872109903513187179, 0.1000000000000000056 ) ) ;
#5670 = ORIENTED_EDGE ( 'NONE', *, *, #9608, .T. ) ;
#5671 = LINE ( 'NONE', #10801, #330 ) ;
#5672 = CARTESIAN_POINT ( 'NONE',  ( 5.183139533668054355, 0.07312576999192177407, 0.1000000000000000056 ) ) ;
#5673 = EDGE_CURVE ( 'NONE', #9388, #1758, #6740, .T. ) ;
#5674 = FACE_OUTER_BOUND ( 'NONE', #6644, .T. ) ;
#5675 = VERTEX_POINT ( 'NONE', #6844 ) ;
#5676 = VERTEX_POINT ( 'NONE', #1053 ) ;
#5677 = ADVANCED_FACE ( 'NONE', ( #10242 ), #7727, .F. ) ;
#5678 = FACE_BOUND ( 'NONE', #9392, .T. ) ;
#5679 = CARTESIAN_POINT ( 'NONE',  ( 1.810000000000012044, 1.250000000000000222, -1.799999999999993383 ) ) ;
#5680 = EDGE_CURVE ( 'NONE', #6982, #9325, #10190, .T. ) ;
#5681 = MECHANICAL_DESIGN_GEOMETRIC_PRESENTATION_REPRESENTATION (  '', ( #9520 ), #5302 ) ;
#5682 = ORIENTED_EDGE ( 'NONE', *, *, #3610, .F. ) ;
#5683 = ORIENTED_EDGE ( 'NONE', *, *, #2679, .T. ) ;
#5684 = DIRECTION ( 'NONE',  ( 0.000000000000000000, 0.7071067811865467956, 0.7071067811865483499 ) ) ;
#5685 = ORIENTED_EDGE ( 'NONE', *, *, #6240, .F. ) ;
#5686 = CARTESIAN_POINT ( 'NONE',  ( 3.809999999999999165, 0.6499999999999995781, 0.6000000000000001998 ) ) ;
#5687 = LINE ( 'NONE', #3870, #517 ) ;
#5688 = CARTESIAN_POINT ( 'NONE',  ( 5.425437667326391100, -0.5883293469937611597, 0.1000000000000000056 ) ) ;
#5689 = ORIENTED_EDGE ( 'NONE', *, *, #485, .T. ) ;
#5690 = CARTESIAN_POINT ( 'NONE',  ( 2.219999999999997975, 4.809999999999998721, 3.450000000000000622 ) ) ;
#5691 = CARTESIAN_POINT ( 'NONE',  ( 5.406628158766209502, 0.03768400194234969997, 0.1000000000000000056 ) ) ;
#5692 = DIRECTION ( 'NONE',  ( -1.000000000000000000, 0.000000000000000000, 0.000000000000000000 ) ) ;
#5693 = LINE ( 'NONE', #615, #6689 ) ;
#5694 = LINE ( 'NONE', #9952, #10692 ) ;
#5695 = CARTESIAN_POINT ( 'NONE',  ( 5.398771370510144330, -0.9285166973698038007, 0.1000000000000000056 ) ) ;
#5696 = ORIENTED_EDGE ( 'NONE', *, *, #5726, .F. ) ;
#5697 = ORIENTED_EDGE ( 'NONE', *, *, #3111, .T. ) ;
#5698 = CARTESIAN_POINT ( 'NONE',  ( 0.3199999999999982858, 4.809999999999999609, 3.250000000000000888 ) ) ;
#5699 = EDGE_CURVE ( 'NONE', #407, #6618, #2672, .T. ) ;
#5700 = CARTESIAN_POINT ( 'NONE',  ( 5.086463458087087552, -0.6587861126878736817, 0.000000000000000000 ) ) ;
#5701 = ORIENTED_EDGE ( 'NONE', *, *, #10236, .T. ) ;
#5702 = DIRECTION ( 'NONE',  ( 1.000000000000000000, -0.000000000000000000, -0.000000000000000000 ) ) ;
#5703 = CARTESIAN_POINT ( 'NONE',  ( -0.3200000000000017830, -7.049999999999999822, 4.090000000000000746 ) ) ;
#5704 = LINE ( 'NONE', #9037, #10506 ) ;
#5705 = AXIS2_PLACEMENT_3D ( 'NONE', #7249, #2012, #2233 ) ;
#5706 = DIRECTION ( 'NONE',  ( 0.000000000000000000, 0.000000000000000000, 1.000000000000000000 ) ) ;
#5707 = CARTESIAN_POINT ( 'NONE',  ( 6.349999999999996980, 0.6499999999999999112, 3.450000000000000622 ) ) ;
#5708 = ORIENTED_EDGE ( 'NONE', *, *, #196, .F. ) ;
#5709 = CARTESIAN_POINT ( 'NONE',  ( 5.433933897249091594, -0.6712149151901867228, 0.1000000000000000056 ) ) ;
#5710 = EDGE_LOOP ( 'NONE', ( #4397, #1500, #9824, #10175, #10195, #5783 ) ) ;
#5711 = CARTESIAN_POINT ( 'NONE',  ( 5.425437667326391100, -0.5883293469937611597, 0.000000000000000000 ) ) ;
#5712 = CARTESIAN_POINT ( 'NONE',  ( 5.203002298632431355, 0.08436560885861166259, 0.000000000000000000 ) ) ;
#5713 = CARTESIAN_POINT ( 'NONE',  ( -0.3200000000000017830, 5.450000000000001066, 3.890000000000001457 ) ) ;
#5714 = CARTESIAN_POINT ( 'NONE',  ( 4.759999999999998899, -7.249999999999999112, 3.890000000000000568 ) ) ;
#5715 = DIRECTION ( 'NONE',  ( 1.000000000000000000, 0.000000000000000000, 0.000000000000000000 ) ) ;
#5716 = EDGE_LOOP ( 'NONE', ( #6352, #1520, #5624, #3854 ) ) ;
#5717 = SURFACE_STYLE_USAGE ( .BOTH. , #4890 ) ;
#5718 = DIRECTION ( 'NONE',  ( -0.000000000000000000, -1.000000000000000000, -0.000000000000000000 ) ) ;
#5719 = ORIENTED_EDGE ( 'NONE', *, *, #5039, .T. ) ;
#5720 = CARTESIAN_POINT ( 'NONE',  ( 2.219999999999997975, -7.249999999999999112, 1.110000000000000098 ) ) ;
#5721 = EDGE_CURVE ( 'NONE', #10743, #6150, #4257, .T. ) ;
#5722 = DIRECTION ( 'NONE',  ( 0.000000000000000000, 1.000000000000000000, 0.000000000000000000 ) ) ;
#5723 = CARTESIAN_POINT ( 'NONE',  ( 2.883770491803276048, 0.6499999999999999112, 3.288524590163932615 ) ) ;
#5724 = EDGE_CURVE ( 'NONE', #10602, #3693, #6998, .T. ) ;
#5725 = CARTESIAN_POINT ( 'NONE',  ( 0.3199999999999982858, -7.249999999999999112, 1.349999999999999867 ) ) ;
#5726 = EDGE_CURVE ( 'NONE', #4040, #9067, #6079, .T. ) ;
#5727 = EDGE_LOOP ( 'NONE', ( #9719, #4156, #6904, #7438 ) ) ;
#5728 = ORIENTED_EDGE ( 'NONE', *, *, #1279, .F. ) ;
#5729 = VERTEX_POINT ( 'NONE', #4 ) ;
#5730 =( NAMED_UNIT ( * ) PLANE_ANGLE_UNIT ( ) SI_UNIT ( $, .RADIAN. ) );
#5731 = LINE ( 'NONE', #7222, #9992 ) ;
#5732 = ORIENTED_EDGE ( 'NONE', *, *, #283, .F. ) ;
#5733 = EDGE_CURVE ( 'NONE', #2394, #8406, #1830, .T. ) ;
#5734 = PLANE ( 'NONE',  #2984 ) ;
#5735 = VERTEX_POINT ( 'NONE', #4421 ) ;
#5736 = PLANE ( 'NONE',  #9993 ) ;
#5737 = CARTESIAN_POINT ( 'NONE',  ( -3.810000000000002274, 0.6500000000000003553, 0.5999999999999998668 ) ) ;
#5738 = CARTESIAN_POINT ( 'NONE',  ( 5.391070031573264032, 0.05567907485471572382, 0.1000000000000000056 ) ) ;
#5739 = DIRECTION ( 'NONE',  ( 0.6401843996644795975, 0.000000000000000000, 0.7682212795973760722 ) ) ;
#5740 = FILL_AREA_STYLE ('',( #667 ) ) ;
#5741 = VECTOR ( 'NONE', #7807, 1000.000000000000000 ) ;
#5742 = LINE ( 'NONE', #10014, #5654 ) ;
#5743 = CARTESIAN_POINT ( 'NONE',  ( 5.086463458087087552, -0.6587861126878736817, 0.000000000000000000 ) ) ;
#5744 = DIRECTION ( 'NONE',  ( 0.000000000000000000, -0.7071067811865483499, 0.7071067811865467956 ) ) ;
#5745 = ORIENTED_EDGE ( 'NONE', *, *, #10479, .T. ) ;
#5746 = EDGE_CURVE ( 'NONE', #3871, #8742, #8491, .T. ) ;
#5747 = DIRECTION ( 'NONE',  ( 0.000000000000000000, 1.000000000000000000, 1.088556398077815828E-16 ) ) ;
#5748 = ORIENTED_EDGE ( 'NONE', *, *, #7156, .F. ) ;
#5749 = DIRECTION ( 'NONE',  ( 0.000000000000000000, 0.000000000000000000, -1.000000000000000000 ) ) ;
#5750 = AXIS2_PLACEMENT_3D ( 'NONE', #3795, #241, #4498 ) ;
#5751 = EDGE_CURVE ( 'NONE', #9381, #1085, #937, .T. ) ;
#5752 = CARTESIAN_POINT ( 'NONE',  ( 5.081940938748920722, -0.6704056828273203816, -0.000000000000000000 ) ) ;
#5753 = VECTOR ( 'NONE', #2402, 1000.000000000000000 ) ;
#5754 = PLANE ( 'NONE',  #9791 ) ;
#5755 = VECTOR ( 'NONE', #3226, 1000.000000000000000 ) ;
#5756 = LINE ( 'NONE', #8225, #535 ) ;
#5757 = LINE ( 'NONE', #5818, #8206 ) ;
#5758 = CARTESIAN_POINT ( 'NONE',  ( -2.860000000000001652, -7.049999999999999822, 0.9100000000000000311 ) ) ;
#5759 = EDGE_CURVE ( 'NONE', #10837, #3747, #9350, .T. ) ;
#5760 = CARTESIAN_POINT ( 'NONE',  ( 2.859999999999998099, -7.049999999999999822, 1.550000000000000044 ) ) ;
#5761 = CARTESIAN_POINT ( 'NONE',  ( 2.321147540983610202, 0.6499999999999999112, -2.957377049180325734 ) ) ;
#5762 = EDGE_LOOP ( 'NONE', ( #6927, #5388, #979, #10050, #9508, #4517 ) ) ;
#5763 = CARTESIAN_POINT ( 'NONE',  ( 5.448683032244959534, -0.7282544944244784269, 0.1000000000000000056 ) ) ;
#5764 = VERTEX_POINT ( 'NONE', #5198 ) ;
#5765 = UNCERTAINTY_MEASURE_WITH_UNIT (LENGTH_MEASURE( 1.000000000000000082E-05 ), #744, 'distance_accuracy_value', 'NONE');
#5766 = LINE ( 'NONE', #2299, #8248 ) ;
#5767 = VECTOR ( 'NONE', #2314, 1000.000000000000000 ) ;
#5768 = PLANE ( 'NONE',  #3485 ) ;
#5769 = CARTESIAN_POINT ( 'NONE',  ( -0.3200000000000017830, 4.809999999999998721, 3.450000000000000622 ) ) ;
#5770 = EDGE_CURVE ( 'NONE', #8343, #2930, #3391, .T. ) ;
#5771 = CARTESIAN_POINT ( 'NONE',  ( 0.3199999999999982858, 5.450000000000000178, -3.000000000000000000 ) ) ;
#5772 = ORIENTED_EDGE ( 'NONE', *, *, #46, .F. ) ;
#5773 = VECTOR ( 'NONE', #4896, 1000.000000000000000 ) ;
#5774 = CARTESIAN_POINT ( 'NONE',  ( -2.220000000000001972, 2.909999999999999698, 1.350000000000000977 ) ) ;
#5775 = ORIENTED_EDGE ( 'NONE', *, *, #1134, .F. ) ;
#5776 = AXIS2_PLACEMENT_3D ( 'NONE', #123, #949, #9418 ) ;
#5777 = DIRECTION ( 'NONE',  ( 0.000000000000000000, 0.7071067811865467956, 0.7071067811865483499 ) ) ;
#5778 = LINE ( 'NONE', #5833, #5773 ) ;
#5779 = FACE_OUTER_BOUND ( 'NONE', #252, .T. ) ;
#5780 = VECTOR ( 'NONE', #6623, 1000.000000000000000 ) ;
#5781 = DIRECTION ( 'NONE',  ( 0.000000000000000000, -0.000000000000000000, -1.000000000000000000 ) ) ;
#5782 = ORIENTED_EDGE ( 'NONE', *, *, #10813, .F. ) ;
#5783 = ORIENTED_EDGE ( 'NONE', *, *, #9263, .F. ) ;
#5784 = VECTOR ( 'NONE', #1313, 1000.000000000000000 ) ;
#5785 = ORIENTED_EDGE ( 'NONE', *, *, #8682, .T. ) ;
#5786 = LINE ( 'NONE', #8308, #10677 ) ;
#5787 = EDGE_CURVE ( 'NONE', #3581, #863, #832, .T. ) ;
#5788 = FACE_OUTER_BOUND ( 'NONE', #8629, .T. ) ;
#5789 = CARTESIAN_POINT ( 'NONE',  ( 5.418314987228019852, 0.08540331890326861852, 0.000000000000000000 ) ) ;
#5790 = EDGE_LOOP ( 'NONE', ( #2359, #3181, #2122, #9843 ) ) ;
#5791 = PLANE ( 'NONE',  #2269 ) ;
#5792 = ORIENTED_EDGE ( 'NONE', *, *, #2858, .T. ) ;
#5793 = AXIS2_PLACEMENT_3D ( 'NONE', #2368, #4800, #8149 ) ;
#5794 = LINE ( 'NONE', #4968, #2062 ) ;
#5795 = VECTOR ( 'NONE', #1642, 1000.000000000000000 ) ;
#5796 = CARTESIAN_POINT ( 'NONE',  ( 5.399999999999998579, 5.009999999999999787, -2.799999999999999822 ) ) ;
#5797 = EDGE_CURVE ( 'NONE', #4777, #10096, #10030, .T. ) ;
#5798 = CARTESIAN_POINT ( 'NONE',  ( 5.399999999999998579, 2.909999999999998366, 1.550000000000000933 ) ) ;
#5799 = SURFACE_STYLE_FILL_AREA ( #2331 ) ;
#5800 = ORIENTED_EDGE ( 'NONE', *, *, #6004, .F. ) ;
#5801 = DIRECTION ( 'NONE',  ( -0.000000000000000000, 0.000000000000000000, -1.000000000000000000 ) ) ;
#5802 = VECTOR ( 'NONE', #277, 1000.000000000000000 ) ;
#5803 = CARTESIAN_POINT ( 'NONE',  ( 5.289518626924863298, -0.9626427764139905419, 0.000000000000000000 ) ) ;
#5804 = ORIENTED_EDGE ( 'NONE', *, *, #1597, .F. ) ;
#5805 = DIRECTION ( 'NONE',  ( 1.000000000000000000, 0.000000000000000000, -0.000000000000000000 ) ) ;
#5806 = EDGE_LOOP ( 'NONE', ( #9879, #959, #1564, #9096 ) ) ;
#5807 = CARTESIAN_POINT ( 'NONE',  ( -5.400000000000002132, 2.909999999999998810, -3.000000000000000000 ) ) ;
#5808 = ADVANCED_FACE ( 'NONE', ( #2506 ), #9192, .F. ) ;
#5809 = DIRECTION ( 'NONE',  ( -0.6401843996644789314, 0.000000000000000000, -0.7682212795973767383 ) ) ;
#5810 =( LENGTH_UNIT ( ) NAMED_UNIT ( * ) SI_UNIT ( .MILLI., .METRE. ) );
#5811 = VECTOR ( 'NONE', #7587, 1000.000000000000000 ) ;
#5812 = VECTOR ( 'NONE', #3331, 1000.000000000000000 ) ;
#5813 = EDGE_CURVE ( 'NONE', #861, #5119, #6243, .T. ) ;
#5814 = COLOUR_RGB ( '',0.1490196078431372528, 0.1490196078431372528, 0.1490196078431372528 ) ;
#5815 = VECTOR ( 'NONE', #2076, 1000.000000000000000 ) ;
#5816 = VECTOR ( 'NONE', #4034, 1000.000000000000114 ) ;
#5817 = CARTESIAN_POINT ( 'NONE',  ( -4.760000000000002451, 4.809999999999998721, 3.450000000000000622 ) ) ;
#5818 = CARTESIAN_POINT ( 'NONE',  ( 4.759999999999998899, 3.109999999999998987, -2.799999999999999822 ) ) ;
#5819 = CARTESIAN_POINT ( 'NONE',  ( 5.079999999999999183, -0.1935897435897434016, -0.000000000000000000 ) ) ;
#5820 = DIRECTION ( 'NONE',  ( 0.000000000000000000, -1.000000000000000000, 0.000000000000000000 ) ) ;
#5821 = CARTESIAN_POINT ( 'NONE',  ( 5.400055644196157800, -0.8767446215024045086, 0.1000000000000000056 ) ) ;
#5822 = ORIENTED_EDGE ( 'NONE', *, *, #3299, .T. ) ;
#5823 = CARTESIAN_POINT ( 'NONE',  ( 4.309999999999997833, 1.250000000000000222, 0.000000000000000000 ) ) ;
#5824 = ORIENTED_EDGE ( 'NONE', *, *, #7063, .T. ) ;
#5825 = CARTESIAN_POINT ( 'NONE',  ( 5.468427764538614788, -0.6468427795173228301, 0.1000000000000000056 ) ) ;
#5826 = CARTESIAN_POINT ( 'NONE',  ( 5.249042891330751637, 0.09726870958514816090, 0.000000000000000000 ) ) ;
#5827 = CARTESIAN_POINT ( 'NONE',  ( -1.769999999999999352, -1.249999999999999778, 1.885956070686927405E-16 ) ) ;
#5828 = AXIS2_PLACEMENT_3D ( 'NONE', #8870, #9580, #4486 ) ;
#5829 = VERTEX_POINT ( 'NONE', #2778 ) ;
#5830 = PLANE ( 'NONE',  #1569 ) ;
#5831 = ORIENTED_EDGE ( 'NONE', *, *, #1948, .T. ) ;
#5832 = DIRECTION ( 'NONE',  ( -1.000000000000000000, 0.000000000000000000, 0.000000000000000000 ) ) ;
#5833 = CARTESIAN_POINT ( 'NONE',  ( 4.759999999999998899, 3.109999999999999876, 1.349999999999999645 ) ) ;
#5834 = DIRECTION ( 'NONE',  ( 0.000000000000000000, -1.000000000000000000, 0.000000000000000000 ) ) ;
#5835 = CARTESIAN_POINT ( 'NONE',  ( 2.219999999999997975, 4.809999999999999609, 3.250000000000000888 ) ) ;
#5836 = EDGE_CURVE ( 'NONE', #9774, #3559, #8699, .T. ) ;
#5837 = LINE ( 'NONE', #1851, #9759 ) ;
#5838 = ORIENTED_EDGE ( 'NONE', *, *, #7688, .T. ) ;
#5839 = ORIENTED_EDGE ( 'NONE', *, *, #5469, .T. ) ;
#5840 = ORIENTED_EDGE ( 'NONE', *, *, #9145, .T. ) ;
#5841 = PLANE ( 'NONE',  #7171 ) ;
#5842 = DIRECTION ( 'NONE',  ( 0.000000000000000000, -1.000000000000000000, 0.000000000000000000 ) ) ;
#5843 = CARTESIAN_POINT ( 'NONE',  ( 4.759999999999998899, 2.909999999999998810, -3.000000000000000000 ) ) ;
#5844 = ORIENTED_EDGE ( 'NONE', *, *, #2158, .T. ) ;
#5845 = DIRECTION ( 'NONE',  ( 0.000000000000000000, 0.000000000000000000, 1.000000000000000000 ) ) ;
#5846 = EDGE_LOOP ( 'NONE', ( #7053, #745, #7259, #10771 ) ) ;
#5847 =( NAMED_UNIT ( * ) SI_UNIT ( $, .STERADIAN. ) SOLID_ANGLE_UNIT ( ) );
#5848 = LINE ( 'NONE', #9177, #6286 ) ;
#5849 = ADVANCED_FACE ( 'NONE', ( #4597 ), #10410, .F. ) ;
#5850 = DIRECTION ( 'NONE',  ( 0.6401843996644795975, 0.000000000000000000, -0.7682212795973760722 ) ) ;
#5851 = PLANE ( 'NONE',  #1577 ) ;
#5852 = ORIENTED_EDGE ( 'NONE', *, *, #4698, .T. ) ;
#5853 = DIRECTION ( 'NONE',  ( 1.000000000000000000, 0.000000000000000000, -0.000000000000000000 ) ) ;
#5854 = DIRECTION ( 'NONE',  ( -1.000000000000000000, -0.000000000000000000, -0.000000000000000000 ) ) ;
#5855 = EDGE_LOOP ( 'NONE', ( #1117, #1069, #1020, #9437 ) ) ;
#5856 = FACE_BOUND ( 'NONE', #6834, .T. ) ;
#5857 = ORIENTED_EDGE ( 'NONE', *, *, #2659, .F. ) ;
#5858 = DIRECTION ( 'NONE',  ( -0.7682212795973767383, 0.000000000000000000, 0.6401843996644789314 ) ) ;
#5859 = EDGE_CURVE ( 'NONE', #74, #7953, #7999, .T. ) ;
#5860 = CARTESIAN_POINT ( 'NONE',  ( 5.479999999999999538, -0.2653846153846152189, -0.000000000000000000 ) ) ;
#5861 = ADVANCED_FACE ( 'NONE', ( #6948 ), #5536, .F. ) ;
#5862 = CARTESIAN_POINT ( 'NONE',  ( 5.418314987228019852, 0.08540331890326861852, 0.000000000000000000 ) ) ;
#5864 = EDGE_CURVE ( 'NONE', #66, #2150, #4917, .T. ) ;
#5863 = LINE ( 'NONE', #5703, #3113 ) ;
#5865 = EDGE_CURVE ( 'NONE', #1376, #7838, #9735, .T. ) ;
#5866 = DIRECTION ( 'NONE',  ( 1.000000000000000000, -0.000000000000000000, -0.000000000000000000 ) ) ;
#5867 = DIRECTION ( 'NONE',  ( -0.000000000000000000, -1.000000000000000000, -0.000000000000000000 ) ) ;
#5868 = CARTESIAN_POINT ( 'NONE',  ( 5.420780227272080865, -0.8499861287889729500, 0.1000000000000000056 ) ) ;
#5869 = ORIENTED_EDGE ( 'NONE', *, *, #2450, .F. ) ;
#5870 = CARTESIAN_POINT ( 'NONE',  ( 4.759999999999998899, 5.650000000000000355, 3.890000000000000124 ) ) ;
#5871 = ORIENTED_EDGE ( 'NONE', *, *, #639, .F. ) ;
#5872 = EDGE_CURVE ( 'NONE', #8674, #3635, #5694, .T. ) ;
#5873 = LINE ( 'NONE', #1728, #8425 ) ;
#5874 = CARTESIAN_POINT ( 'NONE',  ( -4.309999999999999609, 1.250000000000000222, 1.885956070686927405E-16 ) ) ;
#5875 = LINE ( 'NONE', #4886, #7320 ) ;
#5876 = DIRECTION ( 'NONE',  ( 1.000000000000000000, 0.000000000000000000, -0.000000000000000000 ) ) ;
#5877 = ORIENTED_EDGE ( 'NONE', *, *, #4448, .F. ) ;
#5878 = DIRECTION ( 'NONE',  ( 0.000000000000000000, 0.000000000000000000, 1.000000000000000000 ) ) ;
#5879 = ORIENTED_EDGE ( 'NONE', *, *, #9377, .F. ) ;
#5880 = CARTESIAN_POINT ( 'NONE',  ( -6.350000000000002309, 1.250000000000000222, 5.000000000000000000 ) ) ;
#5881 = EDGE_CURVE ( 'NONE', #7953, #1461, #7237, .T. ) ;
#5882 = PLANE ( 'NONE',  #10661 ) ;
#5883 = FACE_OUTER_BOUND ( 'NONE', #5589, .T. ) ;
#5884 = EDGE_CURVE ( 'NONE', #7776, #10253, #3159, .T. ) ;
#5885 = SURFACE_STYLE_FILL_AREA ( #72 ) ;
#5886 = VERTEX_POINT ( 'NONE', #3100 ) ;
#5887 = ORIENTED_EDGE ( 'NONE', *, *, #1252, .T. ) ;
#5888 = ORIENTED_EDGE ( 'NONE', *, *, #8946, .T. ) ;
#5889 = DIRECTION ( 'NONE',  ( 0.000000000000000000, 0.000000000000000000, 1.000000000000000000 ) ) ;
#5890 = EDGE_CURVE ( 'NONE', #5232, #2104, #6405, .T. ) ;
#5891 = ADVANCED_FACE ( 'NONE', ( #1491 ), #4813, .F. ) ;
#5892 = PLANE ( 'NONE',  #5631 ) ;
#5893 = EDGE_LOOP ( 'NONE', ( #7318, #6034, #4135, #1845 ) ) ;
#5894 = LINE ( 'NONE', #9219, #682 ) ;
#5895 = ORIENTED_EDGE ( 'NONE', *, *, #8390, .F. ) ;
#5896 = CARTESIAN_POINT ( 'NONE',  ( -3.643333333333334423, 0.6499999999999999112, 4.599999999999999645 ) ) ;
#5897 = PLANE ( 'NONE',  #103 ) ;
#5898 = DIRECTION ( 'NONE',  ( 0.000000000000000000, 1.000000000000000000, 1.088556398077815828E-16 ) ) ;
#5899 = CARTESIAN_POINT ( 'NONE',  ( -0.3200000000000017830, -7.249999999999999112, 3.650000000000000799 ) ) ;
#5900 = ORIENTED_EDGE ( 'NONE', *, *, #9194, .F. ) ;
#5901 = DIRECTION ( 'NONE',  ( 0.000000000000000000, -2.090028284309406981E-16, -1.000000000000000000 ) ) ;
#5902 = CARTESIAN_POINT ( 'NONE',  ( 5.147611908884556442, -0.8630413277711953546, 0.1000000000000000056 ) ) ;
#5903 = EDGE_LOOP ( 'NONE', ( #3251, #9168, #479, #2009 ) ) ;
#5904 = CARTESIAN_POINT ( 'NONE',  ( 2.859999999999997211, -1.249999999999999778, 5.000000000000000000 ) ) ;
#5905 = ORIENTED_EDGE ( 'NONE', *, *, #4443, .T. ) ;
#5906 = DIRECTION ( 'NONE',  ( 0.000000000000000000, 0.000000000000000000, 1.000000000000000000 ) ) ;
#5907 = PLANE ( 'NONE',  #4578 ) ;
#5908 = AXIS2_PLACEMENT_3D ( 'NONE', #2870, #8624, #296 ) ;
#5909 = DIRECTION ( 'NONE',  ( -0.000000000000000000, 0.000000000000000000, -1.000000000000000000 ) ) ;
#5910 = CARTESIAN_POINT ( 'NONE',  ( 5.324366852629228930, 0.1303560275252333145, 0.1000000000000000056 ) ) ;
#5911 = CARTESIAN_POINT ( 'NONE',  ( -2.860000000000001652, 5.209999999999999076, -3.000000000000000000 ) ) ;
#5912 = AXIS2_PLACEMENT_3D ( 'NONE', #10689, #10532, #1449 ) ;
#5913 =( LENGTH_UNIT ( ) NAMED_UNIT ( * ) SI_UNIT ( .MILLI., .METRE. ) );
#5914 = CARTESIAN_POINT ( 'NONE',  ( 5.302825191801403548, -0.9255870578311978791, 0.1000000000000000056 ) ) ;
#5915 = ADVANCED_FACE ( 'NONE', ( #5652 ), #7792, .T. ) ;
#5916 = ORIENTED_EDGE ( 'NONE', *, *, #5278, .F. ) ;
#5917 = FILL_AREA_STYLE_COLOUR ( '', #1583 ) ;
#5918 = ORIENTED_EDGE ( 'NONE', *, *, #1865, .T. ) ;
#5919 = AXIS2_PLACEMENT_3D ( 'NONE', #6705, #4994, #743 ) ;
#5920 = CARTESIAN_POINT ( 'NONE',  ( 5.399999999999998579, 3.109999999999999876, 1.349999999999999645 ) ) ;
#5921 = CARTESIAN_POINT ( 'NONE',  ( 5.070973023053856110, -0.7203108070881438785, 0.1000000000000000056 ) ) ;
#5922 = ADVANCED_FACE ( 'NONE', ( #6727 ), #5183, .F. ) ;
#5923 = AXIS2_PLACEMENT_3D ( 'NONE', #1157, #5311, #5197 ) ;
#5924 = DIRECTION ( 'NONE',  ( 1.000000000000000000, -0.000000000000000000, -0.000000000000000000 ) ) ;
#5925 = EDGE_CURVE ( 'NONE', #5365, #8674, #9339, .T. ) ;
#5926 = CARTESIAN_POINT ( 'NONE',  ( 2.859999999999998099, 3.109999999999998987, -2.799999999999999822 ) ) ;
#5927 = ORIENTED_EDGE ( 'NONE', *, *, #6920, .T. ) ;
#5928 = CARTESIAN_POINT ( 'NONE',  ( 5.083003801063797233, -0.8301307086531760637, 0.1000000000000000056 ) ) ;
#5929 = ORIENTED_EDGE ( 'NONE', *, *, #3407, .F. ) ;
#5930 = STYLED_ITEM ( 'NONE', ( #5296 ), #3945 ) ;
#5931 = DIRECTION ( 'NONE',  ( 0.000000000000000000, 0.7071067811865467956, 0.7071067811865483499 ) ) ;
#5932 = VECTOR ( 'NONE', #9049, 1000.000000000000000 ) ;
#5933 = EDGE_CURVE ( 'NONE', #2992, #1138, #5134, .T. ) ;
#5934 = CARTESIAN_POINT ( 'NONE',  ( 5.372435971606020821, 0.07096975744841867162, 0.1000000000000000056 ) ) ;
#5935 = VECTOR ( 'NONE', #9054, 1000.000000000000000 ) ;
#5936 = AXIS2_PLACEMENT_3D ( 'NONE', #6854, #2681, #3398 ) ;
#5937 = ADVANCED_FACE ( 'NONE', ( #1649 ), #8481, .F. ) ;
#5938 = CARTESIAN_POINT ( 'NONE',  ( -4.760000000000001563, 0.6499999999999999112, 4.090000000000000746 ) ) ;
#5939 = VERTEX_POINT ( 'NONE', #4972 ) ;
#5940 = ORIENTED_EDGE ( 'NONE', *, *, #2087, .F. ) ;
#5941 = VECTOR ( 'NONE', #3897, 1000.000000000000000 ) ;
#5942 = ORIENTED_EDGE ( 'NONE', *, *, #6920, .F. ) ;
#5943 = CARTESIAN_POINT ( 'NONE',  ( 0.000000000000000000, 0.000000000000000000, 0.000000000000000000 ) ) ;
#5944 = DIRECTION ( 'NONE',  ( 1.000000000000000000, -0.000000000000000000, -0.000000000000000000 ) ) ;
#5945 = VERTEX_POINT ( 'NONE', #924 ) ;
#5946 = CARTESIAN_POINT ( 'NONE',  ( 1.269999999999999352, -1.249999999999999778, 0.6000000000000001998 ) ) ;
#5947 = ORIENTED_EDGE ( 'NONE', *, *, #7888, .F. ) ;
#5948 = CARTESIAN_POINT ( 'NONE',  ( 5.399999999999998579, 2.909999999999999698, 1.350000000000000977 ) ) ;
#5949 = CARTESIAN_POINT ( 'NONE',  ( -0.3200000000000017830, -7.049999999999999822, 3.450000000000000622 ) ) ;
#5950 = VECTOR ( 'NONE', #4253, 1000.000000000000000 ) ;
#5951 =( NAMED_UNIT ( * ) SI_UNIT ( $, .STERADIAN. ) SOLID_ANGLE_UNIT ( ) );
#5952 = ORIENTED_EDGE ( 'NONE', *, *, #4915, .F. ) ;
#5953 = FACE_OUTER_BOUND ( 'NONE', #4821, .T. ) ;
#5954 = AXIS2_PLACEMENT_3D ( 'NONE', #1818, #880, #5901 ) ;
#5955 = CARTESIAN_POINT ( 'NONE',  ( 5.184498585925788383, -0.8983932078323996206, 0.000000000000000000 ) ) ;
#5956 = ORIENTED_EDGE ( 'NONE', *, *, #4355, .F. ) ;
#5957 = AXIS2_PLACEMENT_3D ( 'NONE', #4026, #8109, #6443 ) ;
#5958 = CARTESIAN_POINT ( 'NONE',  ( 5.427919441929965672, -0.6590345879555552511, 0.1000000000000000056 ) ) ;
#5959 = VERTEX_POINT ( 'NONE', #975 ) ;
#5960 = CARTESIAN_POINT ( 'NONE',  ( 5.180760655071948051, 0.1153897904344145520, -1.355252715606880543E-17 ) ) ;
#5961 = FACE_OUTER_BOUND ( 'NONE', #9679, .T. ) ;
#5962 = CARTESIAN_POINT ( 'NONE',  ( 5.315897435897435130, -0.2653846153846152189, 0.1000000000000000056 ) ) ;
#5963 = EDGE_CURVE ( 'NONE', #1807, #1976, #4345, .T. ) ;
#5964 = VECTOR ( 'NONE', #8641, 1000.000000000000000 ) ;
#5965 = FACE_OUTER_BOUND ( 'NONE', #9814, .T. ) ;
#5966 = LINE ( 'NONE', #4477, #466 ) ;
#5967 = AXIS2_PLACEMENT_3D ( 'NONE', #10220, #10159, #2751 ) ;
#5968 = PRESENTATION_STYLE_ASSIGNMENT (( #2606 ) ) ;
#5969 =( NAMED_UNIT ( * ) SI_UNIT ( $, .STERADIAN. ) SOLID_ANGLE_UNIT ( ) );
#5970 = CARTESIAN_POINT ( 'NONE',  ( 5.414344345966028094, -0.8594780404406184848, 0.1000000000000000056 ) ) ;
#5971 = EDGE_LOOP ( 'NONE', ( #6836, #5515, #9550, #8654 ) ) ;
#5972 = DIRECTION ( 'NONE',  ( -1.000000000000000000, 0.000000000000000000, 0.000000000000000000 ) ) ;
#5973 = ORIENTED_EDGE ( 'NONE', *, *, #7001, .F. ) ;
#5974 = UNCERTAINTY_MEASURE_WITH_UNIT (LENGTH_MEASURE( 1.000000000000000082E-05 ), #9994, 'distance_accuracy_value', 'NONE');
#5975 = CARTESIAN_POINT ( 'NONE',  ( 2.219999999999997975, -7.049999999999999822, 0.9100000000000000311 ) ) ;
#5976 = VECTOR ( 'NONE', #4840, 1000.000000000000000 ) ;
#5977 = CARTESIAN_POINT ( 'NONE',  ( -4.760000000000002451, -7.249999999999999112, 1.110000000000000098 ) ) ;
#5978 = CARTESIAN_POINT ( 'NONE',  ( -5.400000000000002132, 5.450000000000001066, 3.890000000000001457 ) ) ;
#5979 = CIRCLE ( 'NONE', #5828, 0.2000000000000000944 ) ;
#5980 = PRESENTATION_LAYER_ASSIGNMENT (  '', '', ( #9117 ) ) ;
#5981 =( GEOMETRIC_REPRESENTATION_CONTEXT ( 3 ) GLOBAL_UNCERTAINTY_ASSIGNED_CONTEXT ( ( #6196 ) ) GLOBAL_UNIT_ASSIGNED_CONTEXT ( ( #6933, #1140, #3754 ) ) REPRESENTATION_CONTEXT ( 'NONE', 'WORKASPACE' ) );
#5982 = VECTOR ( 'NONE', #1156, 1000.000000000000000 ) ;
#5983 = EDGE_CURVE ( 'NONE', #2700, #9714, #7712, .T. ) ;
#5984 = ORIENTED_EDGE ( 'NONE', *, *, #3435, .F. ) ;
#5985 =( NAMED_UNIT ( * ) SI_UNIT ( $, .STERADIAN. ) SOLID_ANGLE_UNIT ( ) );
#5986 = EDGE_LOOP ( 'NONE', ( #10627, #3697, #7227, #2080 ) ) ;
#5987 = VECTOR ( 'NONE', #4354, 1000.000000000000000 ) ;
#5988 = AXIS2_PLACEMENT_3D ( 'NONE', #5033, #2512, #836 ) ;
#5989 = VECTOR ( 'NONE', #10459, 1000.000000000000000 ) ;
#5990 = AXIS2_PLACEMENT_3D ( 'NONE', #8439, #987, #5909 ) ;
#5991 = DIRECTION ( 'NONE',  ( 0.000000000000000000, 0.7071067811865483499, 0.7071067811865467956 ) ) ;
#5992 = ORIENTED_EDGE ( 'NONE', *, *, #4659, .T. ) ;
#5993 = LINE ( 'NONE', #9319, #9125 ) ;
#5994 = CARTESIAN_POINT ( 'NONE',  ( 5.399999999999998579, -7.049999999999999822, 1.550000000000000044 ) ) ;
#5995 = CARTESIAN_POINT ( 'NONE',  ( -5.400000000000002132, -1.249999999999999334, 3.450000000000000622 ) ) ;
#5996 = EDGE_CURVE ( 'NONE', #774, #3307, #2540, .T. ) ;
#5997 =( NAMED_UNIT ( * ) SI_UNIT ( $, .STERADIAN. ) SOLID_ANGLE_UNIT ( ) );
#5998 = CIRCLE ( 'NONE', #5298, 0.1999999999999999833 ) ;
#5999 = EDGE_CURVE ( 'NONE', #7641, #1461, #6069, .T. ) ;
#6000 = CARTESIAN_POINT ( 'NONE',  ( -4.760000000000002451, 2.909999999999998366, 1.550000000000000933 ) ) ;
#6001 = VERTEX_POINT ( 'NONE', #5017 ) ;
#6002 = ORIENTED_EDGE ( 'NONE', *, *, #1037, .F. ) ;
#6003 = ORIENTED_EDGE ( 'NONE', *, *, #9733, .T. ) ;
#6004 = EDGE_CURVE ( 'NONE', #7, #7808, #10231, .T. ) ;
#6005 = FILL_AREA_STYLE ('',( #3468 ) ) ;
#6006 = DIRECTION ( 'NONE',  ( -0.000000000000000000, 0.000000000000000000, 1.000000000000000000 ) ) ;
#6007 = ORIENTED_EDGE ( 'NONE', *, *, #3249, .F. ) ;
#6008 = CARTESIAN_POINT ( 'NONE',  ( 4.759999999999998899, -7.049999999999999822, 3.450000000000000622 ) ) ;
#6009 = VERTEX_POINT ( 'NONE', #10901 ) ;
#6010 = CARTESIAN_POINT ( 'NONE',  ( 4.759999999999998899, 2.669999999999999041, -3.000000000000000000 ) ) ;
#6011 = ORIENTED_EDGE ( 'NONE', *, *, #4846, .F. ) ;
#6012 = CARTESIAN_POINT ( 'NONE',  ( 5.069743589743588963, -0.7471153846153848477, 0.000000000000000000 ) ) ;
#6013 = DIRECTION ( 'NONE',  ( 0.000000000000000000, 1.000000000000000000, -0.000000000000000000 ) ) ;
#6014 = CARTESIAN_POINT ( 'NONE',  ( 5.121025641025640063, -0.1117788461538459788, 0.1000000000000000056 ) ) ;
#6015 = ADVANCED_FACE ( 'NONE', ( #5953 ), #2592, .T. ) ;
#6016 = CARTESIAN_POINT ( 'NONE',  ( 5.344351344262519454, -0.9545428520829344343, 0.000000000000000000 ) ) ;
#6017 = ORIENTED_EDGE ( 'NONE', *, *, #1476, .T. ) ;
#6018 = CARTESIAN_POINT ( 'NONE',  ( 5.438974358974357770, -0.1576923076923075207, -0.000000000000000000 ) ) ;
#6019 = CARTESIAN_POINT ( 'NONE',  ( 6.349999999999996980, 0.6499999999999999112, 4.599999999999999645 ) ) ;
#6020 = EDGE_LOOP ( 'NONE', ( #3730, #76, #9996, #7433 ) ) ;
#6021 = CARTESIAN_POINT ( 'NONE',  ( 5.385234463788103554, -0.6067278754193105028, 0.000000000000000000 ) ) ;
#6022 = ORIENTED_EDGE ( 'NONE', *, *, #10460, .T. ) ;
#6023 = DIRECTION ( 'NONE',  ( 1.000000000000000000, -0.000000000000000000, -0.000000000000000000 ) ) ;
#6024 = EDGE_CURVE ( 'NONE', #4560, #1133, #9229, .T. ) ;
#6025 = CARTESIAN_POINT ( 'NONE',  ( 5.127080978376949538, -0.6687404804964832694, 0.1000000000000000056 ) ) ;
#6026 = DIRECTION ( 'NONE',  ( -0.000000000000000000, 0.000000000000000000, -1.000000000000000000 ) ) ;
#6027 = CARTESIAN_POINT ( 'NONE',  ( -2.220000000000001972, 5.650000000000000355, 3.890000000000000124 ) ) ;
#6028 = CARTESIAN_POINT ( 'NONE',  ( 5.479999999999999538, 0.3756410256410259718, 0.1000000000000000056 ) ) ;
#6029 = CARTESIAN_POINT ( 'NONE',  ( 5.079999999999999183, 0.5263621794871798931, 0.000000000000000000 ) ) ;
#6030 = DIRECTION ( 'NONE',  ( 0.000000000000000000, -1.000000000000000000, 0.000000000000000000 ) ) ;
#6031 = CARTESIAN_POINT ( 'NONE',  ( 5.432807787737276684, -0.02877626396033934608, 0.000000000000000000 ) ) ;
#6032 = CARTESIAN_POINT ( 'NONE',  ( 5.449230769230769766, -0.7498397435897439234, 0.1000000000000000056 ) ) ;
#6033 = EDGE_CURVE ( 'NONE', #7223, #8296, #7653, .T. ) ;
#6034 = ORIENTED_EDGE ( 'NONE', *, *, #10879, .F. ) ;
#6035 = CARTESIAN_POINT ( 'NONE',  ( 6.349999999999996980, 0.6499999999999999112, 0.9099999999999986988 ) ) ;
#6036 = VERTEX_POINT ( 'NONE', #1706 ) ;
#6037 = DIRECTION ( 'NONE',  ( 0.6401843996644795975, 0.000000000000000000, 0.7682212795973760722 ) ) ;
#6038 = FACE_OUTER_BOUND ( 'NONE', #2495, .T. ) ;
#6039 = DIRECTION ( 'NONE',  ( 0.000000000000000000, 1.000000000000000000, 0.000000000000000000 ) ) ;
#6040 = CARTESIAN_POINT ( 'NONE',  ( 5.118043894400657656, -0.6064946501128832823, 0.1000000000000000056 ) ) ;
#6041 = B_SPLINE_SURFACE_WITH_KNOTS ( 'NONE', 3, 1, ( 
 ( #1101, #1994 ),
 ( #2214, #1386 ),
 ( #2572, #9893 ),
 ( #7327, #8911 ),
 ( #4229, #4809 ),
 ( #8157, #1439 ),
 ( #3974, #10094 ),
 ( #4277, #4756 ),
 ( #8461, #663 ),
 ( #5934, #4030 ),
 ( #564, #7390 ),
 ( #5738, #10735 ),
 ( #6401, #3211 ),
 ( #5691, #10577 ),
 ( #3053, #854 ),
 ( #2270, #8205 ),
 ( #21, #5644 ),
 ( #8976, #4854 ),
 ( #9072, #9848 ) ),
 .UNSPECIFIED., .F., .F., .F.,
 ( 4, 1, 1, 1, 1, 1, 1, 1, 1, 1, 1, 1, 1, 1, 1, 1, 4 ),
 ( 2, 2 ),
 ( 0.000000000000000000, 0.07015117599727899167, 0.1378126061901926991, 0.2032262471813958415, 0.2671740552944764646, 0.3300240034081793339, 0.3917942717866871871, 0.4530843989971405916, 0.5143339076458792736, 0.5749999928182687459, 0.6348654826222119851, 0.6941163151896425632, 0.7534416217804399407, 0.8131258003036123672, 0.8740796856370761647, 0.9360070132744078286, 1.000000000000000000 ),
 ( 0.000000000000000000, 1.000000000000000000 ),
 .UNSPECIFIED. ) ;
#6042 = ORIENTED_EDGE ( 'NONE', *, *, #10533, .F. ) ;
#6043 = DIRECTION ( 'NONE',  ( -0.000000000000000000, 0.000000000000000000, 1.000000000000000000 ) ) ;
#6044 = DIRECTION ( 'NONE',  ( 0.000000000000000000, 1.000000000000000000, 0.000000000000000000 ) ) ;
#6045 = LINE ( 'NONE', #9366, #2529 ) ;
#6046 =( NAMED_UNIT ( * ) PLANE_ANGLE_UNIT ( ) SI_UNIT ( $, .RADIAN. ) );
#6047 = EDGE_LOOP ( 'NONE', ( #10300, #9176, #10248, #2289 ) ) ;
#6048 = DIRECTION ( 'NONE',  ( 0.000000000000000000, -2.090028284309406488E-16, -1.000000000000000000 ) ) ;
#6049 = CARTESIAN_POINT ( 'NONE',  ( -5.400000000000002132, 5.009999999999999787, 3.249999999999999556 ) ) ;
#6050 = LINE ( 'NONE', #5218, #10549 ) ;
#6051 = CARTESIAN_POINT ( 'NONE',  ( 6.349999999999996980, 0.6499999999999999112, 1.550000000000000711 ) ) ;
#6052 = CARTESIAN_POINT ( 'NONE',  ( 5.438330207658811588, -0.09024357797453159968, 0.1000000000000000056 ) ) ;
#6053 = ORIENTED_EDGE ( 'NONE', *, *, #3708, .F. ) ;
#6054 = EDGE_LOOP ( 'NONE', ( #3470, #2347, #477, #377, #3394, #5520, #415, #6566, #5513, #9043 ) ) ;
#6055 = VERTEX_POINT ( 'NONE', #2661 ) ;
#6056 = PLANE ( 'NONE',  #3704 ) ;
#6057 = VERTEX_POINT ( 'NONE', #5075 ) ;
#6058 = FACE_OUTER_BOUND ( 'NONE', #10444, .T. ) ;
#6059 = VERTEX_POINT ( 'NONE', #6018 ) ;
#6060 = EDGE_CURVE ( 'NONE', #5829, #4730, #9389, .T. ) ;
#6061 = LINE ( 'NONE', #5064, #5264 ) ;
#6062 = ORIENTED_EDGE ( 'NONE', *, *, #1808, .T. ) ;
#6063 = CARTESIAN_POINT ( 'NONE',  ( -4.760000000000002451, 2.909999999999998810, -3.000000000000000000 ) ) ;
#6064 = CARTESIAN_POINT ( 'NONE',  ( -5.400000000000002132, -1.250000000000001998, 4.090000000000000746 ) ) ;
#6065 = EDGE_CURVE ( 'NONE', #4319, #2874, #770, .T. ) ;
#6066 = CARTESIAN_POINT ( 'NONE',  ( -0.3200000000000017830, 2.269999999999999130, 0.7099999999999985212 ) ) ;
#6067 = ORIENTED_EDGE ( 'NONE', *, *, #2547, .T. ) ;
#6068 = ADVANCED_FACE ( 'NONE', ( #10834 ), #3321, .F. ) ;
#6069 = LINE ( 'NONE', #10110, #7186 ) ;
#6070 = CARTESIAN_POINT ( 'NONE',  ( 5.184498585925788383, -0.8983932078323996206, 0.1000000000000000056 ) ) ;
#6071 = VERTEX_POINT ( 'NONE', #3593 ) ;
#6072 = DIRECTION ( 'NONE',  ( 1.000000000000000000, 0.000000000000000000, -0.000000000000000000 ) ) ;
#6073 = VERTEX_POINT ( 'NONE', #9514 ) ;
#6074 = B_SPLINE_CURVE_WITH_KNOTS ( 'NONE', 3,
 ( #3777, #7843, #6366, #10534, #10303, #10470, #4605, #6249, #3671, #7901, #10419, #4654, #3831, #7790, #1955, #449, #5370, #2951, #1114 ),
 .UNSPECIFIED., .F., .F.,
 ( 4, 1, 1, 1, 1, 1, 1, 1, 1, 1, 1, 1, 1, 1, 1, 1, 4 ),
 ( 0.000000000000000000, 0.06432246778181897884, 0.1262886335379623803, 0.1867242955000426863, 0.2464168158680676013, 0.3055837265637834643, 0.3654367727676127720, 0.4263329871858878573, 0.4888458569063461878, 0.5517301902635043387, 0.6139230909085520160, 0.6754875435196860956, 0.7373369548421794262, 0.8002313699638065048, 0.8645038754762076616, 0.9310415419227365819, 1.000000000000000000 ),
 .UNSPECIFIED. ) ;
#6075 = PLANE ( 'NONE',  #10681 ) ;
#6076 = CARTESIAN_POINT ( 'NONE',  ( 6.349999999999999645, -1.249999999999999778, 4.400000000000000355 ) ) ;
#6077 = CARTESIAN_POINT ( 'NONE',  ( 5.490072028769156454, -0.7551371489281285543, 0.1000000000000000056 ) ) ;
#6078 = EDGE_CURVE ( 'NONE', #2933, #8342, #9450, .T. ) ;
#6079 = LINE ( 'NONE', #1722, #7004 ) ;
#6080 = CARTESIAN_POINT ( 'NONE',  ( 5.436312077836027434, -0.05649224687955085866, 0.1000000000000000056 ) ) ;
#6081 = LINE ( 'NONE', #9406, #322 ) ;
#6082 = VERTEX_POINT ( 'NONE', #3759 ) ;
#6083 = CARTESIAN_POINT ( 'NONE',  ( 6.349999999999996980, 1.249999999999999778, 0.4000000000000001887 ) ) ;
#6084 = ORIENTED_EDGE ( 'NONE', *, *, #2547, .F. ) ;
#6085 = LINE ( 'NONE', #1112, #4931 ) ;
#6086 = DIRECTION ( 'NONE',  ( 0.000000000000000000, 0.7071067811865483499, 0.7071067811865467956 ) ) ;
#6087 = CARTESIAN_POINT ( 'NONE',  ( 6.349999999999996980, 0.6499999999999999112, 4.599999999999999645 ) ) ;
#6088 = CARTESIAN_POINT ( 'NONE',  ( 5.069798251295201119, -0.7425729006964055801, 0.1000000000000000056 ) ) ;
#6089 = ORIENTED_EDGE ( 'NONE', *, *, #2101, .F. ) ;
#6090 = SURFACE_STYLE_FILL_AREA ( #7744 ) ;
#6091 = CARTESIAN_POINT ( 'NONE',  ( 2.859999999999998099, -7.049999999999999822, 0.9100000000000000311 ) ) ;
#6092 = DIRECTION ( 'NONE',  ( -0.000000000000000000, -0.000000000000000000, -1.000000000000000000 ) ) ;
#6093 = VECTOR ( 'NONE', #2079, 1000.000000000000000 ) ;
#6094 = LINE ( 'NONE', #7480, #4531 ) ;
#6095 = SURFACE_STYLE_USAGE ( .BOTH. , #3571 ) ;
#6096 = FILL_AREA_STYLE_COLOUR ( '', #169 ) ;
#6097 = ORIENTED_EDGE ( 'NONE', *, *, #5390, .T. ) ;
#6098 = LINE ( 'NONE', #4495, #327 ) ;
#6099 = VECTOR ( 'NONE', #5219, 1000.000000000000000 ) ;
#6100 = DIRECTION ( 'NONE',  ( -0.6401843996644795975, -0.000000000000000000, 0.7682212795973760722 ) ) ;
#6101 = FACE_OUTER_BOUND ( 'NONE', #2427, .T. ) ;
#6102 = CARTESIAN_POINT ( 'NONE',  ( 0.000000000000000000, 0.000000000000000000, 0.000000000000000000 ) ) ;
#6103 = EDGE_CURVE ( 'NONE', #9326, #4280, #6990, .T. ) ;
#6104 = CARTESIAN_POINT ( 'NONE',  ( 5.153637820512820156, -0.5730769230769233724, 0.1000000000000000056 ) ) ;
#6105 = ORIENTED_EDGE ( 'NONE', *, *, #6200, .F. ) ;
#6106 = ORIENTED_EDGE ( 'NONE', *, *, #2771, .F. ) ;
#6107 = CARTESIAN_POINT ( 'NONE',  ( 5.127080978376949538, -0.6687404804964832694, 0.1000000000000000056 ) ) ;
#6108 = VECTOR ( 'NONE', #6739, 1000.000000000000000 ) ;
#6109 = VECTOR ( 'NONE', #1438, 1000.000000000000000 ) ;
#6110 = VERTEX_POINT ( 'NONE', #4575 ) ;
#6111 = CARTESIAN_POINT ( 'NONE',  ( -2.860000000000001652, 2.269999999999997797, 0.9099999999999984768 ) ) ;
#6112 = ORIENTED_EDGE ( 'NONE', *, *, #7745, .T. ) ;
#6113 = SURFACE_STYLE_FILL_AREA ( #2753 ) ;
#6114 = EDGE_LOOP ( 'NONE', ( #8688, #4038, #6698, #4681 ) ) ;
#6115 = ORIENTED_EDGE ( 'NONE', *, *, #3638, .F. ) ;
#6116 = CARTESIAN_POINT ( 'NONE',  ( -4.760000000000002451, 5.209999999999999076, -3.000000000000000000 ) ) ;
#6117 = MECHANICAL_DESIGN_GEOMETRIC_PRESENTATION_REPRESENTATION (  '', ( #5930 ), #2953 ) ;
#6118 = STYLED_ITEM ( 'NONE', ( #1723 ), #6737 ) ;
#6119 = CARTESIAN_POINT ( 'NONE',  ( -6.350000000000002309, 1.250000000000000222, 4.400000000000000355 ) ) ;
#6120 = EDGE_LOOP ( 'NONE', ( #1108, #3573, #5203, #1304 ) ) ;
#6121 = EDGE_CURVE ( 'NONE', #7515, #10171, #1092, .T. ) ;
#6122 = CARTESIAN_POINT ( 'NONE',  ( -3.810000000000002274, -1.249999999999999778, 4.400000000000000355 ) ) ;
#6123 = DIRECTION ( 'NONE',  ( 1.000000000000000000, -0.000000000000000000, -0.000000000000000000 ) ) ;
#6124 = ORIENTED_EDGE ( 'NONE', *, *, #5521, .T. ) ;
#6125 = VECTOR ( 'NONE', #4487, 1000.000000000000000 ) ;
#6126 = DIRECTION ( 'NONE',  ( 1.000000000000000000, -0.000000000000000000, -0.000000000000000000 ) ) ;
#6127 = ORIENTED_EDGE ( 'NONE', *, *, #10024, .T. ) ;
#6128 = CARTESIAN_POINT ( 'NONE',  ( 2.859999999999998099, -7.249999999999999112, 3.650000000000000799 ) ) ;
#6129 = VECTOR ( 'NONE', #5866, 1000.000000000000000 ) ;
#6130 = CYLINDRICAL_SURFACE ( 'NONE', #4324, 0.2000000000000000944 ) ;
#6131 = PLANE ( 'NONE',  #1381 ) ;
#6132 = EDGE_CURVE ( 'NONE', #4580, #7255, #10339, .T. ) ;
#6133 = VECTOR ( 'NONE', #1152, 1000.000000000000114 ) ;
#6134 = VECTOR ( 'NONE', #7554, 1000.000000000000000 ) ;
#6135 = LINE ( 'NONE', #6946, #1043 ) ;
#6136 = CARTESIAN_POINT ( 'NONE',  ( -0.3200000000000017830, 5.450000000000000178, -3.000000000000000000 ) ) ;
#6137 = VECTOR ( 'NONE', #8636, 1000.000000000000000 ) ;
#6138 = CARTESIAN_POINT ( 'NONE',  ( 5.126525413933205044, -0.01698880655546612314, -0.000000000000000000 ) ) ;
#6139 = EDGE_CURVE ( 'NONE', #7703, #1549, #4635, .T. ) ;
#6140 = ORIENTED_EDGE ( 'NONE', *, *, #2165, .T. ) ;
#6141 = CARTESIAN_POINT ( 'NONE',  ( 5.449092696273860170, -0.7618310912372756594, 0.000000000000000000 ) ) ;
#6142 = EDGE_LOOP ( 'NONE', ( #9651, #3618, #3269, #10466 ) ) ;
#6143 = CARTESIAN_POINT ( 'NONE',  ( -0.6490163934426279591, 1.250000000000000222, 9.750819672131150639 ) ) ;
#6144 = LINE ( 'NONE', #340, #3715 ) ;
#6145 = CARTESIAN_POINT ( 'NONE',  ( 3.809999999999999165, 5.650000000000000355, 0.6000000000000001998 ) ) ;
#6146 = EDGE_CURVE ( 'NONE', #6880, #882, #210, .T. ) ;
#6147 = VECTOR ( 'NONE', #5889, 1000.000000000000000 ) ;
#6148 = VECTOR ( 'NONE', #2324, 1000.000000000000000 ) ;
#6149 = VECTOR ( 'NONE', #7069, 1000.000000000000000 ) ;
#6150 = VERTEX_POINT ( 'NONE', #5471 ) ;
#6151 = FACE_OUTER_BOUND ( 'NONE', #1213, .T. ) ;
#6152 = ORIENTED_EDGE ( 'NONE', *, *, #7252, .T. ) ;
#6153 = FACE_OUTER_BOUND ( 'NONE', #3050, .T. ) ;
#6154 = AXIS2_PLACEMENT_3D ( 'NONE', #2932, #6282, #4083 ) ;
#6155 = DIRECTION ( 'NONE',  ( 0.7682212795973761832, 0.000000000000000000, -0.6401843996644795975 ) ) ;
#6156 = VERTEX_POINT ( 'NONE', #4468 ) ;
#6157 = CARTESIAN_POINT ( 'NONE',  ( 2.219999999999997975, 5.009999999999999787, 3.249999999999999556 ) ) ;
#6158 = VECTOR ( 'NONE', #2240, 1000.000000000000000 ) ;
#6159 =( GEOMETRIC_REPRESENTATION_CONTEXT ( 3 ) GLOBAL_UNCERTAINTY_ASSIGNED_CONTEXT ( ( #6398 ) ) GLOBAL_UNIT_ASSIGNED_CONTEXT ( ( #9922, #9829, #9763 ) ) REPRESENTATION_CONTEXT ( 'NONE', 'WORKASPACE' ) );
#6160 = PLANE ( 'NONE',  #6639 ) ;
#6161 = CARTESIAN_POINT ( 'NONE',  ( 0.3199999999999982858, -7.049999999999999822, 4.090000000000000746 ) ) ;
#6162 = VECTOR ( 'NONE', #10025, 1000.000000000000114 ) ;
#6163 = CARTESIAN_POINT ( 'NONE',  ( -3.310000000000002718, 5.650000000000000355, 5.000000000000000000 ) ) ;
#6164 = MECHANICAL_DESIGN_GEOMETRIC_PRESENTATION_REPRESENTATION (  '', ( #7215 ), #8607 ) ;
#6165 = ORIENTED_EDGE ( 'NONE', *, *, #9526, .F. ) ;
#6166 = ORIENTED_EDGE ( 'NONE', *, *, #565, .F. ) ;
#6167 = LINE ( 'NONE', #9502, #1170 ) ;
#6168 = AXIS2_PLACEMENT_3D ( 'NONE', #506, #7890, #8913 ) ;
#6169 = VERTEX_POINT ( 'NONE', #3648 ) ;
#6170 = FACE_OUTER_BOUND ( 'NONE', #8030, .T. ) ;
#6171 = ORIENTED_EDGE ( 'NONE', *, *, #5699, .T. ) ;
#6172 = CARTESIAN_POINT ( 'NONE',  ( 5.478136060581238809, -0.05446360271310795448, 0.000000000000000000 ) ) ;
#6173 = EDGE_CURVE ( 'NONE', #4244, #8618, #7103, .T. ) ;
#6174 = ORIENTED_EDGE ( 'NONE', *, *, #443, .F. ) ;
#6175 = DIRECTION ( 'NONE',  ( 1.000000000000000000, 0.000000000000000000, 0.000000000000000000 ) ) ;
#6176 = AXIS2_PLACEMENT_3D ( 'NONE', #5807, #5906, #10069 ) ;
#6177 = DIRECTION ( 'NONE',  ( 1.000000000000000000, -0.000000000000000000, -0.000000000000000000 ) ) ;
#6178 = ORIENTED_EDGE ( 'NONE', *, *, #10099, .F. ) ;
#6179 = ORIENTED_EDGE ( 'NONE', *, *, #2998, .F. ) ;
#6180 = CARTESIAN_POINT ( 'NONE',  ( -3.310000000000002718, -1.249999999999999778, 5.000000000000000000 ) ) ;
#6181 = CARTESIAN_POINT ( 'NONE',  ( 5.121025641025640063, -1.008974358974358720, 0.1000000000000000056 ) ) ;
#6182 = ORIENTED_EDGE ( 'NONE', *, *, #4516, .T. ) ;
#6183 = CARTESIAN_POINT ( 'NONE',  ( -5.400000000000002132, 4.809999999999998721, 3.450000000000000622 ) ) ;
#6184 = CARTESIAN_POINT ( 'NONE',  ( 5.081237282365929531, -0.03554839324950122975, 0.1000000000000000056 ) ) ;
#6185 = UNCERTAINTY_MEASURE_WITH_UNIT (LENGTH_MEASURE( 1.000000000000000082E-05 ), #9031, 'distance_accuracy_value', 'NONE');
#6186 = DIRECTION ( 'NONE',  ( -0.6401843996644795975, 0.000000000000000000, 0.7682212795973760722 ) ) ;
#6187 = CARTESIAN_POINT ( 'NONE',  ( 2.219999999999997975, -7.249999999999999112, 3.650000000000000799 ) ) ;
#6188 = LINE ( 'NONE', #1280, #4765 ) ;
#6189 = CARTESIAN_POINT ( 'NONE',  ( 5.489709147865975858, -0.7699785690023374096, 0.1000000000000000056 ) ) ;
#6190 = SURFACE_STYLE_FILL_AREA ( #7948 ) ;
#6191 = CARTESIAN_POINT ( 'NONE',  ( -0.3200000000000017830, -7.049999999999999822, 4.090000000000000746 ) ) ;
#6192 = EDGE_CURVE ( 'NONE', #1481, #1040, #8640, .T. ) ;
#6193 = LINE ( 'NONE', #7896, #4923 ) ;
#6194 = ORIENTED_EDGE ( 'NONE', *, *, #2510, .F. ) ;
#6195 = EDGE_LOOP ( 'NONE', ( #6667, #5685, #1674, #10048 ) ) ;
#6196 = UNCERTAINTY_MEASURE_WITH_UNIT (LENGTH_MEASURE( 1.000000000000000082E-05 ), #6933, 'distance_accuracy_value', 'NONE');
#6197 = CARTESIAN_POINT ( 'NONE',  ( -5.400000000000002132, 2.909999999999998810, -3.000000000000000000 ) ) ;
#6198 = DIRECTION ( 'NONE',  ( 0.000000000000000000, 0.000000000000000000, -1.000000000000000000 ) ) ;
#6199 = DIRECTION ( 'NONE',  ( -0.000000000000000000, 0.000000000000000000, -1.000000000000000000 ) ) ;
#6200 = EDGE_CURVE ( 'NONE', #3527, #4059, #8805, .T. ) ;
#6201 = CARTESIAN_POINT ( 'NONE',  ( 5.122369002990974529, -0.05757329610668080605, 0.1000000000000000056 ) ) ;
#6202 = EDGE_CURVE ( 'NONE', #5136, #7575, #2037, .T. ) ;
#6203 = EDGE_LOOP ( 'NONE', ( #8644, #6297, #9118, #7652 ) ) ;
#6204 = PLANE ( 'NONE',  #7151 ) ;
#6205 = LINE ( 'NONE', #2908, #9087 ) ;
#6206 = CARTESIAN_POINT ( 'NONE',  ( 5.177435897435896273, -0.6044871794871796711, 0.000000000000000000 ) ) ;
#6207 = CARTESIAN_POINT ( 'NONE',  ( 5.242210412793820495, -0.9598823722681244508, 0.1000000000000000056 ) ) ;
#6208 = EDGE_CURVE ( 'NONE', #7719, #7641, #10282, .T. ) ;
#6209 = PLANE ( 'NONE',  #7374 ) ;
#6210 = DIRECTION ( 'NONE',  ( 0.000000000000000000, -1.000000000000000000, 1.628629872832303193E-16 ) ) ;
#6211 = ORIENTED_EDGE ( 'NONE', *, *, #1162, .F. ) ;
#6212 = FACE_OUTER_BOUND ( 'NONE', #2850, .T. ) ;
#6213 = DIRECTION ( 'NONE',  ( 1.000000000000000000, 0.000000000000000000, -0.000000000000000000 ) ) ;
#6214 = CARTESIAN_POINT ( 'NONE',  ( -6.350000000000002309, 1.250000000000000222, 5.000000000000000000 ) ) ;
#6215 = CARTESIAN_POINT ( 'NONE',  ( -0.3200000000000017830, 0.6500000000000000222, 0.9099999999999986988 ) ) ;
#6216 = ORIENTED_EDGE ( 'NONE', *, *, #5933, .T. ) ;
#6217 = EDGE_LOOP ( 'NONE', ( #3257, #1193, #7698 ) ) ;
#6218 = DIRECTION ( 'NONE',  ( 1.000000000000000000, 0.000000000000000000, -0.000000000000000000 ) ) ;
#6219 = EDGE_CURVE ( 'NONE', #5525, #9272, #2829, .T. ) ;
#6220 = ORIENTED_EDGE ( 'NONE', *, *, #10273, .T. ) ;
#6221 = CARTESIAN_POINT ( 'NONE',  ( -5.400000000000002132, 4.809999999999998721, 3.450000000000000622 ) ) ;
#6222 = ORIENTED_EDGE ( 'NONE', *, *, #8146, .T. ) ;
#6223 = CARTESIAN_POINT ( 'NONE',  ( 5.438330207658811588, -0.09024357797453159968, -0.000000000000000000 ) ) ;
#6224 = VERTEX_POINT ( 'NONE', #6180 ) ;
#6225 = CARTESIAN_POINT ( 'NONE',  ( 5.114006682941405479, 0.06299276113810199640, 0.000000000000000000 ) ) ;
#6226 = CARTESIAN_POINT ( 'NONE',  ( 3.643333333333333091, 0.6499999999999999112, 0.4000000000000001332 ) ) ;
#6227 = ORIENTED_EDGE ( 'NONE', *, *, #790, .F. ) ;
#6228 = EDGE_CURVE ( 'NONE', #10096, #3198, #3603, .T. ) ;
#6229 = STYLED_ITEM ( 'NONE', ( #3840 ), #109 ) ;
#6230 = VERTEX_POINT ( 'NONE', #6122 ) ;
#6231 = CARTESIAN_POINT ( 'NONE',  ( 5.413104007439202725, 0.02756547631404104859, 0.000000000000000000 ) ) ;
#6232 = CARTESIAN_POINT ( 'NONE',  ( 0.3199999999999982858, -7.049999999999999822, 1.550000000000000044 ) ) ;
#6233 = ORIENTED_EDGE ( 'NONE', *, *, #2450, .T. ) ;
#6234 = FACE_OUTER_BOUND ( 'NONE', #7056, .T. ) ;
#6235 = ORIENTED_EDGE ( 'NONE', *, *, #1516, .T. ) ;
#6236 = SURFACE_STYLE_FILL_AREA ( #2936 ) ;
#6237 = FILL_AREA_STYLE_COLOUR ( '', #4508 ) ;
#6238 =( NAMED_UNIT ( * ) SI_UNIT ( $, .STERADIAN. ) SOLID_ANGLE_UNIT ( ) );
#6239 =( LENGTH_UNIT ( ) NAMED_UNIT ( * ) SI_UNIT ( .MILLI., .METRE. ) );
#6240 = EDGE_CURVE ( 'NONE', #4307, #8742, #8196, .T. ) ;
#6241 = CARTESIAN_POINT ( 'NONE',  ( 5.213717371551195967, 0.08888707444679133651, 0.1000000000000000056 ) ) ;
#6242 = CARTESIAN_POINT ( 'NONE',  ( -0.3200000000000017830, -7.249999999999999112, 3.890000000000000568 ) ) ;
#6243 = LINE ( 'NONE', #9467, #2614 ) ;
#6244 = PLANE ( 'NONE',  #2458 ) ;
#6245 = EDGE_LOOP ( 'NONE', ( #7093, #4938, #8091, #8127 ) ) ;
#6246 = ORIENTED_EDGE ( 'NONE', *, *, #6862, .F. ) ;
#6247 = CARTESIAN_POINT ( 'NONE',  ( -0.3200000000000017830, 2.909999999999998810, -3.000000000000000000 ) ) ;
#6248 = DIRECTION ( 'NONE',  ( -1.000000000000000000, -0.000000000000000000, -0.000000000000000000 ) ) ;
#6249 = CARTESIAN_POINT ( 'NONE',  ( 5.184498585925788383, -0.8983932078323996206, 0.1000000000000000056 ) ) ;
#6250 = DIRECTION ( 'NONE',  ( 0.000000000000000000, -1.000000000000000000, 0.000000000000000000 ) ) ;
#6251 = EDGE_LOOP ( 'NONE', ( #2029, #2210, #7586, #4729 ) ) ;
#6252 = FACE_OUTER_BOUND ( 'NONE', #27, .T. ) ;
#6253 = CARTESIAN_POINT ( 'NONE',  ( 5.121025641025640063, -0.1117788461538459788, 0.000000000000000000 ) ) ;
#6254 = DIRECTION ( 'NONE',  ( 0.000000000000000000, 0.000000000000000000, -1.000000000000000000 ) ) ;
#6255 = ADVANCED_FACE ( 'NONE', ( #9677 ), #8850, .F. ) ;
#6256 = CARTESIAN_POINT ( 'NONE',  ( 5.121025641025640063, -1.162820512820512464, -0.000000000000000000 ) ) ;
#6257 = CARTESIAN_POINT ( 'NONE',  ( 0.3199999999999982858, -7.249999999999999112, 1.110000000000000098 ) ) ;
#6258 = CARTESIAN_POINT ( 'NONE',  ( 5.390539183976528648, -0.6111790578437932275, 0.1000000000000000056 ) ) ;
#6259 = ORIENTED_EDGE ( 'NONE', *, *, #401, .F. ) ;
#6260 = LINE ( 'NONE', #7854, #5097 ) ;
#6261 = CARTESIAN_POINT ( 'NONE',  ( 5.487253696323475260, -0.7073442180489464270, 0.1000000000000000056 ) ) ;
#6262 = DIRECTION ( 'NONE',  ( 1.000000000000000000, 0.000000000000000000, -0.000000000000000000 ) ) ;
#6263 = EDGE_CURVE ( 'NONE', #1737, #17, #10613, .T. ) ;
#6264 = MECHANICAL_DESIGN_GEOMETRIC_PRESENTATION_REPRESENTATION (  '', ( #2756 ), #2226 ) ;
#6265 = CARTESIAN_POINT ( 'NONE',  ( -0.7700000000000024603, 1.250000000000000222, 5.000000000000000000 ) ) ;
#6266 = ORIENTED_EDGE ( 'NONE', *, *, #6583, .T. ) ;
#6267 = EDGE_LOOP ( 'NONE', ( #288, #973, #952, #1833 ) ) ;
#6268 = VERTEX_POINT ( 'NONE', #3205 ) ;
#6269 = PLANE ( 'NONE',  #5642 ) ;
#6270 = EDGE_LOOP ( 'NONE', ( #2244, #1421, #2027, #7203, #3310, #10654, #1884, #9776, #4365, #5572 ) ) ;
#6271 = VECTOR ( 'NONE', #7842, 1000.000000000000000 ) ;
#6272 = CARTESIAN_POINT ( 'NONE',  ( 5.436312077836027434, -0.05649224687955085866, -0.000000000000000000 ) ) ;
#6273 = EDGE_CURVE ( 'NONE', #9841, #2924, #5574, .T. ) ;
#6274 = FACE_BOUND ( 'NONE', #6217, .T. ) ;
#6275 = DIRECTION ( 'NONE',  ( 0.000000000000000000, -0.7071067811865475727, 0.7071067811865475727 ) ) ;
#6276 = ADVANCED_FACE ( 'NONE', ( #2321 ), #10668, .F. ) ;
#6277 = AXIS2_PLACEMENT_3D ( 'NONE', #1240, #3115, #8826 ) ;
#6278 = CARTESIAN_POINT ( 'NONE',  ( 5.121025641025640063, -0.1117788461538459788, 0.1000000000000000056 ) ) ;
#6279 = ORIENTED_EDGE ( 'NONE', *, *, #321, .F. ) ;
#6280 = ORIENTED_EDGE ( 'NONE', *, *, #6397, .T. ) ;
#6281 = DIRECTION ( 'NONE',  ( -0.6401843996644789314, 0.000000000000000000, -0.7682212795973767383 ) ) ;
#6282 = DIRECTION ( 'NONE',  ( 0.000000000000000000, 1.000000000000000000, -0.000000000000000000 ) ) ;
#6283 = VERTEX_POINT ( 'NONE', #5686 ) ;
#6284 = ORIENTED_EDGE ( 'NONE', *, *, #2668, .F. ) ;
#6285 = CARTESIAN_POINT ( 'NONE',  ( 5.080049131518341810, -0.06372673128100585227, 0.1000000000000000056 ) ) ;
#6286 = VECTOR ( 'NONE', #10890, 1000.000000000000000 ) ;
#6287 = DIRECTION ( 'NONE',  ( 1.000000000000000000, -0.000000000000000000, -0.000000000000000000 ) ) ;
#6289 = VECTOR ( 'NONE', #1908, 1000.000000000000000 ) ;
#6288 = UNCERTAINTY_MEASURE_WITH_UNIT (LENGTH_MEASURE( 1.000000000000000082E-05 ), #8753, 'distance_accuracy_value', 'NONE');
#6290 = DIRECTION ( 'NONE',  ( 0.000000000000000000, 0.7071067811865467956, 0.7071067811865483499 ) ) ;
#6291 = CARTESIAN_POINT ( 'NONE',  ( -1.436666666666667647, 1.249999999999999778, 4.599999999999999645 ) ) ;
#6292 = LINE ( 'NONE', #5485, #9131 ) ;
#6293 = LINE ( 'NONE', #9628, #5586 ) ;
#6294 = VECTOR ( 'NONE', #10704, 1000.000000000000000 ) ;
#6295 = CARTESIAN_POINT ( 'NONE',  ( 5.203002298632431355, 0.08436560885861166259, 0.000000000000000000 ) ) ;
#6296 = CARTESIAN_POINT ( 'NONE',  ( 5.136574154137259818, -0.6512165209302156477, 0.000000000000000000 ) ) ;
#6297 = ORIENTED_EDGE ( 'NONE', *, *, #7118, .F. ) ;
#6298 = CARTESIAN_POINT ( 'NONE',  ( 5.345970231491935287, -0.9142053650526332786, -0.000000000000000000 ) ) ;
#6299 = ORIENTED_EDGE ( 'NONE', *, *, #6873, .T. ) ;
#6300 = DIRECTION ( 'NONE',  ( 0.000000000000000000, 0.000000000000000000, 1.000000000000000000 ) ) ;
#6301 = DIRECTION ( 'NONE',  ( -1.000000000000000000, -0.000000000000000000, -0.000000000000000000 ) ) ;
#6302 = ADVANCED_FACE ( 'NONE', ( #490 ), #1433, .F. ) ;
#6303 = CARTESIAN_POINT ( 'NONE',  ( 5.399999999999998579, 2.469999999999999307, 0.7099999999999970779 ) ) ;
#6304 = DIRECTION ( 'NONE',  ( 0.000000000000000000, -1.000000000000000000, 0.000000000000000000 ) ) ;
#6305 = PRESENTATION_LAYER_ASSIGNMENT (  '', '', ( #497 ) ) ;
#6306 = VERTEX_POINT ( 'NONE', #7319 ) ;
#6307 =( NAMED_UNIT ( * ) PLANE_ANGLE_UNIT ( ) SI_UNIT ( $, .RADIAN. ) );
#6308 =( NAMED_UNIT ( * ) SI_UNIT ( $, .STERADIAN. ) SOLID_ANGLE_UNIT ( ) );
#6309 = SURFACE_STYLE_FILL_AREA ( #6005 ) ;
#6310 = CARTESIAN_POINT ( 'NONE',  ( 5.187318320570169838, -0.9432937408085275699, 0.000000000000000000 ) ) ;
#6311 = CARTESIAN_POINT ( 'NONE',  ( 2.219999999999997975, 5.009999999999999787, -2.799999999999999822 ) ) ;
#6312 = CARTESIAN_POINT ( 'NONE',  ( 5.121025641025640063, -0.1117788461538459788, 0.1000000000000000056 ) ) ;
#6313 = ORIENTED_EDGE ( 'NONE', *, *, #8219, .F. ) ;
#6314 = STYLED_ITEM ( 'NONE', ( #9999 ), #6320 ) ;
#6315 = FACE_BOUND ( 'NONE', #3623, .T. ) ;
#6316 = VECTOR ( 'NONE', #7940, 1000.000000000000000 ) ;
#6317 = CARTESIAN_POINT ( 'NONE',  ( 5.478049441543102027, -0.6700095820551229542, 0.000000000000000000 ) ) ;
#6318 = PLANE ( 'NONE',  #4010 ) ;
#6319 = AXIS2_PLACEMENT_3D ( 'NONE', #8176, #7251, #6419 ) ;
#6320 = ADVANCED_FACE ( 'NONE', ( #604 ), #5841, .F. ) ;
#6321 = CARTESIAN_POINT ( 'NONE',  ( 4.759999999999998899, 5.650000000000000355, 3.890000000000000124 ) ) ;
#6322 = ORIENTED_EDGE ( 'NONE', *, *, #9342, .F. ) ;
#6323 = VECTOR ( 'NONE', #2262, 1000.000000000000000 ) ;
#6324 = CARTESIAN_POINT ( 'NONE',  ( 5.148082482983822317, -0.6345769026091863108, 0.1000000000000000056 ) ) ;
#6325 = PRESENTATION_LAYER_ASSIGNMENT (  '', '', ( #1927 ) ) ;
#6326 = EDGE_LOOP ( 'NONE', ( #1377, #1023, #8966, #5337 ) ) ;
#6327 = PRESENTATION_LAYER_ASSIGNMENT (  '', '', ( #4048 ) ) ;
#6328 = CARTESIAN_POINT ( 'NONE',  ( -0.3200000000000017830, -7.249999999999999112, 3.650000000000000799 ) ) ;
#6329 = ORIENTED_EDGE ( 'NONE', *, *, #4798, .T. ) ;
#6330 = CARTESIAN_POINT ( 'NONE',  ( 5.438974358974357770, -0.1295673076923075373, 0.000000000000000000 ) ) ;
#6331 = EDGE_CURVE ( 'NONE', #4128, #947, #1899, .T. ) ;
#6332 = CARTESIAN_POINT ( 'NONE',  ( 5.279599358974357948, -0.9269230769230771827, 0.1000000000000000056 ) ) ;
#6333 = DIRECTION ( 'NONE',  ( 0.000000000000000000, -1.000000000000000000, 1.628629872832303193E-16 ) ) ;
#6334 = VECTOR ( 'NONE', #5293, 1000.000000000000000 ) ;
#6335 = EDGE_CURVE ( 'NONE', #7479, #706, #8614, .T. ) ;
#6336 =( GEOMETRIC_REPRESENTATION_CONTEXT ( 3 ) GLOBAL_UNCERTAINTY_ASSIGNED_CONTEXT ( ( #4641 ) ) GLOBAL_UNIT_ASSIGNED_CONTEXT ( ( #4564, #3749, #1258 ) ) REPRESENTATION_CONTEXT ( 'NONE', 'WORKASPACE' ) );
#6337 = VECTOR ( 'NONE', #5095, 1000.000000000000000 ) ;
#6338 = CIRCLE ( 'NONE', #10721, 0.2000000000000000944 ) ;
#6339 = FILL_AREA_STYLE_COLOUR ( '', #3390 ) ;
#6340 = EDGE_CURVE ( 'NONE', #10042, #6597, #10881, .T. ) ;
#6341 = ORIENTED_EDGE ( 'NONE', *, *, #7503, .F. ) ;
#6342 = ORIENTED_EDGE ( 'NONE', *, *, #802, .T. ) ;
#6343 = ORIENTED_EDGE ( 'NONE', *, *, #10061, .F. ) ;
#6344 = CARTESIAN_POINT ( 'NONE',  ( 5.327808874808514616, 0.09191781193000564398, 0.000000000000000000 ) ) ;
#6345 = CARTESIAN_POINT ( 'NONE',  ( -0.3200000000000017830, -7.249999999999999112, 1.110000000000000098 ) ) ;
#6346 = VERTEX_POINT ( 'NONE', #1691 ) ;
#6347 = EDGE_CURVE ( 'NONE', #6893, #10284, #9215, .T. ) ;
#6348 = VECTOR ( 'NONE', #5972, 1000.000000000000000 ) ;
#6349 = VECTOR ( 'NONE', #5532, 1000.000000000000000 ) ;
#6350 = VECTOR ( 'NONE', #69, 1000.000000000000000 ) ;
#6351 = DIRECTION ( 'NONE',  ( -0.7682212795973766273, 0.000000000000000000, 0.6401843996644789314 ) ) ;
#6352 = ORIENTED_EDGE ( 'NONE', *, *, #10393, .T. ) ;
#6353 = FACE_OUTER_BOUND ( 'NONE', #10143, .T. ) ;
#6354 = LINE ( 'NONE', #609, #5048 ) ;
#6355 = FACE_OUTER_BOUND ( 'NONE', #2813, .T. ) ;
#6356 = AXIS2_PLACEMENT_3D ( 'NONE', #6682, #1713, #2666 ) ;
#6357 = CARTESIAN_POINT ( 'NONE',  ( -1.769999999999999352, 1.250000000000000222, 1.885956070686927405E-16 ) ) ;
#6358 = DIRECTION ( 'NONE',  ( 0.000000000000000000, 1.000000000000000000, 6.938893903907229610E-17 ) ) ;
#6359 = CARTESIAN_POINT ( 'NONE',  ( 5.079999999999999183, -0.2653846153846152189, 0.1000000000000000056 ) ) ;
#6360 = CARTESIAN_POINT ( 'NONE',  ( 2.219999999999997975, 2.269999999999997797, 0.9099999999999984768 ) ) ;
#6361 = EDGE_CURVE ( 'NONE', #8528, #8324, #2798, .T. ) ;
#6362 = ORIENTED_EDGE ( 'NONE', *, *, #186, .T. ) ;
#6363 = DIRECTION ( 'NONE',  ( 0.000000000000000000, 1.000000000000000000, 9.035018104045870694E-17 ) ) ;
#6364 = CARTESIAN_POINT ( 'NONE',  ( -0.3200000000000017830, -7.249999999999999112, 1.349999999999999867 ) ) ;
#6365 = CARTESIAN_POINT ( 'NONE',  ( 5.479999999999999538, -0.1128205128205126417, -0.000000000000000000 ) ) ;
#6366 = CARTESIAN_POINT ( 'NONE',  ( 5.262079874696753201, -0.9264947339389769665, 0.1000000000000000056 ) ) ;
#6367 = CARTESIAN_POINT ( 'NONE',  ( 5.249230769230768701, 0.3053685897435901020, 0.000000000000000000 ) ) ;
#6368 = ORIENTED_EDGE ( 'NONE', *, *, #6790, .F. ) ;
#6369 = CARTESIAN_POINT ( 'NONE',  ( 4.759999999999998899, 5.450000000000000178, -3.000000000000000000 ) ) ;
#6370 = EDGE_CURVE ( 'NONE', #2995, #274, #5786, .T. ) ;
#6371 = CARTESIAN_POINT ( 'NONE',  ( 5.154564150902207764, -0.9241990406206059827, 0.000000000000000000 ) ) ;
#6372 = DIRECTION ( 'NONE',  ( 0.000000000000000000, -1.296504840042456870E-16, -1.000000000000000000 ) ) ;
#6373 = CARTESIAN_POINT ( 'NONE',  ( 5.198456167860530996, -0.9073052589734794671, 0.000000000000000000 ) ) ;
#6374 = ORIENTED_EDGE ( 'NONE', *, *, #10228, .F. ) ;
#6375 = LINE ( 'NONE', #8720, #1568 ) ;
#6376 = FACE_OUTER_BOUND ( 'NONE', #5468, .T. ) ;
#6377 = CARTESIAN_POINT ( 'NONE',  ( 5.446176086536309136, -0.7853009797737018349, 0.1000000000000000056 ) ) ;
#6378 = EDGE_LOOP ( 'NONE', ( #7883, #3281, #8513, #580, #9196, #6544 ) ) ;
#6379 = ORIENTED_EDGE ( 'NONE', *, *, #1197, .T. ) ;
#6380 = ORIENTED_EDGE ( 'NONE', *, *, #1127, .F. ) ;
#6381 = CARTESIAN_POINT ( 'NONE',  ( 6.349999999999999645, 5.650000000000000355, 0.6000000000000001998 ) ) ;
#6382 = VERTEX_POINT ( 'NONE', #758 ) ;
#6383 = LINE ( 'NONE', #3137, #3702 ) ;
#6384 = CARTESIAN_POINT ( 'NONE',  ( -5.400000000000002132, 2.269999999999999130, 0.7099999999999985212 ) ) ;
#6385 = CARTESIAN_POINT ( 'NONE',  ( -2.860000000000001652, -7.049999999999999822, 3.450000000000000622 ) ) ;
#6386 = CARTESIAN_POINT ( 'NONE',  ( 5.079999999999999183, 0.5653846153846157074, 0.1000000000000000056 ) ) ;
#6387 = EDGE_LOOP ( 'NONE', ( #5338, #6194, #2532, #10667 ) ) ;
#6388 = ORIENTED_EDGE ( 'NONE', *, *, #4945, .T. ) ;
#6389 = ORIENTED_EDGE ( 'NONE', *, *, #5890, .T. ) ;
#6390 = ADVANCED_FACE ( 'NONE', ( #9488 ), #5060, .T. ) ;
#6391 = CYLINDRICAL_SURFACE ( 'NONE', #1400, 0.1999999999999999833 ) ;
#6392 = ORIENTED_EDGE ( 'NONE', *, *, #1126, .T. ) ;
#6393 = DIRECTION ( 'NONE',  ( 1.000000000000000000, -0.000000000000000000, -0.000000000000000000 ) ) ;
#6394 = ORIENTED_EDGE ( 'NONE', *, *, #1339, .T. ) ;
#6395 = DIRECTION ( 'NONE',  ( 0.000000000000000000, -1.296504840042457116E-16, -1.000000000000000000 ) ) ;
#6396 = FACE_OUTER_BOUND ( 'NONE', #997, .T. ) ;
#6397 = EDGE_CURVE ( 'NONE', #950, #5365, #6094, .T. ) ;
#6398 = UNCERTAINTY_MEASURE_WITH_UNIT (LENGTH_MEASURE( 1.000000000000000082E-05 ), #9922, 'distance_accuracy_value', 'NONE');
#6399 = FACE_OUTER_BOUND ( 'NONE', #4190, .T. ) ;
#6400 = EDGE_CURVE ( 'NONE', #4261, #8652, #10820, .T. ) ;
#6401 = CARTESIAN_POINT ( 'NONE',  ( 5.399183665890698869, 0.04696798473715609046, 0.1000000000000000056 ) ) ;
#6402 = CARTESIAN_POINT ( 'NONE',  ( 0.3199999999999982303, -1.249999999999999778, 5.000000000000000000 ) ) ;
#6403 = EDGE_CURVE ( 'NONE', #2933, #674, #4377, .T. ) ;
#6404 = CARTESIAN_POINT ( 'NONE',  ( -2.220000000000001972, 2.469999999999999307, -2.799999999999999822 ) ) ;
#6405 = LINE ( 'NONE', #10625, #4909 ) ;
#6406 = CARTESIAN_POINT ( 'NONE',  ( 1.103333333333333721, 0.6499999999999999112, 0.4000000000000001332 ) ) ;
#6407 = ORIENTED_EDGE ( 'NONE', *, *, #10219, .F. ) ;
#6408 = ADVANCED_FACE ( 'NONE', ( #5007 ), #6913, .F. ) ;
#6409 = CARTESIAN_POINT ( 'NONE',  ( 5.091737648981754738, -0.8508196275666287667, 0.000000000000000000 ) ) ;
#6410 = DIRECTION ( 'NONE',  ( 0.9079872537420917711, -0.4189977888269746931, 0.000000000000000000 ) ) ;
#6411 = EDGE_CURVE ( 'NONE', #7641, #74, #2737, .T. ) ;
#6412 = LINE ( 'NONE', #9033, #6686 ) ;
#6413 = DIRECTION ( 'NONE',  ( 0.000000000000000000, -1.296504840042456870E-16, -1.000000000000000000 ) ) ;
#6414 = EDGE_CURVE ( 'NONE', #570, #17, #10427, .T. ) ;
#6415 = EDGE_LOOP ( 'NONE', ( #4505, #9598, #5255, #2396 ) ) ;
#6416 = CARTESIAN_POINT ( 'NONE',  ( 6.349999999999996980, 0.6499999999999999112, 3.450000000000000622 ) ) ;
#6417 = CARTESIAN_POINT ( 'NONE',  ( 2.219999999999997975, -7.249999999999999112, 3.890000000000000568 ) ) ;
#6418 = CARTESIAN_POINT ( 'NONE',  ( 5.204830006051349045, -0.9504807142305825574, 0.000000000000000000 ) ) ;
#6419 = DIRECTION ( 'NONE',  ( 0.000000000000000000, 0.000000000000000000, 1.000000000000000000 ) ) ;
#6420 = ORIENTED_EDGE ( 'NONE', *, *, #8183, .F. ) ;
#6421 = CARTESIAN_POINT ( 'NONE',  ( 5.154564150902207764, -0.9241990406206059827, 0.000000000000000000 ) ) ;
#6422 = VERTEX_POINT ( 'NONE', #10375 ) ;
#6423 = CARTESIAN_POINT ( 'NONE',  ( -0.3200000000000017830, 2.469999999999999307, -2.799999999999999822 ) ) ;
#6424 = DIRECTION ( 'NONE',  ( 0.000000000000000000, 0.000000000000000000, 1.000000000000000000 ) ) ;
#6425 = ORIENTED_EDGE ( 'NONE', *, *, #4860, .T. ) ;
#6426 = ORIENTED_EDGE ( 'NONE', *, *, #4630, .T. ) ;
#6427 =( NAMED_UNIT ( * ) PLANE_ANGLE_UNIT ( ) SI_UNIT ( $, .RADIAN. ) );
#6428 = CARTESIAN_POINT ( 'NONE',  ( 2.859999999999998099, 5.009999999999999787, 3.249999999999999556 ) ) ;
#6429 = ORIENTED_EDGE ( 'NONE', *, *, #8639, .T. ) ;
#6430 = PLANE ( 'NONE',  #8778 ) ;
#6431 = CARTESIAN_POINT ( 'NONE',  ( 0.3199999999999982858, -7.249999999999999112, 3.650000000000000799 ) ) ;
#6432 = DIRECTION ( 'NONE',  ( 1.000000000000000000, 0.000000000000000000, 0.000000000000000000 ) ) ;
#6433 = ADVANCED_FACE ( 'NONE', ( #7250 ), #8715, .F. ) ;
#6434 = DIRECTION ( 'NONE',  ( 0.000000000000000000, -1.000000000000000000, 1.628629872832303193E-16 ) ) ;
#6435 = ORIENTED_EDGE ( 'NONE', *, *, #3045, .T. ) ;
#6436 = EDGE_LOOP ( 'NONE', ( #7345, #2140, #8634, #8403 ) ) ;
#6437 = AXIS2_PLACEMENT_3D ( 'NONE', #9359, #6086, #1837 ) ;
#6438 = EDGE_LOOP ( 'NONE', ( #335, #1912, #5225, #3934 ) ) ;
#6439 =( NAMED_UNIT ( * ) PLANE_ANGLE_UNIT ( ) SI_UNIT ( $, .RADIAN. ) );
#6440 = VECTOR ( 'NONE', #3031, 1000.000000000000000 ) ;
#6441 = LINE ( 'NONE', #4025, #6323 ) ;
#6442 = ORIENTED_EDGE ( 'NONE', *, *, #1278, .T. ) ;
#6443 = DIRECTION ( 'NONE',  ( -0.6401843996644802637, 0.000000000000000000, 0.7682212795973755171 ) ) ;
#6444 = VERTEX_POINT ( 'NONE', #7964 ) ;
#6445 = DIRECTION ( 'NONE',  ( 1.000000000000000000, 0.000000000000000000, 0.000000000000000000 ) ) ;
#6446 = AXIS2_PLACEMENT_3D ( 'NONE', #1828, #5144, #936 ) ;
#6447 = ADVANCED_FACE ( 'NONE', ( #7909 ), #8828, .T. ) ;
#6448 = LINE ( 'NONE', #9789, #4500 ) ;
#6449 = FILL_AREA_STYLE ('',( #2434 ) ) ;
#6450 = CARTESIAN_POINT ( 'NONE',  ( -0.3200000000000017830, 4.809999999999999609, 3.250000000000000888 ) ) ;
#6451 = PRESENTATION_LAYER_ASSIGNMENT (  '', '', ( #1354 ) ) ;
#6452 = CARTESIAN_POINT ( 'NONE',  ( 5.344351344262519454, -0.9545428520829344343, 0.1000000000000000056 ) ) ;
#6453 = EDGE_LOOP ( 'NONE', ( #9185, #4543, #4844, #8368 ) ) ;
#6454 = VECTOR ( 'NONE', #1466, 1000.000000000000114 ) ;
#6455 = ORIENTED_EDGE ( 'NONE', *, *, #10359, .T. ) ;
#6456 = PLANE ( 'NONE',  #2308 ) ;
#6457 = EDGE_CURVE ( 'NONE', #3503, #5292, #9538, .T. ) ;
#6458 = CARTESIAN_POINT ( 'NONE',  ( 5.128536551162463653, -0.006614491318338989838, 0.000000000000000000 ) ) ;
#6459 = DIRECTION ( 'NONE',  ( -1.000000000000000000, 0.000000000000000000, 0.000000000000000000 ) ) ;
#6460 = FACE_OUTER_BOUND ( 'NONE', #8466, .T. ) ;
#6461 = SURFACE_STYLE_FILL_AREA ( #7504 ) ;
#6462 = COLOUR_RGB ( '',0.1490196078431372528, 0.1490196078431372528, 0.1490196078431372528 ) ;
#6463 = ORIENTED_EDGE ( 'NONE', *, *, #550, .T. ) ;
#6464 = VECTOR ( 'NONE', #3726, 1000.000000000000000 ) ;
#6465 = CARTESIAN_POINT ( 'NONE',  ( -6.350000000000002309, 1.250000000000000222, 0.5999999999999998668 ) ) ;
#6466 = SURFACE_STYLE_USAGE ( .BOTH. , #3018 ) ;
#6467 = EDGE_CURVE ( 'NONE', #977, #3534, #9586, .T. ) ;
#6468 = CARTESIAN_POINT ( 'NONE',  ( 5.079999999999999183, 0.5653846153846157074, 0.1000000000000000056 ) ) ;
#6469 = CARTESIAN_POINT ( 'NONE',  ( 5.279710163316054583, 0.09865928730492055931, 0.1000000000000000056 ) ) ;
#6470 = ORIENTED_EDGE ( 'NONE', *, *, #6873, .F. ) ;
#6471 = CARTESIAN_POINT ( 'NONE',  ( 5.282323717948717245, -0.9628205128205130636, 0.000000000000000000 ) ) ;
#6472 = ORIENTED_EDGE ( 'NONE', *, *, #1959, .T. ) ;
#6473 =( GEOMETRIC_REPRESENTATION_CONTEXT ( 3 ) GLOBAL_UNCERTAINTY_ASSIGNED_CONTEXT ( ( #9357 ) ) GLOBAL_UNIT_ASSIGNED_CONTEXT ( ( #10239, #4198, #1874 ) ) REPRESENTATION_CONTEXT ( 'NONE', 'WORKASPACE' ) );
#6474 = EDGE_CURVE ( 'NONE', #9435, #6978, #7082, .T. ) ;
#6475 = CARTESIAN_POINT ( 'NONE',  ( 5.433923644607282277, -0.5968914673027412299, 0.000000000000000000 ) ) ;
#6476 =( GEOMETRIC_REPRESENTATION_CONTEXT ( 3 ) GLOBAL_UNCERTAINTY_ASSIGNED_CONTEXT ( ( #10907 ) ) GLOBAL_UNIT_ASSIGNED_CONTEXT ( ( #1406, #7410, #628 ) ) REPRESENTATION_CONTEXT ( 'NONE', 'WORKASPACE' ) );
#6477 = FACE_OUTER_BOUND ( 'NONE', #6521, .T. ) ;
#6478 = DIRECTION ( 'NONE',  ( 0.000000000000000000, 0.7071067811865483499, -0.7071067811865467956 ) ) ;
#6479 = SURFACE_STYLE_USAGE ( .BOTH. , #4948 ) ;
#6480 = ORIENTED_EDGE ( 'NONE', *, *, #10879, .T. ) ;
#6481 = DIRECTION ( 'NONE',  ( -0.6401843996644795975, -0.000000000000000000, 0.7682212795973760722 ) ) ;
#6482 = VECTOR ( 'NONE', #6030, 1000.000000000000000 ) ;
#6483 = VECTOR ( 'NONE', #3762, 1000.000000000000000 ) ;
#6484 = LINE ( 'NONE', #3197, #331 ) ;
#6485 = EDGE_LOOP ( 'NONE', ( #6140, #2639, #3801, #6235 ) ) ;
#6486 = CARTESIAN_POINT ( 'NONE',  ( -2.860000000000001652, -7.049999999999999822, 4.090000000000000746 ) ) ;
#6487 = LINE ( 'NONE', #4736, #5767 ) ;
#6488 = FACE_OUTER_BOUND ( 'NONE', #6245, .T. ) ;
#6489 = DIRECTION ( 'NONE',  ( 0.000000000000000000, 0.000000000000000000, -1.000000000000000000 ) ) ;
#6490 = EDGE_LOOP ( 'NONE', ( #276, #10270, #2576, #139 ) ) ;
#6491 = VERTEX_POINT ( 'NONE', #2068 ) ;
#6492 = DIRECTION ( 'NONE',  ( 1.000000000000000000, 0.000000000000000000, 0.000000000000000000 ) ) ;
#6493 = EDGE_LOOP ( 'NONE', ( #3814, #8031, #376, #6756 ) ) ;
#6494 = DIRECTION ( 'NONE',  ( 1.000000000000000000, -0.000000000000000000, -0.000000000000000000 ) ) ;
#6495 = EDGE_CURVE ( 'NONE', #1351, #7288, #2960, .T. ) ;
#6496 = DIRECTION ( 'NONE',  ( 0.000000000000000000, 0.000000000000000000, 1.000000000000000000 ) ) ;
#6497 = VECTOR ( 'NONE', #290, 1000.000000000000114 ) ;
#6498 = DIRECTION ( 'NONE',  ( -0.000000000000000000, 0.000000000000000000, -1.000000000000000000 ) ) ;
#6499 = EDGE_LOOP ( 'NONE', ( #2971, #10385, #2622, #2820 ) ) ;
#6500 = FILL_AREA_STYLE ('',( #1273 ) ) ;
#6501 = DIRECTION ( 'NONE',  ( -0.000000000000000000, 0.000000000000000000, 1.000000000000000000 ) ) ;
#6502 = VECTOR ( 'NONE', #5206, 1000.000000000000000 ) ;
#6503 = COLOUR_RGB ( '',0.1490196078431372528, 0.1490196078431372528, 0.1490196078431372528 ) ;
#6504 = VECTOR ( 'NONE', #6871, 1000.000000000000114 ) ;
#6505 = CARTESIAN_POINT ( 'NONE',  ( 6.349999999999996980, 1.250000000000000222, 0.5999999999999963141 ) ) ;
#6506 = VECTOR ( 'NONE', #2497, 1000.000000000000000 ) ;
#6507 = PLANE ( 'NONE',  #8108 ) ;
#6508 = MECHANICAL_DESIGN_GEOMETRIC_PRESENTATION_REPRESENTATION (  '', ( #4391 ), #1763 ) ;
#6509 = CARTESIAN_POINT ( 'NONE',  ( 5.153637820512821044, -0.5730769230769234834, 0.1000000000000000056 ) ) ;
#6510 = VECTOR ( 'NONE', #2215, 1000.000000000000000 ) ;
#6511 = CIRCLE ( 'NONE', #8962, 0.2000000000000000944 ) ;
#6512 = CARTESIAN_POINT ( 'NONE',  ( 5.489709147865975858, -0.7699785690023374096, 0.1000000000000000056 ) ) ;
#6513 = ORIENTED_EDGE ( 'NONE', *, *, #1484, .T. ) ;
#6514 = ORIENTED_EDGE ( 'NONE', *, *, #697, .T. ) ;
#6515 = FACE_OUTER_BOUND ( 'NONE', #1264, .T. ) ;
#6516 = PLANE ( 'NONE',  #8953 ) ;
#6517 = FACE_OUTER_BOUND ( 'NONE', #8021, .T. ) ;
#6518 = CARTESIAN_POINT ( 'NONE',  ( 5.072771359919006073, -0.7073808030742791964, 0.000000000000000000 ) ) ;
#6519 =( LENGTH_UNIT ( ) NAMED_UNIT ( * ) SI_UNIT ( .MILLI., .METRE. ) );
#6520 =( GEOMETRIC_REPRESENTATION_CONTEXT ( 3 ) GLOBAL_UNCERTAINTY_ASSIGNED_CONTEXT ( ( #1993 ) ) GLOBAL_UNIT_ASSIGNED_CONTEXT ( ( #2375, #496, #1384 ) ) REPRESENTATION_CONTEXT ( 'NONE', 'WORKASPACE' ) );
#6521 = EDGE_LOOP ( 'NONE', ( #5056, #6878, #10595, #8579 ) ) ;
#6522 = CARTESIAN_POINT ( 'NONE',  ( 5.274951923076922178, 0.1346153846153848310, 0.000000000000000000 ) ) ;
#6523 = FILL_AREA_STYLE ('',( #9645 ) ) ;
#6524 = EDGE_CURVE ( 'NONE', #2367, #9555, #352, .T. ) ;
#6525 = CARTESIAN_POINT ( 'NONE',  ( -5.400000000000002132, -7.049999999999999822, 1.550000000000000044 ) ) ;
#6526 = CARTESIAN_POINT ( 'NONE',  ( -0.3200000000000017830, 5.009999999999999787, -2.799999999999999822 ) ) ;
#6527 = CARTESIAN_POINT ( 'NONE',  ( -2.220000000000001972, -1.250000000000000222, 1.550000000000000488 ) ) ;
#6528 = ADVANCED_FACE ( 'NONE', ( #3739 ), #5552, .T. ) ;
#6529 = VERTEX_POINT ( 'NONE', #2910 ) ;
#6530 = CARTESIAN_POINT ( 'NONE',  ( -6.350000000000002309, -1.249999999999999778, 0.9099999999999993650 ) ) ;
#6531 = EDGE_LOOP ( 'NONE', ( #7594, #5895, #2716, #9911 ) ) ;
#6532 = CARTESIAN_POINT ( 'NONE',  ( 4.759999999999998899, -7.249999999999999112, 1.110000000000000098 ) ) ;
#6533 = CARTESIAN_POINT ( 'NONE',  ( 5.261865908559993699, 0.09849707709157186353, 0.000000000000000000 ) ) ;
#6534 = PRODUCT_DEFINITION ( 'Î´Öª', '', #4761, #435 ) ;
#6535 = ADVANCED_FACE ( 'NONE', ( #5437 ), #10135, .T. ) ;
#6536 = B_SPLINE_CURVE_WITH_KNOTS ( 'NONE', 3,
 ( #5420, #8000, #8700, #7238, #509, #272, #10526, #5489, #7116, #4532, #8759, #6295, #8863, #8058, #8650, #333, #1226, #4598, #8816 ),
 .UNSPECIFIED., .F., .F.,
 ( 4, 1, 1, 1, 1, 1, 1, 1, 1, 1, 1, 1, 1, 1, 1, 1, 4 ),
 ( 0.000000000000000000, 0.06241191546626041059, 0.1233331236171034684, 0.1831169538814308717, 0.2417729815817082906, 0.3005664345557872430, 0.3596651793197819247, 0.4188642935347364205, 0.4795108054598570257, 0.5404624589939853729, 0.6019127741600986958, 0.6644672098853200426, 0.7278070973767682972, 0.7924745597484345039, 0.8592493077857755734, 0.9284673632662800991, 1.000000000000000000 ),
 .UNSPECIFIED. ) ;
#6537 = DIRECTION ( 'NONE',  ( 0.000000000000000000, 0.000000000000000000, -1.000000000000000000 ) ) ;
#6538 = EDGE_CURVE ( 'NONE', #3534, #6774, #8128, .T. ) ;
#6539 = CARTESIAN_POINT ( 'NONE',  ( -0.3200000000000017830, 5.450000000000001066, 3.890000000000001457 ) ) ;
#6540 = DIRECTION ( 'NONE',  ( -1.000000000000000000, 0.000000000000000000, 0.000000000000000000 ) ) ;
#6541 = EDGE_LOOP ( 'NONE', ( #3884, #4922, #9517, #8996 ) ) ;
#6542 = PRESENTATION_STYLE_ASSIGNMENT (( #5717 ) ) ;
#6543 = DIRECTION ( 'NONE',  ( 0.000000000000000000, -1.000000000000000000, 0.000000000000000000 ) ) ;
#6544 = ORIENTED_EDGE ( 'NONE', *, *, #10288, .F. ) ;
#6545 = CARTESIAN_POINT ( 'NONE',  ( 4.309999999999997833, -1.249999999999999778, 5.000000000000000000 ) ) ;
#6546 = CARTESIAN_POINT ( 'NONE',  ( -2.860000000000001652, -7.049999999999999822, 1.550000000000000044 ) ) ;
#6547 =( NAMED_UNIT ( * ) SI_UNIT ( $, .STERADIAN. ) SOLID_ANGLE_UNIT ( ) );
#6548 = EDGE_CURVE ( 'NONE', #4344, #712, #2861, .T. ) ;
#6549 = VERTEX_POINT ( 'NONE', #782 ) ;
#6550 = EDGE_LOOP ( 'NONE', ( #8469, #9887, #2374, #6858 ) ) ;
#6551 =( LENGTH_UNIT ( ) NAMED_UNIT ( * ) SI_UNIT ( .MILLI., .METRE. ) );
#6552 = EDGE_CURVE ( 'NONE', #6224, #6150, #581, .T. ) ;
#6553 = CARTESIAN_POINT ( 'NONE',  ( 5.382095414377982223, 0.1103523781947478022, 0.000000000000000000 ) ) ;
#6554 = ORIENTED_EDGE ( 'NONE', *, *, #3459, .F. ) ;
#6555 = FACE_OUTER_BOUND ( 'NONE', #10450, .T. ) ;
#6556 = EDGE_LOOP ( 'NONE', ( #10833, #6374, #558, #10015 ) ) ;
#6557 = DIRECTION ( 'NONE',  ( 0.000000000000000000, -0.7071067811865467956, -0.7071067811865483499 ) ) ;
#6558 = CARTESIAN_POINT ( 'NONE',  ( -2.860000000000001652, 5.209999999999999076, -3.000000000000000000 ) ) ;
#6559 = LINE ( 'NONE', #3929, #4161 ) ;
#6560 = DIRECTION ( 'NONE',  ( 0.000000000000000000, 0.7071067811865467956, 0.7071067811865483499 ) ) ;
#6561 = EDGE_CURVE ( 'NONE', #2682, #2156, #4825, .T. ) ;
#6562 = DIRECTION ( 'NONE',  ( 0.000000000000000000, -1.000000000000000000, 0.000000000000000000 ) ) ;
#6563 = DIRECTION ( 'NONE',  ( 0.000000000000000000, 0.000000000000000000, 1.000000000000000000 ) ) ;
#6564 = CARTESIAN_POINT ( 'NONE',  ( 5.097363495268873557, -0.6365870616663364956, 0.000000000000000000 ) ) ;
#6565 = CARTESIAN_POINT ( 'NONE',  ( 5.467067898890001665, -0.8511700909622121891, 0.000000000000000000 ) ) ;
#6566 = ORIENTED_EDGE ( 'NONE', *, *, #1358, .F. ) ;
#6567 = FACE_BOUND ( 'NONE', #6490, .T. ) ;
#6568 = ORIENTED_EDGE ( 'NONE', *, *, #4715, .T. ) ;
#6569 = FILL_AREA_STYLE_COLOUR ( '', #3543 ) ;
#6570 = CARTESIAN_POINT ( 'NONE',  ( 5.205466186039171106, 0.1249444104701774444, 0.1000000000000000056 ) ) ;
#6571 = EDGE_CURVE ( 'NONE', #1549, #1380, #9809, .T. ) ;
#6572 = CARTESIAN_POINT ( 'NONE',  ( 5.428508626613155919, 0.07538142772057968011, 0.000000000000000000 ) ) ;
#6573 = FACE_OUTER_BOUND ( 'NONE', #4335, .T. ) ;
#6574 = CARTESIAN_POINT ( 'NONE',  ( 1.269999999999999352, 0.6499999999999995781, 0.6000000000000001998 ) ) ;
#6575 = CARTESIAN_POINT ( 'NONE',  ( -0.3200000000000017830, 3.109999999999998987, -2.799999999999999822 ) ) ;
#6576 = PLANE ( 'NONE',  #6319 ) ;
#6577 = ORIENTED_EDGE ( 'NONE', *, *, #8174, .F. ) ;
#6578 = CARTESIAN_POINT ( 'NONE',  ( 5.406602564102563235, -0.5730769230769233724, 0.1000000000000000056 ) ) ;
#6579 = ORIENTED_EDGE ( 'NONE', *, *, #262, .F. ) ;
#6580 = DIRECTION ( 'NONE',  ( -0.000000000000000000, -1.000000000000000000, -0.000000000000000000 ) ) ;
#6581 = CARTESIAN_POINT ( 'NONE',  ( 5.275032051282050993, 0.09871794871794895010, 0.000000000000000000 ) ) ;
#6582 = CARTESIAN_POINT ( 'NONE',  ( 5.463813963044967359, 0.01873095111170128280, 0.1000000000000000056 ) ) ;
#6583 = EDGE_CURVE ( 'NONE', #3303, #7367, #10850, .T. ) ;
#6584 = LINE ( 'NONE', #6641, #640 ) ;
#6585 = CARTESIAN_POINT ( 'NONE',  ( 5.399999999999998579, -7.049999999999999822, 0.9100000000000000311 ) ) ;
#6586 = CARTESIAN_POINT ( 'NONE',  ( 2.219999999999997975, 4.809999999999999609, 3.250000000000000888 ) ) ;
#6587 = ORIENTED_EDGE ( 'NONE', *, *, #2306, .F. ) ;
#6588 = CARTESIAN_POINT ( 'NONE',  ( 5.399999999999998579, 4.809999999999998721, 3.450000000000000622 ) ) ;
#6589 = ORIENTED_EDGE ( 'NONE', *, *, #315, .T. ) ;
#6590 = DIRECTION ( 'NONE',  ( 0.000000000000000000, -0.7071067811865467956, 0.7071067811865483499 ) ) ;
#6591 = FACE_BOUND ( 'NONE', #6556, .T. ) ;
#6592 = FACE_OUTER_BOUND ( 'NONE', #6824, .T. ) ;
#6593 = DIRECTION ( 'NONE',  ( -0.000000000000000000, 0.000000000000000000, -1.000000000000000000 ) ) ;
#6594 = EDGE_CURVE ( 'NONE', #6057, #8528, #8175, .T. ) ;
#6595 = CARTESIAN_POINT ( 'NONE',  ( 5.070791843206745142, -0.7724843113315643661, -0.000000000000000000 ) ) ;
#6596 = ORIENTED_EDGE ( 'NONE', *, *, #2656, .T. ) ;
#6597 = VERTEX_POINT ( 'NONE', #9968 ) ;
#6598 = ORIENTED_EDGE ( 'NONE', *, *, #3002, .F. ) ;
#6599 = DIRECTION ( 'NONE',  ( -0.000000000000000000, 0.000000000000000000, 1.000000000000000000 ) ) ;
#6600 = EDGE_CURVE ( 'NONE', #317, #3307, #7511, .T. ) ;
#6601 = SURFACE_SIDE_STYLE ('',( #10728 ) ) ;
#6602 = CARTESIAN_POINT ( 'NONE',  ( 5.453742185526464503, 0.04090610336852312096, 0.1000000000000000056 ) ) ;
#6603 = ORIENTED_EDGE ( 'NONE', *, *, #9009, .T. ) ;
#6604 = CARTESIAN_POINT ( 'NONE',  ( 5.478049441543102027, -0.6700095820551229542, 0.1000000000000000056 ) ) ;
#6605 = VERTEX_POINT ( 'NONE', #4055 ) ;
#6606 = DIRECTION ( 'NONE',  ( 1.000000000000000000, 0.000000000000000000, -0.000000000000000000 ) ) ;
#6607 = CARTESIAN_POINT ( 'NONE',  ( -2.860000000000001652, 4.809999999999998721, 3.450000000000000622 ) ) ;
#6608 = ADVANCED_FACE ( 'NONE', ( #3339 ), #3994, .F. ) ;
#6609 = CARTESIAN_POINT ( 'NONE',  ( 5.399999999999998579, 0.6499999999999995781, 3.450000000000000622 ) ) ;
#6610 = B_SPLINE_CURVE_WITH_KNOTS ( 'NONE', 3,
 ( #3612, #7071, #6141, #1228, #9471, #1110, #2726, #10247, #4601, #2055, #1164, #5491, #4534, #4425, #7952, #2123, #2002, #9408, #10361, #6298, #4481, #8819, #10415, #7786, #5256, #8004, #1286 ),
 .UNSPECIFIED., .F., .F.,
 ( 4, 1, 1, 1, 1, 1, 1, 1, 1, 1, 1, 1, 1, 1, 1, 1, 1, 1, 1, 1, 1, 1, 1, 1, 4 ),
 ( 0.000000000000000000, 0.04395321799080991604, 0.08749850866012541528, 0.1304576079231676566, 0.1727453749140399342, 0.2153947809704270244, 0.2576399181299118823, 0.3001412022856357886, 0.3431082898522677671, 0.3859103169284648915, 0.4276692746243928034, 0.4687999153795964213, 0.5094722003527308862, 0.5498618774479624438, 0.5899573268375530866, 0.6301457544048192361, 0.6706075938813510495, 0.7111213530402318295, 0.7513631191327729830, 0.7917835871168159567, 0.8324653639949337602, 0.8733239183472772948, 0.9145462431005966231, 0.9569252153312376441, 1.000000000000000000 ),
 .UNSPECIFIED. ) ;
#6611 = VECTOR ( 'NONE', #5284, 1000.000000000000000 ) ;
#6612 = CARTESIAN_POINT ( 'NONE',  ( -1.270000000000000684, -1.249999999999999778, 4.400000000000000355 ) ) ;
#6613 = ORIENTED_EDGE ( 'NONE', *, *, #7381, .T. ) ;
#6614 = CARTESIAN_POINT ( 'NONE',  ( 5.081940938748920722, -0.6704056828273203816, 0.000000000000000000 ) ) ;
#6615 = FACE_OUTER_BOUND ( 'NONE', #1795, .T. ) ;
#6616 = VERTEX_POINT ( 'NONE', #6468 ) ;
#6617 =( NAMED_UNIT ( * ) PLANE_ANGLE_UNIT ( ) SI_UNIT ( $, .RADIAN. ) );
#6618 = VERTEX_POINT ( 'NONE', #3177 ) ;
#6619 = CARTESIAN_POINT ( 'NONE',  ( 5.158193173646682617, 0.1029058011814451834, 0.1000000000000000056 ) ) ;
#6620 = VECTOR ( 'NONE', #7242, 1000.000000000000000 ) ;
#6621 = CARTESIAN_POINT ( 'NONE',  ( 5.078196792313033114, -0.6824100165126987250, 0.000000000000000000 ) ) ;
#6622 = VECTOR ( 'NONE', #1118, 1000.000000000000000 ) ;
#6623 = DIRECTION ( 'NONE',  ( 0.000000000000000000, -1.000000000000000000, 1.628629872832303193E-16 ) ) ;
#6624 =( GEOMETRIC_REPRESENTATION_CONTEXT ( 3 ) GLOBAL_UNCERTAINTY_ASSIGNED_CONTEXT ( ( #338 ) ) GLOBAL_UNIT_ASSIGNED_CONTEXT ( ( #9807, #6307, #3993 ) ) REPRESENTATION_CONTEXT ( 'NONE', 'WORKASPACE' ) );
#6625 = DIRECTION ( 'NONE',  ( 0.000000000000000000, 1.000000000000000000, 0.000000000000000000 ) ) ;
#6626 = CARTESIAN_POINT ( 'NONE',  ( 0.8499999999999939826, 1.250000000000000222, 11.00000000000000355 ) ) ;
#6627 = VECTOR ( 'NONE', #7692, 1000.000000000000000 ) ;
#6628 = FACE_OUTER_BOUND ( 'NONE', #9041, .T. ) ;
#6629 = PLANE ( 'NONE',  #4200 ) ;
#6630 = CARTESIAN_POINT ( 'NONE',  ( 5.121025641025640063, -0.1117788461538459788, 0.000000000000000000 ) ) ;
#6631 = EDGE_CURVE ( 'NONE', #1574, #9812, #2453, .T. ) ;
#6632 = ORIENTED_EDGE ( 'NONE', *, *, #5726, .T. ) ;
#6633 = CARTESIAN_POINT ( 'NONE',  ( 5.223137187095632683, -0.9560011482730611521, 0.000000000000000000 ) ) ;
#6634 = ORIENTED_EDGE ( 'NONE', *, *, #708, .T. ) ;
#6635 = DIRECTION ( 'NONE',  ( 0.000000000000000000, -2.090028284309406488E-16, -1.000000000000000000 ) ) ;
#6636 = B_SPLINE_CURVE_WITH_KNOTS ( 'NONE', 3,
 ( #10152, #7640, #5055, #4230, #7694, #2694, #8402, #6052, #9373, #2574, #3525 ),
 .UNSPECIFIED., .F., .F.,
 ( 4, 1, 1, 1, 1, 1, 1, 1, 4 ),
 ( 0.000000000000000000, 0.08431861695858312855, 0.1792845142139049275, 0.2865825276465613913, 0.4051114834342787185, 0.5355928734189739915, 0.6781902099934133954, 0.8329758397604881681, 1.000000000000000000 ),
 .UNSPECIFIED. ) ;
#6637 = VECTOR ( 'NONE', #299, 1000.000000000000000 ) ;
#6638 = CARTESIAN_POINT ( 'NONE',  ( 5.183139533668054355, 0.07312576999192177407, 0.000000000000000000 ) ) ;
#6639 = AXIS2_PLACEMENT_3D ( 'NONE', #3575, #5164, #2631 ) ;
#6640 = AXIS2_PLACEMENT_3D ( 'NONE', #221, #4205, #3438 ) ;
#6641 = CARTESIAN_POINT ( 'NONE',  ( -6.350000000000002309, 1.250000000000000222, 0.000000000000000000 ) ) ;
#6642 = B_SPLINE_CURVE_WITH_KNOTS ( 'NONE', 3,
 ( #5494, #8766, #7077, #9477, #1233, #7956, #397, #3062, #3167, #7340, #5700, #5752, #6621, #1551, #6518, #8923, #680, #623, #4043 ),
 .UNSPECIFIED., .F., .F.,
 ( 4, 1, 1, 1, 1, 1, 1, 1, 1, 1, 1, 1, 1, 1, 1, 1, 4 ),
 ( 0.000000000000000000, 0.06168195913486676507, 0.1230684651700877930, 0.1834979677640517781, 0.2437570097047745132, 0.3040702812891357687, 0.3646618695216476413, 0.4257527988123532281, 0.4872055163741737527, 0.5490424101336603968, 0.6111161192386618257, 0.6735088700779927606, 0.7369497368315519603, 0.8007078067620292394, 0.8659958233672560013, 0.9320922482984637103, 1.000000000000000000 ),
 .UNSPECIFIED. ) ;
#6643 = LINE ( 'NONE', #9160, #6454 ) ;
#6644 = EDGE_LOOP ( 'NONE', ( #9167, #64, #2705, #2710 ) ) ;
#6645 = VECTOR ( 'NONE', #1338, 1000.000000000000000 ) ;
#6646 = SURFACE_STYLE_USAGE ( .BOTH. , #3290 ) ;
#6647 = ORIENTED_EDGE ( 'NONE', *, *, #6331, .F. ) ;
#6648 = VECTOR ( 'NONE', #2292, 1000.000000000000000 ) ;
#6649 = PLANE ( 'NONE',  #9649 ) ;
#6650 = EDGE_CURVE ( 'NONE', #4435, #8306, #10796, .T. ) ;
#6651 = CARTESIAN_POINT ( 'NONE',  ( 5.208205128205127821, 0.2858974358974362140, 0.000000000000000000 ) ) ;
#6652 = PRESENTATION_STYLE_ASSIGNMENT (( #3405 ) ) ;
#6653 = LINE ( 'NONE', #753, #10474 ) ;
#6654 = AXIS2_PLACEMENT_3D ( 'NONE', #4475, #4691, #500 ) ;
#6655 = VECTOR ( 'NONE', #8211, 1000.000000000000000 ) ;
#6656 = CARTESIAN_POINT ( 'NONE',  ( -0.3200000000000017275, 0.6499999999999999112, 0.4000000000000001332 ) ) ;
#6657 = ORIENTED_EDGE ( 'NONE', *, *, #5046, .F. ) ;
#6658 = ORIENTED_EDGE ( 'NONE', *, *, #10412, .F. ) ;
#6659 = EDGE_CURVE ( 'NONE', #1143, #3033, #9909, .T. ) ;
#6660 = ORIENTED_EDGE ( 'NONE', *, *, #5132, .T. ) ;
#6661 = DIRECTION ( 'NONE',  ( 0.000000000000000000, 0.000000000000000000, 1.000000000000000000 ) ) ;
#6662 = DIRECTION ( 'NONE',  ( 0.000000000000000000, 0.7071067811865467956, 0.7071067811865483499 ) ) ;
#6663 = CARTESIAN_POINT ( 'NONE',  ( 5.315897435897435130, -0.4551282051282050101, 0.1000000000000000056 ) ) ;
#6664 = EDGE_LOOP ( 'NONE', ( #7824, #3835, #7868, #8129, #1749, #4231, #3530, #4298, #1163, #7427 ) ) ;
#6665 = EDGE_CURVE ( 'NONE', #7432, #4402, #3947, .T. ) ;
#6666 = CARTESIAN_POINT ( 'NONE',  ( 5.489029233605164038, -0.7204453949143748703, 0.1000000000000000056 ) ) ;
#6667 = ORIENTED_EDGE ( 'NONE', *, *, #5746, .T. ) ;
#6668 = DIRECTION ( 'NONE',  ( 1.000000000000000000, -0.000000000000000000, -0.000000000000000000 ) ) ;
#6669 = VECTOR ( 'NONE', #7988, 1000.000000000000000 ) ;
#6670 = DIRECTION ( 'NONE',  ( -0.000000000000000000, -1.000000000000000000, -0.000000000000000000 ) ) ;
#6671 = MECHANICAL_DESIGN_GEOMETRIC_PRESENTATION_REPRESENTATION (  '', ( #1558 ), #1917 ) ;
#6672 = EDGE_CURVE ( 'NONE', #8652, #528, #7411, .T. ) ;
#6673 = DIRECTION ( 'NONE',  ( 0.000000000000000000, 1.088556398077815951E-16, -1.000000000000000000 ) ) ;
#6674 = EDGE_CURVE ( 'NONE', #4730, #7648, #2392, .T. ) ;
#6675 = EDGE_LOOP ( 'NONE', ( #5346, #8288, #3016, #571, #6105, #6341 ) ) ;
#6676 = CARTESIAN_POINT ( 'NONE',  ( -0.3200000000000017830, 5.450000000000000178, -3.000000000000000000 ) ) ;
#6677 = AXIS2_PLACEMENT_3D ( 'NONE', #230, #10366, #6199 ) ;
#6678 = CARTESIAN_POINT ( 'NONE',  ( 5.121025641025640063, -1.008974358974358720, -0.000000000000000000 ) ) ;
#6679 = ORIENTED_EDGE ( 'NONE', *, *, #5721, .F. ) ;
#6680 = CIRCLE ( 'NONE', #8089, 0.2000000000000000944 ) ;
#6681 = CARTESIAN_POINT ( 'NONE',  ( 5.438974358974357770, -0.2653846153846152189, -0.000000000000000000 ) ) ;
#6682 = CARTESIAN_POINT ( 'NONE',  ( 4.759999999999998899, 2.469999999999999307, -2.799999999999999822 ) ) ;
#6683 = CARTESIAN_POINT ( 'NONE',  ( -2.860000000000001652, 3.109999999999998987, -2.799999999999999822 ) ) ;
#6684 = SURFACE_SIDE_STYLE ('',( #9802 ) ) ;
#6685 = VECTOR ( 'NONE', #5443, 1000.000000000000000 ) ;
#6686 = VECTOR ( 'NONE', #10790, 1000.000000000000000 ) ;
#6687 = AXIS2_PLACEMENT_3D ( 'NONE', #8020, #9705, #6966 ) ;
#6688 = VECTOR ( 'NONE', #955, 1000.000000000000000 ) ;
#6689 = VECTOR ( 'NONE', #4916, 1000.000000000000000 ) ;
#6690 = DIRECTION ( 'NONE',  ( -0.000000000000000000, 0.000000000000000000, -1.000000000000000000 ) ) ;
#6691 = CARTESIAN_POINT ( 'NONE',  ( 0.3199999999999982858, 5.009999999999999787, -2.799999999999999822 ) ) ;
#6692 = ADVANCED_FACE ( 'NONE', ( #1560 ), #6629, .T. ) ;
#6693 = CARTESIAN_POINT ( 'NONE',  ( 2.219999999999997975, 5.650000000000000355, 3.890000000000000124 ) ) ;
#6694 = CARTESIAN_POINT ( 'NONE',  ( -5.400000000000002132, -7.249999999999999112, 3.650000000000000799 ) ) ;
#6695 = CARTESIAN_POINT ( 'NONE',  ( -4.760000000000002451, 2.669999999999999041, -3.000000000000000000 ) ) ;
#6696 = VERTEX_POINT ( 'NONE', #735 ) ;
#6697 = CARTESIAN_POINT ( 'NONE',  ( -6.350000000000002309, 1.250000000000000222, 0.000000000000000000 ) ) ;
#6698 = ORIENTED_EDGE ( 'NONE', *, *, #6414, .T. ) ;
#6699 = MECHANICAL_DESIGN_GEOMETRIC_PRESENTATION_REPRESENTATION (  '', ( #9146 ), #4772 ) ;
#6700 = CARTESIAN_POINT ( 'NONE',  ( 4.949344262295078956, 0.6499999999999999112, -0.7672131147540975915 ) ) ;
#6701 = STYLED_ITEM ( 'NONE', ( #4859 ), #1752 ) ;
#6702 = CARTESIAN_POINT ( 'NONE',  ( 5.174118791481536306, 0.06644864573604285229, 0.000000000000000000 ) ) ;
#6703 = ADVANCED_FACE ( 'NONE', ( #4100 ), #7457, .T. ) ;
#6704 = EDGE_CURVE ( 'NONE', #6618, #9970, #8330, .T. ) ;
#6705 = CARTESIAN_POINT ( 'NONE',  ( 5.079999999999999183, -0.2653846153846152189, 0.1000000000000000056 ) ) ;
#6706 = LINE ( 'NONE', #792, #280 ) ;
#6707 = VERTEX_POINT ( 'NONE', #1660 ) ;
#6708 = DIRECTION ( 'NONE',  ( 1.000000000000000000, -0.000000000000000000, -0.000000000000000000 ) ) ;
#6709 = ORIENTED_EDGE ( 'NONE', *, *, #7540, .T. ) ;
#6710 = PLANE ( 'NONE',  #3522 ) ;
#6711 = PLANE ( 'NONE',  #7519 ) ;
#6712 = CYLINDRICAL_SURFACE ( 'NONE', #1403, 0.2000000000000000944 ) ;
#6713 = DIRECTION ( 'NONE',  ( -0.000000000000000000, 0.000000000000000000, 1.000000000000000000 ) ) ;
#6714 = LINE ( 'NONE', #911, #4858 ) ;
#6715 = ORIENTED_EDGE ( 'NONE', *, *, #1662, .F. ) ;
#6716 = ORIENTED_EDGE ( 'NONE', *, *, #7659, .F. ) ;
#6717 = ORIENTED_EDGE ( 'NONE', *, *, #2941, .F. ) ;
#6718 = CARTESIAN_POINT ( 'NONE',  ( 2.219999999999997975, 2.269999999999997797, 0.9099999999999984768 ) ) ;
#6719 = ORIENTED_EDGE ( 'NONE', *, *, #6665, .T. ) ;
#6720 = LINE ( 'NONE', #6010, #10334 ) ;
#6721 = DIRECTION ( 'NONE',  ( 1.000000000000000000, -0.000000000000000000, -0.000000000000000000 ) ) ;
#6722 = DIRECTION ( 'NONE',  ( 0.000000000000000000, -0.7071067811865467956, 0.7071067811865483499 ) ) ;
#6723 = DIRECTION ( 'NONE',  ( 0.000000000000000000, 1.088556398077815951E-16, -1.000000000000000000 ) ) ;
#6724 = DIRECTION ( 'NONE',  ( 1.000000000000000000, 0.000000000000000000, 0.000000000000000000 ) ) ;
#6725 = ORIENTED_EDGE ( 'NONE', *, *, #9767, .T. ) ;
#6726 = EDGE_CURVE ( 'NONE', #4280, #6268, #5030, .T. ) ;
#6727 = FACE_OUTER_BOUND ( 'NONE', #1600, .T. ) ;
#6728 = FACE_OUTER_BOUND ( 'NONE', #9327, .T. ) ;
#6729 = EDGE_LOOP ( 'NONE', ( #337, #5367, #2906, #297 ) ) ;
#6730 = EDGE_CURVE ( 'NONE', #8365, #1083, #10080, .T. ) ;
#6731 = CARTESIAN_POINT ( 'NONE',  ( 6.349999999999996980, 0.6499999999999999112, 1.550000000000000711 ) ) ;
#6732 = ORIENTED_EDGE ( 'NONE', *, *, #1670, .T. ) ;
#6733 = CARTESIAN_POINT ( 'NONE',  ( 5.218532237000528262, 0.1284190217697206426, -1.355252715606880543E-17 ) ) ;
#6734 = UNCERTAINTY_MEASURE_WITH_UNIT (LENGTH_MEASURE( 1.000000000000000082E-05 ), #389, 'distance_accuracy_value', 'NONE');
#6735 = LINE ( 'NONE', #5141, #5650 ) ;
#6736 = DIRECTION ( 'NONE',  ( 0.000000000000000000, -0.7071067811865474617, -0.7071067811865474617 ) ) ;
#6737 = ADVANCED_FACE ( 'NONE', ( #3557 ), #1054, .F. ) ;
#6738 = CARTESIAN_POINT ( 'NONE',  ( -3.643333333333334423, 0.6499999999999999112, 0.4000000000000001332 ) ) ;
#6739 = DIRECTION ( 'NONE',  ( 0.000000000000000000, 1.000000000000000000, 0.000000000000000000 ) ) ;
#6740 = LINE ( 'NONE', #3338, #9964 ) ;
#6741 = CARTESIAN_POINT ( 'NONE',  ( -2.220000000000001972, 2.909999999999998810, -3.000000000000000000 ) ) ;
#6742 = EDGE_CURVE ( 'NONE', #1461, #2263, #4422, .T. ) ;
#6743 = CARTESIAN_POINT ( 'NONE',  ( 5.345970231491935287, -0.9142053650526332786, 0.1000000000000000056 ) ) ;
#6744 = EDGE_CURVE ( 'NONE', #8898, #1960, #993, .T. ) ;
#6745 = ORIENTED_EDGE ( 'NONE', *, *, #6800, .T. ) ;
#6746 = FACE_OUTER_BOUND ( 'NONE', #2031, .T. ) ;
#6747 = VERTEX_POINT ( 'NONE', #4258 ) ;
#6748 = CARTESIAN_POINT ( 'NONE',  ( -5.400000000000002132, 2.269999999999997797, 0.9099999999999984768 ) ) ;
#6749 = CARTESIAN_POINT ( 'NONE',  ( 5.479999999999999538, -1.198717948717948678, 0.1000000000000000056 ) ) ;
#6750 = ADVANCED_FACE ( 'NONE', ( #5 ), #5341, .T. ) ;
#6751 = AXIS2_PLACEMENT_3D ( 'NONE', #403, #9748, #6254 ) ;
#6752 = B_SPLINE_CURVE_WITH_KNOTS ( 'NONE', 3,
 ( #6630, #4259, #4146, #9969, #7623, #1661, #2454, #6138, #4362, #334, #9575 ),
 .UNSPECIFIED., .F., .F.,
 ( 4, 1, 1, 1, 1, 1, 1, 1, 4 ),
 ( 0.000000000000000000, 0.1719006646132693605, 0.3306279320958807610, 0.4755488358809180083, 0.6067461903123630984, 0.7250238034674896248, 0.8297423869584564793, 0.9213228203439762787, 1.000000000000000000 ),
 .UNSPECIFIED. ) ;
#6753 = FACE_OUTER_BOUND ( 'NONE', #5511, .T. ) ;
#6754 = ORIENTED_EDGE ( 'NONE', *, *, #6078, .F. ) ;
#6755 = CARTESIAN_POINT ( 'NONE',  ( 5.069832738359781210, -0.7599244540044642893, 0.1000000000000000056 ) ) ;
#6756 = ORIENTED_EDGE ( 'NONE', *, *, #1963, .T. ) ;
#6757 = CARTESIAN_POINT ( 'NONE',  ( -2.220000000000002416, 0.6499999999999999112, 0.4000000000000001332 ) ) ;
#6758 = DIRECTION ( 'NONE',  ( -0.000000000000000000, -0.000000000000000000, -1.000000000000000000 ) ) ;
#6759 = LINE ( 'NONE', #610, #8215 ) ;
#6760 = CARTESIAN_POINT ( 'NONE',  ( -0.3200000000000017830, -7.049999999999999822, 0.9100000000000000311 ) ) ;
#6761 = EDGE_LOOP ( 'NONE', ( #159, #10310, #9124, #1914 ) ) ;
#6762 = EDGE_LOOP ( 'NONE', ( #8454, #8178, #4451, #10641, #9440, #1026, #2801, #5869 ) ) ;
#6763 = VERTEX_POINT ( 'NONE', #6741 ) ;
#6764 = CARTESIAN_POINT ( 'NONE',  ( -0.3200000000000017830, -7.249999999999999112, 3.890000000000000568 ) ) ;
#6765 = DIRECTION ( 'NONE',  ( -1.000000000000000000, 0.000000000000000000, 0.000000000000000000 ) ) ;
#6766 = ORIENTED_EDGE ( 'NONE', *, *, #2806, .T. ) ;
#6767 = EDGE_CURVE ( 'NONE', #6707, #1259, #4360, .T. ) ;
#6768 = CARTESIAN_POINT ( 'NONE',  ( 4.759999999999998899, 0.6499999999999995781, 3.450000000000000622 ) ) ;
#6769 = ORIENTED_EDGE ( 'NONE', *, *, #5208, .T. ) ;
#6770 = DIRECTION ( 'NONE',  ( 0.000000000000000000, 1.000000000000000000, 6.938893903907229610E-17 ) ) ;
#6771 = DIRECTION ( 'NONE',  ( 0.000000000000000000, -0.7071067811865467956, 0.7071067811865483499 ) ) ;
#6772 = DIRECTION ( 'NONE',  ( 1.000000000000000000, 0.000000000000000000, -0.000000000000000000 ) ) ;
#6773 = CARTESIAN_POINT ( 'NONE',  ( 5.482226827525652268, -0.8125411157345309165, 0.000000000000000000 ) ) ;
#6774 = VERTEX_POINT ( 'NONE', #9405 ) ;
#6775 = CARTESIAN_POINT ( 'NONE',  ( -2.220000000000001972, -7.049999999999999822, 1.550000000000000044 ) ) ;
#6776 = DIRECTION ( 'NONE',  ( 0.000000000000000000, 1.000000000000000000, -0.000000000000000000 ) ) ;
#6777 = ORIENTED_EDGE ( 'NONE', *, *, #5884, .F. ) ;
#6778 = CARTESIAN_POINT ( 'NONE',  ( 5.417372897826319367, -0.6417918459052548430, 0.000000000000000000 ) ) ;
#6779 = ORIENTED_EDGE ( 'NONE', *, *, #6200, .T. ) ;
#6780 = FACE_OUTER_BOUND ( 'NONE', #8512, .T. ) ;
#6781 = CARTESIAN_POINT ( 'NONE',  ( 5.111342111030997337, -0.7266280666120833454, 0.1000000000000000056 ) ) ;
#6782 = PLANE ( 'NONE',  #2831 ) ;
#6783 = EDGE_CURVE ( 'NONE', #7853, #10572, #5253, .T. ) ;
#6784 = CIRCLE ( 'NONE', #268, 0.2000000000000000944 ) ;
#6785 = FACE_OUTER_BOUND ( 'NONE', #4688, .T. ) ;
#6786 = DIRECTION ( 'NONE',  ( 0.000000000000000000, -0.7071067811865467956, 0.7071067811865483499 ) ) ;
#6787 = CARTESIAN_POINT ( 'NONE',  ( 4.759999999999998899, 4.809999999999998721, 3.450000000000000622 ) ) ;
#6788 = VECTOR ( 'NONE', #6813, 1000.000000000000000 ) ;
#6789 = CARTESIAN_POINT ( 'NONE',  ( 5.430656316591943700, -0.01713746807171024830, 0.000000000000000000 ) ) ;
#6790 = EDGE_CURVE ( 'NONE', #1585, #6268, #1282, .T. ) ;
#6791 = CARTESIAN_POINT ( 'NONE',  ( 5.383833361625610436, -0.8916849067299364995, 0.000000000000000000 ) ) ;
#6792 = EDGE_LOOP ( 'NONE', ( #9173, #91, #2250, #212 ) ) ;
#6793 = LINE ( 'NONE', #6697, #8436 ) ;
#6794 = VERTEX_POINT ( 'NONE', #441 ) ;
#6795 =( GEOMETRIC_REPRESENTATION_CONTEXT ( 3 ) GLOBAL_UNCERTAINTY_ASSIGNED_CONTEXT ( ( #10363 ) ) GLOBAL_UNIT_ASSIGNED_CONTEXT ( ( #7490, #9076, #3316 ) ) REPRESENTATION_CONTEXT ( 'NONE', 'WORKASPACE' ) );
#6796 = CARTESIAN_POINT ( 'NONE',  ( -6.350000000000002309, -1.249999999999999778, 3.450000000000000622 ) ) ;
#6797 = CARTESIAN_POINT ( 'NONE',  ( 2.219999999999997975, -7.249999999999999112, 3.650000000000000799 ) ) ;
#6798 = DIRECTION ( 'NONE',  ( 0.000000000000000000, 0.000000000000000000, 1.000000000000000000 ) ) ;
#6799 = AXIS2_PLACEMENT_3D ( 'NONE', #9966, #9907, #9089 ) ;
#6800 = EDGE_CURVE ( 'NONE', #1266, #7811, #5537, .T. ) ;
#6801 = ORIENTED_EDGE ( 'NONE', *, *, #4684, .F. ) ;
#6802 = CARTESIAN_POINT ( 'NONE',  ( 5.441956862274670570, -0.6058496202806776809, -0.000000000000000000 ) ) ;
#6803 = CARTESIAN_POINT ( 'NONE',  ( -3.643333333333334423, 1.249999999999999778, 4.599999999999999645 ) ) ;
#6804 = VERTEX_POINT ( 'NONE', #2846 ) ;
#6805 = EDGE_CURVE ( 'NONE', #2583, #8554, #3770, .T. ) ;
#6806 = DIRECTION ( 'NONE',  ( 0.6401843996644802637, 0.000000000000000000, -0.7682212795973755171 ) ) ;
#6807 = ORIENTED_EDGE ( 'NONE', *, *, #4154, .T. ) ;
#6808 = VECTOR ( 'NONE', #6670, 1000.000000000000000 ) ;
#6809 = LINE ( 'NONE', #6757, #3352 ) ;
#6810 = AXIS2_PLACEMENT_3D ( 'NONE', #6102, #10213, #133 ) ;
#6811 = DIRECTION ( 'NONE',  ( -0.000000000000000000, -1.000000000000000000, -0.000000000000000000 ) ) ;
#6812 = CARTESIAN_POINT ( 'NONE',  ( -2.860000000000001652, 2.909999999999999698, 1.350000000000000977 ) ) ;
#6813 = DIRECTION ( 'NONE',  ( -0.000000000000000000, -1.000000000000000000, -0.000000000000000000 ) ) ;
#6814 = LINE ( 'NONE', #1017, #3293 ) ;
#6815 = STYLED_ITEM ( 'NONE', ( #7032 ), #4301 ) ;
#6816 = PRESENTATION_STYLE_ASSIGNMENT (( #1632 ) ) ;
#6817 = VERTEX_POINT ( 'NONE', #7895 ) ;
#6818 = ORIENTED_EDGE ( 'NONE', *, *, #7806, .T. ) ;
#6819 = ORIENTED_EDGE ( 'NONE', *, *, #921, .T. ) ;
#6820 = EDGE_LOOP ( 'NONE', ( #10386, #121, #365, #8163 ) ) ;
#6821 = CARTESIAN_POINT ( 'NONE',  ( 2.219999999999997975, -7.049999999999999822, 4.090000000000000746 ) ) ;
#6822 = ORIENTED_EDGE ( 'NONE', *, *, #5335, .F. ) ;
#6823 = CARTESIAN_POINT ( 'NONE',  ( -1.270000000000000684, 5.650000000000000355, 4.400000000000000355 ) ) ;
#6824 = EDGE_LOOP ( 'NONE', ( #9674, #1619, #555, #3371 ) ) ;
#6825 = CARTESIAN_POINT ( 'NONE',  ( -2.860000000000001652, 0.6500000000000000222, 0.9099999999999986988 ) ) ;
#6826 = SURFACE_STYLE_USAGE ( .BOTH. , #7048 ) ;
#6827 = STYLED_ITEM ( 'NONE', ( #2892 ), #4841 ) ;
#6828 = MECHANICAL_DESIGN_GEOMETRIC_PRESENTATION_REPRESENTATION (  '', ( #5432 ), #6476 ) ;
#6829 = EDGE_CURVE ( 'NONE', #8184, #10096, #6536, .T. ) ;
#6830 = VERTEX_POINT ( 'NONE', #3008 ) ;
#6831 = DIRECTION ( 'NONE',  ( 0.000000000000000000, 1.000000000000000000, 1.088556398077815828E-16 ) ) ;
#6832 = MECHANICAL_DESIGN_GEOMETRIC_PRESENTATION_REPRESENTATION (  '', ( #3154 ), #2091 ) ;
#6833 = CARTESIAN_POINT ( 'NONE',  ( -2.860000000000001652, 2.269999999999999130, 0.7099999999999985212 ) ) ;
#6834 = EDGE_LOOP ( 'NONE', ( #2611, #5372, #7309, #10755 ) ) ;
#6835 = CARTESIAN_POINT ( 'NONE',  ( 5.440073136317013613, -0.6872109903513187179, 0.1000000000000000056 ) ) ;
#6836 = ORIENTED_EDGE ( 'NONE', *, *, #10640, .F. ) ;
#6837 = CARTESIAN_POINT ( 'NONE',  ( -6.350000000000002309, 0.6499999999999999112, 4.400000000000000355 ) ) ;
#6838 = LINE ( 'NONE', #10183, #6162 ) ;
#6839 = PLANE ( 'NONE',  #3493 ) ;
#6840 = VECTOR ( 'NONE', #5944, 1000.000000000000000 ) ;
#6841 = LINE ( 'NONE', #6897, #9481 ) ;
#6842 = AXIS2_PLACEMENT_3D ( 'NONE', #6423, #8179, #9754 ) ;
#6843 = AXIS2_PLACEMENT_3D ( 'NONE', #3608, #5364, #2946 ) ;
#6844 = CARTESIAN_POINT ( 'NONE',  ( 5.399999999999998579, -7.249999999999999112, 1.110000000000000098 ) ) ;
#6845 = SURFACE_STYLE_USAGE ( .BOTH. , #10243 ) ;
#6846 = CARTESIAN_POINT ( 'NONE',  ( 2.859999999999998099, 5.009999999999999787, -2.799999999999999822 ) ) ;
#6847 = ORIENTED_EDGE ( 'NONE', *, *, #3667, .F. ) ;
#6848 = DIRECTION ( 'NONE',  ( 0.000000000000000000, -1.000000000000000000, 0.000000000000000000 ) ) ;
#6849 = EDGE_LOOP ( 'NONE', ( #473, #9368, #1651, #9306, #7377, #9 ) ) ;
#6850 = LINE ( 'NONE', #7841, #7216 ) ;
#6851 = DIRECTION ( 'NONE',  ( 1.000000000000000000, -0.000000000000000000, -0.000000000000000000 ) ) ;
#6852 = VECTOR ( 'NONE', #5020, 1000.000000000000114 ) ;
#6853 = DIRECTION ( 'NONE',  ( 0.000000000000000000, 0.000000000000000000, 1.000000000000000000 ) ) ;
#6854 = CARTESIAN_POINT ( 'NONE',  ( -5.400000000000002132, 2.909999999999999698, 1.350000000000000977 ) ) ;
#6855 = AXIS2_PLACEMENT_3D ( 'NONE', #10196, #3445, #4428 ) ;
#6856 = VECTOR ( 'NONE', #9906, 1000.000000000000000 ) ;
#6857 = EDGE_CURVE ( 'NONE', #3233, #9868, #2895, .T. ) ;
#6858 = ORIENTED_EDGE ( 'NONE', *, *, #6240, .T. ) ;
#6859 = CARTESIAN_POINT ( 'NONE',  ( 5.473557431640267090, -0.6582448659029132010, 0.000000000000000000 ) ) ;
#6860 = CARTESIAN_POINT ( 'NONE',  ( 2.859999999999998099, -7.049999999999999822, 1.550000000000000044 ) ) ;
#6861 = ORIENTED_EDGE ( 'NONE', *, *, #3888, .T. ) ;
#6862 = EDGE_CURVE ( 'NONE', #9381, #7992, #1328, .T. ) ;
#6863 = VECTOR ( 'NONE', #2395, 1000.000000000000114 ) ;
#6864 = AXIS2_PLACEMENT_3D ( 'NONE', #483, #3914, #4810 ) ;
#6865 = PRESENTATION_LAYER_ASSIGNMENT (  '', '', ( #4404 ) ) ;
#6866 = SURFACE_SIDE_STYLE ('',( #1794 ) ) ;
#6867 = VERTEX_POINT ( 'NONE', #1106 ) ;
#6868 = CARTESIAN_POINT ( 'NONE',  ( -3.310000000000002718, 1.250000000000000222, 5.000000000000000000 ) ) ;
#6869 = EDGE_CURVE ( 'NONE', #6893, #1973, #10411, .T. ) ;
#6870 = LINE ( 'NONE', #1075, #3133 ) ;
#6871 = DIRECTION ( 'NONE',  ( 0.000000000000000000, -0.7071067811865474617, 0.7071067811865474617 ) ) ;
#6872 = CARTESIAN_POINT ( 'NONE',  ( -2.860000000000001652, 2.669999999999999041, -3.000000000000000000 ) ) ;
#6873 = EDGE_CURVE ( 'NONE', #3857, #9388, #10580, .T. ) ;
#6874 = COLOUR_RGB ( '',0.1490196078431372528, 0.1490196078431372528, 0.1490196078431372528 ) ;
#6875 = ORIENTED_EDGE ( 'NONE', *, *, #1963, .F. ) ;
#6876 = VERTEX_POINT ( 'NONE', #3883 ) ;
#6877 = ORIENTED_EDGE ( 'NONE', *, *, #3803, .T. ) ;
#6878 = ORIENTED_EDGE ( 'NONE', *, *, #10592, .T. ) ;
#6879 = DIRECTION ( 'NONE',  ( 0.000000000000000000, 0.7071067811865467956, 0.7071067811865483499 ) ) ;
#6880 = VERTEX_POINT ( 'NONE', #6406 ) ;
#6881 = CARTESIAN_POINT ( 'NONE',  ( 5.121025641025640063, -1.162820512820512464, 0.1000000000000000056 ) ) ;
#6882 = ORIENTED_EDGE ( 'NONE', *, *, #253, .T. ) ;
#6883 = CARTESIAN_POINT ( 'NONE',  ( 5.433933897249091594, -0.6712149151901867228, -0.000000000000000000 ) ) ;
#6884 = CARTESIAN_POINT ( 'NONE',  ( 5.399999999999998579, 2.269999999999999130, 0.7099999999999985212 ) ) ;
#6885 = PLANE ( 'NONE',  #9828 ) ;
#6886 = ADVANCED_FACE ( 'NONE', ( #9736 ), #6244, .F. ) ;
#6887 = DIRECTION ( 'NONE',  ( 0.000000000000000000, 0.000000000000000000, 1.000000000000000000 ) ) ;
#6888 = VERTEX_POINT ( 'NONE', #10357 ) ;
#6889 = DIRECTION ( 'NONE',  ( 0.000000000000000000, 1.000000000000000000, -0.000000000000000000 ) ) ;
#6890 = CARTESIAN_POINT ( 'NONE',  ( 5.262079874696753201, -0.9264947339389769665, 0.000000000000000000 ) ) ;
#6891 = ORIENTED_EDGE ( 'NONE', *, *, #2714, .T. ) ;
#6892 = CARTESIAN_POINT ( 'NONE',  ( 4.759999999999998899, 0.6499999999999978018, 4.090000000000001634 ) ) ;
#6893 = VERTEX_POINT ( 'NONE', #6191 ) ;
#6894 = DIRECTION ( 'NONE',  ( -0.6401843996644802637, 0.000000000000000000, 0.7682212795973755171 ) ) ;
#6895 = CARTESIAN_POINT ( 'NONE',  ( -3.976666666666666572, 0.6499999999999999112, 4.599999999999997868 ) ) ;
#6896 = DIRECTION ( 'NONE',  ( 7.529181753371555009E-17, -1.000000000000000000, -9.035018104045871927E-17 ) ) ;
#6897 = CARTESIAN_POINT ( 'NONE',  ( 4.759999999999998899, 2.469999999999999307, -2.799999999999999822 ) ) ;
#6898 = DIRECTION ( 'NONE',  ( 1.000000000000000000, 0.000000000000000000, -0.000000000000000000 ) ) ;
#6899 = DIRECTION ( 'NONE',  ( 0.000000000000000000, 0.7071067811865483499, 0.7071067811865467956 ) ) ;
#6900 = DIRECTION ( 'NONE',  ( -0.000000000000000000, -1.000000000000000000, -0.000000000000000000 ) ) ;
#6901 = LINE ( 'NONE', #273, #151 ) ;
#6902 = ORIENTED_EDGE ( 'NONE', *, *, #2692, .F. ) ;
#6903 = LINE ( 'NONE', #7625, #8266 ) ;
#6904 = ORIENTED_EDGE ( 'NONE', *, *, #8845, .F. ) ;
#6905 = DIRECTION ( 'NONE',  ( 0.000000000000000000, -1.000000000000000000, 1.628629872832303439E-16 ) ) ;
#6906 = EDGE_CURVE ( 'NONE', #2096, #2131, #7949, .T. ) ;
#6907 = LINE ( 'NONE', #9413, #6502 ) ;
#6908 = CARTESIAN_POINT ( 'NONE',  ( 5.078196792313033114, -0.6824100165126987250, 0.1000000000000000056 ) ) ;
#6909 = EDGE_LOOP ( 'NONE', ( #9764, #1057, #3253, #8103 ) ) ;
#6910 = LINE ( 'NONE', #10308, #2401 ) ;
#6911 = SURFACE_STYLE_USAGE ( .BOTH. , #5040 ) ;
#6912 = LINE ( 'NONE', #10254, #4283 ) ;
#6913 = PLANE ( 'NONE',  #664 ) ;
#6914 = LINE ( 'NONE', #5438, #5088 ) ;
#6915 = CARTESIAN_POINT ( 'NONE',  ( 5.139695512820511958, -0.9120993589743592311, 0.1000000000000000056 ) ) ;
#6916 = VERTEX_POINT ( 'NONE', #1998 ) ;
#6917 = CARTESIAN_POINT ( 'NONE',  ( 5.154564150902207764, -0.9241990406206059827, 0.1000000000000000056 ) ) ;
#6918 = FACE_OUTER_BOUND ( 'NONE', #10268, .T. ) ;
#6919 = CARTESIAN_POINT ( 'NONE',  ( 5.469220502354381175, 0.003082091239442236782, 0.000000000000000000 ) ) ;
#6920 = EDGE_CURVE ( 'NONE', #625, #9013, #5363, .T. ) ;
#6921 = DIRECTION ( 'NONE',  ( -1.000000000000000000, -0.000000000000000000, -0.000000000000000000 ) ) ;
#6922 = CARTESIAN_POINT ( 'NONE',  ( -4.310000000000001386, -1.249999999999999778, 5.000000000000000000 ) ) ;
#6923 = ORIENTED_EDGE ( 'NONE', *, *, #2623, .T. ) ;
#6924 = VERTEX_POINT ( 'NONE', #2052 ) ;
#6925 = ORIENTED_EDGE ( 'NONE', *, *, #9090, .F. ) ;
#6926 = DIRECTION ( 'NONE',  ( 0.000000000000000000, 0.7071067811865467956, 0.7071067811865483499 ) ) ;
#6927 = ORIENTED_EDGE ( 'NONE', *, *, #6024, .T. ) ;
#6928 = FILL_AREA_STYLE_COLOUR ( '', #10885 ) ;
#6929 = ORIENTED_EDGE ( 'NONE', *, *, #6065, .T. ) ;
#6930 = ADVANCED_FACE ( 'NONE', ( #6615 ), #3675, .T. ) ;
#6931 = ORIENTED_EDGE ( 'NONE', *, *, #9485, .T. ) ;
#6932 = DIRECTION ( 'NONE',  ( -1.000000000000000000, 0.000000000000000000, 0.000000000000000000 ) ) ;
#6933 =( LENGTH_UNIT ( ) NAMED_UNIT ( * ) SI_UNIT ( .MILLI., .METRE. ) );
#6934 = PLANE ( 'NONE',  #10156 ) ;
#6935 = EDGE_CURVE ( 'NONE', #2097, #7239, #7333, .T. ) ;
#6936 = ORIENTED_EDGE ( 'NONE', *, *, #915, .T. ) ;
#6937 = DIRECTION ( 'NONE',  ( -1.000000000000000000, -0.000000000000000000, -0.000000000000000000 ) ) ;
#6938 = DIRECTION ( 'NONE',  ( -0.000000000000000000, -0.000000000000000000, -1.000000000000000000 ) ) ;
#6939 = EDGE_LOOP ( 'NONE', ( #5600, #9796, #6929, #5295 ) ) ;
#6940 = EDGE_CURVE ( 'NONE', #9058, #3396, #1444, .T. ) ;
#6941 = LINE ( 'NONE', #4413, #10693 ) ;
#6942 = ORIENTED_EDGE ( 'NONE', *, *, #5813, .T. ) ;
#6943 = CARTESIAN_POINT ( 'NONE',  ( 5.399999999999998579, 0.6499999999999999112, 0.4000000000000001332 ) ) ;
#6944 = UNCERTAINTY_MEASURE_WITH_UNIT (LENGTH_MEASURE( 1.000000000000000082E-05 ), #3027, 'distance_accuracy_value', 'NONE');
#6945 = CARTESIAN_POINT ( 'NONE',  ( 5.148082482983822317, -0.6345769026091863108, 0.1000000000000000056 ) ) ;
#6946 = CARTESIAN_POINT ( 'NONE',  ( -6.350000000000002309, -1.249999999999999778, 4.090000000000001634 ) ) ;
#6947 = CARTESIAN_POINT ( 'NONE',  ( 5.121025641025640063, -0.4551282051282050101, -0.000000000000000000 ) ) ;
#6948 = FACE_OUTER_BOUND ( 'NONE', #4281, .T. ) ;
#6949 = DIRECTION ( 'NONE',  ( 0.000000000000000000, -1.000000000000000000, 1.628629872832303193E-16 ) ) ;
#6950 = DIRECTION ( 'NONE',  ( 0.6401843996644802637, 0.000000000000000000, -0.7682212795973755171 ) ) ;
#6951 = EDGE_LOOP ( 'NONE', ( #10115, #5661, #7600, #214 ) ) ;
#6952 = LINE ( 'NONE', #5424, #3006 ) ;
#6953 = VERTEX_POINT ( 'NONE', #3323 ) ;
#6954 = UNCERTAINTY_MEASURE_WITH_UNIT (LENGTH_MEASURE( 1.000000000000000082E-05 ), #6239, 'distance_accuracy_value', 'NONE');
#6955 = CARTESIAN_POINT ( 'NONE',  ( 5.074070685260910096, -0.7965716492365184642, 0.1000000000000000056 ) ) ;
#6956 = DIRECTION ( 'NONE',  ( 0.000000000000000000, 0.000000000000000000, -1.000000000000000000 ) ) ;
#6957 = DIRECTION ( 'NONE',  ( 1.000000000000000000, -0.000000000000000000, -0.000000000000000000 ) ) ;
#6958 = CARTESIAN_POINT ( 'NONE',  ( 5.153637820512820156, -0.5730769230769233724, 0.1000000000000000056 ) ) ;
#6959 = EDGE_LOOP ( 'NONE', ( #3757, #6577, #6007, #2472, #3633, #1984, #382, #3807, #1507, #2872, #1096, #8298, #10808, #9562, #3968, #2085, #5804, #6115, #2888, #8888, #2646, #6216, #6420, #10753, #1844, #1147, #4456, #6974, #8625, #4208, #7762, #4572 ) ) ;
#6960 = DIRECTION ( 'NONE',  ( 1.000000000000000000, 0.000000000000000000, 0.000000000000000000 ) ) ;
#6961 = EDGE_CURVE ( 'NONE', #8447, #7644, #5655, .T. ) ;
#6962 = VERTEX_POINT ( 'NONE', #8162 ) ;
#6963 = VECTOR ( 'NONE', #10652, 1000.000000000000000 ) ;
#6964 = DIRECTION ( 'NONE',  ( 1.000000000000000000, 0.000000000000000000, -0.000000000000000000 ) ) ;
#6965 = DIRECTION ( 'NONE',  ( 0.000000000000000000, -0.7071067811865467956, -0.7071067811865483499 ) ) ;
#6966 = DIRECTION ( 'NONE',  ( 0.000000000000000000, 0.000000000000000000, -1.000000000000000000 ) ) ;
#6967 = ORIENTED_EDGE ( 'NONE', *, *, #3045, .F. ) ;
#6968 = DIRECTION ( 'NONE',  ( 1.000000000000000000, -0.000000000000000000, -0.000000000000000000 ) ) ;
#6969 = MECHANICAL_DESIGN_GEOMETRIC_PRESENTATION_REPRESENTATION (  '', ( #806 ), #2939 ) ;
#6970 = CARTESIAN_POINT ( 'NONE',  ( -0.3200000000000017830, 2.669999999999999041, -3.000000000000000000 ) ) ;
#6971 = CARTESIAN_POINT ( 'NONE',  ( 2.219999999999997975, -7.049999999999999822, 1.550000000000000044 ) ) ;
#6972 = LINE ( 'NONE', #1970, #9757 ) ;
#6973 = VERTEX_POINT ( 'NONE', #673 ) ;
#6974 = ORIENTED_EDGE ( 'NONE', *, *, #1504, .F. ) ;
#6975 = CARTESIAN_POINT ( 'NONE',  ( 5.399999999999998579, 2.269999999999997797, 0.9099999999999984768 ) ) ;
#6976 = COLOUR_RGB ( '',0.7529411764705882248, 0.7529411764705882248, 0.7529411764705882248 ) ;
#6977 = AXIS2_PLACEMENT_3D ( 'NONE', #10763, #7423, #9203 ) ;
#6978 = VERTEX_POINT ( 'NONE', #6678 ) ;
#6979 = EDGE_CURVE ( 'NONE', #10672, #8746, #5587, .T. ) ;
#6980 = ORIENTED_EDGE ( 'NONE', *, *, #4621, .F. ) ;
#6981 = CARTESIAN_POINT ( 'NONE',  ( -5.400000000000002132, -7.249999999999999112, 1.349999999999999867 ) ) ;
#6982 = VERTEX_POINT ( 'NONE', #10685 ) ;
#6983 = EDGE_LOOP ( 'NONE', ( #4850, #6222, #4115, #1853 ) ) ;
#6984 = CARTESIAN_POINT ( 'NONE',  ( 1.103333333333333721, 1.250000000000000222, 0.4000000000000001887 ) ) ;
#6985 = AXIS2_PLACEMENT_3D ( 'NONE', #8093, #548, #7211 ) ;
#6986 = VECTOR ( 'NONE', #1243, 1000.000000000000000 ) ;
#6987 = ADVANCED_FACE ( 'NONE', ( #3161 ), #2383, .F. ) ;
#6988 = FACE_OUTER_BOUND ( 'NONE', #1059, .T. ) ;
#6989 = ORIENTED_EDGE ( 'NONE', *, *, #7892, .F. ) ;
#6990 = LINE ( 'NONE', #1208, #839 ) ;
#6991 = ADVANCED_FACE ( 'NONE', ( #1546 ), #4921, .T. ) ;
#6992 = DIRECTION ( 'NONE',  ( 0.000000000000000000, 0.000000000000000000, 1.000000000000000000 ) ) ;
#6993 = ORIENTED_EDGE ( 'NONE', *, *, #4645, .F. ) ;
#6994 = VECTOR ( 'NONE', #6304, 1000.000000000000000 ) ;
#6995 = PLANE ( 'NONE',  #8079 ) ;
#6996 = ORIENTED_EDGE ( 'NONE', *, *, #2998, .T. ) ;
#6997 = CARTESIAN_POINT ( 'NONE',  ( 5.085268404367571549, -0.005159608485284263718, -1.355252715606880543E-17 ) ) ;
#6998 = CIRCLE ( 'NONE', #7364, 0.1999999999999999833 ) ;
#6999 = ADVANCED_FACE ( 'NONE', ( #821 ), #3491, .T. ) ;
#7000 = CARTESIAN_POINT ( 'NONE',  ( 3.309999999999998721, -1.249999999999999778, 5.000000000000000000 ) ) ;
#7001 = EDGE_CURVE ( 'NONE', #3037, #7703, #7202, .T. ) ;
#7002 = LINE ( 'NONE', #6187, #493 ) ;
#7003 = ADVANCED_FACE ( 'NONE', ( #2494 ), #881, .F. ) ;
#7004 = VECTOR ( 'NONE', #1659, 1000.000000000000000 ) ;
#7005 = CARTESIAN_POINT ( 'NONE',  ( 5.132487815207984028, 0.006215344323372387278, 0.1000000000000000056 ) ) ;
#7006 = FILL_AREA_STYLE_COLOUR ( '', #1545 ) ;
#7007 = AXIS2_PLACEMENT_3D ( 'NONE', #7541, #919, #1809 ) ;
#7008 = DIRECTION ( 'NONE',  ( 0.000000000000000000, 0.000000000000000000, 1.000000000000000000 ) ) ;
#7009 = ORIENTED_EDGE ( 'NONE', *, *, #4611, .F. ) ;
#7010 = SURFACE_STYLE_FILL_AREA ( #5093 ) ;
#7011 = ORIENTED_EDGE ( 'NONE', *, *, #6331, .T. ) ;
#7012 = CARTESIAN_POINT ( 'NONE',  ( 5.069773531749965478, -0.7514175179934080573, 0.000000000000000000 ) ) ;
#7013 = FACE_OUTER_BOUND ( 'NONE', #8718, .T. ) ;
#7014 = VECTOR ( 'NONE', #10452, 1000.000000000000000 ) ;
#7015 = LINE ( 'NONE', #343, #1363 ) ;
#7016 = AXIS2_PLACEMENT_3D ( 'NONE', #4346, #6776, #1819 ) ;
#7017 = EDGE_CURVE ( 'NONE', #4225, #10880, #3594, .T. ) ;
#7018 = VECTOR ( 'NONE', #9064, 1000.000000000000000 ) ;
#7019 = ORIENTED_EDGE ( 'NONE', *, *, #3242, .F. ) ;
#7020 = SURFACE_STYLE_USAGE ( .BOTH. , #3677 ) ;
#7021 = DIRECTION ( 'NONE',  ( 1.000000000000000000, 0.000000000000000000, 0.000000000000000000 ) ) ;
#7022 = SURFACE_STYLE_USAGE ( .BOTH. , #285 ) ;
#7023 = DIRECTION ( 'NONE',  ( 1.000000000000000000, -0.000000000000000000, -0.000000000000000000 ) ) ;
#7024 = PLANE ( 'NONE',  #9458 ) ;
#7025 = AXIS2_PLACEMENT_3D ( 'NONE', #4442, #7914, #10432 ) ;
#7026 = DIRECTION ( 'NONE',  ( 0.000000000000000000, -2.090028284309406981E-16, -1.000000000000000000 ) ) ;
#7027 = ORIENTED_EDGE ( 'NONE', *, *, #6783, .F. ) ;
#7028 = DIRECTION ( 'NONE',  ( 1.000000000000000000, -0.000000000000000000, -0.000000000000000000 ) ) ;
#7029 = VECTOR ( 'NONE', #180, 1000.000000000000000 ) ;
#7030 = VECTOR ( 'NONE', #6543, 1000.000000000000000 ) ;
#7031 = VECTOR ( 'NONE', #4483, 1000.000000000000000 ) ;
#7032 = PRESENTATION_STYLE_ASSIGNMENT (( #8458 ) ) ;
#7033 = CARTESIAN_POINT ( 'NONE',  ( 5.079999999999999183, -0.1935897435897434016, -0.000000000000000000 ) ) ;
#7034 = EDGE_CURVE ( 'NONE', #3087, #9745, #9340, .T. ) ;
#7035 = VECTOR ( 'NONE', #10606, 1000.000000000000114 ) ;
#7036 = CARTESIAN_POINT ( 'NONE',  ( -5.400000000000002132, 2.909999999999999698, 1.350000000000000977 ) ) ;
#7037 = VECTOR ( 'NONE', #1784, 999.9999999999998863 ) ;
#7038 = EDGE_LOOP ( 'NONE', ( #3464, #9152, #5407, #1431, #9612, #2881, #10798, #9207, #7866, #3797 ) ) ;
#7039 = VERTEX_POINT ( 'NONE', #158 ) ;
#7040 = VECTOR ( 'NONE', #2903, 1000.000000000000000 ) ;
#7041 = PLANE ( 'NONE',  #5596 ) ;
#7042 = VECTOR ( 'NONE', #8647, 1000.000000000000000 ) ;
#7043 = VERTEX_POINT ( 'NONE', #3382 ) ;
#7044 = DIRECTION ( 'NONE',  ( -0.7682212795973767383, 0.000000000000000000, 0.6401843996644789314 ) ) ;
#7045 = ORIENTED_EDGE ( 'NONE', *, *, #3918, .T. ) ;
#7046 = CARTESIAN_POINT ( 'NONE',  ( 1.269999999999999352, 0.6499999999999995781, 4.400000000000000355 ) ) ;
#7047 = ORIENTED_EDGE ( 'NONE', *, *, #554, .T. ) ;
#7048 = SURFACE_SIDE_STYLE ('',( #1860 ) ) ;
#7049 = ADVANCED_FACE ( 'NONE', ( #6728 ), #3424, .F. ) ;
#7050 = DIRECTION ( 'NONE',  ( 0.000000000000000000, 0.000000000000000000, 1.000000000000000000 ) ) ;
#7051 = ORIENTED_EDGE ( 'NONE', *, *, #8963, .T. ) ;
#7052 = AXIS2_PLACEMENT_3D ( 'NONE', #3645, #1090, #7050 ) ;
#7053 = ORIENTED_EDGE ( 'NONE', *, *, #6228, .F. ) ;
#7054 = CARTESIAN_POINT ( 'NONE',  ( 5.382160898363660628, 0.06372226106434283888, 0.000000000000000000 ) ) ;
#7055 = CARTESIAN_POINT ( 'NONE',  ( 5.399999999999998579, -7.049999999999999822, 0.9100000000000000311 ) ) ;
#7056 = EDGE_LOOP ( 'NONE', ( #5540, #6754, #7253, #1767, #6407, #4836 ) ) ;
#7057 = EDGE_LOOP ( 'NONE', ( #5609, #444, #6313, #10878 ) ) ;
#7058 = CARTESIAN_POINT ( 'NONE',  ( 5.085268404367571549, -0.005159608485284263718, 0.1000000000000000056 ) ) ;
#7059 = UNCERTAINTY_MEASURE_WITH_UNIT (LENGTH_MEASURE( 1.000000000000000082E-05 ), #3826, 'distance_accuracy_value', 'NONE');
#7060 = DIRECTION ( 'NONE',  ( 0.000000000000000000, 0.000000000000000000, 1.000000000000000000 ) ) ;
#7061 = LINE ( 'NONE', #6291, #4047 ) ;
#7062 = DIRECTION ( 'NONE',  ( 0.000000000000000000, -1.000000000000000000, 1.628629872832303193E-16 ) ) ;
#7063 = EDGE_CURVE ( 'NONE', #9838, #5406, #10065, .T. ) ;
#7064 = CARTESIAN_POINT ( 'NONE',  ( -5.400000000000002132, -7.249999999999999112, 3.890000000000000568 ) ) ;
#7065 = PLANE ( 'NONE',  #5923 ) ;
#7066 = EDGE_CURVE ( 'NONE', #786, #5675, #7105, .T. ) ;
#7067 =( NAMED_UNIT ( * ) PLANE_ANGLE_UNIT ( ) SI_UNIT ( $, .RADIAN. ) );
#7068 = DIRECTION ( 'NONE',  ( 0.000000000000000000, -1.000000000000000000, 0.000000000000000000 ) ) ;
#7069 = DIRECTION ( 'NONE',  ( 0.000000000000000000, -0.7071067811865467956, -0.7071067811865483499 ) ) ;
#7070 = ORIENTED_EDGE ( 'NONE', *, *, #2773, .T. ) ;
#7071 = CARTESIAN_POINT ( 'NONE',  ( 5.449184602086920570, -0.7538492635145384035, -0.000000000000000000 ) ) ;
#7072 = ORIENTED_EDGE ( 'NONE', *, *, #10781, .T. ) ;
#7073 = EDGE_CURVE ( 'NONE', #2920, #4040, #3812, .T. ) ;
#7074 = UNCERTAINTY_MEASURE_WITH_UNIT (LENGTH_MEASURE( 1.000000000000000082E-05 ), #1526, 'distance_accuracy_value', 'NONE');
#7075 = DIRECTION ( 'NONE',  ( 0.000000000000000000, -0.7071067811865474617, 0.7071067811865474617 ) ) ;
#7076 = CARTESIAN_POINT ( 'NONE',  ( 4.759999999999998899, 2.269999999999997797, 0.9099999999999984768 ) ) ;
#7077 = CARTESIAN_POINT ( 'NONE',  ( 5.143869169075868442, -0.5806484325623101350, 0.000000000000000000 ) ) ;
#7078 = DIRECTION ( 'NONE',  ( 1.000000000000000000, 0.000000000000000000, 0.000000000000000000 ) ) ;
#7079 = ORIENTED_EDGE ( 'NONE', *, *, #7087, .F. ) ;
#7080 = EDGE_CURVE ( 'NONE', #6036, #7853, #7823, .T. ) ;
#7081 = DIRECTION ( 'NONE',  ( 0.000000000000000000, 0.000000000000000000, -1.000000000000000000 ) ) ;
#7082 = LINE ( 'NONE', #6256, #10842 ) ;
#7083 = LINE ( 'NONE', #7133, #1739 ) ;
#7084 = CARTESIAN_POINT ( 'NONE',  ( -0.3200000000000017830, 2.269999999999997797, 0.9099999999999984768 ) ) ;
#7085 = ORIENTED_EDGE ( 'NONE', *, *, #2432, .F. ) ;
#7086 = CARTESIAN_POINT ( 'NONE',  ( 0.3199999999999982858, 2.469999999999999307, -2.799999999999999822 ) ) ;
#7087 = EDGE_CURVE ( 'NONE', #6444, #9435, #8691, .T. ) ;
#7088 = CARTESIAN_POINT ( 'NONE',  ( 5.489029233605164038, -0.7204453949143748703, 0.1000000000000000056 ) ) ;
#7089 = LINE ( 'NONE', #588, #9785 ) ;
#7090 = DIRECTION ( 'NONE',  ( 1.000000000000000000, -0.000000000000000000, -0.000000000000000000 ) ) ;
#7091 = CARTESIAN_POINT ( 'NONE',  ( 5.131201923076922355, 0.002564102564102757088, 0.1000000000000000056 ) ) ;
#7092 = ORIENTED_EDGE ( 'NONE', *, *, #746, .F. ) ;
#7093 = ORIENTED_EDGE ( 'NONE', *, *, #373, .F. ) ;
#7094 = LINE ( 'NONE', #247, #6637 ) ;
#7095 = VERTEX_POINT ( 'NONE', #9614 ) ;
#7096 = LINE ( 'NONE', #10443, #5463 ) ;
#7097 = EDGE_LOOP ( 'NONE', ( #6936, #3827, #8763, #4347 ) ) ;
#7098 = CARTESIAN_POINT ( 'NONE',  ( 5.249230769230768701, 0.3053685897435901020, 0.1000000000000000056 ) ) ;
#7099 = CARTESIAN_POINT ( 'NONE',  ( 5.079999999999999183, -0.1935897435897434016, 0.1000000000000000056 ) ) ;
#7100 = CARTESIAN_POINT ( 'NONE',  ( 6.349999999999996980, 1.249999999999999778, 4.599999999999999645 ) ) ;
#7101 = ORIENTED_EDGE ( 'NONE', *, *, #7208, .T. ) ;
#7102 = ORIENTED_EDGE ( 'NONE', *, *, #10501, .T. ) ;
#7103 = LINE ( 'NONE', #10511, #8581 ) ;
#7104 = EDGE_CURVE ( 'NONE', #4244, #4103, #4636, .T. ) ;
#7105 = LINE ( 'NONE', #7055, #3513 ) ;
#7106 = EDGE_LOOP ( 'NONE', ( #4682, #9913, #8750, #5719 ) ) ;
#7107 = CARTESIAN_POINT ( 'NONE',  ( 5.448683032244959534, -0.7282544944244784269, 0.000000000000000000 ) ) ;
#7108 = ORIENTED_EDGE ( 'NONE', *, *, #153, .F. ) ;
#7109 = SURFACE_SIDE_STYLE ('',( #6236 ) ) ;
#7110 = DIRECTION ( 'NONE',  ( 0.000000000000000000, 1.088556398077815951E-16, -1.000000000000000000 ) ) ;
#7111 =( LENGTH_UNIT ( ) NAMED_UNIT ( * ) SI_UNIT ( .MILLI., .METRE. ) );
#7112 = FILL_AREA_STYLE_COLOUR ( '', #8096 ) ;
#7113 = LINE ( 'NONE', #3721, #8064 ) ;
#7114 = CARTESIAN_POINT ( 'NONE',  ( 5.261865908559993699, 0.09849707709157186353, 0.1000000000000000056 ) ) ;
#7115 = PLANE ( 'NONE',  #5400 ) ;
#7116 = CARTESIAN_POINT ( 'NONE',  ( 5.174118791481536306, 0.06644864573604285229, 0.000000000000000000 ) ) ;
#7117 = FACE_OUTER_BOUND ( 'NONE', #9921, .T. ) ;
#7118 = EDGE_CURVE ( 'NONE', #3585, #3303, #9678, .T. ) ;
#7119 = ORIENTED_EDGE ( 'NONE', *, *, #8399, .T. ) ;
#7120 =( LENGTH_UNIT ( ) NAMED_UNIT ( * ) SI_UNIT ( .MILLI., .METRE. ) );
#7121 = EDGE_LOOP ( 'NONE', ( #4780, #4718, #3367, #8574 ) ) ;
#7122 = CARTESIAN_POINT ( 'NONE',  ( -2.220000000000001972, 2.909999999999998366, 1.550000000000000933 ) ) ;
#7123 = CARTESIAN_POINT ( 'NONE',  ( -5.400000000000002132, 2.469999999999999307, -2.799999999999999822 ) ) ;
#7124 = LINE ( 'NONE', #2788, #10026 ) ;
#7125 = LINE ( 'NONE', #2061, #6645 ) ;
#7126 = VERTEX_POINT ( 'NONE', #4686 ) ;
#7127 = CARTESIAN_POINT ( 'NONE',  ( 6.183333333333333570, 1.249999999999999778, 0.4000000000000001887 ) ) ;
#7128 = PLANE ( 'NONE',  #10305 ) ;
#7129 = ADVANCED_FACE ( 'NONE', ( #1146 ), #2763, .F. ) ;
#7130 = CARTESIAN_POINT ( 'NONE',  ( -6.350000000000002309, -1.249999999999999778, 0.000000000000000000 ) ) ;
#7131 = DIRECTION ( 'NONE',  ( 0.000000000000000000, -0.7071067811865475727, 0.7071067811865475727 ) ) ;
#7132 = CARTESIAN_POINT ( 'NONE',  ( 5.170595323018369882, -0.9345030078724742006, 0.1000000000000000056 ) ) ;
#7133 = CARTESIAN_POINT ( 'NONE',  ( 5.406602564102563235, -0.5730769230769233724, -0.000000000000000000 ) ) ;
#7134 = EDGE_CURVE ( 'NONE', #5735, #3087, #10341, .T. ) ;
#7135 = DIRECTION ( 'NONE',  ( -0.000000000000000000, -0.000000000000000000, -1.000000000000000000 ) ) ;
#7136 = ORIENTED_EDGE ( 'NONE', *, *, #10632, .F. ) ;
#7137 = FACE_BOUND ( 'NONE', #9329, .T. ) ;
#7138 = CARTESIAN_POINT ( 'NONE',  ( 5.478049441543102027, -0.6700095820551229542, 0.1000000000000000056 ) ) ;
#7139 = DIRECTION ( 'NONE',  ( 0.000000000000000000, 0.000000000000000000, 1.000000000000000000 ) ) ;
#7140 = CARTESIAN_POINT ( 'NONE',  ( 2.219999999999997975, 5.209999999999999076, -3.000000000000000000 ) ) ;
#7141 = EDGE_CURVE ( 'NONE', #7, #6978, #1093, .T. ) ;
#7142 = EDGE_CURVE ( 'NONE', #312, #10602, #7989, .T. ) ;
#7143 = DIRECTION ( 'NONE',  ( -0.000000000000000000, -0.000000000000000000, -1.000000000000000000 ) ) ;
#7144 = ORIENTED_EDGE ( 'NONE', *, *, #8282, .F. ) ;
#7145 = ORIENTED_EDGE ( 'NONE', *, *, #4372, .T. ) ;
#7146 = ORIENTED_EDGE ( 'NONE', *, *, #6361, .T. ) ;
#7147 = CARTESIAN_POINT ( 'NONE',  ( -2.860000000000001652, 5.450000000000000178, -3.000000000000000000 ) ) ;
#7148 = ORIENTED_EDGE ( 'NONE', *, *, #3851, .F. ) ;
#7149 = VECTOR ( 'NONE', #3985, 1000.000000000000000 ) ;
#7150 = LINE ( 'NONE', #8632, #1573 ) ;
#7151 = AXIS2_PLACEMENT_3D ( 'NONE', #9363, #6043, #6960 ) ;
#7152 = DIRECTION ( 'NONE',  ( 7.529181753371555009E-17, -1.000000000000000000, -9.035018104045871927E-17 ) ) ;
#7153 = LINE ( 'NONE', #2315, #170 ) ;
#7154 = PRESENTATION_LAYER_ASSIGNMENT (  '', '', ( #4330 ) ) ;
#7155 = VECTOR ( 'NONE', #9003, 1000.000000000000114 ) ;
#7156 = EDGE_CURVE ( 'NONE', #3173, #1143, #5524, .T. ) ;
#7157 = LINE ( 'NONE', #2035, #10522 ) ;
#7158 = ORIENTED_EDGE ( 'NONE', *, *, #2851, .F. ) ;
#7159 = ORIENTED_EDGE ( 'NONE', *, *, #8663, .T. ) ;
#7160 = VERTEX_POINT ( 'NONE', #2099 ) ;
#7161 = CARTESIAN_POINT ( 'NONE',  ( 5.275032051282050993, 0.09871794871794895010, 0.000000000000000000 ) ) ;
#7162 = DIRECTION ( 'NONE',  ( 0.000000000000000000, -0.7071067811865467956, -0.7071067811865483499 ) ) ;
#7163 = ORIENTED_EDGE ( 'NONE', *, *, #4485, .T. ) ;
#7164 = LINE ( 'NONE', #1320, #2812 ) ;
#7165 = ORIENTED_EDGE ( 'NONE', *, *, #4499, .T. ) ;
#7166 = B_SPLINE_CURVE_WITH_KNOTS ( 'NONE', 3,
 ( #4956, #8304, #1477, #6595, #7313, #7476, #10663, #754, #7431, #652, #2257, #2203, #5570, #3917, #9885, #8897, #7267, #4899, #1374 ),
 .UNSPECIFIED., .F., .F.,
 ( 4, 1, 1, 1, 1, 1, 1, 1, 1, 1, 1, 1, 1, 1, 1, 1, 4 ),
 ( 0.000000000000000000, 0.06966280089907736506, 0.1377495622582729784, 0.2039167435177827725, 0.2687798623293364830, 0.3324137064772241801, 0.3947535404471400611, 0.4561800316591678173, 0.5169956491967196976, 0.5773959379659524549, 0.6371983435092746229, 0.6969991842614544630, 0.7567561942255598417, 0.8165539052726086267, 0.8769479965978684843, 0.9381317879205941512, 1.000000000000000000 ),
 .UNSPECIFIED. ) ;
#7167 = AXIS2_PLACEMENT_3D ( 'NONE', #2748, #5339, #10387 ) ;
#7168 = PLANE ( 'NONE',  #4342 ) ;
#7169 = APPLICATION_PROTOCOL_DEFINITION ( 'draft international standard', 'automotive_design', 1998, #2503 ) ;
#7170 = LINE ( 'NONE', #3656, #2797 ) ;
#7171 = AXIS2_PLACEMENT_3D ( 'NONE', #864, #6599, #9937 ) ;
#7172 = ADVANCED_FACE ( 'NONE', ( #1318 ), #2885, .F. ) ;
#7173 = DIRECTION ( 'NONE',  ( -1.000000000000000000, -0.000000000000000000, -0.000000000000000000 ) ) ;
#7174 = AXIS2_PLACEMENT_3D ( 'NONE', #2731, #3507, #1957 ) ;
#7175 = AXIS2_PLACEMENT_3D ( 'NONE', #843, #1843, #8552 ) ;
#7176 = CARTESIAN_POINT ( 'NONE',  ( -4.555901639344263288, 1.250000000000000222, 3.504918032786885185 ) ) ;
#7177 = LINE ( 'NONE', #5538, #8250 ) ;
#7178 = VERTEX_POINT ( 'NONE', #9451 ) ;
#7179 =( NAMED_UNIT ( * ) SI_UNIT ( $, .STERADIAN. ) SOLID_ANGLE_UNIT ( ) );
#7180 = UNCERTAINTY_MEASURE_WITH_UNIT (LENGTH_MEASURE( 1.000000000000000082E-05 ), #6551, 'distance_accuracy_value', 'NONE');
#7181 = FACE_OUTER_BOUND ( 'NONE', #5986, .T. ) ;
#7182 = FACE_OUTER_BOUND ( 'NONE', #3868, .T. ) ;
#7183 = CARTESIAN_POINT ( 'NONE',  ( 5.427756410256408870, -0.006650641025640825071, 0.1000000000000000056 ) ) ;
#7184 = CARTESIAN_POINT ( 'NONE',  ( 5.121587067276311522, -0.07424522713192008294, 0.1000000000000000056 ) ) ;
#7185 = CIRCLE ( 'NONE', #4180, 0.2000000000000000944 ) ;
#7186 = VECTOR ( 'NONE', #4294, 1000.000000000000000 ) ;
#7187 = EDGE_LOOP ( 'NONE', ( #9998, #6089, #5984, #2674, #811, #7498 ) ) ;
#7188 = FACE_OUTER_BOUND ( 'NONE', #5078, .T. ) ;
#7189 = CARTESIAN_POINT ( 'NONE',  ( -0.3200000000000017830, -1.249999999999999778, 0.9099999999999990319 ) ) ;
#7190 = DIRECTION ( 'NONE',  ( 0.000000000000000000, -1.000000000000000000, 0.000000000000000000 ) ) ;
#7191 = CARTESIAN_POINT ( 'NONE',  ( -4.760000000000001563, 0.6499999999999999112, 1.550000000000000933 ) ) ;
#7192 = CARTESIAN_POINT ( 'NONE',  ( -0.3200000000000017830, 3.109999999999999876, 1.349999999999999645 ) ) ;
#7193 = VERTEX_POINT ( 'NONE', #1269 ) ;
#7194 = VECTOR ( 'NONE', #2931, 1000.000000000000000 ) ;
#7195 = PRESENTATION_STYLE_ASSIGNMENT (( #3220 ) ) ;
#7196 = VECTOR ( 'NONE', #5355, 1000.000000000000000 ) ;
#7197 = DIRECTION ( 'NONE',  ( 0.6401843996644795975, 0.000000000000000000, 0.7682212795973760722 ) ) ;
#7198 = FACE_OUTER_BOUND ( 'NONE', #10104, .T. ) ;
#7199 = VECTOR ( 'NONE', #7298, 1000.000000000000000 ) ;
#7200 = EDGE_CURVE ( 'NONE', #6888, #2259, #1932, .T. ) ;
#7201 = DIRECTION ( 'NONE',  ( 0.000000000000000000, 0.7071067811865475727, 0.7071067811865475727 ) ) ;
#7202 = CIRCLE ( 'NONE', #9280, 0.2000000000000000944 ) ;
#7203 = ORIENTED_EDGE ( 'NONE', *, *, #1472, .T. ) ;
#7204 = EDGE_CURVE ( 'NONE', #6616, #9692, #5353, .T. ) ;
#7205 = VECTOR ( 'NONE', #7968, 1000.000000000000000 ) ;
#7206 = ORIENTED_EDGE ( 'NONE', *, *, #563, .T. ) ;
#7207 = VECTOR ( 'NONE', #4838, 1000.000000000000000 ) ;
#7208 = EDGE_CURVE ( 'NONE', #5232, #3693, #4519, .T. ) ;
#7209 = ORIENTED_EDGE ( 'NONE', *, *, #7156, .T. ) ;
#7210 = DIRECTION ( 'NONE',  ( 0.000000000000000000, 1.000000000000000000, 6.938893903907229610E-17 ) ) ;
#7211 = DIRECTION ( 'NONE',  ( 0.000000000000000000, 1.000000000000000000, 1.088556398077815951E-16 ) ) ;
#7212 = SURFACE_STYLE_FILL_AREA ( #2981 ) ;
#7213 = EDGE_CURVE ( 'NONE', #8516, #10612, #316, .T. ) ;
#7214 = MECHANICAL_DESIGN_GEOMETRIC_PRESENTATION_REPRESENTATION (  '', ( #7736 ), #3003 ) ;
#7215 = STYLED_ITEM ( 'NONE', ( #336 ), #9768 ) ;
#7216 = VECTOR ( 'NONE', #6037, 1000.000000000000114 ) ;
#7217 = VECTOR ( 'NONE', #2670, 1000.000000000000000 ) ;
#7218 = DIRECTION ( 'NONE',  ( -1.000000000000000000, -0.000000000000000000, -0.000000000000000000 ) ) ;
#7219 = ORIENTED_EDGE ( 'NONE', *, *, #6121, .F. ) ;
#7220 = ORIENTED_EDGE ( 'NONE', *, *, #4464, .T. ) ;
#7221 = VERTEX_POINT ( 'NONE', #5405 ) ;
#7222 = CARTESIAN_POINT ( 'NONE',  ( -1.270000000000002016, -1.249999999999999778, 4.400000000000000355 ) ) ;
#7223 = VERTEX_POINT ( 'NONE', #8745 ) ;
#7224 = AXIS2_PLACEMENT_3D ( 'NONE', #5948, #10889, #7601 ) ;
#7225 = VECTOR ( 'NONE', #3362, 1000.000000000000114 ) ;
#7226 = CARTESIAN_POINT ( 'NONE',  ( 5.440073136317013613, -0.6872109903513187179, 0.000000000000000000 ) ) ;
#7227 = ORIENTED_EDGE ( 'NONE', *, *, #5359, .F. ) ;
#7228 = CARTESIAN_POINT ( 'NONE',  ( -5.400000000000002132, 0.6500000000000000222, 0.9099999999999986988 ) ) ;
#7229 = CARTESIAN_POINT ( 'NONE',  ( -2.220000000000001972, -7.049999999999999822, 0.9100000000000000311 ) ) ;
#7230 = ADVANCED_FACE ( 'NONE', ( #1209 ), #10453, .F. ) ;
#7231 = CARTESIAN_POINT ( 'NONE',  ( -6.350000000000002309, -1.249999999999999778, 5.000000000000000000 ) ) ;
#7232 = PLANE ( 'NONE',  #6654 ) ;
#7233 = LINE ( 'NONE', #5645, #5989 ) ;
#7234 = EDGE_CURVE ( 'NONE', #674, #7733, #5687, .T. ) ;
#7235 = VECTOR ( 'NONE', #4430, 1000.000000000000000 ) ;
#7236 = PLANE ( 'NONE',  #6168 ) ;
#7237 = LINE ( 'NONE', #725, #9446 ) ;
#7238 = CARTESIAN_POINT ( 'NONE',  ( 5.139664050705273546, 0.02381702226459602931, 0.000000000000000000 ) ) ;
#7239 = VERTEX_POINT ( 'NONE', #8255 ) ;
#7240 = PLANE ( 'NONE',  #8278 ) ;
#7241 = PLANE ( 'NONE',  #3172 ) ;
#7242 = DIRECTION ( 'NONE',  ( -0.000000000000000000, -0.000000000000000000, -1.000000000000000000 ) ) ;
#7243 = CARTESIAN_POINT ( 'NONE',  ( 5.218532237000528262, 0.1284190217697206426, 0.1000000000000000056 ) ) ;
#7244 = CARTESIAN_POINT ( 'NONE',  ( 5.121108529775366236, -0.09249185539352147711, 0.1000000000000000056 ) ) ;
#7245 = VERTEX_POINT ( 'NONE', #656 ) ;
#7246 = LINE ( 'NONE', #10588, #9836 ) ;
#7247 = FILL_AREA_STYLE_COLOUR ( '', #6976 ) ;
#7248 = LINE ( 'NONE', #3066, #10144 ) ;
#7249 = CARTESIAN_POINT ( 'NONE',  ( 2.219999999999997975, 3.109999999999999876, 1.349999999999999645 ) ) ;
#7250 = FACE_OUTER_BOUND ( 'NONE', #923, .T. ) ;
#7251 = DIRECTION ( 'NONE',  ( 0.000000000000000000, 1.000000000000000000, -0.000000000000000000 ) ) ;
#7252 = EDGE_CURVE ( 'NONE', #1976, #8809, #6441, .T. ) ;
#7253 = ORIENTED_EDGE ( 'NONE', *, *, #8930, .T. ) ;
#7254 = CARTESIAN_POINT ( 'NONE',  ( 5.262011554768085020, -0.9623869201760277825, 0.000000000000000000 ) ) ;
#7255 = VERTEX_POINT ( 'NONE', #10775 ) ;
#7256 = DIRECTION ( 'NONE',  ( -0.000000000000000000, 0.000000000000000000, -1.000000000000000000 ) ) ;
#7257 = CARTESIAN_POINT ( 'NONE',  ( 5.135028885963041745, 0.01343061800769588914, 0.1000000000000000056 ) ) ;
#7258 = CARTESIAN_POINT ( 'NONE',  ( 5.314046631758130523, -0.9238572163453352415, 0.1000000000000000056 ) ) ;
#7259 = ORIENTED_EDGE ( 'NONE', *, *, #8683, .T. ) ;
#7260 = ORIENTED_EDGE ( 'NONE', *, *, #6744, .F. ) ;
#7261 = DIRECTION ( 'NONE',  ( 0.000000000000000000, -0.000000000000000000, -1.000000000000000000 ) ) ;
#7262 = ORIENTED_EDGE ( 'NONE', *, *, #35, .T. ) ;
#7263 = DIRECTION ( 'NONE',  ( 0.000000000000000000, 1.000000000000000000, 0.000000000000000000 ) ) ;
#7264 = ADVANCED_FACE ( 'NONE', ( #4849 ), #1622, .T. ) ;
#7265 = DIRECTION ( 'NONE',  ( -1.000000000000000000, 0.000000000000000000, 0.000000000000000000 ) ) ;
#7266 = CARTESIAN_POINT ( 'NONE',  ( 5.082848478406403636, -0.01984010869313763276, 0.000000000000000000 ) ) ;
#7267 = CARTESIAN_POINT ( 'NONE',  ( 5.131133121108780948, -0.9045420561240232749, 0.000000000000000000 ) ) ;
#7268 = VERTEX_POINT ( 'NONE', #8312 ) ;
#7269 = ORIENTED_EDGE ( 'NONE', *, *, #2703, .F. ) ;
#7270 = EDGE_CURVE ( 'NONE', #10493, #7733, #5731, .T. ) ;
#7271 = ORIENTED_EDGE ( 'NONE', *, *, #1637, .F. ) ;
#7272 = CARTESIAN_POINT ( 'NONE',  ( 5.394930497235308486, 0.1028392425890337636, 0.1000000000000000056 ) ) ;
#7273 = VERTEX_POINT ( 'NONE', #3047 ) ;
#7274 = CARTESIAN_POINT ( 'NONE',  ( 5.416281173706971153, -0.5804124944379742690, 0.1000000000000000056 ) ) ;
#7275 = ORIENTED_EDGE ( 'NONE', *, *, #6650, .F. ) ;
#7276 = PRESENTATION_STYLE_ASSIGNMENT (( #10733 ) ) ;
#7277 = CARTESIAN_POINT ( 'NONE',  ( -0.3200000000000017830, 2.909999999999998366, 1.550000000000000933 ) ) ;
#7278 = FILL_AREA_STYLE_COLOUR ( '', #5588 ) ;
#7279 = CARTESIAN_POINT ( 'NONE',  ( -2.860000000000001652, 5.650000000000000355, 3.890000000000000124 ) ) ;
#7280 = ADVANCED_FACE ( 'NONE', ( #10615 ), #6391, .F. ) ;
#7281 = MECHANICAL_DESIGN_GEOMETRIC_PRESENTATION_REPRESENTATION (  '', ( #6229 ), #10072 ) ;
#7282 = DIRECTION ( 'NONE',  ( 1.000000000000000000, -0.000000000000000000, -0.000000000000000000 ) ) ;
#7283 = FACE_OUTER_BOUND ( 'NONE', #7959, .T. ) ;
#7284 = EDGE_CURVE ( 'NONE', #17, #10221, #10351, .T. ) ;
#7285 = CARTESIAN_POINT ( 'NONE',  ( 5.072771359919006073, -0.7073808030742791964, 0.1000000000000000056 ) ) ;
#7286 = CARTESIAN_POINT ( 'NONE',  ( 5.303674161160534695, -0.9622930911301605938, 0.1000000000000000056 ) ) ;
#7287 = ORIENTED_EDGE ( 'NONE', *, *, #8493, .T. ) ;
#7288 = VERTEX_POINT ( 'NONE', #9016 ) ;
#7289 = FILL_AREA_STYLE_COLOUR ( '', #1768 ) ;
#7290 = CARTESIAN_POINT ( 'NONE',  ( 5.123231634165768433, -0.8964137731260117814, 0.1000000000000000056 ) ) ;
#7291 = PLANE ( 'NONE',  #9765 ) ;
#7292 = CARTESIAN_POINT ( 'NONE',  ( 5.081237282365929531, -0.03554839324950122975, 0.1000000000000000056 ) ) ;
#7293 = ORIENTED_EDGE ( 'NONE', *, *, #4181, .F. ) ;
#7294 = LINE ( 'NONE', #2010, #9657 ) ;
#7295 = CARTESIAN_POINT ( 'NONE',  ( -0.3200000000000017830, 5.009999999999999787, 3.249999999999999556 ) ) ;
#7296 = ORIENTED_EDGE ( 'NONE', *, *, #4997, .T. ) ;
#7297 = CARTESIAN_POINT ( 'NONE',  ( -4.760000000000002451, -7.049999999999999822, 1.550000000000000044 ) ) ;
#7298 = DIRECTION ( 'NONE',  ( -1.000000000000000000, 0.000000000000000000, 0.000000000000000000 ) ) ;
#7299 = ORIENTED_EDGE ( 'NONE', *, *, #7142, .T. ) ;
#7300 = DIRECTION ( 'NONE',  ( 0.9080590238365491285, -0.4188422247446088043, 0.000000000000000000 ) ) ;
#7301 = ORIENTED_EDGE ( 'NONE', *, *, #3104, .T. ) ;
#7302 = CARTESIAN_POINT ( 'NONE',  ( 5.409834673055296861, -0.5755265895929354558, 0.000000000000000000 ) ) ;
#7303 = CARTESIAN_POINT ( 'NONE',  ( -5.400000000000002132, 2.909999999999998810, -3.000000000000000000 ) ) ;
#7304 = EDGE_CURVE ( 'NONE', #10492, #10035, #1482, .T. ) ;
#7305 = CARTESIAN_POINT ( 'NONE',  ( 5.375002455112887212, -0.8982737941971792317, 0.1000000000000000056 ) ) ;
#7306 = ORIENTED_EDGE ( 'NONE', *, *, #5759, .T. ) ;
#7307 =( LENGTH_UNIT ( ) NAMED_UNIT ( * ) SI_UNIT ( .MILLI., .METRE. ) );
#7308 = LINE ( 'NONE', #10655, #7207 ) ;
#7309 = ORIENTED_EDGE ( 'NONE', *, *, #8533, .T. ) ;
#7310 = DIRECTION ( 'NONE',  ( 0.000000000000000000, 1.088556398077815951E-16, -1.000000000000000000 ) ) ;
#7311 = FACE_OUTER_BOUND ( 'NONE', #2479, .T. ) ;
#7312 = VECTOR ( 'NONE', #8159, 1000.000000000000000 ) ;
#7313 = CARTESIAN_POINT ( 'NONE',  ( 5.072100384567888476, -0.7847116919946096614, 0.000000000000000000 ) ) ;
#7314 = ORIENTED_EDGE ( 'NONE', *, *, #257, .T. ) ;
#7315 = ORIENTED_EDGE ( 'NONE', *, *, #4032, .T. ) ;
#7316 = LINE ( 'NONE', #3146, #1159 ) ;
#7317 = AXIS2_PLACEMENT_3D ( 'NONE', #8869, #3012, #396 ) ;
#7318 = ORIENTED_EDGE ( 'NONE', *, *, #3104, .F. ) ;
#7319 = CARTESIAN_POINT ( 'NONE',  ( -3.310000000000002718, -1.249999999999999778, 0.000000000000000000 ) ) ;
#7320 = VECTOR ( 'NONE', #641, 1000.000000000000000 ) ;
#7321 = CARTESIAN_POINT ( 'NONE',  ( 5.460328021065294024, 0.02788276866902742596, 0.000000000000000000 ) ) ;
#7322 = ORIENTED_EDGE ( 'NONE', *, *, #5181, .T. ) ;
#7323 = CARTESIAN_POINT ( 'NONE',  ( 5.462659483233718305, -0.6358802932648870421, 0.1000000000000000056 ) ) ;
#7324 = ORIENTED_EDGE ( 'NONE', *, *, #9622, .T. ) ;
#7325 = CARTESIAN_POINT ( 'NONE',  ( -4.760000000000002451, 5.009999999999999787, -2.799999999999999822 ) ) ;
#7326 = CARTESIAN_POINT ( 'NONE',  ( 0.000000000000000000, 0.000000000000000000, 5.000000000000000000 ) ) ;
#7327 = CARTESIAN_POINT ( 'NONE',  ( 5.302385006703504544, 0.09709555382007552249, 0.1000000000000000056 ) ) ;
#7328 = VECTOR ( 'NONE', #4052, 1000.000000000000000 ) ;
#7329 = EDGE_CURVE ( 'NONE', #1518, #3748, #963, .T. ) ;
#7330 = EDGE_CURVE ( 'NONE', #1447, #5676, #9328, .T. ) ;
#7331 = CARTESIAN_POINT ( 'NONE',  ( 5.069906116392097317, -0.7336090960912162728, 0.000000000000000000 ) ) ;
#7332 = AXIS2_PLACEMENT_3D ( 'NONE', #10008, #9071, #10827 ) ;
#7333 = LINE ( 'NONE', #3266, #7903 ) ;
#7334 = ORIENTED_EDGE ( 'NONE', *, *, #4074, .T. ) ;
#7335 =( GEOMETRIC_REPRESENTATION_CONTEXT ( 3 ) GLOBAL_UNCERTAINTY_ASSIGNED_CONTEXT ( ( #9914 ) ) GLOBAL_UNIT_ASSIGNED_CONTEXT ( ( #9683, #10519, #8112 ) ) REPRESENTATION_CONTEXT ( 'NONE', 'WORKASPACE' ) );
#7336 = EDGE_CURVE ( 'NONE', #5945, #2000, #4235, .T. ) ;
#7337 = ORIENTED_EDGE ( 'NONE', *, *, #5925, .F. ) ;
#7338 = CARTESIAN_POINT ( 'NONE',  ( 5.121587067276311522, -0.07424522713192008294, 0.1000000000000000056 ) ) ;
#7339 = CARTESIAN_POINT ( 'NONE',  ( 0.000000000000000000, 0.000000000000000000, 0.1000000000000000056 ) ) ;
#7340 = CARTESIAN_POINT ( 'NONE',  ( 5.091567040237450215, -0.6474800616142253329, -0.000000000000000000 ) ) ;
#7341 = CARTESIAN_POINT ( 'NONE',  ( 5.079999999999999183, -1.198717948717948678, 0.1000000000000000056 ) ) ;
#7342 = EDGE_CURVE ( 'NONE', #5959, #420, #7702, .T. ) ;
#7343 = MECHANICAL_DESIGN_GEOMETRIC_PRESENTATION_REPRESENTATION (  '', ( #3132 ), #9249 ) ;
#7344 =( GEOMETRIC_REPRESENTATION_CONTEXT ( 3 ) GLOBAL_UNCERTAINTY_ASSIGNED_CONTEXT ( ( #4310 ) ) GLOBAL_UNIT_ASSIGNED_CONTEXT ( ( #1740, #2967, #9755 ) ) REPRESENTATION_CONTEXT ( 'NONE', 'WORKASPACE' ) );
#7345 = ORIENTED_EDGE ( 'NONE', *, *, #4485, .F. ) ;
#7346 = VECTOR ( 'NONE', #7349, 1000.000000000000000 ) ;
#7347 = LINE ( 'NONE', #5662, #6856 ) ;
#7348 = FACE_OUTER_BOUND ( 'NONE', #2871, .T. ) ;
#7349 = DIRECTION ( 'NONE',  ( -1.000000000000000000, -0.000000000000000000, -0.000000000000000000 ) ) ;
#7350 = DIRECTION ( 'NONE',  ( 0.000000000000000000, -0.7071067811865467956, 0.7071067811865483499 ) ) ;
#7351 = ORIENTED_EDGE ( 'NONE', *, *, #2170, .F. ) ;
#7352 = CARTESIAN_POINT ( 'NONE',  ( -0.3200000000000017830, 2.269999999999997797, 0.9099999999999984768 ) ) ;
#7353 = ORIENTED_EDGE ( 'NONE', *, *, #4441, .T. ) ;
#7354 = LINE ( 'NONE', #3186, #5100 ) ;
#7355 = VECTOR ( 'NONE', #1456, 1000.000000000000000 ) ;
#7356 = CARTESIAN_POINT ( 'NONE',  ( 5.270595485729828944, 0.09864352210191310033, 0.1000000000000000056 ) ) ;
#7357 = EDGE_CURVE ( 'NONE', #4402, #6156, #3531, .T. ) ;
#7358 = ADVANCED_FACE ( 'NONE', ( #7645 ), #5892, .F. ) ;
#7359 = DIRECTION ( 'NONE',  ( 0.000000000000000000, -0.7071067811865467956, 0.7071067811865483499 ) ) ;
#7360 = SURFACE_STYLE_USAGE ( .BOTH. , #642 ) ;
#7361 = FILL_AREA_STYLE_COLOUR ( '', #5410 ) ;
#7362 = EDGE_LOOP ( 'NONE', ( #10327, #6818, #8702, #8613 ) ) ;
#7363 =( NAMED_UNIT ( * ) PLANE_ANGLE_UNIT ( ) SI_UNIT ( $, .RADIAN. ) );
#7364 = AXIS2_PLACEMENT_3D ( 'NONE', #5145, #1880, #9304 ) ;
#7365 =( GEOMETRIC_REPRESENTATION_CONTEXT ( 3 ) GLOBAL_UNCERTAINTY_ASSIGNED_CONTEXT ( ( #6944 ) ) GLOBAL_UNIT_ASSIGNED_CONTEXT ( ( #3027, #6617, #8323 ) ) REPRESENTATION_CONTEXT ( 'NONE', 'WORKASPACE' ) );
#7366 = DIRECTION ( 'NONE',  ( 1.000000000000000000, 0.000000000000000000, 0.000000000000000000 ) ) ;
#7367 = VERTEX_POINT ( 'NONE', #10161 ) ;
#7368 = VECTOR ( 'NONE', #972, 1000.000000000000000 ) ;
#7369 = ADVANCED_FACE ( 'NONE', ( #6058 ), #8468, .F. ) ;
#7370 = FACE_BOUND ( 'NONE', #10068, .T. ) ;
#7371 = LINE ( 'NONE', #3959, #10177 ) ;
#7372 = VECTOR ( 'NONE', #1640, 1000.000000000000000 ) ;
#7373 = LINE ( 'NONE', #1429, #5431 ) ;
#7374 = AXIS2_PLACEMENT_3D ( 'NONE', #9867, #582, #2346 ) ;
#7375 = ORIENTED_EDGE ( 'NONE', *, *, #565, .T. ) ;
#7376 = ORIENTED_EDGE ( 'NONE', *, *, #6495, .T. ) ;
#7377 = ORIENTED_EDGE ( 'NONE', *, *, #7381, .F. ) ;
#7378 = FILL_AREA_STYLE ('',( #9063 ) ) ;
#7379 = LINE ( 'NONE', #4649, #2280 ) ;
#7380 = CARTESIAN_POINT ( 'NONE',  ( 5.460328021065294024, 0.02788276866902742596, 0.1000000000000000056 ) ) ;
#7381 = EDGE_CURVE ( 'NONE', #2818, #8919, #7597, .T. ) ;
#7382 = VECTOR ( 'NONE', #10271, 1000.000000000000000 ) ;
#7383 = CARTESIAN_POINT ( 'NONE',  ( 5.484849735431615692, -0.6945857502852714749, 0.1000000000000000056 ) ) ;
#7384 = ORIENTED_EDGE ( 'NONE', *, *, #10078, .F. ) ;
#7385 = PLANE ( 'NONE',  #1049 ) ;
#7386 = CARTESIAN_POINT ( 'NONE',  ( -2.860000000000001652, 2.909999999999998366, 1.550000000000000933 ) ) ;
#7387 = AXIS2_PLACEMENT_3D ( 'NONE', #5774, #8242, #1626 ) ;
#7388 = VECTOR ( 'NONE', #8737, 999.9999999999998863 ) ;
#7389 = AXIS2_PLACEMENT_3D ( 'NONE', #1343, #10637, #350 ) ;
#7390 = CARTESIAN_POINT ( 'NONE',  ( 5.382160898363660628, 0.06372226106434283888, 0.000000000000000000 ) ) ;
#7391 = CARTESIAN_POINT ( 'NONE',  ( -1.613278688524595106, 0.6499999999999999112, 7.036065573770489578 ) ) ;
#7392 = CARTESIAN_POINT ( 'NONE',  ( 0.3199999999999982858, 3.109999999999999876, 1.349999999999999645 ) ) ;
#7393 = PLANE ( 'NONE',  #876 ) ;
#7394 = VECTOR ( 'NONE', #10633, 1000.000000000000000 ) ;
#7395 = VECTOR ( 'NONE', #1834, 1000.000000000000114 ) ;
#7396 = CARTESIAN_POINT ( 'NONE',  ( 5.134693585320798448, -0.5888137485190241271, 0.000000000000000000 ) ) ;
#7397 = CIRCLE ( 'NONE', #6864, 0.1999999999999999833 ) ;
#7398 =( GEOMETRIC_REPRESENTATION_CONTEXT ( 3 ) GLOBAL_UNCERTAINTY_ASSIGNED_CONTEXT ( ( #1786 ) ) GLOBAL_UNIT_ASSIGNED_CONTEXT ( ( #1741, #5114, #2412 ) ) REPRESENTATION_CONTEXT ( 'NONE', 'WORKASPACE' ) );
#7399 = CARTESIAN_POINT ( 'NONE',  ( 5.363346057929708977, -0.9477546362435064209, 0.1000000000000000056 ) ) ;
#7400 = VERTEX_POINT ( 'NONE', #3414 ) ;
#7401 = DIRECTION ( 'NONE',  ( 0.000000000000000000, 0.000000000000000000, 1.000000000000000000 ) ) ;
#7402 = ORIENTED_EDGE ( 'NONE', *, *, #2463, .T. ) ;
#7403 = DIRECTION ( 'NONE',  ( 1.000000000000000000, -0.000000000000000000, -0.000000000000000000 ) ) ;
#7404 = DIRECTION ( 'NONE',  ( 0.000000000000000000, 1.000000000000000000, 0.000000000000000000 ) ) ;
#7405 = EDGE_CURVE ( 'NONE', #5433, #2181, #9380, .T. ) ;
#7406 = CARTESIAN_POINT ( 'NONE',  ( -2.860000000000001652, 5.450000000000000178, -3.000000000000000000 ) ) ;
#7407 = AXIS2_PLACEMENT_3D ( 'NONE', #3874, #4852, #8203 ) ;
#7408 = DIRECTION ( 'NONE',  ( 0.000000000000000000, 1.000000000000000000, 0.000000000000000000 ) ) ;
#7409 = CARTESIAN_POINT ( 'NONE',  ( -0.3200000000000017830, 5.209999999999999076, -3.000000000000000000 ) ) ;
#7410 =( NAMED_UNIT ( * ) PLANE_ANGLE_UNIT ( ) SI_UNIT ( $, .RADIAN. ) );
#7411 = LINE ( 'NONE', #7297, #3664 ) ;
#7412 = EDGE_CURVE ( 'NONE', #10612, #1133, #5231, .T. ) ;
#7413 = CARTESIAN_POINT ( 'NONE',  ( 5.315354223906388675, 0.09497880462014705871, 0.1000000000000000056 ) ) ;
#7414 = ORIENTED_EDGE ( 'NONE', *, *, #5890, .F. ) ;
#7415 = CARTESIAN_POINT ( 'NONE',  ( 5.427919441929965672, -0.6590345879555552511, 0.1000000000000000056 ) ) ;
#7416 = ORIENTED_EDGE ( 'NONE', *, *, #4711, .T. ) ;
#7417 = UNCERTAINTY_MEASURE_WITH_UNIT (LENGTH_MEASURE( 1.000000000000000082E-05 ), #7111, 'distance_accuracy_value', 'NONE');
#7418 = CARTESIAN_POINT ( 'NONE',  ( 5.441956862274670570, -0.6058496202806776809, 0.000000000000000000 ) ) ;
#7419 = LINE ( 'NONE', #3124, #10504 ) ;
#7420 = ADVANCED_FACE ( 'NONE', ( #2483 ), #760, .T. ) ;
#7421 = DIRECTION ( 'NONE',  ( 0.000000000000000000, 0.000000000000000000, 1.000000000000000000 ) ) ;
#7422 = CARTESIAN_POINT ( 'NONE',  ( 5.443647478141492080, -0.7966965758773927320, 0.1000000000000000056 ) ) ;
#7423 = DIRECTION ( 'NONE',  ( 1.000000000000000000, 0.000000000000000000, -0.000000000000000000 ) ) ;
#7424 = ORIENTED_EDGE ( 'NONE', *, *, #3482, .F. ) ;
#7425 = EDGE_CURVE ( 'NONE', #9326, #5119, #10101, .T. ) ;
#7426 = CARTESIAN_POINT ( 'NONE',  ( 5.274871794871794251, -0.2653846153846152189, 0.1000000000000000056 ) ) ;
#7427 = ORIENTED_EDGE ( 'NONE', *, *, #10185, .T. ) ;
#7428 = LINE ( 'NONE', #3246, #9086 ) ;
#7429 = DIRECTION ( 'NONE',  ( 0.7682212795973761832, -0.000000000000000000, 0.6401843996644795975 ) ) ;
#7430 = PLANE ( 'NONE',  #638 ) ;
#7431 = CARTESIAN_POINT ( 'NONE',  ( 5.083003801063797233, -0.8301307086531760637, 0.000000000000000000 ) ) ;
#7432 = VERTEX_POINT ( 'NONE', #1694 ) ;
#7433 = ORIENTED_EDGE ( 'NONE', *, *, #9942, .T. ) ;
#7434 = ORIENTED_EDGE ( 'NONE', *, *, #4856, .F. ) ;
#7435 = FACE_OUTER_BOUND ( 'NONE', #2988, .T. ) ;
#7436 = CARTESIAN_POINT ( 'NONE',  ( 5.463813963044967359, 0.01873095111170128280, 0.1000000000000000056 ) ) ;
#7437 = CARTESIAN_POINT ( 'NONE',  ( -4.309999999999999609, -1.249999999999999778, 1.885956070686927405E-16 ) ) ;
#7438 = ORIENTED_EDGE ( 'NONE', *, *, #7551, .T. ) ;
#7439 = DIRECTION ( 'NONE',  ( 0.000000000000000000, 1.000000000000000000, 6.938893903907229610E-17 ) ) ;
#7440 = CARTESIAN_POINT ( 'NONE',  ( 5.849999999999999645, -1.249999999999999778, 5.000000000000000000 ) ) ;
#7441 = CARTESIAN_POINT ( 'NONE',  ( 2.219999999999997975, 5.009999999999999787, -2.799999999999999822 ) ) ;
#7442 = LINE ( 'NONE', #4857, #9939 ) ;
#7443 = EDGE_CURVE ( 'NONE', #8154, #10665, #810, .T. ) ;
#7444 = PLANE ( 'NONE',  #4064 ) ;
#7445 = CARTESIAN_POINT ( 'NONE',  ( 5.143869169075868442, -0.5806484325623101350, 0.1000000000000000056 ) ) ;
#7446 = CARTESIAN_POINT ( 'NONE',  ( 5.415173290470889356, -0.9159833096873565284, 0.1000000000000000056 ) ) ;
#7447 = ORIENTED_EDGE ( 'NONE', *, *, #7532, .T. ) ;
#7448 = PLANE ( 'NONE',  #7894 ) ;
#7449 = CARTESIAN_POINT ( 'NONE',  ( 5.192913815604079275, 0.1204915051320840230, 0.1000000000000000056 ) ) ;
#7450 = DIRECTION ( 'NONE',  ( -0.000000000000000000, 0.000000000000000000, -1.000000000000000000 ) ) ;
#7451 = CARTESIAN_POINT ( 'NONE',  ( 5.231972896995821465, 0.1312812052486491132, 0.1000000000000000056 ) ) ;
#7452 = FACE_OUTER_BOUND ( 'NONE', #9379, .T. ) ;
#7453 = DIRECTION ( 'NONE',  ( 1.000000000000000000, -0.000000000000000000, -0.000000000000000000 ) ) ;
#7454 = DIRECTION ( 'NONE',  ( 1.000000000000000000, -0.000000000000000000, -0.000000000000000000 ) ) ;
#7455 = DIRECTION ( 'NONE',  ( -0.000000000000000000, 0.000000000000000000, -1.000000000000000000 ) ) ;
#7456 = EDGE_CURVE ( 'NONE', #8296, #9933, #2580, .T. ) ;
#7457 = PLANE ( 'NONE',  #9959 ) ;
#7458 = CARTESIAN_POINT ( 'NONE',  ( 5.335631973283891050, -0.9181692081984220710, 0.1000000000000000056 ) ) ;
#7459 = EDGE_LOOP ( 'NONE', ( #1586, #137, #4177, #4664 ) ) ;
#7460 = LINE ( 'NONE', #9813, #8099 ) ;
#7461 = ORIENTED_EDGE ( 'NONE', *, *, #4119, .T. ) ;
#7462 = CARTESIAN_POINT ( 'NONE',  ( 5.416281173706971153, -0.5804124944379742690, 0.1000000000000000056 ) ) ;
#7463 =( NAMED_UNIT ( * ) PLANE_ANGLE_UNIT ( ) SI_UNIT ( $, .RADIAN. ) );
#7464 = ADVANCED_FACE ( 'NONE', ( #4174 ), #3370, .F. ) ;
#7465 = CARTESIAN_POINT ( 'NONE',  ( 5.079999999999999183, -0.1935897435897434016, 0.1000000000000000056 ) ) ;
#7466 = LINE ( 'NONE', #8295, #7155 ) ;
#7467 = ORIENTED_EDGE ( 'NONE', *, *, #3085, .F. ) ;
#7468 = EDGE_CURVE ( 'NONE', #1407, #4656, #5062, .T. ) ;
#7469 = DIRECTION ( 'NONE',  ( 0.000000000000000000, -1.000000000000000000, 1.628629872832303439E-16 ) ) ;
#7470 = ORIENTED_EDGE ( 'NONE', *, *, #6457, .F. ) ;
#7471 = LINE ( 'NONE', #8344, #10173 ) ;
#7472 = EDGE_CURVE ( 'NONE', #9970, #3303, #5123, .T. ) ;
#7473 = PLANE ( 'NONE',  #8792 ) ;
#7474 = DIRECTION ( 'NONE',  ( 1.000000000000000000, -0.000000000000000000, -0.000000000000000000 ) ) ;
#7475 = EDGE_CURVE ( 'NONE', #4319, #5316, #2819, .T. ) ;
#7476 = CARTESIAN_POINT ( 'NONE',  ( 5.074070685260910096, -0.7965716492365184642, -0.000000000000000000 ) ) ;
#7477 = VERTEX_POINT ( 'NONE', #3586 ) ;
#7478 = ORIENTED_EDGE ( 'NONE', *, *, #7780, .T. ) ;
#7479 = VERTEX_POINT ( 'NONE', #6981 ) ;
#7480 = CARTESIAN_POINT ( 'NONE',  ( -2.220000000000001972, -7.249999999999999112, 1.349999999999999867 ) ) ;
#7481 = FILL_AREA_STYLE ('',( #9171 ) ) ;
#7482 = DIRECTION ( 'NONE',  ( -1.000000000000000000, 0.000000000000000000, 0.000000000000000000 ) ) ;
#7483 = VERTEX_POINT ( 'NONE', #3700 ) ;
#7484 = CARTESIAN_POINT ( 'NONE',  ( 5.441956862274670570, -0.6058496202806776809, 0.1000000000000000056 ) ) ;
#7485 = VERTEX_POINT ( 'NONE', #7046 ) ;
#7486 = DIRECTION ( 'NONE',  ( 0.000000000000000000, 0.000000000000000000, -1.000000000000000000 ) ) ;
#7487 = CARTESIAN_POINT ( 'NONE',  ( -5.400000000000002132, 2.269999999999997797, 0.9099999999999984768 ) ) ;
#7488 = DIRECTION ( 'NONE',  ( 1.000000000000000000, 0.000000000000000000, -0.000000000000000000 ) ) ;
#7489 = EDGE_CURVE ( 'NONE', #2930, #5242, #5334, .T. ) ;
#7490 =( LENGTH_UNIT ( ) NAMED_UNIT ( * ) SI_UNIT ( .MILLI., .METRE. ) );
#7491 = VECTOR ( 'NONE', #7531, 1000.000000000000114 ) ;
#7492 = CARTESIAN_POINT ( 'NONE',  ( -5.400000000000002132, 5.449999999999999289, 4.090000000000001634 ) ) ;
#7493 = EDGE_LOOP ( 'NONE', ( #5831, #9972, #4350, #10498 ) ) ;
#7494 = DIRECTION ( 'NONE',  ( -1.000000000000000000, 0.000000000000000000, 0.000000000000000000 ) ) ;
#7495 = CARTESIAN_POINT ( 'NONE',  ( 5.490072028769156454, -0.7551371489281285543, 0.1000000000000000056 ) ) ;
#7496 = ORIENTED_EDGE ( 'NONE', *, *, #8615, .T. ) ;
#7497 = CARTESIAN_POINT ( 'NONE',  ( -5.400000000000002132, 4.809999999999999609, 3.250000000000000888 ) ) ;
#7498 = ORIENTED_EDGE ( 'NONE', *, *, #5996, .F. ) ;
#7499 = CARTESIAN_POINT ( 'NONE',  ( -4.760000000000002451, 2.269999999999999130, 0.7099999999999985212 ) ) ;
#7500 = VECTOR ( 'NONE', #9497, 1000.000000000000000 ) ;
#7501 = EDGE_CURVE ( 'NONE', #4816, #9673, #10445, .T. ) ;
#7502 = LINE ( 'NONE', #10118, #3005 ) ;
#7503 = EDGE_CURVE ( 'NONE', #8803, #3527, #10328, .T. ) ;
#7504 = FILL_AREA_STYLE ('',( #4140 ) ) ;
#7506 = VECTOR ( 'NONE', #4202, 1000.000000000000114 ) ;
#7505 = B_SPLINE_CURVE_WITH_KNOTS ( 'NONE', 3,
 ( #1621, #9156, #1415, #4942, #10756, #4062, #9817, #10703, #9045, #3282, #2459 ),
 .UNSPECIFIED., .F., .F.,
 ( 4, 1, 1, 1, 1, 1, 1, 1, 4 ),
 ( 0.000000000000000000, 0.1642892164747621619, 0.3174059112304911667, 0.4588436116410203325, 0.5893665423053099373, 0.7078313187781725135, 0.8157700306990054440, 0.9128799029021259503, 1.000000000000000000 ),
 .UNSPECIFIED. ) ;
#7507 = LINE ( 'NONE', #2389, #10893 ) ;
#7508 = CARTESIAN_POINT ( 'NONE',  ( -5.400000000000002132, 2.269999999999997797, 0.9099999999999984768 ) ) ;
#7509 = VECTOR ( 'NONE', #6921, 1000.000000000000000 ) ;
#7510 = DIRECTION ( 'NONE',  ( 0.000000000000000000, 1.088556398077815951E-16, -1.000000000000000000 ) ) ;
#7511 = LINE ( 'NONE', #687, #9787 ) ;
#7512 = CARTESIAN_POINT ( 'NONE',  ( 5.365714236408900106, -0.9042694458299603832, 0.000000000000000000 ) ) ;
#7513 = ORIENTED_EDGE ( 'NONE', *, *, #7758, .F. ) ;
#7514 = LINE ( 'NONE', #6035, #6348 ) ;
#7515 = VERTEX_POINT ( 'NONE', #10391 ) ;
#7516 = DIRECTION ( 'NONE',  ( -0.4190581774617468946, -0.9079593845004517716, 0.000000000000000000 ) ) ;
#7517 = VECTOR ( 'NONE', #422, 1000.000000000000000 ) ;
#7518 = CARTESIAN_POINT ( 'NONE',  ( 5.165797289421933947, 0.05908681362530783521, 0.000000000000000000 ) ) ;
#7519 = AXIS2_PLACEMENT_3D ( 'NONE', #3626, #10146, #8620 ) ;
#7520 = CARTESIAN_POINT ( 'NONE',  ( 6.349999999999999645, 0.6499999999999995781, 4.400000000000000355 ) ) ;
#7521 = ORIENTED_EDGE ( 'NONE', *, *, #10236, .F. ) ;
#7522 = CARTESIAN_POINT ( 'NONE',  ( 4.759999999999998899, 5.450000000000001066, 3.890000000000001457 ) ) ;
#7523 = ORIENTED_EDGE ( 'NONE', *, *, #8264, .T. ) ;
#7524 =( GEOMETRIC_REPRESENTATION_CONTEXT ( 3 ) GLOBAL_UNCERTAINTY_ASSIGNED_CONTEXT ( ( #4195 ) ) GLOBAL_UNIT_ASSIGNED_CONTEXT ( ( #233, #1673, #5985 ) ) REPRESENTATION_CONTEXT ( 'NONE', 'WORKASPACE' ) );
#7525 = DIRECTION ( 'NONE',  ( -1.000000000000000000, -0.000000000000000000, -0.000000000000000000 ) ) ;
#7526 = CARTESIAN_POINT ( 'NONE',  ( 5.208205128205127821, 0.2858974358974362140, 0.1000000000000000056 ) ) ;
#7527 = CARTESIAN_POINT ( 'NONE',  ( -3.810000000000000941, -1.249999999999999778, 4.400000000000000355 ) ) ;
#7528 = EDGE_CURVE ( 'NONE', #3198, #4424, #2179, .T. ) ;
#7529 = VECTOR ( 'NONE', #5358, 1000.000000000000000 ) ;
#7530 = VECTOR ( 'NONE', #6831, 1000.000000000000000 ) ;
#7531 = DIRECTION ( 'NONE',  ( 0.000000000000000000, -0.7071067811865474617, 0.7071067811865474617 ) ) ;
#7532 = EDGE_CURVE ( 'NONE', #6073, #4316, #9556, .T. ) ;
#7533 = ORIENTED_EDGE ( 'NONE', *, *, #666, .F. ) ;
#7534 = VERTEX_POINT ( 'NONE', #1137 ) ;
#7535 = EDGE_LOOP ( 'NONE', ( #9761, #3707, #2424, #4105 ) ) ;
#7536 = CARTESIAN_POINT ( 'NONE',  ( 5.079999999999999183, 0.2250801282051285157, 0.000000000000000000 ) ) ;
#7537 = DIRECTION ( 'NONE',  ( -0.000000000000000000, -1.000000000000000000, -0.000000000000000000 ) ) ;
#7538 = CARTESIAN_POINT ( 'NONE',  ( 4.759999999999998899, -7.049999999999999822, 4.090000000000000746 ) ) ;
#7539 = VERTEX_POINT ( 'NONE', #9668 ) ;
#7540 = EDGE_CURVE ( 'NONE', #3546, #3813, #3802, .T. ) ;
#7541 = CARTESIAN_POINT ( 'NONE',  ( 5.402035256410256281, 0.3778044871794875581, 0.1000000000000000056 ) ) ;
#7542 = ORIENTED_EDGE ( 'NONE', *, *, #9157, .T. ) ;
#7543 = LINE ( 'NONE', #85, #2138 ) ;
#7544 = VECTOR ( 'NONE', #2098, 1000.000000000000000 ) ;
#7545 = PLANE ( 'NONE',  #9292 ) ;
#7546 = AXIS2_PLACEMENT_3D ( 'NONE', #8776, #7190, #8072 ) ;
#7547 = VECTOR ( 'NONE', #10285, 1000.000000000000000 ) ;
#7548 = AXIS2_PLACEMENT_3D ( 'NONE', #1283, #8311, #6662 ) ;
#7549 = EDGE_CURVE ( 'NONE', #9714, #3064, #7867, .T. ) ;
#7550 = LINE ( 'NONE', #1703, #7368 ) ;
#7551 = EDGE_CURVE ( 'NONE', #7800, #1040, #7150, .T. ) ;
#7552 = ORIENTED_EDGE ( 'NONE', *, *, #1607, .T. ) ;
#7553 = VERTEX_POINT ( 'NONE', #2030 ) ;
#7554 = DIRECTION ( 'NONE',  ( -1.000000000000000000, 0.000000000000000000, 0.000000000000000000 ) ) ;
#7555 = VECTOR ( 'NONE', #5174, 1000.000000000000000 ) ;
#7556 = VECTOR ( 'NONE', #10199, 1000.000000000000000 ) ;
#7557 = CARTESIAN_POINT ( 'NONE',  ( 5.110887517756999010, -0.7536938413102799439, 0.1000000000000000056 ) ) ;
#7558 = EDGE_LOOP ( 'NONE', ( #4987, #225, #6732, #10379 ) ) ;
#7559 = ADVANCED_FACE ( 'NONE', ( #7815 ), #5395, .T. ) ;
#7560 = VECTOR ( 'NONE', #2817, 1000.000000000000000 ) ;
#7561 = AXIS2_PLACEMENT_3D ( 'NONE', #5130, #6723, #2653 ) ;
#7562 = CARTESIAN_POINT ( 'NONE',  ( 4.759999999999998899, 2.269999999999999130, 0.7099999999999985212 ) ) ;
#7563 = CARTESIAN_POINT ( 'NONE',  ( 5.180760655071948051, 0.1153897904344145520, 0.1000000000000000056 ) ) ;
#7564 = ADVANCED_FACE ( 'NONE', ( #1027 ), #202, .F. ) ;
#7565 = CARTESIAN_POINT ( 'NONE',  ( 5.279599358974357948, -0.9269230769230771827, 0.000000000000000000 ) ) ;
#7566 = PLANE ( 'NONE',  #4017 ) ;
#7567 = AXIS2_PLACEMENT_3D ( 'NONE', #4323, #797, #10091 ) ;
#7568 = VECTOR ( 'NONE', #677, 1000.000000000000000 ) ;
#7569 = VECTOR ( 'NONE', #114, 1000.000000000000000 ) ;
#7570 = AXIS2_PLACEMENT_3D ( 'NONE', #9026, #6673, #3264 ) ;
#7571 = CARTESIAN_POINT ( 'NONE',  ( -1.436666666666667647, 1.249999999999999778, 0.4000000000000001887 ) ) ;
#7572 = LINE ( 'NONE', #2, #6108 ) ;
#7573 = CARTESIAN_POINT ( 'NONE',  ( 5.275032051282050993, 0.09871794871794895010, 0.1000000000000000056 ) ) ;
#7574 = CARTESIAN_POINT ( 'NONE',  ( 5.449092696273860170, -0.7618310912372756594, 0.1000000000000000056 ) ) ;
#7575 = VERTEX_POINT ( 'NONE', #8187 ) ;
#7576 = CARTESIAN_POINT ( 'NONE',  ( 5.319180327868853198, 0.6499999999999999112, -0.4590163934426202408 ) ) ;
#7577 = VERTEX_POINT ( 'NONE', #6545 ) ;
#7578 = VECTOR ( 'NONE', #4806, 1000.000000000000000 ) ;
#7579 = FACE_OUTER_BOUND ( 'NONE', #9997, .T. ) ;
#7580 = DIRECTION ( 'NONE',  ( -0.000000000000000000, 0.000000000000000000, 1.000000000000000000 ) ) ;
#7581 = CARTESIAN_POINT ( 'NONE',  ( -4.760000000000002451, -7.049999999999999822, 0.9100000000000000311 ) ) ;
#7582 = ADVANCED_FACE ( 'NONE', ( #2199 ), #648, .F. ) ;
#7583 = CARTESIAN_POINT ( 'NONE',  ( 5.402035256410255393, 0.3778044871794875581, 0.000000000000000000 ) ) ;
#7584 = LINE ( 'NONE', #15, #596 ) ;
#7585 = CARTESIAN_POINT ( 'NONE',  ( 5.136830818633622009, -0.9095709344087951065, 0.1000000000000000056 ) ) ;
#7586 = ORIENTED_EDGE ( 'NONE', *, *, #5073, .T. ) ;
#7587 = DIRECTION ( 'NONE',  ( 0.000000000000000000, -1.000000000000000000, 0.000000000000000000 ) ) ;
#7588 = DIRECTION ( 'NONE',  ( 0.000000000000000000, 0.000000000000000000, -1.000000000000000000 ) ) ;
#7589 = LINE ( 'NONE', #9264, #9664 ) ;
#7590 = SURFACE_STYLE_USAGE ( .BOTH. , #3156 ) ;
#7591 = DIRECTION ( 'NONE',  ( 0.000000000000000000, 0.7071067811865483499, 0.7071067811865467956 ) ) ;
#7592 = ORIENTED_EDGE ( 'NONE', *, *, #7034, .T. ) ;
#7593 = ORIENTED_EDGE ( 'NONE', *, *, #10565, .T. ) ;
#7594 = ORIENTED_EDGE ( 'NONE', *, *, #2170, .T. ) ;
#7595 = ADVANCED_FACE ( 'NONE', ( #1424 ), #2252, .F. ) ;
#7596 =( NAMED_UNIT ( * ) PLANE_ANGLE_UNIT ( ) SI_UNIT ( $, .RADIAN. ) );
#7597 = LINE ( 'NONE', #10822, #8419 ) ;
#7598 = ORIENTED_EDGE ( 'NONE', *, *, #1357, .T. ) ;
#7599 = FACE_OUTER_BOUND ( 'NONE', #23, .T. ) ;
#7600 = ORIENTED_EDGE ( 'NONE', *, *, #556, .F. ) ;
#7601 = DIRECTION ( 'NONE',  ( 0.000000000000000000, 0.000000000000000000, 1.000000000000000000 ) ) ;
#7602 = SURFACE_SIDE_STYLE ('',( #4240 ) ) ;
#7603 = EDGE_CURVE ( 'NONE', #5522, #10097, #9880, .T. ) ;
#7604 = CARTESIAN_POINT ( 'NONE',  ( 5.303674161160534695, -0.9622930911301605938, 0.000000000000000000 ) ) ;
#7605 = ORIENTED_EDGE ( 'NONE', *, *, #8588, .T. ) ;
#7606 = PRESENTATION_STYLE_ASSIGNMENT (( #4185 ) ) ;
#7607 = CARTESIAN_POINT ( 'NONE',  ( -4.016885245901638868, 1.250000000000000222, 6.944262295081967906 ) ) ;
#7608 = CARTESIAN_POINT ( 'NONE',  ( 0.3199999999999982858, -7.049999999999999822, 4.090000000000000746 ) ) ;
#7609 = ORIENTED_EDGE ( 'NONE', *, *, #2493, .T. ) ;
#7610 = CARTESIAN_POINT ( 'NONE',  ( 5.397988793838613297, -0.6183397719650519653, 0.000000000000000000 ) ) ;
#7611 = ORIENTED_EDGE ( 'NONE', *, *, #7603, .F. ) ;
#7612 = CARTESIAN_POINT ( 'NONE',  ( 5.274951923076922178, 0.1346153846153848310, 0.1000000000000000056 ) ) ;
#7613 = PLANE ( 'NONE',  #3983 ) ;
#7614 = ADVANCED_FACE ( 'NONE', ( #5516 ), #1522, .F. ) ;
#7615 = B_SPLINE_SURFACE_WITH_KNOTS ( 'NONE', 3, 1, ( 
 ( #1186, #4555 ),
 ( #3029, #10434 ),
 ( #7257, #9592 ),
 ( #2143, #5446 ),
 ( #1355, #4723 ),
 ( #7918, #1250 ),
 ( #3283, #9872 ),
 ( #9818, #7518 ),
 ( #3346, #6702 ),
 ( #5672, #6638 ),
 ( #8180, #9000 ),
 ( #4065, #5712 ),
 ( #5037, #9046 ),
 ( #4001, #1463 ),
 ( #2515, #4832 ),
 ( #10037, #5826 ),
 ( #636, #6533 ),
 ( #7356, #9200 ),
 ( #2399, #6581 ) ),
 .UNSPECIFIED., .F., .F., .F.,
 ( 4, 1, 1, 1, 1, 1, 1, 1, 1, 1, 1, 1, 1, 1, 1, 1, 4 ),
 ( 2, 2 ),
 ( 0.000000000000000000, 0.06241191546626041059, 0.1233331236171034684, 0.1831169538814308717, 0.2417729815817082906, 0.3005664345557872430, 0.3596651793197819247, 0.4188642935347364205, 0.4795108054598570257, 0.5404624589939853729, 0.6019127741600986958, 0.6644672098853200426, 0.7278070973767682972, 0.7924745597484345039, 0.8592493077857755734, 0.9284673632662800991, 1.000000000000000000 ),
 ( 0.000000000000000000, 1.000000000000000000 ),
 .UNSPECIFIED. ) ;
#7616 = PLANE ( 'NONE',  #3523 ) ;
#7617 = DIRECTION ( 'NONE',  ( 0.000000000000000000, -0.7071067811865475727, 0.7071067811865475727 ) ) ;
#7618 = EDGE_CURVE ( 'NONE', #3790, #977, #1471, .T. ) ;
#7619 = CARTESIAN_POINT ( 'NONE',  ( 2.219999999999997975, -7.249999999999999112, 1.110000000000000098 ) ) ;
#7620 = CARTESIAN_POINT ( 'NONE',  ( -3.976666666666669236, 1.250000000000000666, 0.4000000000000001887 ) ) ;
#7621 = FILL_AREA_STYLE_COLOUR ( '', #7889 ) ;
#7622 = CARTESIAN_POINT ( 'NONE',  ( 5.428684002013130616, -0.01000505775383151059, 0.000000000000000000 ) ) ;
#7623 = CARTESIAN_POINT ( 'NONE',  ( 5.122369002990974529, -0.05757329610668080605, 0.000000000000000000 ) ) ;
#7624 = ORIENTED_EDGE ( 'NONE', *, *, #781, .T. ) ;
#7625 = CARTESIAN_POINT ( 'NONE',  ( -2.860000000000001652, -7.249999999999999112, 3.650000000000000799 ) ) ;
#7626 = ORIENTED_EDGE ( 'NONE', *, *, #8860, .F. ) ;
#7627 = DIRECTION ( 'NONE',  ( 1.000000000000000000, -0.000000000000000000, -0.000000000000000000 ) ) ;
#7628 = LINE ( 'NONE', #4313, #3517 ) ;
#7629 = LINE ( 'NONE', #8606, #8557 ) ;
#7630 = VECTOR ( 'NONE', #2909, 1000.000000000000000 ) ;
#7631 = CARTESIAN_POINT ( 'NONE',  ( 5.481822431703673004, -0.6821331059911734940, 0.000000000000000000 ) ) ;
#7632 = PRESENTATION_STYLE_ASSIGNMENT (( #6911 ) ) ;
#7633 = ORIENTED_EDGE ( 'NONE', *, *, #554, .F. ) ;
#7634 = ORIENTED_EDGE ( 'NONE', *, *, #1478, .T. ) ;
#7635 = CARTESIAN_POINT ( 'NONE',  ( -0.3200000000000017830, 4.809999999999998721, 3.450000000000000622 ) ) ;
#7636 = DIRECTION ( 'NONE',  ( 0.000000000000000000, -2.090028284309406981E-16, -1.000000000000000000 ) ) ;
#7637 = DIRECTION ( 'NONE',  ( 0.000000000000000000, 1.000000000000000000, 6.938893903907229610E-17 ) ) ;
#7638 = EDGE_CURVE ( 'NONE', #8463, #1085, #3957, .T. ) ;
#7639 = DIRECTION ( 'NONE',  ( -0.6401843996644789314, 0.000000000000000000, -0.7682212795973767383 ) ) ;
#7640 = CARTESIAN_POINT ( 'NONE',  ( 5.428684002013130616, -0.01000505775383151059, 0.1000000000000000056 ) ) ;
#7641 = VERTEX_POINT ( 'NONE', #6486 ) ;
#7642 = EDGE_LOOP ( 'NONE', ( #6442, #5343, #4745, #7927 ) ) ;
#7643 = ORIENTED_EDGE ( 'NONE', *, *, #3308, .F. ) ;
#7644 = VERTEX_POINT ( 'NONE', #8842 ) ;
#7645 = FACE_OUTER_BOUND ( 'NONE', #740, .T. ) ;
#7646 = ORIENTED_EDGE ( 'NONE', *, *, #6132, .T. ) ;
#7647 = PLANE ( 'NONE',  #9984 ) ;
#7648 = VERTEX_POINT ( 'NONE', #1310 ) ;
#7649 = CARTESIAN_POINT ( 'NONE',  ( 2.859999999999998099, 2.909999999999998810, -3.000000000000000000 ) ) ;
#7650 = DIRECTION ( 'NONE',  ( 0.000000000000000000, -2.090028284309406488E-16, -1.000000000000000000 ) ) ;
#7651 = PLANE ( 'NONE',  #502 ) ;
#7652 = ORIENTED_EDGE ( 'NONE', *, *, #8470, .T. ) ;
#7653 = LINE ( 'NONE', #3381, #2802 ) ;
#7654 = CARTESIAN_POINT ( 'NONE',  ( 5.198456167860530996, -0.9073052589734794671, 0.1000000000000000056 ) ) ;
#7655 = ORIENTED_EDGE ( 'NONE', *, *, #1940, .F. ) ;
#7656 = CARTESIAN_POINT ( 'NONE',  ( 5.433933897249091594, -0.6712149151901867228, 0.000000000000000000 ) ) ;
#7657 = ORIENTED_EDGE ( 'NONE', *, *, #10446, .T. ) ;
#7658 = CARTESIAN_POINT ( 'NONE',  ( -0.05885245901639246657, 1.250000000000000222, -0.2426229508196717510 ) ) ;
#7659 = EDGE_CURVE ( 'NONE', #9058, #9472, #4676, .T. ) ;
#7660 = CARTESIAN_POINT ( 'NONE',  ( 6.349999999999996980, 0.6499999999999999112, 4.090000000000000746 ) ) ;
#7661 = DIRECTION ( 'NONE',  ( 1.000000000000000000, 0.000000000000000000, 0.000000000000000000 ) ) ;
#7662 = EDGE_CURVE ( 'NONE', #7808, #2071, #5626, .T. ) ;
#7663 = VECTOR ( 'NONE', #10491, 1000.000000000000000 ) ;
#7664 = LINE ( 'NONE', #3554, #7217 ) ;
#7665 = CARTESIAN_POINT ( 'NONE',  ( -2.860000000000001652, -7.249999999999999112, 1.349999999999999867 ) ) ;
#7666 = EDGE_CURVE ( 'NONE', #10084, #1803, #6383, .T. ) ;
#7667 = VECTOR ( 'NONE', #10631, 1000.000000000000000 ) ;
#7668 = CARTESIAN_POINT ( 'NONE',  ( 5.438974358974357770, -0.1295673076923075373, 0.1000000000000000056 ) ) ;
#7669 = CARTESIAN_POINT ( 'NONE',  ( 5.392214289558546092, -0.8845403348118117126, 0.000000000000000000 ) ) ;
#7670 = ORIENTED_EDGE ( 'NONE', *, *, #9466, .T. ) ;
#7671 = CARTESIAN_POINT ( 'NONE',  ( -4.760000000000002451, 2.269999999999997797, 0.9099999999999984768 ) ) ;
#7672 = EDGE_LOOP ( 'NONE', ( #356, #1412, #7070, #7761, #9582, #1270, #7011, #10274 ) ) ;
#7673 = MECHANICAL_DESIGN_GEOMETRIC_PRESENTATION_REPRESENTATION (  '', ( #4869 ), #9065 ) ;
#7674 = EDGE_CURVE ( 'NONE', #3515, #1083, #2313, .T. ) ;
#7675 = CARTESIAN_POINT ( 'NONE',  ( 5.070791843206745142, -0.7724843113315643661, 0.1000000000000000056 ) ) ;
#7676 = CARTESIAN_POINT ( 'NONE',  ( 5.402035256410256281, 0.3778044871794875581, 0.1000000000000000056 ) ) ;
#7677 = LINE ( 'NONE', #9360, #1745 ) ;
#7678 = CARTESIAN_POINT ( 'NONE',  ( 2.219999999999997975, 2.469999999999999307, 0.7099999999999970779 ) ) ;
#7679 = ORIENTED_EDGE ( 'NONE', *, *, #781, .F. ) ;
#7680 = FACE_BOUND ( 'NONE', #8354, .T. ) ;
#7681 = LINE ( 'NONE', #6803, #8057 ) ;
#7682 = ORIENTED_EDGE ( 'NONE', *, *, #12, .T. ) ;
#7683 = CARTESIAN_POINT ( 'NONE',  ( 5.079512467738528159, -0.8192786846122088740, 0.1000000000000000056 ) ) ;
#7684 = ORIENTED_EDGE ( 'NONE', *, *, #9297, .F. ) ;
#7685 = VECTOR ( 'NONE', #9509, 1000.000000000000000 ) ;
#7686 = CARTESIAN_POINT ( 'NONE',  ( -6.350000000000002309, 1.250000000000000222, 5.000000000000000000 ) ) ;
#7687 = AXIS2_PLACEMENT_3D ( 'NONE', #2106, #8204, #8856 ) ;
#7688 = EDGE_CURVE ( 'NONE', #3079, #1758, #5565, .T. ) ;
#7689 = FACE_OUTER_BOUND ( 'NONE', #4626, .T. ) ;
#7690 = CARTESIAN_POINT ( 'NONE',  ( 5.465576923076922888, 0.01410256410256429706, 0.1000000000000000056 ) ) ;
#7691 = ADVANCED_FACE ( 'NONE', ( #3080 ), #6430, .F. ) ;
#7692 = DIRECTION ( 'NONE',  ( 1.000000000000000000, -0.000000000000000000, -0.000000000000000000 ) ) ;
#7693 = AXIS2_PLACEMENT_3D ( 'NONE', #6749, #4431, #10132 ) ;
#7694 = CARTESIAN_POINT ( 'NONE',  ( 5.434705444767771176, -0.04187513818084262485, 0.1000000000000000056 ) ) ;
#7695 = ORIENTED_EDGE ( 'NONE', *, *, #9157, .F. ) ;
#7696 = ORIENTED_EDGE ( 'NONE', *, *, #9001, .T. ) ;
#7697 = VECTOR ( 'NONE', #2184, 1000.000000000000000 ) ;
#7698 = ORIENTED_EDGE ( 'NONE', *, *, #2968, .F. ) ;
#7699 = EDGE_CURVE ( 'NONE', #1803, #7534, #10004, .T. ) ;
#7700 = CARTESIAN_POINT ( 'NONE',  ( -4.760000000000002451, 0.6499999999999995781, 3.450000000000000622 ) ) ;
#7701 = ORIENTED_EDGE ( 'NONE', *, *, #7877, .T. ) ;
#7702 = LINE ( 'NONE', #10002, #10702 ) ;
#7703 = VERTEX_POINT ( 'NONE', #1796 ) ;
#7704 = DIRECTION ( 'NONE',  ( -0.000000000000000000, 0.000000000000000000, -1.000000000000000000 ) ) ;
#7705 = ORIENTED_EDGE ( 'NONE', *, *, #1732, .T. ) ;
#7706 = CARTESIAN_POINT ( 'NONE',  ( -5.400000000000002132, -7.049999999999999822, 3.450000000000000622 ) ) ;
#7707 = DIRECTION ( 'NONE',  ( 7.529181753371540218E-17, 1.000000000000000000, 9.035018104045873159E-17 ) ) ;
#7708 = CARTESIAN_POINT ( 'NONE',  ( 5.126525413933205044, -0.01698880655546612314, 0.000000000000000000 ) ) ;
#7709 = VECTOR ( 'NONE', #8871, 1000.000000000000000 ) ;
#7710 = CARTESIAN_POINT ( 'NONE',  ( 5.282323717948717245, -0.9628205128205130636, 0.000000000000000000 ) ) ;
#7711 = ORIENTED_EDGE ( 'NONE', *, *, #6202, .T. ) ;
#7712 = LINE ( 'NONE', #10172, #5076 ) ;
#7713 = EDGE_CURVE ( 'NONE', #4307, #5177, #906, .T. ) ;
#7714 = MECHANICAL_DESIGN_GEOMETRIC_PRESENTATION_REPRESENTATION (  '', ( #505 ), #10340 ) ;
#7715 = CARTESIAN_POINT ( 'NONE',  ( 2.219999999999997975, 3.109999999999998987, -2.799999999999999822 ) ) ;
#7716 = ORIENTED_EDGE ( 'NONE', *, *, #8812, .T. ) ;
#7717 = STYLED_ITEM ( 'NONE', ( #10402 ), #8274 ) ;
#7718 = CARTESIAN_POINT ( 'NONE',  ( 5.438974358974357770, -0.2653846153846152189, 0.1000000000000000056 ) ) ;
#7719 = VERTEX_POINT ( 'NONE', #10145 ) ;
#7720 = CARTESIAN_POINT ( 'NONE',  ( 2.219999999999997975, 5.650000000000000355, 3.890000000000000124 ) ) ;
#7721 = FACE_OUTER_BOUND ( 'NONE', #1004, .T. ) ;
#7722 = VECTOR ( 'NONE', #2086, 1000.000000000000000 ) ;
#7723 = DIRECTION ( 'NONE',  ( -1.000000000000000000, 0.000000000000000000, 0.000000000000000000 ) ) ;
#7724 = CARTESIAN_POINT ( 'NONE',  ( 5.289518626924863298, -0.9626427764139905419, 0.1000000000000000056 ) ) ;
#7725 = CIRCLE ( 'NONE', #2286, 0.2000000000000000944 ) ;
#7726 = VECTOR ( 'NONE', #78, 1000.000000000000000 ) ;
#7727 = PLANE ( 'NONE',  #484 ) ;
#7728 = CARTESIAN_POINT ( 'NONE',  ( 6.349999999999996980, 1.249999999999999778, 0.4000000000000001887 ) ) ;
#7729 = DIRECTION ( 'NONE',  ( 1.000000000000000000, 0.000000000000000000, -0.000000000000000000 ) ) ;
#7730 = ADVANCED_FACE ( 'NONE', ( #1580 ), #6649, .F. ) ;
#7731 = ORIENTED_EDGE ( 'NONE', *, *, #10505, .F. ) ;
#7732 = DIRECTION ( 'NONE',  ( 0.000000000000000000, 1.000000000000000000, 0.000000000000000000 ) ) ;
#7733 = VERTEX_POINT ( 'NONE', #8299 ) ;
#7734 = DIRECTION ( 'NONE',  ( 0.6401843996644802637, 0.000000000000000000, -0.7682212795973755171 ) ) ;
#7735 = CARTESIAN_POINT ( 'NONE',  ( 5.208205128205127821, 0.4672275641025644410, 0.000000000000000000 ) ) ;
#7736 = STYLED_ITEM ( 'NONE', ( #251 ), #7564 ) ;
#7737 = CARTESIAN_POINT ( 'NONE',  ( 0.3199999999999982858, -7.249999999999999112, 1.349999999999999867 ) ) ;
#7738 = CARTESIAN_POINT ( 'NONE',  ( 5.134693585320798448, -0.5888137485190241271, 0.1000000000000000056 ) ) ;
#7739 = VECTOR ( 'NONE', #10238, 1000.000000000000000 ) ;
#7740 = VECTOR ( 'NONE', #8880, 1000.000000000000000 ) ;
#7741 = CIRCLE ( 'NONE', #2470, 0.2000000000000000944 ) ;
#7742 = VECTOR ( 'NONE', #2504, 1000.000000000000000 ) ;
#7743 = ORIENTED_EDGE ( 'NONE', *, *, #443, .T. ) ;
#7744 = FILL_AREA_STYLE ('',( #10137 ) ) ;
#7745 = EDGE_CURVE ( 'NONE', #3534, #6893, #5993, .T. ) ;
#7746 = FACE_OUTER_BOUND ( 'NONE', #5160, .T. ) ;
#7747 = DIRECTION ( 'NONE',  ( 1.000000000000000000, -0.000000000000000000, -0.000000000000000000 ) ) ;
#7748 = FILL_AREA_STYLE_COLOUR ( '', #3691 ) ;
#7749 =( GEOMETRIC_REPRESENTATION_CONTEXT ( 3 ) GLOBAL_UNCERTAINTY_ASSIGNED_CONTEXT ( ( #1666 ) ) GLOBAL_UNIT_ASSIGNED_CONTEXT ( ( #5074, #3380, #5015 ) ) REPRESENTATION_CONTEXT ( 'NONE', 'WORKASPACE' ) );
#7750 = CARTESIAN_POINT ( 'NONE',  ( 5.070791843206745142, -0.7724843113315643661, 0.1000000000000000056 ) ) ;
#7751 = ORIENTED_EDGE ( 'NONE', *, *, #9075, .T. ) ;
#7752 = CARTESIAN_POINT ( 'NONE',  ( 5.282323717948717245, -0.9628205128205130636, 0.1000000000000000056 ) ) ;
#7753 = LINE ( 'NONE', #4274, #10133 ) ;
#7754 = FACE_OUTER_BOUND ( 'NONE', #10127, .T. ) ;
#7755 = ADVANCED_FACE ( 'NONE', ( #3404 ), #5112, .T. ) ;
#7756 = CARTESIAN_POINT ( 'NONE',  ( 5.399999999999998579, 2.669999999999999041, -3.000000000000000000 ) ) ;
#7757 = STYLED_ITEM ( 'NONE', ( #5479 ), #9932 ) ;
#7758 = EDGE_CURVE ( 'NONE', #2828, #3790, #67, .T. ) ;
#7759 = LINE ( 'NONE', #197, #10105 ) ;
#7760 = EDGE_LOOP ( 'NONE', ( #10605, #7384, #5772, #600 ) ) ;
#7761 = ORIENTED_EDGE ( 'NONE', *, *, #3429, .T. ) ;
#7762 = ORIENTED_EDGE ( 'NONE', *, *, #6370, .F. ) ;
#7763 = PLANE ( 'NONE',  #703 ) ;
#7764 = ORIENTED_EDGE ( 'NONE', *, *, #10490, .F. ) ;
#7765 = CARTESIAN_POINT ( 'NONE',  ( 5.466746736612068780, 0.01056431302106877052, -0.000000000000000000 ) ) ;
#7766 = ORIENTED_EDGE ( 'NONE', *, *, #883, .F. ) ;
#7767 = ORIENTED_EDGE ( 'NONE', *, *, #8164, .T. ) ;
#7768 = LINE ( 'NONE', #1089, #3295 ) ;
#7769 = CARTESIAN_POINT ( 'NONE',  ( 5.245905874217157816, 0.1331299304514395876, 0.000000000000000000 ) ) ;
#7770 = CARTESIAN_POINT ( 'NONE',  ( -0.3200000000000017830, -7.049999999999999822, 1.550000000000000044 ) ) ;
#7771 = VERTEX_POINT ( 'NONE', #5163 ) ;
#7772 = CARTESIAN_POINT ( 'NONE',  ( 5.426427600031455967, -0.002595901721861458046, -0.000000000000000000 ) ) ;
#7773 = CARTESIAN_POINT ( 'NONE',  ( 5.147611908884556442, -0.8630413277711953546, 0.000000000000000000 ) ) ;
#7774 = VERTEX_POINT ( 'NONE', #130 ) ;
#7775 = DIRECTION ( 'NONE',  ( 0.000000000000000000, -0.000000000000000000, -1.000000000000000000 ) ) ;
#7776 = VERTEX_POINT ( 'NONE', #8506 ) ;
#7777 = CARTESIAN_POINT ( 'NONE',  ( 5.079999999999999183, -0.4910256410256409465, 0.1000000000000000056 ) ) ;
#7778 = SHAPE_DEFINITION_REPRESENTATION ( #9438, #3628 ) ;
#7779 = FILL_AREA_STYLE_COLOUR ( '', #3313 ) ;
#7780 = EDGE_CURVE ( 'NONE', #560, #9738, #9111, .T. ) ;
#7781 = DIRECTION ( 'NONE',  ( 0.000000000000000000, 1.000000000000000000, 0.000000000000000000 ) ) ;
#7782 = LINE ( 'NONE', #4528, #4514 ) ;
#7783 = DIRECTION ( 'NONE',  ( 0.000000000000000000, 0.000000000000000000, -1.000000000000000000 ) ) ;
#7784 = FILL_AREA_STYLE_COLOUR ( '', #10499 ) ;
#7785 = EDGE_LOOP ( 'NONE', ( #1432, #2811, #7809, #5879, #3512, #3713, #4707, #4453, #7092, #5457, #8567 ) ) ;
#7786 = CARTESIAN_POINT ( 'NONE',  ( 5.302825191801403548, -0.9255870578311978791, -0.000000000000000000 ) ) ;
#7787 = ORIENTED_EDGE ( 'NONE', *, *, #1985, .T. ) ;
#7788 = CARTESIAN_POINT ( 'NONE',  ( 5.069832738359781210, -0.7599244540044642893, 0.1000000000000000056 ) ) ;
#7789 = CARTESIAN_POINT ( 'NONE',  ( -5.400000000000002132, 4.809999999999998721, 3.450000000000000622 ) ) ;
#7790 = CARTESIAN_POINT ( 'NONE',  ( 5.122555713652911180, -0.8183661068887243539, 0.1000000000000000056 ) ) ;
#7791 = PLANE ( 'NONE',  #7174 ) ;
#7792 = B_SPLINE_SURFACE_WITH_KNOTS ( 'NONE', 3, 1, ( 
 ( #6509, #3880 ),
 ( #1601, #10579 ),
 ( #7445, #3217 ),
 ( #9792, #7396 ),
 ( #2218, #568 ),
 ( #4035, #8981 ),
 ( #1443, #10784 ),
 ( #3057, #5585 ),
 ( #4090, #6564 ),
 ( #9898, #10739 ),
 ( #8915, #5743 ),
 ( #9079, #6614 ),
 ( #8115, #2438 ),
 ( #9853, #3932 ),
 ( #7285, #9136 ),
 ( #8161, #617 ),
 ( #3979, #7331 ),
 ( #10682, #2332 ),
 ( #3481, #4246 ) ),
 .UNSPECIFIED., .F., .F., .F.,
 ( 4, 1, 1, 1, 1, 1, 1, 1, 1, 1, 1, 1, 1, 1, 1, 1, 4 ),
 ( 2, 2 ),
 ( 0.000000000000000000, 0.06168195913486676507, 0.1230684651700877930, 0.1834979677640517781, 0.2437570097047745132, 0.3040702812891357687, 0.3646618695216476413, 0.4257527988123532281, 0.4872055163741737527, 0.5490424101336603968, 0.6111161192386618257, 0.6735088700779927606, 0.7369497368315519603, 0.8007078067620292394, 0.8659958233672560013, 0.9320922482984637103, 1.000000000000000000 ),
 ( 0.000000000000000000, 1.000000000000000000 ),
 .UNSPECIFIED. ) ;
#7793 = EDGE_CURVE ( 'NONE', #7515, #2682, #6809, .T. ) ;
#7794 = ORIENTED_EDGE ( 'NONE', *, *, #4378, .T. ) ;
#7795 = CARTESIAN_POINT ( 'NONE',  ( 5.433923644607282277, -0.5968914673027412299, 0.000000000000000000 ) ) ;
#7796 = ORIENTED_EDGE ( 'NONE', *, *, #2941, .T. ) ;
#7797 = CARTESIAN_POINT ( 'NONE',  ( -2.860000000000001652, -7.049999999999999822, 4.090000000000000746 ) ) ;
#7798 = LINE ( 'NONE', #2862, #4911 ) ;
#7799 = LINE ( 'NONE', #1246, #1934 ) ;
#7800 = VERTEX_POINT ( 'NONE', #3516 ) ;
#7801 = DIRECTION ( 'NONE',  ( 0.000000000000000000, 0.000000000000000000, -1.000000000000000000 ) ) ;
#7802 = DIRECTION ( 'NONE',  ( 0.000000000000000000, 1.000000000000000000, 6.938893903907229610E-17 ) ) ;
#7803 = DIRECTION ( 'NONE',  ( 0.000000000000000000, 1.000000000000000000, -0.000000000000000000 ) ) ;
#7804 = EDGE_CURVE ( 'NONE', #10837, #9706, #1677, .T. ) ;
#7805 = DIRECTION ( 'NONE',  ( 0.000000000000000000, -0.7071067811865467956, 0.7071067811865483499 ) ) ;
#7806 = EDGE_CURVE ( 'NONE', #712, #2583, #7471, .T. ) ;
#7807 = DIRECTION ( 'NONE',  ( -0.000000000000000000, -0.000000000000000000, -1.000000000000000000 ) ) ;
#7808 = VERTEX_POINT ( 'NONE', #9163 ) ;
#7809 = ORIENTED_EDGE ( 'NONE', *, *, #7877, .F. ) ;
#7810 = CARTESIAN_POINT ( 'NONE',  ( 2.219999999999997975, 5.649999999999999467, -2.799999999999999822 ) ) ;
#7811 = VERTEX_POINT ( 'NONE', #6868 ) ;
#7812 = EDGE_CURVE ( 'NONE', #6876, #1006, #855, .T. ) ;
#7813 = DIRECTION ( 'NONE',  ( 1.000000000000000000, -0.000000000000000000, -0.000000000000000000 ) ) ;
#7814 = ORIENTED_EDGE ( 'NONE', *, *, #1370, .F. ) ;
#7815 = FACE_OUTER_BOUND ( 'NONE', #3071, .T. ) ;
#7816 = ORIENTED_EDGE ( 'NONE', *, *, #2180, .T. ) ;
#7817 = ORIENTED_EDGE ( 'NONE', *, *, #5278, .T. ) ;
#7818 = LINE ( 'NONE', #4462, #4165 ) ;
#7819 = ADVANCED_FACE ( 'NONE', ( #3292 ), #6710, .F. ) ;
#7820 = LINE ( 'NONE', #5519, #1387 ) ;
#7821 = ORIENTED_EDGE ( 'NONE', *, *, #10281, .F. ) ;
#7822 = DIRECTION ( 'NONE',  ( 0.000000000000000000, -1.296504840042456870E-16, -1.000000000000000000 ) ) ;
#7823 = LINE ( 'NONE', #10283, #5451 ) ;
#7824 = ORIENTED_EDGE ( 'NONE', *, *, #815, .T. ) ;
#7825 =( LENGTH_UNIT ( ) NAMED_UNIT ( * ) SI_UNIT ( .MILLI., .METRE. ) );
#7826 = EDGE_LOOP ( 'NONE', ( #6062, #10570, #6568 ) ) ;
#7827 = FILL_AREA_STYLE_COLOUR ( '', #717 ) ;
#7828 = UNCERTAINTY_MEASURE_WITH_UNIT (LENGTH_MEASURE( 1.000000000000000082E-05 ), #9216, 'distance_accuracy_value', 'NONE');
#7829 = EDGE_CURVE ( 'NONE', #2685, #8324, #9987, .T. ) ;
#7830 = CARTESIAN_POINT ( 'NONE',  ( -0.3200000000000017830, 2.909999999999998366, 1.550000000000000933 ) ) ;
#7831 = CARTESIAN_POINT ( 'NONE',  ( -4.760000000000002451, -1.250000000000001998, 4.090000000000000746 ) ) ;
#7832 = LINE ( 'NONE', #3496, #7042 ) ;
#7833 = CARTESIAN_POINT ( 'NONE',  ( 2.219999999999997975, 2.909999999999998366, 1.550000000000000933 ) ) ;
#7834 = CARTESIAN_POINT ( 'NONE',  ( -6.350000000000002309, -1.249999999999999778, 0.000000000000000000 ) ) ;
#7835 = SURFACE_STYLE_FILL_AREA ( #1882 ) ;
#7836 = ADVANCED_FACE ( 'NONE', ( #8457 ), #2473, .F. ) ;
#7837 = ADVANCED_FACE ( 'NONE', ( #3360 ), #5047, .F. ) ;
#7838 = VERTEX_POINT ( 'NONE', #7967 ) ;
#7839 = FILL_AREA_STYLE_COLOUR ( '', #5814 ) ;
#7840 = ORIENTED_EDGE ( 'NONE', *, *, #7118, .T. ) ;
#7841 = CARTESIAN_POINT ( 'NONE',  ( -3.112295081967221488, 0.6499999999999999112, 8.285245901639342492 ) ) ;
#7842 = DIRECTION ( 'NONE',  ( 0.000000000000000000, -0.7071067811865467956, 0.7071067811865483499 ) ) ;
#7843 = CARTESIAN_POINT ( 'NONE',  ( 5.273687339919865380, -0.9267785308939969768, 0.1000000000000000056 ) ) ;
#7844 = DIRECTION ( 'NONE',  ( 1.000000000000000000, -0.000000000000000000, -0.000000000000000000 ) ) ;
#7845 = ORIENTED_EDGE ( 'NONE', *, *, #4593, .T. ) ;
#7846 = VECTOR ( 'NONE', #6410, 1000.000000000000114 ) ;
#7847 = FACE_BOUND ( 'NONE', #7672, .T. ) ;
#7848 = CARTESIAN_POINT ( 'NONE',  ( -6.350000000000002309, 1.250000000000000222, 0.000000000000000000 ) ) ;
#7849 = SURFACE_STYLE_FILL_AREA ( #4491 ) ;
#7850 = VECTOR ( 'NONE', #9659, 1000.000000000000000 ) ;
#7851 = SURFACE_SIDE_STYLE ('',( #4492 ) ) ;
#7852 = CARTESIAN_POINT ( 'NONE',  ( 5.417372897826319367, -0.6417918459052548430, 0.1000000000000000056 ) ) ;
#7853 = VERTEX_POINT ( 'NONE', #1123 ) ;
#7854 = CARTESIAN_POINT ( 'NONE',  ( 2.219999999999997975, 5.450000000000000178, -3.000000000000000000 ) ) ;
#7855 = VECTOR ( 'NONE', #5361, 1000.000000000000000 ) ;
#7856 = PLANE ( 'NONE',  #4166 ) ;
#7857 = FACE_OUTER_BOUND ( 'NONE', #9409, .T. ) ;
#7858 = DIRECTION ( 'NONE',  ( 7.529181753371555009E-17, -1.000000000000000000, -9.035018104045871927E-17 ) ) ;
#7859 = CARTESIAN_POINT ( 'NONE',  ( -5.400000000000002132, -7.049999999999999822, 1.550000000000000044 ) ) ;
#7860 = ORIENTED_EDGE ( 'NONE', *, *, #7972, .T. ) ;
#7861 = ORIENTED_EDGE ( 'NONE', *, *, #5616, .F. ) ;
#7862 = DIRECTION ( 'NONE',  ( 0.000000000000000000, -0.7071067811865467956, 0.7071067811865483499 ) ) ;
#7863 = VECTOR ( 'NONE', #3753, 1000.000000000000000 ) ;
#7864 = PRESENTATION_LAYER_ASSIGNMENT (  '', '', ( #2242 ) ) ;
#7865 = ORIENTED_EDGE ( 'NONE', *, *, #7812, .F. ) ;
#7866 = ORIENTED_EDGE ( 'NONE', *, *, #4233, .T. ) ;
#7867 = LINE ( 'NONE', #7098, #6334 ) ;
#7868 = ORIENTED_EDGE ( 'NONE', *, *, #3308, .T. ) ;
#7869 = ADVANCED_FACE ( 'NONE', ( #2688 ), #5276, .F. ) ;
#7870 = FACE_OUTER_BOUND ( 'NONE', #5425, .T. ) ;
#7871 = VECTOR ( 'NONE', #1812, 1000.000000000000000 ) ;
#7872 = AXIS2_PLACEMENT_3D ( 'NONE', #9250, #118, #4370 ) ;
#7873 = EDGE_CURVE ( 'NONE', #6794, #1481, #1744, .T. ) ;
#7874 = VECTOR ( 'NONE', #2172, 1000.000000000000000 ) ;
#7875 = DIRECTION ( 'NONE',  ( 0.000000000000000000, -1.000000000000000000, 0.000000000000000000 ) ) ;
#7876 = ORIENTED_EDGE ( 'NONE', *, *, #4698, .F. ) ;
#7877 = EDGE_CURVE ( 'NONE', #3091, #7268, #9640, .T. ) ;
#7878 = ORIENTED_EDGE ( 'NONE', *, *, #6935, .T. ) ;
#7879 = DIRECTION ( 'NONE',  ( -1.000000000000000000, 0.000000000000000000, 0.000000000000000000 ) ) ;
#7880 = CARTESIAN_POINT ( 'NONE',  ( -5.400000000000002132, 2.269999999999999130, 0.7099999999999985212 ) ) ;
#7881 = ORIENTED_EDGE ( 'NONE', *, *, #8476, .T. ) ;
#7882 = FILL_AREA_STYLE ('',( #1148 ) ) ;
#7883 = ORIENTED_EDGE ( 'NONE', *, *, #5787, .F. ) ;
#7884 = CARTESIAN_POINT ( 'NONE',  ( 5.080000000000000071, -0.06963141025641009230, 0.1000000000000000056 ) ) ;
#7885 = AXIS2_PLACEMENT_3D ( 'NONE', #4144, #8173, #7455 ) ;
#7886 = CARTESIAN_POINT ( 'NONE',  ( 5.110769230769230731, -0.7473557692307695177, 0.1000000000000000056 ) ) ;
#7887 = LINE ( 'NONE', #4474, #5283 ) ;
#7888 = EDGE_CURVE ( 'NONE', #3955, #4373, #6098, .T. ) ;
#7889 = COLOUR_RGB ( '',0.1490196078431372528, 0.1490196078431372528, 0.1490196078431372528 ) ;
#7890 = DIRECTION ( 'NONE',  ( 0.000000000000000000, 0.7071067811865483499, 0.7071067811865467956 ) ) ;
#7891 = CARTESIAN_POINT ( 'NONE',  ( 5.475638888881554145, -0.8323680507707161835, 0.1000000000000000056 ) ) ;
#7892 = EDGE_CURVE ( 'NONE', #5021, #6549, #4616, .T. ) ;
#7893 = SURFACE_STYLE_USAGE ( .BOTH. , #3769 ) ;
#7894 = AXIS2_PLACEMENT_3D ( 'NONE', #4192, #1937, #7775 ) ;
#7895 = CARTESIAN_POINT ( 'NONE',  ( -0.3200000000000017830, 5.650000000000000355, 3.890000000000000124 ) ) ;
#7896 = CARTESIAN_POINT ( 'NONE',  ( 6.818196721311474917, 0.6499999999999999112, 0.7901639344262325615 ) ) ;
#7897 = ORIENTED_EDGE ( 'NONE', *, *, #362, .F. ) ;
#7898 = ORIENTED_EDGE ( 'NONE', *, *, #9801, .T. ) ;
#7899 = CARTESIAN_POINT ( 'NONE',  ( 5.108986612865873411, -0.8792422178091621188, 0.1000000000000000056 ) ) ;
#7900 = LINE ( 'NONE', #10418, #8032 ) ;
#7901 = CARTESIAN_POINT ( 'NONE',  ( 5.158870461168689303, -0.8761166239369910791, 0.1000000000000000056 ) ) ;
#7902 = FACE_OUTER_BOUND ( 'NONE', #10442, .T. ) ;
#7903 = VECTOR ( 'NONE', #9854, 1000.000000000000000 ) ;
#7904 = B_SPLINE_CURVE_WITH_KNOTS ( 'NONE', 3,
 ( #10381, #3535, #1300, #8883, #4338, #9333, #2190, #4667, #4721, #6883, #5380, #3028, #2867, #8080, #8023 ),
 .UNSPECIFIED., .F., .F.,
 ( 4, 1, 1, 1, 1, 1, 1, 1, 1, 1, 1, 1, 4 ),
 ( 0.000000000000000000, 0.06315763001744928440, 0.1254637582343931246, 0.1871045428727505511, 0.2482722171931055488, 0.3092672907402120308, 0.3700815693601400835, 0.4311994313023772007, 0.4926765658671868886, 0.6161821766213938512, 0.7408667954466652272, 0.8681943967256271488, 1.000000000000000000 ),
 .UNSPECIFIED. ) ;
#7905 = VECTOR ( 'NONE', #4904, 1000.000000000000000 ) ;
#7906 = ORIENTED_EDGE ( 'NONE', *, *, #10441, .T. ) ;
#7907 = LINE ( 'NONE', #1173, #4223 ) ;
#7908 = FILL_AREA_STYLE ('',( #1175 ) ) ;
#7909 = FACE_OUTER_BOUND ( 'NONE', #1479, .T. ) ;
#7910 = DIRECTION ( 'NONE',  ( 0.000000000000000000, 0.000000000000000000, 1.000000000000000000 ) ) ;
#7911 = CIRCLE ( 'NONE', #2285, 0.1999999999999999833 ) ;
#7912 = CARTESIAN_POINT ( 'NONE',  ( 5.113547616972651255, -0.7843728580153419561, -0.000000000000000000 ) ) ;
#7913 = EDGE_LOOP ( 'NONE', ( #2457, #3944, #8904, #8848 ) ) ;
#7914 = DIRECTION ( 'NONE',  ( 0.000000000000000000, 0.7071067811865475727, 0.7071067811865475727 ) ) ;
#7915 = VECTOR ( 'NONE', #4538, 1000.000000000000000 ) ;
#7916 = MECHANICAL_DESIGN_GEOMETRIC_PRESENTATION_REPRESENTATION (  '', ( #9117 ), #6159 ) ;
#7917 = CARTESIAN_POINT ( 'NONE',  ( 5.490201260830400720, -0.7430002292695131461, 0.000000000000000000 ) ) ;
#7918 = CARTESIAN_POINT ( 'NONE',  ( 5.151257723952502587, 0.04265891480154546805, 0.1000000000000000056 ) ) ;
#7919 = CARTESIAN_POINT ( 'NONE',  ( 5.476539543308708957, -0.03784270453230158954, 0.000000000000000000 ) ) ;
#7920 = EDGE_CURVE ( 'NONE', #7853, #2334, #6260, .T. ) ;
#7921 = VECTOR ( 'NONE', #728, 1000.000000000000000 ) ;
#7922 =( GEOMETRIC_REPRESENTATION_CONTEXT ( 3 ) GLOBAL_UNCERTAINTY_ASSIGNED_CONTEXT ( ( #10457 ) ) GLOBAL_UNIT_ASSIGNED_CONTEXT ( ( #7943, #10349, #6238 ) ) REPRESENTATION_CONTEXT ( 'NONE', 'WORKASPACE' ) );
#7923 = ORIENTED_EDGE ( 'NONE', *, *, #4361, .T. ) ;
#7924 = ORIENTED_EDGE ( 'NONE', *, *, #2363, .T. ) ;
#7925 = AXIS2_PLACEMENT_3D ( 'NONE', #9894, #7488, #10830 ) ;
#7926 = VECTOR ( 'NONE', #9238, 1000.000000000000000 ) ;
#7927 = ORIENTED_EDGE ( 'NONE', *, *, #934, .T. ) ;
#7928 = DIRECTION ( 'NONE',  ( 0.000000000000000000, 6.938893903907229610E-17, -1.000000000000000000 ) ) ;
#7929 = VERTEX_POINT ( 'NONE', #2072 ) ;
#7930 = CARTESIAN_POINT ( 'NONE',  ( 5.430656316591943700, -0.01713746807171024830, 0.000000000000000000 ) ) ;
#7931 = DIRECTION ( 'NONE',  ( 0.000000000000000000, -0.7071067811865467956, 0.7071067811865483499 ) ) ;
#7932 = FILL_AREA_STYLE ('',( #6339 ) ) ;
#7933 = ORIENTED_EDGE ( 'NONE', *, *, #6552, .T. ) ;
#7934 = EDGE_CURVE ( 'NONE', #3474, #9434, #7911, .T. ) ;
#7935 = ORIENTED_EDGE ( 'NONE', *, *, #10852, .F. ) ;
#7936 = EDGE_LOOP ( 'NONE', ( #6266, #1688, #10597, #7840 ) ) ;
#7937 = CARTESIAN_POINT ( 'NONE',  ( -2.148032786885250012, 1.250000000000000222, 8.501639344262297726 ) ) ;
#7938 = CARTESIAN_POINT ( 'NONE',  ( 5.399999999999998579, 2.469999999999999307, -2.799999999999999822 ) ) ;
#7939 = EDGE_LOOP ( 'NONE', ( #4533, #2736, #5308, #4687 ) ) ;
#7940 = DIRECTION ( 'NONE',  ( 0.000000000000000000, 0.000000000000000000, -1.000000000000000000 ) ) ;
#7941 = ORIENTED_EDGE ( 'NONE', *, *, #3942, .T. ) ;
#7942 = CARTESIAN_POINT ( 'NONE',  ( 5.438974358974357770, -0.1576923076923075207, 0.1000000000000000056 ) ) ;
#7943 =( LENGTH_UNIT ( ) NAMED_UNIT ( * ) SI_UNIT ( .MILLI., .METRE. ) );
#7944 = CARTESIAN_POINT ( 'NONE',  ( 2.859999999999998099, 5.009999999999999787, -2.799999999999999822 ) ) ;
#7945 = EDGE_CURVE ( 'NONE', #10272, #8618, #5330, .T. ) ;
#7946 = CARTESIAN_POINT ( 'NONE',  ( 5.139664050705273546, 0.02381702226459602931, 0.1000000000000000056 ) ) ;
#7947 = CARTESIAN_POINT ( 'NONE',  ( -1.103333333333337274, 1.249999999999999778, 4.599999999999999645 ) ) ;
#7948 = FILL_AREA_STYLE ('',( #7006 ) ) ;
#7949 = LINE ( 'NONE', #9525, #9115 ) ;
#7950 = EDGE_CURVE ( 'NONE', #1547, #4244, #9369, .T. ) ;
#7951 = ORIENTED_EDGE ( 'NONE', *, *, #2490, .T. ) ;
#7952 = CARTESIAN_POINT ( 'NONE',  ( 5.392214289558546092, -0.8845403348118117126, 0.000000000000000000 ) ) ;
#7953 = VERTEX_POINT ( 'NONE', #5216 ) ;
#7954 = CARTESIAN_POINT ( 'NONE',  ( 5.102763183103170341, -0.8700758839971324266, 0.000000000000000000 ) ) ;
#7955 = CARTESIAN_POINT ( 'NONE',  ( 6.349999999999996980, 0.6499999999999999112, 3.450000000000000622 ) ) ;
#7956 = CARTESIAN_POINT ( 'NONE',  ( 5.118043894400657656, -0.6064946501128832823, -0.000000000000000000 ) ) ;
#7957 = DIRECTION ( 'NONE',  ( 1.000000000000000000, 0.000000000000000000, -0.000000000000000000 ) ) ;
#7958 = EDGE_CURVE ( 'NONE', #5560, #6880, #8619, .T. ) ;
#7959 = EDGE_LOOP ( 'NONE', ( #10817, #5782, #3669, #492, #7136, #3588 ) ) ;
#7960 = DIRECTION ( 'NONE',  ( 0.000000000000000000, 0.000000000000000000, -1.000000000000000000 ) ) ;
#7961 = DIRECTION ( 'NONE',  ( 0.000000000000000000, -0.000000000000000000, 1.000000000000000000 ) ) ;
#7962 = SURFACE_SIDE_STYLE ('',( #351 ) ) ;
#7963 = SURFACE_STYLE_USAGE ( .BOTH. , #3679 ) ;
#7964 = CARTESIAN_POINT ( 'NONE',  ( 5.121025641025640063, -1.162820512820512464, 0.1000000000000000056 ) ) ;
#7965 = DIRECTION ( 'NONE',  ( 1.000000000000000000, 0.000000000000000000, -0.000000000000000000 ) ) ;
#7966 = ORIENTED_EDGE ( 'NONE', *, *, #6805, .F. ) ;
#7967 = CARTESIAN_POINT ( 'NONE',  ( 5.406602564102563235, -0.5730769230769233724, -0.000000000000000000 ) ) ;
#7968 = DIRECTION ( 'NONE',  ( -1.000000000000000000, 0.000000000000000000, 0.000000000000000000 ) ) ;
#7969 = CARTESIAN_POINT ( 'NONE',  ( 6.349999999999996980, 0.6499999999999999112, 1.550000000000000711 ) ) ;
#7970 = DIRECTION ( 'NONE',  ( 0.000000000000000000, -0.7071067811865467956, 0.7071067811865483499 ) ) ;
#7971 = FACE_OUTER_BOUND ( 'NONE', #772, .T. ) ;
#7972 = EDGE_CURVE ( 'NONE', #6055, #9753, #8556, .T. ) ;
#7973 = LINE ( 'NONE', #2243, #6440 ) ;
#7974 = ORIENTED_EDGE ( 'NONE', *, *, #46, .T. ) ;
#7975 = ORIENTED_EDGE ( 'NONE', *, *, #9737, .F. ) ;
#7976 = CARTESIAN_POINT ( 'NONE',  ( 5.119778358683324981, -0.6871762046726451745, 0.000000000000000000 ) ) ;
#7977 = VERTEX_POINT ( 'NONE', #8667 ) ;
#7978 = PLANE ( 'NONE',  #9654 ) ;
#7979 = ORIENTED_EDGE ( 'NONE', *, *, #7329, .F. ) ;
#7980 = CARTESIAN_POINT ( 'NONE',  ( 5.438953675051445558, -0.1226758223654682706, -0.000000000000000000 ) ) ;
#7981 = EDGE_CURVE ( 'NONE', #6605, #9246, #9425, .T. ) ;
#7982 = PLANE ( 'NONE',  #1701 ) ;
#7983 = CARTESIAN_POINT ( 'NONE',  ( 5.080144587105865028, -0.05225477560491612050, 0.000000000000000000 ) ) ;
#7984 = CARTESIAN_POINT ( 'NONE',  ( -5.400000000000002132, -7.049999999999999822, 3.450000000000000622 ) ) ;
#7985 = ORIENTED_EDGE ( 'NONE', *, *, #1037, .T. ) ;
#7986 = VERTEX_POINT ( 'NONE', #3624 ) ;
#7987 = ORIENTED_EDGE ( 'NONE', *, *, #1840, .T. ) ;
#7988 = DIRECTION ( 'NONE',  ( 0.000000000000000000, -1.000000000000000000, 0.000000000000000000 ) ) ;
#7989 = LINE ( 'NONE', #7938, #2277 ) ;
#7990 = ORIENTED_EDGE ( 'NONE', *, *, #5865, .F. ) ;
#7991 = LINE ( 'NONE', #6183, #6483 ) ;
#7992 = VERTEX_POINT ( 'NONE', #10315 ) ;
#7993 = DIRECTION ( 'NONE',  ( 0.000000000000000000, 0.000000000000000000, 1.000000000000000000 ) ) ;
#7994 = PLANE ( 'NONE',  #2954 ) ;
#7995 = DIRECTION ( 'NONE',  ( 1.000000000000000000, 0.000000000000000000, 0.000000000000000000 ) ) ;
#7996 = CARTESIAN_POINT ( 'NONE',  ( 5.438974358974357770, -0.1576923076923075207, 0.1000000000000000056 ) ) ;
#7997 = LINE ( 'NONE', #10523, #4932 ) ;
#7998 = DIRECTION ( 'NONE',  ( 0.000000000000000000, 0.7071067811865475727, 0.7071067811865475727 ) ) ;
#7999 = LINE ( 'NONE', #1105, #3856 ) ;
#8000 = CARTESIAN_POINT ( 'NONE',  ( 5.132487815207984028, 0.006215344323372387278, -0.000000000000000000 ) ) ;
#8001 = EDGE_CURVE ( 'NONE', #1493, #10314, #2865, .T. ) ;
#8002 = DIRECTION ( 'NONE',  ( 0.000000000000000000, 1.000000000000000000, 6.938893903907229610E-17 ) ) ;
#8003 = ORIENTED_EDGE ( 'NONE', *, *, #1284, .F. ) ;
#8004 = CARTESIAN_POINT ( 'NONE',  ( 5.283528764232045205, -0.9268769621782948498, -0.000000000000000000 ) ) ;
#8005 = DIRECTION ( 'NONE',  ( 0.000000000000000000, 0.7071067811865475727, 0.7071067811865475727 ) ) ;
#8006 = FACE_OUTER_BOUND ( 'NONE', #6820, .T. ) ;
#8007 = LINE ( 'NONE', #9638, #10354 ) ;
#8008 = ADVANCED_FACE ( 'NONE', ( #1967 ), #9542, .F. ) ;
#8009 = DIRECTION ( 'NONE',  ( 0.000000000000000000, 0.000000000000000000, 1.000000000000000000 ) ) ;
#8010 = ADVANCED_FACE ( 'NONE', ( #6212 ), #5379, .F. ) ;
#8011 = ADVANCED_FACE ( 'NONE', ( #2442 ), #1352, .F. ) ;
#8012 = ORIENTED_EDGE ( 'NONE', *, *, #4046, .T. ) ;
#8013 = DIRECTION ( 'NONE',  ( -0.000000000000000000, -0.000000000000000000, -1.000000000000000000 ) ) ;
#8014 = LINE ( 'NONE', #10540, #2944 ) ;
#8015 = DIRECTION ( 'NONE',  ( 0.6401843996644794865, 0.000000000000000000, -0.7682212795973760722 ) ) ;
#8016 = CARTESIAN_POINT ( 'NONE',  ( 2.859999999999998099, 5.649999999999999467, -2.799999999999999822 ) ) ;
#8017 = DIRECTION ( 'NONE',  ( 0.000000000000000000, 0.000000000000000000, 1.000000000000000000 ) ) ;
#8018 = EDGE_CURVE ( 'NONE', #1697, #8306, #822, .T. ) ;
#8019 = FACE_OUTER_BOUND ( 'NONE', #702, .T. ) ;
#8020 = CARTESIAN_POINT ( 'NONE',  ( 2.219999999999997975, 4.809999999999999609, 3.250000000000000888 ) ) ;
#8021 = EDGE_LOOP ( 'NONE', ( #10205, #2043, #3231, #1367 ) ) ;
#8022 = CARTESIAN_POINT ( 'NONE',  ( -3.810000000000000941, -1.249999999999999778, 0.6000000000000001998 ) ) ;
#8023 = CARTESIAN_POINT ( 'NONE',  ( 5.449230769230768878, -0.7498397435897438124, 0.000000000000000000 ) ) ;
#8024 = LINE ( 'NONE', #411, #5236 ) ;
#8025 = COLOUR_RGB ( '',0.1490196078431372528, 0.1490196078431372528, 0.1490196078431372528 ) ;
#8026 = EDGE_LOOP ( 'NONE', ( #1172, #9030, #4799, #7315 ) ) ;
#8027 = ORIENTED_EDGE ( 'NONE', *, *, #9311, .T. ) ;
#8028 = CARTESIAN_POINT ( 'NONE',  ( 5.177435897435896273, -0.6044871794871796711, 0.000000000000000000 ) ) ;
#8029 = EDGE_CURVE ( 'NONE', #9934, #2920, #2385, .T. ) ;
#8030 = EDGE_LOOP ( 'NONE', ( #4633, #3611, #2420, #4175 ) ) ;
#8031 = ORIENTED_EDGE ( 'NONE', *, *, #8525, .F. ) ;
#8032 = VECTOR ( 'NONE', #6248, 1000.000000000000000 ) ;
#8033 = CARTESIAN_POINT ( 'NONE',  ( 5.121025641025640063, -0.4551282051282050101, 0.1000000000000000056 ) ) ;
#8034 = EDGE_CURVE ( 'NONE', #2372, #2725, #4719, .T. ) ;
#8035 = VECTOR ( 'NONE', #3238, 1000.000000000000000 ) ;
#8036 = DIRECTION ( 'NONE',  ( 1.000000000000000000, 0.000000000000000000, -0.000000000000000000 ) ) ;
#8037 = CARTESIAN_POINT ( 'NONE',  ( 5.069743589743588963, -0.7471153846153848477, 0.1000000000000000056 ) ) ;
#8038 = AXIS2_PLACEMENT_3D ( 'NONE', #7326, #6501, #10456 ) ;
#8039 = LINE ( 'NONE', #7100, #5322 ) ;
#8040 = ORIENTED_EDGE ( 'NONE', *, *, #10894, .T. ) ;
#8041 = EDGE_LOOP ( 'NONE', ( #9698, #9212, #8074, #5839 ) ) ;
#8042 = ORIENTED_EDGE ( 'NONE', *, *, #469, .T. ) ;
#8043 = CARTESIAN_POINT ( 'NONE',  ( 3.809999999999998277, -1.249999999999999778, 0.5999999999999998668 ) ) ;
#8044 = DIRECTION ( 'NONE',  ( -0.000000000000000000, -0.000000000000000000, -1.000000000000000000 ) ) ;
#8045 = ORIENTED_EDGE ( 'NONE', *, *, #1742, .T. ) ;
#8046 = ORIENTED_EDGE ( 'NONE', *, *, #5422, .F. ) ;
#8047 = SURFACE_STYLE_FILL_AREA ( #6500 ) ;
#8048 = VECTOR ( 'NONE', #10734, 1000.000000000000114 ) ;
#8049 = AXIS2_PLACEMENT_3D ( 'NONE', #536, #5557, #2075 ) ;
#8050 = DIRECTION ( 'NONE',  ( 0.000000000000000000, 0.000000000000000000, 1.000000000000000000 ) ) ;
#8051 = LINE ( 'NONE', #7944, #10856 ) ;
#8052 = VECTOR ( 'NONE', #6949, 1000.000000000000000 ) ;
#8053 = EDGE_CURVE ( 'NONE', #10572, #10672, #9082, .T. ) ;
#8054 = CARTESIAN_POINT ( 'NONE',  ( 5.399999999999998579, -7.249999999999999112, 1.349999999999999867 ) ) ;
#8055 = AXIS2_PLACEMENT_3D ( 'NONE', #5194, #7617, #6736 ) ;
#8056 = CARTESIAN_POINT ( 'NONE',  ( 5.177435897435896273, -0.6044871794871796711, -0.000000000000000000 ) ) ;
#8057 = VECTOR ( 'NONE', #6044, 1000.000000000000000 ) ;
#8058 = CARTESIAN_POINT ( 'NONE',  ( 5.224993660245121241, 0.09246725636954969407, 0.000000000000000000 ) ) ;
#8059 = VERTEX_POINT ( 'NONE', #8077 ) ;
#8060 = CARTESIAN_POINT ( 'NONE',  ( 5.153637820512820156, -0.5730769230769233724, -0.000000000000000000 ) ) ;
#8061 = CARTESIAN_POINT ( 'NONE',  ( -0.3200000000000017830, -1.249999999999999334, 3.450000000000000622 ) ) ;
#8062 = DIRECTION ( 'NONE',  ( 0.000000000000000000, 0.000000000000000000, 1.000000000000000000 ) ) ;
#8063 = CARTESIAN_POINT ( 'NONE',  ( 5.479999999999999538, -1.198717948717948678, 0.1000000000000000056 ) ) ;
#8064 = VECTOR ( 'NONE', #1325, 1000.000000000000000 ) ;
#8065 =( GEOMETRIC_REPRESENTATION_CONTEXT ( 3 ) GLOBAL_UNCERTAINTY_ASSIGNED_CONTEXT ( ( #6734 ) ) GLOBAL_UNIT_ASSIGNED_CONTEXT ( ( #389, #7067, #1158 ) ) REPRESENTATION_CONTEXT ( 'NONE', 'WORKASPACE' ) );
#8066 = ORIENTED_EDGE ( 'NONE', *, *, #982, .F. ) ;
#8067 = VECTOR ( 'NONE', #3706, 1000.000000000000000 ) ;
#8068 = CARTESIAN_POINT ( 'NONE',  ( 5.477553157045072396, -0.04874543092416549345, 0.1000000000000000056 ) ) ;
#8069 = LINE ( 'NONE', #2859, #1719 ) ;
#8070 = FACE_OUTER_BOUND ( 'NONE', #4958, .T. ) ;
#8071 = EDGE_CURVE ( 'NONE', #1991, #1447, #773, .T. ) ;
#8072 = DIRECTION ( 'NONE',  ( 0.000000000000000000, -0.000000000000000000, -1.000000000000000000 ) ) ;
#8073 =( NAMED_UNIT ( * ) SI_UNIT ( $, .STERADIAN. ) SOLID_ANGLE_UNIT ( ) );
#8074 = ORIENTED_EDGE ( 'NONE', *, *, #3841, .F. ) ;
#8075 = DIRECTION ( 'NONE',  ( 1.000000000000000000, -0.000000000000000000, -0.000000000000000000 ) ) ;
#8076 = ORIENTED_EDGE ( 'NONE', *, *, #3610, .T. ) ;
#8077 = CARTESIAN_POINT ( 'NONE',  ( 5.399999999999997691, -1.249999999999999778, 3.450000000000000622 ) ) ;
#8078 = VECTOR ( 'NONE', #9866, 1000.000000000000000 ) ;
#8079 = AXIS2_PLACEMENT_3D ( 'NONE', #8693, #6351, #4638 ) ;
#8080 = CARTESIAN_POINT ( 'NONE',  ( 5.449046098887470713, -0.7425622445768820246, -0.000000000000000000 ) ) ;
#8081 = DIRECTION ( 'NONE',  ( 1.000000000000000000, -0.000000000000000000, -0.000000000000000000 ) ) ;
#8082 = VECTOR ( 'NONE', #3772, 1000.000000000000000 ) ;
#8083 = EDGE_CURVE ( 'NONE', #2220, #4232, #3326, .T. ) ;
#8084 = CARTESIAN_POINT ( 'NONE',  ( 5.449230769230768878, -0.7498397435897438124, 0.1000000000000000056 ) ) ;
#8085 = VERTEX_POINT ( 'NONE', #6681 ) ;
#8086 = VECTOR ( 'NONE', #4579, 1000.000000000000000 ) ;
#8087 = VERTEX_POINT ( 'NONE', #10021 ) ;
#8088 = CARTESIAN_POINT ( 'NONE',  ( 6.349999999999996980, 1.249999999999999778, 0.4000000000000001887 ) ) ;
#8089 = AXIS2_PLACEMENT_3D ( 'NONE', #7522, #951, #8504 ) ;
#8090 = CYLINDRICAL_SURFACE ( 'NONE', #9827, 0.2000000000000000944 ) ;
#8091 = ORIENTED_EDGE ( 'NONE', *, *, #10533, .T. ) ;
#8092 = EDGE_CURVE ( 'NONE', #1574, #3368, #1604, .T. ) ;
#8093 = CARTESIAN_POINT ( 'NONE',  ( -5.400000000000002132, -7.049999999999999822, 1.550000000000000044 ) ) ;
#8094 = DIRECTION ( 'NONE',  ( -0.000000000000000000, 0.000000000000000000, 1.000000000000000000 ) ) ;
#8095 = VECTOR ( 'NONE', #238, 1000.000000000000000 ) ;
#8097 = B_SPLINE_CURVE_WITH_KNOTS ( 'NONE', 3,
 ( #8697, #7005, #9522, #7946, #3821, #2114, #10408, #387, #9627, #10578, #3055, #10352, #6241, #3767, #2942, #3004, #7114, #5535, #9734 ),
 .UNSPECIFIED., .F., .F.,
 ( 4, 1, 1, 1, 1, 1, 1, 1, 1, 1, 1, 1, 1, 1, 1, 1, 4 ),
 ( 0.000000000000000000, 0.06241191546626041059, 0.1233331236171034684, 0.1831169538814308717, 0.2417729815817082906, 0.3005664345557872430, 0.3596651793197819247, 0.4188642935347364205, 0.4795108054598570257, 0.5404624589939853729, 0.6019127741600986958, 0.6644672098853200426, 0.7278070973767682972, 0.7924745597484345039, 0.8592493077857755734, 0.9284673632662800991, 1.000000000000000000 ),
 .UNSPECIFIED. ) ;
#8096 = COLOUR_RGB ( '',0.7529411764705882248, 0.7529411764705882248, 0.7529411764705882248 ) ;
#8098 = EDGE_CURVE ( 'NONE', #926, #2279, #1548, .T. ) ;
#8099 = VECTOR ( 'NONE', #3997, 1000.000000000000000 ) ;
#8100 = AXIS2_PLACEMENT_3D ( 'NONE', #7140, #10489, #7970 ) ;
#8101 = VECTOR ( 'NONE', #8755, 1000.000000000000000 ) ;
#8102 = ORIENTED_EDGE ( 'NONE', *, *, #5521, .F. ) ;
#8103 = ORIENTED_EDGE ( 'NONE', *, *, #3609, .F. ) ;
#8104 = ORIENTED_EDGE ( 'NONE', *, *, #3521, .T. ) ;
#8105 = DIRECTION ( 'NONE',  ( 0.000000000000000000, -1.000000000000000000, 1.628629872832303439E-16 ) ) ;
#8106 = CARTESIAN_POINT ( 'NONE',  ( 5.368571245196224417, 0.1168824356086021060, 0.1000000000000000056 ) ) ;
#8107 = VECTOR ( 'NONE', #1437, 1000.000000000000000 ) ;
#8108 = AXIS2_PLACEMENT_3D ( 'NONE', #10147, #7429, #4228 ) ;
#8109 = DIRECTION ( 'NONE',  ( -0.7682212795973755171, 0.000000000000000000, -0.6401843996644802637 ) ) ;
#8110 = EDGE_LOOP ( 'NONE', ( #3472, #8286, #5929, #7314 ) ) ;
#8111 = FACE_OUTER_BOUND ( 'NONE', #6438, .T. ) ;
#8112 =( NAMED_UNIT ( * ) SI_UNIT ( $, .STERADIAN. ) SOLID_ANGLE_UNIT ( ) );
#8113 = CARTESIAN_POINT ( 'NONE',  ( 4.759999999999998899, -7.249999999999999112, 3.890000000000000568 ) ) ;
#8114 = SURFACE_STYLE_FILL_AREA ( #10676 ) ;
#8115 = CARTESIAN_POINT ( 'NONE',  ( 5.078196792313033114, -0.6824100165126987250, 0.1000000000000000056 ) ) ;
#8116 = CARTESIAN_POINT ( 'NONE',  ( 5.490256410256409758, -0.7475961538461540767, 0.1000000000000000056 ) ) ;
#8117 = DIRECTION ( 'NONE',  ( 0.000000000000000000, 9.035018104045870694E-17, -1.000000000000000000 ) ) ;
#8118 = DIRECTION ( 'NONE',  ( 0.000000000000000000, -1.000000000000000000, 0.000000000000000000 ) ) ;
#8119 = CYLINDRICAL_SURFACE ( 'NONE', #8893, 0.2000000000000000944 ) ;
#8120 = ADVANCED_FACE ( 'NONE', ( #5856, #7137, #2964, #10485, #8272, #3268, #6567, #8832, #6315, #9652, #4093 ), #7448, .F. ) ;
#8121 = CARTESIAN_POINT ( 'NONE',  ( 5.080000000000000071, -0.06963141025641009230, 0.1000000000000000056 ) ) ;
#8122 =( NAMED_UNIT ( * ) SI_UNIT ( $, .STERADIAN. ) SOLID_ANGLE_UNIT ( ) );
#8123 = ORIENTED_EDGE ( 'NONE', *, *, #3864, .F. ) ;
#8124 = DIRECTION ( 'NONE',  ( 0.000000000000000000, -1.000000000000000000, 0.000000000000000000 ) ) ;
#8125 = CARTESIAN_POINT ( 'NONE',  ( 5.479999999999999538, -1.198717948717948678, 0.1000000000000000056 ) ) ;
#8126 = CARTESIAN_POINT ( 'NONE',  ( 2.219999999999997975, 3.109999999999999876, 1.349999999999999645 ) ) ;
#8127 = ORIENTED_EDGE ( 'NONE', *, *, #5335, .T. ) ;
#8128 = LINE ( 'NONE', #3680, #8389 ) ;
#8129 = ORIENTED_EDGE ( 'NONE', *, *, #794, .T. ) ;
#8130 = LINE ( 'NONE', #8937, #2654 ) ;
#8131 = VERTEX_POINT ( 'NONE', #10114 ) ;
#8132 = LINE ( 'NONE', #8999, #5277 ) ;
#8133 = DIRECTION ( 'NONE',  ( 1.000000000000000000, -0.000000000000000000, -0.000000000000000000 ) ) ;
#8134 = EDGE_CURVE ( 'NONE', #10656, #9067, #213, .T. ) ;
#8135 = LINE ( 'NONE', #5769, #6963 ) ;
#8136 = DIRECTION ( 'NONE',  ( 0.000000000000000000, 0.7071067811865467956, 0.7071067811865483499 ) ) ;
#8137 = CARTESIAN_POINT ( 'NONE',  ( 5.465576923076922888, 0.01410256410256429706, 0.1000000000000000056 ) ) ;
#8138 = ORIENTED_EDGE ( 'NONE', *, *, #5647, .F. ) ;
#8139 = DIRECTION ( 'NONE',  ( 0.000000000000000000, 0.000000000000000000, 1.000000000000000000 ) ) ;
#8140 = EDGE_CURVE ( 'NONE', #3998, #8193, #2715, .T. ) ;
#8141 = FACE_OUTER_BOUND ( 'NONE', #3204, .T. ) ;
#8142 = DIRECTION ( 'NONE',  ( -0.6038968352533733430, 0.7970624896273565962, 0.000000000000000000 ) ) ;
#8143 = EDGE_CURVE ( 'NONE', #5525, #4424, #3547, .T. ) ;
#8144 = ADVANCED_FACE ( 'NONE', ( #5187 ), #1044, .T. ) ;
#8145 = SURFACE_STYLE_USAGE ( .BOTH. , #4741 ) ;
#8146 = EDGE_CURVE ( 'NONE', #1453, #2682, #884, .T. ) ;
#8147 = VERTEX_POINT ( 'NONE', #163 ) ;
#8148 = ORIENTED_EDGE ( 'NONE', *, *, #2759, .T. ) ;
#8149 = DIRECTION ( 'NONE',  ( 0.000000000000000000, -0.000000000000000000, -1.000000000000000000 ) ) ;
#8150 = CARTESIAN_POINT ( 'NONE',  ( 5.280644849749342562, 0.1345339667046000498, 0.000000000000000000 ) ) ;
#8151 = ORIENTED_EDGE ( 'NONE', *, *, #4245, .T. ) ;
#8152 = EDGE_CURVE ( 'NONE', #3091, #10049, #9393, .T. ) ;
#8153 = LINE ( 'NONE', #8201, #1555 ) ;
#8154 = VERTEX_POINT ( 'NONE', #2543 ) ;
#8155 = DIRECTION ( 'NONE',  ( 0.000000000000000000, -0.7071067811865467956, 0.7071067811865483499 ) ) ;
#8156 = DIRECTION ( 'NONE',  ( 1.000000000000000000, -0.000000000000000000, -0.000000000000000000 ) ) ;
#8157 = CARTESIAN_POINT ( 'NONE',  ( 5.327808874808514616, 0.09191781193000564398, 0.1000000000000000056 ) ) ;
#8158 = PLANE ( 'NONE',  #5475 ) ;
#8159 = DIRECTION ( 'NONE',  ( 1.000000000000000000, 0.000000000000000000, 0.000000000000000000 ) ) ;
#8160 =( LENGTH_UNIT ( ) NAMED_UNIT ( * ) SI_UNIT ( .MILLI., .METRE. ) );
#8161 = CARTESIAN_POINT ( 'NONE',  ( 5.070973023053856110, -0.7203108070881438785, 0.1000000000000000056 ) ) ;
#8162 = CARTESIAN_POINT ( 'NONE',  ( 5.479999999999999538, -0.4910256410256409465, -0.000000000000000000 ) ) ;
#8163 = ORIENTED_EDGE ( 'NONE', *, *, #2659, .T. ) ;
#8164 = EDGE_CURVE ( 'NONE', #9472, #9381, #6941, .T. ) ;
#8165 = ORIENTED_EDGE ( 'NONE', *, *, #6219, .F. ) ;
#8166 = DIRECTION ( 'NONE',  ( 0.000000000000000000, -1.000000000000000000, 0.000000000000000000 ) ) ;
#8167 = CARTESIAN_POINT ( 'NONE',  ( 2.859999999999998099, 5.650000000000000355, 3.890000000000000124 ) ) ;
#8168 = CARTESIAN_POINT ( 'NONE',  ( 5.249230769230768701, 0.4483173076923080425, 0.1000000000000000056 ) ) ;
#8169 = CARTESIAN_POINT ( 'NONE',  ( 5.158193173646682617, 0.1029058011814451834, 0.1000000000000000056 ) ) ;
#8170 = ORIENTED_EDGE ( 'NONE', *, *, #3578, .T. ) ;
#8171 = CARTESIAN_POINT ( 'NONE',  ( 5.463813963044967359, 0.01873095111170128280, -0.000000000000000000 ) ) ;
#8172 = CARTESIAN_POINT ( 'NONE',  ( 5.399999999999998579, -1.250000000000000222, 1.550000000000000488 ) ) ;
#8173 = DIRECTION ( 'NONE',  ( 1.000000000000000000, 0.000000000000000000, -0.000000000000000000 ) ) ;
#8174 = EDGE_CURVE ( 'NONE', #6867, #6529, #10234, .T. ) ;
#8175 = LINE ( 'NONE', #10750, #7346 ) ;
#8176 = CARTESIAN_POINT ( 'NONE',  ( -2.860000000000001652, -7.249999999999999112, 1.110000000000000098 ) ) ;
#8177 = DIRECTION ( 'NONE',  ( 1.000000000000000000, 0.000000000000000000, 0.000000000000000000 ) ) ;
#8178 = ORIENTED_EDGE ( 'NONE', *, *, #2090, .F. ) ;
#8179 = DIRECTION ( 'NONE',  ( 0.000000000000000000, 1.000000000000000000, -0.000000000000000000 ) ) ;
#8180 = CARTESIAN_POINT ( 'NONE',  ( 5.192761696857982834, 0.07917370787204261462, 0.1000000000000000056 ) ) ;
#8181 = DIRECTION ( 'NONE',  ( 0.000000000000000000, -1.000000000000000000, 0.000000000000000000 ) ) ;
#8182 = SURFACE_STYLE_FILL_AREA ( #4834 ) ;
#8183 = EDGE_CURVE ( 'NONE', #2924, #1138, #3596, .T. ) ;
#8184 = VERTEX_POINT ( 'NONE', #9232 ) ;
#8185 = LINE ( 'NONE', #3034, #8548 ) ;
#8186 = LINE ( 'NONE', #645, #1033 ) ;
#8187 = CARTESIAN_POINT ( 'NONE',  ( 0.3199999999999982858, 2.669999999999999041, -3.000000000000000000 ) ) ;
#8188 =( NAMED_UNIT ( * ) SI_UNIT ( $, .STERADIAN. ) SOLID_ANGLE_UNIT ( ) );
#8189 = SURFACE_STYLE_USAGE ( .BOTH. , #1475 ) ;
#8190 = PRESENTATION_LAYER_ASSIGNMENT (  '', '', ( #2563 ) ) ;
#8191 =( NAMED_UNIT ( * ) SI_UNIT ( $, .STERADIAN. ) SOLID_ANGLE_UNIT ( ) );
#8192 = VERTEX_POINT ( 'NONE', #2765 ) ;
#8193 = VERTEX_POINT ( 'NONE', #7718 ) ;
#8194 = VECTOR ( 'NONE', #6758, 1000.000000000000000 ) ;
#8195 = ORIENTED_EDGE ( 'NONE', *, *, #4913, .T. ) ;
#8196 = LINE ( 'NONE', #1317, #2983 ) ;
#8197 = EDGE_CURVE ( 'NONE', #3646, #5232, #8404, .T. ) ;
#8198 = AXIS2_PLACEMENT_3D ( 'NONE', #1671, #1623, #7421 ) ;
#8199 = DIRECTION ( 'NONE',  ( -0.000000000000000000, -1.000000000000000000, -0.000000000000000000 ) ) ;
#8200 = VERTEX_POINT ( 'NONE', #6892 ) ;
#8201 = CARTESIAN_POINT ( 'NONE',  ( -0.3200000000000017830, 5.649999999999999467, -2.799999999999999822 ) ) ;
#8202 = EDGE_LOOP ( 'NONE', ( #5186, #10509, #1307, #4796 ) ) ;
#8203 = DIRECTION ( 'NONE',  ( 0.000000000000000000, -0.7071067811865467956, 0.7071067811865483499 ) ) ;
#8204 = DIRECTION ( 'NONE',  ( 1.000000000000000000, -0.000000000000000000, -0.000000000000000000 ) ) ;
#8205 = CARTESIAN_POINT ( 'NONE',  ( 5.418896770991450396, 0.01685076879516814868, 0.000000000000000000 ) ) ;
#8206 = VECTOR ( 'NONE', #10076, 1000.000000000000000 ) ;
#8207 = DIRECTION ( 'NONE',  ( 0.000000000000000000, -1.000000000000000000, 0.000000000000000000 ) ) ;
#8208 = ADVANCED_FACE ( 'NONE', ( #9455 ), #302, .T. ) ;
#8209 = LINE ( 'NONE', #7392, #1155 ) ;
#8210 = CARTESIAN_POINT ( 'NONE',  ( 0.3199999999999982858, 2.909999999999998366, 1.550000000000000933 ) ) ;
#8211 = DIRECTION ( 'NONE',  ( 0.000000000000000000, 1.000000000000000000, 0.000000000000000000 ) ) ;
#8212 = COLOUR_RGB ( '',0.1490196078431372528, 0.1490196078431372528, 0.1490196078431372528 ) ;
#8213 = CARTESIAN_POINT ( 'NONE',  ( 5.381532375670512458, -0.9391483103800338794, 0.1000000000000000056 ) ) ;
#8214 = ORIENTED_EDGE ( 'NONE', *, *, #5881, .F. ) ;
#8215 = VECTOR ( 'NONE', #1683, 1000.000000000000000 ) ;
#8216 = B_SPLINE_CURVE_WITH_KNOTS ( 'NONE', 3,
 ( #3779, #9639, #7244, #7184, #6201, #1115, #2227, #10587, #2127, #3734, #8709 ),
 .UNSPECIFIED., .F., .F.,
 ( 4, 1, 1, 1, 1, 1, 1, 1, 4 ),
 ( 0.000000000000000000, 0.1719006646132693605, 0.3306279320958807610, 0.4755488358809180083, 0.6067461903123630984, 0.7250238034674896248, 0.8297423869584564793, 0.9213228203439762787, 1.000000000000000000 ),
 .UNSPECIFIED. ) ;
#8217 = ORIENTED_EDGE ( 'NONE', *, *, #7468, .F. ) ;
#8218 = LINE ( 'NONE', #679, #4569 ) ;
#8219 = EDGE_CURVE ( 'NONE', #5635, #9838, #7164, .T. ) ;
#8220 = CARTESIAN_POINT ( 'NONE',  ( 0.3199999999999982858, 3.109999999999999876, 1.349999999999999645 ) ) ;
#8221 = FILL_AREA_STYLE ('',( #10691 ) ) ;
#8222 = VECTOR ( 'NONE', #8133, 1000.000000000000000 ) ;
#8223 = EDGE_CURVE ( 'NONE', #7400, #9634, #5526, .T. ) ;
#8224 = VECTOR ( 'NONE', #1457, 1000.000000000000000 ) ;
#8225 = CARTESIAN_POINT ( 'NONE',  ( 5.121025641025640063, -0.4551282051282050101, -0.000000000000000000 ) ) ;
#8226 = LINE ( 'NONE', #7409, #5755 ) ;
#8227 = DIRECTION ( 'NONE',  ( 1.000000000000000000, -0.000000000000000000, -0.000000000000000000 ) ) ;
#8228 = DIRECTION ( 'NONE',  ( 0.000000000000000000, 0.000000000000000000, 1.000000000000000000 ) ) ;
#8229 = CARTESIAN_POINT ( 'NONE',  ( -4.760000000000002451, 2.269999999999999130, 0.7099999999999985212 ) ) ;
#8230 = ORIENTED_EDGE ( 'NONE', *, *, #736, .F. ) ;
#8231 = CARTESIAN_POINT ( 'NONE',  ( 6.349999999999996980, 0.6499999999999999112, 0.5999999999999963141 ) ) ;
#8232 = ORIENTED_EDGE ( 'NONE', *, *, #5459, .F. ) ;
#8233 = STYLED_ITEM ( 'NONE', ( #3552 ), #4801 ) ;
#8234 = CARTESIAN_POINT ( 'NONE',  ( 5.449443222330632608, -0.6153366918290672505, 0.1000000000000000056 ) ) ;
#8235 = CARTESIAN_POINT ( 'NONE',  ( 6.349999999999996980, 0.6499999999999999112, 0.4000000000000001332 ) ) ;
#8236 = LINE ( 'NONE', #10088, #92 ) ;
#8237 = PLANE ( 'NONE',  #5213 ) ;
#8238 = FACE_OUTER_BOUND ( 'NONE', #6270, .T. ) ;
#8239 = EDGE_LOOP ( 'NONE', ( #111, #10863, #4392, #431 ) ) ;
#8240 = VECTOR ( 'NONE', #5089, 1000.000000000000000 ) ;
#8241 = VECTOR ( 'NONE', #2704, 1000.000000000000114 ) ;
#8242 = DIRECTION ( 'NONE',  ( -1.000000000000000000, 0.000000000000000000, 0.000000000000000000 ) ) ;
#8243 = ORIENTED_EDGE ( 'NONE', *, *, #742, .T. ) ;
#8244 = CARTESIAN_POINT ( 'NONE',  ( 5.079999999999999183, 0.2250801282051285157, 0.000000000000000000 ) ) ;
#8245 = DIRECTION ( 'NONE',  ( 1.000000000000000000, -0.000000000000000000, -0.000000000000000000 ) ) ;
#8246 = EDGE_CURVE ( 'NONE', #6110, #625, #3651, .T. ) ;
#8247 = VECTOR ( 'NONE', #1754, 1000.000000000000000 ) ;
#8248 = VECTOR ( 'NONE', #692, 1000.000000000000000 ) ;
#8249 = CARTESIAN_POINT ( 'NONE',  ( 0.3199999999999982303, -1.249999999999999778, 5.000000000000000000 ) ) ;
#8250 = VECTOR ( 'NONE', #10882, 1000.000000000000000 ) ;
#8251 = ORIENTED_EDGE ( 'NONE', *, *, #868, .T. ) ;
#8252 = ORIENTED_EDGE ( 'NONE', *, *, #3771, .T. ) ;
#8253 = EDGE_LOOP ( 'NONE', ( #10325, #5682, #7646, #2815 ) ) ;
#8254 = DIRECTION ( 'NONE',  ( 1.000000000000000000, 0.000000000000000000, -0.000000000000000000 ) ) ;
#8255 = CARTESIAN_POINT ( 'NONE',  ( 2.219999999999997975, -7.249999999999999112, 1.110000000000000098 ) ) ;
#8256 = ORIENTED_EDGE ( 'NONE', *, *, #1340, .F. ) ;
#8257 = LINE ( 'NONE', #4085, #8926 ) ;
#8258 = ORIENTED_EDGE ( 'NONE', *, *, #10895, .T. ) ;
#8259 = FACE_OUTER_BOUND ( 'NONE', #3417, .T. ) ;
#8260 = DIRECTION ( 'NONE',  ( -1.000000000000000000, 0.000000000000000000, 0.000000000000000000 ) ) ;
#8261 = AXIS2_PLACEMENT_3D ( 'NONE', #3731, #8005, #7075 ) ;
#8262 = VECTOR ( 'NONE', #104, 1000.000000000000000 ) ;
#8263 = FACE_OUTER_BOUND ( 'NONE', #10764, .T. ) ;
#8264 = EDGE_CURVE ( 'NONE', #9434, #5041, #9680, .T. ) ;
#8265 = FACE_OUTER_BOUND ( 'NONE', #6531, .T. ) ;
#8266 = VECTOR ( 'NONE', #4308, 1000.000000000000000 ) ;
#8267 = DIRECTION ( 'NONE',  ( -0.6038968352533733430, 0.7970624896273565962, 0.000000000000000000 ) ) ;
#8268 = AXIS2_PLACEMENT_3D ( 'NONE', #2379, #723, #766 ) ;
#8269 = MECHANICAL_DESIGN_GEOMETRIC_PRESENTATION_REPRESENTATION (  '', ( #5299 ), #7749 ) ;
#8270 = CARTESIAN_POINT ( 'NONE',  ( 4.759999999999998899, 2.909999999999999698, 1.350000000000000977 ) ) ;
#8271 = VERTEX_POINT ( 'NONE', #9518 ) ;
#8272 = FACE_BOUND ( 'NONE', #9019, .T. ) ;
#8273 = EDGE_LOOP ( 'NONE', ( #1755, #3300, #3668, #9519 ) ) ;
#8274 = ADVANCED_FACE ( 'NONE', ( #5578 ), #6995, .F. ) ;
#8275 = CARTESIAN_POINT ( 'NONE',  ( -5.400000000000002132, 2.269999999999999130, 0.7099999999999985212 ) ) ;
#8276 = LINE ( 'NONE', #3987, #157 ) ;
#8277 =( NAMED_UNIT ( * ) PLANE_ANGLE_UNIT ( ) SI_UNIT ( $, .RADIAN. ) );
#8278 = AXIS2_PLACEMENT_3D ( 'NONE', #42, #5858, #4977 ) ;
#8279 = EDGE_CURVE ( 'NONE', #2279, #9435, #2103, .T. ) ;
#8280 = CARTESIAN_POINT ( 'NONE',  ( 5.465576923076922888, 0.01410256410256429706, 0.000000000000000000 ) ) ;
#8281 = DIRECTION ( 'NONE',  ( 1.000000000000000000, -0.000000000000000000, -0.000000000000000000 ) ) ;
#8282 = EDGE_CURVE ( 'NONE', #9180, #201, #7991, .T. ) ;
#8283 = LINE ( 'NONE', #5819, #4352 ) ;
#8284 = DIRECTION ( 'NONE',  ( 0.000000000000000000, -0.000000000000000000, -1.000000000000000000 ) ) ;
#8285 = CARTESIAN_POINT ( 'NONE',  ( 5.356055210941250699, -0.9096669246507094186, 0.000000000000000000 ) ) ;
#8286 = ORIENTED_EDGE ( 'NONE', *, *, #3350, .F. ) ;
#8287 = DIRECTION ( 'NONE',  ( 0.000000000000000000, -1.000000000000000000, 1.628629872832303193E-16 ) ) ;
#8288 = ORIENTED_EDGE ( 'NONE', *, *, #4315, .F. ) ;
#8289 = ADVANCED_FACE ( 'NONE', ( #6234 ), #1990, .F. ) ;
#8290 = UNCERTAINTY_MEASURE_WITH_UNIT (LENGTH_MEASURE( 1.000000000000000082E-05 ), #5810, 'distance_accuracy_value', 'NONE');
#8291 = DIRECTION ( 'NONE',  ( 0.000000000000000000, -1.000000000000000000, 1.628629872832303193E-16 ) ) ;
#8292 =( LENGTH_UNIT ( ) NAMED_UNIT ( * ) SI_UNIT ( .MILLI., .METRE. ) );
#8293 = FACE_OUTER_BOUND ( 'NONE', #6020, .T. ) ;
#8294 = CARTESIAN_POINT ( 'NONE',  ( 5.447880224819936501, -0.7736766310633068633, 0.1000000000000000056 ) ) ;
#8295 = CARTESIAN_POINT ( 'NONE',  ( 0.2555737704917886988, 0.6499999999999999112, 5.478688524590160647 ) ) ;
#8296 = VERTEX_POINT ( 'NONE', #8313 ) ;
#8297 = DIRECTION ( 'NONE',  ( 1.000000000000000000, -0.000000000000000000, -0.000000000000000000 ) ) ;
#8298 = ORIENTED_EDGE ( 'NONE', *, *, #4993, .F. ) ;
#8299 = CARTESIAN_POINT ( 'NONE',  ( -0.7700000000000024603, -1.249999999999999778, 5.000000000000000000 ) ) ;
#8300 = EDGE_CURVE ( 'NONE', #2948, #1376, #3213, .T. ) ;
#8301 = DIRECTION ( 'NONE',  ( 0.000000000000000000, 0.000000000000000000, 1.000000000000000000 ) ) ;
#8302 = DIRECTION ( 'NONE',  ( 0.9079872537420917711, -0.4189977888269746931, 0.000000000000000000 ) ) ;
#8303 = LINE ( 'NONE', #4755, #1512 ) ;
#8304 = CARTESIAN_POINT ( 'NONE',  ( 5.069773531749965478, -0.7514175179934080573, -0.000000000000000000 ) ) ;
#8305 = ORIENTED_EDGE ( 'NONE', *, *, #8300, .T. ) ;
#8306 = VERTEX_POINT ( 'NONE', #7437 ) ;
#8307 = ORIENTED_EDGE ( 'NONE', *, *, #2618, .F. ) ;
#8308 = CARTESIAN_POINT ( 'NONE',  ( 3.809999999999999165, -1.249999999999999778, 4.400000000000000355 ) ) ;
#8309 = EDGE_CURVE ( 'NONE', #8342, #9317, #10005, .T. ) ;
#8310 = B_SPLINE_SURFACE_WITH_KNOTS ( 'NONE', 3, 1, ( 
 ( #6032, #4305 ),
 ( #10851, #1616 ),
 ( #7574, #2553 ),
 ( #5147, #3393 ),
 ( #8443, #8381 ),
 ( #8492, #3439 ),
 ( #9352, #2673 ),
 ( #2608, #9243 ),
 ( #3340, #2509 ),
 ( #5031, #10032 ),
 ( #5868, #1781 ),
 ( #5970, #1724 ),
 ( #9195, #6 ),
 ( #5821, #1832 ),
 ( #10192, #7669 ),
 ( #834, #6791 ),
 ( #110, #10125 ),
 ( #9151, #7512 ),
 ( #4986, #8285 ),
 ( #6743, #10081 ),
 ( #7458, #783 ),
 ( #737, #4101 ),
 ( #3499, #10797 ),
 ( #5914, #8331 ),
 ( #5091, #52 ),
 ( #3278, #9305 ),
 ( #894, #4206 ) ),
 .UNSPECIFIED., .F., .F., .F.,
 ( 4, 1, 1, 1, 1, 1, 1, 1, 1, 1, 1, 1, 1, 1, 1, 1, 1, 1, 1, 1, 1, 1, 1, 1, 4 ),
 ( 2, 2 ),
 ( 0.000000000000000000, 0.04395321799080991604, 0.08749850866012541528, 0.1304576079231676566, 0.1727453749140399342, 0.2153947809704270244, 0.2576399181299118823, 0.3001412022856357886, 0.3431082898522677671, 0.3859103169284648915, 0.4276692746243928034, 0.4687999153795964213, 0.5094722003527308862, 0.5498618774479624438, 0.5899573268375530866, 0.6301457544048192361, 0.6706075938813510495, 0.7111213530402318295, 0.7513631191327729830, 0.7917835871168159567, 0.8324653639949337602, 0.8733239183472772948, 0.9145462431005966231, 0.9569252153312376441, 1.000000000000000000 ),
 ( 0.000000000000000000, 1.000000000000000000 ),
 .UNSPECIFIED. ) ;
#8311 = DIRECTION ( 'NONE',  ( 0.000000000000000000, 0.7071067811865483499, -0.7071067811865467956 ) ) ;
#8312 = CARTESIAN_POINT ( 'NONE',  ( 5.282323717948717245, -0.9628205128205130636, 0.1000000000000000056 ) ) ;
#8313 = CARTESIAN_POINT ( 'NONE',  ( 4.759999999999998899, 2.909999999999998810, -3.000000000000000000 ) ) ;
#8314 = ORIENTED_EDGE ( 'NONE', *, *, #1472, .F. ) ;
#8315 = CARTESIAN_POINT ( 'NONE',  ( -2.860000000000001652, -7.049999999999999822, 4.090000000000000746 ) ) ;
#8316 = CARTESIAN_POINT ( 'NONE',  ( 6.349999999999996980, 0.6499999999999999112, 0.9099999999999986988 ) ) ;
#8317 = PLANE ( 'NONE',  #7925 ) ;
#8318 = PRESENTATION_STYLE_ASSIGNMENT (( #767 ) ) ;
#8319 = VERTEX_POINT ( 'NONE', #3309 ) ;
#8320 = DIRECTION ( 'NONE',  ( -0.7970624896273564852, -0.6038968352533735651, 0.000000000000000000 ) ) ;
#8321 = CARTESIAN_POINT ( 'NONE',  ( 5.456814468490103209, -0.8690880277590836700, 0.1000000000000000056 ) ) ;
#8322 = ORIENTED_EDGE ( 'NONE', *, *, #8902, .F. ) ;
#8323 =( NAMED_UNIT ( * ) SI_UNIT ( $, .STERADIAN. ) SOLID_ANGLE_UNIT ( ) );
#8324 = VERTEX_POINT ( 'NONE', #2486 ) ;
#8325 = CARTESIAN_POINT ( 'NONE',  ( 5.158193173646682617, 0.1029058011814451834, -1.355252715606880543E-17 ) ) ;
#8326 = CARTESIAN_POINT ( 'NONE',  ( 5.079999999999999183, 0.5653846153846157074, 0.1000000000000000056 ) ) ;
#8327 = CARTESIAN_POINT ( 'NONE',  ( 2.859999999999998099, 0.6499999999999999112, 1.550000000000000933 ) ) ;
#8328 = CARTESIAN_POINT ( 'NONE',  ( 5.280644849749342562, 0.1345339667046000498, -0.000000000000000000 ) ) ;
#8329 = CARTESIAN_POINT ( 'NONE',  ( 2.859999999999998099, -7.249999999999999112, 3.890000000000000568 ) ) ;
#8330 = LINE ( 'NONE', #3118, #992 ) ;
#8331 = CARTESIAN_POINT ( 'NONE',  ( 5.302825191801403548, -0.9255870578311978791, 0.000000000000000000 ) ) ;
#8332 = EDGE_CURVE ( 'NONE', #8967, #5136, #9780, .T. ) ;
#8333 = EDGE_LOOP ( 'NONE', ( #4363, #4169, #2245, #10558 ) ) ;
#8334 = LINE ( 'NONE', #1664, #3538 ) ;
#8335 = ORIENTED_EDGE ( 'NONE', *, *, #5359, .T. ) ;
#8336 = CARTESIAN_POINT ( 'NONE',  ( 4.759999999999998899, 3.109999999999999876, 1.349999999999999645 ) ) ;
#8337 = EDGE_CURVE ( 'NONE', #4535, #8898, #3686, .T. ) ;
#8338 = EDGE_CURVE ( 'NONE', #1314, #541, #8153, .T. ) ;
#8339 = FACE_OUTER_BOUND ( 'NONE', #6047, .T. ) ;
#8340 = ADVANCED_FACE ( 'NONE', ( #1382 ), #5791, .T. ) ;
#8341 = PLANE ( 'NONE',  #2414 ) ;
#8342 = VERTEX_POINT ( 'NONE', #4804 ) ;
#8343 = VERTEX_POINT ( 'NONE', #559 ) ;
#8344 = CARTESIAN_POINT ( 'NONE',  ( -6.350000000000002309, -1.249999999999999778, 0.9099999999999993650 ) ) ;
#8345 = DIRECTION ( 'NONE',  ( -0.9034962347415941286, -0.4285960263555441685, 0.000000000000000000 ) ) ;
#8346 = CARTESIAN_POINT ( 'NONE',  ( 4.759999999999998899, -7.049999999999999822, 0.9100000000000000311 ) ) ;
#8347 = LINE ( 'NONE', #10873, #89 ) ;
#8348 = ADVANCED_FACE ( 'NONE', ( #3209 ), #1485, .F. ) ;
#8349 = ADVANCED_FACE ( 'NONE', ( #6555 ), #5734, .F. ) ;
#8350 = EDGE_CURVE ( 'NONE', #1783, #8472, #8257, .T. ) ;
#8351 = LINE ( 'NONE', #10095, #9056 ) ;
#8352 = EDGE_LOOP ( 'NONE', ( #209, #8214, #3450, #4963 ) ) ;
#8353 = VERTEX_POINT ( 'NONE', #1757 ) ;
#8354 = EDGE_LOOP ( 'NONE', ( #6392, #113, #5701, #6725, #3366, #5133, #9324, #10160, #7743, #9982, #6362 ) ) ;
#8355 = SURFACE_STYLE_USAGE ( .BOTH. , #7851 ) ;
#8356 = DIRECTION ( 'NONE',  ( 0.000000000000000000, 0.000000000000000000, 1.000000000000000000 ) ) ;
#8357 = CARTESIAN_POINT ( 'NONE',  ( 6.349999999999996980, 1.249999999999999778, 0.4000000000000001887 ) ) ;
#8358 = EDGE_LOOP ( 'NONE', ( #6647, #432, #6709, #10510 ) ) ;
#8359 = LINE ( 'NONE', #5946, #8241 ) ;
#8360 = CARTESIAN_POINT ( 'NONE',  ( 5.438974358974357770, -0.1295673076923075373, 0.1000000000000000056 ) ) ;
#8361 = CARTESIAN_POINT ( 'NONE',  ( 2.859999999999998099, -7.049999999999999822, 0.9100000000000000311 ) ) ;
#8362 = CARTESIAN_POINT ( 'NONE',  ( -6.350000000000002309, -1.249999999999999778, 0.000000000000000000 ) ) ;
#8363 = ORIENTED_EDGE ( 'NONE', *, *, #9068, .F. ) ;
#8364 = CIRCLE ( 'NONE', #4150, 0.2000000000000000944 ) ;
#8365 = VERTEX_POINT ( 'NONE', #8412 ) ;
#8366 = CARTESIAN_POINT ( 'NONE',  ( -4.760000000000002451, 4.809999999999998721, 3.450000000000000622 ) ) ;
#8367 = DIRECTION ( 'NONE',  ( 1.000000000000000000, -0.000000000000000000, -0.000000000000000000 ) ) ;
#8368 = ORIENTED_EDGE ( 'NONE', *, *, #6783, .T. ) ;
#8369 = CARTESIAN_POINT ( 'NONE',  ( 5.479999999999999538, -1.198717948717948678, -0.000000000000000000 ) ) ;
#8370 = EDGE_LOOP ( 'NONE', ( #2146, #3448, #8195, #9244 ) ) ;
#8371 = CARTESIAN_POINT ( 'NONE',  ( 5.121374626678329989, 0.07194278767419612364, 0.1000000000000000056 ) ) ;
#8372 = VECTOR ( 'NONE', #8696, 1000.000000000000000 ) ;
#8373 = DIRECTION ( 'NONE',  ( 0.000000000000000000, -1.000000000000000000, 1.296504840042457116E-16 ) ) ;
#8374 = FILL_AREA_STYLE_COLOUR ( '', #5430 ) ;
#8375 = EDGE_CURVE ( 'NONE', #7483, #10218, #8519, .T. ) ;
#8376 = CARTESIAN_POINT ( 'NONE',  ( 0.3199999999999982858, 5.009999999999999787, 3.249999999999999556 ) ) ;
#8377 = LINE ( 'NONE', #831, #7506 ) ;
#8378 = VECTOR ( 'NONE', #1743, 1000.000000000000000 ) ;
#8379 = DIRECTION ( 'NONE',  ( 0.000000000000000000, 1.000000000000000000, 0.000000000000000000 ) ) ;
#8380 = CARTESIAN_POINT ( 'NONE',  ( 5.438913822799654518, -0.1093978184965466310, 0.000000000000000000 ) ) ;
#8381 = CARTESIAN_POINT ( 'NONE',  ( 5.446176086536309136, -0.7853009797737018349, 0.000000000000000000 ) ) ;
#8382 = ORIENTED_EDGE ( 'NONE', *, *, #1613, .T. ) ;
#8383 = DIRECTION ( 'NONE',  ( 0.6401843996644802637, 0.000000000000000000, -0.7682212795973755171 ) ) ;
#8384 = ORIENTED_EDGE ( 'NONE', *, *, #6139, .T. ) ;
#8385 = CARTESIAN_POINT ( 'NONE',  ( 1.951311475409830187, 0.6499999999999999112, -3.265573770491803085 ) ) ;
#8386 = AXIS2_PLACEMENT_3D ( 'NONE', #8797, #7265, #8894 ) ;
#8387 = DIRECTION ( 'NONE',  ( 0.000000000000000000, 1.000000000000000000, 1.088556398077815828E-16 ) ) ;
#8388 = VECTOR ( 'NONE', #8834, 1000.000000000000000 ) ;
#8389 = VECTOR ( 'NONE', #7023, 1000.000000000000000 ) ;
#8390 = EDGE_CURVE ( 'NONE', #5764, #8825, #6720, .T. ) ;
#8391 = CYLINDRICAL_SURFACE ( 'NONE', #3819, 0.2000000000000000944 ) ;
#8392 = PLANE ( 'NONE',  #7175 ) ;
#8393 = VERTEX_POINT ( 'NONE', #812 ) ;
#8394 = CARTESIAN_POINT ( 'NONE',  ( 1.103333333333333721, 1.249999999999999778, 0.4000000000000001887 ) ) ;
#8395 = ORIENTED_EDGE ( 'NONE', *, *, #1808, .F. ) ;
#8396 = VECTOR ( 'NONE', #7081, 1000.000000000000000 ) ;
#8397 = CARTESIAN_POINT ( 'NONE',  ( -0.3200000000000017830, 4.809999999999998721, 3.450000000000000622 ) ) ;
#8398 = SURFACE_STYLE_FILL_AREA ( #4014 ) ;
#8399 = EDGE_CURVE ( 'NONE', #9618, #10714, #83, .T. ) ;
#8400 = PLANE ( 'NONE',  #6810 ) ;
#8401 = VECTOR ( 'NONE', #8379, 1000.000000000000000 ) ;
#8402 = CARTESIAN_POINT ( 'NONE',  ( 5.437464914560824703, -0.07261092791905536525, 0.1000000000000000056 ) ) ;
#8403 = ORIENTED_EDGE ( 'NONE', *, *, #790, .T. ) ;
#8404 = CIRCLE ( 'NONE', #3865, 0.1999999999999999833 ) ;
#8405 = ORIENTED_EDGE ( 'NONE', *, *, #4278, .F. ) ;
#8406 = VERTEX_POINT ( 'NONE', #6768 ) ;
#8407 = DIRECTION ( 'NONE',  ( 0.000000000000000000, 0.7071067811865467956, 0.7071067811865483499 ) ) ;
#8408 = ADVANCED_FACE ( 'NONE', ( #7599 ), #5010, .F. ) ;
#8409 = DIRECTION ( 'NONE',  ( 0.000000000000000000, -0.7071067811865474617, -0.7071067811865474617 ) ) ;
#8410 = DIRECTION ( 'NONE',  ( 0.000000000000000000, 1.088556398077815951E-16, -1.000000000000000000 ) ) ;
#8411 = ORIENTED_EDGE ( 'NONE', *, *, #2305, .F. ) ;
#8412 = CARTESIAN_POINT ( 'NONE',  ( 5.850000000000001421, 1.250000000000000222, 1.885956070686927405E-16 ) ) ;
#8413 = ORIENTED_EDGE ( 'NONE', *, *, #2032, .F. ) ;
#8414 =( LENGTH_UNIT ( ) NAMED_UNIT ( * ) SI_UNIT ( .MILLI., .METRE. ) );
#8415 = VECTOR ( 'NONE', #4848, 1000.000000000000000 ) ;
#8416 = PRESENTATION_STYLE_ASSIGNMENT (( #5129 ) ) ;
#8417 = DIRECTION ( 'NONE',  ( 1.000000000000000000, 0.000000000000000000, -0.000000000000000000 ) ) ;
#8418 = EDGE_CURVE ( 'NONE', #584, #7095, #6061, .T. ) ;
#8419 = VECTOR ( 'NONE', #9217, 1000.000000000000000 ) ;
#8420 = VECTOR ( 'NONE', #3179, 1000.000000000000000 ) ;
#8421 = DIRECTION ( 'NONE',  ( 1.000000000000000000, 0.000000000000000000, -0.000000000000000000 ) ) ;
#8422 = VERTEX_POINT ( 'NONE', #3533 ) ;
#8423 = CARTESIAN_POINT ( 'NONE',  ( 2.859999999999998099, 0.6499999999999999112, 0.4000000000000001332 ) ) ;
#8424 = VECTOR ( 'NONE', #8781, 1000.000000000000000 ) ;
#8425 = VECTOR ( 'NONE', #9199, 1000.000000000000000 ) ;
#8426 = CARTESIAN_POINT ( 'NONE',  ( 5.117269231314977240, -0.8017916920823935367, 0.1000000000000000056 ) ) ;
#8427 = ORIENTED_EDGE ( 'NONE', *, *, #3002, .T. ) ;
#8428 = VECTOR ( 'NONE', #7813, 1000.000000000000000 ) ;
#8429 = AXIS2_PLACEMENT_3D ( 'NONE', #1925, #6275, #4463 ) ;
#8430 = CARTESIAN_POINT ( 'NONE',  ( 1.269999999999999352, -1.249999999999999778, 4.400000000000000355 ) ) ;
#8431 = ORIENTED_EDGE ( 'NONE', *, *, #1829, .F. ) ;
#8432 = CARTESIAN_POINT ( 'NONE',  ( 5.121025641025640063, -0.1576923076923075207, -0.000000000000000000 ) ) ;
#8433 = CARTESIAN_POINT ( 'NONE',  ( 5.121025641025640063, -0.4551282051282050101, 0.1000000000000000056 ) ) ;
#8434 = LINE ( 'NONE', #1826, #5950 ) ;
#8435 = COLOUR_RGB ( '',0.1490196078431372528, 0.1490196078431372528, 0.1490196078431372528 ) ;
#8436 = VECTOR ( 'NONE', #8, 1000.000000000000000 ) ;
#8437 = VECTOR ( 'NONE', #3212, 1000.000000000000000 ) ;
#8438 = VECTOR ( 'NONE', #10475, 1000.000000000000000 ) ;
#8439 = CARTESIAN_POINT ( 'NONE',  ( -5.400000000000002132, 4.809999999999999609, 3.250000000000000888 ) ) ;
#8440 = DIRECTION ( 'NONE',  ( 0.000000000000000000, 0.000000000000000000, 1.000000000000000000 ) ) ;
#8441 = LINE ( 'NONE', #991, #3849 ) ;
#8442 = CARTESIAN_POINT ( 'NONE',  ( 5.427756410256408870, -0.006650641025640825071, 0.1000000000000000056 ) ) ;
#8443 = CARTESIAN_POINT ( 'NONE',  ( 5.446176086536309136, -0.7853009797737018349, 0.1000000000000000056 ) ) ;
#8444 = EDGE_CURVE ( 'NONE', #5094, #674, #5894, .T. ) ;
#8445 = VERTEX_POINT ( 'NONE', #28 ) ;
#8446 = LINE ( 'NONE', #2555, #7395 ) ;
#8447 = VERTEX_POINT ( 'NONE', #870 ) ;
#8448 = CARTESIAN_POINT ( 'NONE',  ( 5.079999999999999183, -1.198717948717948678, 0.000000000000000000 ) ) ;
#8449 = VECTOR ( 'NONE', #2163, 1000.000000000000000 ) ;
#8450 = CARTESIAN_POINT ( 'NONE',  ( -1.270000000000000684, -1.249999999999999778, 4.400000000000000355 ) ) ;
#8451 = PLANE ( 'NONE',  #1879 ) ;
#8452 = CARTESIAN_POINT ( 'NONE',  ( -0.3200000000000017830, -1.250000000000000222, 1.550000000000000488 ) ) ;
#8453 = DIRECTION ( 'NONE',  ( 0.000000000000000000, 0.000000000000000000, 1.000000000000000000 ) ) ;
#8454 = ORIENTED_EDGE ( 'NONE', *, *, #1541, .F. ) ;
#8455 = LINE ( 'NONE', #127, #1402 ) ;
#8456 = ORIENTED_EDGE ( 'NONE', *, *, #8477, .F. ) ;
#8457 = FACE_OUTER_BOUND ( 'NONE', #10082, .T. ) ;
#8458 = SURFACE_STYLE_USAGE ( .BOTH. , #3687 ) ;
#8459 = SURFACE_STYLE_FILL_AREA ( #9927 ) ;
#8460 =( NAMED_UNIT ( * ) SI_UNIT ( $, .STERADIAN. ) SOLID_ANGLE_UNIT ( ) );
#8461 = CARTESIAN_POINT ( 'NONE',  ( 5.362153186950727068, 0.07758728165916442543, 0.1000000000000000056 ) ) ;
#8462 = CARTESIAN_POINT ( 'NONE',  ( 2.219999999999997975, 2.669999999999999041, -3.000000000000000000 ) ) ;
#8463 = VERTEX_POINT ( 'NONE', #3372 ) ;
#8464 = ORIENTED_EDGE ( 'NONE', *, *, #5304, .F. ) ;
#8465 = ADVANCED_FACE ( 'NONE', ( #4288 ), #7647, .T. ) ;
#8466 = EDGE_LOOP ( 'NONE', ( #9094, #2989, #9891, #9711 ) ) ;
#8467 = CARTESIAN_POINT ( 'NONE',  ( -2.860000000000001652, 2.469999999999999307, -2.799999999999999822 ) ) ;
#8468 = PLANE ( 'NONE',  #846 ) ;
#8469 = ORIENTED_EDGE ( 'NONE', *, *, #982, .T. ) ;
#8470 = EDGE_CURVE ( 'NONE', #10388, #9970, #3473, .T. ) ;
#8471 = LINE ( 'NONE', #6823, #9804 ) ;
#8472 = VERTEX_POINT ( 'NONE', #10224 ) ;
#8473 = FILL_AREA_STYLE_COLOUR ( '', #2107 ) ;
#8474 = LINE ( 'NONE', #5066, #8048 ) ;
#8475 = PLANE ( 'NONE',  #2641 ) ;
#8476 = EDGE_CURVE ( 'NONE', #5729, #6268, #8359, .T. ) ;
#8477 = EDGE_CURVE ( 'NONE', #9417, #4966, #9382, .T. ) ;
#8478 = LINE ( 'NONE', #4343, #2617 ) ;
#8479 = ORIENTED_EDGE ( 'NONE', *, *, #4154, .F. ) ;
#8480 = ADVANCED_FACE ( 'NONE', ( #9276 ), #9175, .T. ) ;
#8481 = PLANE ( 'NONE',  #5954 ) ;
#8482 = CARTESIAN_POINT ( 'NONE',  ( 5.113547616972651255, -0.7843728580153419561, 0.000000000000000000 ) ) ;
#8483 = ORIENTED_EDGE ( 'NONE', *, *, #2750, .F. ) ;
#8484 = CARTESIAN_POINT ( 'NONE',  ( 5.427919441929965672, -0.6590345879555552511, 0.000000000000000000 ) ) ;
#8485 = ORIENTED_EDGE ( 'NONE', *, *, #3578, .F. ) ;
#8486 = CARTESIAN_POINT ( 'NONE',  ( 5.169168550379594329, 0.1094431273036871877, -1.355252715606880543E-17 ) ) ;
#8487 = CARTESIAN_POINT ( 'NONE',  ( -1.103333333333337274, 1.249999999999999112, 0.4000000000000001887 ) ) ;
#8488 = LINE ( 'NONE', #1051, #8262 ) ;
#8489 = PLANE ( 'NONE',  #4871 ) ;
#8490 = EDGE_CURVE ( 'NONE', #9332, #10493, #8471, .T. ) ;
#8491 = LINE ( 'NONE', #5026, #6482 ) ;
#8492 = CARTESIAN_POINT ( 'NONE',  ( 5.443647478141492080, -0.7966965758773927320, 0.1000000000000000056 ) ) ;
#8493 = EDGE_CURVE ( 'NONE', #8990, #3637, #2649, .T. ) ;
#8494 = ORIENTED_EDGE ( 'NONE', *, *, #6370, .T. ) ;
#8495 = DIRECTION ( 'NONE',  ( 0.000000000000000000, -0.000000000000000000, 1.000000000000000000 ) ) ;
#8496 = ORIENTED_EDGE ( 'NONE', *, *, #3262, .T. ) ;
#8497 = CARTESIAN_POINT ( 'NONE',  ( 5.072100384567888476, -0.7847116919946096614, 0.000000000000000000 ) ) ;
#8498 = LINE ( 'NONE', #116, #2461 ) ;
#8499 = CARTESIAN_POINT ( 'NONE',  ( 4.759999999999998899, 5.649999999999999467, -2.799999999999999822 ) ) ;
#8500 = EDGE_CURVE ( 'NONE', #5675, #1643, #10256, .T. ) ;
#8501 = ORIENTED_EDGE ( 'NONE', *, *, #101, .T. ) ;
#8502 = CARTESIAN_POINT ( 'NONE',  ( -0.3200000000000017830, 3.109999999999999876, 1.349999999999999645 ) ) ;
#8503 = ORIENTED_EDGE ( 'NONE', *, *, #2709, .F. ) ;
#8504 = DIRECTION ( 'NONE',  ( 0.000000000000000000, 0.000000000000000000, 1.000000000000000000 ) ) ;
#8505 = ORIENTED_EDGE ( 'NONE', *, *, #7888, .T. ) ;
#8506 = CARTESIAN_POINT ( 'NONE',  ( -6.183333333333338899, 0.6499999999999999112, 4.599999999999999645 ) ) ;
#8507 = FACE_OUTER_BOUND ( 'NONE', #6054, .T. ) ;
#8508 = CARTESIAN_POINT ( 'NONE',  ( -2.860000000000001652, 5.209999999999999076, -3.000000000000000000 ) ) ;
#8509 = DIRECTION ( 'NONE',  ( 0.000000000000000000, 0.000000000000000000, -1.000000000000000000 ) ) ;
#8510 = EDGE_CURVE ( 'NONE', #274, #7577, #1296, .T. ) ;
#8511 = LINE ( 'NONE', #3409, #634 ) ;
#8512 = EDGE_LOOP ( 'NONE', ( #5548, #7633, #5290, #835, #8066, #4331, #8642, #5947, #8479, #4282 ) ) ;
#8513 = ORIENTED_EDGE ( 'NONE', *, *, #4860, .F. ) ;
#8514 = ORIENTED_EDGE ( 'NONE', *, *, #7234, .F. ) ;
#8515 = LINE ( 'NONE', #961, #7560 ) ;
#8516 = VERTEX_POINT ( 'NONE', #3788 ) ;
#8517 = CARTESIAN_POINT ( 'NONE',  ( 0.4522950819672074685, 0.6499999999999999112, -4.514754098360654666 ) ) ;
#8518 = ORIENTED_EDGE ( 'NONE', *, *, #8146, .F. ) ;
#8519 = LINE ( 'NONE', #5126, #4191 ) ;
#8520 = ORIENTED_EDGE ( 'NONE', *, *, #9330, .T. ) ;
#8521 = CARTESIAN_POINT ( 'NONE',  ( 5.490256410256409758, -0.7475961538461540767, 0.000000000000000000 ) ) ;
#8522 = CARTESIAN_POINT ( 'NONE',  ( -2.860000000000001652, 5.009999999999999787, -2.799999999999999822 ) ) ;
#8523 = CARTESIAN_POINT ( 'NONE',  ( 5.122369002990974529, -0.05757329610668080605, 0.000000000000000000 ) ) ;
#8524 = ORIENTED_EDGE ( 'NONE', *, *, #4725, .T. ) ;
#8525 = EDGE_CURVE ( 'NONE', #6924, #1643, #7798, .T. ) ;
#8526 = DIRECTION ( 'NONE',  ( 0.000000000000000000, 1.000000000000000000, 1.088556398077815828E-16 ) ) ;
#8527 = CARTESIAN_POINT ( 'NONE',  ( 5.171195956370897129, -0.8880324256104565883, 0.000000000000000000 ) ) ;
#8528 = VERTEX_POINT ( 'NONE', #10429 ) ;
#8529 = CARTESIAN_POINT ( 'NONE',  ( 5.404965739218419607, -0.6258040796947830220, 0.1000000000000000056 ) ) ;
#8530 = ORIENTED_EDGE ( 'NONE', *, *, #10422, .T. ) ;
#8531 = CARTESIAN_POINT ( 'NONE',  ( 5.260264834361282560, 0.1344018514682523979, 0.1000000000000000056 ) ) ;
#8532 = CARTESIAN_POINT ( 'NONE',  ( 5.402035256410256281, 0.3778044871794875581, 0.000000000000000000 ) ) ;
#8533 = EDGE_CURVE ( 'NONE', #5188, #6071, #1177, .T. ) ;
#8534 = AXIS2_PLACEMENT_3D ( 'NONE', #3263, #6562, #3977 ) ;
#8535 = DIRECTION ( 'NONE',  ( 0.000000000000000000, 0.7071067811865483499, -0.7071067811865467956 ) ) ;
#8536 = DIRECTION ( 'NONE',  ( -0.000000000000000000, -0.000000000000000000, -1.000000000000000000 ) ) ;
#8537 = CARTESIAN_POINT ( 'NONE',  ( 5.438953675051445558, -0.1226758223654682706, 0.000000000000000000 ) ) ;
#8538 = EDGE_CURVE ( 'NONE', #7838, #844, #7083, .T. ) ;
#8539 = ORIENTED_EDGE ( 'NONE', *, *, #3888, .F. ) ;
#8540 = CARTESIAN_POINT ( 'NONE',  ( -2.220000000000001972, 3.109999999999998987, -2.799999999999999822 ) ) ;
#8541 = ORIENTED_EDGE ( 'NONE', *, *, #3317, .F. ) ;
#8542 = VECTOR ( 'NONE', #7282, 1000.000000000000000 ) ;
#8543 = CARTESIAN_POINT ( 'NONE',  ( 5.070791843206745142, -0.7724843113315643661, 0.000000000000000000 ) ) ;
#8544 = CARTESIAN_POINT ( 'NONE',  ( 5.079999999999999183, 0.5653846153846157074, 0.000000000000000000 ) ) ;
#8545 = CARTESIAN_POINT ( 'NONE',  ( 4.759999999999998899, -7.049999999999999822, 3.450000000000000622 ) ) ;
#8546 = CARTESIAN_POINT ( 'NONE',  ( 5.086463458087087552, -0.6587861126878736817, 0.1000000000000000056 ) ) ;
#8547 = EDGE_CURVE ( 'NONE', #1285, #6605, #4613, .T. ) ;
#8548 = VECTOR ( 'NONE', #8950, 1000.000000000000000 ) ;
#8549 = VECTOR ( 'NONE', #8136, 1000.000000000000000 ) ;
#8550 = ORIENTED_EDGE ( 'NONE', *, *, #2630, .T. ) ;
#8551 = LINE ( 'NONE', #9315, #2573 ) ;
#8552 = DIRECTION ( 'NONE',  ( 0.000000000000000000, 1.000000000000000000, 9.035018104045870694E-17 ) ) ;
#8553 = ORIENTED_EDGE ( 'NONE', *, *, #732, .F. ) ;
#8554 = VERTEX_POINT ( 'NONE', #236 ) ;
#8555 = STYLED_ITEM ( 'NONE', ( #8416 ), #3728 ) ;
#8556 = LINE ( 'NONE', #3574, #8095 ) ;
#8557 = VECTOR ( 'NONE', #2789, 1000.000000000000000 ) ;
#8558 = VECTOR ( 'NONE', #2421, 999.9999999999998863 ) ;
#8559 = FACE_OUTER_BOUND ( 'NONE', #4285, .T. ) ;
#8560 = LINE ( 'NONE', #8508, #6688 ) ;
#8561 = CARTESIAN_POINT ( 'NONE',  ( -2.220000000000001972, 5.209999999999999076, -3.000000000000000000 ) ) ;
#8562 = CIRCLE ( 'NONE', #3847, 0.2000000000000000944 ) ;
#8563 = LINE ( 'NONE', #8462, #7491 ) ;
#8564 = ORIENTED_EDGE ( 'NONE', *, *, #9602, .F. ) ;
#8565 = ORIENTED_EDGE ( 'NONE', *, *, #901, .T. ) ;
#8566 = AXIS2_PLACEMENT_3D ( 'NONE', #686, #7510, #2232 ) ;
#8567 = ORIENTED_EDGE ( 'NONE', *, *, #9595, .F. ) ;
#8568 = SURFACE_STYLE_USAGE ( .BOTH. , #10100 ) ;
#8569 = ORIENTED_EDGE ( 'NONE', *, *, #2917, .T. ) ;
#8570 = B_SPLINE_CURVE_WITH_KNOTS ( 'NONE', 3,
 ( #1508, #10645, #6421, #4104, #3950, #10799, #6633, #9971, #7254, #4878, #6471 ),
 .UNSPECIFIED., .F., .F.,
 ( 4, 1, 1, 1, 1, 1, 1, 1, 4 ),
 ( 0.000000000000000000, 0.1243264850794584264, 0.2471519917741143990, 0.3687737442333468008, 0.4902465348858408012, 0.6136200636025047617, 0.7389618264298494221, 0.8673127358513658125, 1.000000000000000000 ),
 .UNSPECIFIED. ) ;
#8571 = DIRECTION ( 'NONE',  ( -0.9079872537420917711, 0.4189977888269746931, 0.000000000000000000 ) ) ;
#8572 = ORIENTED_EDGE ( 'NONE', *, *, #9432, .T. ) ;
#8573 = ADVANCED_FACE ( 'NONE', ( #6153 ), #2738, .T. ) ;
#8574 = ORIENTED_EDGE ( 'NONE', *, *, #10752, .T. ) ;
#8575 = LINE ( 'NONE', #6984, #9424 ) ;
#8576 = CARTESIAN_POINT ( 'NONE',  ( 5.129435514491832215, 0.08043614386494302160, 0.000000000000000000 ) ) ;
#8577 = VECTOR ( 'NONE', #7783, 1000.000000000000000 ) ;
#8578 = STYLED_ITEM ( 'NONE', ( #8713 ), #120 ) ;
#8579 = ORIENTED_EDGE ( 'NONE', *, *, #3138, .F. ) ;
#8580 = CARTESIAN_POINT ( 'NONE',  ( 5.372435971606020821, 0.07096975744841867162, 0.000000000000000000 ) ) ;
#8581 = VECTOR ( 'NONE', #5303, 1000.000000000000000 ) ;
#8582 = CARTESIAN_POINT ( 'NONE',  ( 5.111119939259325839, -0.7661474869930752218, 0.1000000000000000056 ) ) ;
#8583 = ORIENTED_EDGE ( 'NONE', *, *, #3262, .F. ) ;
#8584 = CARTESIAN_POINT ( 'NONE',  ( 5.438974358974357770, -0.1295673076923075373, 0.1000000000000000056 ) ) ;
#8585 = ORIENTED_EDGE ( 'NONE', *, *, #5813, .F. ) ;
#8586 = CARTESIAN_POINT ( 'NONE',  ( 5.107455038634031830, 0.05355128202975906193, -1.355252715606880543E-17 ) ) ;
#8587 = LINE ( 'NONE', #3600, #3284 ) ;
#8588 = EDGE_CURVE ( 'NONE', #2828, #8803, #6914, .T. ) ;
#8589 = VECTOR ( 'NONE', #4469, 1000.000000000000114 ) ;
#8590 = CARTESIAN_POINT ( 'NONE',  ( -2.860000000000001652, 4.809999999999999609, 3.250000000000000888 ) ) ;
#8591 = LINE ( 'NONE', #6029, #5226 ) ;
#8592 = VECTOR ( 'NONE', #8604, 1000.000000000000000 ) ;
#8593 = VECTOR ( 'NONE', #6806, 1000.000000000000114 ) ;
#8594 = CARTESIAN_POINT ( 'NONE',  ( 5.399999999999997691, -1.249999999999999778, 5.000000000000000000 ) ) ;
#8595 = DIRECTION ( 'NONE',  ( -0.000000000000000000, -1.000000000000000000, -0.000000000000000000 ) ) ;
#8596 = ADVANCED_FACE ( 'NONE', ( #3621 ), #7024, .F. ) ;
#8597 = CARTESIAN_POINT ( 'NONE',  ( 5.161715435299319310, -0.6188075802658766777, 0.000000000000000000 ) ) ;
#8598 = EDGE_LOOP ( 'NONE', ( #9565, #3761, #10286, #4650 ) ) ;
#8599 = ORIENTED_EDGE ( 'NONE', *, *, #6767, .T. ) ;
#8600 = UNCERTAINTY_MEASURE_WITH_UNIT (LENGTH_MEASURE( 1.000000000000000082E-05 ), #7307, 'distance_accuracy_value', 'NONE');
#8601 = CARTESIAN_POINT ( 'NONE',  ( 5.083003801063797233, -0.8301307086531760637, 0.000000000000000000 ) ) ;
#8602 = DIRECTION ( 'NONE',  ( 0.000000000000000000, 0.000000000000000000, 1.000000000000000000 ) ) ;
#8603 = AXIS2_PLACEMENT_3D ( 'NONE', #3859, #481, #7210 ) ;
#8604 = DIRECTION ( 'NONE',  ( -1.000000000000000000, -0.000000000000000000, -0.000000000000000000 ) ) ;
#8605 = EDGE_CURVE ( 'NONE', #10601, #9745, #8716, .T. ) ;
#8606 = CARTESIAN_POINT ( 'NONE',  ( -0.3200000000000017830, -7.049999999999999822, 1.550000000000000044 ) ) ;
#8607 =( GEOMETRIC_REPRESENTATION_CONTEXT ( 3 ) GLOBAL_UNCERTAINTY_ASSIGNED_CONTEXT ( ( #8909 ) ) GLOBAL_UNIT_ASSIGNED_CONTEXT ( ( #445, #3828, #7179 ) ) REPRESENTATION_CONTEXT ( 'NONE', 'WORKASPACE' ) );
#8608 =( GEOMETRIC_REPRESENTATION_CONTEXT ( 3 ) GLOBAL_UNCERTAINTY_ASSIGNED_CONTEXT ( ( #2004 ) ) GLOBAL_UNIT_ASSIGNED_CONTEXT ( ( #3862, #8958, #6547 ) ) REPRESENTATION_CONTEXT ( 'NONE', 'WORKASPACE' ) );
#8609 = VECTOR ( 'NONE', #521, 1000.000000000000000 ) ;
#8610 = EDGE_CURVE ( 'NONE', #6071, #903, #2911, .T. ) ;
#8611 = EDGE_LOOP ( 'NONE', ( #4734, #3909, #9198, #2609, #8892, #4624, #964, #7794, #1361, #6891 ) ) ;
#8612 = CARTESIAN_POINT ( 'NONE',  ( -5.400000000000002132, 5.650000000000000355, 3.890000000000000124 ) ) ;
#8613 = ORIENTED_EDGE ( 'NONE', *, *, #9803, .F. ) ;
#8614 = LINE ( 'NONE', #1636, #9427 ) ;
#8615 = EDGE_CURVE ( 'NONE', #6156, #9004, #1964, .T. ) ;
#8616 = CARTESIAN_POINT ( 'NONE',  ( -2.860000000000001652, 5.649999999999999467, -2.799999999999999822 ) ) ;
#8617 = MECHANICAL_DESIGN_GEOMETRIC_PRESENTATION_REPRESENTATION (  '', ( #539 ), #3891 ) ;
#8618 = VERTEX_POINT ( 'NONE', #6257 ) ;
#8619 = LINE ( 'NONE', #190, #6497 ) ;
#8620 = DIRECTION ( 'NONE',  ( 1.000000000000000000, 0.000000000000000000, -0.000000000000000000 ) ) ;
#8621 = DIRECTION ( 'NONE',  ( 0.000000000000000000, -1.000000000000000000, 1.628629872832303439E-16 ) ) ;
#8622 = CARTESIAN_POINT ( 'NONE',  ( 0.3199999999999982858, 2.269999999999997797, 0.9099999999999984768 ) ) ;
#8623 = VECTOR ( 'NONE', #7197, 1000.000000000000114 ) ;
#8624 = DIRECTION ( 'NONE',  ( 0.7682212795973761832, 0.000000000000000000, -0.6401843996644795975 ) ) ;
#8625 = ORIENTED_EDGE ( 'NONE', *, *, #868, .F. ) ;
#8626 = ORIENTED_EDGE ( 'NONE', *, *, #9473, .F. ) ;
#8627 = CARTESIAN_POINT ( 'NONE',  ( 5.110962234169333485, -0.7403726047743596217, 0.1000000000000000056 ) ) ;
#8628 = EDGE_CURVE ( 'NONE', #3637, #8353, #8777, .T. ) ;
#8629 = EDGE_LOOP ( 'NONE', ( #3163, #2793, #6715, #4023 ) ) ;
#8630 = PLANE ( 'NONE',  #2287 ) ;
#8631 = VERTEX_POINT ( 'NONE', #1244 ) ;
#8632 = CARTESIAN_POINT ( 'NONE',  ( 4.759999999999998899, 5.649999999999999467, -2.799999999999999822 ) ) ;
#8633 = ORIENTED_EDGE ( 'NONE', *, *, #4621, .T. ) ;
#8634 = ORIENTED_EDGE ( 'NONE', *, *, #10660, .T. ) ;
#8635 = LINE ( 'NONE', #9384, #9599 ) ;
#8636 = DIRECTION ( 'NONE',  ( -0.000000000000000000, -1.000000000000000000, -0.000000000000000000 ) ) ;
#8637 = ADVANCED_FACE ( 'NONE', ( #8019 ), #6209, .F. ) ;
#8638 = VERTEX_POINT ( 'NONE', #3948 ) ;
#8639 = EDGE_CURVE ( 'NONE', #7929, #6794, #460, .T. ) ;
#8640 = LINE ( 'NONE', #1036, #1018 ) ;
#8641 = DIRECTION ( 'NONE',  ( 0.000000000000000000, 0.000000000000000000, 1.000000000000000000 ) ) ;
#8642 = ORIENTED_EDGE ( 'NONE', *, *, #10428, .F. ) ;
#8643 = CARTESIAN_POINT ( 'NONE',  ( 5.385234463788103554, -0.6067278754193105028, 0.1000000000000000056 ) ) ;
#8644 = ORIENTED_EDGE ( 'NONE', *, *, #7472, .T. ) ;
#8645 = CARTESIAN_POINT ( 'NONE',  ( 5.096395712931096611, 0.03288519246040175897, 0.1000000000000000056 ) ) ;
#8646 = FACE_OUTER_BOUND ( 'NONE', #5846, .T. ) ;
#8647 = DIRECTION ( 'NONE',  ( -0.000000000000000000, -0.000000000000000000, -1.000000000000000000 ) ) ;
#8648 = CARTESIAN_POINT ( 'NONE',  ( 4.759999999999998899, -7.049999999999999822, 4.090000000000000746 ) ) ;
#8649 = SURFACE_STYLE_USAGE ( .BOTH. , #8862 ) ;
#8650 = CARTESIAN_POINT ( 'NONE',  ( 5.236748515506392643, 0.09529007294977172304, 0.000000000000000000 ) ) ;
#8651 = CARTESIAN_POINT ( 'NONE',  ( 5.148082482983822317, -0.6345769026091863108, -0.000000000000000000 ) ) ;
#8652 = VERTEX_POINT ( 'NONE', #7191 ) ;
#8653 =( NAMED_UNIT ( * ) SI_UNIT ( $, .STERADIAN. ) SOLID_ANGLE_UNIT ( ) );
#8654 = ORIENTED_EDGE ( 'NONE', *, *, #5115, .T. ) ;
#8655 = DIRECTION ( 'NONE',  ( 1.000000000000000000, 0.000000000000000000, 0.000000000000000000 ) ) ;
#8656 = FACE_OUTER_BOUND ( 'NONE', #1404, .T. ) ;
#8657 = DIRECTION ( 'NONE',  ( 0.000000000000000000, 1.000000000000000000, 1.088556398077815828E-16 ) ) ;
#8658 = CARTESIAN_POINT ( 'NONE',  ( 5.072771359919006073, -0.7073808030742791964, 0.1000000000000000056 ) ) ;
#8659 = VERTEX_POINT ( 'NONE', #2187 ) ;
#8660 = CARTESIAN_POINT ( 'NONE',  ( 5.425437667326391100, -0.5883293469937611597, -0.000000000000000000 ) ) ;
#8661 = SURFACE_STYLE_USAGE ( .BOTH. , #7962 ) ;
#8662 = ORIENTED_EDGE ( 'NONE', *, *, #6869, .T. ) ;
#8663 = EDGE_CURVE ( 'NONE', #9692, #8638, #10751, .T. ) ;
#8664 = CARTESIAN_POINT ( 'NONE',  ( 5.121025641025640063, -0.2653846153846152189, 0.1000000000000000056 ) ) ;
#8665 = CARTESIAN_POINT ( 'NONE',  ( 5.385234463788103554, -0.6067278754193105028, 0.1000000000000000056 ) ) ;
#8666 = ORIENTED_EDGE ( 'NONE', *, *, #8001, .F. ) ;
#8667 = CARTESIAN_POINT ( 'NONE',  ( 2.219999999999997975, 0.6499999999999995781, 1.550000000000000711 ) ) ;
#8668 = EDGE_CURVE ( 'NONE', #3033, #9513, #8995, .T. ) ;
#8669 = CARTESIAN_POINT ( 'NONE',  ( 0.7700000000000006839, 1.250000000000000222, 1.885956070686927405E-16 ) ) ;
#8670 = CARTESIAN_POINT ( 'NONE',  ( 5.479999999999999538, -0.1128205128205126417, 0.000000000000000000 ) ) ;
#8671 = LINE ( 'NONE', #194, #7500 ) ;
#8672 = EDGE_CURVE ( 'NONE', #6422, #9774, #3995, .T. ) ;
#8673 = DIRECTION ( 'NONE',  ( 0.000000000000000000, -0.000000000000000000, -1.000000000000000000 ) ) ;
#8674 = VERTEX_POINT ( 'NONE', #6527 ) ;
#8675 = ORIENTED_EDGE ( 'NONE', *, *, #9311, .F. ) ;
#8676 = CARTESIAN_POINT ( 'NONE',  ( 5.161715435299319310, -0.6188075802658766777, 0.1000000000000000056 ) ) ;
#8677 = ORIENTED_EDGE ( 'NONE', *, *, #6146, .T. ) ;
#8678 = LINE ( 'NONE', #9554, #2116 ) ;
#8679 = ORIENTED_EDGE ( 'NONE', *, *, #9495, .F. ) ;
#8680 = DIRECTION ( 'NONE',  ( 0.000000000000000000, -0.7071067811865467956, 0.7071067811865483499 ) ) ;
#8681 = ORIENTED_EDGE ( 'NONE', *, *, #3056, .T. ) ;
#8682 = EDGE_CURVE ( 'NONE', #3183, #3368, #10643, .T. ) ;
#8683 = EDGE_CURVE ( 'NONE', #4777, #7273, #1230, .T. ) ;
#8684 = CARTESIAN_POINT ( 'NONE',  ( -2.860000000000001652, 2.469999999999999307, -2.799999999999999822 ) ) ;
#8685 = CARTESIAN_POINT ( 'NONE',  ( 5.158193173646682617, 0.1029058011814451834, 0.000000000000000000 ) ) ;
#8686 = ADVANCED_FACE ( 'NONE', ( #3898 ), #10543, .T. ) ;
#8687 = DIRECTION ( 'NONE',  ( 1.000000000000000000, 0.000000000000000000, -0.000000000000000000 ) ) ;
#8688 = ORIENTED_EDGE ( 'NONE', *, *, #8963, .F. ) ;
#8689 = ORIENTED_EDGE ( 'NONE', *, *, #1067, .T. ) ;
#8690 = CARTESIAN_POINT ( 'NONE',  ( 5.315354223906388675, 0.09497880462014705871, 0.000000000000000000 ) ) ;
#8691 = LINE ( 'NONE', #1988, #5273 ) ;
#8692 = ORIENTED_EDGE ( 'NONE', *, *, #3642, .T. ) ;
#8693 = CARTESIAN_POINT ( 'NONE',  ( -3.810000000000000941, 1.250000000000000222, 0.6000000000000001998 ) ) ;
#8694 = ORIENTED_EDGE ( 'NONE', *, *, #3387, .T. ) ;
#8695 =( NAMED_UNIT ( * ) PLANE_ANGLE_UNIT ( ) SI_UNIT ( $, .RADIAN. ) );
#8696 = DIRECTION ( 'NONE',  ( 0.000000000000000000, -0.7071067811865467956, -0.7071067811865483499 ) ) ;
#8697 = CARTESIAN_POINT ( 'NONE',  ( 5.131201923076922355, 0.002564102564102757088, 0.1000000000000000056 ) ) ;
#8698 = CARTESIAN_POINT ( 'NONE',  ( 4.759999999999998899, -7.049999999999999822, 4.090000000000000746 ) ) ;
#8699 = LINE ( 'NONE', #1946, #9100 ) ;
#8700 = CARTESIAN_POINT ( 'NONE',  ( 5.135028885963041745, 0.01343061800769588914, 0.000000000000000000 ) ) ;
#8701 = CARTESIAN_POINT ( 'NONE',  ( 4.759999999999998899, 2.469999999999999307, -2.799999999999999822 ) ) ;
#8702 = ORIENTED_EDGE ( 'NONE', *, *, #6805, .T. ) ;
#8703 = ORIENTED_EDGE ( 'NONE', *, *, #3851, .T. ) ;
#8704 = CARTESIAN_POINT ( 'NONE',  ( 5.091737648981754738, -0.8508196275666287667, 0.1000000000000000056 ) ) ;
#8705 = CARTESIAN_POINT ( 'NONE',  ( 4.759999999999998899, 4.809999999999999609, 3.250000000000000888 ) ) ;
#8706 = ADVANCED_FACE ( 'NONE', ( #5667 ), #6576, .F. ) ;
#8707 = LINE ( 'NONE', #3616, #856 ) ;
#8708 = AXIS2_PLACEMENT_3D ( 'NONE', #6760, #7591, #10215 ) ;
#8709 = CARTESIAN_POINT ( 'NONE',  ( 5.131201923076922355, 0.002564102564102757088, 0.1000000000000000056 ) ) ;
#8710 = ORIENTED_EDGE ( 'NONE', *, *, #1638, .F. ) ;
#8711 = AXIS2_PLACEMENT_3D ( 'NONE', #7076, #2729, #6905 ) ;
#8712 = DIRECTION ( 'NONE',  ( -0.000000000000000000, -0.000000000000000000, -1.000000000000000000 ) ) ;
#8713 = PRESENTATION_STYLE_ASSIGNMENT (( #7022 ) ) ;
#8714 = VECTOR ( 'NONE', #13, 1000.000000000000000 ) ;
#8715 = PLANE ( 'NONE',  #2251 ) ;
#8716 = LINE ( 'NONE', #4662, #2816 ) ;
#8717 = CARTESIAN_POINT ( 'NONE',  ( 5.228769950232614150, -0.9201272226868525417, 0.000000000000000000 ) ) ;
#8718 = EDGE_LOOP ( 'NONE', ( #1665, #2882, #7461, #5852, #5467, #1663, #2511, #313, #9449, #7322 ) ) ;
#8719 = DIRECTION ( 'NONE',  ( 0.000000000000000000, 0.000000000000000000, 1.000000000000000000 ) ) ;
#8720 = CARTESIAN_POINT ( 'NONE',  ( 5.079999999999999183, -0.1935897435897434016, 0.1000000000000000056 ) ) ;
#8721 = AXIS2_PLACEMENT_3D ( 'NONE', #4710, #9700, #7961 ) ;
#8722 = FACE_OUTER_BOUND ( 'NONE', #804, .T. ) ;
#8723 = LINE ( 'NONE', #3520, #6504 ) ;
#8724 = EDGE_CURVE ( 'NONE', #2782, #182, #9910, .T. ) ;
#8725 = DIRECTION ( 'NONE',  ( 1.000000000000000000, -0.000000000000000000, -0.000000000000000000 ) ) ;
#8726 = ORIENTED_EDGE ( 'NONE', *, *, #3809, .T. ) ;
#8727 = EDGE_LOOP ( 'NONE', ( #1414, #5306, #2525, #8524 ) ) ;
#8728 = CARTESIAN_POINT ( 'NONE',  ( 5.127080978376949538, -0.6687404804964832694, 0.000000000000000000 ) ) ;
#8729 = VECTOR ( 'NONE', #1082, 1000.000000000000000 ) ;
#8730 = AXIS2_PLACEMENT_3D ( 'NONE', #661, #7110, #1274 ) ;
#8731 = ORIENTED_EDGE ( 'NONE', *, *, #6024, .F. ) ;
#8732 = DIRECTION ( 'NONE',  ( 0.000000000000000000, 0.000000000000000000, -1.000000000000000000 ) ) ;
#8733 = ORIENTED_EDGE ( 'NONE', *, *, #7934, .T. ) ;
#8734 = CARTESIAN_POINT ( 'NONE',  ( 5.427756410256408870, -0.006650641025640825071, 0.000000000000000000 ) ) ;
#8735 = ADVANCED_FACE ( 'NONE', ( #5553 ), #1348, .F. ) ;
#8736 = LINE ( 'NONE', #4567, #986 ) ;
#8737 = DIRECTION ( 'NONE',  ( 0.6401843996644795975, 0.000000000000000000, 0.7682212795973760722 ) ) ;
#8738 = PRESENTATION_LAYER_ASSIGNMENT (  '', '', ( #6815 ) ) ;
#8739 = VECTOR ( 'NONE', #8228, 1000.000000000000000 ) ;
#8740 = CARTESIAN_POINT ( 'NONE',  ( 2.859999999999997211, -1.249999999999999778, 3.450000000000000622 ) ) ;
#8741 = ADVANCED_FACE ( 'NONE', ( #939 ), #8310, .T. ) ;
#8742 = VERTEX_POINT ( 'NONE', #6695 ) ;
#8743 = ORIENTED_EDGE ( 'NONE', *, *, #9929, .T. ) ;
#8744 = CARTESIAN_POINT ( 'NONE',  ( 5.423812872858739809, 0.005382692088441371099, 0.000000000000000000 ) ) ;
#8745 = CARTESIAN_POINT ( 'NONE',  ( 4.759999999999998899, 3.109999999999998987, -2.799999999999999822 ) ) ;
#8746 = VERTEX_POINT ( 'NONE', #6846 ) ;
#8747 = AXIS2_PLACEMENT_3D ( 'NONE', #8989, #10844, #4820 ) ;
#8748 = EDGE_CURVE ( 'NONE', #5496, #8184, #6752, .T. ) ;
#8749 =( LENGTH_UNIT ( ) NAMED_UNIT ( * ) SI_UNIT ( .MILLI., .METRE. ) );
#8750 = ORIENTED_EDGE ( 'NONE', *, *, #5267, .F. ) ;
#8751 = CARTESIAN_POINT ( 'NONE',  ( 5.088268905874774539, 0.008533831490173436965, -1.355252715606880543E-17 ) ) ;
#8752 = SURFACE_SIDE_STYLE ('',( #5412 ) ) ;
#8753 =( LENGTH_UNIT ( ) NAMED_UNIT ( * ) SI_UNIT ( .MILLI., .METRE. ) );
#8754 = VECTOR ( 'NONE', #173, 1000.000000000000000 ) ;
#8755 = DIRECTION ( 'NONE',  ( 0.000000000000000000, -1.000000000000000000, 0.000000000000000000 ) ) ;
#8756 = CARTESIAN_POINT ( 'NONE',  ( -2.860000000000001652, 5.449999999999999289, 4.090000000000001634 ) ) ;
#8757 = AXIS2_PLACEMENT_3D ( 'NONE', #4907, #10777, #2264 ) ;
#8758 = VECTOR ( 'NONE', #6724, 1000.000000000000000 ) ;
#8759 = CARTESIAN_POINT ( 'NONE',  ( 5.192761696857982834, 0.07917370787204261462, 0.000000000000000000 ) ) ;
#8760 = DIRECTION ( 'NONE',  ( -0.000000000000000000, 0.000000000000000000, -1.000000000000000000 ) ) ;
#8761 = ORIENTED_EDGE ( 'NONE', *, *, #7472, .F. ) ;
#8762 = DIRECTION ( 'NONE',  ( 0.000000000000000000, 1.000000000000000000, 9.035018104045870694E-17 ) ) ;
#8763 = ORIENTED_EDGE ( 'NONE', *, *, #6139, .F. ) ;
#8764 = CARTESIAN_POINT ( 'NONE',  ( 5.096970969999024881, -0.8606326345801060818, 0.000000000000000000 ) ) ;
#8765 = DIRECTION ( 'NONE',  ( 0.000000000000000000, 0.000000000000000000, -1.000000000000000000 ) ) ;
#8766 = CARTESIAN_POINT ( 'NONE',  ( 5.150376396020813097, -0.5756047956943955990, -0.000000000000000000 ) ) ;
#8767 = LINE ( 'NONE', #3672, #10514 ) ;
#8768 = VECTOR ( 'NONE', #430, 1000.000000000000000 ) ;
#8769 = AXIS2_PLACEMENT_3D ( 'NONE', #2069, #7965, #3740 ) ;
#8770 = EDGE_LOOP ( 'NONE', ( #5173, #3324, #8804, #8565 ) ) ;
#8771 = CARTESIAN_POINT ( 'NONE',  ( 2.859999999999998099, 3.109999999999999876, 1.349999999999999645 ) ) ;
#8772 = FACE_OUTER_BOUND ( 'NONE', #6761, .T. ) ;
#8773 = ADVANCED_FACE ( 'NONE', ( #3558 ), #5200, .T. ) ;
#8774 = FILL_AREA_STYLE ('',( #10477 ) ) ;
#8775 = CARTESIAN_POINT ( 'NONE',  ( -2.220000000000001972, -7.049999999999999822, 4.090000000000000746 ) ) ;
#8776 = CARTESIAN_POINT ( 'NONE',  ( 5.479999999999999538, -0.2653846153846152189, 0.1000000000000000056 ) ) ;
#8777 = LINE ( 'NONE', #405, #3518 ) ;
#8778 = AXIS2_PLACEMENT_3D ( 'NONE', #9766, #8956, #8139 ) ;
#8779 = LINE ( 'NONE', #5328, #10370 ) ;
#8780 = ORIENTED_EDGE ( 'NONE', *, *, #9430, .T. ) ;
#8781 = DIRECTION ( 'NONE',  ( 0.000000000000000000, -0.7071067811865467956, 0.7071067811865483499 ) ) ;
#8782 = AXIS2_PLACEMENT_3D ( 'NONE', #9713, #5563, #705 ) ;
#8783 = CARTESIAN_POINT ( 'NONE',  ( 1.269999999999999352, 5.650000000000000355, 4.400000000000000355 ) ) ;
#8784 = VECTOR ( 'NONE', #6300, 1000.000000000000000 ) ;
#8785 = VECTOR ( 'NONE', #778, 1000.000000000000000 ) ;
#8786 = DIRECTION ( 'NONE',  ( 1.000000000000000000, 0.000000000000000000, -0.000000000000000000 ) ) ;
#8787 = PLANE ( 'NONE',  #8100 ) ;
#8788 = LINE ( 'NONE', #10437, #450 ) ;
#8789 = ORIENTED_EDGE ( 'NONE', *, *, #1607, .F. ) ;
#8790 = VECTOR ( 'NONE', #3096, 1000.000000000000000 ) ;
#8791 = CARTESIAN_POINT ( 'NONE',  ( 5.114560310930753140, -0.7064717207445062597, 0.1000000000000000056 ) ) ;
#8792 = AXIS2_PLACEMENT_3D ( 'NONE', #908, #5834, #10811 ) ;
#8793 = EDGE_LOOP ( 'NONE', ( #2796, #10401, #1205, #9955 ) ) ;
#8794 = CARTESIAN_POINT ( 'NONE',  ( 4.309999999999997833, 5.650000000000000355, 5.000000000000000000 ) ) ;
#8795 = ORIENTED_EDGE ( 'NONE', *, *, #8418, .F. ) ;
#8796 = CARTESIAN_POINT ( 'NONE',  ( 5.479851701380006546, -0.09222316956082368677, 0.000000000000000000 ) ) ;
#8797 = CARTESIAN_POINT ( 'NONE',  ( 5.479999999999999538, -0.1935897435897434016, 0.1000000000000000056 ) ) ;
#8798 = CARTESIAN_POINT ( 'NONE',  ( -0.1142622950819731364, 0.6499999999999999112, 5.786885245901637553 ) ) ;
#8799 = MECHANICAL_DESIGN_GEOMETRIC_PRESENTATION_REPRESENTATION (  '', ( #8971 ), #6520 ) ;
#8800 = EDGE_CURVE ( 'NONE', #2535, #10664, #6081, .T. ) ;
#8801 = CARTESIAN_POINT ( 'NONE',  ( -4.760000000000002451, 5.450000000000000178, -3.000000000000000000 ) ) ;
#8802 = ORIENTED_EDGE ( 'NONE', *, *, #7141, .T. ) ;
#8803 = VERTEX_POINT ( 'NONE', #9469 ) ;
#8804 = ORIENTED_EDGE ( 'NONE', *, *, #1347, .F. ) ;
#8805 = LINE ( 'NONE', #10399, #845 ) ;
#8806 = EDGE_CURVE ( 'NONE', #1593, #3343, #6901, .T. ) ;
#8807 = DIRECTION ( 'NONE',  ( 0.000000000000000000, 0.000000000000000000, -1.000000000000000000 ) ) ;
#8808 = ORIENTED_EDGE ( 'NONE', *, *, #5859, .T. ) ;
#8809 = VERTEX_POINT ( 'NONE', #4479 ) ;
#8810 = FACE_OUTER_BOUND ( 'NONE', #10298, .T. ) ;
#8811 = UNCERTAINTY_MEASURE_WITH_UNIT (LENGTH_MEASURE( 1.000000000000000082E-05 ), #8414, 'distance_accuracy_value', 'NONE');
#8812 = EDGE_CURVE ( 'NONE', #4225, #6001, #6193, .T. ) ;
#8813 = ADVANCED_FACE ( 'NONE', ( #7117 ), #1949, .F. ) ;
#8814 = LINE ( 'NONE', #2217, #3528 ) ;
#8815 = DIRECTION ( 'NONE',  ( -1.000000000000000000, -0.000000000000000000, -0.000000000000000000 ) ) ;
#8816 = CARTESIAN_POINT ( 'NONE',  ( 5.275032051282050993, 0.09871794871794895010, 0.000000000000000000 ) ) ;
#8817 = LINE ( 'NONE', #9938, #7018 ) ;
#8818 = ORIENTED_EDGE ( 'NONE', *, *, #10592, .F. ) ;
#8819 = CARTESIAN_POINT ( 'NONE',  ( 5.324967145369331689, -0.9213551095408299973, -0.000000000000000000 ) ) ;
#8820 = DIRECTION ( 'NONE',  ( 0.000000000000000000, -2.090028284309406488E-16, -1.000000000000000000 ) ) ;
#8821 = DIRECTION ( 'NONE',  ( 0.000000000000000000, -0.000000000000000000, -1.000000000000000000 ) ) ;
#8822 = DIRECTION ( 'NONE',  ( -0.000000000000000000, -1.000000000000000000, -0.000000000000000000 ) ) ;
#8823 = LINE ( 'NONE', #9581, #9426 ) ;
#8824 = EDGE_CURVE ( 'NONE', #1285, #8746, #4599, .T. ) ;
#8825 = VERTEX_POINT ( 'NONE', #994 ) ;
#8826 = DIRECTION ( 'NONE',  ( 0.000000000000000000, -0.000000000000000000, -1.000000000000000000 ) ) ;
#8827 = LINE ( 'NONE', #7848, #1539 ) ;
#8828 = PLANE ( 'NONE',  #7546 ) ;
#8829 = FILL_AREA_STYLE_COLOUR ( '', #5265 ) ;
#8830 =( NAMED_UNIT ( * ) SI_UNIT ( $, .STERADIAN. ) SOLID_ANGLE_UNIT ( ) );
#8831 = ORIENTED_EDGE ( 'NONE', *, *, #5533, .T. ) ;
#8832 = FACE_BOUND ( 'NONE', #6541, .T. ) ;
#8833 = LINE ( 'NONE', #7706, #4215 ) ;
#8834 = DIRECTION ( 'NONE',  ( 1.000000000000000000, 0.000000000000000000, 0.000000000000000000 ) ) ;
#8835 = EDGE_CURVE ( 'NONE', #7193, #66, #9356, .T. ) ;
#8836 = LINE ( 'NONE', #9499, #6611 ) ;
#8837 = ORIENTED_EDGE ( 'NONE', *, *, #196, .T. ) ;
#8838 = CARTESIAN_POINT ( 'NONE',  ( 5.111342111030997337, -0.7266280666120833454, 0.000000000000000000 ) ) ;
#8839 = VERTEX_POINT ( 'NONE', #8701 ) ;
#8840 = FACE_OUTER_BOUND ( 'NONE', #5170, .T. ) ;
#8841 = ORIENTED_EDGE ( 'NONE', *, *, #6857, .T. ) ;
#8842 = CARTESIAN_POINT ( 'NONE',  ( -2.860000000000001652, 5.009999999999999787, 3.249999999999999556 ) ) ;
#8843 = CARTESIAN_POINT ( 'NONE',  ( 2.219999999999997975, -1.249999999999999778, 0.9099999999999990319 ) ) ;
#8844 = FILL_AREA_STYLE_COLOUR ( '', #5464 ) ;
#8845 = EDGE_CURVE ( 'NONE', #7800, #1207, #1161, .T. ) ;
#8846 = CARTESIAN_POINT ( 'NONE',  ( 5.399999999999998579, 2.469999999999999307, -2.799999999999999822 ) ) ;
#8847 = VERTEX_POINT ( 'NONE', #175 ) ;
#8848 = ORIENTED_EDGE ( 'NONE', *, *, #930, .T. ) ;
#8849 = VERTEX_POINT ( 'NONE', #2896 ) ;
#8850 = PLANE ( 'NONE',  #2808 ) ;
#8851 = DIRECTION ( 'NONE',  ( 0.000000000000000000, -1.000000000000000000, 1.628629872832303439E-16 ) ) ;
#8852 = ORIENTED_EDGE ( 'NONE', *, *, #7618, .T. ) ;
#8853 = SURFACE_STYLE_USAGE ( .BOTH. , #2161 ) ;
#8854 = ORIENTED_EDGE ( 'NONE', *, *, #5125, .F. ) ;
#8855 = CARTESIAN_POINT ( 'NONE',  ( 4.759999999999998899, -7.049999999999999822, 0.9100000000000000311 ) ) ;
#8856 = DIRECTION ( 'NONE',  ( 0.000000000000000000, 0.000000000000000000, -1.000000000000000000 ) ) ;
#8857 = CARTESIAN_POINT ( 'NONE',  ( 4.759999999999998899, 4.809999999999998721, 3.450000000000000622 ) ) ;
#8858 = CARTESIAN_POINT ( 'NONE',  ( 5.479999999999999538, -1.162820512820512464, 0.1000000000000000056 ) ) ;
#8859 = FACE_OUTER_BOUND ( 'NONE', #8026, .T. ) ;
#8860 = EDGE_CURVE ( 'NONE', #9284, #5242, #3255, .T. ) ;
#8861 = DIRECTION ( 'NONE',  ( -1.000000000000000000, -0.000000000000000000, -0.000000000000000000 ) ) ;
#8862 = SURFACE_SIDE_STYLE ('',( #6190 ) ) ;
#8863 = CARTESIAN_POINT ( 'NONE',  ( 5.213717371551195967, 0.08888707444679133651, 0.000000000000000000 ) ) ;
#8864 = LINE ( 'NONE', #1329, #10705 ) ;
#8865 = ORIENTED_EDGE ( 'NONE', *, *, #10571, .T. ) ;
#8866 = CARTESIAN_POINT ( 'NONE',  ( -0.3200000000000017830, 2.269999999999999130, 0.7099999999999985212 ) ) ;
#8867 = ADVANCED_FACE ( 'NONE', ( #2482 ), #1589, .F. ) ;
#8868 = CARTESIAN_POINT ( 'NONE',  ( 6.183333333333333570, 0.6499999999999999112, 0.4000000000000001332 ) ) ;
#8869 = CARTESIAN_POINT ( 'NONE',  ( 4.759999999999998899, 2.909999999999999698, 1.350000000000000977 ) ) ;
#8870 = CARTESIAN_POINT ( 'NONE',  ( 2.219999999999997975, 2.909999999999999698, 1.350000000000000977 ) ) ;
#8871 = DIRECTION ( 'NONE',  ( 0.000000000000000000, 1.000000000000000000, 0.000000000000000000 ) ) ;
#8872 = ORIENTED_EDGE ( 'NONE', *, *, #9688, .T. ) ;
#8873 = LINE ( 'NONE', #2132, #2301 ) ;
#8874 = DIRECTION ( 'NONE',  ( 1.000000000000000000, 0.000000000000000000, -0.000000000000000000 ) ) ;
#8875 = EDGE_CURVE ( 'NONE', #6491, #3592, #7177, .T. ) ;
#8876 = LINE ( 'NONE', #4610, #3142 ) ;
#8877 = CARTESIAN_POINT ( 'NONE',  ( 5.144671751353288691, -0.9161488826571303479, 0.1000000000000000056 ) ) ;
#8878 = CARTESIAN_POINT ( 'NONE',  ( 5.413104007439202725, 0.02756547631404104859, 0.1000000000000000056 ) ) ;
#8879 = ORIENTED_EDGE ( 'NONE', *, *, #9733, .F. ) ;
#8880 = DIRECTION ( 'NONE',  ( 0.000000000000000000, -0.7071067811865467956, 0.7071067811865483499 ) ) ;
#8881 = ORIENTED_EDGE ( 'NONE', *, *, #9416, .F. ) ;
#8882 = ADVANCED_FACE ( 'NONE', ( #5788 ), #3206, .F. ) ;
#8883 = CARTESIAN_POINT ( 'NONE',  ( 5.397988793838613297, -0.6183397719650519653, -0.000000000000000000 ) ) ;
#8884 = CARTESIAN_POINT ( 'NONE',  ( -5.400000000000002132, 2.669999999999999041, -3.000000000000000000 ) ) ;
#8885 = CARTESIAN_POINT ( 'NONE',  ( 5.453742185526464503, 0.04090610336852312096, 0.1000000000000000056 ) ) ;
#8886 = VECTOR ( 'NONE', #7143, 1000.000000000000000 ) ;
#8887 = CARTESIAN_POINT ( 'NONE',  ( 5.302825191801403548, -0.9255870578311978791, 0.1000000000000000056 ) ) ;
#8888 = ORIENTED_EDGE ( 'NONE', *, *, #8476, .F. ) ;
#8889 = EDGE_LOOP ( 'NONE', ( #7009, #655, #5063, #95 ) ) ;
#8890 = EDGE_LOOP ( 'NONE', ( #6596, #2837, #1933, #7670 ) ) ;
#8891 = CARTESIAN_POINT ( 'NONE',  ( 6.183333333333333570, 1.249999999999999778, 4.599999999999999645 ) ) ;
#8892 = ORIENTED_EDGE ( 'NONE', *, *, #9686, .T. ) ;
#8893 = AXIS2_PLACEMENT_3D ( 'NONE', #9741, #5493, #8765 ) ;
#8894 = DIRECTION ( 'NONE',  ( 0.000000000000000000, 0.000000000000000000, 1.000000000000000000 ) ) ;
#8895 = VECTOR ( 'NONE', #8281, 1000.000000000000000 ) ;
#8896 = VECTOR ( 'NONE', #7805, 1000.000000000000000 ) ;
#8897 = CARTESIAN_POINT ( 'NONE',  ( 5.123231634165768433, -0.8964137731260117814, -0.000000000000000000 ) ) ;
#8898 = VERTEX_POINT ( 'NONE', #6360 ) ;
#8899 = ORIENTED_EDGE ( 'NONE', *, *, #1940, .T. ) ;
#8900 = ORIENTED_EDGE ( 'NONE', *, *, #8860, .T. ) ;
#8901 = DIRECTION ( 'NONE',  ( -0.6401843996644795975, -0.000000000000000000, 0.7682212795973760722 ) ) ;
#8902 = EDGE_CURVE ( 'NONE', #2071, #2054, #2422, .T. ) ;
#8903 = CARTESIAN_POINT ( 'NONE',  ( 5.280644849749342562, 0.1345339667046000498, 0.1000000000000000056 ) ) ;
#8904 = ORIENTED_EDGE ( 'NONE', *, *, #6594, .F. ) ;
#8905 = CARTESIAN_POINT ( 'NONE',  ( -0.3200000000000017830, 2.909999999999998810, -3.000000000000000000 ) ) ;
#8906 = ORIENTED_EDGE ( 'NONE', *, *, #6173, .T. ) ;
#8907 = AXIS2_PLACEMENT_3D ( 'NONE', #6384, #10659, #3139 ) ;
#8908 = PLANE ( 'NONE',  #8038 ) ;
#8910 = COLOUR_RGB ( '',0.1490196078431372528, 0.1490196078431372528, 0.1490196078431372528 ) ;
#8909 = UNCERTAINTY_MEASURE_WITH_UNIT (LENGTH_MEASURE( 1.000000000000000082E-05 ), #445, 'distance_accuracy_value', 'NONE');
#8911 = CARTESIAN_POINT ( 'NONE',  ( 5.302385006703504544, 0.09709555382007552249, 0.000000000000000000 ) ) ;
#8912 = VECTOR ( 'NONE', #4648, 1000.000000000000000 ) ;
#8913 = DIRECTION ( 'NONE',  ( 0.000000000000000000, -0.7071067811865467956, 0.7071067811865483499 ) ) ;
#8914 = AXIS2_PLACEMENT_3D ( 'NONE', #3063, #7957, #398 ) ;
#8915 = CARTESIAN_POINT ( 'NONE',  ( 5.086463458087087552, -0.6587861126878736817, 0.1000000000000000056 ) ) ;
#8916 = COLOUR_RGB ( '',0.1490196078431372528, 0.1490196078431372528, 0.1490196078431372528 ) ;
#8917 = CARTESIAN_POINT ( 'NONE',  ( 2.859999999999998099, 5.209999999999999076, -3.000000000000000000 ) ) ;
#8918 = ADVANCED_FACE ( 'NONE', ( #759 ), #1639, .F. ) ;
#8919 = VERTEX_POINT ( 'NONE', #510 ) ;
#8920 = CYLINDRICAL_SURFACE ( 'NONE', #10900, 0.1999999999999999833 ) ;
#8921 = CARTESIAN_POINT ( 'NONE',  ( 5.139695512820511958, -0.9120993589743592311, 0.1000000000000000056 ) ) ;
#8922 = DIRECTION ( 'NONE',  ( 0.000000000000000000, -0.7071067811865467956, 0.7071067811865483499 ) ) ;
#8923 = CARTESIAN_POINT ( 'NONE',  ( 5.070973023053856110, -0.7203108070881438785, -0.000000000000000000 ) ) ;
#8924 = FACE_OUTER_BOUND ( 'NONE', #1028, .T. ) ;
#8925 = VECTOR ( 'NONE', #1769, 1000.000000000000000 ) ;
#8926 = VECTOR ( 'NONE', #5176, 1000.000000000000000 ) ;
#8927 = ORIENTED_EDGE ( 'NONE', *, *, #666, .T. ) ;
#8928 = LINE ( 'NONE', #3114, #2642 ) ;
#8929 = LINE ( 'NONE', #1455, #647 ) ;
#8930 = EDGE_CURVE ( 'NONE', #2933, #6867, #9122, .T. ) ;
#8931 = LINE ( 'NONE', #8993, #829 ) ;
#8932 = ORIENTED_EDGE ( 'NONE', *, *, #2969, .F. ) ;
#8933 = CARTESIAN_POINT ( 'NONE',  ( 5.275478426526872155, -0.9626743901262690972, 0.000000000000000000 ) ) ;
#8934 = CARTESIAN_POINT ( 'NONE',  ( 5.372435971606020821, 0.07096975744841867162, 0.1000000000000000056 ) ) ;
#8935 = ADVANCED_FACE ( 'NONE', ( #7435 ), #10527, .T. ) ;
#8936 = ORIENTED_EDGE ( 'NONE', *, *, #9526, .T. ) ;
#8937 = CARTESIAN_POINT ( 'NONE',  ( -5.400000000000002132, -7.249999999999999112, 1.110000000000000098 ) ) ;
#8938 = ORIENTED_EDGE ( 'NONE', *, *, #8945, .T. ) ;
#8939 = VECTOR ( 'NONE', #5820, 1000.000000000000000 ) ;
#8940 = COLOUR_RGB ( '',0.1490196078431372528, 0.1490196078431372528, 0.1490196078431372528 ) ;
#8941 = CARTESIAN_POINT ( 'NONE',  ( 5.468427764538614788, -0.6468427795173228301, 0.000000000000000000 ) ) ;
#8942 = LINE ( 'NONE', #7969, #8388 ) ;
#8943 = EDGE_CURVE ( 'NONE', #625, #407, #8817, .T. ) ;
#8944 = VECTOR ( 'NONE', #5842, 1000.000000000000000 ) ;
#8945 = EDGE_CURVE ( 'NONE', #755, #6110, #7379, .T. ) ;
#8946 = EDGE_CURVE ( 'NONE', #2104, #2416, #8864, .T. ) ;
#8947 = CARTESIAN_POINT ( 'NONE',  ( 5.356055210941250699, -0.9096669246507094186, 0.1000000000000000056 ) ) ;
#8948 = VECTOR ( 'NONE', #866, 1000.000000000000000 ) ;
#8949 = ORIENTED_EDGE ( 'NONE', *, *, #543, .F. ) ;
#8950 = DIRECTION ( 'NONE',  ( 0.000000000000000000, -0.7071067811865467956, 0.7071067811865483499 ) ) ;
#8951 = VECTOR ( 'NONE', #6635, 1000.000000000000000 ) ;
#8952 = VECTOR ( 'NONE', #9504, 1000.000000000000000 ) ;
#8953 = AXIS2_PLACEMENT_3D ( 'NONE', #5698, #8417, #10167 ) ;
#8954 = FILL_AREA_STYLE ('',( #9050 ) ) ;
#8955 = ORIENTED_EDGE ( 'NONE', *, *, #2564, .F. ) ;
#8956 = DIRECTION ( 'NONE',  ( 0.000000000000000000, 1.000000000000000000, -0.000000000000000000 ) ) ;
#8957 = DIRECTION ( 'NONE',  ( 0.000000000000000000, -0.000000000000000000, -1.000000000000000000 ) ) ;
#8958 =( NAMED_UNIT ( * ) PLANE_ANGLE_UNIT ( ) SI_UNIT ( $, .RADIAN. ) );
#8959 = VECTOR ( 'NONE', #7525, 1000.000000000000000 ) ;
#8960 =( GEOMETRIC_REPRESENTATION_CONTEXT ( 3 ) GLOBAL_UNCERTAINTY_ASSIGNED_CONTEXT ( ( #3655 ) ) GLOBAL_UNIT_ASSIGNED_CONTEXT ( ( #4271, #6046, #8830 ) ) REPRESENTATION_CONTEXT ( 'NONE', 'WORKASPACE' ) );
#8961 = AXIS2_PLACEMENT_3D ( 'NONE', #665, #5692, #4130 ) ;
#8962 = AXIS2_PLACEMENT_3D ( 'NONE', #4302, #7723, #1944 ) ;
#8963 = EDGE_CURVE ( 'NONE', #8631, #1737, #10774, .T. ) ;
#8964 = LINE ( 'NONE', #8249, #4018 ) ;
#8965 = ORIENTED_EDGE ( 'NONE', *, *, #1067, .F. ) ;
#8966 = ORIENTED_EDGE ( 'NONE', *, *, #4846, .T. ) ;
#8967 = VERTEX_POINT ( 'NONE', #3584 ) ;
#8968 =( LENGTH_UNIT ( ) NAMED_UNIT ( * ) SI_UNIT ( .MILLI., .METRE. ) );
#8969 = CARTESIAN_POINT ( 'NONE',  ( 5.428508626613155919, 0.07538142772057968011, 0.000000000000000000 ) ) ;
#8970 = ORIENTED_EDGE ( 'NONE', *, *, #9015, .T. ) ;
#8971 = STYLED_ITEM ( 'NONE', ( #7276 ), #10085 ) ;
#8972 = CARTESIAN_POINT ( 'NONE',  ( 5.490092098095609607, -0.7339030594168873822, 0.1000000000000000056 ) ) ;
#8973 = ORIENTED_EDGE ( 'NONE', *, *, #7812, .T. ) ;
#8974 = DIRECTION ( 'NONE',  ( 0.000000000000000000, -0.7071067811865483499, 0.7071067811865467956 ) ) ;
#8975 = DIRECTION ( 'NONE',  ( 1.000000000000000000, 0.000000000000000000, -0.000000000000000000 ) ) ;
#8976 = CARTESIAN_POINT ( 'NONE',  ( 5.426427600031455967, -0.002595901721861458046, 0.1000000000000000056 ) ) ;
#8977 = DIRECTION ( 'NONE',  ( 0.000000000000000000, -1.000000000000000000, 0.000000000000000000 ) ) ;
#8978 = ADVANCED_FACE ( 'NONE', ( #9378 ), #1025, .F. ) ;
#8979 = CARTESIAN_POINT ( 'NONE',  ( 5.479999999999999538, -0.4910256410256409465, -0.000000000000000000 ) ) ;
#8980 = CARTESIAN_POINT ( 'NONE',  ( 5.399999999999998579, -7.249999999999999112, 3.890000000000000568 ) ) ;
#8981 = CARTESIAN_POINT ( 'NONE',  ( 5.118043894400657656, -0.6064946501128832823, 0.000000000000000000 ) ) ;
#8982 = CARTESIAN_POINT ( 'NONE',  ( 5.482226827525652268, -0.8125411157345309165, 0.1000000000000000056 ) ) ;
#8983 = ORIENTED_EDGE ( 'NONE', *, *, #3798, .F. ) ;
#8984 = ORIENTED_EDGE ( 'NONE', *, *, #8246, .F. ) ;
#8985 = FACE_OUTER_BOUND ( 'NONE', #5790, .T. ) ;
#8986 = CARTESIAN_POINT ( 'NONE',  ( 5.131201923076922355, 0.002564102564102757088, 0.1000000000000000056 ) ) ;
#8987 = CARTESIAN_POINT ( 'NONE',  ( 5.479999999999999538, -0.1935897435897434016, 0.1000000000000000056 ) ) ;
#8988 = CARTESIAN_POINT ( 'NONE',  ( 4.759999999999998899, -1.249999999999999334, 3.450000000000000622 ) ) ;
#8989 = CARTESIAN_POINT ( 'NONE',  ( 3.809999999999998277, 5.650000000000000355, 4.400000000000000355 ) ) ;
#8990 = VERTEX_POINT ( 'NONE', #1693 ) ;
#8991 = CARTESIAN_POINT ( 'NONE',  ( 5.121025641025640063, -0.1576923076923075207, 0.1000000000000000056 ) ) ;
#8992 = CARTESIAN_POINT ( 'NONE',  ( -2.860000000000001652, 3.109999999999999876, 1.349999999999999645 ) ) ;
#8993 = CARTESIAN_POINT ( 'NONE',  ( 2.219999999999997975, -7.049999999999999822, 0.9100000000000000311 ) ) ;
#8994 = CARTESIAN_POINT ( 'NONE',  ( -2.220000000000001972, -7.049999999999999822, 1.550000000000000044 ) ) ;
#8995 = LINE ( 'NONE', #5761, #9282 ) ;
#8996 = ORIENTED_EDGE ( 'NONE', *, *, #10024, .F. ) ;
#8997 = CARTESIAN_POINT ( 'NONE',  ( -0.3200000000000017830, 2.669999999999999041, -3.000000000000000000 ) ) ;
#8998 = EDGE_LOOP ( 'NONE', ( #10583, #966, #4845, #8520 ) ) ;
#8999 = CARTESIAN_POINT ( 'NONE',  ( 2.859999999999998099, 2.469999999999999307, -2.799999999999999822 ) ) ;
#9000 = CARTESIAN_POINT ( 'NONE',  ( 5.192761696857982834, 0.07917370787204261462, 0.000000000000000000 ) ) ;
#9001 = EDGE_CURVE ( 'NONE', #10617, #281, #4284, .T. ) ;
#9002 = PLANE ( 'NONE',  #8534 ) ;
#9003 = DIRECTION ( 'NONE',  ( -0.6401843996644789314, 0.000000000000000000, -0.7682212795973766273 ) ) ;
#9004 = VERTEX_POINT ( 'NONE', #2579 ) ;
#9005 = ADVANCED_FACE ( 'NONE', ( #1084 ), #2645, .F. ) ;
#9006 = ORIENTED_EDGE ( 'NONE', *, *, #2773, .F. ) ;
#9007 = CARTESIAN_POINT ( 'NONE',  ( -2.860000000000001652, -7.049999999999999822, 1.550000000000000044 ) ) ;
#9008 = DIRECTION ( 'NONE',  ( 7.529181753371556241E-17, -1.000000000000000000, -9.035018104045871927E-17 ) ) ;
#9009 = EDGE_CURVE ( 'NONE', #9753, #6763, #4455, .T. ) ;
#9010 = ORIENTED_EDGE ( 'NONE', *, *, #10428, .T. ) ;
#9011 = ORIENTED_EDGE ( 'NONE', *, *, #3787, .F. ) ;
#9012 = DIRECTION ( 'NONE',  ( -0.9079593845004517716, 0.4190581774617467836, 0.000000000000000000 ) ) ;
#9013 = VERTEX_POINT ( 'NONE', #9439 ) ;
#9014 = SURFACE_SIDE_STYLE ('',( #9889 ) ) ;
#9015 = EDGE_CURVE ( 'NONE', #3869, #6953, #4398, .T. ) ;
#9016 = CARTESIAN_POINT ( 'NONE',  ( -3.643333333333334423, 1.249999999999999778, 0.4000000000000001887 ) ) ;
#9017 = VERTEX_POINT ( 'NONE', #7700 ) ;
#9018 =( NAMED_UNIT ( * ) PLANE_ANGLE_UNIT ( ) SI_UNIT ( $, .RADIAN. ) );
#9019 = EDGE_LOOP ( 'NONE', ( #1191, #7975, #3484, #7684 ) ) ;
#9020 = PLANE ( 'NONE',  #7407 ) ;
#9021 = SURFACE_STYLE_FILL_AREA ( #4753 ) ;
#9022 = ADVANCED_FACE ( 'NONE', ( #865 ), #7763, .F. ) ;
#9023 = DIRECTION ( 'NONE',  ( -1.000000000000000000, -0.000000000000000000, -0.000000000000000000 ) ) ;
#9024 = CARTESIAN_POINT ( 'NONE',  ( 5.479999999999999538, 0.3807692307692310818, 0.1000000000000000056 ) ) ;
#9025 = CLOSED_SHELL ( 'NONE', ( #1132, #4107, #8120, #409, #6302, #8918, #5014, #4459, #4757, #3643, #9810, #5392, #825, #4301, #3945, #4801, #3101, #10201, #8813, #2393, #6255, #1817, #9768, #2316, #5534, #6320, #5808, #1752, #9266, #3590, #5096, #4827, #9756, #8637, #120, #5849, #8274, #878, #718, #4293, #2340, #9851, #2222, #6886, #7172, #9884, #2982, #3976, #3780, #9201, #5599, #4042, #8686, #4467, #4436, #10046, #60, #5383, #6987, #2239, #2059, #4511, #8011, #4267, #1408, #3647, #2792, #10727, #4242, #8408, #3436, #3990, #6608, #8882, #5861, #602, #7564, #4758, #6737, #9932, #5220, #8289, #9390, #9174, #10085, #1762, #109, #5483, #9826, #4841, #1850, #3577, #4808, #6433, #798, #1883, #7003, #8773, #10614, #7582, #9005, #2844, #5384, #8010, #5268, #1610, #8706, #3467, #3039, #9188, #8596, #242, #5677, #3912, #2884, #8340, #4369, #10151, #8348, #8978, #9102, #1428, #3054, #3074, #7230, #5049, #1875, #9460, #2077, #2231, #3524, #10319, #9820, #4651, #229, #5547, #6276, #7129, #2261, #7837, #5539, #537, #4053, #2216, #946, #10070, #2352, #6068, #2762, #5922, #9078, #3722, #5158, #1692, #4172, #7730, #7595, #5891, #2291, #9337, #207, #9022, #2839, #82, #39, #8867, #9040, #7049, #7280, #8935, #1291, #7358, #3196, #7464, #1717, #8349, #8573, #3657, #7614, #7836, #2185, #10792, #10074, #5171, #2013, #2634, #9400, #1116, #5325, #990, #5411, #10077, #9633, #10245, #10277, #10000, #9594, #675, #6991, #5937, #9925, #1672, #7869, #9895, #3455, #5195, #2516, #5192, #1958, #2734, #4794, #7819, #3935, #326, #1056, #1425, #10620, #10886, #4570, #4306, #2559, #7691, #8008, #394, #5251, #7369, #3097, #6408, #1892, #4336, #5414, #8735, #4241, #768, #9548, #10560, #10803, #3330, #3986, #1141, #2295, #6703, #4102, #7559, #4928, #8480, #3443, #3973, #4016, #1956, #7264, #9903, #3583, #695, #10111, #6750, #4964, #4406, #2304, #386, #3566, #7755, #6447, #2627, #3510, #7420, #6692, #9281, #6528, #10828, #6390, #956, #4740, #10278, #9720, #8208, #8741, #6999, #3663, #6015, #5915, #2134, #6535, #6930, #3752, #9648, #4460, #2807, #8465, #3599, #8144, #2918, #9053, #3728 ) ) ;
#9026 = CARTESIAN_POINT ( 'NONE',  ( 2.219999999999997975, -7.049999999999999822, 1.550000000000000044 ) ) ;
#9027 = DIRECTION ( 'NONE',  ( 0.7682212795973761832, -0.000000000000000000, 0.6401843996644795975 ) ) ;
#9028 = CARTESIAN_POINT ( 'NONE',  ( 5.486838620289989699, -0.7917315878344812763, 0.000000000000000000 ) ) ;
#9029 = ORIENTED_EDGE ( 'NONE', *, *, #1336, .T. ) ;
#9030 = ORIENTED_EDGE ( 'NONE', *, *, #9466, .F. ) ;
#9031 =( LENGTH_UNIT ( ) NAMED_UNIT ( * ) SI_UNIT ( .MILLI., .METRE. ) );
#9032 = FACE_OUTER_BOUND ( 'NONE', #4094, .T. ) ;
#9033 = CARTESIAN_POINT ( 'NONE',  ( 2.859999999999998099, 0.6499999999999999112, 0.4000000000000001332 ) ) ;
#9034 = ORIENTED_EDGE ( 'NONE', *, *, #5084, .T. ) ;
#9035 = CARTESIAN_POINT ( 'NONE',  ( 5.406602564102563235, -0.5730769230769233724, 0.1000000000000000056 ) ) ;
#9036 = CARTESIAN_POINT ( 'NONE',  ( -6.350000000000002309, 1.250000000000000222, 5.000000000000000000 ) ) ;
#9037 = CARTESIAN_POINT ( 'NONE',  ( 5.121025641025640063, -1.162820512820512464, 0.1000000000000000056 ) ) ;
#9038 = CARTESIAN_POINT ( 'NONE',  ( -4.309999999999999609, 1.250000000000000222, 1.885956070686927405E-16 ) ) ;
#9039 = CARTESIAN_POINT ( 'NONE',  ( 5.275032051282050993, 0.09871794871794895010, 0.1000000000000000056 ) ) ;
#9040 = ADVANCED_FACE ( 'NONE', ( #5291 ), #8630, .F. ) ;
#9041 = EDGE_LOOP ( 'NONE', ( #2491, #1257, #3341, #4399, #9712, #6011 ) ) ;
#9042 = DIRECTION ( 'NONE',  ( 0.000000000000000000, 1.000000000000000000, 0.000000000000000000 ) ) ;
#9043 = ORIENTED_EDGE ( 'NONE', *, *, #6414, .F. ) ;
#9044 = UNCERTAINTY_MEASURE_WITH_UNIT (LENGTH_MEASURE( 1.000000000000000082E-05 ), #872, 'distance_accuracy_value', 'NONE');
#9045 = CARTESIAN_POINT ( 'NONE',  ( 5.469220502354381175, 0.003082091239442236782, 0.1000000000000000056 ) ) ;
#9046 = CARTESIAN_POINT ( 'NONE',  ( 5.213717371551195967, 0.08888707444679133651, 0.000000000000000000 ) ) ;
#9047 = CARTESIAN_POINT ( 'NONE',  ( 3.643333333333332202, 1.249999999999999778, 4.599999999999999645 ) ) ;
#9048 = CARTESIAN_POINT ( 'NONE',  ( -5.400000000000002132, 3.109999999999998987, -2.799999999999999822 ) ) ;
#9049 = DIRECTION ( 'NONE',  ( -1.000000000000000000, 0.000000000000000000, 0.000000000000000000 ) ) ;
#9050 = FILL_AREA_STYLE_COLOUR ( '', #6503 ) ;
#9051 = ORIENTED_EDGE ( 'NONE', *, *, #7501, .F. ) ;
#9052 = DIRECTION ( 'NONE',  ( -0.7682212795973755171, 0.000000000000000000, -0.6401843996644802637 ) ) ;
#9053 = ADVANCED_FACE ( 'NONE', ( #141 ), #6056, .F. ) ;
#9054 = DIRECTION ( 'NONE',  ( 0.000000000000000000, 1.000000000000000000, 1.088556398077815828E-16 ) ) ;
#9055 = DIRECTION ( 'NONE',  ( 0.6401843996644795975, 0.000000000000000000, 0.7682212795973760722 ) ) ;
#9056 = VECTOR ( 'NONE', #5223, 1000.000000000000000 ) ;
#9057 = CARTESIAN_POINT ( 'NONE',  ( -2.860000000000001652, 2.909999999999998366, 1.550000000000000933 ) ) ;
#9058 = VERTEX_POINT ( 'NONE', #5172 ) ;
#9059 = ORIENTED_EDGE ( 'NONE', *, *, #1975, .T. ) ;
#9060 = VECTOR ( 'NONE', #361, 1000.000000000000000 ) ;
#9061 = EDGE_CURVE ( 'NONE', #5522, #3503, #9273, .T. ) ;
#9062 = ORIENTED_EDGE ( 'NONE', *, *, #3658, .F. ) ;
#9063 = FILL_AREA_STYLE_COLOUR ( '', #9983 ) ;
#9064 = DIRECTION ( 'NONE',  ( 1.000000000000000000, 0.000000000000000000, 0.000000000000000000 ) ) ;
#9065 =( GEOMETRIC_REPRESENTATION_CONTEXT ( 3 ) GLOBAL_UNCERTAINTY_ASSIGNED_CONTEXT ( ( #2785 ) ) GLOBAL_UNIT_ASSIGNED_CONTEXT ( ( #5103, #1895, #4317 ) ) REPRESENTATION_CONTEXT ( 'NONE', 'WORKASPACE' ) );
#9066 = CARTESIAN_POINT ( 'NONE',  ( 5.437862838663125586, 0.06469006827620825406, 0.1000000000000000056 ) ) ;
#9067 = VERTEX_POINT ( 'NONE', #1804 ) ;
#9068 = EDGE_CURVE ( 'NONE', #3646, #10602, #8515, .T. ) ;
#9069 = DIRECTION ( 'NONE',  ( 1.000000000000000000, 0.000000000000000000, -0.000000000000000000 ) ) ;
#9070 = ORIENTED_EDGE ( 'NONE', *, *, #9929, .F. ) ;
#9071 = DIRECTION ( 'NONE',  ( -0.000000000000000000, 0.000000000000000000, 1.000000000000000000 ) ) ;
#9072 = CARTESIAN_POINT ( 'NONE',  ( 5.427756410256408870, -0.006650641025640825071, 0.1000000000000000056 ) ) ;
#9073 = VECTOR ( 'NONE', #522, 1000.000000000000000 ) ;
#9074 = CARTESIAN_POINT ( 'NONE',  ( 0.3199999999999982858, 5.450000000000000178, -3.000000000000000000 ) ) ;
#9075 = EDGE_CURVE ( 'NONE', #9706, #7577, #10326, .T. ) ;
#9076 =( NAMED_UNIT ( * ) PLANE_ANGLE_UNIT ( ) SI_UNIT ( $, .RADIAN. ) );
#9077 = DIRECTION ( 'NONE',  ( 0.000000000000000000, 6.938893903907229610E-17, -1.000000000000000000 ) ) ;
#9078 = ADVANCED_FACE ( 'NONE', ( #6170 ), #8090, .F. ) ;
#9079 = CARTESIAN_POINT ( 'NONE',  ( 5.081940938748920722, -0.6704056828273203816, 0.1000000000000000056 ) ) ;
#9080 = DIRECTION ( 'NONE',  ( 0.000000000000000000, -0.7071067811865467956, -0.7071067811865483499 ) ) ;
#9081 = VERTEX_POINT ( 'NONE', #4733 ) ;
#9082 = LINE ( 'NONE', #464, #1756 ) ;
#9083 = CARTESIAN_POINT ( 'NONE',  ( 0.3199999999999982858, -7.249999999999999112, 3.650000000000000799 ) ) ;
#9084 = CARTESIAN_POINT ( 'NONE',  ( 5.080144587105865028, -0.05225477560491612050, 0.1000000000000000056 ) ) ;
#9085 = DIRECTION ( 'NONE',  ( 1.000000000000000000, 0.000000000000000000, -0.000000000000000000 ) ) ;
#9086 = VECTOR ( 'NONE', #10810, 1000.000000000000000 ) ;
#9087 = VECTOR ( 'NONE', #2135, 1000.000000000000000 ) ;
#9088 = CARTESIAN_POINT ( 'NONE',  ( -5.850000000000003197, 1.250000000000000222, 5.000000000000000000 ) ) ;
#9089 = DIRECTION ( 'NONE',  ( -0.9080590238365491285, 0.4188422247446088043, 0.000000000000000000 ) ) ;
#9090 = EDGE_CURVE ( 'NONE', #5635, #1255, #2197, .T. ) ;
#9091 = LINE ( 'NONE', #4776, #6648 ) ;
#9092 = DIRECTION ( 'NONE',  ( 0.000000000000000000, 1.000000000000000000, 1.088556398077815828E-16 ) ) ;
#9093 = CARTESIAN_POINT ( 'NONE',  ( 5.288900355815194132, 0.09854404643978449674, 0.1000000000000000056 ) ) ;
#9094 = ORIENTED_EDGE ( 'NONE', *, *, #2552, .F. ) ;
#9095 = CARTESIAN_POINT ( 'NONE',  ( 5.445353411888526729, -0.7072778294371929730, 0.1000000000000000056 ) ) ;
#9096 = ORIENTED_EDGE ( 'NONE', *, *, #2094, .F. ) ;
#9097 = VECTOR ( 'NONE', #8009, 1000.000000000000000 ) ;
#9098 = AXIS2_PLACEMENT_3D ( 'NONE', #3201, #9837, #4795 ) ;
#9099 = CARTESIAN_POINT ( 'NONE',  ( 5.462659483233718305, -0.6358802932648870421, 0.000000000000000000 ) ) ;
#9100 = VECTOR ( 'NONE', #2845, 1000.000000000000000 ) ;
#9101 = FILL_AREA_STYLE ('',( #1567 ) ) ;
#9102 = ADVANCED_FACE ( 'NONE', ( #2875 ), #6269, .F. ) ;
#9103 = CARTESIAN_POINT ( 'NONE',  ( 5.399999999999998579, 4.809999999999998721, 3.450000000000000622 ) ) ;
#9104 = CARTESIAN_POINT ( 'NONE',  ( 5.436630559816197916, -0.8188309024427534721, 0.1000000000000000056 ) ) ;
#9105 = PRESENTATION_STYLE_ASSIGNMENT (( #6479 ) ) ;
#9106 = EDGE_LOOP ( 'NONE', ( #3252, #6470, #10644, #9227 ) ) ;
#9107 = COLOUR_RGB ( '',0.1490196078431372528, 0.1490196078431372528, 0.1490196078431372528 ) ;
#9108 = PRESENTATION_LAYER_ASSIGNMENT (  '', '', ( #4553 ) ) ;
#9109 = CARTESIAN_POINT ( 'NONE',  ( -2.860000000000001652, -7.249999999999999112, 3.650000000000000799 ) ) ;
#9110 = VERTEX_POINT ( 'NONE', #545 ) ;
#9111 = LINE ( 'NONE', #10868, #4759 ) ;
#9112 = VECTOR ( 'NONE', #286, 1000.000000000000000 ) ;
#9113 = CARTESIAN_POINT ( 'NONE',  ( -4.760000000000002451, 2.909999999999999698, 1.350000000000000977 ) ) ;
#9114 = LINE ( 'NONE', #8346, #6350 ) ;
#9115 = VECTOR ( 'NONE', #9574, 1000.000000000000000 ) ;
#9116 = VECTOR ( 'NONE', #5036, 1000.000000000000000 ) ;
#9117 = STYLED_ITEM ( 'NONE', ( #4892 ), #9266 ) ;
#9118 = ORIENTED_EDGE ( 'NONE', *, *, #4885, .F. ) ;
#9119 = VERTEX_POINT ( 'NONE', #7147 ) ;
#9120 = ORIENTED_EDGE ( 'NONE', *, *, #930, .F. ) ;
#9121 = DIRECTION ( 'NONE',  ( 0.6401843996644802637, -0.000000000000000000, -0.7682212795973755171 ) ) ;
#9122 = LINE ( 'NONE', #10001, #5632 ) ;
#9123 = CARTESIAN_POINT ( 'NONE',  ( 5.354427606874599732, 0.1223057850190015922, 0.1000000000000000056 ) ) ;
#9124 = ORIENTED_EDGE ( 'NONE', *, *, #6004, .T. ) ;
#9125 = VECTOR ( 'NONE', #5777, 1000.000000000000000 ) ;
#9126 = ORIENTED_EDGE ( 'NONE', *, *, #8140, .T. ) ;
#9127 = DIRECTION ( 'NONE',  ( -1.000000000000000000, 0.000000000000000000, -0.000000000000000000 ) ) ;
#9128 = VECTOR ( 'NONE', #5809, 1000.000000000000114 ) ;
#9129 = VECTOR ( 'NONE', #9245, 1000.000000000000000 ) ;
#9130 = AXIS2_PLACEMENT_3D ( 'NONE', #9636, #9740, #395 ) ;
#9131 = VECTOR ( 'NONE', #7173, 1000.000000000000000 ) ;
#9132 = DIRECTION ( 'NONE',  ( 0.000000000000000000, 0.000000000000000000, 1.000000000000000000 ) ) ;
#9133 = CARTESIAN_POINT ( 'NONE',  ( -0.3200000000000017830, 4.809999999999998721, 3.450000000000000622 ) ) ;
#9134 = EDGE_CURVE ( 'NONE', #9169, #6830, #7096, .T. ) ;
#9135 = ORIENTED_EDGE ( 'NONE', *, *, #126, .F. ) ;
#9136 = CARTESIAN_POINT ( 'NONE',  ( 5.072771359919006073, -0.7073808030742791964, 0.000000000000000000 ) ) ;
#9137 = COLOUR_RGB ( '',0.1490196078431372528, 0.1490196078431372528, 0.1490196078431372528 ) ;
#9138 = CARTESIAN_POINT ( 'NONE',  ( 5.324448327250723700, -0.9593221430762473023, 0.1000000000000000056 ) ) ;
#9139 = ORIENTED_EDGE ( 'NONE', *, *, #1620, .F. ) ;
#9140 = EDGE_CURVE ( 'NONE', #281, #4797, #8678, .T. ) ;
#9141 = ORIENTED_EDGE ( 'NONE', *, *, #8092, .T. ) ;
#9142 = CARTESIAN_POINT ( 'NONE',  ( 5.399999999999998579, 5.009999999999999787, -2.799999999999999822 ) ) ;
#9143 = CARTESIAN_POINT ( 'NONE',  ( -0.3200000000000017830, 5.650000000000000355, 3.890000000000000124 ) ) ;
#9144 = CARTESIAN_POINT ( 'NONE',  ( 0.3199999999999982858, 2.269999999999997797, 0.9099999999999984768 ) ) ;
#9145 = EDGE_CURVE ( 'NONE', #7992, #5886, #5393, .T. ) ;
#9146 = STYLED_ITEM ( 'NONE', ( #4926 ), #9810 ) ;
#9147 = PLANE ( 'NONE',  #4395 ) ;
#9148 = CARTESIAN_POINT ( 'NONE',  ( 5.274951923076922178, 0.1346153846153848310, 0.1000000000000000056 ) ) ;
#9149 = DIRECTION ( 'NONE',  ( 0.000000000000000000, -0.7071067811865474617, -0.7071067811865474617 ) ) ;
#9150 = DIRECTION ( 'NONE',  ( -0.4285842068721729681, 0.9035018415143106774, 0.000000000000000000 ) ) ;
#9151 = CARTESIAN_POINT ( 'NONE',  ( 5.365714236408900106, -0.9042694458299603832, 0.1000000000000000056 ) ) ;
#9152 = ORIENTED_EDGE ( 'NONE', *, *, #985, .T. ) ;
#9153 = CARTESIAN_POINT ( 'NONE',  ( 4.309999999999997833, 1.250000000000000222, 5.000000000000000000 ) ) ;
#9154 = ORIENTED_EDGE ( 'NONE', *, *, #7666, .T. ) ;
#9155 = UNCERTAINTY_MEASURE_WITH_UNIT (LENGTH_MEASURE( 1.000000000000000082E-05 ), #4111, 'distance_accuracy_value', 'NONE');
#9156 = CARTESIAN_POINT ( 'NONE',  ( 5.479949420571889718, -0.1057954855969310132, 0.1000000000000000056 ) ) ;
#9157 = EDGE_CURVE ( 'NONE', #977, #4059, #2028, .T. ) ;
#9158 = EDGE_CURVE ( 'NONE', #3585, #755, #1135, .T. ) ;
#9159 = LINE ( 'NONE', #7581, #3988 ) ;
#9160 = CARTESIAN_POINT ( 'NONE',  ( -2.860000000000001652, 2.669999999999999041, -3.000000000000000000 ) ) ;
#9161 = ORIENTED_EDGE ( 'NONE', *, *, #6060, .T. ) ;
#9162 = CARTESIAN_POINT ( 'NONE',  ( -2.860000000000001652, 2.469999999999999307, 0.7099999999999970779 ) ) ;
#9163 = CARTESIAN_POINT ( 'NONE',  ( 5.079999999999999183, -1.008974358974358720, 0.1000000000000000056 ) ) ;
#9164 = AXIS2_PLACEMENT_3D ( 'NONE', #2985, #8687, #4515 ) ;
#9165 = FACE_BOUND ( 'NONE', #3683, .T. ) ;
#9166 = DIRECTION ( 'NONE',  ( -0.000000000000000000, -0.000000000000000000, -1.000000000000000000 ) ) ;
#9167 = ORIENTED_EDGE ( 'NONE', *, *, #6403, .F. ) ;
#9168 = ORIENTED_EDGE ( 'NONE', *, *, #1516, .F. ) ;
#9169 = VERTEX_POINT ( 'NONE', #8891 ) ;
#9170 = CARTESIAN_POINT ( 'NONE',  ( -1.557868852459016074, 1.250000000000000222, 1.006557377049180912 ) ) ;
#9171 = FILL_AREA_STYLE_COLOUR ( '', #4371 ) ;
#9172 = CARTESIAN_POINT ( 'NONE',  ( 4.759999999999999787, -1.249999999999999778, 5.000000000000000000 ) ) ;
#9173 = ORIENTED_EDGE ( 'NONE', *, *, #7528, .F. ) ;
#9174 = ADVANCED_FACE ( 'NONE', ( #8840 ), #7978, .F. ) ;
#9175 = PLANE ( 'NONE',  #7007 ) ;
#9176 = ORIENTED_EDGE ( 'NONE', *, *, #4666, .T. ) ;
#9177 = CARTESIAN_POINT ( 'NONE',  ( 5.079999999999999183, -0.4910256410256409465, -0.000000000000000000 ) ) ;
#9178 = DIRECTION ( 'NONE',  ( 1.000000000000000000, 0.000000000000000000, 0.000000000000000000 ) ) ;
#9179 = DIRECTION ( 'NONE',  ( 0.000000000000000000, -1.296504840042456870E-16, -1.000000000000000000 ) ) ;
#9180 = VERTEX_POINT ( 'NONE', #6221 ) ;
#9181 = CARTESIAN_POINT ( 'NONE',  ( -6.350000000000002309, -1.249999999999999778, 0.000000000000000000 ) ) ;
#9182 = CARTESIAN_POINT ( 'NONE',  ( 5.171195956370897129, -0.8880324256104565883, 0.1000000000000000056 ) ) ;
#9183 = ORIENTED_EDGE ( 'NONE', *, *, #6192, .F. ) ;
#9184 = DIRECTION ( 'NONE',  ( -0.000000000000000000, 0.000000000000000000, -1.000000000000000000 ) ) ;
#9185 = ORIENTED_EDGE ( 'NONE', *, *, #8053, .T. ) ;
#9186 = CARTESIAN_POINT ( 'NONE',  ( 5.270007781580718920, 0.1345435025621070924, 0.1000000000000000056 ) ) ;
#9187 = CARTESIAN_POINT ( 'NONE',  ( 1.436666666666664316, 0.6499999999999999112, 4.599999999999999645 ) ) ;
#9188 = ADVANCED_FACE ( 'NONE', ( #3036 ), #1194, .F. ) ;
#9189 = DIRECTION ( 'NONE',  ( -0.000000000000000000, 0.000000000000000000, 1.000000000000000000 ) ) ;
#9190 = CARTESIAN_POINT ( 'NONE',  ( 5.382095414377982223, 0.1103523781947478022, 0.000000000000000000 ) ) ;
#9191 = LINE ( 'NONE', #9036, #10657 ) ;
#9192 = PLANE ( 'NONE',  #9267 ) ;
#9193 = CARTESIAN_POINT ( 'NONE',  ( -5.400000000000002132, -1.249999999999999778, 5.000000000000000000 ) ) ;
#9194 = EDGE_CURVE ( 'NONE', #4458, #3871, #2249, .T. ) ;
#9195 = CARTESIAN_POINT ( 'NONE',  ( 5.407445274586963002, -0.8683958644328906296, 0.1000000000000000056 ) ) ;
#9196 = ORIENTED_EDGE ( 'NONE', *, *, #7066, .F. ) ;
#9197 = LINE ( 'NONE', #4262, #9834 ) ;
#9198 = ORIENTED_EDGE ( 'NONE', *, *, #3126, .T. ) ;
#9199 = DIRECTION ( 'NONE',  ( 0.000000000000000000, -1.000000000000000000, 0.000000000000000000 ) ) ;
#9200 = CARTESIAN_POINT ( 'NONE',  ( 5.270595485729828944, 0.09864352210191310033, 0.000000000000000000 ) ) ;
#9201 = ADVANCED_FACE ( 'NONE', ( #2311 ), #5830, .F. ) ;
#9202 = CARTESIAN_POINT ( 'NONE',  ( -2.220000000000001972, -7.249999999999999112, 1.349999999999999867 ) ) ;
#9203 = DIRECTION ( 'NONE',  ( -0.000000000000000000, 0.000000000000000000, -1.000000000000000000 ) ) ;
#9204 = ORIENTED_EDGE ( 'NONE', *, *, #5751, .T. ) ;
#9205 = EDGE_CURVE ( 'NONE', #8131, #261, #2358, .T. ) ;
#9206 = CARTESIAN_POINT ( 'NONE',  ( 5.091737648981754738, -0.8508196275666287667, 0.1000000000000000056 ) ) ;
#9207 = ORIENTED_EDGE ( 'NONE', *, *, #595, .T. ) ;
#9208 = DIRECTION ( 'NONE',  ( -0.000000000000000000, 0.000000000000000000, -1.000000000000000000 ) ) ;
#9209 = FACE_BOUND ( 'NONE', #5806, .T. ) ;
#9210 = LINE ( 'NONE', #709, #2477 ) ;
#9211 = CARTESIAN_POINT ( 'NONE',  ( 5.274871794871794251, -0.4551282051282050101, 0.1000000000000000056 ) ) ;
#9212 = ORIENTED_EDGE ( 'NONE', *, *, #8470, .F. ) ;
#9213 = ORIENTED_EDGE ( 'NONE', *, *, #7528, .T. ) ;
#9214 = ORIENTED_EDGE ( 'NONE', *, *, #1078, .T. ) ;
#9215 = LINE ( 'NONE', #3620, #2418 ) ;
#9216 =( LENGTH_UNIT ( ) NAMED_UNIT ( * ) SI_UNIT ( .MILLI., .METRE. ) );
#9217 = DIRECTION ( 'NONE',  ( 0.000000000000000000, 1.000000000000000000, 0.000000000000000000 ) ) ;
#9218 = VERTEX_POINT ( 'NONE', #9162 ) ;
#9219 = CARTESIAN_POINT ( 'NONE',  ( -3.056885245901639792, 1.250000000000000222, 2.255737704918033160 ) ) ;
#9220 = EDGE_LOOP ( 'NONE', ( #2498, #29, #7751, #8251 ) ) ;
#9221 = CARTESIAN_POINT ( 'NONE',  ( -0.3200000000000017830, 4.809999999999999609, 3.250000000000000888 ) ) ;
#9222 = CARTESIAN_POINT ( 'NONE',  ( -2.220000000000001972, -7.049999999999999822, 3.450000000000000622 ) ) ;
#9223 = FILL_AREA_STYLE_COLOUR ( '', #4049 ) ;
#9224 = AXIS2_PLACEMENT_3D ( 'NONE', #3887, #5427, #3108 ) ;
#9225 = CARTESIAN_POINT ( 'NONE',  ( -2.860000000000001652, 5.450000000000000178, -3.000000000000000000 ) ) ;
#9226 = EDGE_CURVE ( 'NONE', #861, #1585, #6484, .T. ) ;
#9227 = ORIENTED_EDGE ( 'NONE', *, *, #7304, .T. ) ;
#9228 = COLOUR_RGB ( '',0.1490196078431372528, 0.1490196078431372528, 0.1490196078431372528 ) ;
#9229 = LINE ( 'NONE', #3544, #7530 ) ;
#9230 = CARTESIAN_POINT ( 'NONE',  ( 5.279599358974357948, -0.9269230769230771827, 0.1000000000000000056 ) ) ;
#9231 = ORIENTED_EDGE ( 'NONE', *, *, #616, .F. ) ;
#9232 = CARTESIAN_POINT ( 'NONE',  ( 5.131201923076922355, 0.002564102564102757088, 0.000000000000000000 ) ) ;
#9233 = ORIENTED_EDGE ( 'NONE', *, *, #10338, .F. ) ;
#9234 = PLANE ( 'NONE',  #6176 ) ;
#9235 = AXIS2_PLACEMENT_3D ( 'NONE', #2605, #6898, #9349 ) ;
#9236 = LINE ( 'NONE', #6683, #10368 ) ;
#9237 = AXIS2_PLACEMENT_3D ( 'NONE', #4677, #10447, #2152 ) ;
#9238 = DIRECTION ( 'NONE',  ( 0.000000000000000000, 0.000000000000000000, 1.000000000000000000 ) ) ;
#9239 = CARTESIAN_POINT ( 'NONE',  ( -2.220000000000001972, 4.809999999999999609, 3.250000000000000888 ) ) ;
#9240 = VECTOR ( 'NONE', #4835, 1000.000000000000000 ) ;
#9241 = CARTESIAN_POINT ( 'NONE',  ( 2.859999999999998099, 4.809999999999998721, 3.450000000000000622 ) ) ;
#9242 = CARTESIAN_POINT ( 'NONE',  ( 5.430656316591943700, -0.01713746807171024830, 0.1000000000000000056 ) ) ;
#9243 = CARTESIAN_POINT ( 'NONE',  ( 5.436630559816197916, -0.8188309024427534721, 0.000000000000000000 ) ) ;
#9244 = ORIENTED_EDGE ( 'NONE', *, *, #7087, .T. ) ;
#9245 = DIRECTION ( 'NONE',  ( 0.000000000000000000, -1.296504840042456870E-16, -1.000000000000000000 ) ) ;
#9246 = VERTEX_POINT ( 'NONE', #6428 ) ;
#9247 = CARTESIAN_POINT ( 'NONE',  ( 5.069773531749965478, -0.7514175179934080573, 0.1000000000000000056 ) ) ;
#9248 = LINE ( 'NONE', #2730, #10537 ) ;
#9249 =( GEOMETRIC_REPRESENTATION_CONTEXT ( 3 ) GLOBAL_UNCERTAINTY_ASSIGNED_CONTEXT ( ( #4880 ) ) GLOBAL_UNIT_ASSIGNED_CONTEXT ( ( #2361, #10716, #8188 ) ) REPRESENTATION_CONTEXT ( 'NONE', 'WORKASPACE' ) );
#9250 = CARTESIAN_POINT ( 'NONE',  ( -5.400000000000002132, 5.009999999999999787, -2.799999999999999822 ) ) ;
#9251 = VECTOR ( 'NONE', #6811, 1000.000000000000000 ) ;
#9252 = AXIS2_PLACEMENT_3D ( 'NONE', #6694, #629, #10697 ) ;
#9253 = EDGE_CURVE ( 'NONE', #10342, #6924, #3243, .T. ) ;
#9254 = B_SPLINE_SURFACE_WITH_KNOTS ( 'NONE', 3, 1, ( 
 ( #2921, #10323 ),
 ( #8627, #5453 ),
 ( #3696, #8838 ),
 ( #8791, #2814 ),
 ( #1256, #7976 ),
 ( #6107, #8728 ),
 ( #417, #10494 ),
 ( #6324, #1915 ),
 ( #8676, #5512 ),
 ( #4561, #1306 ),
 ( #2026, #8028 ) ),
 .UNSPECIFIED., .F., .F., .F.,
 ( 4, 1, 1, 1, 1, 1, 1, 1, 4 ),
 ( 2, 2 ),
 ( 0.000000000000000000, 0.1285151895116614096, 0.2529486363526578518, 0.3747547340060050636, 0.4959397538670507477, 0.6171806414298931509, 0.7409094692781396096, 0.8678111481862027521, 1.000000000000000000 ),
 ( 0.000000000000000000, 1.000000000000000000 ),
 .UNSPECIFIED. ) ;
#9255 = PLANE ( 'NONE',  #8198 ) ;
#9256 = FACE_OUTER_BOUND ( 'NONE', #8598, .T. ) ;
#9257 = DIRECTION ( 'NONE',  ( 0.000000000000000000, -1.000000000000000000, 0.000000000000000000 ) ) ;
#9258 = EDGE_CURVE ( 'NONE', #2156, #9681, #3000, .T. ) ;
#9259 = FACE_OUTER_BOUND ( 'NONE', #9512, .T. ) ;
#9260 = VERTEX_POINT ( 'NONE', #1519 ) ;
#9261 = COLOUR_RGB ( '',0.1490196078431372528, 0.1490196078431372528, 0.1490196078431372528 ) ;
#9262 = DIRECTION ( 'NONE',  ( 1.000000000000000000, 0.000000000000000000, -0.000000000000000000 ) ) ;
#9263 = EDGE_CURVE ( 'NONE', #8059, #10035, #10765, .T. ) ;
#9264 = CARTESIAN_POINT ( 'NONE',  ( 5.249230769230768701, 0.4483173076923080425, 0.000000000000000000 ) ) ;
#9265 = LINE ( 'NONE', #3408, #8378 ) ;
#9266 = ADVANCED_FACE ( 'NONE', ( #9985 ), #2405, .F. ) ;
#9267 = AXIS2_PLACEMENT_3D ( 'NONE', #5362, #1223, #3822 ) ;
#9268 = DIRECTION ( 'NONE',  ( -0.6401843996644789314, 0.000000000000000000, -0.7682212795973766273 ) ) ;
#9269 = EDGE_LOOP ( 'NONE', ( #9010, #5900, #7148, #6342 ) ) ;
#9270 = MECHANICAL_DESIGN_GEOMETRIC_PRESENTATION_REPRESENTATION (  '', ( #4553 ), #2447 ) ;
#9271 = ORIENTED_EDGE ( 'NONE', *, *, #3771, .F. ) ;
#9272 = VERTEX_POINT ( 'NONE', #10604 ) ;
#9273 = LINE ( 'NONE', #5122, #7726 ) ;
#9274 = CARTESIAN_POINT ( 'NONE',  ( -5.850000000000003197, 1.250000000000000222, 5.000000000000000000 ) ) ;
#9275 = ORIENTED_EDGE ( 'NONE', *, *, #5246, .F. ) ;
#9276 = FACE_OUTER_BOUND ( 'NONE', #7535, .T. ) ;
#9277 = DIRECTION ( 'NONE',  ( 0.000000000000000000, 0.000000000000000000, -1.000000000000000000 ) ) ;
#9278 = DIRECTION ( 'NONE',  ( 1.000000000000000000, -0.000000000000000000, -0.000000000000000000 ) ) ;
#9279 = CARTESIAN_POINT ( 'NONE',  ( 5.123463297597678157, -0.04247369503317401096, 0.1000000000000000056 ) ) ;
#9280 = AXIS2_PLACEMENT_3D ( 'NONE', #3483, #5018, #10902 ) ;
#9281 = ADVANCED_FACE ( 'NONE', ( #4071 ), #1469, .T. ) ;
#9282 = VECTOR ( 'NONE', #4714, 1000.000000000000114 ) ;
#9283 =( NAMED_UNIT ( * ) PLANE_ANGLE_UNIT ( ) SI_UNIT ( $, .RADIAN. ) );
#9284 = VERTEX_POINT ( 'NONE', #8137 ) ;
#9285 = EDGE_CURVE ( 'NONE', #1395, #6830, #7308, .T. ) ;
#9286 = CARTESIAN_POINT ( 'NONE',  ( 5.177435897435896273, -0.6044871794871796711, 0.1000000000000000056 ) ) ;
#9287 = VECTOR ( 'NONE', #9494, 1000.000000000000000 ) ;
#9288 = CIRCLE ( 'NONE', #3899, 0.2000000000000000944 ) ;
#9289 = CARTESIAN_POINT ( 'NONE',  ( 5.262079874696753201, -0.9264947339389769665, 0.1000000000000000056 ) ) ;
#9290 = ORIENTED_EDGE ( 'NONE', *, *, #1959, .F. ) ;
#9291 = VECTOR ( 'NONE', #8297, 1000.000000000000000 ) ;
#9292 = AXIS2_PLACEMENT_3D ( 'NONE', #10276, #3641, #6175 ) ;
#9293 = DIRECTION ( 'NONE',  ( 1.000000000000000000, 0.000000000000000000, 0.000000000000000000 ) ) ;
#9294 = ORIENTED_EDGE ( 'NONE', *, *, #9485, .F. ) ;
#9295 = CARTESIAN_POINT ( 'NONE',  ( 5.231972896995821465, 0.1312812052486491132, 0.1000000000000000056 ) ) ;
#9296 = LINE ( 'NONE', #100, #3184 ) ;
#9297 = EDGE_CURVE ( 'NONE', #6597, #8652, #8186, .T. ) ;
#9298 = CARTESIAN_POINT ( 'NONE',  ( 0.000000000000000000, 0.000000000000000000, 0.000000000000000000 ) ) ;
#9299 = PRESENTATION_LAYER_ASSIGNMENT (  '', '', ( #5105 ) ) ;
#9300 = STYLED_ITEM ( 'NONE', ( #437 ), #3628 ) ;
#9301 = VECTOR ( 'NONE', #10302, 1000.000000000000000 ) ;
#9302 = VECTOR ( 'NONE', #4760, 999.9999999999998863 ) ;
#9303 = DIRECTION ( 'NONE',  ( 1.000000000000000000, -0.000000000000000000, -0.000000000000000000 ) ) ;
#9304 = DIRECTION ( 'NONE',  ( 0.000000000000000000, 0.000000000000000000, -1.000000000000000000 ) ) ;
#9305 = CARTESIAN_POINT ( 'NONE',  ( 5.283528764232045205, -0.9268769621782948498, 0.000000000000000000 ) ) ;
#9306 = ORIENTED_EDGE ( 'NONE', *, *, #10289, .F. ) ;
#9307 = DIRECTION ( 'NONE',  ( 0.000000000000000000, 1.000000000000000000, 6.938893903907229610E-17 ) ) ;
#9308 = ORIENTED_EDGE ( 'NONE', *, *, #2907, .F. ) ;
#9309 = CARTESIAN_POINT ( 'NONE',  ( 4.759999999999998899, 0.6500000000000000222, 0.9099999999999986988 ) ) ;
#9310 = VECTOR ( 'NONE', #3428, 999.9999999999998863 ) ;
#9311 = EDGE_CURVE ( 'NONE', #10656, #2920, #10713, .T. ) ;
#9312 = CARTESIAN_POINT ( 'NONE',  ( 2.859999999999998099, 4.809999999999998721, 3.450000000000000622 ) ) ;
#9313 = CARTESIAN_POINT ( 'NONE',  ( 5.143869169075868442, -0.5806484325623101350, 0.1000000000000000056 ) ) ;
#9314 = VERTEX_POINT ( 'NONE', #4380 ) ;
#9315 = CARTESIAN_POINT ( 'NONE',  ( -4.760000000000002451, -1.249999999999999778, 5.000000000000000000 ) ) ;
#9316 = DIRECTION ( 'NONE',  ( 0.000000000000000000, -1.000000000000000000, 1.296504840042457116E-16 ) ) ;
#9317 = VERTEX_POINT ( 'NONE', #4224 ) ;
#9318 = ORIENTED_EDGE ( 'NONE', *, *, #4684, .T. ) ;
#9319 = CARTESIAN_POINT ( 'NONE',  ( -0.3200000000000017830, -7.249999999999999112, 3.890000000000000568 ) ) ;
#9320 = CARTESIAN_POINT ( 'NONE',  ( 3.643333333333332202, 0.6499999999999999112, 4.599999999999999645 ) ) ;
#9321 = FACE_OUTER_BOUND ( 'NONE', #4623, .T. ) ;
#9322 = EDGE_CURVE ( 'NONE', #4407, #1088, #16, .T. ) ;
#9323 = CARTESIAN_POINT ( 'NONE',  ( 2.859999999999998099, 0.6499999999999999112, 4.090000000000000746 ) ) ;
#9324 = ORIENTED_EDGE ( 'NONE', *, *, #5864, .T. ) ;
#9325 = VERTEX_POINT ( 'NONE', #2519 ) ;
#9326 = VERTEX_POINT ( 'NONE', #8394 ) ;
#9327 = EDGE_LOOP ( 'NONE', ( #2554, #487, #4084, #7334 ) ) ;
#9328 = LINE ( 'NONE', #6821, #8948 ) ;
#9329 = EDGE_LOOP ( 'NONE', ( #5391, #4751, #9161, #553 ) ) ;
#9330 = EDGE_CURVE ( 'NONE', #7719, #4634, #8455, .T. ) ;
#9331 = CARTESIAN_POINT ( 'NONE',  ( 4.759999999999999787, -1.249999999999999778, 5.000000000000000000 ) ) ;
#9332 = VERTEX_POINT ( 'NONE', #10206 ) ;
#9333 = CARTESIAN_POINT ( 'NONE',  ( 5.411514847965383623, -0.6335615953910909148, -0.000000000000000000 ) ) ;
#9334 = CARTESIAN_POINT ( 'NONE',  ( 2.219999999999997975, 2.269999999999997797, 0.9099999999999984768 ) ) ;
#9335 = CARTESIAN_POINT ( 'NONE',  ( 5.121025641025640063, -0.1117788461538459788, 0.000000000000000000 ) ) ;
#9336 = DIRECTION ( 'NONE',  ( 0.000000000000000000, 0.000000000000000000, -1.000000000000000000 ) ) ;
#9337 = ADVANCED_FACE ( 'NONE', ( #904 ), #10142, .F. ) ;
#9338 = ORIENTED_EDGE ( 'NONE', *, *, #1340, .T. ) ;
#9339 = LINE ( 'NONE', #6775, #129 ) ;
#9340 = LINE ( 'NONE', #7608, #4749 ) ;
#9341 = ORIENTED_EDGE ( 'NONE', *, *, #191, .F. ) ;
#9342 = EDGE_CURVE ( 'NONE', #3936, #950, #2565, .T. ) ;
#9343 = CARTESIAN_POINT ( 'NONE',  ( 5.397988793838613297, -0.6183397719650519653, 0.1000000000000000056 ) ) ;
#9344 = ORIENTED_EDGE ( 'NONE', *, *, #10781, .F. ) ;
#9345 = CARTESIAN_POINT ( 'NONE',  ( 4.309999999999997833, -1.249999999999999778, 0.000000000000000000 ) ) ;
#9346 = DIRECTION ( 'NONE',  ( -1.000000000000000000, 0.000000000000000000, 0.000000000000000000 ) ) ;
#9347 = DIRECTION ( 'NONE',  ( 0.000000000000000000, 1.000000000000000000, 1.088556398077815951E-16 ) ) ;
#9348 = CARTESIAN_POINT ( 'NONE',  ( -0.3200000000000017830, 3.109999999999998987, -2.799999999999999822 ) ) ;
#9349 = DIRECTION ( 'NONE',  ( -0.000000000000000000, 0.000000000000000000, -1.000000000000000000 ) ) ;
#9350 = LINE ( 'NONE', #3556, #8240 ) ;
#9351 = CARTESIAN_POINT ( 'NONE',  ( 5.434705444767771176, -0.04187513818084262485, 0.1000000000000000056 ) ) ;
#9352 = CARTESIAN_POINT ( 'NONE',  ( 5.440450607488585000, -0.8078489141292207742, 0.1000000000000000056 ) ) ;
#9353 = ORIENTED_EDGE ( 'NONE', *, *, #6800, .F. ) ;
#9354 = PLANE ( 'NONE',  #3355 ) ;
#9355 = ORIENTED_EDGE ( 'NONE', *, *, #9767, .F. ) ;
#9356 = B_SPLINE_CURVE_WITH_KNOTS ( 'NONE', 3,
 ( #5314, #10296, #3727, #2781, #10465, #222, #6296, #8651, #8597, #1107, #2724 ),
 .UNSPECIFIED., .F., .F.,
 ( 4, 1, 1, 1, 1, 1, 1, 1, 4 ),
 ( 0.000000000000000000, 0.1285151895116614096, 0.2529486363526578518, 0.3747547340060050636, 0.4959397538670507477, 0.6171806414298931509, 0.7409094692781396096, 0.8678111481862027521, 1.000000000000000000 ),
 .UNSPECIFIED. ) ;
#9357 = UNCERTAINTY_MEASURE_WITH_UNIT (LENGTH_MEASURE( 1.000000000000000082E-05 ), #10239, 'distance_accuracy_value', 'NONE');
#9358 = CARTESIAN_POINT ( 'NONE',  ( 5.079512467738528159, -0.8192786846122088740, 0.1000000000000000056 ) ) ;
#9359 = CARTESIAN_POINT ( 'NONE',  ( -0.3200000000000017830, 5.209999999999999076, -3.000000000000000000 ) ) ;
#9360 = CARTESIAN_POINT ( 'NONE',  ( 1.269999999999997797, -1.249999999999999778, 4.400000000000000355 ) ) ;
#9361 = CARTESIAN_POINT ( 'NONE',  ( 5.150376396020813097, -0.5756047956943955990, 0.1000000000000000056 ) ) ;
#9362 = EDGE_LOOP ( 'NONE', ( #1238, #2864, #7705, #5683, #3548, #7163, #2901, #7478, #6769, #3845, #10539, #10529 ) ) ;
#9363 = CARTESIAN_POINT ( 'NONE',  ( 0.000000000000000000, 0.000000000000000000, 0.000000000000000000 ) ) ;
#9364 = EDGE_CURVE ( 'NONE', #6916, #657, #6680, .T. ) ;
#9365 = FACE_OUTER_BOUND ( 'NONE', #10157, .T. ) ;
#9366 = CARTESIAN_POINT ( 'NONE',  ( -5.400000000000002132, 5.649999999999999467, -2.799999999999999822 ) ) ;
#9367 = CARTESIAN_POINT ( 'NONE',  ( 5.096970969999024881, -0.8606326345801060818, 0.1000000000000000056 ) ) ;
#9368 = ORIENTED_EDGE ( 'NONE', *, *, #10678, .F. ) ;
#9369 = LINE ( 'NONE', #1846, #8424 ) ;
#9370 = DIRECTION ( 'NONE',  ( 0.000000000000000000, 1.000000000000000000, 1.088556398077815828E-16 ) ) ;
#9371 = DIRECTION ( 'NONE',  ( 0.000000000000000000, 1.000000000000000000, 6.938893903907229610E-17 ) ) ;
#9372 = DIRECTION ( 'NONE',  ( 0.000000000000000000, 0.7071067811865467956, 0.7071067811865483499 ) ) ;
#9373 = CARTESIAN_POINT ( 'NONE',  ( 5.438913822799654518, -0.1093978184965466310, 0.1000000000000000056 ) ) ;
#9374 = ORIENTED_EDGE ( 'NONE', *, *, #8083, .F. ) ;
#9375 = VERTEX_POINT ( 'NONE', #1901 ) ;
#9376 = ORIENTED_EDGE ( 'NONE', *, *, #10228, .T. ) ;
#9377 = EDGE_CURVE ( 'NONE', #2467, #3091, #3602, .T. ) ;
#9378 = FACE_OUTER_BOUND ( 'NONE', #3103, .T. ) ;
#9379 = EDGE_LOOP ( 'NONE', ( #4236, #3911, #2484, #1695, #10063, #9775 ) ) ;
#9380 = LINE ( 'NONE', #1857, #1211 ) ;
#9381 = VERTEX_POINT ( 'NONE', #10257 ) ;
#9382 = LINE ( 'NONE', #10887, #841 ) ;
#9383 = ORIENTED_EDGE ( 'NONE', *, *, #998, .T. ) ;
#9384 = CARTESIAN_POINT ( 'NONE',  ( 2.859999999999998099, 3.109999999999999876, 1.349999999999999645 ) ) ;
#9385 = CARTESIAN_POINT ( 'NONE',  ( 5.218532237000528262, 0.1284190217697206426, 0.000000000000000000 ) ) ;
#9386 = EDGE_CURVE ( 'NONE', #6422, #2096, #2686, .T. ) ;
#9387 = FACE_OUTER_BOUND ( 'NONE', #4951, .T. ) ;
#9388 = VERTEX_POINT ( 'NONE', #2739 ) ;
#9389 = LINE ( 'NONE', #8423, #8925 ) ;
#9390 = ADVANCED_FACE ( 'NONE', ( #9259 ), #9422, .F. ) ;
#9391 = CARTESIAN_POINT ( 'NONE',  ( 5.122555713652911180, -0.8183661068887243539, 0.1000000000000000056 ) ) ;
#9392 = EDGE_LOOP ( 'NONE', ( #8984, #4412, #7375, #2319 ) ) ;
#9393 = LINE ( 'NONE', #2664, #1392 ) ;
#9394 = ORIENTED_EDGE ( 'NONE', *, *, #7001, .T. ) ;
#9395 = CARTESIAN_POINT ( 'NONE',  ( 5.101616740996180788, 0.04355990492942405506, -1.355252715606880543E-17 ) ) ;
#9396 = CARTESIAN_POINT ( 'NONE',  ( 5.136574154137259818, -0.6512165209302156477, 0.1000000000000000056 ) ) ;
#9397 = EDGE_CURVE ( 'NONE', #375, #5496, #10545, .T. ) ;
#9398 = SURFACE_STYLE_FILL_AREA ( #889 ) ;
#9399 = VECTOR ( 'NONE', #22, 1000.000000000000000 ) ;
#9400 = ADVANCED_FACE ( 'NONE', ( #1121 ), #4663, .F. ) ;
#9401 = CARTESIAN_POINT ( 'NONE',  ( 5.399999999999998579, 5.650000000000000355, 3.890000000000000124 ) ) ;
#9402 = DIRECTION ( 'NONE',  ( 0.000000000000000000, 0.7071067811865467956, 0.7071067811865483499 ) ) ;
#9403 = DIRECTION ( 'NONE',  ( 0.000000000000000000, 0.000000000000000000, 1.000000000000000000 ) ) ;
#9404 = VECTOR ( 'NONE', #8922, 1000.000000000000000 ) ;
#9405 = CARTESIAN_POINT ( 'NONE',  ( 0.3199999999999982858, -7.249999999999999112, 3.890000000000000568 ) ) ;
#9406 = CARTESIAN_POINT ( 'NONE',  ( 5.249230769230768701, 0.4483173076923080425, 0.1000000000000000056 ) ) ;
#9407 = ORIENTED_EDGE ( 'NONE', *, *, #544, .T. ) ;
#9408 = CARTESIAN_POINT ( 'NONE',  ( 5.365714236408900106, -0.9042694458299603832, -0.000000000000000000 ) ) ;
#9409 = EDGE_LOOP ( 'NONE', ( #1080, #248, #10033, #8900 ) ) ;
#9410 = AXIS2_PLACEMENT_3D ( 'NONE', #842, #4217, #4109 ) ;
#9411 = FACE_OUTER_BOUND ( 'NONE', #4432, .T. ) ;
#9412 = LINE ( 'NONE', #8544, #3106 ) ;
#9413 = CARTESIAN_POINT ( 'NONE',  ( -5.400000000000002132, 2.909999999999998366, 1.550000000000000933 ) ) ;
#9414 = CARTESIAN_POINT ( 'NONE',  ( 5.069743589743588963, -0.7471153846153848477, 0.1000000000000000056 ) ) ;
#9415 = PRESENTATION_LAYER_ASSIGNMENT (  '', '', ( #1702 ) ) ;
#9416 = EDGE_CURVE ( 'NONE', #10853, #7193, #10012, .T. ) ;
#9417 = VERTEX_POINT ( 'NONE', #3682 ) ;
#9418 = DIRECTION ( 'NONE',  ( 0.000000000000000000, 1.000000000000000000, 1.088556398077815951E-16 ) ) ;
#9419 = FACE_OUTER_BOUND ( 'NONE', #3853, .T. ) ;
#9420 = FILL_AREA_STYLE ('',( #7748 ) ) ;
#9421 = PRESENTATION_STYLE_ASSIGNMENT (( #6095 ) ) ;
#9422 = PLANE ( 'NONE',  #2469 ) ;
#9423 = EDGE_LOOP ( 'NONE', ( #7766, #7821, #2696, #8076 ) ) ;
#9424 = VECTOR ( 'NONE', #7707, 1000.000000000000000 ) ;
#9425 = LINE ( 'NONE', #6157, #3170 ) ;
#9426 = VECTOR ( 'NONE', #7844, 1000.000000000000000 ) ;
#9427 = VECTOR ( 'NONE', #10051, 1000.000000000000000 ) ;
#9428 = CARTESIAN_POINT ( 'NONE',  ( 3.976666666666664796, 0.6499999999999999112, 0.4000000000000001332 ) ) ;
#9429 = DIRECTION ( 'NONE',  ( 0.000000000000000000, 1.628629872832303439E-16, 1.000000000000000000 ) ) ;
#9430 = EDGE_CURVE ( 'NONE', #5406, #10097, #2863, .T. ) ;
#9431 = CARTESIAN_POINT ( 'NONE',  ( 0.3199999999999982858, 2.469999999999999307, -2.799999999999999822 ) ) ;
#9432 = EDGE_CURVE ( 'NONE', #3173, #688, #1965, .T. ) ;
#9433 = VECTOR ( 'NONE', #777, 1000.000000000000000 ) ;
#9434 = VERTEX_POINT ( 'NONE', #7084 ) ;
#9435 = VERTEX_POINT ( 'NONE', #10430 ) ;
#9436 = STYLED_ITEM ( 'NONE', ( #9486 ), #5483 ) ;
#9437 = ORIENTED_EDGE ( 'NONE', *, *, #4123, .T. ) ;
#9438 = PRODUCT_DEFINITION_SHAPE ( 'NONE', 'NONE',  #6534 ) ;
#9439 = CARTESIAN_POINT ( 'NONE',  ( 2.219999999999997975, -7.049999999999999822, 3.450000000000000622 ) ) ;
#9440 = ORIENTED_EDGE ( 'NONE', *, *, #10422, .F. ) ;
#9441 = CARTESIAN_POINT ( 'NONE',  ( 5.432807787737276684, -0.02877626396033934608, -0.000000000000000000 ) ) ;
#9442 = EDGE_LOOP ( 'NONE', ( #5748, #8572, #5918, #897, #1480, #2591 ) ) ;
#9443 =( NAMED_UNIT ( * ) PLANE_ANGLE_UNIT ( ) SI_UNIT ( $, .RADIAN. ) );
#9444 = CARTESIAN_POINT ( 'NONE',  ( 0.3199999999999982858, 4.809999999999998721, 3.450000000000000622 ) ) ;
#9445 = VECTOR ( 'NONE', #2168, 1000.000000000000000 ) ;
#9446 = VECTOR ( 'NONE', #1544, 1000.000000000000000 ) ;
#9447 = AXIS2_PLACEMENT_3D ( 'NONE', #6066, #4183, #3378 ) ;
#9448 = CARTESIAN_POINT ( 'NONE',  ( 5.467067898890001665, -0.8511700909622121891, 0.000000000000000000 ) ) ;
#9449 = ORIENTED_EDGE ( 'NONE', *, *, #1494, .T. ) ;
#9450 = LINE ( 'NONE', #7937, #308 ) ;
#9451 = CARTESIAN_POINT ( 'NONE',  ( 5.080000000000000071, -0.06963141025641009230, -1.355252715606880543E-17 ) ) ;
#9452 = VERTEX_POINT ( 'NONE', #355 ) ;
#9453 = VECTOR ( 'NONE', #10311, 1000.000000000000000 ) ;
#9454 = VECTOR ( 'NONE', #5080, 1000.000000000000000 ) ;
#9455 = FACE_OUTER_BOUND ( 'NONE', #5057, .T. ) ;
#9456 = ORIENTED_EDGE ( 'NONE', *, *, #883, .T. ) ;
#9457 = CARTESIAN_POINT ( 'NONE',  ( 5.096395712931096611, 0.03288519246040175897, -1.355252715606880543E-17 ) ) ;
#9458 = AXIS2_PLACEMENT_3D ( 'NONE', #8616, #1071, #6965 ) ;
#9459 = LINE ( 'NONE', #7996, #7529 ) ;
#9460 = ADVANCED_FACE ( 'NONE', ( #9540 ), #4439, .F. ) ;
#9461 = AXIS2_PLACEMENT_3D ( 'NONE', #8270, #10232, #5077 ) ;
#9462 = CARTESIAN_POINT ( 'NONE',  ( -2.860000000000001652, 0.6499999999999995781, 1.550000000000000711 ) ) ;
#9463 = LINE ( 'NONE', #6136, #4159 ) ;
#9464 = VECTOR ( 'NONE', #5505, 1000.000000000000000 ) ;
#9465 = MECHANICAL_DESIGN_GEOMETRIC_PRESENTATION_REPRESENTATION (  '', ( #10176 ), #1747 ) ;
#9466 = EDGE_CURVE ( 'NONE', #8271, #9839, #7799, .T. ) ;
#9467 = CARTESIAN_POINT ( 'NONE',  ( -5.515901639344262364, 1.250000000000000222, 5.695081967213115881 ) ) ;
#9468 = CARTESIAN_POINT ( 'NONE',  ( 5.438953675051445558, -0.1226758223654682706, 0.1000000000000000056 ) ) ;
#9469 = CARTESIAN_POINT ( 'NONE',  ( 0.3199999999999982303, -1.249999999999999778, 3.450000000000000622 ) ) ;
#9470 = ORIENTED_EDGE ( 'NONE', *, *, #563, .F. ) ;
#9471 = CARTESIAN_POINT ( 'NONE',  ( 5.446176086536309136, -0.7853009797737018349, 0.000000000000000000 ) ) ;
#9472 = VERTEX_POINT ( 'NONE', #2912 ) ;
#9473 = EDGE_CURVE ( 'NONE', #2544, #10171, #8779, .T. ) ;
#9474 = CARTESIAN_POINT ( 'NONE',  ( -5.400000000000002132, 5.209999999999999076, -3.000000000000000000 ) ) ;
#9475 = LINE ( 'NONE', #4484, #6271 ) ;
#9476 = VECTOR ( 'NONE', #8719, 1000.000000000000000 ) ;
#9477 = CARTESIAN_POINT ( 'NONE',  ( 5.134693585320798448, -0.5888137485190241271, -0.000000000000000000 ) ) ;
#9478 = DIRECTION ( 'NONE',  ( 0.000000000000000000, 1.000000000000000000, 0.000000000000000000 ) ) ;
#9479 = VECTOR ( 'NONE', #941, 1000.000000000000000 ) ;
#9480 = VECTOR ( 'NONE', #4768, 1000.000000000000000 ) ;
#9481 = VECTOR ( 'NONE', #10075, 1000.000000000000000 ) ;
#9482 = ORIENTED_EDGE ( 'NONE', *, *, #7336, .T. ) ;
#9483 = PLANE ( 'NONE',  #458 ) ;
#9484 = EDGE_CURVE ( 'NONE', #8319, #6491, #5028, .T. ) ;
#9485 = EDGE_CURVE ( 'NONE', #1383, #10321, #8130, .T. ) ;
#9486 = PRESENTATION_STYLE_ASSIGNMENT (( #8661 ) ) ;
#9487 = VERTEX_POINT ( 'NONE', #3280 ) ;
#9488 = FACE_OUTER_BOUND ( 'NONE', #720, .T. ) ;
#9489 = CARTESIAN_POINT ( 'NONE',  ( 5.399999999999998579, -7.049999999999999822, 1.550000000000000044 ) ) ;
#9490 = AXIS2_PLACEMENT_3D ( 'NONE', #3153, #9782, #5528 ) ;
#9491 = MECHANICAL_DESIGN_GEOMETRIC_PRESENTATION_REPRESENTATION (  '', ( #6701 ), #5476 ) ;
#9492 = CARTESIAN_POINT ( 'NONE',  ( 1.269999999999997797, 5.650000000000000355, 4.400000000000000355 ) ) ;
#9493 = ORIENTED_EDGE ( 'NONE', *, *, #794, .F. ) ;
#9494 = DIRECTION ( 'NONE',  ( 1.000000000000000000, -0.000000000000000000, -0.000000000000000000 ) ) ;
#9495 = EDGE_CURVE ( 'NONE', #5886, #3998, #1413, .T. ) ;
#9496 = DIRECTION ( 'NONE',  ( 1.000000000000000000, -0.000000000000000000, -0.000000000000000000 ) ) ;
#9497 = DIRECTION ( 'NONE',  ( 1.000000000000000000, -0.000000000000000000, -0.000000000000000000 ) ) ;
#9498 = EDGE_CURVE ( 'NONE', #9692, #1204, #3901, .T. ) ;
#9499 = CARTESIAN_POINT ( 'NONE',  ( -2.860000000000001652, 5.009999999999999787, -2.799999999999999822 ) ) ;
#9500 = ORIENTED_EDGE ( 'NONE', *, *, #8134, .F. ) ;
#9501 = ORIENTED_EDGE ( 'NONE', *, *, #2363, .F. ) ;
#9502 = CARTESIAN_POINT ( 'NONE',  ( -5.400000000000002132, 5.009999999999999787, -2.799999999999999822 ) ) ;
#9503 = ORIENTED_EDGE ( 'NONE', *, *, #9253, .T. ) ;
#9504 = DIRECTION ( 'NONE',  ( 1.000000000000000000, -0.000000000000000000, -0.000000000000000000 ) ) ;
#9505 = ORIENTED_EDGE ( 'NONE', *, *, #6594, .T. ) ;
#9506 = CARTESIAN_POINT ( 'NONE',  ( 5.469220502354381175, 0.003082091239442236782, 0.000000000000000000 ) ) ;
#9507 = ORIENTED_EDGE ( 'NONE', *, *, #10581, .F. ) ;
#9508 = ORIENTED_EDGE ( 'NONE', *, *, #7104, .T. ) ;
#9509 = DIRECTION ( 'NONE',  ( 0.000000000000000000, 1.000000000000000000, 1.088556398077815828E-16 ) ) ;
#9510 = CARTESIAN_POINT ( 'NONE',  ( -0.3200000000000017830, 5.649999999999999467, -2.799999999999999822 ) ) ;
#9511 = CARTESIAN_POINT ( 'NONE',  ( 6.349999999999996980, 0.6499999999999999112, 0.9099999999999986988 ) ) ;
#9512 = EDGE_LOOP ( 'NONE', ( #3639, #7906, #4608, #154, #4889, #9615 ) ) ;
#9513 = VERTEX_POINT ( 'NONE', #4058 ) ;
#9514 = CARTESIAN_POINT ( 'NONE',  ( 5.080000000000000071, -0.06963141025641009230, 0.1000000000000000056 ) ) ;
#9515 = EDGE_CURVE ( 'NONE', #755, #7367, #7460, .T. ) ;
#9516 = DIRECTION ( 'NONE',  ( 0.000000000000000000, 0.000000000000000000, 1.000000000000000000 ) ) ;
#9517 = ORIENTED_EDGE ( 'NONE', *, *, #9386, .T. ) ;
#9518 = CARTESIAN_POINT ( 'NONE',  ( 4.759999999999998899, 5.009999999999999787, -2.799999999999999822 ) ) ;
#9519 = ORIENTED_EDGE ( 'NONE', *, *, #10297, .T. ) ;
#9520 = STYLED_ITEM ( 'NONE', ( #2415 ), #409 ) ;
#9521 = CARTESIAN_POINT ( 'NONE',  ( 0.000000000000000000, 0.000000000000000000, 0.000000000000000000 ) ) ;
#9522 = CARTESIAN_POINT ( 'NONE',  ( 5.135028885963041745, 0.01343061800769588914, 0.1000000000000000056 ) ) ;
#9523 = CARTESIAN_POINT ( 'NONE',  ( 5.303674161160534695, -0.9622930911301605938, 0.1000000000000000056 ) ) ;
#9524 = FILL_AREA_STYLE_COLOUR ( '', #4732 ) ;
#9525 = CARTESIAN_POINT ( 'NONE',  ( -2.220000000000001972, -7.049999999999999822, 4.090000000000000746 ) ) ;
#9526 = EDGE_CURVE ( 'NONE', #9681, #9753, #3070, .T. ) ;
#9527 = ORIENTED_EDGE ( 'NONE', *, *, #5459, .T. ) ;
#9528 = ORIENTED_EDGE ( 'NONE', *, *, #10632, .T. ) ;
#9529 = LINE ( 'NONE', #3011, #9480 ) ;
#9530 = CARTESIAN_POINT ( 'NONE',  ( 5.438974358974357770, -0.2653846153846152189, -0.000000000000000000 ) ) ;
#9531 = CYLINDRICAL_SURFACE ( 'NONE', #3703, 0.2000000000000000944 ) ;
#9532 = LINE ( 'NONE', #10472, #3673 ) ;
#9533 = ORIENTED_EDGE ( 'NONE', *, *, #9285, .T. ) ;
#9534 = DIRECTION ( 'NONE',  ( -1.000000000000000000, 0.000000000000000000, 0.000000000000000000 ) ) ;
#9535 = EDGE_CURVE ( 'NONE', #5473, #1547, #9912, .T. ) ;
#9536 =( LENGTH_UNIT ( ) NAMED_UNIT ( * ) SI_UNIT ( .MILLI., .METRE. ) );
#9537 = DIRECTION ( 'NONE',  ( 0.000000000000000000, -0.7071067811865467956, -0.7071067811865483499 ) ) ;
#9538 = LINE ( 'NONE', #4661, #3836 ) ;
#9539 = FILL_AREA_STYLE ('',( #8829 ) ) ;
#9540 = FACE_OUTER_BOUND ( 'NONE', #7097, .T. ) ;
#9541 = ORIENTED_EDGE ( 'NONE', *, *, #8538, .F. ) ;
#9542 = CYLINDRICAL_SURFACE ( 'NONE', #5462, 0.2000000000000000944 ) ;
#9543 = CARTESIAN_POINT ( 'NONE',  ( -6.183333333333337123, 1.250000000000000222, 4.599999999999999645 ) ) ;
#9544 = LINE ( 'NONE', #3793, #10838 ) ;
#9545 = LINE ( 'NONE', #6971, #332 ) ;
#9546 = CARTESIAN_POINT ( 'NONE',  ( -4.310000000000001386, 1.250000000000000222, 5.000000000000000000 ) ) ;
#9547 = EDGE_CURVE ( 'NONE', #10049, #8192, #8570, .T. ) ;
#9548 = ADVANCED_FACE ( 'NONE', ( #2237 ), #5554, .T. ) ;
#9549 = FACE_OUTER_BOUND ( 'NONE', #7936, .T. ) ;
#9550 = ORIENTED_EDGE ( 'NONE', *, *, #4545, .T. ) ;
#9551 = VERTEX_POINT ( 'NONE', #8231 ) ;
#9552 = PLANE ( 'NONE',  #4882 ) ;
#9553 = ORIENTED_EDGE ( 'NONE', *, *, #2167, .T. ) ;
#9554 = CARTESIAN_POINT ( 'NONE',  ( -4.760000000000002451, 5.450000000000000178, -3.000000000000000000 ) ) ;
#9555 = VERTEX_POINT ( 'NONE', #3182 ) ;
#9556 = LINE ( 'NONE', #370, #7382 ) ;
#9557 = ORIENTED_EDGE ( 'NONE', *, *, #7618, .F. ) ;
#9558 = CARTESIAN_POINT ( 'NONE',  ( 0.3199999999999982858, -7.049999999999999822, 1.550000000000000044 ) ) ;
#9559 = CARTESIAN_POINT ( 'NONE',  ( 5.101616740996180788, 0.04355990492942405506, 0.000000000000000000 ) ) ;
#9560 = CARTESIAN_POINT ( 'NONE',  ( 1.769999999999997353, 5.650000000000000355, 5.000000000000000000 ) ) ;
#9561 = ORIENTED_EDGE ( 'NONE', *, *, #5627, .T. ) ;
#9562 = ORIENTED_EDGE ( 'NONE', *, *, #8018, .F. ) ;
#9563 = CARTESIAN_POINT ( 'NONE',  ( 5.418896770991450396, 0.01685076879516814868, 0.000000000000000000 ) ) ;
#9564 = DIRECTION ( 'NONE',  ( 0.000000000000000000, 1.000000000000000000, 1.088556398077815828E-16 ) ) ;
#9565 = ORIENTED_EDGE ( 'NONE', *, *, #10505, .T. ) ;
#9566 = SURFACE_SIDE_STYLE ('',( #319 ) ) ;
#9567 = ORIENTED_EDGE ( 'NONE', *, *, #7950, .F. ) ;
#9568 = FILL_AREA_STYLE ('',( #6237 ) ) ;
#9569 = APPLICATION_PROTOCOL_DEFINITION ( 'draft international standard', 'automotive_design', 1998, #75 ) ;
#9570 = FILL_AREA_STYLE_COLOUR ( '', #670 ) ;
#9571 = EDGE_CURVE ( 'NONE', #3307, #2372, #3232, .T. ) ;
#9572 = DIRECTION ( 'NONE',  ( 0.000000000000000000, 0.7071067811865467956, 0.7071067811865483499 ) ) ;
#9573 = CARTESIAN_POINT ( 'NONE',  ( -0.3200000000000017830, 2.669999999999999041, -3.000000000000000000 ) ) ;
#9574 = DIRECTION ( 'NONE',  ( 0.000000000000000000, 1.000000000000000000, 6.938893903907229610E-17 ) ) ;
#9575 = CARTESIAN_POINT ( 'NONE',  ( 5.131201923076922355, 0.002564102564102757088, 0.000000000000000000 ) ) ;
#9576 = ORIENTED_EDGE ( 'NONE', *, *, #4985, .F. ) ;
#9577 = VERTEX_POINT ( 'NONE', #8997 ) ;
#9578 = CARTESIAN_POINT ( 'NONE',  ( 5.096970969999024881, -0.8606326345801060818, 0.1000000000000000056 ) ) ;
#9579 = LINE ( 'NONE', #5152, #5653 ) ;
#9580 = DIRECTION ( 'NONE',  ( -1.000000000000000000, 0.000000000000000000, 0.000000000000000000 ) ) ;
#9581 = CARTESIAN_POINT ( 'NONE',  ( -2.860000000000001652, -7.249999999999999112, 1.349999999999999867 ) ) ;
#9582 = ORIENTED_EDGE ( 'NONE', *, *, #2771, .T. ) ;
#9583 = LINE ( 'NONE', #6416, #10712 ) ;
#9584 = LINE ( 'NONE', #7130, #3489 ) ;
#9585 = LINE ( 'NONE', #8016, #3946 ) ;
#9586 = LINE ( 'NONE', #5376, #1911 ) ;
#9587 = DIRECTION ( 'NONE',  ( 0.000000000000000000, 0.000000000000000000, 1.000000000000000000 ) ) ;
#9588 = ORIENTED_EDGE ( 'NONE', *, *, #8943, .T. ) ;
#9589 = CARTESIAN_POINT ( 'NONE',  ( 5.170595323018369882, -0.9345030078724742006, 0.1000000000000000056 ) ) ;
#9590 = CARTESIAN_POINT ( 'NONE',  ( 5.487253696323475260, -0.7073442180489464270, 0.000000000000000000 ) ) ;
#9591 = VECTOR ( 'NONE', #1657, 1000.000000000000000 ) ;
#9592 = CARTESIAN_POINT ( 'NONE',  ( 5.135028885963041745, 0.01343061800769588914, 0.000000000000000000 ) ) ;
#9593 = LINE ( 'NONE', #412, #1042 ) ;
#9594 = ADVANCED_FACE ( 'NONE', ( #5610 ), #1460, .F. ) ;
#9595 = EDGE_CURVE ( 'NONE', #1376, #8319, #1350, .T. ) ;
#9596 = FACE_OUTER_BOUND ( 'NONE', #5168, .T. ) ;
#9597 = ORIENTED_EDGE ( 'NONE', *, *, #8183, .T. ) ;
#9598 = ORIENTED_EDGE ( 'NONE', *, *, #3237, .T. ) ;
#9599 = VECTOR ( 'NONE', #7650, 1000.000000000000000 ) ;
#9600 = COLOUR_RGB ( '',0.1490196078431372528, 0.1490196078431372528, 0.1490196078431372528 ) ;
#9601 = ORIENTED_EDGE ( 'NONE', *, *, #5070, .F. ) ;
#9602 = EDGE_CURVE ( 'NONE', #8422, #3635, #4717, .T. ) ;
#9603 = DIRECTION ( 'NONE',  ( 1.000000000000000000, -0.000000000000000000, -0.000000000000000000 ) ) ;
#9604 = ORIENTED_EDGE ( 'NONE', *, *, #3085, .T. ) ;
#9605 = DIRECTION ( 'NONE',  ( 0.4189977888269747486, 0.9079872537420918821, -0.000000000000000000 ) ) ;
#9606 = CARTESIAN_POINT ( 'NONE',  ( -4.760000000000002451, 3.109999999999999876, 1.349999999999999645 ) ) ;
#9607 = FACE_OUTER_BOUND ( 'NONE', #4893, .T. ) ;
#9608 = EDGE_CURVE ( 'NONE', #8898, #9314, #9869, .T. ) ;
#9609 = AXIS2_PLACEMENT_3D ( 'NONE', #5615, #7139, #8786 ) ;
#9610 = LINE ( 'NONE', #9560, #6137 ) ;
#9611 = ORIENTED_EDGE ( 'NONE', *, *, #5070, .T. ) ;
#9612 = ORIENTED_EDGE ( 'NONE', *, *, #8219, .T. ) ;
#9613 = DIRECTION ( 'NONE',  ( 0.000000000000000000, -2.090028284309406488E-16, -1.000000000000000000 ) ) ;
#9614 = CARTESIAN_POINT ( 'NONE',  ( 2.859999999999998099, 5.449999999999999289, 4.090000000000001634 ) ) ;
#9615 = ORIENTED_EDGE ( 'NONE', *, *, #1550, .F. ) ;
#9616 = MECHANICAL_DESIGN_GEOMETRIC_PRESENTATION_REPRESENTATION (  '', ( #6827 ), #3319 ) ;
#9617 =( NAMED_UNIT ( * ) SI_UNIT ( $, .STERADIAN. ) SOLID_ANGLE_UNIT ( ) );
#9618 = VERTEX_POINT ( 'NONE', #2456 ) ;
#9619 = CARTESIAN_POINT ( 'NONE',  ( 5.114006682941405479, 0.06299276113810199640, -1.355252715606880543E-17 ) ) ;
#9620 = VECTOR ( 'NONE', #2561, 1000.000000000000000 ) ;
#9621 = CARTESIAN_POINT ( 'NONE',  ( 2.219999999999997975, 5.450000000000000178, -3.000000000000000000 ) ) ;
#9622 = EDGE_CURVE ( 'NONE', #8809, #5560, #10083, .T. ) ;
#9623 = CARTESIAN_POINT ( 'NONE',  ( 0.3199999999999982858, 2.269999999999997797, 0.9099999999999984768 ) ) ;
#9624 = LINE ( 'NONE', #2112, #10187 ) ;
#9625 = EDGE_CURVE ( 'NONE', #5764, #8839, #8446, .T. ) ;
#9626 = VECTOR ( 'NONE', #4763, 1000.000000000000000 ) ;
#9627 = CARTESIAN_POINT ( 'NONE',  ( 5.174118791481536306, 0.06644864573604285229, 0.1000000000000000056 ) ) ;
#9628 = CARTESIAN_POINT ( 'NONE',  ( 6.349999999999996980, 1.249999999999999778, 4.599999999999999645 ) ) ;
#9629 = FILL_AREA_STYLE ('',( #9524 ) ) ;
#9630 = VECTOR ( 'NONE', #4438, 1000.000000000000000 ) ;
#9631 = CARTESIAN_POINT ( 'NONE',  ( -6.350000000000002309, 0.6499999999999999112, 0.4000000000000001332 ) ) ;
#9632 = DIRECTION ( 'NONE',  ( -0.000000000000000000, -0.000000000000000000, -1.000000000000000000 ) ) ;
#9633 = ADVANCED_FACE ( 'NONE', ( #4148 ), #9354, .F. ) ;
#9634 = VERTEX_POINT ( 'NONE', #3441 ) ;
#9635 = DIRECTION ( 'NONE',  ( 0.000000000000000000, 9.035018104045870694E-17, -1.000000000000000000 ) ) ;
#9636 = CARTESIAN_POINT ( 'NONE',  ( 0.3199999999999982858, 5.450000000000001066, 3.890000000000001457 ) ) ;
#9637 = LINE ( 'NONE', #2125, #6620 ) ;
#9638 = CARTESIAN_POINT ( 'NONE',  ( -5.400000000000002132, -7.049999999999999822, 1.550000000000000044 ) ) ;
#9639 = CARTESIAN_POINT ( 'NONE',  ( 5.121053994896961115, -0.1051813180692727778, 0.1000000000000000056 ) ) ;
#9640 = B_SPLINE_CURVE_WITH_KNOTS ( 'NONE', 3,
 ( #4382, #357, #6917, #9589, #3743, #2018, #408, #2741, #2914, #10259, #7752 ),
 .UNSPECIFIED., .F., .F.,
 ( 4, 1, 1, 1, 1, 1, 1, 1, 4 ),
 ( 0.000000000000000000, 0.1243264850794584264, 0.2471519917741143990, 0.3687737442333468008, 0.4902465348858408012, 0.6136200636025047617, 0.7389618264298494221, 0.8673127358513658125, 1.000000000000000000 ),
 .UNSPECIFIED. ) ;
#9641 = VECTOR ( 'NONE', #3471, 1000.000000000000000 ) ;
#9642 = AXIS2_PLACEMENT_3D ( 'NONE', #8315, #5012, #7439 ) ;
#9643 = ORIENTED_EDGE ( 'NONE', *, *, #6730, .F. ) ;
#9644 = CARTESIAN_POINT ( 'NONE',  ( -3.976666666666667460, 1.250000000000000222, 4.599999999999999645 ) ) ;
#9645 = FILL_AREA_STYLE_COLOUR ( '', #4694 ) ;
#9646 = CARTESIAN_POINT ( 'NONE',  ( 5.204830006051349045, -0.9504807142305825574, 0.1000000000000000056 ) ) ;
#9647 = DIRECTION ( 'NONE',  ( 1.000000000000000000, -0.000000000000000000, -0.000000000000000000 ) ) ;
#9648 = ADVANCED_FACE ( 'NONE', ( #4209 ), #2675, .T. ) ;
#9649 = AXIS2_PLACEMENT_3D ( 'NONE', #8397, #2521, #2628 ) ;
#9650 = CARTESIAN_POINT ( 'NONE',  ( 5.171195956370897129, -0.8880324256104565883, 0.000000000000000000 ) ) ;
#9651 = ORIENTED_EDGE ( 'NONE', *, *, #10420, .F. ) ;
#9652 = FACE_BOUND ( 'NONE', #3676, .T. ) ;
#9653 = MECHANICAL_DESIGN_GEOMETRIC_PRESENTATION_REPRESENTATION (  '', ( #9300 ), #10718 ) ;
#9654 = AXIS2_PLACEMENT_3D ( 'NONE', #6381, #7044, #10557 ) ;
#9655 = CARTESIAN_POINT ( 'NONE',  ( 5.473557431640267090, -0.6582448659029132010, 0.1000000000000000056 ) ) ;
#9656 = PRESENTATION_LAYER_ASSIGNMENT (  '', '', ( #2288 ) ) ;
#9657 = VECTOR ( 'NONE', #4774, 1000.000000000000000 ) ;
#9658 = CARTESIAN_POINT ( 'NONE',  ( 4.759999999999998899, 5.449999999999999289, 4.090000000000001634 ) ) ;
#9659 = DIRECTION ( 'NONE',  ( 1.000000000000000000, -0.000000000000000000, -0.000000000000000000 ) ) ;
#9660 = AXIS2_PLACEMENT_3D ( 'NONE', #7192, #5440, #7026 ) ;
#9661 = VERTEX_POINT ( 'NONE', #5823 ) ;
#9662 = ORIENTED_EDGE ( 'NONE', *, *, #9322, .F. ) ;
#9663 = VECTOR ( 'NONE', #6560, 1000.000000000000000 ) ;
#9664 = VECTOR ( 'NONE', #8302, 1000.000000000000114 ) ;
#9665 = ORIENTED_EDGE ( 'NONE', *, *, #3432, .F. ) ;
#9666 = CARTESIAN_POINT ( 'NONE',  ( -2.860000000000001652, -7.049999999999999822, 4.090000000000000746 ) ) ;
#9667 = ORIENTED_EDGE ( 'NONE', *, *, #1985, .F. ) ;
#9668 = CARTESIAN_POINT ( 'NONE',  ( 2.859999999999998099, 0.6499999999999995781, 3.450000000000000622 ) ) ;
#9669 = EDGE_CURVE ( 'NONE', #4103, #10508, #1726, .T. ) ;
#9670 = FACE_OUTER_BOUND ( 'NONE', #4585, .T. ) ;
#9671 = DIRECTION ( 'NONE',  ( -0.9079593845004517716, 0.4190581774617467836, 0.000000000000000000 ) ) ;
#9672 = DIRECTION ( 'NONE',  ( 1.000000000000000000, -0.000000000000000000, -0.000000000000000000 ) ) ;
#9673 = VERTEX_POINT ( 'NONE', #177 ) ;
#9674 = ORIENTED_EDGE ( 'NONE', *, *, #8806, .F. ) ;
#9675 = EDGE_CURVE ( 'NONE', #5139, #1807, #6793, .T. ) ;
#9676 = EDGE_LOOP ( 'NONE', ( #10233, #2208, #10770, #8965, #3267, #8955, #2081, #520, #1129, #769 ) ) ;
#9677 = FACE_OUTER_BOUND ( 'NONE', #7913, .T. ) ;
#9678 = LINE ( 'NONE', #491, #8086 ) ;
#9679 = EDGE_LOOP ( 'NONE', ( #1029, #4184, #1793, #4250 ) ) ;
#9680 = LINE ( 'NONE', #2994, #10154 ) ;
#9681 = VERTEX_POINT ( 'NONE', #5202 ) ;
#9682 = CARTESIAN_POINT ( 'NONE',  ( 5.402035256410256281, 0.3778044871794875581, 0.1000000000000000056 ) ) ;
#9683 =( LENGTH_UNIT ( ) NAMED_UNIT ( * ) SI_UNIT ( .MILLI., .METRE. ) );
#9684 = LINE ( 'NONE', #9928, #4692 ) ;
#9685 = CARTESIAN_POINT ( 'NONE',  ( 5.438974358974357770, -0.1295673076923075373, -0.000000000000000000 ) ) ;
#9686 = EDGE_CURVE ( 'NONE', #657, #7800, #896, .T. ) ;
#9687 = CARTESIAN_POINT ( 'NONE',  ( -5.850000000000003197, -1.249999999999999778, 0.000000000000000000 ) ) ;
#9688 = EDGE_CURVE ( 'NONE', #8131, #7719, #6903, .T. ) ;
#9689 = DIRECTION ( 'NONE',  ( -0.7682212795973755171, 0.000000000000000000, -0.6401843996644802637 ) ) ;
#9690 = CARTESIAN_POINT ( 'NONE',  ( -0.3200000000000017830, -7.049999999999999822, 4.090000000000000746 ) ) ;
#9691 = SURFACE_STYLE_USAGE ( .BOTH. , #6601 ) ;
#9692 = VERTEX_POINT ( 'NONE', #10034 ) ;
#9693 = UNCERTAINTY_MEASURE_WITH_UNIT (LENGTH_MEASURE( 1.000000000000000082E-05 ), #2050, 'distance_accuracy_value', 'NONE');
#9694 = PLANE ( 'NONE',  #1576 ) ;
#9695 = LINE ( 'NONE', #1232, #10294 ) ;
#9696 = CARTESIAN_POINT ( 'NONE',  ( -4.760000000000002451, 5.649999999999999467, -2.799999999999999822 ) ) ;
#9697 = DIRECTION ( 'NONE',  ( -0.000000000000000000, -0.000000000000000000, -1.000000000000000000 ) ) ;
#9698 = ORIENTED_EDGE ( 'NONE', *, *, #6704, .T. ) ;
#9699 = DIRECTION ( 'NONE',  ( 0.000000000000000000, -0.7071067811865474617, -0.7071067811865474617 ) ) ;
#9700 = DIRECTION ( 'NONE',  ( 0.000000000000000000, 1.000000000000000000, 0.000000000000000000 ) ) ;
#9701 = FILL_AREA_STYLE_COLOUR ( '', #9261 ) ;
#9702 =( NAMED_UNIT ( * ) PLANE_ANGLE_UNIT ( ) SI_UNIT ( $, .RADIAN. ) );
#9703 = CARTESIAN_POINT ( 'NONE',  ( -4.760000000000002451, -7.049999999999999822, 4.090000000000000746 ) ) ;
#9704 = CARTESIAN_POINT ( 'NONE',  ( 5.399999999999998579, -7.049999999999999822, 4.090000000000000746 ) ) ;
#9705 = DIRECTION ( 'NONE',  ( 1.000000000000000000, -0.000000000000000000, -0.000000000000000000 ) ) ;
#9706 = VERTEX_POINT ( 'NONE', #9153 ) ;
#9707 = DIRECTION ( 'NONE',  ( -0.000000000000000000, -0.000000000000000000, -1.000000000000000000 ) ) ;
#9708 = EDGE_CURVE ( 'NONE', #1085, #4482, #8334, .T. ) ;
#9709 = CARTESIAN_POINT ( 'NONE',  ( 5.283528764232045205, -0.9268769621782948498, 0.1000000000000000056 ) ) ;
#9710 = VERTEX_POINT ( 'NONE', #7671 ) ;
#9711 = ORIENTED_EDGE ( 'NONE', *, *, #6600, .F. ) ;
#9712 = ORIENTED_EDGE ( 'NONE', *, *, #7945, .F. ) ;
#9713 = CARTESIAN_POINT ( 'NONE',  ( -2.860000000000001652, 5.650000000000000355, 3.890000000000000124 ) ) ;
#9714 = VERTEX_POINT ( 'NONE', #55 ) ;
#9715 = CARTESIAN_POINT ( 'NONE',  ( 6.349999999999999645, -1.249999999999999778, 0.6000000000000001998 ) ) ;
#9716 = CARTESIAN_POINT ( 'NONE',  ( -3.643333333333334423, 1.249999999999999112, 0.4000000000000001887 ) ) ;
#9717 = DIRECTION ( 'NONE',  ( -0.6401843996644789314, 0.000000000000000000, -0.7682212795973767383 ) ) ;
#9718 = LINE ( 'NONE', #9511, #1014 ) ;
#9719 = ORIENTED_EDGE ( 'NONE', *, *, #583, .T. ) ;
#9720 = ADVANCED_FACE ( 'NONE', ( #112 ), #10128, .T. ) ;
#9721 = ORIENTED_EDGE ( 'NONE', *, *, #4521, .F. ) ;
#9722 =( NAMED_UNIT ( * ) SI_UNIT ( $, .STERADIAN. ) SOLID_ANGLE_UNIT ( ) );
#9723 = CARTESIAN_POINT ( 'NONE',  ( 5.407055473212779795, 0.09450865198363621322, 0.000000000000000000 ) ) ;
#9724 = ORIENTED_EDGE ( 'NONE', *, *, #3325, .T. ) ;
#9725 = FILL_AREA_STYLE_COLOUR ( '', #8940 ) ;
#9726 = ORIENTED_EDGE ( 'NONE', *, *, #138, .T. ) ;
#9727 = CARTESIAN_POINT ( 'NONE',  ( 2.219999999999997975, 5.649999999999999467, -2.799999999999999822 ) ) ;
#9728 = PLANE ( 'NONE',  #8730 ) ;
#9729 = DIRECTION ( 'NONE',  ( -0.000000000000000000, -0.000000000000000000, -1.000000000000000000 ) ) ;
#9730 = CARTESIAN_POINT ( 'NONE',  ( 5.079999999999999183, 0.5653846153846157074, 0.000000000000000000 ) ) ;
#9731 = CARTESIAN_POINT ( 'NONE',  ( 4.759999999999998899, -7.249999999999999112, 3.890000000000000568 ) ) ;
#9732 = EDGE_CURVE ( 'NONE', #1852, #8990, #9197, .T. ) ;
#9733 = EDGE_CURVE ( 'NONE', #6747, #1351, #3502, .T. ) ;
#9734 = CARTESIAN_POINT ( 'NONE',  ( 5.275032051282050993, 0.09871794871794895010, 0.1000000000000000056 ) ) ;
#9735 = LINE ( 'NONE', #2276, #9626 ) ;
#9736 = FACE_OUTER_BOUND ( 'NONE', #5127, .T. ) ;
#9737 = EDGE_CURVE ( 'NONE', #4261, #10042, #7514, .T. ) ;
#9738 = VERTEX_POINT ( 'NONE', #10194 ) ;
#9739 =( NAMED_UNIT ( * ) SI_UNIT ( $, .STERADIAN. ) SOLID_ANGLE_UNIT ( ) );
#9740 = DIRECTION ( 'NONE',  ( -1.000000000000000000, 0.000000000000000000, 0.000000000000000000 ) ) ;
#9741 = CARTESIAN_POINT ( 'NONE',  ( 2.219999999999997975, 2.909999999999999698, 1.350000000000000977 ) ) ;
#9742 = CARTESIAN_POINT ( 'NONE',  ( 5.114006682941405479, 0.06299276113810199640, 0.1000000000000000056 ) ) ;
#9743 = CARTESIAN_POINT ( 'NONE',  ( 5.479999999999999538, -1.162820512820512464, 0.1000000000000000056 ) ) ;
#9744 = EDGE_CURVE ( 'NONE', #9317, #7485, #3342, .T. ) ;
#9745 = VERTEX_POINT ( 'NONE', #3395 ) ;
#9746 = CARTESIAN_POINT ( 'NONE',  ( 5.110769230769230731, -0.7473557692307695177, 0.1000000000000000056 ) ) ;
#9747 = CARTESIAN_POINT ( 'NONE',  ( 6.349999999999996980, 1.249999999999999778, 0.4000000000000001887 ) ) ;
#9748 = DIRECTION ( 'NONE',  ( 1.000000000000000000, -0.000000000000000000, -0.000000000000000000 ) ) ;
#9749 = DIRECTION ( 'NONE',  ( 0.000000000000000000, 0.000000000000000000, 1.000000000000000000 ) ) ;
#9750 = CARTESIAN_POINT ( 'NONE',  ( 5.079999999999999183, 0.5263621794871798931, 0.1000000000000000056 ) ) ;
#9751 = ORIENTED_EDGE ( 'NONE', *, *, #8152, .F. ) ;
#9752 = CARTESIAN_POINT ( 'NONE',  ( 2.219999999999997975, -7.249999999999999112, 3.650000000000000799 ) ) ;
#9753 = VERTEX_POINT ( 'NONE', #8540 ) ;
#9754 = DIRECTION ( 'NONE',  ( 0.000000000000000000, 0.000000000000000000, 1.000000000000000000 ) ) ;
#9755 =( NAMED_UNIT ( * ) SI_UNIT ( $, .STERADIAN. ) SOLID_ANGLE_UNIT ( ) );
#9756 = ADVANCED_FACE ( 'NONE', ( #6746 ), #996, .F. ) ;
#9757 = VECTOR ( 'NONE', #7858, 1000.000000000000000 ) ;
#9758 = EDGE_CURVE ( 'NONE', #1351, #1617, #6952, .T. ) ;
#9759 = VECTOR ( 'NONE', #1686, 1000.000000000000000 ) ;
#9760 = DIRECTION ( 'NONE',  ( 0.000000000000000000, -0.7071067811865474617, 0.7071067811865474617 ) ) ;
#9761 = ORIENTED_EDGE ( 'NONE', *, *, #10759, .F. ) ;
#9762 = ORIENTED_EDGE ( 'NONE', *, *, #257, .F. ) ;
#9763 =( NAMED_UNIT ( * ) SI_UNIT ( $, .STERADIAN. ) SOLID_ANGLE_UNIT ( ) );
#9764 = ORIENTED_EDGE ( 'NONE', *, *, #7443, .F. ) ;
#9765 = AXIS2_PLACEMENT_3D ( 'NONE', #7339, #10469, #1288 ) ;
#9766 = CARTESIAN_POINT ( 'NONE',  ( 4.759999999999998899, 5.009999999999999787, -2.799999999999999822 ) ) ;
#9767 = EDGE_CURVE ( 'NONE', #3592, #10853, #6610, .T. ) ;
#9768 = ADVANCED_FACE ( 'NONE', ( #2849 ), #2900, .F. ) ;
#9769 = PLANE ( 'NONE',  #8386 ) ;
#9770 = PLANE ( 'NONE',  #5109 ) ;
#9771 = VECTOR ( 'NONE', #6786, 1000.000000000000000 ) ;
#9772 = VECTOR ( 'NONE', #10309, 1000.000000000000000 ) ;
#9773 = DIRECTION ( 'NONE',  ( 0.000000000000000000, 0.000000000000000000, -1.000000000000000000 ) ) ;
#9774 = VERTEX_POINT ( 'NONE', #1396 ) ;
#9775 = ORIENTED_EDGE ( 'NONE', *, *, #2425, .F. ) ;
#9776 = ORIENTED_EDGE ( 'NONE', *, *, #1418, .T. ) ;
#9777 = CARTESIAN_POINT ( 'NONE',  ( -5.400000000000002132, 5.449999999999999289, 4.090000000000001634 ) ) ;
#9778 = CARTESIAN_POINT ( 'NONE',  ( 5.428508626613155919, 0.07538142772057968011, 0.1000000000000000056 ) ) ;
#9779 = ORIENTED_EDGE ( 'NONE', *, *, #4260, .T. ) ;
#9780 = LINE ( 'NONE', #8905, #2616 ) ;
#9781 = ORIENTED_EDGE ( 'NONE', *, *, #7200, .T. ) ;
#9782 = DIRECTION ( 'NONE',  ( 0.000000000000000000, 0.7071067811865483499, -0.7071067811865467956 ) ) ;
#9783 = VECTOR ( 'NONE', #7152, 1000.000000000000000 ) ;
#9784 = PLANE ( 'NONE',  #4884 ) ;
#9785 = VECTOR ( 'NONE', #8081, 1000.000000000000000 ) ;
#9786 = DIRECTION ( 'NONE',  ( -0.6401843996644795975, -0.000000000000000000, 0.7682212795973760722 ) ) ;
#9787 = VECTOR ( 'NONE', #5666, 1000.000000000000000 ) ;
#9788 = FACE_OUTER_BOUND ( 'NONE', #5215, .T. ) ;
#9789 = CARTESIAN_POINT ( 'NONE',  ( -2.860000000000001652, 5.649999999999999467, -2.799999999999999822 ) ) ;
#9790 = CARTESIAN_POINT ( 'NONE',  ( 5.479999999999999538, -0.2653846153846152189, -0.000000000000000000 ) ) ;
#9791 = AXIS2_PLACEMENT_3D ( 'NONE', #1452, #4771, #9085 ) ;
#9792 = CARTESIAN_POINT ( 'NONE',  ( 5.134693585320798448, -0.5888137485190241271, 0.1000000000000000056 ) ) ;
#9793 = MECHANICAL_DESIGN_GEOMETRIC_PRESENTATION_REPRESENTATION (  '', ( #3674 ), #7524 ) ;
#9794 = CARTESIAN_POINT ( 'NONE',  ( 5.490256410256409758, -0.7475961538461540767, 0.000000000000000000 ) ) ;
#9795 = ORIENTED_EDGE ( 'NONE', *, *, #4985, .T. ) ;
#9796 = ORIENTED_EDGE ( 'NONE', *, *, #7475, .F. ) ;
#9797 = SURFACE_SIDE_STYLE ('',( #1331 ) ) ;
#9798 = CARTESIAN_POINT ( 'NONE',  ( 5.121053994896961115, -0.1051813180692727778, 0.1000000000000000056 ) ) ;
#9799 = CARTESIAN_POINT ( 'NONE',  ( -5.400000000000002132, -7.049999999999999822, 4.090000000000000746 ) ) ;
#9800 = PLANE ( 'NONE',  #3354 ) ;
#9801 = EDGE_CURVE ( 'NONE', #4059, #6774, #9902, .T. ) ;
#9802 = SURFACE_STYLE_FILL_AREA ( #8221 ) ;
#9803 = EDGE_CURVE ( 'NONE', #2349, #8554, #4041, .T. ) ;
#9804 = VECTOR ( 'NONE', #10163, 1000.000000000000000 ) ;
#9805 = ORIENTED_EDGE ( 'NONE', *, *, #5137, .T. ) ;
#9806 = CARTESIAN_POINT ( 'NONE',  ( 5.339703578288901298, 0.1268078582256188802, 0.000000000000000000 ) ) ;
#9807 =( LENGTH_UNIT ( ) NAMED_UNIT ( * ) SI_UNIT ( .MILLI., .METRE. ) );
#9808 = PLANE ( 'NONE',  #8566 ) ;
#9809 = LINE ( 'NONE', #6575, #3334 ) ;
#9810 = ADVANCED_FACE ( 'NONE', ( #5541 ), #6456, .F. ) ;
#9811 = CARTESIAN_POINT ( 'NONE',  ( 5.327808874808514616, 0.09191781193000564398, 0.1000000000000000056 ) ) ;
#9812 = VERTEX_POINT ( 'NONE', #3164 ) ;
#9813 = CARTESIAN_POINT ( 'NONE',  ( 2.219999999999997975, -7.049999999999999822, 4.090000000000000746 ) ) ;
#9814 = EDGE_LOOP ( 'NONE', ( #1165, #4902, #2160, #8692, #8872, #4602 ) ) ;
#9815 = VECTOR ( 'NONE', #6937, 1000.000000000000000 ) ;
#9816 = VECTOR ( 'NONE', #4037, 1000.000000000000000 ) ;
#9817 = CARTESIAN_POINT ( 'NONE',  ( 5.474579196609129284, -0.02270199459087462665, 0.1000000000000000056 ) ) ;
#9818 = CARTESIAN_POINT ( 'NONE',  ( 5.165797289421933947, 0.05908681362530783521, 0.1000000000000000056 ) ) ;
#9819 = CARTESIAN_POINT ( 'NONE',  ( 5.465576923076922888, 0.01410256410256429706, 0.1000000000000000056 ) ) ;
#9820 = ADVANCED_FACE ( 'NONE', ( #8985 ), #8920, .F. ) ;
#9821 = CARTESIAN_POINT ( 'NONE',  ( 5.383833361625610436, -0.8916849067299364995, 0.1000000000000000056 ) ) ;
#9822 = PLANE ( 'NONE',  #2409 ) ;
#9823 = AXIS2_PLACEMENT_3D ( 'NONE', #4999, #18, #4952 ) ;
#9824 = ORIENTED_EDGE ( 'NONE', *, *, #253, .F. ) ;
#9825 = VECTOR ( 'NONE', #10598, 1000.000000000000000 ) ;
#9826 = ADVANCED_FACE ( 'NONE', ( #6515 ), #7240, .F. ) ;
#9827 = AXIS2_PLACEMENT_3D ( 'NONE', #5342, #2977, #8732 ) ;
#9828 = AXIS2_PLACEMENT_3D ( 'NONE', #9510, #10227, #1199 ) ;
#9829 =( NAMED_UNIT ( * ) PLANE_ANGLE_UNIT ( ) SI_UNIT ( $, .RADIAN. ) );
#9830 = ORIENTED_EDGE ( 'NONE', *, *, #4944, .T. ) ;
#9831 =( NAMED_UNIT ( * ) SI_UNIT ( $, .STERADIAN. ) SOLID_ANGLE_UNIT ( ) );
#9832 = CARTESIAN_POINT ( 'NONE',  ( -6.350000000000002309, 1.250000000000000222, 5.000000000000000000 ) ) ;
#9833 = CARTESIAN_POINT ( 'NONE',  ( 4.759999999999998899, 0.6499999999999995781, 1.550000000000000711 ) ) ;
#9834 = VECTOR ( 'NONE', #2610, 1000.000000000000000 ) ;
#9835 = VECTOR ( 'NONE', #6198, 1000.000000000000000 ) ;
#9836 = VECTOR ( 'NONE', #7453, 1000.000000000000000 ) ;
#9837 = DIRECTION ( 'NONE',  ( -1.000000000000000000, 0.000000000000000000, 0.000000000000000000 ) ) ;
#9838 = VERTEX_POINT ( 'NONE', #5140 ) ;
#9839 = VERTEX_POINT ( 'NONE', #9142 ) ;
#9840 = CARTESIAN_POINT ( 'NONE',  ( 0.3199999999999982858, -7.049999999999999822, 3.450000000000000622 ) ) ;
#9841 = VERTEX_POINT ( 'NONE', #9345 ) ;
#9842 = CARTESIAN_POINT ( 'NONE',  ( 5.446310797029412676, 0.05320789685125950491, 0.000000000000000000 ) ) ;
#9843 = ORIENTED_EDGE ( 'NONE', *, *, #2709, .T. ) ;
#9844 = DIRECTION ( 'NONE',  ( 0.000000000000000000, 0.000000000000000000, 1.000000000000000000 ) ) ;
#9845 = ORIENTED_EDGE ( 'NONE', *, *, #8748, .F. ) ;
#9846 = CARTESIAN_POINT ( 'NONE',  ( -4.760000000000002451, 2.469999999999999307, -2.799999999999999822 ) ) ;
#9847 = DIRECTION ( 'NONE',  ( -0.000000000000000000, -0.000000000000000000, -1.000000000000000000 ) ) ;
#9848 = CARTESIAN_POINT ( 'NONE',  ( 5.427756410256408870, -0.006650641025640825071, 0.000000000000000000 ) ) ;
#9849 = DIRECTION ( 'NONE',  ( -0.000000000000000000, 0.000000000000000000, -1.000000000000000000 ) ) ;
#9850 = LINE ( 'NONE', #4811, #7312 ) ;
#9851 = ADVANCED_FACE ( 'NONE', ( #4299 ), #9234, .F. ) ;
#9852 = SURFACE_STYLE_FILL_AREA ( #6449 ) ;
#9853 = CARTESIAN_POINT ( 'NONE',  ( 5.075029664549650654, -0.6946980637304638329, 0.1000000000000000056 ) ) ;
#9854 = DIRECTION ( 'NONE',  ( 0.000000000000000000, -0.7071067811865467956, 0.7071067811865483499 ) ) ;
#9855 = ORIENTED_EDGE ( 'NONE', *, *, #6631, .F. ) ;
#9856 = ORIENTED_EDGE ( 'NONE', *, *, #1265, .T. ) ;
#9857 = SURFACE_STYLE_USAGE ( .BOTH. , #620 ) ;
#9858 = CARTESIAN_POINT ( 'NONE',  ( 5.479999999999999538, 0.3807692307692310818, 0.1000000000000000056 ) ) ;
#9859 = CARTESIAN_POINT ( 'NONE',  ( 5.180760655071948051, 0.1153897904344145520, 0.1000000000000000056 ) ) ;
#9860 = DIRECTION ( 'NONE',  ( 1.000000000000000000, 0.000000000000000000, 0.000000000000000000 ) ) ;
#9861 = ORIENTED_EDGE ( 'NONE', *, *, #4108, .T. ) ;
#9862 = LINE ( 'NONE', #6465, #5110 ) ;
#9863 = CARTESIAN_POINT ( 'NONE',  ( 5.449230769230768878, -0.7498397435897438124, 0.000000000000000000 ) ) ;
#9864 = LINE ( 'NONE', #5758, #4722 ) ;
#9865 = EDGE_CURVE ( 'NONE', #6830, #9706, #5082, .T. ) ;
#9866 = DIRECTION ( 'NONE',  ( 0.000000000000000000, 0.000000000000000000, -1.000000000000000000 ) ) ;
#9867 = CARTESIAN_POINT ( 'NONE',  ( 6.349999999999996980, 1.249999999999999778, 4.599999999999999645 ) ) ;
#9868 = VERTEX_POINT ( 'NONE', #6837 ) ;
#9869 = LINE ( 'NONE', #2348, #874 ) ;
#9870 = ORIENTED_EDGE ( 'NONE', *, *, #4207, .T. ) ;
#9871 = CARTESIAN_POINT ( 'NONE',  ( 5.406602564102564124, -0.5730769230769234834, 0.1000000000000000056 ) ) ;
#9872 = CARTESIAN_POINT ( 'NONE',  ( 5.158188521121092052, 0.05115366581405887680, 0.000000000000000000 ) ) ;
#9873 = EDGE_CURVE ( 'NONE', #9452, #9710, #5998, .T. ) ;
#9874 = LINE ( 'NONE', #2465, #8714 ) ;
#9875 = LINE ( 'NONE', #3239, #4320 ) ;
#9876 = FACE_OUTER_BOUND ( 'NONE', #8611, .T. ) ;
#9877 = EDGE_LOOP ( 'NONE', ( #6106, #2929, #8530, #10280 ) ) ;
#9878 = DIRECTION ( 'NONE',  ( 1.000000000000000000, -0.000000000000000000, -0.000000000000000000 ) ) ;
#9879 = ORIENTED_EDGE ( 'NONE', *, *, #8493, .F. ) ;
#9880 = LINE ( 'NONE', #594, #4219 ) ;
#9881 = EDGE_CURVE ( 'NONE', #1527, #5496, #98, .T. ) ;
#9882 = FACE_BOUND ( 'NONE', #4949, .T. ) ;
#9883 = CARTESIAN_POINT ( 'NONE',  ( 4.759999999999998899, 4.809999999999998721, 3.450000000000000622 ) ) ;
#9884 = ADVANCED_FACE ( 'NONE', ( #6780 ), #5189, .T. ) ;
#9885 = CARTESIAN_POINT ( 'NONE',  ( 5.115841161651068170, -0.8879962273720212185, 0.000000000000000000 ) ) ;
#9886 = ORIENTED_EDGE ( 'NONE', *, *, #7066, .T. ) ;
#9887 = ORIENTED_EDGE ( 'NONE', *, *, #10635, .F. ) ;
#9888 = VERTEX_POINT ( 'NONE', #10841 ) ;
#9889 = SURFACE_STYLE_FILL_AREA ( #1529 ) ;
#9890 = CARTESIAN_POINT ( 'NONE',  ( 5.368571245196224417, 0.1168824356086021060, 0.000000000000000000 ) ) ;
#9891 = ORIENTED_EDGE ( 'NONE', *, *, #5996, .T. ) ;
#9892 = CARTESIAN_POINT ( 'NONE',  ( 5.473557431640267090, -0.6582448659029132010, 0.1000000000000000056 ) ) ;
#9893 = CARTESIAN_POINT ( 'NONE',  ( 5.288900355815194132, 0.09854404643978449674, 0.000000000000000000 ) ) ;
#9894 = CARTESIAN_POINT ( 'NONE',  ( 5.438974358974357770, -0.2653846153846152189, 0.1000000000000000056 ) ) ;
#9895 = ADVANCED_FACE ( 'NONE', ( #4251 ), #3328, .F. ) ;
#9896 = DIRECTION ( 'NONE',  ( 0.000000000000000000, -0.7071067811865467956, -0.7071067811865483499 ) ) ;
#9897 = CARTESIAN_POINT ( 'NONE',  ( 2.219999999999997975, 5.650000000000000355, 3.890000000000000124 ) ) ;
#9898 = CARTESIAN_POINT ( 'NONE',  ( 5.091567040237450215, -0.6474800616142253329, 0.1000000000000000056 ) ) ;
#9899 = CARTESIAN_POINT ( 'NONE',  ( 5.475638888881554145, -0.8323680507707161835, 0.000000000000000000 ) ) ;
#9900 = ORIENTED_EDGE ( 'NONE', *, *, #4164, .F. ) ;
#9901 = ORIENTED_EDGE ( 'NONE', *, *, #3966, .F. ) ;
#9902 = LINE ( 'NONE', #9083, #7568 ) ;
#9903 = ADVANCED_FACE ( 'NONE', ( #886 ), #4454, .T. ) ;
#9904 = CARTESIAN_POINT ( 'NONE',  ( 5.096395712931096611, 0.03288519246040175897, 0.1000000000000000056 ) ) ;
#9905 = SURFACE_SIDE_STYLE ('',( #6461 ) ) ;
#9906 = DIRECTION ( 'NONE',  ( 0.000000000000000000, -1.296504840042456870E-16, -1.000000000000000000 ) ) ;
#9907 = DIRECTION ( 'NONE',  ( 0.4188422247446088598, 0.9080590238365492395, -0.000000000000000000 ) ) ;
#9908 = LINE ( 'NONE', #5604, #2966 ) ;
#9909 = LINE ( 'NONE', #1505, #8939 ) ;
#9910 = LINE ( 'NONE', #3022, #10528 ) ;
#9911 = ORIENTED_EDGE ( 'NONE', *, *, #7456, .T. ) ;
#9912 = LINE ( 'NONE', #7352, #4941 ) ;
#9913 = ORIENTED_EDGE ( 'NONE', *, *, #9015, .F. ) ;
#9914 = UNCERTAINTY_MEASURE_WITH_UNIT (LENGTH_MEASURE( 1.000000000000000082E-05 ), #9683, 'distance_accuracy_value', 'NONE');
#9915 = CARTESIAN_POINT ( 'NONE',  ( -0.3200000000000017830, -1.250000000000001998, 4.090000000000000746 ) ) ;
#9916 = CARTESIAN_POINT ( 'NONE',  ( 5.438974358974357770, -0.1295673076923075373, 0.000000000000000000 ) ) ;
#9917 = CARTESIAN_POINT ( 'NONE',  ( 5.460328021065294024, 0.02788276866902742596, 0.1000000000000000056 ) ) ;
#9918 = LINE ( 'NONE', #2517, #5397 ) ;
#9919 = CARTESIAN_POINT ( 'NONE',  ( 5.420780227272080865, -0.8499861287889729500, 0.1000000000000000056 ) ) ;
#9920 = CARTESIAN_POINT ( 'NONE',  ( 4.759999999999998899, 2.269999999999997797, 0.9099999999999984768 ) ) ;
#9921 = EDGE_LOOP ( 'NONE', ( #5633, #606, #10020, #4149 ) ) ;
#9922 =( LENGTH_UNIT ( ) NAMED_UNIT ( * ) SI_UNIT ( .MILLI., .METRE. ) );
#9923 = ORIENTED_EDGE ( 'NONE', *, *, #5115, .F. ) ;
#9924 = DIRECTION ( 'NONE',  ( -1.000000000000000000, 0.000000000000000000, 0.000000000000000000 ) ) ;
#9925 = ADVANCED_FACE ( 'NONE', ( #980 ), #4473, .F. ) ;
#9926 = CARTESIAN_POINT ( 'NONE',  ( 5.382564102564102448, -0.6044871794871796711, 0.1000000000000000056 ) ) ;
#9927 = FILL_AREA_STYLE ('',( #10045 ) ) ;
#9928 = CARTESIAN_POINT ( 'NONE',  ( 3.820163934426231922, 0.6499999999999999112, -1.708196721311473265 ) ) ;
#9929 = EDGE_CURVE ( 'NONE', #9272, #7774, #10404, .T. ) ;
#9930 = VECTOR ( 'NONE', #10047, 1000.000000000000000 ) ;
#9931 = CARTESIAN_POINT ( 'NONE',  ( -6.350000000000002309, 1.250000000000000222, 5.000000000000000000 ) ) ;
#9932 = ADVANCED_FACE ( 'NONE', ( #1871 ), #1992, .F. ) ;
#9933 = VERTEX_POINT ( 'NONE', #2889 ) ;
#9934 = VERTEX_POINT ( 'NONE', #5243 ) ;
#9935 = VECTOR ( 'NONE', #6301, 1000.000000000000000 ) ;
#9936 = ORIENTED_EDGE ( 'NONE', *, *, #802, .F. ) ;
#9937 = DIRECTION ( 'NONE',  ( 1.000000000000000000, 0.000000000000000000, 0.000000000000000000 ) ) ;
#9938 = CARTESIAN_POINT ( 'NONE',  ( -6.350000000000002309, -1.249999999999999778, 3.450000000000000622 ) ) ;
#9939 = VECTOR ( 'NONE', #9178, 1000.000000000000000 ) ;
#9940 = CARTESIAN_POINT ( 'NONE',  ( 5.446310797029412676, 0.05320789685125950491, 0.1000000000000000056 ) ) ;
#9941 = ORIENTED_EDGE ( 'NONE', *, *, #6347, .T. ) ;
#9942 = EDGE_CURVE ( 'NONE', #7992, #4482, #4415, .T. ) ;
#9943 = CARTESIAN_POINT ( 'NONE',  ( 5.449443222330632608, -0.6153366918290672505, 0.1000000000000000056 ) ) ;
#9944 = ORIENTED_EDGE ( 'NONE', *, *, #1151, .T. ) ;
#9945 = FACE_OUTER_BOUND ( 'NONE', #2658, .T. ) ;
#9946 = CARTESIAN_POINT ( 'NONE',  ( 1.269999999999999352, 5.650000000000000355, 0.6000000000000001998 ) ) ;
#9947 = MECHANICAL_DESIGN_GEOMETRIC_PRESENTATION_REPRESENTATION (  '', ( #1354 ), #4000 ) ;
#9948 = DIRECTION ( 'NONE',  ( 0.000000000000000000, 0.000000000000000000, 1.000000000000000000 ) ) ;
#9949 = LINE ( 'NONE', #8979, #1145 ) ;
#9950 =( NAMED_UNIT ( * ) SI_UNIT ( $, .STERADIAN. ) SOLID_ANGLE_UNIT ( ) );
#9951 = ORIENTED_EDGE ( 'NONE', *, *, #10273, .F. ) ;
#9952 = CARTESIAN_POINT ( 'NONE',  ( -2.220000000000002416, -1.249999999999999778, 5.000000000000000000 ) ) ;
#9953 = VECTOR ( 'NONE', #9278, 1000.000000000000000 ) ;
#9954 = CARTESIAN_POINT ( 'NONE',  ( 5.489709147865975858, -0.7699785690023374096, 0.000000000000000000 ) ) ;
#9955 = ORIENTED_EDGE ( 'NONE', *, *, #1840, .F. ) ;
#9956 = VECTOR ( 'NONE', #9370, 1000.000000000000000 ) ;
#9957 = EDGE_CURVE ( 'NONE', #2650, #7929, #3598, .T. ) ;
#9958 = CARTESIAN_POINT ( 'NONE',  ( 5.245905874217157816, 0.1331299304514395876, 0.1000000000000000056 ) ) ;
#9959 = AXIS2_PLACEMENT_3D ( 'NONE', #10642, #9150, #1615 ) ;
#9960 = CARTESIAN_POINT ( 'NONE',  ( 1.769999999999997353, -1.249999999999999778, 0.000000000000000000 ) ) ;
#9961 = CARTESIAN_POINT ( 'NONE',  ( 5.085268404367571549, -0.005159608485284263718, 0.1000000000000000056 ) ) ;
#9962 = PLANE ( 'NONE',  #8747 ) ;
#9963 = COLOUR_RGB ( '',0.1490196078431372528, 0.1490196078431372528, 0.1490196078431372528 ) ;
#9964 = VECTOR ( 'NONE', #9403, 1000.000000000000000 ) ;
#9965 = DIRECTION ( 'NONE',  ( 1.000000000000000000, -0.000000000000000000, -0.000000000000000000 ) ) ;
#9966 = CARTESIAN_POINT ( 'NONE',  ( 5.079999999999999183, 0.5263621794871798931, 0.1000000000000000056 ) ) ;
#9967 = DIRECTION ( 'NONE',  ( 1.000000000000000000, -0.000000000000000000, -0.000000000000000000 ) ) ;
#9968 = CARTESIAN_POINT ( 'NONE',  ( -5.400000000000002132, 0.6499999999999995781, 1.550000000000000711 ) ) ;
#9969 = CARTESIAN_POINT ( 'NONE',  ( 5.121587067276311522, -0.07424522713192008294, -0.000000000000000000 ) ) ;
#9970 = VERTEX_POINT ( 'NONE', #6128 ) ;
#9971 = CARTESIAN_POINT ( 'NONE',  ( 5.242210412793820495, -0.9598823722681244508, -0.000000000000000000 ) ) ;
#9972 = ORIENTED_EDGE ( 'NONE', *, *, #4074, .F. ) ;
#9973 = VECTOR ( 'NONE', #10746, 1000.000000000000000 ) ;
#9974 = CARTESIAN_POINT ( 'NONE',  ( 5.462659483233718305, -0.6358802932648870421, 0.1000000000000000056 ) ) ;
#9975 =( GEOMETRIC_REPRESENTATION_CONTEXT ( 3 ) GLOBAL_UNCERTAINTY_ASSIGNED_CONTEXT ( ( #9693 ) ) GLOBAL_UNIT_ASSIGNED_CONTEXT ( ( #2050, #3725, #10463 ) ) REPRESENTATION_CONTEXT ( 'NONE', 'WORKASPACE' ) );
#9976 = CARTESIAN_POINT ( 'NONE',  ( 6.183333333333333570, 0.6499999999999999112, 4.599999999999999645 ) ) ;
#9977 = MECHANICAL_DESIGN_GEOMETRIC_PRESENTATION_REPRESENTATION (  '', ( #8578 ), #3329 ) ;
#9978 = DIRECTION ( 'NONE',  ( -1.000000000000000000, -0.000000000000000000, -0.000000000000000000 ) ) ;
#9979 = PRESENTATION_STYLE_ASSIGNMENT (( #7360 ) ) ;
#9980 = EDGE_CURVE ( 'NONE', #2700, #5403, #1939, .T. ) ;
#9981 = DIRECTION ( 'NONE',  ( -0.000000000000000000, 0.000000000000000000, -1.000000000000000000 ) ) ;
#9982 = ORIENTED_EDGE ( 'NONE', *, *, #9547, .T. ) ;
#9983 = COLOUR_RGB ( '',0.1490196078431372528, 0.1490196078431372528, 0.1490196078431372528 ) ;
#9984 = AXIS2_PLACEMENT_3D ( 'NONE', #6881, #10103, #4238 ) ;
#9985 = FACE_OUTER_BOUND ( 'NONE', #6415, .T. ) ;
#9986 = ORIENTED_EDGE ( 'NONE', *, *, #4924, .F. ) ;
#9987 = LINE ( 'NONE', #7686, #8959 ) ;
#9988 =( GEOMETRIC_REPRESENTATION_CONTEXT ( 3 ) GLOBAL_UNCERTAINTY_ASSIGNED_CONTEXT ( ( #7059 ) ) GLOBAL_UNIT_ASSIGNED_CONTEXT ( ( #3826, #5730, #3305 ) ) REPRESENTATION_CONTEXT ( 'NONE', 'WORKASPACE' ) );
#9989 = LINE ( 'NONE', #9926, #10674 ) ;
#9990 = CARTESIAN_POINT ( 'NONE',  ( 5.282323717948717245, -0.9628205128205130636, 0.1000000000000000056 ) ) ;
#9991 = CARTESIAN_POINT ( 'NONE',  ( -3.310000000000002718, 5.650000000000000355, 0.000000000000000000 ) ) ;
#9992 = VECTOR ( 'NONE', #10569, 1000.000000000000114 ) ;
#9993 = AXIS2_PLACEMENT_3D ( 'NONE', #1698, #721, #4086 ) ;
#9994 =( LENGTH_UNIT ( ) NAMED_UNIT ( * ) SI_UNIT ( .MILLI., .METRE. ) );
#9995 = AXIS2_PLACEMENT_3D ( 'NONE', #795, #5991, #5274 ) ;
#9996 = ORIENTED_EDGE ( 'NONE', *, *, #6862, .T. ) ;
#9997 = EDGE_LOOP ( 'NONE', ( #7424, #8307, #6233, #4996 ) ) ;
#9998 = ORIENTED_EDGE ( 'NONE', *, *, #742, .F. ) ;
#9999 = PRESENTATION_STYLE_ASSIGNMENT (( #8355 ) ) ;
#10000 = ADVANCED_FACE ( 'NONE', ( #3927 ), #9020, .F. ) ;
#10001 = CARTESIAN_POINT ( 'NONE',  ( 0.7699999999999990186, 5.650000000000000355, 5.000000000000000000 ) ) ;
#10002 = CARTESIAN_POINT ( 'NONE',  ( -2.220000000000001972, 4.809999999999998721, 3.450000000000000622 ) ) ;
#10003 = ORIENTED_EDGE ( 'NONE', *, *, #3, .F. ) ;
#10004 = CIRCLE ( 'NONE', #9823, 0.2000000000000000944 ) ;
#10005 = LINE ( 'NONE', #2373, #6148 ) ;
#10006 = ORIENTED_EDGE ( 'NONE', *, *, #6979, .F. ) ;
#10007 = PRESENTATION_STYLE_ASSIGNMENT (( #10826 ) ) ;
#10008 = CARTESIAN_POINT ( 'NONE',  ( 0.000000000000000000, 0.000000000000000000, 0.000000000000000000 ) ) ;
#10009 = STYLED_ITEM ( 'NONE', ( #4321 ), #9390 ) ;
#10010 = AXIS2_PLACEMENT_3D ( 'NONE', #1798, #7803, #5165 ) ;
#10011 = VECTOR ( 'NONE', #3099, 1000.000000000000000 ) ;
#10012 = B_SPLINE_CURVE_WITH_KNOTS ( 'NONE', 3,
 ( #10313, #3025, #1297, #10483, #8717, #2962, #6373, #462, #9650, #2070, #1072, #4550, #2016, #3741, #287, #7912, #2800, #5377, #5502 ),
 .UNSPECIFIED., .F., .F.,
 ( 4, 1, 1, 1, 1, 1, 1, 1, 1, 1, 1, 1, 1, 1, 1, 1, 4 ),
 ( 0.000000000000000000, 0.06432246778181897884, 0.1262886335379623803, 0.1867242955000426863, 0.2464168158680676013, 0.3055837265637834643, 0.3654367727676127720, 0.4263329871858878573, 0.4888458569063461878, 0.5517301902635043387, 0.6139230909085520160, 0.6754875435196860956, 0.7373369548421794262, 0.8002313699638065048, 0.8645038754762076616, 0.9310415419227365819, 1.000000000000000000 ),
 .UNSPECIFIED. ) ;
#10013 = EDGE_CURVE ( 'NONE', #3893, #9452, #1322, .T. ) ;
#10014 = CARTESIAN_POINT ( 'NONE',  ( 4.752622950819667125, 0.6499999999999999112, 1.731147540983604793 ) ) ;
#10015 = ORIENTED_EDGE ( 'NONE', *, *, #7806, .F. ) ;
#10016 = PRESENTATION_LAYER_ASSIGNMENT (  '', '', ( #539 ) ) ;
#10017 = DIRECTION ( 'NONE',  ( 0.000000000000000000, 0.000000000000000000, 1.000000000000000000 ) ) ;
#10018 = MECHANICAL_DESIGN_GEOMETRIC_PRESENTATION_REPRESENTATION (  '', ( #4404 ), #7398 ) ;
#10019 = CARTESIAN_POINT ( 'NONE',  ( 5.110887517756999010, -0.7536938413102799439, 0.000000000000000000 ) ) ;
#10020 = ORIENTED_EDGE ( 'NONE', *, *, #2866, .T. ) ;
#10021 = CARTESIAN_POINT ( 'NONE',  ( -2.220000000000001972, 2.469999999999999307, 0.7099999999999970779 ) ) ;
#10022 = ORIENTED_EDGE ( 'NONE', *, *, #8490, .F. ) ;
#10023 = CARTESIAN_POINT ( 'NONE',  ( 5.147839165735074829, 0.09593393900972939370, 0.1000000000000000056 ) ) ;
#10024 = EDGE_CURVE ( 'NONE', #3559, #2096, #2326, .T. ) ;
#10025 = DIRECTION ( 'NONE',  ( 0.6401843996644795975, 0.000000000000000000, 0.7682212795973760722 ) ) ;
#10026 = VECTOR ( 'NONE', #8822, 1000.000000000000000 ) ;
#10027 = EDGE_CURVE ( 'NONE', #10035, #9388, #3092, .T. ) ;
#10028 = CARTESIAN_POINT ( 'NONE',  ( 4.759999999999998899, -7.049999999999999822, 1.550000000000000044 ) ) ;
#10029 = LINE ( 'NONE', #1612, #8895 ) ;
#10030 = LINE ( 'NONE', #7573, #2267 ) ;
#10031 = DIRECTION ( 'NONE',  ( 0.000000000000000000, -0.7071067811865467956, 0.7071067811865483499 ) ) ;
#10032 = CARTESIAN_POINT ( 'NONE',  ( 5.426680487442699707, -0.8399541930673591894, 0.000000000000000000 ) ) ;
#10033 = ORIENTED_EDGE ( 'NONE', *, *, #10289, .T. ) ;
#10034 = CARTESIAN_POINT ( 'NONE',  ( 5.079999999999999183, 0.5263621794871798931, 0.1000000000000000056 ) ) ;
#10035 = VERTEX_POINT ( 'NONE', #3815 ) ;
#10036 = DIRECTION ( 'NONE',  ( -0.6401843996644795975, 0.000000000000000000, 0.7682212795973760722 ) ) ;
#10037 = CARTESIAN_POINT ( 'NONE',  ( 5.249042891330751637, 0.09726870958514816090, 0.1000000000000000056 ) ) ;
#10038 = DIRECTION ( 'NONE',  ( 0.000000000000000000, -0.7071067811865474617, 0.7071067811865474617 ) ) ;
#10039 = CARTESIAN_POINT ( 'NONE',  ( 4.759999999999998899, 4.809999999999999609, 3.250000000000000888 ) ) ;
#10040 = ORIENTED_EDGE ( 'NONE', *, *, #1681, .F. ) ;
#10041 = CARTESIAN_POINT ( 'NONE',  ( 5.076395752695643360, -0.8081289035275428523, 0.1000000000000000056 ) ) ;
#10042 = VERTEX_POINT ( 'NONE', #7228 ) ;
#10043 = CARTESIAN_POINT ( 'NONE',  ( -0.3200000000000017830, 2.269999999999999130, 0.7099999999999985212 ) ) ;
#10044 = CARTESIAN_POINT ( 'NONE',  ( -0.3200000000000017830, -7.249999999999999112, 1.349999999999999867 ) ) ;
#10045 = FILL_AREA_STYLE_COLOUR ( '', #1237 ) ;
#10046 = ADVANCED_FACE ( 'NONE', ( #8111 ), #10573, .F. ) ;
#10047 = DIRECTION ( 'NONE',  ( 0.000000000000000000, -0.7071067811865467956, -0.7071067811865483499 ) ) ;
#10048 = ORIENTED_EDGE ( 'NONE', *, *, #9194, .T. ) ;
#10049 = VERTEX_POINT ( 'NONE', #3051 ) ;
#10050 = ORIENTED_EDGE ( 'NONE', *, *, #7950, .T. ) ;
#10051 = DIRECTION ( 'NONE',  ( 0.000000000000000000, 0.7071067811865467956, 0.7071067811865483499 ) ) ;
#10052 = B_SPLINE_SURFACE_WITH_KNOTS ( 'NONE', 3, 1, ( 
 ( #10210, #8670 ),
 ( #2690, #1848 ),
 ( #1015, #1187 ),
 ( #4497, #2916 ),
 ( #2022, #4386 ),
 ( #294, #7919 ),
 ( #4326, #4556 ),
 ( #3745, #193 ),
 ( #5382, #6919 ),
 ( #3689, #240 ),
 ( #7690, #10261 ) ),
 .UNSPECIFIED., .F., .F., .F.,
 ( 4, 1, 1, 1, 1, 1, 1, 1, 4 ),
 ( 2, 2 ),
 ( 0.000000000000000000, 0.1642892164747621619, 0.3174059112304911667, 0.4588436116410203325, 0.5893665423053099373, 0.7078313187781725135, 0.8157700306990054440, 0.9128799029021259503, 1.000000000000000000 ),
 ( 0.000000000000000000, 1.000000000000000000 ),
 .UNSPECIFIED. ) ;
#10053 = FILL_AREA_STYLE_COLOUR ( '', #2825 ) ;
#10054 = DIRECTION ( 'NONE',  ( 0.000000000000000000, 1.000000000000000000, 1.088556398077815951E-16 ) ) ;
#10055 = ORIENTED_EDGE ( 'NONE', *, *, #2703, .T. ) ;
#10056 = CARTESIAN_POINT ( 'NONE',  ( 2.219999999999997975, -7.249999999999999112, 3.650000000000000799 ) ) ;
#10057 = EDGE_LOOP ( 'NONE', ( #4673, #3920, #10223, #7206 ) ) ;
#10058 = PLANE ( 'NONE',  #9642 ) ;
#10059 =( NAMED_UNIT ( * ) PLANE_ANGLE_UNIT ( ) SI_UNIT ( $, .RADIAN. ) );
#10060 = FACE_OUTER_BOUND ( 'NONE', #8358, .T. ) ;
#10061 = EDGE_CURVE ( 'NONE', #8353, #10342, #2996, .T. ) ;
#10062 = DIRECTION ( 'NONE',  ( 1.000000000000000000, -0.000000000000000000, -0.000000000000000000 ) ) ;
#10063 = ORIENTED_EDGE ( 'NONE', *, *, #9285, .F. ) ;
#10064 = DIRECTION ( 'NONE',  ( 0.6038968352533735651, -0.7970624896273564852, 0.000000000000000000 ) ) ;
#10065 = LINE ( 'NONE', #7715, #8768 ) ;
#10066 = ORIENTED_EDGE ( 'NONE', *, *, #4237, .F. ) ;
#10067 = DIRECTION ( 'NONE',  ( 0.000000000000000000, 0.000000000000000000, -1.000000000000000000 ) ) ;
#10068 = EDGE_LOOP ( 'NONE', ( #10455, #8675, #2876, #5696 ) ) ;
#10069 = DIRECTION ( 'NONE',  ( 1.000000000000000000, 0.000000000000000000, -0.000000000000000000 ) ) ;
#10070 = ADVANCED_FACE ( 'NONE', ( #4752 ), #2266, .F. ) ;
#10071 = LINE ( 'NONE', #2546, #1761 ) ;
#10072 =( GEOMETRIC_REPRESENTATION_CONTEXT ( 3 ) GLOBAL_UNCERTAINTY_ASSIGNED_CONTEXT ( ( #1886 ) ) GLOBAL_UNIT_ASSIGNED_CONTEXT ( ( #2067, #9702, #5436 ) ) REPRESENTATION_CONTEXT ( 'NONE', 'WORKASPACE' ) );
#10073 = PRESENTATION_STYLE_ASSIGNMENT (( #3601 ) ) ;
#10074 = ADVANCED_FACE ( 'NONE', ( #5639 ), #5580, .F. ) ;
#10075 = DIRECTION ( 'NONE',  ( 0.000000000000000000, 0.000000000000000000, 1.000000000000000000 ) ) ;
#10077 = ADVANCED_FACE ( 'NONE', ( #6353 ), #561, .F. ) ;
#10076 = DIRECTION ( 'NONE',  ( 1.000000000000000000, -0.000000000000000000, -0.000000000000000000 ) ) ;
#10078 = EDGE_CURVE ( 'NONE', #7432, #3936, #608, .T. ) ;
#10079 = DIRECTION ( 'NONE',  ( 0.000000000000000000, -1.000000000000000000, 0.000000000000000000 ) ) ;
#10080 = LINE ( 'NONE', #2607, #5058 ) ;
#10081 = CARTESIAN_POINT ( 'NONE',  ( 5.345970231491935287, -0.9142053650526332786, 0.000000000000000000 ) ) ;
#10082 = EDGE_LOOP ( 'NONE', ( #7609, #9290, #6967, #9482 ) ) ;
#10083 = LINE ( 'NONE', #4364, #7037 ) ;
#10084 = VERTEX_POINT ( 'NONE', #7325 ) ;
#10085 = ADVANCED_FACE ( 'NONE', ( #10673 ), #7385, .F. ) ;
#10086 = DIRECTION ( 'NONE',  ( 1.000000000000000000, 0.000000000000000000, 0.000000000000000000 ) ) ;
#10087 = CARTESIAN_POINT ( 'NONE',  ( -6.350000000000002309, -1.249999999999999778, 4.400000000000000355 ) ) ;
#10088 = CARTESIAN_POINT ( 'NONE',  ( -4.760000000000002451, 2.669999999999999041, -3.000000000000000000 ) ) ;
#10089 = EDGE_LOOP ( 'NONE', ( #7513, #7605, #3373, #7293 ) ) ;
#10090 = DIRECTION ( 'NONE',  ( 0.000000000000000000, 0.000000000000000000, 1.000000000000000000 ) ) ;
#10091 = DIRECTION ( 'NONE',  ( 0.000000000000000000, 0.000000000000000000, -1.000000000000000000 ) ) ;
#10092 = EDGE_CURVE ( 'NONE', #7367, #3219, #813, .T. ) ;
#10093 = EDGE_CURVE ( 'NONE', #1493, #1991, #7543, .T. ) ;
#10094 = CARTESIAN_POINT ( 'NONE',  ( 5.339773257914258942, 0.08801714006195740514, 0.000000000000000000 ) ) ;
#10095 = CARTESIAN_POINT ( 'NONE',  ( -4.760000000000002451, 2.269999999999997797, 0.9099999999999984768 ) ) ;
#10096 = VERTEX_POINT ( 'NONE', #2536 ) ;
#10097 = VERTEX_POINT ( 'NONE', #7649 ) ;
#10098 = ORIENTED_EDGE ( 'NONE', *, *, #7758, .T. ) ;
#10099 = EDGE_CURVE ( 'NONE', #903, #10438, #2476, .T. ) ;
#10100 = SURFACE_SIDE_STYLE ('',( #2530 ) ) ;
#10101 = LINE ( 'NONE', #8357, #3160 ) ;
#10102 = ORIENTED_EDGE ( 'NONE', *, *, #5399, .F. ) ;
#10103 = DIRECTION ( 'NONE',  ( -1.000000000000000000, 0.000000000000000000, 0.000000000000000000 ) ) ;
#10104 = EDGE_LOOP ( 'NONE', ( #6097, #1835, #6634, #5689, #9318, #4562, #6861, #6877, #10230, #3130 ) ) ;
#10105 = VECTOR ( 'NONE', #857, 1000.000000000000000 ) ;
#10106 = DIRECTION ( 'NONE',  ( 0.000000000000000000, 1.628629872832303439E-16, 1.000000000000000000 ) ) ;
#10107 = CARTESIAN_POINT ( 'NONE',  ( -5.400000000000002132, 0.6499999999999995781, 3.450000000000000622 ) ) ;
#10108 = ORIENTED_EDGE ( 'NONE', *, *, #4789, .F. ) ;
#10109 = COLOUR_RGB ( '',0.1490196078431372528, 0.1490196078431372528, 0.1490196078431372528 ) ;
#10110 = CARTESIAN_POINT ( 'NONE',  ( -2.860000000000001652, -7.049999999999999822, 4.090000000000000746 ) ) ;
#10111 = ADVANCED_FACE ( 'NONE', ( #8259 ), #3311, .T. ) ;
#10112 = CARTESIAN_POINT ( 'NONE',  ( 5.158870461168689303, -0.8761166239369910791, 0.000000000000000000 ) ) ;
#10113 = ORIENTED_EDGE ( 'NONE', *, *, #1613, .F. ) ;
#10114 = CARTESIAN_POINT ( 'NONE',  ( -2.860000000000001652, -7.249999999999999112, 3.650000000000000799 ) ) ;
#10115 = ORIENTED_EDGE ( 'NONE', *, *, #2377, .F. ) ;
#10116 = CARTESIAN_POINT ( 'NONE',  ( 5.231972896995821465, 0.1312812052486491132, -1.355252715606880543E-17 ) ) ;
#10117 = VECTOR ( 'NONE', #892, 1000.000000000000000 ) ;
#10118 = CARTESIAN_POINT ( 'NONE',  ( -6.350000000000002309, -1.249999999999999778, 0.9099999999999993650 ) ) ;
#10119 = FACE_OUTER_BOUND ( 'NONE', #3758, .T. ) ;
#10120 = LINE ( 'NONE', #6028, #3357 ) ;
#10121 = DIRECTION ( 'NONE',  ( 1.000000000000000000, 0.000000000000000000, 0.000000000000000000 ) ) ;
#10122 = STYLED_ITEM ( 'NONE', ( #2378 ), #5014 ) ;
#10123 = SURFACE_SIDE_STYLE ('',( #4359 ) ) ;
#10124 = CARTESIAN_POINT ( 'NONE',  ( 5.432807787737276684, -0.02877626396033934608, 0.1000000000000000056 ) ) ;
#10125 = CARTESIAN_POINT ( 'NONE',  ( 5.375002455112887212, -0.8982737941971792317, 0.000000000000000000 ) ) ;
#10126 = EDGE_CURVE ( 'NONE', #6774, #1973, #1644, .T. ) ;
#10127 = EDGE_LOOP ( 'NONE', ( #7593, #4263, #659, #3567 ) ) ;
#10128 = PLANE ( 'NONE',  #5988 ) ;
#10129 = EDGE_LOOP ( 'NONE', ( #9034, #8666, #895, #2764 ) ) ;
#10130 = DIRECTION ( 'NONE',  ( 1.000000000000000000, 0.000000000000000000, 0.000000000000000000 ) ) ;
#10131 = CARTESIAN_POINT ( 'NONE',  ( 5.479999999999999538, 0.3756410256410259718, 0.000000000000000000 ) ) ;
#10132 = DIRECTION ( 'NONE',  ( 0.000000000000000000, 0.000000000000000000, 1.000000000000000000 ) ) ;
#10133 = VECTOR ( 'NONE', #6100, 1000.000000000000114 ) ;
#10134 = VECTOR ( 'NONE', #8595, 1000.000000000000000 ) ;
#10135 = B_SPLINE_SURFACE_WITH_KNOTS ( 'NONE', 3, 1, ( 
 ( #1346, #10593 ),
 ( #8877, #3021 ),
 ( #404, #6371 ),
 ( #7132, #3067 ),
 ( #10481, #6310 ),
 ( #9646, #6418 ),
 ( #2234, #2136 ),
 ( #6207, #5500 ),
 ( #5606, #4713 ),
 ( #1295, #8933 ),
 ( #1409, #4778 ) ),
 .UNSPECIFIED., .F., .F., .F.,
 ( 4, 1, 1, 1, 1, 1, 1, 1, 4 ),
 ( 2, 2 ),
 ( 0.000000000000000000, 0.1243264850794584264, 0.2471519917741143990, 0.3687737442333468008, 0.4902465348858408012, 0.6136200636025047617, 0.7389618264298494221, 0.8673127358513658125, 1.000000000000000000 ),
 ( 0.000000000000000000, 1.000000000000000000 ),
 .UNSPECIFIED. ) ;
#10136 = EDGE_LOOP ( 'NONE', ( #5034, #9951, #2258, #2746 ) ) ;
#10137 = FILL_AREA_STYLE_COLOUR ( '', #10109 ) ;
#10138 = EDGE_CURVE ( 'NONE', #6888, #2372, #1594, .T. ) ;
#10139 = CARTESIAN_POINT ( 'NONE',  ( -2.220000000000001972, 5.649999999999999467, -2.799999999999999822 ) ) ;
#10140 = CARTESIAN_POINT ( 'NONE',  ( 5.121025641025640063, -1.008974358974358720, 0.1000000000000000056 ) ) ;
#10141 = STYLED_ITEM ( 'NONE', ( #624 ), #4758 ) ;
#10142 = PLANE ( 'NONE',  #9995 ) ;
#10143 = EDGE_LOOP ( 'NONE', ( #5942, #9588, #6171, #4600 ) ) ;
#10144 = VECTOR ( 'NONE', #284, 1000.000000000000000 ) ;
#10145 = CARTESIAN_POINT ( 'NONE',  ( -2.860000000000001652, -7.249999999999999112, 3.890000000000000568 ) ) ;
#10146 = DIRECTION ( 'NONE',  ( 0.000000000000000000, 0.000000000000000000, 1.000000000000000000 ) ) ;
#10147 = CARTESIAN_POINT ( 'NONE',  ( 3.809999999999998277, 5.650000000000000355, 0.5999999999999998668 ) ) ;
#10148 = EDGE_CURVE ( 'NONE', #1341, #7986, #9288, .T. ) ;
#10149 = PLANE ( 'NONE',  #1171 ) ;
#10150 = MECHANICAL_DESIGN_GEOMETRIC_PRESENTATION_REPRESENTATION (  '', ( #1903 ), #8065 ) ;
#10151 = ADVANCED_FACE ( 'NONE', ( #9945 ), #10058, .F. ) ;
#10152 = CARTESIAN_POINT ( 'NONE',  ( 5.427756410256408870, -0.006650641025640825071, 0.1000000000000000056 ) ) ;
#10153 = ORIENTED_EDGE ( 'NONE', *, *, #2508, .T. ) ;
#10154 = VECTOR ( 'NONE', #6393, 1000.000000000000000 ) ;
#10155 = VERTEX_POINT ( 'NONE', #5896 ) ;
#10156 = AXIS2_PLACEMENT_3D ( 'NONE', #5899, #10279, #6887 ) ;
#10157 = EDGE_LOOP ( 'NONE', ( #7552, #6152, #784, #8045 ) ) ;
#10158 = FACE_OUTER_BOUND ( 'NONE', #2003, .T. ) ;
#10159 = DIRECTION ( 'NONE',  ( 0.000000000000000000, 0.000000000000000000, 1.000000000000000000 ) ) ;
#10160 = ORIENTED_EDGE ( 'NONE', *, *, #10640, .T. ) ;
#10161 = CARTESIAN_POINT ( 'NONE',  ( 2.859999999999998099, -7.049999999999999822, 4.090000000000000746 ) ) ;
#10162 = ORIENTED_EDGE ( 'NONE', *, *, #8477, .T. ) ;
#10163 = DIRECTION ( 'NONE',  ( -0.000000000000000000, -1.000000000000000000, -0.000000000000000000 ) ) ;
#10164 = VERTEX_POINT ( 'NONE', #1536 ) ;
#10165 = DIRECTION ( 'NONE',  ( 1.000000000000000000, -0.000000000000000000, -0.000000000000000000 ) ) ;
#10166 = CARTESIAN_POINT ( 'NONE',  ( 0.3199999999999982858, 0.6500000000000000222, 0.9099999999999986988 ) ) ;
#10167 = DIRECTION ( 'NONE',  ( -0.000000000000000000, 0.000000000000000000, -1.000000000000000000 ) ) ;
#10168 = VECTOR ( 'NONE', #4862, 1000.000000000000000 ) ;
#10169 = VECTOR ( 'NONE', #2799, 1000.000000000000000 ) ;
#10170 = CARTESIAN_POINT ( 'NONE',  ( 0.3199999999999982858, 5.649999999999999467, -2.799999999999999822 ) ) ;
#10171 = VERTEX_POINT ( 'NONE', #6825 ) ;
#10172 = CARTESIAN_POINT ( 'NONE',  ( 5.402035256410256281, 0.3778044871794875581, 0.1000000000000000056 ) ) ;
#10173 = VECTOR ( 'NONE', #953, 1000.000000000000000 ) ;
#10174 = CARTESIAN_POINT ( 'NONE',  ( 5.137697514521827102, -0.8490130866626018902, 0.000000000000000000 ) ) ;
#10175 = ORIENTED_EDGE ( 'NONE', *, *, #5673, .F. ) ;
#10176 = STYLED_ITEM ( 'NONE', ( #1855 ), #9053 ) ;
#10177 = VECTOR ( 'NONE', #10608, 1000.000000000000000 ) ;
#10178 = CIRCLE ( 'NONE', #2471, 0.1999999999999999833 ) ;
#10179 = CARTESIAN_POINT ( 'NONE',  ( 5.079999999999999183, -1.008974358974358720, 0.1000000000000000056 ) ) ;
#10180 = EDGE_LOOP ( 'NONE', ( #4971, #7108, #5708, #9139, #9986, #5455, #4507, #6165, #4625, #2987 ) ) ;
#10181 = DIRECTION ( 'NONE',  ( 0.000000000000000000, 0.000000000000000000, -1.000000000000000000 ) ) ;
#10182 = CARTESIAN_POINT ( 'NONE',  ( 5.114560310930753140, -0.7064717207445062597, 0.1000000000000000056 ) ) ;
#10183 = CARTESIAN_POINT ( 'NONE',  ( -6.350000000000002309, -1.249999999999999778, 4.400000000000000355 ) ) ;
#10184 = CARTESIAN_POINT ( 'NONE',  ( 0.000000000000000000, 0.000000000000000000, 5.000000000000000000 ) ) ;
#10185 = EDGE_CURVE ( 'NONE', #9812, #5527, #7725, .T. ) ;
#10186 = VECTOR ( 'NONE', #7135, 1000.000000000000000 ) ;
#10187 = VECTOR ( 'NONE', #8977, 1000.000000000000000 ) ;
#10188 = LINE ( 'NONE', #6076, #1765 ) ;
#10189 = CARTESIAN_POINT ( 'NONE',  ( 5.430489262047751176, -0.9016464448092287309, 0.1000000000000000056 ) ) ;
#10190 = LINE ( 'NONE', #6693, #6129 ) ;
#10191 =( NAMED_UNIT ( * ) PLANE_ANGLE_UNIT ( ) SI_UNIT ( $, .RADIAN. ) );
#10192 = CARTESIAN_POINT ( 'NONE',  ( 5.392214289558546092, -0.8845403348118117126, 0.1000000000000000056 ) ) ;
#10193 = ORIENTED_EDGE ( 'NONE', *, *, #7793, .T. ) ;
#10194 = CARTESIAN_POINT ( 'NONE',  ( 5.274871794871794251, -0.4551282051282050101, -0.000000000000000000 ) ) ;
#10195 = ORIENTED_EDGE ( 'NONE', *, *, #10027, .F. ) ;
#10196 = CARTESIAN_POINT ( 'NONE',  ( -0.3200000000000017830, 3.109999999999998987, -2.799999999999999822 ) ) ;
#10197 = LINE ( 'NONE', #1167, #2300 ) ;
#10198 = AXIS2_PLACEMENT_3D ( 'NONE', #3488, #2598, #4194 ) ;
#10199 = DIRECTION ( 'NONE',  ( 1.000000000000000000, -0.000000000000000000, -0.000000000000000000 ) ) ;
#10200 = PLANE ( 'NONE',  #7872 ) ;
#10201 = ADVANCED_FACE ( 'NONE', ( #4967 ), #5736, .T. ) ;
#10202 = ORIENTED_EDGE ( 'NONE', *, *, #4659, .F. ) ;
#10203 = FACE_BOUND ( 'NONE', #2198, .T. ) ;
#10204 = DIRECTION ( 'NONE',  ( 1.000000000000000000, 0.000000000000000000, -0.000000000000000000 ) ) ;
#10205 = ORIENTED_EDGE ( 'NONE', *, *, #455, .F. ) ;
#10206 = CARTESIAN_POINT ( 'NONE',  ( -1.270000000000000684, 0.6499999999999995781, 4.400000000000000355 ) ) ;
#10207 = ORIENTED_EDGE ( 'NONE', *, *, #3915, .T. ) ;
#10208 = CARTESIAN_POINT ( 'NONE',  ( -0.3200000000000017830, 2.269999999999999130, 0.7099999999999985212 ) ) ;
#10209 = LINE ( 'NONE', #4444, #9251 ) ;
#10210 = CARTESIAN_POINT ( 'NONE',  ( 5.479999999999999538, -0.1128205128205126417, 0.1000000000000000056 ) ) ;
#10211 = LINE ( 'NONE', #3406, #6099 ) ;
#10212 = EDGE_CURVE ( 'NONE', #6230, #6224, #2142, .T. ) ;
#10213 = DIRECTION ( 'NONE',  ( -0.000000000000000000, 0.000000000000000000, 1.000000000000000000 ) ) ;
#10214 = EDGE_CURVE ( 'NONE', #317, #6888, #8833, .T. ) ;
#10215 = DIRECTION ( 'NONE',  ( 0.000000000000000000, -0.7071067811865467956, 0.7071067811865483499 ) ) ;
#10216 = ORIENTED_EDGE ( 'NONE', *, *, #1178, .F. ) ;
#10217 = ORIENTED_EDGE ( 'NONE', *, *, #7412, .T. ) ;
#10218 = VERTEX_POINT ( 'NONE', #10486 ) ;
#10219 = EDGE_CURVE ( 'NONE', #7485, #6529, #2651, .T. ) ;
#10220 = CARTESIAN_POINT ( 'NONE',  ( -2.860000000000001652, 4.809999999999998721, 3.450000000000000622 ) ) ;
#10221 = VERTEX_POINT ( 'NONE', #2965 ) ;
#10222 = CARTESIAN_POINT ( 'NONE',  ( -2.860000000000001652, -7.249999999999999112, 1.349999999999999867 ) ) ;
#10223 = ORIENTED_EDGE ( 'NONE', *, *, #6767, .F. ) ;
#10224 = CARTESIAN_POINT ( 'NONE',  ( -5.400000000000002132, 3.109999999999998987, -2.799999999999999822 ) ) ;
#10225 = ORIENTED_EDGE ( 'NONE', *, *, #9158, .T. ) ;
#10226 = DIRECTION ( 'NONE',  ( 1.000000000000000000, 0.000000000000000000, -0.000000000000000000 ) ) ;
#10227 = DIRECTION ( 'NONE',  ( 0.000000000000000000, -0.7071067811865483499, 0.7071067811865467956 ) ) ;
#10228 = EDGE_CURVE ( 'NONE', #305, #4344, #1184, .T. ) ;
#10229 = CARTESIAN_POINT ( 'NONE',  ( 5.475638888881554145, -0.8323680507707161835, -0.000000000000000000 ) ) ;
#10230 = ORIENTED_EDGE ( 'NONE', *, *, #6961, .T. ) ;
#10231 = LINE ( 'NONE', #155, #6134 ) ;
#10232 = DIRECTION ( 'NONE',  ( 1.000000000000000000, -0.000000000000000000, -0.000000000000000000 ) ) ;
#10233 = ORIENTED_EDGE ( 'NONE', *, *, #7134, .F. ) ;
#10234 = LINE ( 'NONE', #8430, #309 ) ;
#10235 = ORIENTED_EDGE ( 'NONE', *, *, #7972, .F. ) ;
#10236 = EDGE_CURVE ( 'NONE', #844, #3592, #7904, .T. ) ;
#10237 = FACE_OUTER_BOUND ( 'NONE', #1725, .T. ) ;
#10238 = DIRECTION ( 'NONE',  ( -1.000000000000000000, 0.000000000000000000, 0.000000000000000000 ) ) ;
#10239 =( LENGTH_UNIT ( ) NAMED_UNIT ( * ) SI_UNIT ( .MILLI., .METRE. ) );
#10240 = DIRECTION ( 'NONE',  ( 0.6401843996644802637, -0.000000000000000000, -0.7682212795973755171 ) ) ;
#10241 = CARTESIAN_POINT ( 'NONE',  ( 5.324448327250723700, -0.9593221430762473023, 0.1000000000000000056 ) ) ;
#10242 = FACE_OUTER_BOUND ( 'NONE', #2562, .T. ) ;
#10243 = SURFACE_SIDE_STYLE ('',( #833 ) ) ;
#10244 = DIRECTION ( 'NONE',  ( -1.000000000000000000, -0.000000000000000000, -0.000000000000000000 ) ) ;
#10245 = ADVANCED_FACE ( 'NONE', ( #465 ), #2915, .F. ) ;
#10246 = EDGE_LOOP ( 'NONE', ( #6807, #7679, #73, #1687 ) ) ;
#10247 = CARTESIAN_POINT ( 'NONE',  ( 5.436630559816197916, -0.8188309024427534721, -0.000000000000000000 ) ) ;
#10248 = ORIENTED_EDGE ( 'NONE', *, *, #8418, .T. ) ;
#10249 = LINE ( 'NONE', #1060, #7569 ) ;
#10250 = PLANE ( 'NONE',  #8711 ) ;
#10251 = DIRECTION ( 'NONE',  ( 0.000000000000000000, -0.7071067811865474617, -0.7071067811865474617 ) ) ;
#10252 = CARTESIAN_POINT ( 'NONE',  ( 5.097363495268873557, -0.6365870616663364956, 0.1000000000000000056 ) ) ;
#10253 = VERTEX_POINT ( 'NONE', #9543 ) ;
#10254 = CARTESIAN_POINT ( 'NONE',  ( 5.208205128205127821, 0.4672275641025644410, 0.1000000000000000056 ) ) ;
#10255 = DIRECTION ( 'NONE',  ( 0.000000000000000000, 0.000000000000000000, 1.000000000000000000 ) ) ;
#10256 = LINE ( 'NONE', #10376, #5079 ) ;
#10257 = CARTESIAN_POINT ( 'NONE',  ( 5.079999999999999183, -0.2653846153846152189, 0.1000000000000000056 ) ) ;
#10258 = ORIENTED_EDGE ( 'NONE', *, *, #6961, .F. ) ;
#10259 = CARTESIAN_POINT ( 'NONE',  ( 5.275478426526872155, -0.9626743901262690972, 0.1000000000000000056 ) ) ;
#10260 = FILL_AREA_STYLE ('',( #68 ) ) ;
#10261 = CARTESIAN_POINT ( 'NONE',  ( 5.465576923076922888, 0.01410256410256429706, 0.000000000000000000 ) ) ;
#10262 = LINE ( 'NONE', #1188, #9060 ) ;
#10263 = CARTESIAN_POINT ( 'NONE',  ( 2.859999999999998099, 4.809999999999999609, 3.250000000000000888 ) ) ;
#10264 = CARTESIAN_POINT ( 'NONE',  ( 5.438974358974357770, -0.1576923076923075207, 0.1000000000000000056 ) ) ;
#10265 = VERTEX_POINT ( 'NONE', #6012 ) ;
#10266 = VERTEX_POINT ( 'NONE', #2073 ) ;
#10267 = DIRECTION ( 'NONE',  ( 0.000000000000000000, 0.7071067811865483499, 0.7071067811865467956 ) ) ;
#10268 = EDGE_LOOP ( 'NONE', ( #9576, #198, #5356, #6745 ) ) ;
#10269 = DIRECTION ( 'NONE',  ( 0.000000000000000000, 1.628629872832303439E-16, 1.000000000000000000 ) ) ;
#10270 = ORIENTED_EDGE ( 'NONE', *, *, #5258, .F. ) ;
#10271 = DIRECTION ( 'NONE',  ( 0.000000000000000000, -1.000000000000000000, 0.000000000000000000 ) ) ;
#10272 = VERTEX_POINT ( 'NONE', #10548 ) ;
#10273 = EDGE_CURVE ( 'NONE', #4316, #1981, #6375, .T. ) ;
#10274 = ORIENTED_EDGE ( 'NONE', *, *, #5597, .T. ) ;
#10275 = CARTESIAN_POINT ( 'NONE',  ( -2.860000000000001652, 5.450000000000000178, -3.000000000000000000 ) ) ;
#10276 = CARTESIAN_POINT ( 'NONE',  ( 0.000000000000000000, 0.000000000000000000, 5.000000000000000000 ) ) ;
#10277 = ADVANCED_FACE ( 'NONE', ( #5556 ), #1353, .T. ) ;
#10278 = ADVANCED_FACE ( 'NONE', ( #1811 ), #217, .T. ) ;
#10279 = DIRECTION ( 'NONE',  ( 0.000000000000000000, 1.000000000000000000, -0.000000000000000000 ) ) ;
#10280 = ORIENTED_EDGE ( 'NONE', *, *, #668, .T. ) ;
#10281 = EDGE_CURVE ( 'NONE', #4782, #2054, #5766, .T. ) ;
#10282 = LINE ( 'NONE', #259, #7014 ) ;
#10283 = CARTESIAN_POINT ( 'NONE',  ( 2.219999999999997975, 5.649999999999999467, -2.799999999999999822 ) ) ;
#10284 = VERTEX_POINT ( 'NONE', #9915 ) ;
#10285 = DIRECTION ( 'NONE',  ( -0.000000000000000000, -0.000000000000000000, -1.000000000000000000 ) ) ;
#10286 = ORIENTED_EDGE ( 'NONE', *, *, #10093, .F. ) ;
#10287 = DIRECTION ( 'NONE',  ( 0.000000000000000000, 0.000000000000000000, 1.000000000000000000 ) ) ;
#10288 = EDGE_CURVE ( 'NONE', #863, #786, #5671, .T. ) ;
#10289 = EDGE_CURVE ( 'NONE', #8919, #9284, #7505, .T. ) ;
#10290 = VECTOR ( 'NONE', #4622, 1000.000000000000114 ) ;
#10291 = CARTESIAN_POINT ( 'NONE',  ( -2.860000000000001652, 4.809999999999999609, 3.250000000000000888 ) ) ;
#10292 = FACE_OUTER_BOUND ( 'NONE', #7187, .T. ) ;
#10293 = EDGE_CURVE ( 'NONE', #3808, #7223, #4831, .T. ) ;
#10294 = VECTOR ( 'NONE', #2283, 1000.000000000000000 ) ;
#10295 = CARTESIAN_POINT ( 'NONE',  ( 5.437464914560824703, -0.07261092791905536525, 0.000000000000000000 ) ) ;
#10296 = CARTESIAN_POINT ( 'NONE',  ( 5.110962234169333485, -0.7403726047743596217, -0.000000000000000000 ) ) ;
#10297 = EDGE_CURVE ( 'NONE', #6073, #7178, #788, .T. ) ;
#10298 = EDGE_LOOP ( 'NONE', ( #10800, #8046, #3961, #3291, #9601, #7351, #8230, #2437, #6178, #1305 ) ) ;
#10299 = SURFACE_STYLE_USAGE ( .BOTH. , #392 ) ;
#10300 = ORIENTED_EDGE ( 'NONE', *, *, #7330, .F. ) ;
#10301 = CARTESIAN_POINT ( 'NONE',  ( -2.220000000000002416, 0.6499999999999999112, 4.090000000000000746 ) ) ;
#10302 = DIRECTION ( 'NONE',  ( 0.000000000000000000, -1.000000000000000000, 0.000000000000000000 ) ) ;
#10303 = CARTESIAN_POINT ( 'NONE',  ( 5.228769950232614150, -0.9201272226868525417, 0.1000000000000000056 ) ) ;
#10304 = DIRECTION ( 'NONE',  ( 1.000000000000000000, 0.000000000000000000, 0.000000000000000000 ) ) ;
#10305 = AXIS2_PLACEMENT_3D ( 'NONE', #8992, #3895, #10638 ) ;
#10306 = VECTOR ( 'NONE', #9847, 1000.000000000000000 ) ;
#10307 = ORIENTED_EDGE ( 'NONE', *, *, #6065, .F. ) ;
#10308 = CARTESIAN_POINT ( 'NONE',  ( 2.859999999999998099, 2.269999999999997797, 0.9099999999999984768 ) ) ;
#10309 = DIRECTION ( 'NONE',  ( 1.000000000000000000, -0.000000000000000000, -0.000000000000000000 ) ) ;
#10310 = ORIENTED_EDGE ( 'NONE', *, *, #7141, .F. ) ;
#10311 = DIRECTION ( 'NONE',  ( 1.000000000000000000, -0.000000000000000000, -0.000000000000000000 ) ) ;
#10312 = DIRECTION ( 'NONE',  ( 1.000000000000000000, -0.000000000000000000, -0.000000000000000000 ) ) ;
#10313 = CARTESIAN_POINT ( 'NONE',  ( 5.279599358974357948, -0.9269230769230771827, 0.000000000000000000 ) ) ;
#10314 = VERTEX_POINT ( 'NONE', #3235 ) ;
#10315 = CARTESIAN_POINT ( 'NONE',  ( 5.079999999999999183, -0.4910256410256409465, 0.1000000000000000056 ) ) ;
#10316 = AXIS2_PLACEMENT_3D ( 'NONE', #2804, #5331, #7802 ) ;
#10317 = VECTOR ( 'NONE', #187, 1000.000000000000000 ) ;
#10318 = SURFACE_STYLE_FILL_AREA ( #10260 ) ;
#10319 = ADVANCED_FACE ( 'NONE', ( #3072 ), #2350, .F. ) ;
#10320 = CARTESIAN_POINT ( 'NONE',  ( -5.400000000000002132, -1.249999999999999778, 0.9099999999999990319 ) ) ;
#10321 = VERTEX_POINT ( 'NONE', #10648 ) ;
#10322 = ORIENTED_EDGE ( 'NONE', *, *, #9758, .F. ) ;
#10323 = CARTESIAN_POINT ( 'NONE',  ( 5.110769230769230731, -0.7473557692307695177, 0.000000000000000000 ) ) ;
#10324 =( GEOMETRIC_REPRESENTATION_CONTEXT ( 3 ) GLOBAL_UNCERTAINTY_ASSIGNED_CONTEXT ( ( #5542 ) ) GLOBAL_UNIT_ASSIGNED_CONTEXT ( ( #9536, #4490, #6308 ) ) REPRESENTATION_CONTEXT ( 'NONE', 'WORKASPACE' ) );
#10325 = ORIENTED_EDGE ( 'NONE', *, *, #8098, .F. ) ;
#10326 = LINE ( 'NONE', #8794, #858 ) ;
#10327 = ORIENTED_EDGE ( 'NONE', *, *, #10446, .F. ) ;
#10328 = LINE ( 'NONE', #5344, #10536 ) ;
#10329 = VERTEX_POINT ( 'NONE', #635 ) ;
#10330 = ORIENTED_EDGE ( 'NONE', *, *, #10696, .T. ) ;
#10331 = DIRECTION ( 'NONE',  ( 0.000000000000000000, 0.000000000000000000, 1.000000000000000000 ) ) ;
#10332 = CARTESIAN_POINT ( 'NONE',  ( -1.270000000000000684, 0.6499999999999995781, 0.6000000000000001998 ) ) ;
#10333 = VECTOR ( 'NONE', #8267, 1000.000000000000227 ) ;
#10334 = VECTOR ( 'NONE', #4337, 1000.000000000000000 ) ;
#10335 = PRESENTATION_LAYER_ASSIGNMENT (  '', '', ( #8578 ) ) ;
#10336 = CARTESIAN_POINT ( 'NONE',  ( 4.759999999999998899, -7.049999999999999822, 0.9100000000000000311 ) ) ;
#10337 = ORIENTED_EDGE ( 'NONE', *, *, #6674, .T. ) ;
#10338 = EDGE_CURVE ( 'NONE', #7479, #7483, #587, .T. ) ;
#10339 = LINE ( 'NONE', #1268, #7544 ) ;
#10340 =( GEOMETRIC_REPRESENTATION_CONTEXT ( 3 ) GLOBAL_UNCERTAINTY_ASSIGNED_CONTEXT ( ( #7180 ) ) GLOBAL_UNIT_ASSIGNED_CONTEXT ( ( #6551, #3088, #9722 ) ) REPRESENTATION_CONTEXT ( 'NONE', 'WORKASPACE' ) );
#10341 = LINE ( 'NONE', #2832, #5964 ) ;
#10342 = VERTEX_POINT ( 'NONE', #6532 ) ;
#10343 = VECTOR ( 'NONE', #6879, 1000.000000000000000 ) ;
#10344 = CARTESIAN_POINT ( 'NONE',  ( 5.479999999999999538, -1.162820512820512464, -0.000000000000000000 ) ) ;
#10345 = ORIENTED_EDGE ( 'NONE', *, *, #8806, .T. ) ;
#10346 = CARTESIAN_POINT ( 'NONE',  ( 5.080144587105865028, -0.05225477560491612050, 0.1000000000000000056 ) ) ;
#10347 = UNCERTAINTY_MEASURE_WITH_UNIT (LENGTH_MEASURE( 1.000000000000000082E-05 ), #4700, 'distance_accuracy_value', 'NONE');
#10348 = STYLED_ITEM ( 'NONE', ( #9421 ), #8637 ) ;
#10349 =( NAMED_UNIT ( * ) PLANE_ANGLE_UNIT ( ) SI_UNIT ( $, .RADIAN. ) );
#10350 = EDGE_CURVE ( 'NONE', #425, #3427, #8132, .T. ) ;
#10351 = CIRCLE ( 'NONE', #691, 0.2000000000000000944 ) ;
#10352 = CARTESIAN_POINT ( 'NONE',  ( 5.203002298632431355, 0.08436560885861166259, 0.1000000000000000056 ) ) ;
#10353 = DIRECTION ( 'NONE',  ( 0.9080590238365491285, -0.4188422247446088043, 0.000000000000000000 ) ) ;
#10354 = VECTOR ( 'NONE', #8657, 1000.000000000000000 ) ;
#10355 = AXIS2_PLACEMENT_3D ( 'NONE', #6111, #10269, #5229 ) ;
#10356 =( NAMED_UNIT ( * ) PLANE_ANGLE_UNIT ( ) SI_UNIT ( $, .RADIAN. ) );
#10357 = CARTESIAN_POINT ( 'NONE',  ( -5.400000000000002132, -7.249999999999999112, 3.650000000000000799 ) ) ;
#10358 =( NAMED_UNIT ( * ) PLANE_ANGLE_UNIT ( ) SI_UNIT ( $, .RADIAN. ) );
#10359 = EDGE_CURVE ( 'NONE', #8445, #1625, #7354, .T. ) ;
#10360 = ORIENTED_EDGE ( 'NONE', *, *, #2679, .F. ) ;
#10361 = CARTESIAN_POINT ( 'NONE',  ( 5.356055210941250699, -0.9096669246507094186, 0.000000000000000000 ) ) ;
#10362 = ORIENTED_EDGE ( 'NONE', *, *, #7489, .T. ) ;
#10363 = UNCERTAINTY_MEASURE_WITH_UNIT (LENGTH_MEASURE( 1.000000000000000082E-05 ), #7490, 'distance_accuracy_value', 'NONE');
#10364 = CARTESIAN_POINT ( 'NONE',  ( -4.760000000000002451, -7.049999999999999822, 4.090000000000000746 ) ) ;
#10365 = VECTOR ( 'NONE', #7263, 1000.000000000000000 ) ;
#10366 = DIRECTION ( 'NONE',  ( 1.000000000000000000, 0.000000000000000000, -0.000000000000000000 ) ) ;
#10367 = LINE ( 'NONE', #3832, #4540 ) ;
#10368 = VECTOR ( 'NONE', #3386, 1000.000000000000114 ) ;
#10369 = EDGE_CURVE ( 'NONE', #2131, #9375, #694, .T. ) ;
#10370 = VECTOR ( 'NONE', #6210, 1000.000000000000000 ) ;
#10371 = VECTOR ( 'NONE', #9132, 1000.000000000000000 ) ;
#10372 = VECTOR ( 'NONE', #440, 1000.000000000000000 ) ;
#10373 = ORIENTED_EDGE ( 'NONE', *, *, #10359, .F. ) ;
#10374 = LINE ( 'NONE', #4712, #7630 ) ;
#10375 = CARTESIAN_POINT ( 'NONE',  ( -2.220000000000001972, 0.6499999999999995781, 3.450000000000000622 ) ) ;
#10376 = CARTESIAN_POINT ( 'NONE',  ( 5.399999999999998579, -7.249999999999999112, 1.110000000000000098 ) ) ;
#10377 =( GEOMETRIC_REPRESENTATION_CONTEXT ( 3 ) GLOBAL_UNCERTAINTY_ASSIGNED_CONTEXT ( ( #2890 ) ) GLOBAL_UNIT_ASSIGNED_CONTEXT ( ( #3653, #8695, #4351 ) ) REPRESENTATION_CONTEXT ( 'NONE', 'WORKASPACE' ) );
#10378 = CARTESIAN_POINT ( 'NONE',  ( 5.382564102564102448, -0.6044871794871796711, 0.1000000000000000056 ) ) ;
#10379 = ORIENTED_EDGE ( 'NONE', *, *, #4361, .F. ) ;
#10380 = DIRECTION ( 'NONE',  ( 0.000000000000000000, 0.000000000000000000, -1.000000000000000000 ) ) ;
#10381 = CARTESIAN_POINT ( 'NONE',  ( 5.382564102564102448, -0.6044871794871796711, -0.000000000000000000 ) ) ;
#10382 = PLANE ( 'NONE',  #8049 ) ;
#10383 = LINE ( 'NONE', #5448, #5815 ) ;
#10384 = DIRECTION ( 'NONE',  ( 0.000000000000000000, 0.7071067811865483499, -0.7071067811865467956 ) ) ;
#10385 = ORIENTED_EDGE ( 'NONE', *, *, #3178, .F. ) ;
#10386 = ORIENTED_EDGE ( 'NONE', *, *, #3242, .T. ) ;
#10387 = DIRECTION ( 'NONE',  ( 0.000000000000000000, 1.000000000000000000, 6.938893903907229610E-17 ) ) ;
#10388 = VERTEX_POINT ( 'NONE', #6797 ) ;
#10389 = DIRECTION ( 'NONE',  ( 0.000000000000000000, 0.7071067811865467956, 0.7071067811865483499 ) ) ;
#10390 = EDGE_LOOP ( 'NONE', ( #4234, #6480, #5327, #8662 ) ) ;
#10391 = CARTESIAN_POINT ( 'NONE',  ( -2.220000000000001972, 0.6500000000000000222, 0.9099999999999986988 ) ) ;
#10392 = ORIENTED_EDGE ( 'NONE', *, *, #4919, .T. ) ;
#10393 = EDGE_CURVE ( 'NONE', #6346, #3515, #7628, .T. ) ;
#10394 =( NAMED_UNIT ( * ) SI_UNIT ( $, .STERADIAN. ) SOLID_ANGLE_UNIT ( ) );
#10395 = CARTESIAN_POINT ( 'NONE',  ( 5.138336285532999703, 0.08836942432593405949, 0.000000000000000000 ) ) ;
#10396 = DIRECTION ( 'NONE',  ( 1.000000000000000000, -0.000000000000000000, -0.000000000000000000 ) ) ;
#10397 = ORIENTED_EDGE ( 'NONE', *, *, #5315, .T. ) ;
#10398 = ORIENTED_EDGE ( 'NONE', *, *, #7829, .T. ) ;
#10399 = CARTESIAN_POINT ( 'NONE',  ( 0.3199999999999982858, -7.049999999999999822, 3.450000000000000622 ) ) ;
#10400 = DIRECTION ( 'NONE',  ( 0.000000000000000000, -1.000000000000000000, 0.000000000000000000 ) ) ;
#10401 = ORIENTED_EDGE ( 'NONE', *, *, #2094, .T. ) ;
#10402 = PRESENTATION_STYLE_ASSIGNMENT (( #8853 ) ) ;
#10403 = ORIENTED_EDGE ( 'NONE', *, *, #6857, .F. ) ;
#10404 = LINE ( 'NONE', #7942, #1592 ) ;
#10405 = CARTESIAN_POINT ( 'NONE',  ( 5.139695512820511958, -0.9120993589743592311, 0.1000000000000000056 ) ) ;
#10406 = FILL_AREA_STYLE ('',( #7112 ) ) ;
#10407 = DIRECTION ( 'NONE',  ( 0.000000000000000000, 0.7071067811865467956, 0.7071067811865483499 ) ) ;
#10408 = CARTESIAN_POINT ( 'NONE',  ( 5.158188521121092052, 0.05115366581405887680, 0.1000000000000000056 ) ) ;
#10409 = CARTESIAN_POINT ( 'NONE',  ( 2.219999999999997975, 2.669999999999999041, -3.000000000000000000 ) ) ;
#10410 = PLANE ( 'NONE',  #2439 ) ;
#10411 = LINE ( 'NONE', #9690, #7874 ) ;
#10412 = EDGE_CURVE ( 'NONE', #9472, #8463, #5261, .T. ) ;
#10413 =( LENGTH_UNIT ( ) NAMED_UNIT ( * ) SI_UNIT ( .MILLI., .METRE. ) );
#10414 = ORIENTED_EDGE ( 'NONE', *, *, #6335, .T. ) ;
#10415 = CARTESIAN_POINT ( 'NONE',  ( 5.314046631758130523, -0.9238572163453352415, 0.000000000000000000 ) ) ;
#10416 = ORIENTED_EDGE ( 'NONE', *, *, #6495, .F. ) ;
#10417 = PLANE ( 'NONE',  #10711 ) ;
#10418 = CARTESIAN_POINT ( 'NONE',  ( 6.349999999999996980, 0.6499999999999999112, 0.4000000000000001332 ) ) ;
#10419 = CARTESIAN_POINT ( 'NONE',  ( 5.147611908884556442, -0.8630413277711953546, 0.1000000000000000056 ) ) ;
#10420 = EDGE_CURVE ( 'NONE', #2181, #1950, #3565, .T. ) ;
#10421 = DIRECTION ( 'NONE',  ( 0.000000000000000000, 0.000000000000000000, 1.000000000000000000 ) ) ;
#10422 = EDGE_CURVE ( 'NONE', #1204, #4171, #5873, .T. ) ;
#10423 = EDGE_CURVE ( 'NONE', #7039, #528, #6907, .T. ) ;
#10424 = ORIENTED_EDGE ( 'NONE', *, *, #5673, .T. ) ;
#10425 = PLANE ( 'NONE',  #3495 ) ;
#10426 = PLANE ( 'NONE',  #5705 ) ;
#10427 = LINE ( 'NONE', #9703, #6986 ) ;
#10428 = EDGE_CURVE ( 'NONE', #4373, #3871, #1667, .T. ) ;
#10429 = CARTESIAN_POINT ( 'NONE',  ( 1.436666666666664316, 1.249999999999999778, 4.599999999999999645 ) ) ;
#10430 = CARTESIAN_POINT ( 'NONE',  ( 5.121025641025640063, -1.162820512820512464, -0.000000000000000000 ) ) ;
#10431 = ORIENTED_EDGE ( 'NONE', *, *, #2858, .F. ) ;
#10432 = DIRECTION ( 'NONE',  ( 0.000000000000000000, -0.7071067811865474617, 0.7071067811865474617 ) ) ;
#10433 = CARTESIAN_POINT ( 'NONE',  ( 5.489029233605164038, -0.7204453949143748703, 0.000000000000000000 ) ) ;
#10434 = CARTESIAN_POINT ( 'NONE',  ( 5.132487815207984028, 0.006215344323372387278, 0.000000000000000000 ) ) ;
#10435 = PLANE ( 'NONE',  #1416 ) ;
#10436 = AXIS2_PLACEMENT_3D ( 'NONE', #5270, #7131, #5605 ) ;
#10437 = CARTESIAN_POINT ( 'NONE',  ( 5.079999999999999183, -1.008974358974358720, 0.1000000000000000056 ) ) ;
#10438 = VERTEX_POINT ( 'NONE', #5920 ) ;
#10439 = ORIENTED_EDGE ( 'NONE', *, *, #2165, .F. ) ;
#10440 = FACE_OUTER_BOUND ( 'NONE', #5903, .T. ) ;
#10441 = EDGE_CURVE ( 'NONE', #6529, #848, #7677, .T. ) ;
#10442 = EDGE_LOOP ( 'NONE', ( #3923, #4012, #8553, #6989, #6179, #10616, #2298, #1805, #4879, #5286 ) ) ;
#10443 = CARTESIAN_POINT ( 'NONE',  ( 6.349999999999996980, 1.249999999999999778, 4.599999999999999645 ) ) ;
#10444 = EDGE_LOOP ( 'NONE', ( #10566, #178, #6429, #5956 ) ) ;
#10445 = LINE ( 'NONE', #3636, #2993 ) ;
#10446 = EDGE_CURVE ( 'NONE', #712, #2349, #3397, .T. ) ;
#10447 = DIRECTION ( 'NONE',  ( 0.000000000000000000, 0.7071067811865483499, 0.7071067811865467956 ) ) ;
#10448 = DIRECTION ( 'NONE',  ( 0.000000000000000000, -1.000000000000000000, 0.000000000000000000 ) ) ;
#10449 = FACE_OUTER_BOUND ( 'NONE', #1986, .T. ) ;
#10450 = EDGE_LOOP ( 'NONE', ( #2157, #3763, #10207, #7878, #9407, #6435 ) ) ;
#10451 = EDGE_CURVE ( 'NONE', #1807, #2992, #8498, .T. ) ;
#10452 = DIRECTION ( 'NONE',  ( 0.000000000000000000, 0.7071067811865467956, 0.7071067811865483499 ) ) ;
#10453 = PLANE ( 'NONE',  #6154 ) ;
#10454 = ORIENTED_EDGE ( 'NONE', *, *, #9498, .T. ) ;
#10455 = ORIENTED_EDGE ( 'NONE', *, *, #7073, .F. ) ;
#10456 = DIRECTION ( 'NONE',  ( 1.000000000000000000, 0.000000000000000000, 0.000000000000000000 ) ) ;
#10457 = UNCERTAINTY_MEASURE_WITH_UNIT (LENGTH_MEASURE( 1.000000000000000082E-05 ), #7943, 'distance_accuracy_value', 'NONE');
#10458 = CARTESIAN_POINT ( 'NONE',  ( -2.220000000000001972, 2.669999999999999041, -3.000000000000000000 ) ) ;
#10459 = DIRECTION ( 'NONE',  ( 0.000000000000000000, 0.7071067811865467956, 0.7071067811865483499 ) ) ;
#10460 = EDGE_CURVE ( 'NONE', #10321, #7483, #838, .T. ) ;
#10461 = CARTESIAN_POINT ( 'NONE',  ( -0.7700000000000024603, -1.249999999999999778, 0.000000000000000000 ) ) ;
#10462 = DIRECTION ( 'NONE',  ( 0.000000000000000000, -1.000000000000000000, 0.000000000000000000 ) ) ;
#10463 =( NAMED_UNIT ( * ) SI_UNIT ( $, .STERADIAN. ) SOLID_ANGLE_UNIT ( ) );
#10464 = CARTESIAN_POINT ( 'NONE',  ( -4.760000000000002451, 2.269999999999997797, 0.9099999999999984768 ) ) ;
#10465 = CARTESIAN_POINT ( 'NONE',  ( 5.119778358683324981, -0.6871762046726451745, 0.000000000000000000 ) ) ;
#10466 = ORIENTED_EDGE ( 'NONE', *, *, #2618, .T. ) ;
#10467 = ORIENTED_EDGE ( 'NONE', *, *, #10423, .F. ) ;
#10468 = DIRECTION ( 'NONE',  ( 0.000000000000000000, 0.000000000000000000, 1.000000000000000000 ) ) ;
#10469 = DIRECTION ( 'NONE',  ( 0.000000000000000000, 0.000000000000000000, 1.000000000000000000 ) ) ;
#10470 = CARTESIAN_POINT ( 'NONE',  ( 5.213273184854934073, -0.9144479036922611437, 0.1000000000000000056 ) ) ;
#10471 = VECTOR ( 'NONE', #4887, 1000.000000000000000 ) ;
#10472 = CARTESIAN_POINT ( 'NONE',  ( -2.860000000000001652, 5.650000000000000355, 3.890000000000000124 ) ) ;
#10473 = ORIENTED_EDGE ( 'NONE', *, *, #8332, .F. ) ;
#10474 = VECTOR ( 'NONE', #4118, 1000.000000000000000 ) ;
#10475 = DIRECTION ( 'NONE',  ( 7.529181753371540218E-17, 1.000000000000000000, 9.035018104045873159E-17 ) ) ;
#10476 = DIRECTION ( 'NONE',  ( 0.000000000000000000, 0.000000000000000000, -1.000000000000000000 ) ) ;
#10477 = FILL_AREA_STYLE_COLOUR ( '', #4019 ) ;
#10478 = LINE ( 'NONE', #457, #1473 ) ;
#10479 = EDGE_CURVE ( 'NONE', #10825, #9681, #1838, .T. ) ;
#10480 = VECTOR ( 'NONE', #8181, 1000.000000000000000 ) ;
#10481 = CARTESIAN_POINT ( 'NONE',  ( 5.187318320570169838, -0.9432937408085275699, 0.1000000000000000056 ) ) ;
#10482 = DIRECTION ( 'NONE',  ( 0.6401843996644795975, 0.000000000000000000, 0.7682212795973760722 ) ) ;
#10483 = CARTESIAN_POINT ( 'NONE',  ( 5.245075648304085902, -0.9239797244644095686, -0.000000000000000000 ) ) ;
#10484 = ORIENTED_EDGE ( 'NONE', *, *, #6583, .F. ) ;
#10485 = FACE_BOUND ( 'NONE', #2542, .T. ) ;
#10486 = CARTESIAN_POINT ( 'NONE',  ( -4.760000000000002451, -7.049999999999999822, 1.550000000000000044 ) ) ;
#10487 = MECHANICAL_DESIGN_GEOMETRIC_PRESENTATION_REPRESENTATION (  '', ( #4330 ), #2407 ) ;
#10488 = FACE_OUTER_BOUND ( 'NONE', #3962, .T. ) ;
#10489 = DIRECTION ( 'NONE',  ( 0.000000000000000000, 0.7071067811865483499, 0.7071067811865467956 ) ) ;
#10490 = EDGE_CURVE ( 'NONE', #9260, #3087, #9248, .T. ) ;
#10491 = DIRECTION ( 'NONE',  ( -0.000000000000000000, -1.000000000000000000, -0.000000000000000000 ) ) ;
#10492 = VERTEX_POINT ( 'NONE', #8545 ) ;
#10493 = VERTEX_POINT ( 'NONE', #8450 ) ;
#10494 = CARTESIAN_POINT ( 'NONE',  ( 5.136574154137259818, -0.6512165209302156477, 0.000000000000000000 ) ) ;
#10495 = AXIS2_PLACEMENT_3D ( 'NONE', #2200, #1371, #2926 ) ;
#10496 = ORIENTED_EDGE ( 'NONE', *, *, #7412, .F. ) ;
#10497 = DIRECTION ( 'NONE',  ( -1.000000000000000000, -0.000000000000000000, -0.000000000000000000 ) ) ;
#10498 = ORIENTED_EDGE ( 'NONE', *, *, #6457, .T. ) ;
#10499 = COLOUR_RGB ( '',0.1490196078431372528, 0.1490196078431372528, 0.1490196078431372528 ) ;
#10500 = CARTESIAN_POINT ( 'NONE',  ( 5.438913822799654518, -0.1093978184965466310, 0.000000000000000000 ) ) ;
#10501 = EDGE_CURVE ( 'NONE', #882, #2367, #898, .T. ) ;
#10502 = PLANE ( 'NONE',  #10495 ) ;
#10503 = LINE ( 'NONE', #1427, #1236 ) ;
#10504 = VECTOR ( 'NONE', #8387, 1000.000000000000000 ) ;
#10505 = EDGE_CURVE ( 'NONE', #10314, #7539, #4265, .T. ) ;
#10506 = VECTOR ( 'NONE', #780, 1000.000000000000000 ) ;
#10507 = DIRECTION ( 'NONE',  ( 0.000000000000000000, 0.7071067811865483499, 0.7071067811865467956 ) ) ;
#10508 = VERTEX_POINT ( 'NONE', #7737 ) ;
#10509 = ORIENTED_EDGE ( 'NONE', *, *, #1252, .F. ) ;
#10510 = ORIENTED_EDGE ( 'NONE', *, *, #3178, .T. ) ;
#10511 = CARTESIAN_POINT ( 'NONE',  ( -0.3200000000000017830, -7.249999999999999112, 1.110000000000000098 ) ) ;
#10512 = DIRECTION ( 'NONE',  ( 0.000000000000000000, -0.7071067811865467956, 0.7071067811865483499 ) ) ;
#10513 = ORIENTED_EDGE ( 'NONE', *, *, #9803, .T. ) ;
#10514 = VECTOR ( 'NONE', #516, 1000.000000000000000 ) ;
#10515 = CARTESIAN_POINT ( 'NONE',  ( -2.860000000000001652, 2.909999999999998810, -3.000000000000000000 ) ) ;
#10516 = EDGE_LOOP ( 'NONE', ( #8681, #530, #3781, #263 ) ) ;
#10517 = CARTESIAN_POINT ( 'NONE',  ( 5.399999999999998579, -7.049999999999999822, 3.450000000000000622 ) ) ;
#10518 = PRESENTATION_LAYER_ASSIGNMENT (  '', '', ( #3154 ) ) ;
#10519 =( NAMED_UNIT ( * ) PLANE_ANGLE_UNIT ( ) SI_UNIT ( $, .RADIAN. ) );
#10520 = CARTESIAN_POINT ( 'NONE',  ( 5.249230769230768701, 0.3053685897435897689, 0.000000000000000000 ) ) ;
#10521 = SURFACE_SIDE_STYLE ('',( #2938 ) ) ;
#10522 = VECTOR ( 'NONE', #6177, 1000.000000000000000 ) ;
#10523 = CARTESIAN_POINT ( 'NONE',  ( 4.759999999999998899, 5.450000000000000178, -3.000000000000000000 ) ) ;
#10524 = DIRECTION ( 'NONE',  ( -0.6401843996644795975, 0.000000000000000000, 0.7682212795973760722 ) ) ;
#10525 =( GEOMETRIC_REPRESENTATION_CONTEXT ( 3 ) GLOBAL_UNCERTAINTY_ASSIGNED_CONTEXT ( ( #5190 ) ) GLOBAL_UNIT_ASSIGNED_CONTEXT ( ( #7825, #1095, #9617 ) ) REPRESENTATION_CONTEXT ( 'NONE', 'WORKASPACE' ) );
#10526 = CARTESIAN_POINT ( 'NONE',  ( 5.158188521121092052, 0.05115366581405887680, 0.000000000000000000 ) ) ;
#10527 = PLANE ( 'NONE',  #850 ) ;
#10528 = VECTOR ( 'NONE', #6372, 1000.000000000000000 ) ;
#10529 = ORIENTED_EDGE ( 'NONE', *, *, #9708, .T. ) ;
#10530 = CARTESIAN_POINT ( 'NONE',  ( -5.400000000000002132, -7.049999999999999822, 0.9100000000000000311 ) ) ;
#10531 = LINE ( 'NONE', #2005, #4394 ) ;
#10532 = DIRECTION ( 'NONE',  ( 0.000000000000000000, 1.628629872832303439E-16, 1.000000000000000000 ) ) ;
#10533 = EDGE_CURVE ( 'NONE', #8147, #10155, #1000, .T. ) ;
#10534 = CARTESIAN_POINT ( 'NONE',  ( 5.245075648304085902, -0.9239797244644095686, 0.1000000000000000056 ) ) ;
#10535 = LINE ( 'NONE', #2952, #6994 ) ;
#10536 = VECTOR ( 'NONE', #1979, 1000.000000000000000 ) ;
#10537 = VECTOR ( 'NONE', #10086, 1000.000000000000000 ) ;
#10538 = AXIS2_PLACEMENT_3D ( 'NONE', #7426, #3078, #4950 ) ;
#10539 = ORIENTED_EDGE ( 'NONE', *, *, #7638, .T. ) ;
#10540 = CARTESIAN_POINT ( 'NONE',  ( -6.350000000000002309, -1.249999999999999778, 3.450000000000000622 ) ) ;
#10541 = CARTESIAN_POINT ( 'NONE',  ( -5.400000000000002132, -7.249999999999999112, 1.110000000000000098 ) ) ;
#10542 = DIRECTION ( 'NONE',  ( 0.000000000000000000, 1.000000000000000000, 0.000000000000000000 ) ) ;
#10543 = PLANE ( 'NONE',  #696 ) ;
#10544 = AXIS2_PLACEMENT_3D ( 'NONE', #4273, #5832, #2567 ) ;
#10545 = LINE ( 'NONE', #6312, #10186 ) ;
#10546 = ORIENTED_EDGE ( 'NONE', *, *, #53, .T. ) ;
#10547 = VECTOR ( 'NONE', #8177, 1000.000000000000000 ) ;
#10548 = CARTESIAN_POINT ( 'NONE',  ( 0.3199999999999982858, -7.049999999999999822, 0.9100000000000000311 ) ) ;
#10549 = VECTOR ( 'NONE', #132, 1000.000000000000114 ) ;
#10550 = VECTOR ( 'NONE', #8712, 1000.000000000000000 ) ;
#10551 = DIRECTION ( 'NONE',  ( 0.000000000000000000, -1.000000000000000000, 0.000000000000000000 ) ) ;
#10552 = EDGE_CURVE ( 'NONE', #10438, #7126, #4368, .T. ) ;
#10553 = CARTESIAN_POINT ( 'NONE',  ( 5.431904293782863213, -0.8294835442768578870, 0.1000000000000000056 ) ) ;
#10554 = ORIENTED_EDGE ( 'NONE', *, *, #7234, .T. ) ;
#10555 = CARTESIAN_POINT ( 'NONE',  ( -1.270000000000002016, -1.249999999999999778, 0.5999999999999998668 ) ) ;
#10556 = ORIENTED_EDGE ( 'NONE', *, *, #6403, .T. ) ;
#10557 = DIRECTION ( 'NONE',  ( 0.6401843996644789314, 0.000000000000000000, 0.7682212795973767383 ) ) ;
#10558 = ORIENTED_EDGE ( 'NONE', *, *, #10078, .T. ) ;
#10559 = CARTESIAN_POINT ( 'NONE',  ( 5.079999999999999183, -1.008974358974358720, 0.1000000000000000056 ) ) ;
#10560 = ADVANCED_FACE ( 'NONE', ( #7579 ), #58, .T. ) ;
#10561 = DIRECTION ( 'NONE',  ( -0.000000000000000000, 0.000000000000000000, -1.000000000000000000 ) ) ;
#10562 = MECHANICAL_DESIGN_GEOMETRIC_PRESENTATION_REPRESENTATION (  '', ( #1927 ), #3347 ) ;
#10563 = EDGE_CURVE ( 'NONE', #4232, #6283, #10857, .T. ) ;
#10564 = DIRECTION ( 'NONE',  ( 1.000000000000000000, -0.000000000000000000, -0.000000000000000000 ) ) ;
#10565 = EDGE_CURVE ( 'NONE', #9081, #6804, #2514, .T. ) ;
#10566 = ORIENTED_EDGE ( 'NONE', *, *, #3126, .F. ) ;
#10567 = ORIENTED_EDGE ( 'NONE', *, *, #10895, .F. ) ;
#10568 = EDGE_LOOP ( 'NONE', ( #8252, #1859, #4510, #8170 ) ) ;
#10569 = DIRECTION ( 'NONE',  ( 0.6401843996644795975, 0.000000000000000000, 0.7682212795973760722 ) ) ;
#10570 = ORIENTED_EDGE ( 'NONE', *, *, #10759, .T. ) ;
#10571 = EDGE_CURVE ( 'NONE', #3949, #6169, #6074, .T. ) ;
#10572 = VERTEX_POINT ( 'NONE', #1168 ) ;
#10573 = PLANE ( 'NONE',  #9490 ) ;
#10574 = CARTESIAN_POINT ( 'NONE',  ( 4.759999999999998899, -7.049999999999999822, 4.090000000000000746 ) ) ;
#10575 = UNCERTAINTY_MEASURE_WITH_UNIT (LENGTH_MEASURE( 1.000000000000000082E-05 ), #8749, 'distance_accuracy_value', 'NONE');
#10576 = DIRECTION ( 'NONE',  ( 0.000000000000000000, 0.7071067811865483499, 0.7071067811865467956 ) ) ;
#10577 = CARTESIAN_POINT ( 'NONE',  ( 5.406628158766209502, 0.03768400194234969997, 0.000000000000000000 ) ) ;
#10578 = CARTESIAN_POINT ( 'NONE',  ( 5.183139533668054355, 0.07312576999192177407, 0.1000000000000000056 ) ) ;
#10579 = CARTESIAN_POINT ( 'NONE',  ( 5.150376396020813097, -0.5756047956943955990, 0.000000000000000000 ) ) ;
#10580 = LINE ( 'NONE', #3058, #3136 ) ;
#10581 = EDGE_CURVE ( 'NONE', #706, #4344, #8007, .T. ) ;
#10582 = VECTOR ( 'NONE', #7875, 1000.000000000000000 ) ;
#10583 = ORIENTED_EDGE ( 'NONE', *, *, #10768, .T. ) ;
#10584 = CARTESIAN_POINT ( 'NONE',  ( 5.115841161651068170, -0.8879962273720212185, 0.000000000000000000 ) ) ;
#10585 = CARTESIAN_POINT ( 'NONE',  ( -6.350000000000002309, -1.249999999999999778, 4.090000000000001634 ) ) ;
#10586 = LINE ( 'NONE', #9143, #5987 ) ;
#10587 = CARTESIAN_POINT ( 'NONE',  ( 5.126525413933205044, -0.01698880655546612314, 0.1000000000000000056 ) ) ;
#10588 = CARTESIAN_POINT ( 'NONE',  ( -2.860000000000001652, 5.449999999999999289, 4.090000000000001634 ) ) ;
#10589 = FILL_AREA_STYLE ('',( #7247 ) ) ;
#10590 = EDGE_CURVE ( 'NONE', #7273, #3198, #2854, .T. ) ;
#10591 = CARTESIAN_POINT ( 'NONE',  ( 2.219999999999997975, -7.049999999999999822, 3.450000000000000622 ) ) ;
#10592 = EDGE_CURVE ( 'NONE', #1617, #1065, #7124, .T. ) ;
#10593 = CARTESIAN_POINT ( 'NONE',  ( 5.139695512820511958, -0.9120993589743592311, 0.000000000000000000 ) ) ;
#10594 = CARTESIAN_POINT ( 'NONE',  ( 4.759999999999998899, -7.049999999999999822, 3.450000000000000622 ) ) ;
#10595 = ORIENTED_EDGE ( 'NONE', *, *, #5508, .F. ) ;
#10596 = CARTESIAN_POINT ( 'NONE',  ( -4.760000000000002451, -7.049999999999999822, 3.450000000000000622 ) ) ;
#10597 = ORIENTED_EDGE ( 'NONE', *, *, #9158, .F. ) ;
#10598 = DIRECTION ( 'NONE',  ( -0.000000000000000000, -0.000000000000000000, -1.000000000000000000 ) ) ;
#10599 = DIRECTION ( 'NONE',  ( 0.000000000000000000, 1.000000000000000000, 6.938893903907229610E-17 ) ) ;
#10600 = DIRECTION ( 'NONE',  ( 0.000000000000000000, 0.7071067811865467956, 0.7071067811865483499 ) ) ;
#10601 = VERTEX_POINT ( 'NONE', #3013 ) ;
#10602 = VERTEX_POINT ( 'NONE', #6303 ) ;
#10603 =( LENGTH_UNIT ( ) NAMED_UNIT ( * ) SI_UNIT ( .MILLI., .METRE. ) );
#10604 = CARTESIAN_POINT ( 'NONE',  ( 5.438974358974357770, -0.1576923076923075207, 0.1000000000000000056 ) ) ;
#10605 = ORIENTED_EDGE ( 'NONE', *, *, #2976, .T. ) ;
#10606 = DIRECTION ( 'NONE',  ( -0.6401843996644789314, 0.000000000000000000, -0.7682212795973766273 ) ) ;
#10607 = LINE ( 'NONE', #4628, #7517 ) ;
#10608 = DIRECTION ( 'NONE',  ( -1.000000000000000000, -0.000000000000000000, -0.000000000000000000 ) ) ;
#10609 = LINE ( 'NONE', #3083, #2256 ) ;
#10610 = EDGE_LOOP ( 'NONE', ( #2626, #6847, #10040, #189 ) ) ;
#10611 = ORIENTED_EDGE ( 'NONE', *, *, #3, .T. ) ;
#10612 = VERTEX_POINT ( 'NONE', #342 ) ;
#10613 = LINE ( 'NONE', #9777, #8415 ) ;
#10614 = ADVANCED_FACE ( 'NONE', ( #7013 ), #2126, .F. ) ;
#10615 = FACE_OUTER_BOUND ( 'NONE', #7642, .T. ) ;
#10616 = ORIENTED_EDGE ( 'NONE', *, *, #6202, .F. ) ;
#10617 = VERTEX_POINT ( 'NONE', #9696 ) ;
#10618 = LINE ( 'NONE', #2327, #10831 ) ;
#10619 = PRODUCT_RELATED_PRODUCT_CATEGORY ( 'part', '', ( #1099 ) ) ;
#10620 = ADVANCED_FACE ( 'NONE', ( #1289 ), #9531, .T. ) ;
#10621 = DIRECTION ( 'NONE',  ( 1.000000000000000000, -0.000000000000000000, -0.000000000000000000 ) ) ;
#10622 = EDGE_CURVE ( 'NONE', #3453, #5635, #5979, .T. ) ;
#10623 = CARTESIAN_POINT ( 'NONE',  ( 5.479999999999999538, -1.198717948717948678, -0.000000000000000000 ) ) ;
#10624 = FACE_OUTER_BOUND ( 'NONE', #2697, .T. ) ;
#10625 = CARTESIAN_POINT ( 'NONE',  ( 4.759999999999998899, 2.269999999999997797, 0.9099999999999984768 ) ) ;
#10626 = CARTESIAN_POINT ( 'NONE',  ( 5.490072028769156454, -0.7551371489281285543, 0.000000000000000000 ) ) ;
#10627 = ORIENTED_EDGE ( 'NONE', *, *, #9140, .T. ) ;
#10628 =( NAMED_UNIT ( * ) PLANE_ANGLE_UNIT ( ) SI_UNIT ( $, .RADIAN. ) );
#10629 = EDGE_CURVE ( 'NONE', #9513, #6230, #2007, .T. ) ;
#10630 = DIRECTION ( 'NONE',  ( 0.000000000000000000, 0.000000000000000000, -1.000000000000000000 ) ) ;
#10631 = DIRECTION ( 'NONE',  ( -1.000000000000000000, 0.000000000000000000, 0.000000000000000000 ) ) ;
#10632 = EDGE_CURVE ( 'NONE', #6283, #2924, #2904, .T. ) ;
#10633 = DIRECTION ( 'NONE',  ( 0.000000000000000000, 0.000000000000000000, 1.000000000000000000 ) ) ;
#10634 = SURFACE_STYLE_USAGE ( .BOTH. , #6684 ) ;
#10635 = EDGE_CURVE ( 'NONE', #5177, #3893, #8707, .T. ) ;
#10636 = ORIENTED_EDGE ( 'NONE', *, *, #9957, .T. ) ;
#10637 = DIRECTION ( 'NONE',  ( 0.4285960263555441685, -0.9034962347415941286, 0.000000000000000000 ) ) ;
#10638 = DIRECTION ( 'NONE',  ( 0.000000000000000000, -2.090028284309406981E-16, -1.000000000000000000 ) ) ;
#10640 = EDGE_CURVE ( 'NONE', #2150, #10265, #6642, .T. ) ;
#10639 = DIRECTION ( 'NONE',  ( 1.000000000000000000, -0.000000000000000000, -0.000000000000000000 ) ) ;
#10641 = ORIENTED_EDGE ( 'NONE', *, *, #5665, .F. ) ;
#10642 = CARTESIAN_POINT ( 'NONE',  ( 5.079999999999999183, 0.1858974358974362084, 0.1000000000000000056 ) ) ;
#10643 = LINE ( 'NONE', #3119, #5456 ) ;
#10644 = ORIENTED_EDGE ( 'NONE', *, *, #2806, .F. ) ;
#10645 = CARTESIAN_POINT ( 'NONE',  ( 5.144671751353288691, -0.9161488826571303479, -0.000000000000000000 ) ) ;
#10646 = ORIENTED_EDGE ( 'NONE', *, *, #8930, .F. ) ;
#10647 = VECTOR ( 'NONE', #10679, 1000.000000000000000 ) ;
#10648 = CARTESIAN_POINT ( 'NONE',  ( -4.760000000000002451, -7.249999999999999112, 1.110000000000000098 ) ) ;
#10649 = FACE_OUTER_BOUND ( 'NONE', #5441, .T. ) ;
#10650 = AXIS2_PLACEMENT_3D ( 'NONE', #909, #6713, #5002 ) ;
#10651 =( GEOMETRIC_REPRESENTATION_CONTEXT ( 3 ) GLOBAL_UNCERTAINTY_ASSIGNED_CONTEXT ( ( #9155 ) ) GLOBAL_UNIT_ASSIGNED_CONTEXT ( ( #4111, #3287, #1542 ) ) REPRESENTATION_CONTEXT ( 'NONE', 'WORKASPACE' ) );
#10652 = DIRECTION ( 'NONE',  ( 0.000000000000000000, -1.000000000000000000, 0.000000000000000000 ) ) ;
#10653 = DIRECTION ( 'NONE',  ( -0.6401843996644794865, 0.000000000000000000, -0.7682212795973760722 ) ) ;
#10654 = ORIENTED_EDGE ( 'NONE', *, *, #7080, .T. ) ;
#10655 = CARTESIAN_POINT ( 'NONE',  ( 3.976666666666664796, 1.249999999999999778, 4.599999999999999645 ) ) ;
#10656 = VERTEX_POINT ( 'NONE', #1451 ) ;
#10657 = VECTOR ( 'NONE', #4873, 1000.000000000000000 ) ;
#10658 = CARTESIAN_POINT ( 'NONE',  ( 3.809999999999999165, 5.650000000000000355, 4.400000000000000355 ) ) ;
#10659 = DIRECTION ( 'NONE',  ( 1.000000000000000000, 0.000000000000000000, -0.000000000000000000 ) ) ;
#10660 = EDGE_CURVE ( 'NONE', #2874, #4805, #8276, .T. ) ;
#10661 = AXIS2_PLACEMENT_3D ( 'NONE', #3200, #7588, #799 ) ;
#10662 = CIRCLE ( 'NONE', #7687, 0.1999999999999999833 ) ;
#10663 = CARTESIAN_POINT ( 'NONE',  ( 5.076395752695643360, -0.8081289035275428523, 0.000000000000000000 ) ) ;
#10664 = VERTEX_POINT ( 'NONE', #10745 ) ;
#10665 = VERTEX_POINT ( 'NONE', #8988 ) ;
#10666 = CARTESIAN_POINT ( 'NONE',  ( 5.479999999999999538, 0.3807692307692310818, 0.000000000000000000 ) ) ;
#10667 = ORIENTED_EDGE ( 'NONE', *, *, #4355, .T. ) ;
#10668 = PLANE ( 'NONE',  #4199 ) ;
#10669 = CARTESIAN_POINT ( 'NONE',  ( -4.760000000000002451, 5.450000000000001066, 3.890000000000001457 ) ) ;
#10670 = EDGE_LOOP ( 'NONE', ( #860, #960, #10905, #142, #9271, #1298 ) ) ;
#10671 = CARTESIAN_POINT ( 'NONE',  ( -2.860000000000001652, 4.809999999999998721, 3.450000000000000622 ) ) ;
#10672 = VERTEX_POINT ( 'NONE', #3940 ) ;
#10673 = FACE_OUTER_BOUND ( 'NONE', #41, .T. ) ;
#10674 = VECTOR ( 'NONE', #1474, 1000.000000000000000 ) ;
#10675 = STYLED_ITEM ( 'NONE', ( #3236 ), #4459 ) ;
#10676 = FILL_AREA_STYLE ('',( #7278 ) ) ;
#10677 = VECTOR ( 'NONE', #9121, 1000.000000000000114 ) ;
#10678 = EDGE_CURVE ( 'NONE', #7160, #6073, #47, .T. ) ;
#10679 = DIRECTION ( 'NONE',  ( 0.000000000000000000, 1.000000000000000000, 0.000000000000000000 ) ) ;
#10680 = LINE ( 'NONE', #9790, #10011 ) ;
#10681 = AXIS2_PLACEMENT_3D ( 'NONE', #102, #45, #9347 ) ;
#10682 = CARTESIAN_POINT ( 'NONE',  ( 5.069798251295201119, -0.7425729006964055801, 0.1000000000000000056 ) ) ;
#10683 = VECTOR ( 'NONE', #9773, 1000.000000000000000 ) ;
#10684 = PRESENTATION_LAYER_ASSIGNMENT (  '', '', ( #5432 ) ) ;
#10685 = CARTESIAN_POINT ( 'NONE',  ( 2.219999999999997975, 5.650000000000000355, 3.890000000000000124 ) ) ;
#10686 = EDGE_LOOP ( 'NONE', ( #7643, #380, #7592, #234 ) ) ;
#10687 = EDGE_CURVE ( 'NONE', #653, #6696, #5593, .T. ) ;
#10688 = CARTESIAN_POINT ( 'NONE',  ( 5.122369002990974529, -0.05757329610668080605, 0.1000000000000000056 ) ) ;
#10689 = CARTESIAN_POINT ( 'NONE',  ( -2.860000000000001652, 2.269999999999997797, 0.9099999999999984768 ) ) ;
#10690 = CARTESIAN_POINT ( 'NONE',  ( 5.147839165735074829, 0.09593393900972939370, 0.1000000000000000056 ) ) ;
#10691 = FILL_AREA_STYLE_COLOUR ( '', #4356 ) ;
#10692 = VECTOR ( 'NONE', #1391, 1000.000000000000000 ) ;
#10693 = VECTOR ( 'NONE', #10904, 1000.000000000000000 ) ;
#10694 = ORIENTED_EDGE ( 'NONE', *, *, #10501, .F. ) ;
#10695 = CARTESIAN_POINT ( 'NONE',  ( 5.446310797029412676, 0.05320789685125950491, 0.000000000000000000 ) ) ;
#10696 = EDGE_CURVE ( 'NONE', #7539, #584, #6412, .T. ) ;
#10697 = DIRECTION ( 'NONE',  ( 0.000000000000000000, 0.000000000000000000, 1.000000000000000000 ) ) ;
#10698 = ORIENTED_EDGE ( 'NONE', *, *, #4715, .F. ) ;
#10699 = DIRECTION ( 'NONE',  ( -1.000000000000000000, 0.000000000000000000, 0.000000000000000000 ) ) ;
#10700 = ORIENTED_EDGE ( 'NONE', *, *, #9547, .F. ) ;
#10701 = EDGE_CURVE ( 'NONE', #2367, #6747, #3109, .T. ) ;
#10702 = VECTOR ( 'NONE', #143, 1000.000000000000000 ) ;
#10703 = CARTESIAN_POINT ( 'NONE',  ( 5.472122007541204702, -0.009083867949260584010, 0.1000000000000000056 ) ) ;
#10704 = DIRECTION ( 'NONE',  ( 0.000000000000000000, 0.000000000000000000, 1.000000000000000000 ) ) ;
#10705 = VECTOR ( 'NONE', #4697, 1000.000000000000000 ) ;
#10706 = LINE ( 'NONE', #7465, #3285 ) ;
#10707 = CARTESIAN_POINT ( 'NONE',  ( 5.407445274586963002, -0.8683958644328906296, 0.1000000000000000056 ) ) ;
#10708 = DIRECTION ( 'NONE',  ( 1.000000000000000000, 0.000000000000000000, -0.000000000000000000 ) ) ;
#10709 = ORIENTED_EDGE ( 'NONE', *, *, #7475, .T. ) ;
#10710 = VECTOR ( 'NONE', #6721, 1000.000000000000000 ) ;
#10711 = AXIS2_PLACEMENT_3D ( 'NONE', #6247, #5426, #447 ) ;
#10712 = VECTOR ( 'NONE', #9534, 1000.000000000000000 ) ;
#10713 = LINE ( 'NONE', #5161, #2462 ) ;
#10714 = VERTEX_POINT ( 'NONE', #1335 ) ;
#10715 = DIRECTION ( 'NONE',  ( -0.6401843996644802637, 0.000000000000000000, 0.7682212795973755171 ) ) ;
#10716 =( NAMED_UNIT ( * ) PLANE_ANGLE_UNIT ( ) SI_UNIT ( $, .RADIAN. ) );
#10717 = PRESENTATION_STYLE_ASSIGNMENT (( #8189 ) ) ;
#10718 =( GEOMETRIC_REPRESENTATION_CONTEXT ( 3 ) GLOBAL_UNCERTAINTY_ASSIGNED_CONTEXT ( ( #6288 ) ) GLOBAL_UNIT_ASSIGNED_CONTEXT ( ( #8753, #1276, #4590 ) ) REPRESENTATION_CONTEXT ( 'NONE', 'WORKASPACE' ) );
#10719 = VECTOR ( 'NONE', #8383, 1000.000000000000114 ) ;
#10720 = VECTOR ( 'NONE', #5739, 999.9999999999998863 ) ;
#10721 = AXIS2_PLACEMENT_3D ( 'NONE', #8590, #2549, #3433 ) ;
#10722 = SURFACE_STYLE_FILL_AREA ( #7932 ) ;
#10723 = ORIENTED_EDGE ( 'NONE', *, *, #3803, .F. ) ;
#10724 = ORIENTED_EDGE ( 'NONE', *, *, #4046, .F. ) ;
#10725 = ORIENTED_EDGE ( 'NONE', *, *, #138, .F. ) ;
#10726 = SURFACE_STYLE_FILL_AREA ( #7378 ) ;
#10727 = ADVANCED_FACE ( 'NONE', ( #6460 ), #9800, .F. ) ;
#10728 = SURFACE_STYLE_FILL_AREA ( #7481 ) ;
#10729 = CARTESIAN_POINT ( 'NONE',  ( 5.437862838663125586, 0.06469006827620825406, 0.000000000000000000 ) ) ;
#10730 = ORIENTED_EDGE ( 'NONE', *, *, #1279, .T. ) ;
#10731 = VECTOR ( 'NONE', #8155, 1000.000000000000000 ) ;
#10732 = DIRECTION ( 'NONE',  ( 0.000000000000000000, -0.7071067811865467956, -0.7071067811865483499 ) ) ;
#10733 = SURFACE_STYLE_USAGE ( .BOTH. , #2211 ) ;
#10734 = DIRECTION ( 'NONE',  ( 0.000000000000000000, -0.7071067811865474617, -0.7071067811865474617 ) ) ;
#10735 = CARTESIAN_POINT ( 'NONE',  ( 5.391070031573264032, 0.05567907485471572382, 0.000000000000000000 ) ) ;
#10736 = LINE ( 'NONE', #9024, #8437 ) ;
#10737 = DIRECTION ( 'NONE',  ( 0.000000000000000000, -2.090028284309406488E-16, -1.000000000000000000 ) ) ;
#10738 = CARTESIAN_POINT ( 'NONE',  ( 5.131201923076922355, 0.002564102564102757088, 0.1000000000000000056 ) ) ;
#10739 = CARTESIAN_POINT ( 'NONE',  ( 5.091567040237450215, -0.6474800616142253329, 0.000000000000000000 ) ) ;
#10740 = CARTESIAN_POINT ( 'NONE',  ( 5.289518626924863298, -0.9626427764139905419, 0.1000000000000000056 ) ) ;
#10741 = VERTEX_POINT ( 'NONE', #8220 ) ;
#10742 = DIRECTION ( 'NONE',  ( 0.000000000000000000, 0.000000000000000000, 1.000000000000000000 ) ) ;
#10743 = VERTEX_POINT ( 'NONE', #3889 ) ;
#10744 = SURFACE_STYLE_FILL_AREA ( #5590 ) ;
#10745 = CARTESIAN_POINT ( 'NONE',  ( 5.249230769230768701, 0.4483173076923080425, 0.000000000000000000 ) ) ;
#10746 = DIRECTION ( 'NONE',  ( 1.000000000000000000, -0.000000000000000000, -0.000000000000000000 ) ) ;
#10747 = CARTESIAN_POINT ( 'NONE',  ( 3.976666666666664796, 0.6499999999999999112, 4.599999999999999645 ) ) ;
#10748 = CARTESIAN_POINT ( 'NONE',  ( -6.350000000000002309, -1.249999999999999778, 5.000000000000000000 ) ) ;
#10749 = EDGE_CURVE ( 'NONE', #6817, #1314, #10586, .T. ) ;
#10750 = CARTESIAN_POINT ( 'NONE',  ( 6.349999999999996980, 1.249999999999999778, 4.599999999999999645 ) ) ;
#10751 = LINE ( 'NONE', #9750, #8420 ) ;
#10752 = EDGE_CURVE ( 'NONE', #5119, #882, #4300, .T. ) ;
#10753 = ORIENTED_EDGE ( 'NONE', *, *, #6273, .F. ) ;
#10754 = CARTESIAN_POINT ( 'NONE',  ( 5.479999999999999538, 0.3756410256410259718, 0.1000000000000000056 ) ) ;
#10755 = ORIENTED_EDGE ( 'NONE', *, *, #5027, .F. ) ;
#10756 = CARTESIAN_POINT ( 'NONE',  ( 5.478136060581238809, -0.05446360271310795448, 0.1000000000000000056 ) ) ;
#10757 = SURFACE_STYLE_FILL_AREA ( #9101 ) ;
#10758 = EDGE_CURVE ( 'NONE', #8631, #570, #2500, .T. ) ;
#10759 = EDGE_CURVE ( 'NONE', #5403, #3064, #5083, .T. ) ;
#10760 = PLANE ( 'NONE',  #9410 ) ;
#10761 = EDGE_CURVE ( 'NONE', #6978, #2071, #5193, .T. ) ;
#10762 = CARTESIAN_POINT ( 'NONE',  ( 5.335631973283891050, -0.9181692081984220710, 0.1000000000000000056 ) ) ;
#10763 = CARTESIAN_POINT ( 'NONE',  ( -2.220000000000001972, 2.269999999999999130, 0.7099999999999985212 ) ) ;
#10764 = EDGE_LOOP ( 'NONE', ( #10360, #4021, #61, #10709 ) ) ;
#10765 = LINE ( 'NONE', #6588, #7030 ) ;
#10766 = LINE ( 'NONE', #3361, #2593 ) ;
#10767 = FACE_OUTER_BOUND ( 'NONE', #5120, .T. ) ;
#10768 = EDGE_CURVE ( 'NONE', #4634, #74, #9296, .T. ) ;
#10769 = DIRECTION ( 'NONE',  ( 0.000000000000000000, -1.000000000000000000, 0.000000000000000000 ) ) ;
#10770 = ORIENTED_EDGE ( 'NONE', *, *, #10148, .F. ) ;
#10771 = ORIENTED_EDGE ( 'NONE', *, *, #10590, .T. ) ;
#10772 = ORIENTED_EDGE ( 'NONE', *, *, #9744, .T. ) ;
#10773 =( NAMED_UNIT ( * ) SI_UNIT ( $, .STERADIAN. ) SOLID_ANGLE_UNIT ( ) );
#10774 = LINE ( 'NONE', #1531, #7905 ) ;
#10775 = CARTESIAN_POINT ( 'NONE',  ( 5.479999999999999538, -1.162820512820512464, 0.1000000000000000056 ) ) ;
#10776 = VERTEX_POINT ( 'NONE', #5860 ) ;
#10777 = DIRECTION ( 'NONE',  ( 1.000000000000000000, -0.000000000000000000, -0.000000000000000000 ) ) ;
#10778 = ORIENTED_EDGE ( 'NONE', *, *, #6132, .F. ) ;
#10779 = FACE_OUTER_BOUND ( 'NONE', #3701, .T. ) ;
#10780 = LINE ( 'NONE', #4031, #9663 ) ;
#10781 = EDGE_CURVE ( 'NONE', #3949, #10853, #984, .T. ) ;
#10782 = LINE ( 'NONE', #6505, #10647 ) ;
#10783 = DIRECTION ( 'NONE',  ( -1.000000000000000000, 0.000000000000000000, 0.000000000000000000 ) ) ;
#10784 = CARTESIAN_POINT ( 'NONE',  ( 5.110579624449826497, -0.6160483533798898348, 0.000000000000000000 ) ) ;
#10785 = CARTESIAN_POINT ( 'NONE',  ( 5.467067898890001665, -0.8511700909622121891, 0.1000000000000000056 ) ) ;
#10786 = ORIENTED_EDGE ( 'NONE', *, *, #3553, .F. ) ;
#10787 = CARTESIAN_POINT ( 'NONE',  ( 6.349999999999996980, 0.6499999999999999112, 0.4000000000000001332 ) ) ;
#10788 = EDGE_LOOP ( 'NONE', ( #8505, #9936, #676, #7624 ) ) ;
#10789 = CARTESIAN_POINT ( 'NONE',  ( 5.192913815604079275, 0.1204915051320840230, -1.355252715606880543E-17 ) ) ;
#10790 = DIRECTION ( 'NONE',  ( 0.000000000000000000, 0.000000000000000000, 1.000000000000000000 ) ) ;
#10791 = SURFACE_STYLE_USAGE ( .BOTH. , #9905 ) ;
#10792 = ADVANCED_FACE ( 'NONE', ( #826 ), #4197, .F. ) ;
#10793 = CARTESIAN_POINT ( 'NONE',  ( -0.3200000000000017830, 5.649999999999999467, -2.799999999999999822 ) ) ;
#10794 = CARTESIAN_POINT ( 'NONE',  ( -5.400000000000002132, -7.049999999999999822, 0.9100000000000000311 ) ) ;
#10795 = DIRECTION ( 'NONE',  ( 1.000000000000000000, 0.000000000000000000, 0.000000000000000000 ) ) ;
#10796 = LINE ( 'NONE', #9038, #4738 ) ;
#10797 = CARTESIAN_POINT ( 'NONE',  ( 5.314046631758130523, -0.9238572163453352415, 0.000000000000000000 ) ) ;
#10798 = ORIENTED_EDGE ( 'NONE', *, *, #9061, .T. ) ;
#10799 = CARTESIAN_POINT ( 'NONE',  ( 5.204830006051349045, -0.9504807142305825574, -0.000000000000000000 ) ) ;
#10800 = ORIENTED_EDGE ( 'NONE', *, *, #8533, .F. ) ;
#10801 = CARTESIAN_POINT ( 'NONE',  ( 5.399999999999998579, 2.269999999999997797, 0.9099999999999984768 ) ) ;
#10802 = CARTESIAN_POINT ( 'NONE',  ( -4.760000000000001563, 0.6499999999999999112, 0.4000000000000001332 ) ) ;
#10803 = ADVANCED_FACE ( 'NONE', ( #4978 ), #5907, .T. ) ;
#10804 = LINE ( 'NONE', #9047, #10480 ) ;
#10805 = DIRECTION ( 'NONE',  ( -0.000000000000000000, 0.000000000000000000, -1.000000000000000000 ) ) ;
#10806 = ORIENTED_EDGE ( 'NONE', *, *, #7713, .T. ) ;
#10807 = SURFACE_STYLE_FILL_AREA ( #8954 ) ;
#10808 = ORIENTED_EDGE ( 'NONE', *, *, #191, .T. ) ;
#10809 = CARTESIAN_POINT ( 'NONE',  ( -5.400000000000002132, 2.669999999999999041, -3.000000000000000000 ) ) ;
#10810 = DIRECTION ( 'NONE',  ( 1.000000000000000000, 0.000000000000000000, 0.000000000000000000 ) ) ;
#10811 = DIRECTION ( 'NONE',  ( 0.000000000000000000, -0.000000000000000000, -1.000000000000000000 ) ) ;
#10812 =( NAMED_UNIT ( * ) PLANE_ANGLE_UNIT ( ) SI_UNIT ( $, .RADIAN. ) );
#10813 = EDGE_CURVE ( 'NONE', #9661, #3343, #3492, .T. ) ;
#10814 = AXIS2_PLACEMENT_3D ( 'NONE', #7036, #8725, #1189 ) ;
#10815 = LINE ( 'NONE', #6656, #4541 ) ;
#10816 = EDGE_LOOP ( 'NONE', ( #3258, #4322, #5840, #7787 ) ) ;
#10817 = ORIENTED_EDGE ( 'NONE', *, *, #3215, .F. ) ;
#10818 = VECTOR ( 'NONE', #4818, 1000.000000000000000 ) ;
#10819 = ORIENTED_EDGE ( 'NONE', *, *, #7200, .F. ) ;
#10820 = LINE ( 'NONE', #3304, #1185 ) ;
#10821 = EDGE_CURVE ( 'NONE', #5473, #3463, #7502, .T. ) ;
#10822 = CARTESIAN_POINT ( 'NONE',  ( 5.479999999999999538, -0.1935897435897434016, 0.1000000000000000056 ) ) ;
#10823 = ORIENTED_EDGE ( 'NONE', *, *, #3127, .T. ) ;
#10824 = CARTESIAN_POINT ( 'NONE',  ( 5.433923644607282277, -0.5968914673027412299, 0.1000000000000000056 ) ) ;
#10825 = VERTEX_POINT ( 'NONE', #931 ) ;
#10826 = SURFACE_STYLE_USAGE ( .BOTH. , #30 ) ;
#10827 = DIRECTION ( 'NONE',  ( 1.000000000000000000, 0.000000000000000000, 0.000000000000000000 ) ) ;
#10828 = ADVANCED_FACE ( 'NONE', ( #5961 ), #7616, .T. ) ;
#10829 = VECTOR ( 'NONE', #7454, 1000.000000000000000 ) ;
#10830 = DIRECTION ( 'NONE',  ( -0.000000000000000000, 0.000000000000000000, -1.000000000000000000 ) ) ;
#10831 = VECTOR ( 'NONE', #8156, 1000.000000000000000 ) ;
#10832 = FACE_OUTER_BOUND ( 'NONE', #5716, .T. ) ;
#10833 = ORIENTED_EDGE ( 'NONE', *, *, #6548, .F. ) ;
#10834 = FACE_OUTER_BOUND ( 'NONE', #8110, .T. ) ;
#10835 = AXIS2_PLACEMENT_3D ( 'NONE', #6884, #10226, #2706 ) ;
#10836 = CARTESIAN_POINT ( 'NONE',  ( 5.121025641025640063, -0.4551282051282050101, 0.1000000000000000056 ) ) ;
#10837 = VERTEX_POINT ( 'NONE', #10843 ) ;
#10838 = VECTOR ( 'NONE', #1301, 1000.000000000000000 ) ;
#10839 = DIRECTION ( 'NONE',  ( 0.000000000000000000, -1.000000000000000000, 0.000000000000000000 ) ) ;
#10840 = ORIENTED_EDGE ( 'NONE', *, *, #9495, .T. ) ;
#10841 = CARTESIAN_POINT ( 'NONE',  ( 5.315897435897435130, -0.4551282051282050101, -0.000000000000000000 ) ) ;
#10842 = VECTOR ( 'NONE', #10542, 1000.000000000000000 ) ;
#10843 = CARTESIAN_POINT ( 'NONE',  ( 5.849999999999999645, 1.250000000000000222, 5.000000000000000000 ) ) ;
#10844 = DIRECTION ( 'NONE',  ( 0.7682212795973761832, 0.000000000000000000, -0.6401843996644795975 ) ) ;
#10845 = VECTOR ( 'NONE', #1048, 1000.000000000000000 ) ;
#10846 = PRESENTATION_LAYER_ASSIGNMENT (  '', '', ( #3674 ) ) ;
#10847 = FACE_OUTER_BOUND ( 'NONE', #7038, .T. ) ;
#10848 = CARTESIAN_POINT ( 'NONE',  ( -5.400000000000002132, 5.209999999999999076, -3.000000000000000000 ) ) ;
#10849 = DIRECTION ( 'NONE',  ( 0.000000000000000000, 1.000000000000000000, 9.035018104045870694E-17 ) ) ;
#10850 = LINE ( 'NONE', #2345, #5601 ) ;
#10851 = CARTESIAN_POINT ( 'NONE',  ( 5.449184602086920570, -0.7538492635145384035, 0.1000000000000000056 ) ) ;
#10852 = EDGE_CURVE ( 'NONE', #6055, #7400, #9236, .T. ) ;
#10853 = VERTEX_POINT ( 'NONE', #7565 ) ;
#10854 = CARTESIAN_POINT ( 'NONE',  ( 5.079999999999999183, -1.198717948717948678, 0.1000000000000000056 ) ) ;
#10855 = VERTEX_POINT ( 'NONE', #3430 ) ;
#10856 = VECTOR ( 'NONE', #384, 1000.000000000000000 ) ;
#10857 = LINE ( 'NONE', #6700, #2824 ) ;
#10858 = VECTOR ( 'NONE', #4187, 1000.000000000000000 ) ;
#10859 = DIRECTION ( 'NONE',  ( 0.000000000000000000, 0.000000000000000000, 1.000000000000000000 ) ) ;
#10860 = VECTOR ( 'NONE', #5300, 1000.000000000000000 ) ;
#10861 = CARTESIAN_POINT ( 'NONE',  ( -0.3200000000000017830, -7.249999999999999112, 3.650000000000000799 ) ) ;
#10862 = DIRECTION ( 'NONE',  ( 0.7682212795973761832, 0.000000000000000000, -0.6401843996644795975 ) ) ;
#10863 = ORIENTED_EDGE ( 'NONE', *, *, #3111, .F. ) ;
#10864 = MECHANICAL_DESIGN_GEOMETRIC_PRESENTATION_REPRESENTATION (  '', ( #6314 ), #2599 ) ;
#10865 = MECHANICAL_DESIGN_GEOMETRIC_PRESENTATION_REPRESENTATION (  '', ( #7717 ), #10525 ) ;
#10866 = CARTESIAN_POINT ( 'NONE',  ( 5.131133121108780948, -0.9045420561240232749, 0.1000000000000000056 ) ) ;
#10867 = ORIENTED_EDGE ( 'NONE', *, *, #4237, .T. ) ;
#10868 = CARTESIAN_POINT ( 'NONE',  ( 5.274871794871794251, -0.2653846153846152189, -0.000000000000000000 ) ) ;
#10869 = COLOUR_RGB ( '',0.1490196078431372528, 0.1490196078431372528, 0.1490196078431372528 ) ;
#10870 = EDGE_CURVE ( 'NONE', #4503, #4656, #6838, .T. ) ;
#10871 = FACE_OUTER_BOUND ( 'NONE', #2083, .T. ) ;
#10872 = LINE ( 'NONE', #7527, #7225 ) ;
#10873 = CARTESIAN_POINT ( 'NONE',  ( -5.400000000000002132, 4.809999999999998721, 3.450000000000000622 ) ) ;
#10874 = VECTOR ( 'NONE', #7068, 1000.000000000000000 ) ;
#10875 = AXIS2_PLACEMENT_3D ( 'NONE', #3904, #4617, #7256 ) ;
#10876 = FACE_OUTER_BOUND ( 'NONE', #5573, .T. ) ;
#10877 = EDGE_LOOP ( 'NONE', ( #2695, #4520, #8633, #6182, #2238, #8703, #7816, #10806, #4022, #7951 ) ) ;
#10878 = ORIENTED_EDGE ( 'NONE', *, *, #9090, .T. ) ;
#10879 = EDGE_CURVE ( 'NONE', #3542, #10284, #6735, .T. ) ;
#10880 = VERTEX_POINT ( 'NONE', #9187 ) ;
#10881 = LINE ( 'NONE', #2528, #6147 ) ;
#10882 = DIRECTION ( 'NONE',  ( -0.000000000000000000, -0.000000000000000000, -1.000000000000000000 ) ) ;
#10883 = DIRECTION ( 'NONE',  ( 0.000000000000000000, 1.000000000000000000, 6.938893903907229610E-17 ) ) ;
#10884 = ORIENTED_EDGE ( 'NONE', *, *, #2502, .F. ) ;
#10885 = COLOUR_RGB ( '',0.1490196078431372528, 0.1490196078431372528, 0.1490196078431372528 ) ;
#10886 = ADVANCED_FACE ( 'NONE', ( #10908 ), #6782, .F. ) ;
#10887 = CARTESIAN_POINT ( 'NONE',  ( -2.220000000000001972, 5.009999999999999787, -2.799999999999999822 ) ) ;
#10888 = ORIENTED_EDGE ( 'NONE', *, *, #10479, .F. ) ;
#10889 = DIRECTION ( 'NONE',  ( -1.000000000000000000, 0.000000000000000000, 0.000000000000000000 ) ) ;
#10890 = DIRECTION ( 'NONE',  ( 1.000000000000000000, 0.000000000000000000, 0.000000000000000000 ) ) ;
#10891 = VECTOR ( 'NONE', #6896, 1000.000000000000000 ) ;
#10892 = VECTOR ( 'NONE', #5318, 1000.000000000000000 ) ;
#10893 = VECTOR ( 'NONE', #5702, 1000.000000000000000 ) ;
#10894 = EDGE_CURVE ( 'NONE', #1314, #182, #10071, .T. ) ;
#10895 = EDGE_CURVE ( 'NONE', #10266, #3233, #7887, .T. ) ;
#10896 = CARTESIAN_POINT ( 'NONE',  ( 5.490072028769156454, -0.7551371489281285543, -0.000000000000000000 ) ) ;
#10897 = EDGE_LOOP ( 'NONE', ( #97, #6227, #879, #7796 ) ) ;
#10898 = EDGE_CURVE ( 'NONE', #3613, #8147, #7061, .T. ) ;
#10899 = ORIENTED_EDGE ( 'NONE', *, *, #6263, .T. ) ;
#10900 = AXIS2_PLACEMENT_3D ( 'NONE', #8866, #3009, #5749 ) ;
#10901 = CARTESIAN_POINT ( 'NONE',  ( -2.220000000000001972, 5.209999999999999076, -3.000000000000000000 ) ) ;
#10902 = DIRECTION ( 'NONE',  ( 0.000000000000000000, 0.000000000000000000, 1.000000000000000000 ) ) ;
#10903 = EDGE_LOOP ( 'NONE', ( #4147, #7079, #9561, #8802 ) ) ;
#10904 = DIRECTION ( 'NONE',  ( -1.000000000000000000, 0.000000000000000000, 0.000000000000000000 ) ) ;
#10905 = ORIENTED_EDGE ( 'NONE', *, *, #10768, .F. ) ;
#10906 = CARTESIAN_POINT ( 'NONE',  ( 5.121374626678329989, 0.07194278767419612364, -1.355252715606880543E-17 ) ) ;
#10907 = UNCERTAINTY_MEASURE_WITH_UNIT (LENGTH_MEASURE( 1.000000000000000082E-05 ), #1406, 'distance_accuracy_value', 'NONE');
#10908 = FACE_OUTER_BOUND ( 'NONE', #6267, .T. ) ;
#10909 = PLANE ( 'NONE',  #8055 ) ;
ENDSEC;
END-ISO-10303-21;
