#VRML V2.0 utf8
# 3D model generated by easyeda2kicad.py (https://github.com/uPesy/easyeda2kicad.py)

Shape{
    appearance Appearance {
        material  Material 	{
            diffuseColor 0.20784313725490197 0.20784313725490197 0.20784313725490197
            specularColor 0.01568627450980392 0.01568627450980392 0.01568627450980392
            ambientIntensity 0.298
            transparency 0.0
            shininess 0.5
        }
    }
    geometry IndexedFaceSet {
        ccw TRUE
        solid FALSE
        coord DEF co Coordinate {
            point [
                2.4082 2.3503 0.4331, 2.4335 2.3503 0.4331, 2.4335 2.3707 0.4331, 2.3192 2.3453 0.4331, 2.3192 2.3503 0.4331, 2.3145 2.3503 0.4331, 2.6604 2.5791 0.4331, 2.6427 2.5791 0.4331, 2.6427 2.4977 0.4331, 2.6427 2.5969 0.4331, -2.537 -2.7026 0.4331, -0.3085 -2.7026 0.4331, -0.3085 2.3503 0.4331, -2.568 2.5748 0.4331, -2.5623 2.5791 0.4331, -2.6604 2.5791 0.4331, -2.4134 2.3733 0.4331, -2.4197 2.3707 0.4331, -0.3085 2.3707 0.4331, 2.4259 2.3714 0.4331, 2.4082 2.3714 0.4331, 2.4082 2.3707 0.4331, 2.0588 2.5161 0.4331, 2.0743 2.503 0.4331, 2.1283 2.5791 0.4331, 2.1283 2.4977 0.4331, 1.983 2.5874 0.4331, 1.9953 2.5791 0.4331, 2.0084 2.5703 0.4331, 2.0272 2.5486 0.4331, 2.0392 2.5254 0.4331, 2.0418 2.5245 0.4331, 1.931 2.5999 0.4331, 1.9545 2.5975 0.4331, 2.1283 2.7026 0.4331, 1.9028 2.5965 0.4331, -0.3085 2.7026 0.4331, 1.8766 2.5863 0.4331, 1.8649 2.5791 0.4331, -0.3085 2.5791 0.4331, 1.8627 2.5777 0.4331, -0.3085 2.4977 0.4331, 1.7404 2.4977 0.4331, 1.7453 2.5089 0.4331, 1.7591 2.5265 0.4331, 1.8021 2.5511 0.4331, 1.8245 2.5538 0.4331, 1.8493 2.5663 0.4331, 1.8311 2.5535 0.4331, 1.8376 2.5527 0.4331, 1.7629 2.5301 0.4331, 1.781 2.5429 0.4331, 1.7739 2.3844 0.4331, 1.7562 2.3996 0.4331, 1.7945 2.3744 0.4331, 1.7433 2.418 0.4331, 1.7351 2.4392 0.4331, 1.7323 2.4616 0.4331, 1.7325 2.467 0.4331, -0.3085 2.4742 0.4331, 1.7338 2.4742 0.4331, 1.7363 2.4884 0.4331, 1.8018 2.3722 0.4331, 1.8024 2.3707 0.4331, 1.8066 2.3614 0.4331, 1.8147 2.3508 0.4331, 1.8153 2.3503 0.4331, 1.8256 2.3421 0.4331, 1.8385 2.3362 0.4331, 1.8955 2.3503 0.4331, 1.8922 2.3467 0.4331, 2.1283 -2.7026 0.4331, 1.8806 2.3392 0.4331, 1.8678 2.3348 0.4331, 1.8558 2.3335 0.4331, 1.8519 2.3337 0.4331, 1.9091 2.3707 0.4331, 1.9088 2.3697 0.4331, 2.1283 2.3503 0.4331, 1.9019 2.3571 0.4331, 2.0929 2.4695 0.4331, 2.0955 2.4508 0.4331, 2.1283 2.4742 0.4331, 1.9819 2.4043 0.4331, 1.9858 2.4058 0.4331, 1.9925 2.4383 0.4331, 1.8985 2.4286 0.4331, 1.9748 2.4684 0.4331, 1.8899 2.4367 0.4331, 1.878 2.4435 0.4331, 1.9784 2.4018 0.4331, 2.06 2.4544 0.4331, 2.0576 2.4654 0.4331, 2.053 2.4742 0.4331, 1.7694 2.4742 0.4331, 2.0929 2.4306 0.4331, 2.1283 2.3707 0.4331, 2.0858 2.4125 0.4331, 2.0744 2.3967 0.4331, 1.9902 2.4064 0.4331, 1.9907 2.4063 0.4331, 1.9925 2.406 0.4331, 1.7691 2.4527 0.4331, 1.8097 2.4242 0.4331, 1.7682 2.4627 0.4331, 1.8194 2.4346 0.4331, 1.8313 2.4423 0.4331, 1.7735 2.4388 0.4331, 1.7811 2.4267 0.4331, 1.8031 2.4125 0.4331, 1.7917 2.4167 0.4331, 1.8023 2.4104 0.4331, 2.059 2.3836 0.4331, 2.0416 2.3751 0.4331, 2.0226 2.3711 0.4331, 1.9725 2.3887 0.4331, 1.9727 2.391 0.4331, 1.9128 2.3961 0.4331, 1.9738 2.3953 0.4331, 1.976 2.3992 0.4331, 1.844 2.4467 0.4331, 1.8558 2.4479 0.4331, 1.8645 2.4473 0.4331, 2.049 2.4205 0.4331, 2.0552 2.4294 0.4331, 2.059 2.4396 0.4331, 2.0602 2.4502 0.4331, 1.9891 2.3711 0.4331, 1.9858 2.3716 0.4331, 1.9821 2.3731 0.4331, 1.9784 2.3757 0.4331, 1.9771 2.3771 0.4331, 1.9746 2.3806 0.4331, 1.9731 2.3845 0.4331, 1.9124 2.3837 0.4331, 1.9128 2.3904 0.4331, 1.9936 2.4058 0.4331, 2.0192 2.4058 0.4331, 2.028 2.4073 0.4331, 2.0382 2.4116 0.4331, 2.0469 2.4182 0.4331, 1.7739 2.4875 0.4331, 1.7694 2.4747 0.4331, 2.0113 2.4946 0.4331, 2.0158 2.4946 0.4331, 2.0263 2.4934 0.4331, 2.0524 2.4753 0.4331, 2.0451 2.4836 0.4331, 2.0362 2.4896 0.4331, 1.9988 2.5291 0.4331, 1.986 2.5443 0.4331, 1.8553 2.5111 0.4331, 1.9848 2.5454 0.4331, 1.9688 2.5565 0.4331, 1.864 2.5292 0.4331, 1.7805 2.4977 0.4331, 1.8515 2.5132 0.4331, 2.0106 2.4977 0.4331, 2.0077 2.5107 0.4331, 1.8387 2.518 0.4331, 1.8251 2.5197 0.4331, 1.8183 2.5193 0.4331, 1.8768 2.5444 0.4331, 1.9509 2.5634 0.4331, 1.8919 2.5555 0.4331, 1.9316 2.5658 0.4331, 1.9105 2.5631 0.4331, 1.8043 2.5157 0.4331, 1.7917 2.5088 0.4331, 1.7814 2.4991 0.4331, 2.0781 2.4977 0.4331, 2.0859 2.4869 0.4331, 2.091 2.4742 0.4331, 2.4335 2.4742 0.4331, 2.4241 2.4514 0.4331, 2.4241 2.4422 0.4331, 2.3932 2.4074 0.4331, 2.3932 2.3805 0.4331, 2.4082 2.4074 0.4331, 2.4082 2.3805 0.4331, 2.4218 2.4074 0.4331, 2.4259 2.3805 0.4331, 2.4218 2.4166 0.4331, 2.3932 2.4422 0.4331, 2.3932 2.4166 0.4331, 2.4082 2.4422 0.4331, 2.4082 2.4166 0.4331, 2.3774 2.3707 0.4331, 2.3828 2.3714 0.4331, 2.3828 2.4514 0.4331, 2.2772 2.3813 0.4331, 2.2779 2.381 0.4331, 2.2779 2.4023 0.4331, 2.2762 2.4041 0.4331, 2.2749 2.4062 0.4331, 2.2733 2.3837 0.4331, 2.2738 2.4092 0.4331, 2.2734 2.4131 0.4331, 2.2699 2.4742 0.4331, 2.2737 2.4167 0.4331, 2.2778 2.4024 0.4331, 2.2733 2.3734 0.4331, 2.2699 2.3707 0.4331, 2.2779 2.3718 0.4331, 2.2779 2.3707 0.4331, 2.2805 2.3709 0.4331, 2.2822 2.3707 0.4331, 2.2888 2.37 0.4331, 2.2779 2.3503 0.4331, 2.2952 2.3707 0.4331, 2.3092 2.4273 0.4331, 2.3092 2.4176 0.4331, 2.3145 2.3707 0.4331, 2.2798 2.4253 0.4331, 2.2827 2.4271 0.4331, 2.2779 2.4742 0.4331, 2.3114 2.3829 0.4331, 2.3102 2.3797 0.4331, 2.3083 2.3771 0.4331, 2.2749 2.4199 0.4331, 2.2768 2.4227 0.4331, 2.2779 2.4237 0.4331, 2.2882 2.4291 0.4331, 2.2956 2.4299 0.4331, 2.3145 2.4742 0.4331, 2.3011 2.4295 0.4331, 2.3086 2.3964 0.4331, 2.3104 2.3936 0.4331, 2.3115 2.3907 0.4331, 2.3119 2.3869 0.4331, 2.3055 2.3746 0.4331, 2.3025 2.3728 0.4331, 2.2971 2.3709 0.4331, 2.2946 2.4217 0.4331, 2.2917 2.4215 0.4331, 2.2837 2.414 0.4331, 2.289 2.4208 0.4331, 2.2867 2.4196 0.4331, 2.2838 2.4127 0.4331, 2.2842 2.4111 0.4331, 2.2849 2.4098 0.4331, 2.2859 2.4087 0.4331, 2.2894 2.4065 0.4331, 2.3012 2.421 0.4331, 2.2956 2.4038 0.4331, 2.3069 2.4189 0.4331, 2.2995 2.4022 0.4331, 2.3062 2.3985 0.4331, 2.2852 2.4183 0.4331, 2.2844 2.417 0.4331, 2.2839 2.4156 0.4331, 2.2835 2.3789 0.4331, 2.2885 2.3965 0.4331, 2.2826 2.3992 0.4331, 2.2898 2.3782 0.4331, 2.2902 2.3782 0.4331, 2.2951 2.3937 0.4331, 2.2954 2.3788 0.4331, 2.3016 2.3859 0.4331, 2.3015 2.3872 0.4331, 2.298 2.3797 0.4331, 2.2989 2.3803 0.4331, 2.3 2.3813 0.4331, 2.3009 2.3826 0.4331, 2.3014 2.384 0.4331, 2.3011 2.3888 0.4331, 2.3003 2.3901 0.4331, 2.299 2.3914 0.4331, 2.5084 2.4977 0.4331, 2.4824 2.4984 0.4331, 2.471 2.4984 0.4331, 2.4628 2.5203 0.4331, 2.4335 2.5203 0.4331, 2.4335 2.4977 0.4331, 2.4519 2.5785 0.4331, 2.5084 2.5791 0.4331, 2.4335 2.5791 0.4331, 2.4295 2.5203 0.4331, 2.4218 2.4984 0.4331, 2.4082 2.4977 0.4331, 2.4104 2.4984 0.4331, 2.4082 2.5791 0.4331, 2.4335 2.559 0.4331, 2.4409 2.5785 0.4331, 2.3408 2.4984 0.4331, 2.3408 2.5785 0.4331, 2.3238 2.5693 0.4331, 2.3238 2.5785 0.4331, 2.3636 2.5785 0.4331, 2.3774 2.5791 0.4331, 2.3145 2.5791 0.4331, 2.3145 2.5785 0.4331, 2.3145 2.4977 0.4331, 2.3774 2.4977 0.4331, 2.3256 2.4984 0.4331, 2.375 2.4997 0.4331, 2.3628 2.4984 0.4331, 2.3256 2.5075 0.4331, 2.3968 2.565 0.4331, 2.4017 2.558 0.4331, 2.4036 2.5245 0.4331, 2.3995 2.5163 0.4331, 2.3939 2.5679 0.4331, 2.3756 2.5772 0.4331, 2.3774 2.5765 0.4331, 2.3853 2.5737 0.4331, 2.3844 2.503 0.4331, 2.3774 2.5006 0.4331, 2.3939 2.5096 0.4331, 2.3923 2.5082 0.4331, 2.4046 2.5504 0.4331, 2.4059 2.5395 0.4331, 2.4056 2.5338 0.4331, 2.2929 2.5345 0.4331, 2.2929 2.5075 0.4331, 2.3145 2.5345 0.4331, 2.3145 2.5075 0.4331, 2.3215 2.5345 0.4331, 2.3215 2.5436 0.4331, 2.3145 2.5436 0.4331, 2.3145 2.5693 0.4331, 2.2929 2.5436 0.4331, 2.2929 2.5693 0.4331, 2.2826 2.5785 0.4331, 2.2779 2.5791 0.4331, 2.2826 2.4984 0.4331, -2.568 2.3936 0.4331, -2.7026 2.3707 0.4331, -2.5415 2.3733 0.4331, -2.5353 2.3707 0.4331, -2.5884 2.4202 0.4331, -2.6012 2.4511 0.4331, -2.7026 2.4742 0.4331, -2.5106 2.3605 0.4331, -2.7026 2.3503 0.4331, -2.4775 2.3561 0.4331, -2.4443 2.3605 0.4331, -2.3507 2.4742 0.4331, -2.3538 2.4511 0.4331, -2.3666 2.4202 0.4331, -2.3869 2.3936 0.4331, -2.3666 2.5482 0.4331, -2.3538 2.5174 0.4331, -2.3512 2.4977 0.4331, -2.3494 2.4842 0.4331, -2.537 2.7026 0.4331, -2.5415 2.5951 0.4331, -2.5106 2.6079 0.4331, -2.4775 2.6123 0.4331, -2.4443 2.6079 0.4331, -2.4134 2.5951 0.4331, -2.3926 2.5791 0.4331, -2.3869 2.5748 0.4331, -2.6042 2.4742 0.4331, -2.6055 2.4842 0.4331, -2.7026 2.4977 0.4331, -2.6038 2.4977 0.4331, -2.7026 2.537 0.4331, -2.6012 2.5174 0.4331, -2.5884 2.5482 0.4331, 2.537 -2.7026 0.4331, 2.6427 -2.5969 0.4331, 2.6427 2.3503 0.4331, 2.7026 -2.537 0.4331, 2.4335 -2.7026 0.4331, 2.5084 -2.7026 0.4331, 2.5084 2.3503 0.4331, -2.7026 -2.537 0.4331, 2.2459 2.5063 0.4331, 2.2492 2.5064 0.4331, 2.2631 2.5671 0.4331, 2.2253 2.561 0.4331, 2.2214 2.5554 0.4331, 2.2187 2.5485 0.4331, 2.2477 2.5705 0.4331, 2.2441 2.5703 0.4331, 2.2258 2.5616 0.4331, 2.2372 2.5689 0.4331, 2.231 2.5659 0.4331, 2.2174 2.5375 0.4331, 2.2174 2.5368 0.4331, 2.2187 2.527 0.4331, 2.2273 2.5128 0.4331, 2.2326 2.5092 0.4331, 2.2384 2.5071 0.4331, 2.258 2.5692 0.4331, 2.2212 2.5204 0.4331, 2.2253 2.5147 0.4331, 2.2558 2.5791 0.4331, 2.2587 2.5789 0.4331, 2.2631 2.5791 0.4331, 2.2631 2.5776 0.4331, 2.2699 2.5791 0.4331, 2.2665 2.5765 0.4331, 2.2665 2.5657 0.4331, 2.2054 2.7026 0.4331, 2.2418 2.5791 0.4331, 2.2631 2.7026 0.4331, 2.2476 2.5798 0.4331, 2.2483 2.5798 0.4331, 2.2229 2.5029 0.4331, 2.2054 2.4977 0.4331, 2.2304 2.4992 0.4331, 2.2372 2.4977 0.4331, 2.2054 2.5791 0.4331, 2.2121 2.5601 0.4331, 2.2182 2.568 0.4331, 2.211 2.5163 0.4331, 2.2079 2.5249 0.4331, 2.2202 2.5699 0.4331, 2.228 2.5753 0.4331, 2.2364 2.5785 0.4331, 2.2169 2.508 0.4331, 2.2156 2.5094 0.4331, 2.2066 2.5369 0.4331, 2.2067 2.5405 0.4331, 2.2084 2.5511 0.4331, 2.239 2.4973 0.4331, 2.2054 2.4742 0.4331, 2.2444 2.497 0.4331, 2.2631 2.4742 0.4331, 2.251 2.4977 0.4331, 2.2665 2.5116 0.4331, 2.2665 2.5017 0.4331, 2.2699 2.4977 0.4331, 2.2657 2.5013 0.4331, 2.2631 2.4977 0.4331, 2.2631 2.5004 0.4331, 2.2573 2.4984 0.4331, 2.2042 2.3805 0.4331, 2.2042 2.3714 0.4331, 2.2054 2.3707 0.4331, 2.1611 2.3714 0.4331, 2.2037 2.3707 0.4331, 2.2037 2.3714 0.4331, 2.1611 2.4514 0.4331, 2.2023 2.4514 0.4331, 2.2023 2.4422 0.4331, 2.2037 2.4742 0.4331, 2.2037 2.3805 0.4331, 2.1714 2.4074 0.4331, 2.1714 2.3805 0.4331, 2.2001 2.4074 0.4331, 2.2001 2.4166 0.4331, 2.1714 2.4166 0.4331, 2.1714 2.4422 0.4331, 2.2261 2.3707 0.4331, 2.2259 2.3707 0.4331, 2.2193 2.4245 0.4331, 2.2193 2.4148 0.4331, 2.2597 2.4082 0.4331, 2.2597 2.3714 0.4331, 2.2631 2.3707 0.4331, 2.2497 2.3714 0.4331, 2.222 2.3722 0.4331, 2.2187 2.3745 0.4331, 2.2175 2.3757 0.4331, 2.2493 2.428 0.4331, 2.2526 2.4261 0.4331, 2.2451 2.4293 0.4331, 2.2155 2.3787 0.4331, 2.2142 2.3821 0.4331, 2.2137 2.3867 0.4331, 2.2497 2.3802 0.4331, 2.2494 2.3802 0.4331, 2.2478 2.3778 0.4331, 2.2447 2.3744 0.4331, 2.2138 2.388 0.4331, 2.2144 2.3923 0.4331, 2.2158 2.3958 0.4331, 2.2179 2.3987 0.4331, 2.221 2.4014 0.4331, 2.2253 2.4035 0.4331, 2.2258 2.4189 0.4331, 2.2327 2.4053 0.4331, 2.2415 2.4214 0.4331, 2.2381 2.4217 0.4331, 2.232 2.4211 0.4331, 2.2212 2.4256 0.4331, 2.2286 2.4286 0.4331, 2.239 2.4299 0.4331, 2.2553 2.4236 0.4331, 2.2574 2.4203 0.4331, 2.2589 2.4157 0.4331, 2.2497 2.4077 0.4331, 2.2493 2.4122 0.4331, 2.2483 2.4157 0.4331, 2.2471 2.4178 0.4331, 2.2456 2.4194 0.4331, 2.2438 2.4206 0.4331, 2.2319 2.37 0.4331, 2.2054 2.3503 0.4331, 2.2371 2.3706 0.4331, 2.2631 2.3503 0.4331, 2.2373 2.3707 0.4331, 2.3616 2.4286 0.4331, 2.372 2.4286 0.4331, 2.3774 2.4742 0.4331, 2.4082 2.4514 0.4331, 2.4082 2.4742 0.4331, 2.3492 2.3707 0.4331, 2.3396 2.3715 0.4331, 2.3171 2.4286 0.4331, 2.3283 2.4286 0.4331, 2.3433 2.3856 0.4331, 2.346 2.3855 0.4331, 2.3445 2.3809 0.4331, 2.3448 2.3809 0.4331, 2.3452 2.3828 0.4331, 2.3192 2.3542 0.4331, 2.3332 2.3575 0.4331, 2.3352 2.3611 0.4331, 2.3392 2.3707 0.4331, 2.3213 2.3535 0.4331, 2.3249 2.353 0.4331, 2.3273 2.3533 0.4331, 2.3295 2.3541 0.4331, 2.3313 2.3554 0.4331, 2.3372 2.3489 0.4331, 2.3337 2.3464 0.4331, 2.3774 -2.7026 0.4331, 2.3297 2.3449 0.4331, 2.3145 -2.7026 0.4331, 2.3257 2.3444 0.4331, 2.3235 2.3445 0.4331, 2.3461 2.3627 0.4331, 2.3415 2.3539 0.4331, 2.3774 2.3503 0.4331, 2.3385 2.3503 0.4331, 2.3379 2.3495 0.4331, 2.2779 -2.7026 0.4331, 2.2699 -2.7026 0.4331, 2.2699 2.3503 0.4331, 2.2631 -2.7026 0.4331, 2.2054 -2.7026 0.4331, 2.2037 -2.7026 0.4331, 2.2037 2.3503 0.4331, 2.4082 -2.7026 0.4331, 2.2411 2.3721 0.4331, 2.6427 2.3707 0.4331, 2.5084 2.3707 0.4331, 2.441 2.3714 0.4331, 2.502 2.431 0.4331, 2.5049 2.4233 0.4331, 2.5084 2.4742 0.4331, 2.5062 2.4124 0.4331, 2.5059 2.4067 0.4331, 2.5039 2.3975 0.4331, 2.4998 2.3892 0.4331, 2.4941 2.3826 0.4331, 2.4925 2.3812 0.4331, 2.4847 2.376 0.4331, 2.4753 2.3727 0.4331, 2.463 2.3714 0.4331, 2.441 2.4514 0.4331, 2.4639 2.4514 0.4331, 2.4759 2.4501 0.4331, 2.4856 2.4466 0.4331, 2.4941 2.4408 0.4331, 2.497 2.438 0.4331, 2.5631 2.3933 0.4331, 2.5298 2.3933 0.4331, 2.5713 2.3714 0.4331, 2.5221 2.3714 0.4331, 2.5107 2.3714 0.4331, 2.5412 2.4514 0.4331, 2.5522 2.4514 0.4331, 2.2037 2.4977 0.4331, 2.2779 2.4977 0.4331, 2.7026 2.3503 0.4331, 2.7026 2.3707 0.4331, 2.7026 2.4742 0.4331, 2.6427 2.4742 0.4331, 2.7026 2.4977 0.4331, 2.7026 2.537 0.4331, 2.2033 2.5075 0.4331, 2.2033 2.4984 0.4331, 2.1611 2.4984 0.4331, 2.1714 2.5785 0.4331, 2.2037 2.5791 0.4331, 2.1611 2.5785 0.4331, 2.1714 2.5075 0.4331, 2.3145 2.4984 0.4331, 2.2631 2.5101 0.4331, 2.2583 2.508 0.4331, 2.5827 2.3714 0.4331, 2.2037 2.7026 0.4331, 2.537 2.7026 0.4331, 2.5084 2.7026 0.4331, 2.4335 2.7026 0.4331, 2.4082 2.7026 0.4331, 2.3774 2.7026 0.4331, 2.3145 2.7026 0.4331, 2.2779 2.7026 0.4331, 2.2699 2.7026 0.4331, -1.9252 2.7507 0.1772, -1.9252 2.7559 0.2362, -1.815 2.7559 0.2362, -2.537 2.7418 0.0753, -1.815 2.7507 0.1772, -1.7283 2.7507 0.1772, -2.5428 2.7559 0.2362, -2.4055 2.7559 0.2362, -2.4055 2.7507 0.1772, -2.3189 2.7507 0.1772, -2.3189 2.7559 0.2362, -2.2087 2.7559 0.2362, -2.2087 2.7507 0.1772, -2.122 2.7507 0.1772, -2.122 2.7559 0.2362, -2.0118 2.7559 0.2362, -2.0118 2.7507 0.1772, -1.7283 2.7559 0.2362, -1.6181 2.7559 0.2362, -1.6181 2.7507 0.1772, -1.5315 2.7507 0.1772, -1.5315 2.7559 0.2362, -1.4213 2.7559 0.2362, -1.4213 2.7507 0.1772, -1.3346 2.7507 0.1772, -1.3346 2.7559 0.2362, -1.2244 2.7559 0.2362, -1.2244 2.7507 0.1772, -1.1378 2.7507 0.1772, -1.1378 2.7559 0.2362, -1.0276 2.7559 0.2362, -1.0276 2.7507 0.1772, -0.9409 2.7507 0.1772, -0.9409 2.7559 0.2362, -0.8307 2.7559 0.2362, -0.8307 2.7507 0.1772, -0.7441 2.7507 0.1772, 0.2402 2.7507 0.1772, 0.2402 2.7559 0.2362, 0.3504 2.7559 0.2362, 0.7441 2.7507 0.1772, 0.8307 2.7507 0.1772, 2.537 2.7418 0.0753, 0.6339 2.7507 0.1772, 0.6339 2.7559 0.2362, 0.7441 2.7559 0.2362, -0.7441 2.7559 0.2362, -0.6339 2.7559 0.2362, -0.6339 2.7507 0.1772, -0.5472 2.7507 0.1772, -0.5472 2.7559 0.2362, -0.437 2.7559 0.2362, -0.437 2.7507 0.1772, -0.3504 2.7507 0.1772, 1.0276 2.7507 0.1772, 0.9409 2.7507 0.1772, 0.9409 2.7559 0.2362, 0.8307 2.7559 0.2362, -0.3504 2.7559 0.2362, -0.2402 2.7559 0.2362, -0.2402 2.7507 0.1772, -0.1535 2.7507 0.1772, -0.1535 2.7559 0.2362, -0.0433 2.7559 0.2362, -0.0433 2.7507 0.1772, 0.0433 2.7507 0.1772, 0.437 2.7559 0.2362, 0.5472 2.7559 0.2362, 0.437 2.7507 0.1772, 0.5472 2.7507 0.1772, 1.3346 2.7507 0.1772, 1.4213 2.7507 0.1772, 0.3504 2.7507 0.1772, 0.1535 2.7507 0.1772, 0.1535 2.7559 0.2362, 0.0433 2.7559 0.2362, 1.2244 2.7507 0.1772, 1.2244 2.7559 0.2362, 1.3346 2.7559 0.2362, 1.1378 2.7507 0.1772, 1.1378 2.7559 0.2362, 1.0276 2.7559 0.2362, 1.6181 2.7507 0.1772, 1.6181 2.7559 0.2362, 1.7283 2.7559 0.2362, 1.7283 2.7507 0.1772, 1.815 2.7507 0.1772, 1.5315 2.7507 0.1772, 1.5315 2.7559 0.2362, 1.4213 2.7559 0.2362, 2.122 2.7507 0.1772, 2.2087 2.7507 0.1772, 2.0118 2.7507 0.1772, 2.0118 2.7559 0.2362, 2.122 2.7559 0.2362, 1.9252 2.7507 0.1772, 1.9252 2.7559 0.2362, 1.815 2.7559 0.2362, 2.4055 2.7559 0.2362, 2.5428 2.7559 0.2362, 2.4055 2.7507 0.1772, 2.3189 2.7507 0.1772, 2.3189 2.7559 0.2362, 2.2087 2.7559 0.2362, 2.537 -2.7418 0.0753, 2.5428 -2.7559 0.2362, 2.4055 -2.7559 0.2362, 1.5315 -2.7507 0.1772, 1.5315 -2.7559 0.2362, 1.4213 -2.7559 0.2362, 2.3189 -2.7559 0.2362, 2.2087 -2.7559 0.2362, 2.3189 -2.7507 0.1772, 2.2087 -2.7507 0.1772, 0.7441 -2.7507 0.1772, 0.7441 -2.7559 0.2362, 0.6339 -2.7559 0.2362, 0.6339 -2.7507 0.1772, 0.5472 -2.7507 0.1772, -2.537 -2.7418 0.0753, 0.1535 -2.7507 0.1772, 0.1535 -2.7559 0.2362, 0.0433 -2.7559 0.2362, 1.4213 -2.7507 0.1772, 1.3346 -2.7507 0.1772, 0.3504 -2.7507 0.1772, 0.437 -2.7507 0.1772, 0.437 -2.7559 0.2362, 0.5472 -2.7559 0.2362, -0.2402 -2.7507 0.1772, -0.2402 -2.7559 0.2362, -0.3504 -2.7559 0.2362, -2.4055 -2.7559 0.2362, -2.5428 -2.7559 0.2362, -2.4055 -2.7507 0.1772, -2.3189 -2.7507 0.1772, 2.4055 -2.7507 0.1772, 2.122 -2.7507 0.1772, -0.3504 -2.7507 0.1772, -0.437 -2.7507 0.1772, 0.0433 -2.7507 0.1772, -0.0433 -2.7507 0.1772, 2.122 -2.7559 0.2362, 2.0118 -2.7559 0.2362, 2.0118 -2.7507 0.1772, 1.9252 -2.7507 0.1772, -0.7441 -2.7507 0.1772, -0.8307 -2.7507 0.1772, 0.3504 -2.7559 0.2362, 0.2402 -2.7559 0.2362, 0.2402 -2.7507 0.1772, -0.6339 -2.7507 0.1772, -0.6339 -2.7559 0.2362, -0.7441 -2.7559 0.2362, 1.9252 -2.7559 0.2362, 1.815 -2.7559 0.2362, 1.815 -2.7507 0.1772, 1.7283 -2.7507 0.1772, 1.3346 -2.7559 0.2362, 1.2244 -2.7559 0.2362, 1.2244 -2.7507 0.1772, 1.1378 -2.7507 0.1772, -0.5472 -2.7507 0.1772, -0.5472 -2.7559 0.2362, -0.437 -2.7559 0.2362, -0.0433 -2.7559 0.2362, -0.1535 -2.7559 0.2362, -0.1535 -2.7507 0.1772, -1.1378 -2.7507 0.1772, -1.2244 -2.7507 0.1772, -1.5315 -2.7507 0.1772, -1.6181 -2.7507 0.1772, 1.7283 -2.7559 0.2362, 1.6181 -2.7559 0.2362, 1.6181 -2.7507 0.1772, 1.1378 -2.7559 0.2362, 1.0276 -2.7559 0.2362, 1.0276 -2.7507 0.1772, 0.9409 -2.7507 0.1772, -1.0276 -2.7507 0.1772, -1.0276 -2.7559 0.2362, -1.1378 -2.7559 0.2362, -1.4213 -2.7507 0.1772, -1.4213 -2.7559 0.2362, -1.5315 -2.7559 0.2362, -0.9409 -2.7507 0.1772, -0.9409 -2.7559 0.2362, -0.8307 -2.7559 0.2362, -1.3346 -2.7507 0.1772, -1.3346 -2.7559 0.2362, -1.2244 -2.7559 0.2362, 0.9409 -2.7559 0.2362, 0.8307 -2.7559 0.2362, 0.8307 -2.7507 0.1772, -1.9252 -2.7507 0.1772, -2.0118 -2.7507 0.1772, -2.2087 -2.7507 0.1772, -2.2087 -2.7559 0.2362, -2.3189 -2.7559 0.2362, -1.815 -2.7507 0.1772, -1.815 -2.7559 0.2362, -1.9252 -2.7559 0.2362, -1.7283 -2.7507 0.1772, -1.7283 -2.7559 0.2362, -1.6181 -2.7559 0.2362, -2.122 -2.7507 0.1772, -2.122 -2.7559 0.2362, -2.0118 -2.7559 0.2362, 2.7507 2.122 0.1772, 2.7559 2.122 0.2362, 2.7559 2.0118 0.2362, 2.7418 2.537 0.0753, 2.7507 2.0118 0.1772, 2.7507 1.9252 0.1772, 2.7559 1.9252 0.2362, 2.7559 1.815 0.2362, 2.7507 1.815 0.1772, 2.7507 1.7283 0.1772, 2.7559 1.7283 0.2362, 2.7559 1.6181 0.2362, 2.7507 1.6181 0.1772, 2.7507 1.5315 0.1772, 2.7559 2.5428 0.2362, 2.7559 2.4055 0.2362, 2.7507 2.4055 0.1772, 2.7507 2.3189 0.1772, 2.7559 2.3189 0.2362, 2.7559 2.2087 0.2362, 2.7507 2.2087 0.1772, 2.7559 1.5315 0.2362, 2.7559 1.4213 0.2362, 2.7507 1.4213 0.1772, 2.7507 1.3346 0.1772, 2.7559 1.3346 0.2362, 2.7559 1.2244 0.2362, 2.7507 1.2244 0.1772, 2.7507 1.1378 0.1772, 2.7559 1.1378 0.2362, 2.7559 1.0276 0.2362, 2.7507 1.0276 0.1772, 2.7507 0.9409 0.1772, 2.7559 0.9409 0.2362, 2.7559 0.8307 0.2362, 2.7507 0.8307 0.1772, 2.7507 0.7441 0.1772, 2.7559 0.7441 0.2362, 2.7559 0.6339 0.2362, 2.7507 0.6339 0.1772, 2.7507 0.5472 0.1772, 2.7507 0.1535 0.1772, 2.7559 0.1535 0.2362, 2.7559 0.0433 0.2362, 2.7507 -0.2402 0.1772, 2.7559 -0.2402 0.2362, 2.7559 -0.3504 0.2362, 2.7507 -0.8307 0.1772, 2.7559 -0.8307 0.2362, 2.7559 -0.9409 0.2362, 2.7507 -1.815 0.1772, 2.7559 -1.815 0.2362, 2.7559 -1.9252 0.2362, 2.7559 0.5472 0.2362, 2.7559 0.437 0.2362, 2.7507 0.437 0.1772, 2.7507 0.3504 0.1772, 2.7507 0.0433 0.1772, 2.7507 -0.0433 0.1772, 2.7507 0.2402 0.1772, 2.7559 0.2402 0.2362, 2.7559 0.3504 0.2362, 2.7507 -0.3504 0.1772, 2.7507 -0.437 0.1772, 2.7507 -1.4213 0.1772, 2.7559 -1.4213 0.2362, 2.7559 -1.5315 0.2362, 2.7559 -0.0433 0.2362, 2.7559 -0.1535 0.2362, 2.7507 -0.1535 0.1772, 2.7507 -2.2087 0.1772, 2.7559 -2.2087 0.2362, 2.7559 -2.3189 0.2362, 2.7559 -0.437 0.2362, 2.7559 -0.5472 0.2362, 2.7507 -0.5472 0.1772, 2.7507 -0.6339 0.1772, 2.7507 -0.9409 0.1772, 2.7507 -1.0276 0.1772, 2.7559 -1.6181 0.2362, 2.7559 -1.7283 0.2362, 2.7507 -1.6181 0.1772, 2.7507 -1.7283 0.1772, 2.7507 -0.7441 0.1772, 2.7559 -0.7441 0.2362, 2.7559 -0.6339 0.2362, 2.7418 -2.537 0.0753, 2.7507 -1.9252 0.1772, 2.7507 -2.0118 0.1772, 2.7559 -2.4055 0.2362, 2.7559 -2.5428 0.2362, 2.7507 -2.4055 0.1772, 2.7507 -2.3189 0.1772, 2.7559 -1.0276 0.2362, 2.7559 -1.1378 0.2362, 2.7507 -1.1378 0.1772, 2.7507 -1.2244 0.1772, 2.7507 -2.122 0.1772, 2.7559 -2.122 0.2362, 2.7559 -2.0118 0.2362, 2.7507 -1.5315 0.1772, 2.7507 -1.3346 0.1772, 2.7559 -1.3346 0.2362, 2.7559 -1.2244 0.2362, -2.7507 1.815 0.1772, -2.7559 1.815 0.2362, -2.7559 1.9252 0.2362, -2.7507 1.9252 0.1772, -2.7507 2.0118 0.1772, -2.7418 2.537 0.0753, -2.7507 2.2087 0.1772, -2.7507 2.122 0.1772, -2.7559 2.122 0.2362, -2.7559 2.0118 0.2362, -2.7559 -2.5428 0.2362, -2.7559 -2.4055 0.2362, -2.7418 -2.537 0.0753, -2.7507 -2.4055 0.1772, -2.7507 -2.3189 0.1772, -2.7507 -0.3504 0.1772, -2.7559 -0.3504 0.2362, -2.7559 -0.2402 0.2362, -2.7559 2.4055 0.2362, -2.7559 2.5428 0.2362, -2.7507 2.4055 0.1772, -2.7507 2.3189 0.1772, -2.7559 2.3189 0.2362, -2.7559 2.2087 0.2362, -2.7559 -2.3189 0.2362, -2.7559 -2.2087 0.2362, -2.7507 -2.2087 0.1772, -2.7507 -2.122 0.1772, -2.7507 0.0433 0.1772, -2.7559 0.0433 0.2362, -2.7559 0.1535 0.2362, -2.7559 -2.122 0.2362, -2.7559 -2.0118 0.2362, -2.7507 -2.0118 0.1772, -2.7507 -1.9252 0.1772, -2.7507 0.6339 0.1772, -2.7559 0.6339 0.2362, -2.7559 0.7441 0.2362, -2.7559 -1.9252 0.2362, -2.7559 -1.815 0.2362, -2.7507 -1.815 0.1772, -2.7507 -1.7283 0.1772, -2.7507 1.4213 0.1772, -2.7559 1.4213 0.2362, -2.7559 1.5315 0.2362, -2.7559 -1.7283 0.2362, -2.7559 -1.6181 0.2362, -2.7507 -1.6181 0.1772, -2.7507 -1.5315 0.1772, -2.7559 1.6181 0.2362, -2.7559 1.7283 0.2362, -2.7507 1.6181 0.1772, -2.7507 1.7283 0.1772, -2.7559 -1.5315 0.2362, -2.7559 -1.4213 0.2362, -2.7507 -1.4213 0.1772, -2.7507 -1.3346 0.1772, -2.7559 -1.3346 0.2362, -2.7559 -1.2244 0.2362, -2.7507 -1.2244 0.1772, -2.7507 -1.1378 0.1772, -2.7559 -1.1378 0.2362, -2.7559 -1.0276 0.2362, -2.7507 -1.0276 0.1772, -2.7507 -0.9409 0.1772, -2.7559 -0.9409 0.2362, -2.7559 -0.8307 0.2362, -2.7507 -0.8307 0.1772, -2.7507 -0.7441 0.1772, -2.7559 -0.7441 0.2362, -2.7559 -0.6339 0.2362, -2.7507 -0.6339 0.1772, -2.7507 -0.5472 0.1772, -2.7507 -0.2402 0.1772, -2.7507 -0.1535 0.1772, -2.7507 -0.437 0.1772, -2.7559 -0.437 0.2362, -2.7559 -0.5472 0.2362, -2.7507 0.1535 0.1772, -2.7507 0.2402 0.1772, -2.7507 -0.0433 0.1772, -2.7559 -0.0433 0.2362, -2.7559 -0.1535 0.2362, -2.7559 0.2402 0.2362, -2.7559 0.3504 0.2362, -2.7507 0.3504 0.1772, -2.7507 0.437 0.1772, -2.7507 0.7441 0.1772, -2.7507 0.8307 0.1772, -2.7507 1.5315 0.1772, -2.7559 0.437 0.2362, -2.7559 0.5472 0.2362, -2.7507 0.5472 0.1772, -2.7559 0.8307 0.2362, -2.7559 0.9409 0.2362, -2.7507 0.9409 0.1772, -2.7507 1.0276 0.1772, -2.7559 1.0276 0.2362, -2.7559 1.1378 0.2362, -2.7507 1.1378 0.1772, -2.7507 1.2244 0.1772, -2.7507 1.3346 0.1772, -2.7559 1.3346 0.2362, -2.7559 1.2244 0.2362, -2.5705 2.7444 0.2362, -2.7444 2.5705 0.2362, -2.5647 2.7303 0.3971, -2.7303 2.5647 0.3971, -2.7418 2.537 0.3971, -2.7418 -2.537 0.3971, -2.5647 -2.7303 0.3971, -2.7303 -2.5647 0.3971, -2.5705 -2.7444 0.2362, -2.7444 -2.5705 0.2362, 2.537 -2.7418 0.3971, -2.537 -2.7418 0.3971, 2.7303 -2.5647 0.3971, 2.5647 -2.7303 0.3971, 2.7444 -2.5705 0.2362, 2.5705 -2.7444 0.2362, 2.7418 -2.537 0.3971, 2.7418 2.537 0.3971, 2.5647 2.7303 0.3971, 2.7303 2.5647 0.3971, 2.5705 2.7444 0.2362, 2.7444 2.5705 0.2362, -2.537 2.7418 0.3971, 2.537 2.7418 0.3971, -2.7303 2.5647 0.0753, -2.5647 2.7303 0.0753, 2.7303 2.5647 0.0753, 2.5647 2.7303 0.0753, 2.5647 -2.7303 0.0753, 2.7303 -2.5647 0.0753, -2.7303 -2.5647 0.0753, -2.5647 -2.7303 0.0753, 2.7026 2.537 0.0394, 2.7026 -2.537 0.0394, 2.537 2.7026 0.0394, 2.537 -2.7026 0.0394, -2.537 2.7026 0.0394, -2.537 -2.7026 0.0394, -2.7026 2.537 0.0394, -2.7026 -2.537 0.0394
            ]
        }
        coordIndex [
            0,1,2,-1,3,4,5,-1,6,7,8,-1,7,6,9,-1,10,11,12,-1,13,14,15,-1,16,17,18,-1,19,20,21,-1,22,23,24,-1,24,23,25,-1,26,27,24,-1,24,27,28,-1,24,28,29,-1,29,30,24,-1,24,30,31,-1,24,31,22,-1,32,33,34,-1,32,34,35,-1,35,34,36,-1,35,36,37,-1,37,36,38,-1,38,36,39,-1,38,39,40,-1,41,42,39,-1,39,42,43,-1,39,43,44,-1,39,45,40,-1,40,45,46,-1,40,46,47,-1,47,46,48,-1,47,48,49,-1,44,50,39,-1,39,50,51,-1,39,51,45,-1,52,53,18,-1,52,18,54,-1,53,55,18,-1,18,55,56,-1,18,56,57,-1,57,58,59,-1,59,58,60,-1,59,60,41,-1,41,60,61,-1,41,61,42,-1,62,54,63,-1,63,54,18,-1,63,18,64,-1,64,18,65,-1,65,18,66,-1,66,18,12,-1,66,12,67,-1,67,12,11,-1,67,11,68,-1,69,70,71,-1,71,70,11,-1,11,70,72,-1,11,72,73,-1,73,74,11,-1,11,74,75,-1,11,75,68,-1,76,77,78,-1,78,77,79,-1,80,81,82,-1,83,84,85,-1,86,87,88,-1,88,87,89,-1,83,85,90,-1,91,92,87,-1,87,92,93,-1,87,93,94,-1,81,95,96,-1,96,95,97,-1,96,97,98,-1,84,99,85,-1,85,99,100,-1,85,100,101,-1,102,103,104,-1,104,103,105,-1,104,105,94,-1,94,105,106,-1,102,107,103,-1,103,107,108,-1,103,108,109,-1,109,108,110,-1,109,110,111,-1,98,112,96,-1,96,112,113,-1,96,113,114,-1,115,116,117,-1,117,116,118,-1,117,118,85,-1,85,118,119,-1,85,119,90,-1,106,120,94,-1,94,120,121,-1,94,121,87,-1,87,121,122,-1,87,122,89,-1,123,124,85,-1,85,124,125,-1,85,125,87,-1,87,125,126,-1,87,126,91,-1,127,128,76,-1,128,129,76,-1,76,129,130,-1,76,130,131,-1,131,132,76,-1,76,132,133,-1,76,133,134,-1,134,133,115,-1,134,115,135,-1,135,115,117,-1,101,136,85,-1,85,136,137,-1,85,137,138,-1,138,139,85,-1,85,139,140,-1,85,140,123,-1,141,142,143,-1,142,94,143,-1,143,94,93,-1,143,93,144,-1,144,93,145,-1,146,147,93,-1,93,147,148,-1,93,148,145,-1,149,150,151,-1,150,152,151,-1,151,152,153,-1,151,153,154,-1,155,151,156,-1,141,143,155,-1,155,143,157,-1,155,157,151,-1,151,157,158,-1,151,158,149,-1,156,159,155,-1,155,159,160,-1,155,160,161,-1,154,153,162,-1,162,153,163,-1,162,163,164,-1,164,163,165,-1,164,165,166,-1,167,168,161,-1,161,168,169,-1,161,169,155,-1,23,170,25,-1,25,170,171,-1,25,171,82,-1,82,171,172,-1,82,172,80,-1,173,174,175,-1,176,177,178,-1,178,177,179,-1,178,179,180,-1,180,179,181,-1,180,181,182,-1,183,184,185,-1,185,184,186,-1,185,186,175,-1,187,188,189,-1,190,191,192,-1,193,194,195,-1,194,196,195,-1,195,196,197,-1,195,197,198,-1,198,197,199,-1,190,192,195,-1,195,192,200,-1,195,200,193,-1,201,202,203,-1,203,202,204,-1,203,204,205,-1,205,204,206,-1,207,208,209,-1,209,208,5,-1,210,211,212,-1,213,214,215,-1,216,217,212,-1,212,217,218,-1,199,219,198,-1,198,219,220,-1,198,220,215,-1,215,220,221,-1,215,221,213,-1,214,222,215,-1,215,222,223,-1,215,223,224,-1,224,223,225,-1,224,225,210,-1,226,227,211,-1,211,227,228,-1,211,228,212,-1,212,228,229,-1,212,229,216,-1,218,230,212,-1,212,230,231,-1,212,231,232,-1,233,234,235,-1,235,234,236,-1,235,236,237,-1,235,238,233,-1,233,238,239,-1,233,239,240,-1,240,241,233,-1,233,241,242,-1,233,242,243,-1,243,242,244,-1,243,244,245,-1,245,244,246,-1,245,246,211,-1,211,246,247,-1,211,247,226,-1,248,249,237,-1,237,249,250,-1,237,250,235,-1,251,252,191,-1,191,252,253,-1,191,253,192,-1,251,254,252,-1,252,254,255,-1,252,255,256,-1,256,255,257,-1,256,258,259,-1,257,260,256,-1,256,260,261,-1,256,261,262,-1,262,263,256,-1,256,263,264,-1,256,264,258,-1,259,265,256,-1,256,265,266,-1,256,266,267,-1,268,269,270,-1,271,272,270,-1,270,272,273,-1,270,273,268,-1,269,268,274,-1,274,268,275,-1,274,275,276,-1,272,277,273,-1,273,277,278,-1,273,278,279,-1,279,278,280,-1,279,280,281,-1,281,280,282,-1,281,282,276,-1,276,282,283,-1,276,283,274,-1,284,285,286,-1,286,285,287,-1,288,289,285,-1,285,289,290,-1,285,290,287,-1,287,290,291,-1,292,293,294,-1,295,296,293,-1,293,296,284,-1,293,284,294,-1,294,284,297,-1,298,299,281,-1,300,301,279,-1,298,281,302,-1,288,303,289,-1,289,303,304,-1,289,304,281,-1,281,304,305,-1,281,305,302,-1,279,306,293,-1,293,306,307,-1,293,307,295,-1,301,308,279,-1,279,308,309,-1,279,309,306,-1,299,310,281,-1,281,310,311,-1,281,311,279,-1,279,311,312,-1,279,312,300,-1,313,314,315,-1,315,314,316,-1,315,316,317,-1,316,297,317,-1,317,297,284,-1,317,284,318,-1,318,284,286,-1,318,286,319,-1,319,286,320,-1,319,320,321,-1,321,320,322,-1,291,290,323,-1,323,290,324,-1,323,324,325,-1,326,327,328,-1,328,327,329,-1,326,330,327,-1,327,330,331,-1,327,331,332,-1,329,327,333,-1,333,327,334,-1,333,334,335,-1,18,17,12,-1,12,17,336,-1,12,336,335,-1,57,59,18,-1,18,59,337,-1,18,337,338,-1,338,339,18,-1,18,339,340,-1,18,340,16,-1,341,342,41,-1,41,342,343,-1,41,343,59,-1,59,343,344,-1,59,344,337,-1,15,14,345,-1,345,14,346,-1,345,346,347,-1,347,348,345,-1,345,348,349,-1,345,349,36,-1,36,349,350,-1,36,350,39,-1,39,350,351,-1,39,351,41,-1,41,351,352,-1,41,352,341,-1,331,353,332,-1,332,353,354,-1,332,354,355,-1,355,354,356,-1,355,356,357,-1,357,356,358,-1,357,358,15,-1,15,358,359,-1,15,359,13,-1,360,361,362,-1,362,361,363,-1,364,365,366,-1,366,365,360,-1,335,334,12,-1,12,334,367,-1,12,367,10,-1,368,369,370,-1,371,372,370,-1,370,372,373,-1,374,375,376,-1,376,375,377,-1,376,377,378,-1,373,379,370,-1,370,379,380,-1,370,380,381,-1,382,383,370,-1,370,383,384,-1,370,384,368,-1,371,370,376,-1,376,370,385,-1,376,385,374,-1,381,386,370,-1,370,386,387,-1,370,387,382,-1,388,389,390,-1,390,389,391,-1,390,391,392,-1,392,391,393,-1,392,393,394,-1,395,396,397,-1,397,396,398,-1,397,398,399,-1,400,401,402,-1,402,401,403,-1,404,405,406,-1,401,407,408,-1,406,409,404,-1,404,409,410,-1,404,410,411,-1,400,412,401,-1,401,412,413,-1,401,413,407,-1,414,415,404,-1,404,415,416,-1,404,416,405,-1,417,418,419,-1,419,418,420,-1,419,420,421,-1,422,423,424,-1,424,423,425,-1,424,425,426,-1,426,425,427,-1,426,427,428,-1,429,430,431,-1,432,96,433,-1,431,430,433,-1,433,430,434,-1,433,434,432,-1,81,96,82,-1,82,96,432,-1,82,432,435,-1,436,437,438,-1,438,437,439,-1,438,439,418,-1,440,441,442,-1,442,441,439,-1,442,439,443,-1,443,439,437,-1,443,437,444,-1,444,437,445,-1,431,446,447,-1,439,429,418,-1,418,429,431,-1,418,431,448,-1,448,431,449,-1,450,451,452,-1,452,451,453,-1,447,454,431,-1,431,454,455,-1,431,455,456,-1,457,458,420,-1,457,420,459,-1,456,460,431,-1,431,460,461,-1,431,461,462,-1,463,464,453,-1,453,464,465,-1,453,465,466,-1,462,467,431,-1,431,467,468,-1,431,468,449,-1,449,468,469,-1,449,469,470,-1,470,471,449,-1,449,471,472,-1,449,472,473,-1,473,472,474,-1,475,476,474,-1,474,476,477,-1,474,477,473,-1,448,478,418,-1,418,478,479,-1,418,479,420,-1,420,479,480,-1,420,480,459,-1,458,481,420,-1,420,481,482,-1,420,482,483,-1,484,485,474,-1,474,485,486,-1,474,486,487,-1,487,488,474,-1,474,488,489,-1,474,489,475,-1,490,491,492,-1,492,491,493,-1,492,493,494,-1,495,496,497,-1,174,173,498,-1,498,173,499,-1,498,499,189,-1,189,499,497,-1,189,497,187,-1,187,497,496,-1,187,496,500,-1,501,502,212,-1,210,212,224,-1,224,212,502,-1,224,502,497,-1,497,502,503,-1,497,503,495,-1,495,503,504,-1,495,504,505,-1,506,507,504,-1,504,507,508,-1,504,508,505,-1,232,209,212,-1,212,209,5,-1,212,5,509,-1,509,5,4,-1,510,511,212,-1,212,511,512,-1,212,512,501,-1,509,513,212,-1,212,513,514,-1,212,514,515,-1,515,516,212,-1,212,516,517,-1,212,517,510,-1,518,519,520,-1,520,519,521,-1,520,521,522,-1,522,521,523,-1,522,523,524,-1,525,526,527,-1,527,526,528,-1,527,528,529,-1,524,3,522,-1,522,3,5,-1,522,5,530,-1,530,5,208,-1,530,208,531,-1,531,208,532,-1,531,532,533,-1,533,532,493,-1,533,493,534,-1,534,493,491,-1,534,491,535,-1,535,491,536,-1,535,536,71,-1,71,536,78,-1,71,78,69,-1,69,78,79,-1,364,1,537,-1,537,1,0,-1,537,0,520,-1,490,446,491,-1,491,446,431,-1,491,431,536,-1,536,431,433,-1,536,433,78,-1,78,433,96,-1,78,96,76,-1,76,96,114,-1,76,114,127,-1,207,206,208,-1,208,206,204,-1,208,204,532,-1,532,204,202,-1,532,202,493,-1,493,202,452,-1,493,452,494,-1,494,452,453,-1,494,453,538,-1,538,453,466,-1,20,188,21,-1,21,188,187,-1,21,187,527,-1,527,187,500,-1,527,500,525,-1,181,19,2,-1,2,19,21,-1,2,21,0,-1,0,21,527,-1,0,527,520,-1,520,527,529,-1,520,529,518,-1,360,362,366,-1,366,362,539,-1,366,539,540,-1,201,195,202,-1,202,195,198,-1,202,198,452,-1,452,198,420,-1,452,420,450,-1,450,420,483,-1,186,182,175,-1,175,182,181,-1,175,181,173,-1,173,181,2,-1,173,2,541,-1,542,543,544,-1,544,543,545,-1,544,545,540,-1,540,545,546,-1,540,546,547,-1,547,548,540,-1,540,548,549,-1,540,549,550,-1,550,551,540,-1,540,551,552,-1,540,552,553,-1,364,366,1,-1,1,366,540,-1,1,540,2,-1,2,540,553,-1,2,553,541,-1,541,554,173,-1,173,554,555,-1,173,555,544,-1,544,555,556,-1,544,556,557,-1,557,558,544,-1,544,558,559,-1,544,559,542,-1,560,561,562,-1,562,561,563,-1,562,563,539,-1,539,563,540,-1,540,563,564,-1,540,564,544,-1,544,564,565,-1,544,565,566,-1,417,403,418,-1,418,403,401,-1,418,401,438,-1,438,401,567,-1,544,268,173,-1,173,268,273,-1,173,273,499,-1,499,273,279,-1,499,279,497,-1,497,279,293,-1,497,293,224,-1,224,293,292,-1,224,292,215,-1,215,292,568,-1,215,568,198,-1,198,568,424,-1,198,424,420,-1,420,424,426,-1,420,426,421,-1,421,426,428,-1,363,569,362,-1,362,569,570,-1,362,570,539,-1,539,570,571,-1,539,571,572,-1,572,571,573,-1,572,573,8,-1,8,573,574,-1,8,574,6,-1,575,576,567,-1,567,576,577,-1,578,579,580,-1,580,579,24,-1,580,24,577,-1,577,24,25,-1,577,25,567,-1,567,25,82,-1,567,82,438,-1,438,82,435,-1,438,435,436,-1,408,414,401,-1,401,414,404,-1,401,404,567,-1,567,404,579,-1,567,579,575,-1,575,579,578,-1,575,578,581,-1,294,582,292,-1,292,582,325,-1,292,325,568,-1,568,325,324,-1,568,324,424,-1,424,324,392,-1,424,392,422,-1,422,392,394,-1,422,394,583,-1,583,394,370,-1,583,370,584,-1,584,370,369,-1,9,275,7,-1,7,275,268,-1,7,268,8,-1,8,268,544,-1,8,544,572,-1,572,544,566,-1,572,566,539,-1,539,566,585,-1,539,585,562,-1,411,396,404,-1,404,396,395,-1,404,395,579,-1,579,395,586,-1,579,586,24,-1,24,586,34,-1,24,34,26,-1,26,34,33,-1,9,587,275,-1,275,587,588,-1,275,588,276,-1,276,588,589,-1,276,589,281,-1,281,589,590,-1,281,590,289,-1,289,590,591,-1,289,591,290,-1,290,591,592,-1,290,592,324,-1,324,592,593,-1,324,593,392,-1,392,593,594,-1,392,594,390,-1,390,594,397,-1,390,397,388,-1,388,397,399,-1,595,596,597,-1,598,599,600,-1,601,602,598,-1,598,602,603,-1,598,603,604,-1,605,606,604,-1,604,606,607,-1,604,607,598,-1,598,607,608,-1,609,610,608,-1,608,610,611,-1,608,611,598,-1,598,611,595,-1,598,595,599,-1,599,595,597,-1,612,613,600,-1,600,613,614,-1,600,614,598,-1,598,614,615,-1,616,617,615,-1,615,617,618,-1,615,618,598,-1,598,618,619,-1,620,621,619,-1,619,621,622,-1,619,622,598,-1,598,622,623,-1,624,625,623,-1,623,625,626,-1,623,626,598,-1,598,626,627,-1,628,629,627,-1,627,629,630,-1,627,630,598,-1,598,630,631,-1,632,633,634,-1,635,636,637,-1,638,639,640,-1,641,642,631,-1,631,642,643,-1,631,643,598,-1,598,643,644,-1,645,646,644,-1,644,646,647,-1,644,647,598,-1,598,647,648,-1,649,637,650,-1,650,637,636,-1,650,636,651,-1,651,636,652,-1,653,654,648,-1,648,654,655,-1,648,655,598,-1,598,655,656,-1,657,658,656,-1,656,658,659,-1,656,659,598,-1,598,659,660,-1,661,662,663,-1,663,662,664,-1,665,666,637,-1,634,667,632,-1,632,667,598,-1,632,598,668,-1,668,598,660,-1,668,660,669,-1,669,660,670,-1,671,672,673,-1,640,635,638,-1,638,635,637,-1,638,637,664,-1,664,637,598,-1,664,598,663,-1,663,598,667,-1,673,665,671,-1,671,665,637,-1,671,637,674,-1,674,637,649,-1,674,649,675,-1,675,649,676,-1,677,678,679,-1,680,681,637,-1,679,680,677,-1,677,680,637,-1,677,637,682,-1,682,637,666,-1,682,666,683,-1,683,666,684,-1,685,686,637,-1,687,688,689,-1,689,685,687,-1,687,685,637,-1,687,637,690,-1,690,637,681,-1,690,681,691,-1,691,681,692,-1,693,694,695,-1,695,694,637,-1,695,637,696,-1,696,637,686,-1,696,686,697,-1,697,686,698,-1,699,700,701,-1,702,703,704,-1,705,706,707,-1,707,706,708,-1,709,710,711,-1,712,713,714,-1,715,716,717,-1,718,719,714,-1,720,714,721,-1,721,714,713,-1,721,713,722,-1,722,713,723,-1,724,725,726,-1,727,728,729,-1,729,728,714,-1,729,714,730,-1,701,731,699,-1,699,731,707,-1,699,707,714,-1,714,707,708,-1,714,708,732,-1,733,734,714,-1,735,736,714,-1,737,738,732,-1,732,738,739,-1,732,739,714,-1,714,739,740,-1,741,742,714,-1,743,744,720,-1,720,744,745,-1,720,745,714,-1,714,745,715,-1,714,715,735,-1,735,715,717,-1,746,747,748,-1,749,750,740,-1,740,750,751,-1,740,751,714,-1,714,751,752,-1,753,754,719,-1,719,754,755,-1,719,755,714,-1,714,755,756,-1,748,741,746,-1,746,741,714,-1,746,714,757,-1,757,714,734,-1,757,734,758,-1,758,734,759,-1,760,761,736,-1,736,761,762,-1,736,762,714,-1,714,762,724,-1,714,724,733,-1,733,724,726,-1,763,764,714,-1,765,766,714,-1,767,768,752,-1,752,768,769,-1,752,769,714,-1,714,769,702,-1,714,702,718,-1,718,702,704,-1,770,771,756,-1,756,771,772,-1,756,772,714,-1,714,772,773,-1,774,775,776,-1,777,778,779,-1,776,763,774,-1,774,763,714,-1,774,714,780,-1,780,714,742,-1,780,742,781,-1,781,742,782,-1,779,765,777,-1,777,765,714,-1,777,714,783,-1,783,714,764,-1,783,764,784,-1,784,764,785,-1,786,787,773,-1,773,787,788,-1,773,788,714,-1,714,788,709,-1,714,709,712,-1,712,709,711,-1,789,790,714,-1,791,792,793,-1,794,795,796,-1,796,789,794,-1,794,789,714,-1,794,714,797,-1,797,714,766,-1,797,766,798,-1,798,766,799,-1,793,730,791,-1,791,730,714,-1,791,714,800,-1,800,714,790,-1,800,790,801,-1,801,790,802,-1,803,804,805,-1,806,807,808,-1,809,810,808,-1,808,810,811,-1,808,811,806,-1,806,811,812,-1,813,814,812,-1,812,814,815,-1,812,815,806,-1,806,815,816,-1,817,818,806,-1,806,818,819,-1,806,819,820,-1,821,822,820,-1,820,822,823,-1,820,823,806,-1,806,823,803,-1,806,803,807,-1,807,803,805,-1,824,825,816,-1,816,825,826,-1,816,826,806,-1,806,826,827,-1,828,829,827,-1,827,829,830,-1,827,830,806,-1,806,830,831,-1,832,833,831,-1,831,833,834,-1,831,834,806,-1,806,834,835,-1,836,837,835,-1,835,837,838,-1,835,838,806,-1,806,838,839,-1,840,841,839,-1,839,841,842,-1,839,842,806,-1,806,842,843,-1,844,845,846,-1,847,848,849,-1,850,851,852,-1,853,854,855,-1,856,857,843,-1,843,857,858,-1,843,858,806,-1,806,858,859,-1,806,860,861,-1,846,860,844,-1,844,860,806,-1,844,806,862,-1,862,806,859,-1,862,859,863,-1,863,859,864,-1,806,865,866,-1,867,868,869,-1,870,871,861,-1,861,871,872,-1,861,872,806,-1,806,872,847,-1,806,847,865,-1,865,847,849,-1,873,874,875,-1,876,877,866,-1,866,877,878,-1,866,878,806,-1,806,878,879,-1,806,880,881,-1,882,883,884,-1,884,883,885,-1,852,880,850,-1,850,880,806,-1,850,806,886,-1,886,806,879,-1,886,879,887,-1,887,879,888,-1,889,890,891,-1,892,893,894,-1,894,893,889,-1,894,889,895,-1,896,897,881,-1,881,897,898,-1,881,898,806,-1,806,898,899,-1,875,895,873,-1,873,895,889,-1,873,889,900,-1,900,889,891,-1,900,891,901,-1,901,891,902,-1,869,903,867,-1,867,903,806,-1,867,806,904,-1,904,806,899,-1,904,899,905,-1,905,899,906,-1,855,890,853,-1,853,890,889,-1,853,889,885,-1,885,889,806,-1,885,806,884,-1,884,806,903,-1,907,908,909,-1,910,911,912,-1,913,912,914,-1,914,912,911,-1,914,911,915,-1,915,911,916,-1,917,918,919,-1,919,918,920,-1,919,920,921,-1,922,923,924,-1,925,926,927,-1,927,926,912,-1,927,912,928,-1,928,912,913,-1,928,913,929,-1,929,913,930,-1,931,932,921,-1,921,932,933,-1,921,933,919,-1,919,933,934,-1,935,936,937,-1,938,939,934,-1,934,939,940,-1,934,940,919,-1,919,940,941,-1,942,943,944,-1,945,946,941,-1,941,946,947,-1,941,947,919,-1,919,947,948,-1,949,950,951,-1,952,953,948,-1,948,953,954,-1,948,954,919,-1,919,954,955,-1,956,957,958,-1,958,957,959,-1,960,961,955,-1,955,961,962,-1,955,962,919,-1,919,962,963,-1,964,965,963,-1,963,965,966,-1,963,966,919,-1,919,966,967,-1,968,969,967,-1,967,969,970,-1,967,970,919,-1,919,970,971,-1,972,973,971,-1,971,973,974,-1,971,974,919,-1,919,974,975,-1,976,977,975,-1,975,977,978,-1,975,978,919,-1,919,978,979,-1,980,981,919,-1,924,980,922,-1,922,980,919,-1,922,919,982,-1,982,919,979,-1,982,979,983,-1,983,979,984,-1,985,986,919,-1,937,985,935,-1,935,985,919,-1,935,919,987,-1,987,919,981,-1,987,981,988,-1,988,981,989,-1,990,991,986,-1,986,991,992,-1,986,992,919,-1,919,992,993,-1,919,994,995,-1,909,910,907,-1,907,910,912,-1,907,912,959,-1,959,912,919,-1,959,919,958,-1,958,919,996,-1,997,998,993,-1,993,998,999,-1,993,999,919,-1,919,999,942,-1,919,942,994,-1,994,942,944,-1,1000,1001,995,-1,995,1001,1002,-1,995,1002,919,-1,919,1002,1003,-1,1004,1005,1003,-1,1003,1005,1006,-1,1003,1006,919,-1,919,1006,1007,-1,951,996,949,-1,949,996,919,-1,949,919,1008,-1,1008,919,1007,-1,1008,1007,1009,-1,1009,1007,1010,-1,1011,1012,1013,-1,1013,1012,1014,-1,1015,926,925,-1,925,929,1015,-1,1015,929,930,-1,1015,930,915,-1,915,916,1015,-1,1015,916,909,-1,1015,909,908,-1,908,957,1015,-1,1015,957,956,-1,1015,956,951,-1,951,950,1015,-1,1015,950,1009,-1,1015,1009,1010,-1,1010,1005,1015,-1,1015,1005,1004,-1,1015,1004,1001,-1,998,997,1016,-1,1001,1000,1015,-1,1015,1000,944,-1,1015,944,1016,-1,1016,944,943,-1,1016,943,998,-1,997,991,1016,-1,1016,991,990,-1,1016,990,937,-1,937,936,1016,-1,1016,936,988,-1,1016,988,989,-1,989,924,1016,-1,1016,924,923,-1,1016,923,983,-1,983,984,1016,-1,1016,984,977,-1,1016,977,976,-1,976,973,1016,-1,1016,973,972,-1,1016,972,969,-1,969,968,1016,-1,1016,968,965,-1,1016,965,964,-1,964,961,1016,-1,1016,961,960,-1,1016,960,953,-1,953,952,1016,-1,1016,952,946,-1,1016,946,945,-1,945,939,1016,-1,1016,939,938,-1,1016,938,932,-1,932,931,1016,-1,1016,931,918,-1,1016,918,917,-1,1017,1018,1019,-1,1019,1018,1020,-1,701,700,1021,-1,738,737,1021,-1,793,1022,727,-1,727,1022,728,-1,737,706,1021,-1,1021,706,705,-1,1021,705,701,-1,793,792,1022,-1,1022,792,801,-1,1022,801,802,-1,802,796,1022,-1,1022,796,795,-1,1022,795,798,-1,768,767,1021,-1,767,750,1021,-1,1021,750,749,-1,1021,749,738,-1,798,799,1022,-1,1022,799,779,-1,1022,779,778,-1,754,753,1021,-1,753,704,1021,-1,1021,704,703,-1,1021,703,768,-1,778,784,1022,-1,1022,784,785,-1,1022,785,776,-1,787,786,1021,-1,786,771,1021,-1,1021,771,770,-1,1021,770,754,-1,776,775,1022,-1,1022,775,781,-1,1022,781,782,-1,782,748,1022,-1,1022,748,747,-1,1022,747,758,-1,722,723,1021,-1,723,711,1021,-1,1021,711,710,-1,1021,710,787,-1,758,759,1022,-1,1022,759,726,-1,1022,726,725,-1,716,744,1021,-1,1021,744,743,-1,1021,743,722,-1,725,761,1022,-1,1022,761,760,-1,1022,760,1021,-1,1021,760,717,-1,1021,717,716,-1,1023,1024,1025,-1,1025,1024,1026,-1,893,892,1027,-1,1027,892,875,-1,875,874,1027,-1,1027,874,901,-1,1027,901,902,-1,902,855,1027,-1,1027,855,854,-1,1027,854,883,-1,883,882,1027,-1,1027,882,869,-1,1027,869,868,-1,868,905,1027,-1,1027,905,906,-1,1027,906,897,-1,897,896,1027,-1,1027,896,852,-1,1027,852,851,-1,851,887,1027,-1,1027,887,888,-1,1027,888,877,-1,877,876,1027,-1,1027,876,849,-1,1027,849,848,-1,848,871,1027,-1,1027,871,870,-1,1027,870,1028,-1,1028,870,846,-1,1028,846,845,-1,845,863,1028,-1,1028,863,864,-1,1028,864,857,-1,857,856,1028,-1,1028,856,841,-1,1028,841,840,-1,840,837,1028,-1,1028,837,836,-1,1028,836,833,-1,833,832,1028,-1,1028,832,829,-1,1028,829,828,-1,828,825,1028,-1,1028,825,824,-1,1028,824,814,-1,814,813,1028,-1,1028,813,810,-1,1028,810,809,-1,809,805,1028,-1,1028,805,804,-1,1028,804,822,-1,822,821,1028,-1,1028,821,818,-1,1028,818,817,-1,1029,1030,1031,-1,1031,1030,1032,-1,610,609,1033,-1,1033,609,606,-1,606,605,1033,-1,1033,605,602,-1,1033,602,601,-1,697,1034,693,-1,693,1034,694,-1,613,612,1033,-1,612,597,1033,-1,1033,597,596,-1,1033,596,610,-1,621,620,1033,-1,620,617,1033,-1,1033,617,616,-1,1033,616,613,-1,697,698,1034,-1,1034,698,689,-1,1034,689,688,-1,688,691,1034,-1,1034,691,692,-1,1034,692,679,-1,629,628,1033,-1,628,625,1033,-1,1033,625,624,-1,1033,624,621,-1,679,678,1034,-1,1034,678,683,-1,1034,683,684,-1,684,673,1034,-1,1034,673,672,-1,1034,672,675,-1,646,645,1033,-1,645,642,1033,-1,1033,642,641,-1,1033,641,629,-1,675,676,1034,-1,1034,676,651,-1,1034,651,652,-1,657,654,1033,-1,1033,654,653,-1,1033,653,646,-1,652,640,1034,-1,1034,640,639,-1,1034,639,662,-1,633,669,1034,-1,1034,669,670,-1,1034,670,1033,-1,1033,670,658,-1,1033,658,657,-1,662,661,1034,-1,1034,661,634,-1,1034,634,633,-1,1012,1011,1035,-1,1035,1011,1036,-1,1037,1038,1032,-1,1032,1038,1031,-1,1039,1040,1026,-1,1026,1040,1025,-1,1041,1042,1020,-1,1020,1042,1019,-1,1043,1044,1045,-1,1045,1044,1046,-1,1045,1046,1047,-1,1047,1046,1048,-1,1047,1048,1049,-1,1049,1048,1050,-1,
        ]
    }
}
Shape{
    appearance Appearance {
        material  Material 	{
            diffuseColor 1.0 1.0 1.0
            specularColor 0.5019607843137255 0.5019607843137255 0.5019607843137255
            ambientIntensity 1.0
            transparency 0.0
            shininess 0.5
        }
    }
    geometry IndexedFaceSet {
        ccw TRUE
        solid FALSE
        coord DEF co Coordinate {
            point [
                -2.8377 2.4055 0.1772, -2.7507 2.4055 0.1772, -2.8377 2.3189 0.1772, -2.7507 2.3189 0.1772, -2.8425 2.4055 0.1766, -2.8425 2.3189 0.1766, -2.8471 2.4055 0.1748, -2.8471 2.3189 0.1748, -2.851 2.4055 0.172, -2.851 2.3189 0.172, -2.8542 2.4055 0.1683, -2.8542 2.3189 0.1683, -2.8563 2.4055 0.164, -2.8563 2.3189 0.164, -2.9042 2.4055 0.0264, -2.9042 2.3189 0.0264, -2.9085 2.3189 0.0177, -2.9085 2.4055 0.0177, -2.9148 2.3189 0.0103, -2.9148 2.4055 0.0103, -2.9227 2.3189 0.0047, -2.9227 2.4055 0.0047, -2.9317 2.3189 0.0012, -2.9317 2.4055 0.0012, -2.9414 2.3189 0.0, -2.9414 2.4055 0.0, -3.1496 2.4055 0.0, -3.1496 2.3189 0.0, -3.1496 2.4055 0.0591, -3.1496 2.3189 0.0591, -2.9694 2.4055 0.0591, -2.9694 2.3189 0.0591, -2.9645 2.4055 0.0597, -2.9645 2.3189 0.0597, -2.96 2.4055 0.0614, -2.96 2.3189 0.0614, -2.9561 2.4055 0.0642, -2.9561 2.3189 0.0642, -2.9529 2.4055 0.0679, -2.9529 2.3189 0.0679, -2.9508 2.4055 0.0723, -2.9508 2.3189 0.0723, -2.9029 2.4055 0.2098, -2.9029 2.3189 0.2098, -2.8986 2.3189 0.2185, -2.8986 2.4055 0.2185, -2.8923 2.3189 0.2259, -2.8923 2.4055 0.2259, -2.8844 2.3189 0.2315, -2.8844 2.4055 0.2315, -2.8753 2.3189 0.235, -2.8753 2.4055 0.235, -2.8657 2.3189 0.2362, -2.8657 2.4055 0.2362, -2.7559 2.4055 0.2362, -2.7559 2.3189 0.2362, 2.9508 2.4055 0.0723, 2.9508 2.3189 0.0723, 2.9529 2.4055 0.0679, 2.9529 2.3189 0.0679, 2.9561 2.4055 0.0642, 2.9561 2.3189 0.0642, 2.96 2.4055 0.0614, 2.96 2.3189 0.0614, 2.9645 2.4055 0.0597, 2.9645 2.3189 0.0597, 2.9694 2.4055 0.0591, 2.9694 2.3189 0.0591, 3.1496 2.4055 0.0591, 3.1496 2.3189 0.0591, 3.1496 2.4055 0.0, 3.1496 2.3189 0.0, 2.9414 2.4055 0.0, 2.9414 2.3189 0.0, 2.9317 2.3189 0.0012, 2.9317 2.4055 0.0012, 2.9227 2.3189 0.0047, 2.9227 2.4055 0.0047, 2.9148 2.3189 0.0103, 2.9148 2.4055 0.0103, 2.9085 2.3189 0.0177, 2.9085 2.4055 0.0177, 2.9042 2.3189 0.0264, 2.9042 2.4055 0.0264, 2.8563 2.4055 0.164, 2.8563 2.3189 0.164, 2.8542 2.4055 0.1683, 2.8542 2.3189 0.1683, 2.851 2.4055 0.172, 2.851 2.3189 0.172, 2.8471 2.4055 0.1748, 2.8471 2.3189 0.1748, 2.8425 2.4055 0.1766, 2.8425 2.3189 0.1766, 2.8377 2.4055 0.1772, 2.8377 2.3189 0.1772, 2.7507 2.4055 0.1772, 2.7507 2.3189 0.1772, 2.8657 2.4055 0.2362, 2.7559 2.4055 0.2362, 2.8657 2.3189 0.2362, 2.7559 2.3189 0.2362, 2.8753 2.3189 0.235, 2.8753 2.4055 0.235, 2.8844 2.3189 0.2315, 2.8844 2.4055 0.2315, 2.8923 2.3189 0.2259, 2.8923 2.4055 0.2259, 2.8986 2.3189 0.2185, 2.8986 2.4055 0.2185, 2.9029 2.3189 0.2098, 2.9029 2.4055 0.2098, -2.8377 2.2087 0.1772, -2.7507 2.2087 0.1772, -2.8377 2.122 0.1772, -2.7507 2.122 0.1772, -2.8425 2.2087 0.1766, -2.8425 2.122 0.1766, -2.8471 2.2087 0.1748, -2.8471 2.122 0.1748, -2.851 2.2087 0.172, -2.851 2.122 0.172, -2.8542 2.2087 0.1683, -2.8542 2.122 0.1683, -2.8563 2.2087 0.164, -2.8563 2.122 0.164, -2.9042 2.2087 0.0264, -2.9042 2.122 0.0264, -2.9085 2.122 0.0177, -2.9085 2.2087 0.0177, -2.9148 2.122 0.0103, -2.9148 2.2087 0.0103, -2.9227 2.122 0.0047, -2.9227 2.2087 0.0047, -2.9317 2.122 0.0012, -2.9317 2.2087 0.0012, -2.9414 2.122 0.0, -2.9414 2.2087 0.0, -3.1496 2.2087 0.0, -3.1496 2.122 0.0, -3.1496 2.2087 0.0591, -3.1496 2.122 0.0591, -2.9694 2.2087 0.0591, -2.9694 2.122 0.0591, -2.9645 2.2087 0.0597, -2.9645 2.122 0.0597, -2.96 2.2087 0.0614, -2.96 2.122 0.0614, -2.9561 2.2087 0.0642, -2.9561 2.122 0.0642, -2.9529 2.2087 0.0679, -2.9529 2.122 0.0679, -2.9508 2.2087 0.0723, -2.9508 2.122 0.0723, -2.9029 2.2087 0.2098, -2.9029 2.122 0.2098, -2.8986 2.122 0.2185, -2.8986 2.2087 0.2185, -2.8923 2.122 0.2259, -2.8923 2.2087 0.2259, -2.8844 2.122 0.2315, -2.8844 2.2087 0.2315, -2.8753 2.122 0.235, -2.8753 2.2087 0.235, -2.8657 2.122 0.2362, -2.8657 2.2087 0.2362, -2.7559 2.2087 0.2362, -2.7559 2.122 0.2362, 2.9508 2.2087 0.0723, 2.9508 2.122 0.0723, 2.9529 2.2087 0.0679, 2.9529 2.122 0.0679, 2.9561 2.2087 0.0642, 2.9561 2.122 0.0642, 2.96 2.2087 0.0614, 2.96 2.122 0.0614, 2.9645 2.2087 0.0597, 2.9645 2.122 0.0597, 2.9694 2.2087 0.0591, 2.9694 2.122 0.0591, 3.1496 2.2087 0.0591, 3.1496 2.122 0.0591, 3.1496 2.2087 0.0, 3.1496 2.122 0.0, 2.9414 2.2087 0.0, 2.9414 2.122 0.0, 2.9317 2.122 0.0012, 2.9317 2.2087 0.0012, 2.9227 2.122 0.0047, 2.9227 2.2087 0.0047, 2.9148 2.122 0.0103, 2.9148 2.2087 0.0103, 2.9085 2.122 0.0177, 2.9085 2.2087 0.0177, 2.9042 2.122 0.0264, 2.9042 2.2087 0.0264, 2.8563 2.2087 0.164, 2.8563 2.122 0.164, 2.8542 2.2087 0.1683, 2.8542 2.122 0.1683, 2.851 2.2087 0.172, 2.851 2.122 0.172, 2.8471 2.2087 0.1748, 2.8471 2.122 0.1748, 2.8425 2.2087 0.1766, 2.8425 2.122 0.1766, 2.8377 2.2087 0.1772, 2.8377 2.122 0.1772, 2.7507 2.2087 0.1772, 2.7507 2.122 0.1772, 2.8657 2.2087 0.2362, 2.7559 2.2087 0.2362, 2.8657 2.122 0.2362, 2.7559 2.122 0.2362, 2.8753 2.122 0.235, 2.8753 2.2087 0.235, 2.8844 2.122 0.2315, 2.8844 2.2087 0.2315, 2.8923 2.122 0.2259, 2.8923 2.2087 0.2259, 2.8986 2.122 0.2185, 2.8986 2.2087 0.2185, 2.9029 2.122 0.2098, 2.9029 2.2087 0.2098, -2.8377 2.0118 0.1772, -2.7507 2.0118 0.1772, -2.8377 1.9252 0.1772, -2.7507 1.9252 0.1772, -2.8425 2.0118 0.1766, -2.8425 1.9252 0.1766, -2.8471 2.0118 0.1748, -2.8471 1.9252 0.1748, -2.851 2.0118 0.172, -2.851 1.9252 0.172, -2.8542 2.0118 0.1683, -2.8542 1.9252 0.1683, -2.8563 2.0118 0.164, -2.8563 1.9252 0.164, -2.9042 2.0118 0.0264, -2.9042 1.9252 0.0264, -2.9085 1.9252 0.0177, -2.9085 2.0118 0.0177, -2.9148 1.9252 0.0103, -2.9148 2.0118 0.0103, -2.9227 1.9252 0.0047, -2.9227 2.0118 0.0047, -2.9317 1.9252 0.0012, -2.9317 2.0118 0.0012, -2.9414 1.9252 0.0, -2.9414 2.0118 0.0, -3.1496 2.0118 0.0, -3.1496 1.9252 0.0, -3.1496 2.0118 0.0591, -3.1496 1.9252 0.0591, -2.9694 2.0118 0.0591, -2.9694 1.9252 0.0591, -2.9645 2.0118 0.0597, -2.9645 1.9252 0.0597, -2.96 2.0118 0.0614, -2.96 1.9252 0.0614, -2.9561 2.0118 0.0642, -2.9561 1.9252 0.0642, -2.9529 2.0118 0.0679, -2.9529 1.9252 0.0679, -2.9508 2.0118 0.0723, -2.9508 1.9252 0.0723, -2.9029 2.0118 0.2098, -2.9029 1.9252 0.2098, -2.8986 1.9252 0.2185, -2.8986 2.0118 0.2185, -2.8923 1.9252 0.2259, -2.8923 2.0118 0.2259, -2.8844 1.9252 0.2315, -2.8844 2.0118 0.2315, -2.8753 1.9252 0.235, -2.8753 2.0118 0.235, -2.8657 1.9252 0.2362, -2.8657 2.0118 0.2362, -2.7559 2.0118 0.2362, -2.7559 1.9252 0.2362, 2.9508 2.0118 0.0723, 2.9508 1.9252 0.0723, 2.9529 2.0118 0.0679, 2.9529 1.9252 0.0679, 2.9561 2.0118 0.0642, 2.9561 1.9252 0.0642, 2.96 2.0118 0.0614, 2.96 1.9252 0.0614, 2.9645 2.0118 0.0597, 2.9645 1.9252 0.0597, 2.9694 2.0118 0.0591, 2.9694 1.9252 0.0591, 3.1496 2.0118 0.0591, 3.1496 1.9252 0.0591, 3.1496 2.0118 0.0, 3.1496 1.9252 0.0, 2.9414 2.0118 0.0, 2.9414 1.9252 0.0, 2.9317 1.9252 0.0012, 2.9317 2.0118 0.0012, 2.9227 1.9252 0.0047, 2.9227 2.0118 0.0047, 2.9148 1.9252 0.0103, 2.9148 2.0118 0.0103, 2.9085 1.9252 0.0177, 2.9085 2.0118 0.0177, 2.9042 1.9252 0.0264, 2.9042 2.0118 0.0264, 2.8563 2.0118 0.164, 2.8563 1.9252 0.164, 2.8542 2.0118 0.1683, 2.8542 1.9252 0.1683, 2.851 2.0118 0.172, 2.851 1.9252 0.172, 2.8471 2.0118 0.1748, 2.8471 1.9252 0.1748, 2.8425 2.0118 0.1766, 2.8425 1.9252 0.1766, 2.8377 2.0118 0.1772, 2.8377 1.9252 0.1772, 2.7507 2.0118 0.1772, 2.7507 1.9252 0.1772, 2.8657 2.0118 0.2362, 2.7559 2.0118 0.2362, 2.8657 1.9252 0.2362, 2.7559 1.9252 0.2362, 2.8753 1.9252 0.235, 2.8753 2.0118 0.235, 2.8844 1.9252 0.2315, 2.8844 2.0118 0.2315, 2.8923 1.9252 0.2259, 2.8923 2.0118 0.2259, 2.8986 1.9252 0.2185, 2.8986 2.0118 0.2185, 2.9029 1.9252 0.2098, 2.9029 2.0118 0.2098, -2.8377 1.815 0.1772, -2.7507 1.815 0.1772, -2.8377 1.7283 0.1772, -2.7507 1.7283 0.1772, -2.8425 1.815 0.1766, -2.8425 1.7283 0.1766, -2.8471 1.815 0.1748, -2.8471 1.7283 0.1748, -2.851 1.815 0.172, -2.851 1.7283 0.172, -2.8542 1.815 0.1683, -2.8542 1.7283 0.1683, -2.8563 1.815 0.164, -2.8563 1.7283 0.164, -2.9042 1.815 0.0264, -2.9042 1.7283 0.0264, -2.9085 1.7283 0.0177, -2.9085 1.815 0.0177, -2.9148 1.7283 0.0103, -2.9148 1.815 0.0103, -2.9227 1.7283 0.0047, -2.9227 1.815 0.0047, -2.9317 1.7283 0.0012, -2.9317 1.815 0.0012, -2.9414 1.7283 0.0, -2.9414 1.815 0.0, -3.1496 1.815 0.0, -3.1496 1.7283 0.0, -3.1496 1.815 0.0591, -3.1496 1.7283 0.0591, -2.9694 1.815 0.0591, -2.9694 1.7283 0.0591, -2.9645 1.815 0.0597, -2.9645 1.7283 0.0597, -2.96 1.815 0.0614, -2.96 1.7283 0.0614, -2.9561 1.815 0.0642, -2.9561 1.7283 0.0642, -2.9529 1.815 0.0679, -2.9529 1.7283 0.0679, -2.9508 1.815 0.0723, -2.9508 1.7283 0.0723, -2.9029 1.815 0.2098, -2.9029 1.7283 0.2098, -2.8986 1.7283 0.2185, -2.8986 1.815 0.2185, -2.8923 1.7283 0.2259, -2.8923 1.815 0.2259, -2.8844 1.7283 0.2315, -2.8844 1.815 0.2315, -2.8753 1.7283 0.235, -2.8753 1.815 0.235, -2.8657 1.7283 0.2362, -2.8657 1.815 0.2362, -2.7559 1.815 0.2362, -2.7559 1.7283 0.2362, 2.9508 1.815 0.0723, 2.9508 1.7283 0.0723, 2.9529 1.815 0.0679, 2.9529 1.7283 0.0679, 2.9561 1.815 0.0642, 2.9561 1.7283 0.0642, 2.96 1.815 0.0614, 2.96 1.7283 0.0614, 2.9645 1.815 0.0597, 2.9645 1.7283 0.0597, 2.9694 1.815 0.0591, 2.9694 1.7283 0.0591, 3.1496 1.815 0.0591, 3.1496 1.7283 0.0591, 3.1496 1.815 0.0, 3.1496 1.7283 0.0, 2.9414 1.815 0.0, 2.9414 1.7283 0.0, 2.9317 1.7283 0.0012, 2.9317 1.815 0.0012, 2.9227 1.7283 0.0047, 2.9227 1.815 0.0047, 2.9148 1.7283 0.0103, 2.9148 1.815 0.0103, 2.9085 1.7283 0.0177, 2.9085 1.815 0.0177, 2.9042 1.7283 0.0264, 2.9042 1.815 0.0264, 2.8563 1.815 0.164, 2.8563 1.7283 0.164, 2.8542 1.815 0.1683, 2.8542 1.7283 0.1683, 2.851 1.815 0.172, 2.851 1.7283 0.172, 2.8471 1.815 0.1748, 2.8471 1.7283 0.1748, 2.8425 1.815 0.1766, 2.8425 1.7283 0.1766, 2.8377 1.815 0.1772, 2.8377 1.7283 0.1772, 2.7507 1.815 0.1772, 2.7507 1.7283 0.1772, 2.8657 1.815 0.2362, 2.7559 1.815 0.2362, 2.8657 1.7283 0.2362, 2.7559 1.7283 0.2362, 2.8753 1.7283 0.235, 2.8753 1.815 0.235, 2.8844 1.7283 0.2315, 2.8844 1.815 0.2315, 2.8923 1.7283 0.2259, 2.8923 1.815 0.2259, 2.8986 1.7283 0.2185, 2.8986 1.815 0.2185, 2.9029 1.7283 0.2098, 2.9029 1.815 0.2098, -2.8377 1.6181 0.1772, -2.7507 1.6181 0.1772, -2.8377 1.5315 0.1772, -2.7507 1.5315 0.1772, -2.8425 1.6181 0.1766, -2.8425 1.5315 0.1766, -2.8471 1.6181 0.1748, -2.8471 1.5315 0.1748, -2.851 1.6181 0.172, -2.851 1.5315 0.172, -2.8542 1.6181 0.1683, -2.8542 1.5315 0.1683, -2.8563 1.6181 0.164, -2.8563 1.5315 0.164, -2.9042 1.6181 0.0264, -2.9042 1.5315 0.0264, -2.9085 1.5315 0.0177, -2.9085 1.6181 0.0177, -2.9148 1.5315 0.0103, -2.9148 1.6181 0.0103, -2.9227 1.5315 0.0047, -2.9227 1.6181 0.0047, -2.9317 1.5315 0.0012, -2.9317 1.6181 0.0012, -2.9414 1.5315 0.0, -2.9414 1.6181 0.0, -3.1496 1.6181 0.0, -3.1496 1.5315 0.0, -3.1496 1.6181 0.0591, -3.1496 1.5315 0.0591, -2.9694 1.6181 0.0591, -2.9694 1.5315 0.0591, -2.9645 1.6181 0.0597, -2.9645 1.5315 0.0597, -2.96 1.6181 0.0614, -2.96 1.5315 0.0614, -2.9561 1.6181 0.0642, -2.9561 1.5315 0.0642, -2.9529 1.6181 0.0679, -2.9529 1.5315 0.0679, -2.9508 1.6181 0.0723, -2.9508 1.5315 0.0723, -2.9029 1.6181 0.2098, -2.9029 1.5315 0.2098, -2.8986 1.5315 0.2185, -2.8986 1.6181 0.2185, -2.8923 1.5315 0.2259, -2.8923 1.6181 0.2259, -2.8844 1.5315 0.2315, -2.8844 1.6181 0.2315, -2.8753 1.5315 0.235, -2.8753 1.6181 0.235, -2.8657 1.5315 0.2362, -2.8657 1.6181 0.2362, -2.7559 1.6181 0.2362, -2.7559 1.5315 0.2362, 2.9508 1.6181 0.0723, 2.9508 1.5315 0.0723, 2.9529 1.6181 0.0679, 2.9529 1.5315 0.0679, 2.9561 1.6181 0.0642, 2.9561 1.5315 0.0642, 2.96 1.6181 0.0614, 2.96 1.5315 0.0614, 2.9645 1.6181 0.0597, 2.9645 1.5315 0.0597, 2.9694 1.6181 0.0591, 2.9694 1.5315 0.0591, 3.1496 1.6181 0.0591, 3.1496 1.5315 0.0591, 3.1496 1.6181 0.0, 3.1496 1.5315 0.0, 2.9414 1.6181 0.0, 2.9414 1.5315 0.0, 2.9317 1.5315 0.0012, 2.9317 1.6181 0.0012, 2.9227 1.5315 0.0047, 2.9227 1.6181 0.0047, 2.9148 1.5315 0.0103, 2.9148 1.6181 0.0103, 2.9085 1.5315 0.0177, 2.9085 1.6181 0.0177, 2.9042 1.5315 0.0264, 2.9042 1.6181 0.0264, 2.8563 1.6181 0.164, 2.8563 1.5315 0.164, 2.8542 1.6181 0.1683, 2.8542 1.5315 0.1683, 2.851 1.6181 0.172, 2.851 1.5315 0.172, 2.8471 1.6181 0.1748, 2.8471 1.5315 0.1748, 2.8425 1.6181 0.1766, 2.8425 1.5315 0.1766, 2.8377 1.6181 0.1772, 2.8377 1.5315 0.1772, 2.7507 1.6181 0.1772, 2.7507 1.5315 0.1772, 2.8657 1.6181 0.2362, 2.7559 1.6181 0.2362, 2.8657 1.5315 0.2362, 2.7559 1.5315 0.2362, 2.8753 1.5315 0.235, 2.8753 1.6181 0.235, 2.8844 1.5315 0.2315, 2.8844 1.6181 0.2315, 2.8923 1.5315 0.2259, 2.8923 1.6181 0.2259, 2.8986 1.5315 0.2185, 2.8986 1.6181 0.2185, 2.9029 1.5315 0.2098, 2.9029 1.6181 0.2098, -2.8377 1.4213 0.1772, -2.7507 1.4213 0.1772, -2.8377 1.3346 0.1772, -2.7507 1.3346 0.1772, -2.8425 1.4213 0.1766, -2.8425 1.3346 0.1766, -2.8471 1.4213 0.1748, -2.8471 1.3346 0.1748, -2.851 1.4213 0.172, -2.851 1.3346 0.172, -2.8542 1.4213 0.1683, -2.8542 1.3346 0.1683, -2.8563 1.4213 0.164, -2.8563 1.3346 0.164, -2.9042 1.4213 0.0264, -2.9042 1.3346 0.0264, -2.9085 1.3346 0.0177, -2.9085 1.4213 0.0177, -2.9148 1.3346 0.0103, -2.9148 1.4213 0.0103, -2.9227 1.3346 0.0047, -2.9227 1.4213 0.0047, -2.9317 1.3346 0.0012, -2.9317 1.4213 0.0012, -2.9414 1.3346 0.0, -2.9414 1.4213 0.0, -3.1496 1.4213 0.0, -3.1496 1.3346 0.0, -3.1496 1.4213 0.0591, -3.1496 1.3346 0.0591, -2.9694 1.4213 0.0591, -2.9694 1.3346 0.0591, -2.9645 1.4213 0.0597, -2.9645 1.3346 0.0597, -2.96 1.4213 0.0614, -2.96 1.3346 0.0614, -2.9561 1.4213 0.0642, -2.9561 1.3346 0.0642, -2.9529 1.4213 0.0679, -2.9529 1.3346 0.0679, -2.9508 1.4213 0.0723, -2.9508 1.3346 0.0723, -2.9029 1.4213 0.2098, -2.9029 1.3346 0.2098, -2.8986 1.3346 0.2185, -2.8986 1.4213 0.2185, -2.8923 1.3346 0.2259, -2.8923 1.4213 0.2259, -2.8844 1.3346 0.2315, -2.8844 1.4213 0.2315, -2.8753 1.3346 0.235, -2.8753 1.4213 0.235, -2.8657 1.3346 0.2362, -2.8657 1.4213 0.2362, -2.7559 1.4213 0.2362, -2.7559 1.3346 0.2362, 2.9508 1.4213 0.0723, 2.9508 1.3346 0.0723, 2.9529 1.4213 0.0679, 2.9529 1.3346 0.0679, 2.9561 1.4213 0.0642, 2.9561 1.3346 0.0642, 2.96 1.4213 0.0614, 2.96 1.3346 0.0614, 2.9645 1.4213 0.0597, 2.9645 1.3346 0.0597, 2.9694 1.4213 0.0591, 2.9694 1.3346 0.0591, 3.1496 1.4213 0.0591, 3.1496 1.3346 0.0591, 3.1496 1.4213 0.0, 3.1496 1.3346 0.0, 2.9414 1.4213 0.0, 2.9414 1.3346 0.0, 2.9317 1.3346 0.0012, 2.9317 1.4213 0.0012, 2.9227 1.3346 0.0047, 2.9227 1.4213 0.0047, 2.9148 1.3346 0.0103, 2.9148 1.4213 0.0103, 2.9085 1.3346 0.0177, 2.9085 1.4213 0.0177, 2.9042 1.3346 0.0264, 2.9042 1.4213 0.0264, 2.8563 1.4213 0.164, 2.8563 1.3346 0.164, 2.8542 1.4213 0.1683, 2.8542 1.3346 0.1683, 2.851 1.4213 0.172, 2.851 1.3346 0.172, 2.8471 1.4213 0.1748, 2.8471 1.3346 0.1748, 2.8425 1.4213 0.1766, 2.8425 1.3346 0.1766, 2.8377 1.4213 0.1772, 2.8377 1.3346 0.1772, 2.7507 1.4213 0.1772, 2.7507 1.3346 0.1772, 2.8657 1.4213 0.2362, 2.7559 1.4213 0.2362, 2.8657 1.3346 0.2362, 2.7559 1.3346 0.2362, 2.8753 1.3346 0.235, 2.8753 1.4213 0.235, 2.8844 1.3346 0.2315, 2.8844 1.4213 0.2315, 2.8923 1.3346 0.2259, 2.8923 1.4213 0.2259, 2.8986 1.3346 0.2185, 2.8986 1.4213 0.2185, 2.9029 1.3346 0.2098, 2.9029 1.4213 0.2098, -2.8377 1.2244 0.1772, -2.7507 1.2244 0.1772, -2.8377 1.1378 0.1772, -2.7507 1.1378 0.1772, -2.8425 1.2244 0.1766, -2.8425 1.1378 0.1766, -2.8471 1.2244 0.1748, -2.8471 1.1378 0.1748, -2.851 1.2244 0.172, -2.851 1.1378 0.172, -2.8542 1.2244 0.1683, -2.8542 1.1378 0.1683, -2.8563 1.2244 0.164, -2.8563 1.1378 0.164, -2.9042 1.2244 0.0264, -2.9042 1.1378 0.0264, -2.9085 1.1378 0.0177, -2.9085 1.2244 0.0177, -2.9148 1.1378 0.0103, -2.9148 1.2244 0.0103, -2.9227 1.1378 0.0047, -2.9227 1.2244 0.0047, -2.9317 1.1378 0.0012, -2.9317 1.2244 0.0012, -2.9414 1.1378 0.0, -2.9414 1.2244 0.0, -3.1496 1.2244 0.0, -3.1496 1.1378 0.0, -3.1496 1.2244 0.0591, -3.1496 1.1378 0.0591, -2.9694 1.2244 0.0591, -2.9694 1.1378 0.0591, -2.9645 1.2244 0.0597, -2.9645 1.1378 0.0597, -2.96 1.2244 0.0614, -2.96 1.1378 0.0614, -2.9561 1.2244 0.0642, -2.9561 1.1378 0.0642, -2.9529 1.2244 0.0679, -2.9529 1.1378 0.0679, -2.9508 1.2244 0.0723, -2.9508 1.1378 0.0723, -2.9029 1.2244 0.2098, -2.9029 1.1378 0.2098, -2.8986 1.1378 0.2185, -2.8986 1.2244 0.2185, -2.8923 1.1378 0.2259, -2.8923 1.2244 0.2259, -2.8844 1.1378 0.2315, -2.8844 1.2244 0.2315, -2.8753 1.1378 0.235, -2.8753 1.2244 0.235, -2.8657 1.1378 0.2362, -2.8657 1.2244 0.2362, -2.7559 1.2244 0.2362, -2.7559 1.1378 0.2362, 2.9508 1.2244 0.0723, 2.9508 1.1378 0.0723, 2.9529 1.2244 0.0679, 2.9529 1.1378 0.0679, 2.9561 1.2244 0.0642, 2.9561 1.1378 0.0642, 2.96 1.2244 0.0614, 2.96 1.1378 0.0614, 2.9645 1.2244 0.0597, 2.9645 1.1378 0.0597, 2.9694 1.2244 0.0591, 2.9694 1.1378 0.0591, 3.1496 1.2244 0.0591, 3.1496 1.1378 0.0591, 3.1496 1.2244 0.0, 3.1496 1.1378 0.0, 2.9414 1.2244 0.0, 2.9414 1.1378 0.0, 2.9317 1.1378 0.0012, 2.9317 1.2244 0.0012, 2.9227 1.1378 0.0047, 2.9227 1.2244 0.0047, 2.9148 1.1378 0.0103, 2.9148 1.2244 0.0103, 2.9085 1.1378 0.0177, 2.9085 1.2244 0.0177, 2.9042 1.1378 0.0264, 2.9042 1.2244 0.0264, 2.8563 1.2244 0.164, 2.8563 1.1378 0.164, 2.8542 1.2244 0.1683, 2.8542 1.1378 0.1683, 2.851 1.2244 0.172, 2.851 1.1378 0.172, 2.8471 1.2244 0.1748, 2.8471 1.1378 0.1748, 2.8425 1.2244 0.1766, 2.8425 1.1378 0.1766, 2.8377 1.2244 0.1772, 2.8377 1.1378 0.1772, 2.7507 1.2244 0.1772, 2.7507 1.1378 0.1772, 2.8657 1.2244 0.2362, 2.7559 1.2244 0.2362, 2.8657 1.1378 0.2362, 2.7559 1.1378 0.2362, 2.8753 1.1378 0.235, 2.8753 1.2244 0.235, 2.8844 1.1378 0.2315, 2.8844 1.2244 0.2315, 2.8923 1.1378 0.2259, 2.8923 1.2244 0.2259, 2.8986 1.1378 0.2185, 2.8986 1.2244 0.2185, 2.9029 1.1378 0.2098, 2.9029 1.2244 0.2098, -2.8377 1.0276 0.1772, -2.7507 1.0276 0.1772, -2.8377 0.9409 0.1772, -2.7507 0.9409 0.1772, -2.8425 1.0276 0.1766, -2.8425 0.9409 0.1766, -2.8471 1.0276 0.1748, -2.8471 0.9409 0.1748, -2.851 1.0276 0.172, -2.851 0.9409 0.172, -2.8542 1.0276 0.1683, -2.8542 0.9409 0.1683, -2.8563 1.0276 0.164, -2.8563 0.9409 0.164, -2.9042 1.0276 0.0264, -2.9042 0.9409 0.0264, -2.9085 0.9409 0.0177, -2.9085 1.0276 0.0177, -2.9148 0.9409 0.0103, -2.9148 1.0276 0.0103, -2.9227 0.9409 0.0047, -2.9227 1.0276 0.0047, -2.9317 0.9409 0.0012, -2.9317 1.0276 0.0012, -2.9414 0.9409 0.0, -2.9414 1.0276 0.0, -3.1496 1.0276 0.0, -3.1496 0.9409 0.0, -3.1496 1.0276 0.0591, -3.1496 0.9409 0.0591, -2.9694 1.0276 0.0591, -2.9694 0.9409 0.0591, -2.9645 1.0276 0.0597, -2.9645 0.9409 0.0597, -2.96 1.0276 0.0614, -2.96 0.9409 0.0614, -2.9561 1.0276 0.0642, -2.9561 0.9409 0.0642, -2.9529 1.0276 0.0679, -2.9529 0.9409 0.0679, -2.9508 1.0276 0.0723, -2.9508 0.9409 0.0723, -2.9029 1.0276 0.2098, -2.9029 0.9409 0.2098, -2.8986 0.9409 0.2185, -2.8986 1.0276 0.2185, -2.8923 0.9409 0.2259, -2.8923 1.0276 0.2259, -2.8844 0.9409 0.2315, -2.8844 1.0276 0.2315, -2.8753 0.9409 0.235, -2.8753 1.0276 0.235, -2.8657 0.9409 0.2362, -2.8657 1.0276 0.2362, -2.7559 1.0276 0.2362, -2.7559 0.9409 0.2362, 2.9508 1.0276 0.0723, 2.9508 0.9409 0.0723, 2.9529 1.0276 0.0679, 2.9529 0.9409 0.0679, 2.9561 1.0276 0.0642, 2.9561 0.9409 0.0642, 2.96 1.0276 0.0614, 2.96 0.9409 0.0614, 2.9645 1.0276 0.0597, 2.9645 0.9409 0.0597, 2.9694 1.0276 0.0591, 2.9694 0.9409 0.0591, 3.1496 1.0276 0.0591, 3.1496 0.9409 0.0591, 3.1496 1.0276 0.0, 3.1496 0.9409 0.0, 2.9414 1.0276 0.0, 2.9414 0.9409 0.0, 2.9317 0.9409 0.0012, 2.9317 1.0276 0.0012, 2.9227 0.9409 0.0047, 2.9227 1.0276 0.0047, 2.9148 0.9409 0.0103, 2.9148 1.0276 0.0103, 2.9085 0.9409 0.0177, 2.9085 1.0276 0.0177, 2.9042 0.9409 0.0264, 2.9042 1.0276 0.0264, 2.8563 1.0276 0.164, 2.8563 0.9409 0.164, 2.8542 1.0276 0.1683, 2.8542 0.9409 0.1683, 2.851 1.0276 0.172, 2.851 0.9409 0.172, 2.8471 1.0276 0.1748, 2.8471 0.9409 0.1748, 2.8425 1.0276 0.1766, 2.8425 0.9409 0.1766, 2.8377 1.0276 0.1772, 2.8377 0.9409 0.1772, 2.7507 1.0276 0.1772, 2.7507 0.9409 0.1772, 2.8657 1.0276 0.2362, 2.7559 1.0276 0.2362, 2.8657 0.9409 0.2362, 2.7559 0.9409 0.2362, 2.8753 0.9409 0.235, 2.8753 1.0276 0.235, 2.8844 0.9409 0.2315, 2.8844 1.0276 0.2315, 2.8923 0.9409 0.2259, 2.8923 1.0276 0.2259, 2.8986 0.9409 0.2185, 2.8986 1.0276 0.2185, 2.9029 0.9409 0.2098, 2.9029 1.0276 0.2098, -2.8377 0.8307 0.1772, -2.7507 0.8307 0.1772, -2.8377 0.7441 0.1772, -2.7507 0.7441 0.1772, -2.8425 0.8307 0.1766, -2.8425 0.7441 0.1766, -2.8471 0.8307 0.1748, -2.8471 0.7441 0.1748, -2.851 0.8307 0.172, -2.851 0.7441 0.172, -2.8542 0.8307 0.1683, -2.8542 0.7441 0.1683, -2.8563 0.8307 0.164, -2.8563 0.7441 0.164, -2.9042 0.8307 0.0264, -2.9042 0.7441 0.0264, -2.9085 0.7441 0.0177, -2.9085 0.8307 0.0177, -2.9148 0.7441 0.0103, -2.9148 0.8307 0.0103, -2.9227 0.7441 0.0047, -2.9227 0.8307 0.0047, -2.9317 0.7441 0.0012, -2.9317 0.8307 0.0012, -2.9414 0.7441 0.0, -2.9414 0.8307 0.0, -3.1496 0.8307 0.0, -3.1496 0.7441 0.0, -3.1496 0.8307 0.0591, -3.1496 0.7441 0.0591, -2.9694 0.8307 0.0591, -2.9694 0.7441 0.0591, -2.9645 0.8307 0.0597, -2.9645 0.7441 0.0597, -2.96 0.8307 0.0614, -2.96 0.7441 0.0614, -2.9561 0.8307 0.0642, -2.9561 0.7441 0.0642, -2.9529 0.8307 0.0679, -2.9529 0.7441 0.0679, -2.9508 0.8307 0.0723, -2.9508 0.7441 0.0723, -2.9029 0.8307 0.2098, -2.9029 0.7441 0.2098, -2.8986 0.7441 0.2185, -2.8986 0.8307 0.2185, -2.8923 0.7441 0.2259, -2.8923 0.8307 0.2259, -2.8844 0.7441 0.2315, -2.8844 0.8307 0.2315, -2.8753 0.7441 0.235, -2.8753 0.8307 0.235, -2.8657 0.7441 0.2362, -2.8657 0.8307 0.2362, -2.7559 0.8307 0.2362, -2.7559 0.7441 0.2362, 2.9508 0.8307 0.0723, 2.9508 0.7441 0.0723, 2.9529 0.8307 0.0679, 2.9529 0.7441 0.0679, 2.9561 0.8307 0.0642, 2.9561 0.7441 0.0642, 2.96 0.8307 0.0614, 2.96 0.7441 0.0614, 2.9645 0.8307 0.0597, 2.9645 0.7441 0.0597, 2.9694 0.8307 0.0591, 2.9694 0.7441 0.0591, 3.1496 0.8307 0.0591, 3.1496 0.7441 0.0591, 3.1496 0.8307 0.0, 3.1496 0.7441 0.0, 2.9414 0.8307 0.0, 2.9414 0.7441 0.0, 2.9317 0.7441 0.0012, 2.9317 0.8307 0.0012, 2.9227 0.7441 0.0047, 2.9227 0.8307 0.0047, 2.9148 0.7441 0.0103, 2.9148 0.8307 0.0103, 2.9085 0.7441 0.0177, 2.9085 0.8307 0.0177, 2.9042 0.7441 0.0264, 2.9042 0.8307 0.0264, 2.8563 0.8307 0.164, 2.8563 0.7441 0.164, 2.8542 0.8307 0.1683, 2.8542 0.7441 0.1683, 2.851 0.8307 0.172, 2.851 0.7441 0.172, 2.8471 0.8307 0.1748, 2.8471 0.7441 0.1748, 2.8425 0.8307 0.1766, 2.8425 0.7441 0.1766, 2.8377 0.8307 0.1772, 2.8377 0.7441 0.1772, 2.7507 0.8307 0.1772, 2.7507 0.7441 0.1772, 2.8657 0.8307 0.2362, 2.7559 0.8307 0.2362, 2.8657 0.7441 0.2362, 2.7559 0.7441 0.2362, 2.8753 0.7441 0.235, 2.8753 0.8307 0.235, 2.8844 0.7441 0.2315, 2.8844 0.8307 0.2315, 2.8923 0.7441 0.2259, 2.8923 0.8307 0.2259, 2.8986 0.7441 0.2185, 2.8986 0.8307 0.2185, 2.9029 0.7441 0.2098, 2.9029 0.8307 0.2098, -2.8377 0.6339 0.1772, -2.7507 0.6339 0.1772, -2.8377 0.5472 0.1772, -2.7507 0.5472 0.1772, -2.8425 0.6339 0.1766, -2.8425 0.5472 0.1766, -2.8471 0.6339 0.1748, -2.8471 0.5472 0.1748, -2.851 0.6339 0.172, -2.851 0.5472 0.172, -2.8542 0.6339 0.1683, -2.8542 0.5472 0.1683, -2.8563 0.6339 0.164, -2.8563 0.5472 0.164, -2.9042 0.6339 0.0264, -2.9042 0.5472 0.0264, -2.9085 0.5472 0.0177, -2.9085 0.6339 0.0177, -2.9148 0.5472 0.0103, -2.9148 0.6339 0.0103, -2.9227 0.5472 0.0047, -2.9227 0.6339 0.0047, -2.9317 0.5472 0.0012, -2.9317 0.6339 0.0012, -2.9414 0.5472 0.0, -2.9414 0.6339 0.0, -3.1496 0.6339 0.0, -3.1496 0.5472 0.0, -3.1496 0.6339 0.0591, -3.1496 0.5472 0.0591, -2.9694 0.6339 0.0591, -2.9694 0.5472 0.0591, -2.9645 0.6339 0.0597, -2.9645 0.5472 0.0597, -2.96 0.6339 0.0614, -2.96 0.5472 0.0614, -2.9561 0.6339 0.0642, -2.9561 0.5472 0.0642, -2.9529 0.6339 0.0679, -2.9529 0.5472 0.0679, -2.9508 0.6339 0.0723, -2.9508 0.5472 0.0723, -2.9029 0.6339 0.2098, -2.9029 0.5472 0.2098, -2.8986 0.5472 0.2185, -2.8986 0.6339 0.2185, -2.8923 0.5472 0.2259, -2.8923 0.6339 0.2259, -2.8844 0.5472 0.2315, -2.8844 0.6339 0.2315, -2.8753 0.5472 0.235, -2.8753 0.6339 0.235, -2.8657 0.5472 0.2362, -2.8657 0.6339 0.2362, -2.7559 0.6339 0.2362, -2.7559 0.5472 0.2362, 2.9508 0.6339 0.0723, 2.9508 0.5472 0.0723, 2.9529 0.6339 0.0679, 2.9529 0.5472 0.0679, 2.9561 0.6339 0.0642, 2.9561 0.5472 0.0642, 2.96 0.6339 0.0614, 2.96 0.5472 0.0614, 2.9645 0.6339 0.0597, 2.9645 0.5472 0.0597, 2.9694 0.6339 0.0591, 2.9694 0.5472 0.0591, 3.1496 0.6339 0.0591, 3.1496 0.5472 0.0591, 3.1496 0.6339 0.0, 3.1496 0.5472 0.0, 2.9414 0.6339 0.0, 2.9414 0.5472 0.0, 2.9317 0.5472 0.0012, 2.9317 0.6339 0.0012, 2.9227 0.5472 0.0047, 2.9227 0.6339 0.0047, 2.9148 0.5472 0.0103, 2.9148 0.6339 0.0103, 2.9085 0.5472 0.0177, 2.9085 0.6339 0.0177, 2.9042 0.5472 0.0264, 2.9042 0.6339 0.0264, 2.8563 0.6339 0.164, 2.8563 0.5472 0.164, 2.8542 0.6339 0.1683, 2.8542 0.5472 0.1683, 2.851 0.6339 0.172, 2.851 0.5472 0.172, 2.8471 0.6339 0.1748, 2.8471 0.5472 0.1748, 2.8425 0.6339 0.1766, 2.8425 0.5472 0.1766, 2.8377 0.6339 0.1772, 2.8377 0.5472 0.1772, 2.7507 0.6339 0.1772, 2.7507 0.5472 0.1772, 2.8657 0.6339 0.2362, 2.7559 0.6339 0.2362, 2.8657 0.5472 0.2362, 2.7559 0.5472 0.2362, 2.8753 0.5472 0.235, 2.8753 0.6339 0.235, 2.8844 0.5472 0.2315, 2.8844 0.6339 0.2315, 2.8923 0.5472 0.2259, 2.8923 0.6339 0.2259, 2.8986 0.5472 0.2185, 2.8986 0.6339 0.2185, 2.9029 0.5472 0.2098, 2.9029 0.6339 0.2098, -2.8377 0.437 0.1772, -2.7507 0.437 0.1772, -2.8377 0.3504 0.1772, -2.7507 0.3504 0.1772, -2.8425 0.437 0.1766, -2.8425 0.3504 0.1766, -2.8471 0.437 0.1748, -2.8471 0.3504 0.1748, -2.851 0.437 0.172, -2.851 0.3504 0.172, -2.8542 0.437 0.1683, -2.8542 0.3504 0.1683, -2.8563 0.437 0.164, -2.8563 0.3504 0.164, -2.9042 0.437 0.0264, -2.9042 0.3504 0.0264, -2.9085 0.3504 0.0177, -2.9085 0.437 0.0177, -2.9148 0.3504 0.0103, -2.9148 0.437 0.0103, -2.9227 0.3504 0.0047, -2.9227 0.437 0.0047, -2.9317 0.3504 0.0012, -2.9317 0.437 0.0012, -2.9414 0.3504 0.0, -2.9414 0.437 0.0, -3.1496 0.437 0.0, -3.1496 0.3504 0.0, -3.1496 0.437 0.0591, -3.1496 0.3504 0.0591, -2.9694 0.437 0.0591, -2.9694 0.3504 0.0591, -2.9645 0.437 0.0597, -2.9645 0.3504 0.0597, -2.96 0.437 0.0614, -2.96 0.3504 0.0614, -2.9561 0.437 0.0642, -2.9561 0.3504 0.0642, -2.9529 0.437 0.0679, -2.9529 0.3504 0.0679, -2.9508 0.437 0.0723, -2.9508 0.3504 0.0723, -2.9029 0.437 0.2098, -2.9029 0.3504 0.2098, -2.8986 0.3504 0.2185, -2.8986 0.437 0.2185, -2.8923 0.3504 0.2259, -2.8923 0.437 0.2259, -2.8844 0.3504 0.2315, -2.8844 0.437 0.2315, -2.8753 0.3504 0.235, -2.8753 0.437 0.235, -2.8657 0.3504 0.2362, -2.8657 0.437 0.2362, -2.7559 0.437 0.2362, -2.7559 0.3504 0.2362, 2.9508 0.437 0.0723, 2.9508 0.3504 0.0723, 2.9529 0.437 0.0679, 2.9529 0.3504 0.0679, 2.9561 0.437 0.0642, 2.9561 0.3504 0.0642, 2.96 0.437 0.0614, 2.96 0.3504 0.0614, 2.9645 0.437 0.0597, 2.9645 0.3504 0.0597, 2.9694 0.437 0.0591, 2.9694 0.3504 0.0591, 3.1496 0.437 0.0591, 3.1496 0.3504 0.0591, 3.1496 0.437 0.0, 3.1496 0.3504 0.0, 2.9414 0.437 0.0, 2.9414 0.3504 0.0, 2.9317 0.3504 0.0012, 2.9317 0.437 0.0012, 2.9227 0.3504 0.0047, 2.9227 0.437 0.0047, 2.9148 0.3504 0.0103, 2.9148 0.437 0.0103, 2.9085 0.3504 0.0177, 2.9085 0.437 0.0177, 2.9042 0.3504 0.0264, 2.9042 0.437 0.0264, 2.8563 0.437 0.164, 2.8563 0.3504 0.164, 2.8542 0.437 0.1683, 2.8542 0.3504 0.1683, 2.851 0.437 0.172, 2.851 0.3504 0.172, 2.8471 0.437 0.1748, 2.8471 0.3504 0.1748, 2.8425 0.437 0.1766, 2.8425 0.3504 0.1766, 2.8377 0.437 0.1772, 2.8377 0.3504 0.1772, 2.7507 0.437 0.1772, 2.7507 0.3504 0.1772, 2.8657 0.437 0.2362, 2.7559 0.437 0.2362, 2.8657 0.3504 0.2362, 2.7559 0.3504 0.2362, 2.8753 0.3504 0.235, 2.8753 0.437 0.235, 2.8844 0.3504 0.2315, 2.8844 0.437 0.2315, 2.8923 0.3504 0.2259, 2.8923 0.437 0.2259, 2.8986 0.3504 0.2185, 2.8986 0.437 0.2185, 2.9029 0.3504 0.2098, 2.9029 0.437 0.2098, -2.8377 0.2402 0.1772, -2.7507 0.2402 0.1772, -2.8377 0.1535 0.1772, -2.7507 0.1535 0.1772, -2.8425 0.2402 0.1766, -2.8425 0.1535 0.1766, -2.8471 0.2402 0.1748, -2.8471 0.1535 0.1748, -2.851 0.2402 0.172, -2.851 0.1535 0.172, -2.8542 0.2402 0.1683, -2.8542 0.1535 0.1683, -2.8563 0.2402 0.164, -2.8563 0.1535 0.164, -2.9042 0.2402 0.0264, -2.9042 0.1535 0.0264, -2.9085 0.1535 0.0177, -2.9085 0.2402 0.0177, -2.9148 0.1535 0.0103, -2.9148 0.2402 0.0103, -2.9227 0.1535 0.0047, -2.9227 0.2402 0.0047, -2.9317 0.1535 0.0012, -2.9317 0.2402 0.0012, -2.9414 0.1535 0.0, -2.9414 0.2402 0.0, -3.1496 0.2402 0.0, -3.1496 0.1535 0.0, -3.1496 0.2402 0.0591, -3.1496 0.1535 0.0591, -2.9694 0.2402 0.0591, -2.9694 0.1535 0.0591, -2.9645 0.2402 0.0597, -2.9645 0.1535 0.0597, -2.96 0.2402 0.0614, -2.96 0.1535 0.0614, -2.9561 0.2402 0.0642, -2.9561 0.1535 0.0642, -2.9529 0.2402 0.0679, -2.9529 0.1535 0.0679, -2.9508 0.2402 0.0723, -2.9508 0.1535 0.0723, -2.9029 0.2402 0.2098, -2.9029 0.1535 0.2098, -2.8986 0.1535 0.2185, -2.8986 0.2402 0.2185, -2.8923 0.1535 0.2259, -2.8923 0.2402 0.2259, -2.8844 0.1535 0.2315, -2.8844 0.2402 0.2315, -2.8753 0.1535 0.235, -2.8753 0.2402 0.235, -2.8657 0.1535 0.2362, -2.8657 0.2402 0.2362, -2.7559 0.2402 0.2362, -2.7559 0.1535 0.2362, 2.9508 0.2402 0.0723, 2.9508 0.1535 0.0723, 2.9529 0.2402 0.0679, 2.9529 0.1535 0.0679, 2.9561 0.2402 0.0642, 2.9561 0.1535 0.0642, 2.96 0.2402 0.0614, 2.96 0.1535 0.0614, 2.9645 0.2402 0.0597, 2.9645 0.1535 0.0597, 2.9694 0.2402 0.0591, 2.9694 0.1535 0.0591, 3.1496 0.2402 0.0591, 3.1496 0.1535 0.0591, 3.1496 0.2402 0.0, 3.1496 0.1535 0.0, 2.9414 0.2402 0.0, 2.9414 0.1535 0.0, 2.9317 0.1535 0.0012, 2.9317 0.2402 0.0012, 2.9227 0.1535 0.0047, 2.9227 0.2402 0.0047, 2.9148 0.1535 0.0103, 2.9148 0.2402 0.0103, 2.9085 0.1535 0.0177, 2.9085 0.2402 0.0177, 2.9042 0.1535 0.0264, 2.9042 0.2402 0.0264, 2.8563 0.2402 0.164, 2.8563 0.1535 0.164, 2.8542 0.2402 0.1683, 2.8542 0.1535 0.1683, 2.851 0.2402 0.172, 2.851 0.1535 0.172, 2.8471 0.2402 0.1748, 2.8471 0.1535 0.1748, 2.8425 0.2402 0.1766, 2.8425 0.1535 0.1766, 2.8377 0.2402 0.1772, 2.8377 0.1535 0.1772, 2.7507 0.2402 0.1772, 2.7507 0.1535 0.1772, 2.8657 0.2402 0.2362, 2.7559 0.2402 0.2362, 2.8657 0.1535 0.2362, 2.7559 0.1535 0.2362, 2.8753 0.1535 0.235, 2.8753 0.2402 0.235, 2.8844 0.1535 0.2315, 2.8844 0.2402 0.2315, 2.8923 0.1535 0.2259, 2.8923 0.2402 0.2259, 2.8986 0.1535 0.2185, 2.8986 0.2402 0.2185, 2.9029 0.1535 0.2098, 2.9029 0.2402 0.2098, -2.8377 0.0433 0.1772, -2.7507 0.0433 0.1772, -2.8377 -0.0433 0.1772, -2.7507 -0.0433 0.1772, -2.8425 0.0433 0.1766, -2.8425 -0.0433 0.1766, -2.8471 0.0433 0.1748, -2.8471 -0.0433 0.1748, -2.851 0.0433 0.172, -2.851 -0.0433 0.172, -2.8542 0.0433 0.1683, -2.8542 -0.0433 0.1683, -2.8563 0.0433 0.164, -2.8563 -0.0433 0.164, -2.9042 0.0433 0.0264, -2.9042 -0.0433 0.0264, -2.9085 -0.0433 0.0177, -2.9085 0.0433 0.0177, -2.9148 -0.0433 0.0103, -2.9148 0.0433 0.0103, -2.9227 -0.0433 0.0047, -2.9227 0.0433 0.0047, -2.9317 -0.0433 0.0012, -2.9317 0.0433 0.0012, -2.9414 -0.0433 0.0, -2.9414 0.0433 0.0, -3.1496 0.0433 0.0, -3.1496 -0.0433 0.0, -3.1496 0.0433 0.0591, -3.1496 -0.0433 0.0591, -2.9694 0.0433 0.0591, -2.9694 -0.0433 0.0591, -2.9645 0.0433 0.0597, -2.9645 -0.0433 0.0597, -2.96 0.0433 0.0614, -2.96 -0.0433 0.0614, -2.9561 0.0433 0.0642, -2.9561 -0.0433 0.0642, -2.9529 0.0433 0.0679, -2.9529 -0.0433 0.0679, -2.9508 0.0433 0.0723, -2.9508 -0.0433 0.0723, -2.9029 0.0433 0.2098, -2.9029 -0.0433 0.2098, -2.8986 -0.0433 0.2185, -2.8986 0.0433 0.2185, -2.8923 -0.0433 0.2259, -2.8923 0.0433 0.2259, -2.8844 -0.0433 0.2315, -2.8844 0.0433 0.2315, -2.8753 -0.0433 0.235, -2.8753 0.0433 0.235, -2.8657 -0.0433 0.2362, -2.8657 0.0433 0.2362, -2.7559 0.0433 0.2362, -2.7559 -0.0433 0.2362, 2.9508 0.0433 0.0723, 2.9508 -0.0433 0.0723, 2.9529 0.0433 0.0679, 2.9529 -0.0433 0.0679, 2.9561 0.0433 0.0642, 2.9561 -0.0433 0.0642, 2.96 0.0433 0.0614, 2.96 -0.0433 0.0614, 2.9645 0.0433 0.0597, 2.9645 -0.0433 0.0597, 2.9694 0.0433 0.0591, 2.9694 -0.0433 0.0591, 3.1496 0.0433 0.0591, 3.1496 -0.0433 0.0591, 3.1496 0.0433 0.0, 3.1496 -0.0433 0.0, 2.9414 0.0433 0.0, 2.9414 -0.0433 0.0, 2.9317 -0.0433 0.0012, 2.9317 0.0433 0.0012, 2.9227 -0.0433 0.0047, 2.9227 0.0433 0.0047, 2.9148 -0.0433 0.0103, 2.9148 0.0433 0.0103, 2.9085 -0.0433 0.0177, 2.9085 0.0433 0.0177, 2.9042 -0.0433 0.0264, 2.9042 0.0433 0.0264, 2.8563 0.0433 0.164, 2.8563 -0.0433 0.164, 2.8542 0.0433 0.1683, 2.8542 -0.0433 0.1683, 2.851 0.0433 0.172, 2.851 -0.0433 0.172, 2.8471 0.0433 0.1748, 2.8471 -0.0433 0.1748, 2.8425 0.0433 0.1766, 2.8425 -0.0433 0.1766, 2.8377 0.0433 0.1772, 2.8377 -0.0433 0.1772, 2.7507 0.0433 0.1772, 2.7507 -0.0433 0.1772, 2.8657 0.0433 0.2362, 2.7559 0.0433 0.2362, 2.8657 -0.0433 0.2362, 2.7559 -0.0433 0.2362, 2.8753 -0.0433 0.235, 2.8753 0.0433 0.235, 2.8844 -0.0433 0.2315, 2.8844 0.0433 0.2315, 2.8923 -0.0433 0.2259, 2.8923 0.0433 0.2259, 2.8986 -0.0433 0.2185, 2.8986 0.0433 0.2185, 2.9029 -0.0433 0.2098, 2.9029 0.0433 0.2098, -2.8377 -0.1535 0.1772, -2.7507 -0.1535 0.1772, -2.8377 -0.2402 0.1772, -2.7507 -0.2402 0.1772, -2.8425 -0.1535 0.1766, -2.8425 -0.2402 0.1766, -2.8471 -0.1535 0.1748, -2.8471 -0.2402 0.1748, -2.851 -0.1535 0.172, -2.851 -0.2402 0.172, -2.8542 -0.1535 0.1683, -2.8542 -0.2402 0.1683, -2.8563 -0.1535 0.164, -2.8563 -0.2402 0.164, -2.9042 -0.1535 0.0264, -2.9042 -0.2402 0.0264, -2.9085 -0.2402 0.0177, -2.9085 -0.1535 0.0177, -2.9148 -0.2402 0.0103, -2.9148 -0.1535 0.0103, -2.9227 -0.2402 0.0047, -2.9227 -0.1535 0.0047, -2.9317 -0.2402 0.0012, -2.9317 -0.1535 0.0012, -2.9414 -0.2402 0.0, -2.9414 -0.1535 0.0, -3.1496 -0.1535 0.0, -3.1496 -0.2402 0.0, -3.1496 -0.1535 0.0591, -3.1496 -0.2402 0.0591, -2.9694 -0.1535 0.0591, -2.9694 -0.2402 0.0591, -2.9645 -0.1535 0.0597, -2.9645 -0.2402 0.0597, -2.96 -0.1535 0.0614, -2.96 -0.2402 0.0614, -2.9561 -0.1535 0.0642, -2.9561 -0.2402 0.0642, -2.9529 -0.1535 0.0679, -2.9529 -0.2402 0.0679, -2.9508 -0.1535 0.0723, -2.9508 -0.2402 0.0723, -2.9029 -0.1535 0.2098, -2.9029 -0.2402 0.2098, -2.8986 -0.2402 0.2185, -2.8986 -0.1535 0.2185, -2.8923 -0.2402 0.2259, -2.8923 -0.1535 0.2259, -2.8844 -0.2402 0.2315, -2.8844 -0.1535 0.2315, -2.8753 -0.2402 0.235, -2.8753 -0.1535 0.235, -2.8657 -0.2402 0.2362, -2.8657 -0.1535 0.2362, -2.7559 -0.1535 0.2362, -2.7559 -0.2402 0.2362, 2.9508 -0.1535 0.0723, 2.9508 -0.2402 0.0723, 2.9529 -0.1535 0.0679, 2.9529 -0.2402 0.0679, 2.9561 -0.1535 0.0642, 2.9561 -0.2402 0.0642, 2.96 -0.1535 0.0614, 2.96 -0.2402 0.0614, 2.9645 -0.1535 0.0597, 2.9645 -0.2402 0.0597, 2.9694 -0.1535 0.0591, 2.9694 -0.2402 0.0591, 3.1496 -0.1535 0.0591, 3.1496 -0.2402 0.0591, 3.1496 -0.1535 0.0, 3.1496 -0.2402 0.0, 2.9414 -0.1535 0.0, 2.9414 -0.2402 0.0, 2.9317 -0.2402 0.0012, 2.9317 -0.1535 0.0012, 2.9227 -0.2402 0.0047, 2.9227 -0.1535 0.0047, 2.9148 -0.2402 0.0103, 2.9148 -0.1535 0.0103, 2.9085 -0.2402 0.0177, 2.9085 -0.1535 0.0177, 2.9042 -0.2402 0.0264, 2.9042 -0.1535 0.0264, 2.8563 -0.1535 0.164, 2.8563 -0.2402 0.164, 2.8542 -0.1535 0.1683, 2.8542 -0.2402 0.1683, 2.851 -0.1535 0.172, 2.851 -0.2402 0.172, 2.8471 -0.1535 0.1748, 2.8471 -0.2402 0.1748, 2.8425 -0.1535 0.1766, 2.8425 -0.2402 0.1766, 2.8377 -0.1535 0.1772, 2.8377 -0.2402 0.1772, 2.7507 -0.1535 0.1772, 2.7507 -0.2402 0.1772, 2.8657 -0.1535 0.2362, 2.7559 -0.1535 0.2362, 2.8657 -0.2402 0.2362, 2.7559 -0.2402 0.2362, 2.8753 -0.2402 0.235, 2.8753 -0.1535 0.235, 2.8844 -0.2402 0.2315, 2.8844 -0.1535 0.2315, 2.8923 -0.2402 0.2259, 2.8923 -0.1535 0.2259, 2.8986 -0.2402 0.2185, 2.8986 -0.1535 0.2185, 2.9029 -0.2402 0.2098, 2.9029 -0.1535 0.2098, -2.8377 -0.3504 0.1772, -2.7507 -0.3504 0.1772, -2.8377 -0.437 0.1772, -2.7507 -0.437 0.1772, -2.8425 -0.3504 0.1766, -2.8425 -0.437 0.1766, -2.8471 -0.3504 0.1748, -2.8471 -0.437 0.1748, -2.851 -0.3504 0.172, -2.851 -0.437 0.172, -2.8542 -0.3504 0.1683, -2.8542 -0.437 0.1683, -2.8563 -0.3504 0.164, -2.8563 -0.437 0.164, -2.9042 -0.3504 0.0264, -2.9042 -0.437 0.0264, -2.9085 -0.437 0.0177, -2.9085 -0.3504 0.0177, -2.9148 -0.437 0.0103, -2.9148 -0.3504 0.0103, -2.9227 -0.437 0.0047, -2.9227 -0.3504 0.0047, -2.9317 -0.437 0.0012, -2.9317 -0.3504 0.0012, -2.9414 -0.437 0.0, -2.9414 -0.3504 0.0, -3.1496 -0.3504 0.0, -3.1496 -0.437 0.0, -3.1496 -0.3504 0.0591, -3.1496 -0.437 0.0591, -2.9694 -0.3504 0.0591, -2.9694 -0.437 0.0591, -2.9645 -0.3504 0.0597, -2.9645 -0.437 0.0597, -2.96 -0.3504 0.0614, -2.96 -0.437 0.0614, -2.9561 -0.3504 0.0642, -2.9561 -0.437 0.0642, -2.9529 -0.3504 0.0679, -2.9529 -0.437 0.0679, -2.9508 -0.3504 0.0723, -2.9508 -0.437 0.0723, -2.9029 -0.3504 0.2098, -2.9029 -0.437 0.2098, -2.8986 -0.437 0.2185, -2.8986 -0.3504 0.2185, -2.8923 -0.437 0.2259, -2.8923 -0.3504 0.2259, -2.8844 -0.437 0.2315, -2.8844 -0.3504 0.2315, -2.8753 -0.437 0.235, -2.8753 -0.3504 0.235, -2.8657 -0.437 0.2362, -2.8657 -0.3504 0.2362, -2.7559 -0.3504 0.2362, -2.7559 -0.437 0.2362, 2.9508 -0.3504 0.0723, 2.9508 -0.437 0.0723, 2.9529 -0.3504 0.0679, 2.9529 -0.437 0.0679, 2.9561 -0.3504 0.0642, 2.9561 -0.437 0.0642, 2.96 -0.3504 0.0614, 2.96 -0.437 0.0614, 2.9645 -0.3504 0.0597, 2.9645 -0.437 0.0597, 2.9694 -0.3504 0.0591, 2.9694 -0.437 0.0591, 3.1496 -0.3504 0.0591, 3.1496 -0.437 0.0591, 3.1496 -0.3504 0.0, 3.1496 -0.437 0.0, 2.9414 -0.3504 0.0, 2.9414 -0.437 0.0, 2.9317 -0.437 0.0012, 2.9317 -0.3504 0.0012, 2.9227 -0.437 0.0047, 2.9227 -0.3504 0.0047, 2.9148 -0.437 0.0103, 2.9148 -0.3504 0.0103, 2.9085 -0.437 0.0177, 2.9085 -0.3504 0.0177, 2.9042 -0.437 0.0264, 2.9042 -0.3504 0.0264, 2.8563 -0.3504 0.164, 2.8563 -0.437 0.164, 2.8542 -0.3504 0.1683, 2.8542 -0.437 0.1683, 2.851 -0.3504 0.172, 2.851 -0.437 0.172, 2.8471 -0.3504 0.1748, 2.8471 -0.437 0.1748, 2.8425 -0.3504 0.1766, 2.8425 -0.437 0.1766, 2.8377 -0.3504 0.1772, 2.8377 -0.437 0.1772, 2.7507 -0.3504 0.1772, 2.7507 -0.437 0.1772, 2.8657 -0.3504 0.2362, 2.7559 -0.3504 0.2362, 2.8657 -0.437 0.2362, 2.7559 -0.437 0.2362, 2.8753 -0.437 0.235, 2.8753 -0.3504 0.235, 2.8844 -0.437 0.2315, 2.8844 -0.3504 0.2315, 2.8923 -0.437 0.2259, 2.8923 -0.3504 0.2259, 2.8986 -0.437 0.2185, 2.8986 -0.3504 0.2185, 2.9029 -0.437 0.2098, 2.9029 -0.3504 0.2098, -2.8377 -0.5472 0.1772, -2.7507 -0.5472 0.1772, -2.8377 -0.6339 0.1772, -2.7507 -0.6339 0.1772, -2.8425 -0.5472 0.1766, -2.8425 -0.6339 0.1766, -2.8471 -0.5472 0.1748, -2.8471 -0.6339 0.1748, -2.851 -0.5472 0.172, -2.851 -0.6339 0.172, -2.8542 -0.5472 0.1683, -2.8542 -0.6339 0.1683, -2.8563 -0.5472 0.164, -2.8563 -0.6339 0.164, -2.9042 -0.5472 0.0264, -2.9042 -0.6339 0.0264, -2.9085 -0.6339 0.0177, -2.9085 -0.5472 0.0177, -2.9148 -0.6339 0.0103, -2.9148 -0.5472 0.0103, -2.9227 -0.6339 0.0047, -2.9227 -0.5472 0.0047, -2.9317 -0.6339 0.0012, -2.9317 -0.5472 0.0012, -2.9414 -0.6339 0.0, -2.9414 -0.5472 0.0, -3.1496 -0.5472 0.0, -3.1496 -0.6339 0.0, -3.1496 -0.5472 0.0591, -3.1496 -0.6339 0.0591, -2.9694 -0.5472 0.0591, -2.9694 -0.6339 0.0591, -2.9645 -0.5472 0.0597, -2.9645 -0.6339 0.0597, -2.96 -0.5472 0.0614, -2.96 -0.6339 0.0614, -2.9561 -0.5472 0.0642, -2.9561 -0.6339 0.0642, -2.9529 -0.5472 0.0679, -2.9529 -0.6339 0.0679, -2.9508 -0.5472 0.0723, -2.9508 -0.6339 0.0723, -2.9029 -0.5472 0.2098, -2.9029 -0.6339 0.2098, -2.8986 -0.6339 0.2185, -2.8986 -0.5472 0.2185, -2.8923 -0.6339 0.2259, -2.8923 -0.5472 0.2259, -2.8844 -0.6339 0.2315, -2.8844 -0.5472 0.2315, -2.8753 -0.6339 0.235, -2.8753 -0.5472 0.235, -2.8657 -0.6339 0.2362, -2.8657 -0.5472 0.2362, -2.7559 -0.5472 0.2362, -2.7559 -0.6339 0.2362, 2.9508 -0.5472 0.0723, 2.9508 -0.6339 0.0723, 2.9529 -0.5472 0.0679, 2.9529 -0.6339 0.0679, 2.9561 -0.5472 0.0642, 2.9561 -0.6339 0.0642, 2.96 -0.5472 0.0614, 2.96 -0.6339 0.0614, 2.9645 -0.5472 0.0597, 2.9645 -0.6339 0.0597, 2.9694 -0.5472 0.0591, 2.9694 -0.6339 0.0591, 3.1496 -0.5472 0.0591, 3.1496 -0.6339 0.0591, 3.1496 -0.5472 0.0, 3.1496 -0.6339 0.0, 2.9414 -0.5472 0.0, 2.9414 -0.6339 0.0, 2.9317 -0.6339 0.0012, 2.9317 -0.5472 0.0012, 2.9227 -0.6339 0.0047, 2.9227 -0.5472 0.0047, 2.9148 -0.6339 0.0103, 2.9148 -0.5472 0.0103, 2.9085 -0.6339 0.0177, 2.9085 -0.5472 0.0177, 2.9042 -0.6339 0.0264, 2.9042 -0.5472 0.0264, 2.8563 -0.5472 0.164, 2.8563 -0.6339 0.164, 2.8542 -0.5472 0.1683, 2.8542 -0.6339 0.1683, 2.851 -0.5472 0.172, 2.851 -0.6339 0.172, 2.8471 -0.5472 0.1748, 2.8471 -0.6339 0.1748, 2.8425 -0.5472 0.1766, 2.8425 -0.6339 0.1766, 2.8377 -0.5472 0.1772, 2.8377 -0.6339 0.1772, 2.7507 -0.5472 0.1772, 2.7507 -0.6339 0.1772, 2.8657 -0.5472 0.2362, 2.7559 -0.5472 0.2362, 2.8657 -0.6339 0.2362, 2.7559 -0.6339 0.2362, 2.8753 -0.6339 0.235, 2.8753 -0.5472 0.235, 2.8844 -0.6339 0.2315, 2.8844 -0.5472 0.2315, 2.8923 -0.6339 0.2259, 2.8923 -0.5472 0.2259, 2.8986 -0.6339 0.2185, 2.8986 -0.5472 0.2185, 2.9029 -0.6339 0.2098, 2.9029 -0.5472 0.2098, -2.8377 -0.7441 0.1772, -2.7507 -0.7441 0.1772, -2.8377 -0.8307 0.1772, -2.7507 -0.8307 0.1772, -2.8425 -0.7441 0.1766, -2.8425 -0.8307 0.1766, -2.8471 -0.7441 0.1748, -2.8471 -0.8307 0.1748, -2.851 -0.7441 0.172, -2.851 -0.8307 0.172, -2.8542 -0.7441 0.1683, -2.8542 -0.8307 0.1683, -2.8563 -0.7441 0.164, -2.8563 -0.8307 0.164, -2.9042 -0.7441 0.0264, -2.9042 -0.8307 0.0264, -2.9085 -0.8307 0.0177, -2.9085 -0.7441 0.0177, -2.9148 -0.8307 0.0103, -2.9148 -0.7441 0.0103, -2.9227 -0.8307 0.0047, -2.9227 -0.7441 0.0047, -2.9317 -0.8307 0.0012, -2.9317 -0.7441 0.0012, -2.9414 -0.8307 0.0, -2.9414 -0.7441 0.0, -3.1496 -0.7441 0.0, -3.1496 -0.8307 0.0, -3.1496 -0.7441 0.0591, -3.1496 -0.8307 0.0591, -2.9694 -0.7441 0.0591, -2.9694 -0.8307 0.0591, -2.9645 -0.7441 0.0597, -2.9645 -0.8307 0.0597, -2.96 -0.7441 0.0614, -2.96 -0.8307 0.0614, -2.9561 -0.7441 0.0642, -2.9561 -0.8307 0.0642, -2.9529 -0.7441 0.0679, -2.9529 -0.8307 0.0679, -2.9508 -0.7441 0.0723, -2.9508 -0.8307 0.0723, -2.9029 -0.7441 0.2098, -2.9029 -0.8307 0.2098, -2.8986 -0.8307 0.2185, -2.8986 -0.7441 0.2185, -2.8923 -0.8307 0.2259, -2.8923 -0.7441 0.2259, -2.8844 -0.8307 0.2315, -2.8844 -0.7441 0.2315, -2.8753 -0.8307 0.235, -2.8753 -0.7441 0.235, -2.8657 -0.8307 0.2362, -2.8657 -0.7441 0.2362, -2.7559 -0.7441 0.2362, -2.7559 -0.8307 0.2362, 2.9508 -0.7441 0.0723, 2.9508 -0.8307 0.0723, 2.9529 -0.7441 0.0679, 2.9529 -0.8307 0.0679, 2.9561 -0.7441 0.0642, 2.9561 -0.8307 0.0642, 2.96 -0.7441 0.0614, 2.96 -0.8307 0.0614, 2.9645 -0.7441 0.0597, 2.9645 -0.8307 0.0597, 2.9694 -0.7441 0.0591, 2.9694 -0.8307 0.0591, 3.1496 -0.7441 0.0591, 3.1496 -0.8307 0.0591, 3.1496 -0.7441 0.0, 3.1496 -0.8307 0.0, 2.9414 -0.7441 0.0, 2.9414 -0.8307 0.0, 2.9317 -0.8307 0.0012, 2.9317 -0.7441 0.0012, 2.9227 -0.8307 0.0047, 2.9227 -0.7441 0.0047, 2.9148 -0.8307 0.0103, 2.9148 -0.7441 0.0103, 2.9085 -0.8307 0.0177, 2.9085 -0.7441 0.0177, 2.9042 -0.8307 0.0264, 2.9042 -0.7441 0.0264, 2.8563 -0.7441 0.164, 2.8563 -0.8307 0.164, 2.8542 -0.7441 0.1683, 2.8542 -0.8307 0.1683, 2.851 -0.7441 0.172, 2.851 -0.8307 0.172, 2.8471 -0.7441 0.1748, 2.8471 -0.8307 0.1748, 2.8425 -0.7441 0.1766, 2.8425 -0.8307 0.1766, 2.8377 -0.7441 0.1772, 2.8377 -0.8307 0.1772, 2.7507 -0.7441 0.1772, 2.7507 -0.8307 0.1772, 2.8657 -0.7441 0.2362, 2.7559 -0.7441 0.2362, 2.8657 -0.8307 0.2362, 2.7559 -0.8307 0.2362, 2.8753 -0.8307 0.235, 2.8753 -0.7441 0.235, 2.8844 -0.8307 0.2315, 2.8844 -0.7441 0.2315, 2.8923 -0.8307 0.2259, 2.8923 -0.7441 0.2259, 2.8986 -0.8307 0.2185, 2.8986 -0.7441 0.2185, 2.9029 -0.8307 0.2098, 2.9029 -0.7441 0.2098, -2.8377 -0.9409 0.1772, -2.7507 -0.9409 0.1772, -2.8377 -1.0276 0.1772, -2.7507 -1.0276 0.1772, -2.8425 -0.9409 0.1766, -2.8425 -1.0276 0.1766, -2.8471 -0.9409 0.1748, -2.8471 -1.0276 0.1748, -2.851 -0.9409 0.172, -2.851 -1.0276 0.172, -2.8542 -0.9409 0.1683, -2.8542 -1.0276 0.1683, -2.8563 -0.9409 0.164, -2.8563 -1.0276 0.164, -2.9042 -0.9409 0.0264, -2.9042 -1.0276 0.0264, -2.9085 -1.0276 0.0177, -2.9085 -0.9409 0.0177, -2.9148 -1.0276 0.0103, -2.9148 -0.9409 0.0103, -2.9227 -1.0276 0.0047, -2.9227 -0.9409 0.0047, -2.9317 -1.0276 0.0012, -2.9317 -0.9409 0.0012, -2.9414 -1.0276 0.0, -2.9414 -0.9409 0.0, -3.1496 -0.9409 0.0, -3.1496 -1.0276 0.0, -3.1496 -0.9409 0.0591, -3.1496 -1.0276 0.0591, -2.9694 -0.9409 0.0591, -2.9694 -1.0276 0.0591, -2.9645 -0.9409 0.0597, -2.9645 -1.0276 0.0597, -2.96 -0.9409 0.0614, -2.96 -1.0276 0.0614, -2.9561 -0.9409 0.0642, -2.9561 -1.0276 0.0642, -2.9529 -0.9409 0.0679, -2.9529 -1.0276 0.0679, -2.9508 -0.9409 0.0723, -2.9508 -1.0276 0.0723, -2.9029 -0.9409 0.2098, -2.9029 -1.0276 0.2098, -2.8986 -1.0276 0.2185, -2.8986 -0.9409 0.2185, -2.8923 -1.0276 0.2259, -2.8923 -0.9409 0.2259, -2.8844 -1.0276 0.2315, -2.8844 -0.9409 0.2315, -2.8753 -1.0276 0.235, -2.8753 -0.9409 0.235, -2.8657 -1.0276 0.2362, -2.8657 -0.9409 0.2362, -2.7559 -0.9409 0.2362, -2.7559 -1.0276 0.2362, 2.9508 -0.9409 0.0723, 2.9508 -1.0276 0.0723, 2.9529 -0.9409 0.0679, 2.9529 -1.0276 0.0679, 2.9561 -0.9409 0.0642, 2.9561 -1.0276 0.0642, 2.96 -0.9409 0.0614, 2.96 -1.0276 0.0614, 2.9645 -0.9409 0.0597, 2.9645 -1.0276 0.0597, 2.9694 -0.9409 0.0591, 2.9694 -1.0276 0.0591, 3.1496 -0.9409 0.0591, 3.1496 -1.0276 0.0591, 3.1496 -0.9409 0.0, 3.1496 -1.0276 0.0, 2.9414 -0.9409 0.0, 2.9414 -1.0276 0.0, 2.9317 -1.0276 0.0012, 2.9317 -0.9409 0.0012, 2.9227 -1.0276 0.0047, 2.9227 -0.9409 0.0047, 2.9148 -1.0276 0.0103, 2.9148 -0.9409 0.0103, 2.9085 -1.0276 0.0177, 2.9085 -0.9409 0.0177, 2.9042 -1.0276 0.0264, 2.9042 -0.9409 0.0264, 2.8563 -0.9409 0.164, 2.8563 -1.0276 0.164, 2.8542 -0.9409 0.1683, 2.8542 -1.0276 0.1683, 2.851 -0.9409 0.172, 2.851 -1.0276 0.172, 2.8471 -0.9409 0.1748, 2.8471 -1.0276 0.1748, 2.8425 -0.9409 0.1766, 2.8425 -1.0276 0.1766, 2.8377 -0.9409 0.1772, 2.8377 -1.0276 0.1772, 2.7507 -0.9409 0.1772, 2.7507 -1.0276 0.1772, 2.8657 -0.9409 0.2362, 2.7559 -0.9409 0.2362, 2.8657 -1.0276 0.2362, 2.7559 -1.0276 0.2362, 2.8753 -1.0276 0.235, 2.8753 -0.9409 0.235, 2.8844 -1.0276 0.2315, 2.8844 -0.9409 0.2315, 2.8923 -1.0276 0.2259, 2.8923 -0.9409 0.2259, 2.8986 -1.0276 0.2185, 2.8986 -0.9409 0.2185, 2.9029 -1.0276 0.2098, 2.9029 -0.9409 0.2098, -2.8377 -1.1378 0.1772, -2.7507 -1.1378 0.1772, -2.8377 -1.2244 0.1772, -2.7507 -1.2244 0.1772, -2.8425 -1.1378 0.1766, -2.8425 -1.2244 0.1766, -2.8471 -1.1378 0.1748, -2.8471 -1.2244 0.1748, -2.851 -1.1378 0.172, -2.851 -1.2244 0.172, -2.8542 -1.1378 0.1683, -2.8542 -1.2244 0.1683, -2.8563 -1.1378 0.164, -2.8563 -1.2244 0.164, -2.9042 -1.1378 0.0264, -2.9042 -1.2244 0.0264, -2.9085 -1.2244 0.0177, -2.9085 -1.1378 0.0177, -2.9148 -1.2244 0.0103, -2.9148 -1.1378 0.0103, -2.9227 -1.2244 0.0047, -2.9227 -1.1378 0.0047, -2.9317 -1.2244 0.0012, -2.9317 -1.1378 0.0012, -2.9414 -1.2244 0.0, -2.9414 -1.1378 0.0, -3.1496 -1.1378 0.0, -3.1496 -1.2244 0.0, -3.1496 -1.1378 0.0591, -3.1496 -1.2244 0.0591, -2.9694 -1.1378 0.0591, -2.9694 -1.2244 0.0591, -2.9645 -1.1378 0.0597, -2.9645 -1.2244 0.0597, -2.96 -1.1378 0.0614, -2.96 -1.2244 0.0614, -2.9561 -1.1378 0.0642, -2.9561 -1.2244 0.0642, -2.9529 -1.1378 0.0679, -2.9529 -1.2244 0.0679, -2.9508 -1.1378 0.0723, -2.9508 -1.2244 0.0723, -2.9029 -1.1378 0.2098, -2.9029 -1.2244 0.2098, -2.8986 -1.2244 0.2185, -2.8986 -1.1378 0.2185, -2.8923 -1.2244 0.2259, -2.8923 -1.1378 0.2259, -2.8844 -1.2244 0.2315, -2.8844 -1.1378 0.2315, -2.8753 -1.2244 0.235, -2.8753 -1.1378 0.235, -2.8657 -1.2244 0.2362, -2.8657 -1.1378 0.2362, -2.7559 -1.1378 0.2362, -2.7559 -1.2244 0.2362, 2.9508 -1.1378 0.0723, 2.9508 -1.2244 0.0723, 2.9529 -1.1378 0.0679, 2.9529 -1.2244 0.0679, 2.9561 -1.1378 0.0642, 2.9561 -1.2244 0.0642, 2.96 -1.1378 0.0614, 2.96 -1.2244 0.0614, 2.9645 -1.1378 0.0597, 2.9645 -1.2244 0.0597, 2.9694 -1.1378 0.0591, 2.9694 -1.2244 0.0591, 3.1496 -1.1378 0.0591, 3.1496 -1.2244 0.0591, 3.1496 -1.1378 0.0, 3.1496 -1.2244 0.0, 2.9414 -1.1378 0.0, 2.9414 -1.2244 0.0, 2.9317 -1.2244 0.0012, 2.9317 -1.1378 0.0012, 2.9227 -1.2244 0.0047, 2.9227 -1.1378 0.0047, 2.9148 -1.2244 0.0103, 2.9148 -1.1378 0.0103, 2.9085 -1.2244 0.0177, 2.9085 -1.1378 0.0177, 2.9042 -1.2244 0.0264, 2.9042 -1.1378 0.0264, 2.8563 -1.1378 0.164, 2.8563 -1.2244 0.164, 2.8542 -1.1378 0.1683, 2.8542 -1.2244 0.1683, 2.851 -1.1378 0.172, 2.851 -1.2244 0.172, 2.8471 -1.1378 0.1748, 2.8471 -1.2244 0.1748, 2.8425 -1.1378 0.1766, 2.8425 -1.2244 0.1766, 2.8377 -1.1378 0.1772, 2.8377 -1.2244 0.1772, 2.7507 -1.1378 0.1772, 2.7507 -1.2244 0.1772, 2.8657 -1.1378 0.2362, 2.7559 -1.1378 0.2362, 2.8657 -1.2244 0.2362, 2.7559 -1.2244 0.2362, 2.8753 -1.2244 0.235, 2.8753 -1.1378 0.235, 2.8844 -1.2244 0.2315, 2.8844 -1.1378 0.2315, 2.8923 -1.2244 0.2259, 2.8923 -1.1378 0.2259, 2.8986 -1.2244 0.2185, 2.8986 -1.1378 0.2185, 2.9029 -1.2244 0.2098, 2.9029 -1.1378 0.2098, -2.8377 -1.3346 0.1772, -2.7507 -1.3346 0.1772, -2.8377 -1.4213 0.1772, -2.7507 -1.4213 0.1772, -2.8425 -1.3346 0.1766, -2.8425 -1.4213 0.1766, -2.8471 -1.3346 0.1748, -2.8471 -1.4213 0.1748, -2.851 -1.3346 0.172, -2.851 -1.4213 0.172, -2.8542 -1.3346 0.1683, -2.8542 -1.4213 0.1683, -2.8563 -1.3346 0.164, -2.8563 -1.4213 0.164, -2.9042 -1.3346 0.0264, -2.9042 -1.4213 0.0264, -2.9085 -1.4213 0.0177, -2.9085 -1.3346 0.0177, -2.9148 -1.4213 0.0103, -2.9148 -1.3346 0.0103, -2.9227 -1.4213 0.0047, -2.9227 -1.3346 0.0047, -2.9317 -1.4213 0.0012, -2.9317 -1.3346 0.0012, -2.9414 -1.4213 0.0, -2.9414 -1.3346 0.0, -3.1496 -1.3346 0.0, -3.1496 -1.4213 0.0, -3.1496 -1.3346 0.0591, -3.1496 -1.4213 0.0591, -2.9694 -1.3346 0.0591, -2.9694 -1.4213 0.0591, -2.9645 -1.3346 0.0597, -2.9645 -1.4213 0.0597, -2.96 -1.3346 0.0614, -2.96 -1.4213 0.0614, -2.9561 -1.3346 0.0642, -2.9561 -1.4213 0.0642, -2.9529 -1.3346 0.0679, -2.9529 -1.4213 0.0679, -2.9508 -1.3346 0.0723, -2.9508 -1.4213 0.0723, -2.9029 -1.3346 0.2098, -2.9029 -1.4213 0.2098, -2.8986 -1.4213 0.2185, -2.8986 -1.3346 0.2185, -2.8923 -1.4213 0.2259, -2.8923 -1.3346 0.2259, -2.8844 -1.4213 0.2315, -2.8844 -1.3346 0.2315, -2.8753 -1.4213 0.235, -2.8753 -1.3346 0.235, -2.8657 -1.4213 0.2362, -2.8657 -1.3346 0.2362, -2.7559 -1.3346 0.2362, -2.7559 -1.4213 0.2362, 2.9508 -1.3346 0.0723, 2.9508 -1.4213 0.0723, 2.9529 -1.3346 0.0679, 2.9529 -1.4213 0.0679, 2.9561 -1.3346 0.0642, 2.9561 -1.4213 0.0642, 2.96 -1.3346 0.0614, 2.96 -1.4213 0.0614, 2.9645 -1.3346 0.0597, 2.9645 -1.4213 0.0597, 2.9694 -1.3346 0.0591, 2.9694 -1.4213 0.0591, 3.1496 -1.3346 0.0591, 3.1496 -1.4213 0.0591, 3.1496 -1.3346 0.0, 3.1496 -1.4213 0.0, 2.9414 -1.3346 0.0, 2.9414 -1.4213 0.0, 2.9317 -1.4213 0.0012, 2.9317 -1.3346 0.0012, 2.9227 -1.4213 0.0047, 2.9227 -1.3346 0.0047, 2.9148 -1.4213 0.0103, 2.9148 -1.3346 0.0103, 2.9085 -1.4213 0.0177, 2.9085 -1.3346 0.0177, 2.9042 -1.4213 0.0264, 2.9042 -1.3346 0.0264, 2.8563 -1.3346 0.164, 2.8563 -1.4213 0.164, 2.8542 -1.3346 0.1683, 2.8542 -1.4213 0.1683, 2.851 -1.3346 0.172, 2.851 -1.4213 0.172, 2.8471 -1.3346 0.1748, 2.8471 -1.4213 0.1748, 2.8425 -1.3346 0.1766, 2.8425 -1.4213 0.1766, 2.8377 -1.3346 0.1772, 2.8377 -1.4213 0.1772, 2.7507 -1.3346 0.1772, 2.7507 -1.4213 0.1772, 2.8657 -1.3346 0.2362, 2.7559 -1.3346 0.2362, 2.8657 -1.4213 0.2362, 2.7559 -1.4213 0.2362, 2.8753 -1.4213 0.235, 2.8753 -1.3346 0.235, 2.8844 -1.4213 0.2315, 2.8844 -1.3346 0.2315, 2.8923 -1.4213 0.2259, 2.8923 -1.3346 0.2259, 2.8986 -1.4213 0.2185, 2.8986 -1.3346 0.2185, 2.9029 -1.4213 0.2098, 2.9029 -1.3346 0.2098, -2.8377 -1.5315 0.1772, -2.7507 -1.5315 0.1772, -2.8377 -1.6181 0.1772, -2.7507 -1.6181 0.1772, -2.8425 -1.5315 0.1766, -2.8425 -1.6181 0.1766, -2.8471 -1.5315 0.1748, -2.8471 -1.6181 0.1748, -2.851 -1.5315 0.172, -2.851 -1.6181 0.172, -2.8542 -1.5315 0.1683, -2.8542 -1.6181 0.1683, -2.8563 -1.5315 0.164, -2.8563 -1.6181 0.164, -2.9042 -1.5315 0.0264, -2.9042 -1.6181 0.0264, -2.9085 -1.6181 0.0177, -2.9085 -1.5315 0.0177, -2.9148 -1.6181 0.0103, -2.9148 -1.5315 0.0103, -2.9227 -1.6181 0.0047, -2.9227 -1.5315 0.0047, -2.9317 -1.6181 0.0012, -2.9317 -1.5315 0.0012, -2.9414 -1.6181 0.0, -2.9414 -1.5315 0.0, -3.1496 -1.5315 0.0, -3.1496 -1.6181 0.0, -3.1496 -1.5315 0.0591, -3.1496 -1.6181 0.0591, -2.9694 -1.5315 0.0591, -2.9694 -1.6181 0.0591, -2.9645 -1.5315 0.0597, -2.9645 -1.6181 0.0597, -2.96 -1.5315 0.0614, -2.96 -1.6181 0.0614, -2.9561 -1.5315 0.0642, -2.9561 -1.6181 0.0642, -2.9529 -1.5315 0.0679, -2.9529 -1.6181 0.0679, -2.9508 -1.5315 0.0723, -2.9508 -1.6181 0.0723, -2.9029 -1.5315 0.2098, -2.9029 -1.6181 0.2098, -2.8986 -1.6181 0.2185, -2.8986 -1.5315 0.2185, -2.8923 -1.6181 0.2259, -2.8923 -1.5315 0.2259, -2.8844 -1.6181 0.2315, -2.8844 -1.5315 0.2315, -2.8753 -1.6181 0.235, -2.8753 -1.5315 0.235, -2.8657 -1.6181 0.2362, -2.8657 -1.5315 0.2362, -2.7559 -1.5315 0.2362, -2.7559 -1.6181 0.2362, 2.9508 -1.5315 0.0723, 2.9508 -1.6181 0.0723, 2.9529 -1.5315 0.0679, 2.9529 -1.6181 0.0679, 2.9561 -1.5315 0.0642, 2.9561 -1.6181 0.0642, 2.96 -1.5315 0.0614, 2.96 -1.6181 0.0614, 2.9645 -1.5315 0.0597, 2.9645 -1.6181 0.0597, 2.9694 -1.5315 0.0591, 2.9694 -1.6181 0.0591, 3.1496 -1.5315 0.0591, 3.1496 -1.6181 0.0591, 3.1496 -1.5315 0.0, 3.1496 -1.6181 0.0, 2.9414 -1.5315 0.0, 2.9414 -1.6181 0.0, 2.9317 -1.6181 0.0012, 2.9317 -1.5315 0.0012, 2.9227 -1.6181 0.0047, 2.9227 -1.5315 0.0047, 2.9148 -1.6181 0.0103, 2.9148 -1.5315 0.0103, 2.9085 -1.6181 0.0177, 2.9085 -1.5315 0.0177, 2.9042 -1.6181 0.0264, 2.9042 -1.5315 0.0264, 2.8563 -1.5315 0.164, 2.8563 -1.6181 0.164, 2.8542 -1.5315 0.1683, 2.8542 -1.6181 0.1683, 2.851 -1.5315 0.172, 2.851 -1.6181 0.172, 2.8471 -1.5315 0.1748, 2.8471 -1.6181 0.1748, 2.8425 -1.5315 0.1766, 2.8425 -1.6181 0.1766, 2.8377 -1.5315 0.1772, 2.8377 -1.6181 0.1772, 2.7507 -1.5315 0.1772, 2.7507 -1.6181 0.1772, 2.8657 -1.5315 0.2362, 2.7559 -1.5315 0.2362, 2.8657 -1.6181 0.2362, 2.7559 -1.6181 0.2362, 2.8753 -1.6181 0.235, 2.8753 -1.5315 0.235, 2.8844 -1.6181 0.2315, 2.8844 -1.5315 0.2315, 2.8923 -1.6181 0.2259, 2.8923 -1.5315 0.2259, 2.8986 -1.6181 0.2185, 2.8986 -1.5315 0.2185, 2.9029 -1.6181 0.2098, 2.9029 -1.5315 0.2098, -2.8377 -1.7283 0.1772, -2.7507 -1.7283 0.1772, -2.8377 -1.815 0.1772, -2.7507 -1.815 0.1772, -2.8425 -1.7283 0.1766, -2.8425 -1.815 0.1766, -2.8471 -1.7283 0.1748, -2.8471 -1.815 0.1748, -2.851 -1.7283 0.172, -2.851 -1.815 0.172, -2.8542 -1.7283 0.1683, -2.8542 -1.815 0.1683, -2.8563 -1.7283 0.164, -2.8563 -1.815 0.164, -2.9042 -1.7283 0.0264, -2.9042 -1.815 0.0264, -2.9085 -1.815 0.0177, -2.9085 -1.7283 0.0177, -2.9148 -1.815 0.0103, -2.9148 -1.7283 0.0103, -2.9227 -1.815 0.0047, -2.9227 -1.7283 0.0047, -2.9317 -1.815 0.0012, -2.9317 -1.7283 0.0012, -2.9414 -1.815 0.0, -2.9414 -1.7283 0.0, -3.1496 -1.7283 0.0, -3.1496 -1.815 0.0, -3.1496 -1.7283 0.0591, -3.1496 -1.815 0.0591, -2.9694 -1.7283 0.0591, -2.9694 -1.815 0.0591, -2.9645 -1.7283 0.0597, -2.9645 -1.815 0.0597, -2.96 -1.7283 0.0614, -2.96 -1.815 0.0614, -2.9561 -1.7283 0.0642, -2.9561 -1.815 0.0642, -2.9529 -1.7283 0.0679, -2.9529 -1.815 0.0679, -2.9508 -1.7283 0.0723, -2.9508 -1.815 0.0723, -2.9029 -1.7283 0.2098, -2.9029 -1.815 0.2098, -2.8986 -1.815 0.2185, -2.8986 -1.7283 0.2185, -2.8923 -1.815 0.2259, -2.8923 -1.7283 0.2259, -2.8844 -1.815 0.2315, -2.8844 -1.7283 0.2315, -2.8753 -1.815 0.235, -2.8753 -1.7283 0.235, -2.8657 -1.815 0.2362, -2.8657 -1.7283 0.2362, -2.7559 -1.7283 0.2362, -2.7559 -1.815 0.2362, 2.9508 -1.7283 0.0723, 2.9508 -1.815 0.0723, 2.9529 -1.7283 0.0679, 2.9529 -1.815 0.0679, 2.9561 -1.7283 0.0642, 2.9561 -1.815 0.0642, 2.96 -1.7283 0.0614, 2.96 -1.815 0.0614, 2.9645 -1.7283 0.0597, 2.9645 -1.815 0.0597, 2.9694 -1.7283 0.0591, 2.9694 -1.815 0.0591, 3.1496 -1.7283 0.0591, 3.1496 -1.815 0.0591, 3.1496 -1.7283 0.0, 3.1496 -1.815 0.0, 2.9414 -1.7283 0.0, 2.9414 -1.815 0.0, 2.9317 -1.815 0.0012, 2.9317 -1.7283 0.0012, 2.9227 -1.815 0.0047, 2.9227 -1.7283 0.0047, 2.9148 -1.815 0.0103, 2.9148 -1.7283 0.0103, 2.9085 -1.815 0.0177, 2.9085 -1.7283 0.0177, 2.9042 -1.815 0.0264, 2.9042 -1.7283 0.0264, 2.8563 -1.7283 0.164, 2.8563 -1.815 0.164, 2.8542 -1.7283 0.1683, 2.8542 -1.815 0.1683, 2.851 -1.7283 0.172, 2.851 -1.815 0.172, 2.8471 -1.7283 0.1748, 2.8471 -1.815 0.1748, 2.8425 -1.7283 0.1766, 2.8425 -1.815 0.1766, 2.8377 -1.7283 0.1772, 2.8377 -1.815 0.1772, 2.7507 -1.7283 0.1772, 2.7507 -1.815 0.1772, 2.8657 -1.7283 0.2362, 2.7559 -1.7283 0.2362, 2.8657 -1.815 0.2362, 2.7559 -1.815 0.2362, 2.8753 -1.815 0.235, 2.8753 -1.7283 0.235, 2.8844 -1.815 0.2315, 2.8844 -1.7283 0.2315, 2.8923 -1.815 0.2259, 2.8923 -1.7283 0.2259, 2.8986 -1.815 0.2185, 2.8986 -1.7283 0.2185, 2.9029 -1.815 0.2098, 2.9029 -1.7283 0.2098, -2.8377 -1.9252 0.1772, -2.7507 -1.9252 0.1772, -2.8377 -2.0118 0.1772, -2.7507 -2.0118 0.1772, -2.8425 -1.9252 0.1766, -2.8425 -2.0118 0.1766, -2.8471 -1.9252 0.1748, -2.8471 -2.0118 0.1748, -2.851 -1.9252 0.172, -2.851 -2.0118 0.172, -2.8542 -1.9252 0.1683, -2.8542 -2.0118 0.1683, -2.8563 -1.9252 0.164, -2.8563 -2.0118 0.164, -2.9042 -1.9252 0.0264, -2.9042 -2.0118 0.0264, -2.9085 -2.0118 0.0177, -2.9085 -1.9252 0.0177, -2.9148 -2.0118 0.0103, -2.9148 -1.9252 0.0103, -2.9227 -2.0118 0.0047, -2.9227 -1.9252 0.0047, -2.9317 -2.0118 0.0012, -2.9317 -1.9252 0.0012, -2.9414 -2.0118 0.0, -2.9414 -1.9252 0.0, -3.1496 -1.9252 0.0, -3.1496 -2.0118 0.0, -3.1496 -1.9252 0.0591, -3.1496 -2.0118 0.0591, -2.9694 -1.9252 0.0591, -2.9694 -2.0118 0.0591, -2.9645 -1.9252 0.0597, -2.9645 -2.0118 0.0597, -2.96 -1.9252 0.0614, -2.96 -2.0118 0.0614, -2.9561 -1.9252 0.0642, -2.9561 -2.0118 0.0642, -2.9529 -1.9252 0.0679, -2.9529 -2.0118 0.0679, -2.9508 -1.9252 0.0723, -2.9508 -2.0118 0.0723, -2.9029 -1.9252 0.2098, -2.9029 -2.0118 0.2098, -2.8986 -2.0118 0.2185, -2.8986 -1.9252 0.2185, -2.8923 -2.0118 0.2259, -2.8923 -1.9252 0.2259, -2.8844 -2.0118 0.2315, -2.8844 -1.9252 0.2315, -2.8753 -2.0118 0.235, -2.8753 -1.9252 0.235, -2.8657 -2.0118 0.2362, -2.8657 -1.9252 0.2362, -2.7559 -1.9252 0.2362, -2.7559 -2.0118 0.2362, 2.9508 -1.9252 0.0723, 2.9508 -2.0118 0.0723, 2.9529 -1.9252 0.0679, 2.9529 -2.0118 0.0679, 2.9561 -1.9252 0.0642, 2.9561 -2.0118 0.0642, 2.96 -1.9252 0.0614, 2.96 -2.0118 0.0614, 2.9645 -1.9252 0.0597, 2.9645 -2.0118 0.0597, 2.9694 -1.9252 0.0591, 2.9694 -2.0118 0.0591, 3.1496 -1.9252 0.0591, 3.1496 -2.0118 0.0591, 3.1496 -1.9252 0.0, 3.1496 -2.0118 0.0, 2.9414 -1.9252 0.0, 2.9414 -2.0118 0.0, 2.9317 -2.0118 0.0012, 2.9317 -1.9252 0.0012, 2.9227 -2.0118 0.0047, 2.9227 -1.9252 0.0047, 2.9148 -2.0118 0.0103, 2.9148 -1.9252 0.0103, 2.9085 -2.0118 0.0177, 2.9085 -1.9252 0.0177, 2.9042 -2.0118 0.0264, 2.9042 -1.9252 0.0264, 2.8563 -1.9252 0.164, 2.8563 -2.0118 0.164, 2.8542 -1.9252 0.1683, 2.8542 -2.0118 0.1683, 2.851 -1.9252 0.172, 2.851 -2.0118 0.172, 2.8471 -1.9252 0.1748, 2.8471 -2.0118 0.1748, 2.8425 -1.9252 0.1766, 2.8425 -2.0118 0.1766, 2.8377 -1.9252 0.1772, 2.8377 -2.0118 0.1772, 2.7507 -1.9252 0.1772, 2.7507 -2.0118 0.1772, 2.8657 -1.9252 0.2362, 2.7559 -1.9252 0.2362, 2.8657 -2.0118 0.2362, 2.7559 -2.0118 0.2362, 2.8753 -2.0118 0.235, 2.8753 -1.9252 0.235, 2.8844 -2.0118 0.2315, 2.8844 -1.9252 0.2315, 2.8923 -2.0118 0.2259, 2.8923 -1.9252 0.2259, 2.8986 -2.0118 0.2185, 2.8986 -1.9252 0.2185, 2.9029 -2.0118 0.2098, 2.9029 -1.9252 0.2098, -2.8377 -2.122 0.1772, -2.7507 -2.122 0.1772, -2.8377 -2.2087 0.1772, -2.7507 -2.2087 0.1772, -2.8425 -2.122 0.1766, -2.8425 -2.2087 0.1766, -2.8471 -2.122 0.1748, -2.8471 -2.2087 0.1748, -2.851 -2.122 0.172, -2.851 -2.2087 0.172, -2.8542 -2.122 0.1683, -2.8542 -2.2087 0.1683, -2.8563 -2.122 0.164, -2.8563 -2.2087 0.164, -2.9042 -2.122 0.0264, -2.9042 -2.2087 0.0264, -2.9085 -2.2087 0.0177, -2.9085 -2.122 0.0177, -2.9148 -2.2087 0.0103, -2.9148 -2.122 0.0103, -2.9227 -2.2087 0.0047, -2.9227 -2.122 0.0047, -2.9317 -2.2087 0.0012, -2.9317 -2.122 0.0012, -2.9414 -2.2087 0.0, -2.9414 -2.122 0.0, -3.1496 -2.122 0.0, -3.1496 -2.2087 0.0, -3.1496 -2.122 0.0591, -3.1496 -2.2087 0.0591, -2.9694 -2.122 0.0591, -2.9694 -2.2087 0.0591, -2.9645 -2.122 0.0597, -2.9645 -2.2087 0.0597, -2.96 -2.122 0.0614, -2.96 -2.2087 0.0614, -2.9561 -2.122 0.0642, -2.9561 -2.2087 0.0642, -2.9529 -2.122 0.0679, -2.9529 -2.2087 0.0679, -2.9508 -2.122 0.0723, -2.9508 -2.2087 0.0723, -2.9029 -2.122 0.2098, -2.9029 -2.2087 0.2098, -2.8986 -2.2087 0.2185, -2.8986 -2.122 0.2185, -2.8923 -2.2087 0.2259, -2.8923 -2.122 0.2259, -2.8844 -2.2087 0.2315, -2.8844 -2.122 0.2315, -2.8753 -2.2087 0.235, -2.8753 -2.122 0.235, -2.8657 -2.2087 0.2362, -2.8657 -2.122 0.2362, -2.7559 -2.122 0.2362, -2.7559 -2.2087 0.2362, 2.9508 -2.122 0.0723, 2.9508 -2.2087 0.0723, 2.9529 -2.122 0.0679, 2.9529 -2.2087 0.0679, 2.9561 -2.122 0.0642, 2.9561 -2.2087 0.0642, 2.96 -2.122 0.0614, 2.96 -2.2087 0.0614, 2.9645 -2.122 0.0597, 2.9645 -2.2087 0.0597, 2.9694 -2.122 0.0591, 2.9694 -2.2087 0.0591, 3.1496 -2.122 0.0591, 3.1496 -2.2087 0.0591, 3.1496 -2.122 0.0, 3.1496 -2.2087 0.0, 2.9414 -2.122 0.0, 2.9414 -2.2087 0.0, 2.9317 -2.2087 0.0012, 2.9317 -2.122 0.0012, 2.9227 -2.2087 0.0047, 2.9227 -2.122 0.0047, 2.9148 -2.2087 0.0103, 2.9148 -2.122 0.0103, 2.9085 -2.2087 0.0177, 2.9085 -2.122 0.0177, 2.9042 -2.2087 0.0264, 2.9042 -2.122 0.0264, 2.8563 -2.122 0.164, 2.8563 -2.2087 0.164, 2.8542 -2.122 0.1683, 2.8542 -2.2087 0.1683, 2.851 -2.122 0.172, 2.851 -2.2087 0.172, 2.8471 -2.122 0.1748, 2.8471 -2.2087 0.1748, 2.8425 -2.122 0.1766, 2.8425 -2.2087 0.1766, 2.8377 -2.122 0.1772, 2.8377 -2.2087 0.1772, 2.7507 -2.122 0.1772, 2.7507 -2.2087 0.1772, 2.8657 -2.122 0.2362, 2.7559 -2.122 0.2362, 2.8657 -2.2087 0.2362, 2.7559 -2.2087 0.2362, 2.8753 -2.2087 0.235, 2.8753 -2.122 0.235, 2.8844 -2.2087 0.2315, 2.8844 -2.122 0.2315, 2.8923 -2.2087 0.2259, 2.8923 -2.122 0.2259, 2.8986 -2.2087 0.2185, 2.8986 -2.122 0.2185, 2.9029 -2.2087 0.2098, 2.9029 -2.122 0.2098, -2.8377 -2.3189 0.1772, -2.7507 -2.3189 0.1772, -2.8377 -2.4055 0.1772, -2.7507 -2.4055 0.1772, -2.8425 -2.3189 0.1766, -2.8425 -2.4055 0.1766, -2.8471 -2.3189 0.1748, -2.8471 -2.4055 0.1748, -2.851 -2.3189 0.172, -2.851 -2.4055 0.172, -2.8542 -2.3189 0.1683, -2.8542 -2.4055 0.1683, -2.8563 -2.3189 0.164, -2.8563 -2.4055 0.164, -2.9042 -2.3189 0.0264, -2.9042 -2.4055 0.0264, -2.9085 -2.4055 0.0177, -2.9085 -2.3189 0.0177, -2.9148 -2.4055 0.0103, -2.9148 -2.3189 0.0103, -2.9227 -2.4055 0.0047, -2.9227 -2.3189 0.0047, -2.9317 -2.4055 0.0012, -2.9317 -2.3189 0.0012, -2.9414 -2.4055 0.0, -2.9414 -2.3189 0.0, -3.1496 -2.3189 0.0, -3.1496 -2.4055 0.0, -3.1496 -2.3189 0.0591, -3.1496 -2.4055 0.0591, -2.9694 -2.3189 0.0591, -2.9694 -2.4055 0.0591, -2.9645 -2.3189 0.0597, -2.9645 -2.4055 0.0597, -2.96 -2.3189 0.0614, -2.96 -2.4055 0.0614, -2.9561 -2.3189 0.0642, -2.9561 -2.4055 0.0642, -2.9529 -2.3189 0.0679, -2.9529 -2.4055 0.0679, -2.9508 -2.3189 0.0723, -2.9508 -2.4055 0.0723, -2.9029 -2.3189 0.2098, -2.9029 -2.4055 0.2098, -2.8986 -2.4055 0.2185, -2.8986 -2.3189 0.2185, -2.8923 -2.4055 0.2259, -2.8923 -2.3189 0.2259, -2.8844 -2.4055 0.2315, -2.8844 -2.3189 0.2315, -2.8753 -2.4055 0.235, -2.8753 -2.3189 0.235, -2.8657 -2.4055 0.2362, -2.8657 -2.3189 0.2362, -2.7559 -2.3189 0.2362, -2.7559 -2.4055 0.2362, 2.9508 -2.3189 0.0723, 2.9508 -2.4055 0.0723, 2.9529 -2.3189 0.0679, 2.9529 -2.4055 0.0679, 2.9561 -2.3189 0.0642, 2.9561 -2.4055 0.0642, 2.96 -2.3189 0.0614, 2.96 -2.4055 0.0614, 2.9645 -2.3189 0.0597, 2.9645 -2.4055 0.0597, 2.9694 -2.3189 0.0591, 2.9694 -2.4055 0.0591, 3.1496 -2.3189 0.0591, 3.1496 -2.4055 0.0591, 3.1496 -2.3189 0.0, 3.1496 -2.4055 0.0, 2.9414 -2.3189 0.0, 2.9414 -2.4055 0.0, 2.9317 -2.4055 0.0012, 2.9317 -2.3189 0.0012, 2.9227 -2.4055 0.0047, 2.9227 -2.3189 0.0047, 2.9148 -2.4055 0.0103, 2.9148 -2.3189 0.0103, 2.9085 -2.4055 0.0177, 2.9085 -2.3189 0.0177, 2.9042 -2.4055 0.0264, 2.9042 -2.3189 0.0264, 2.8563 -2.3189 0.164, 2.8563 -2.4055 0.164, 2.8542 -2.3189 0.1683, 2.8542 -2.4055 0.1683, 2.851 -2.3189 0.172, 2.851 -2.4055 0.172, 2.8471 -2.3189 0.1748, 2.8471 -2.4055 0.1748, 2.8425 -2.3189 0.1766, 2.8425 -2.4055 0.1766, 2.8377 -2.3189 0.1772, 2.8377 -2.4055 0.1772, 2.7507 -2.3189 0.1772, 2.7507 -2.4055 0.1772, 2.8657 -2.3189 0.2362, 2.7559 -2.3189 0.2362, 2.8657 -2.4055 0.2362, 2.7559 -2.4055 0.2362, 2.8753 -2.4055 0.235, 2.8753 -2.3189 0.235, 2.8844 -2.4055 0.2315, 2.8844 -2.3189 0.2315, 2.8923 -2.4055 0.2259, 2.8923 -2.3189 0.2259, 2.8986 -2.4055 0.2185, 2.8986 -2.3189 0.2185, 2.9029 -2.4055 0.2098, 2.9029 -2.3189 0.2098, -2.4055 -2.8377 0.1772, -2.4055 -2.7507 0.1772, -2.3189 -2.8377 0.1772, -2.3189 -2.7507 0.1772, -2.4055 -2.8425 0.1766, -2.3189 -2.8425 0.1766, -2.4055 -2.8471 0.1748, -2.3189 -2.8471 0.1748, -2.4055 -2.851 0.172, -2.3189 -2.851 0.172, -2.4055 -2.8542 0.1683, -2.3189 -2.8542 0.1683, -2.4055 -2.8563 0.164, -2.3189 -2.8563 0.164, -2.4055 -2.9042 0.0264, -2.3189 -2.9042 0.0264, -2.3189 -2.9085 0.0177, -2.4055 -2.9085 0.0177, -2.3189 -2.9148 0.0103, -2.4055 -2.9148 0.0103, -2.3189 -2.9227 0.0047, -2.4055 -2.9227 0.0047, -2.3189 -2.9317 0.0012, -2.4055 -2.9317 0.0012, -2.3189 -2.9414 0.0, -2.4055 -2.9414 0.0, -2.4055 -3.1496 0.0, -2.3189 -3.1496 0.0, -2.4055 -3.1496 0.0591, -2.3189 -3.1496 0.0591, -2.4055 -2.9694 0.0591, -2.3189 -2.9694 0.0591, -2.4055 -2.9645 0.0597, -2.3189 -2.9645 0.0597, -2.4055 -2.96 0.0614, -2.3189 -2.96 0.0614, -2.4055 -2.9561 0.0642, -2.3189 -2.9561 0.0642, -2.4055 -2.9529 0.0679, -2.3189 -2.9529 0.0679, -2.4055 -2.9508 0.0723, -2.3189 -2.9508 0.0723, -2.4055 -2.9029 0.2098, -2.3189 -2.9029 0.2098, -2.3189 -2.8986 0.2185, -2.4055 -2.8986 0.2185, -2.3189 -2.8923 0.2259, -2.4055 -2.8923 0.2259, -2.3189 -2.8844 0.2315, -2.4055 -2.8844 0.2315, -2.3189 -2.8753 0.235, -2.4055 -2.8753 0.235, -2.3189 -2.8657 0.2362, -2.4055 -2.8657 0.2362, -2.4055 -2.7559 0.2362, -2.3189 -2.7559 0.2362, -2.4055 2.9508 0.0723, -2.3189 2.9508 0.0723, -2.4055 2.9529 0.0679, -2.3189 2.9529 0.0679, -2.4055 2.9561 0.0642, -2.3189 2.9561 0.0642, -2.4055 2.96 0.0614, -2.3189 2.96 0.0614, -2.4055 2.9645 0.0597, -2.3189 2.9645 0.0597, -2.4055 2.9694 0.0591, -2.3189 2.9694 0.0591, -2.4055 3.1496 0.0591, -2.3189 3.1496 0.0591, -2.4055 3.1496 0.0, -2.3189 3.1496 0.0, -2.4055 2.9414 0.0, -2.3189 2.9414 0.0, -2.3189 2.9317 0.0012, -2.4055 2.9317 0.0012, -2.3189 2.9227 0.0047, -2.4055 2.9227 0.0047, -2.3189 2.9148 0.0103, -2.4055 2.9148 0.0103, -2.3189 2.9085 0.0177, -2.4055 2.9085 0.0177, -2.3189 2.9042 0.0264, -2.4055 2.9042 0.0264, -2.4055 2.8563 0.164, -2.3189 2.8563 0.164, -2.4055 2.8542 0.1683, -2.3189 2.8542 0.1683, -2.4055 2.851 0.172, -2.3189 2.851 0.172, -2.4055 2.8471 0.1748, -2.3189 2.8471 0.1748, -2.4055 2.8425 0.1766, -2.3189 2.8425 0.1766, -2.4055 2.8377 0.1772, -2.3189 2.8377 0.1772, -2.4055 2.7507 0.1772, -2.3189 2.7507 0.1772, -2.4055 2.8657 0.2362, -2.4055 2.7559 0.2362, -2.3189 2.8657 0.2362, -2.3189 2.7559 0.2362, -2.3189 2.8753 0.235, -2.4055 2.8753 0.235, -2.3189 2.8844 0.2315, -2.4055 2.8844 0.2315, -2.3189 2.8923 0.2259, -2.4055 2.8923 0.2259, -2.3189 2.8986 0.2185, -2.4055 2.8986 0.2185, -2.3189 2.9029 0.2098, -2.4055 2.9029 0.2098, -2.2087 -2.8377 0.1772, -2.2087 -2.7507 0.1772, -2.122 -2.8377 0.1772, -2.122 -2.7507 0.1772, -2.2087 -2.8425 0.1766, -2.122 -2.8425 0.1766, -2.2087 -2.8471 0.1748, -2.122 -2.8471 0.1748, -2.2087 -2.851 0.172, -2.122 -2.851 0.172, -2.2087 -2.8542 0.1683, -2.122 -2.8542 0.1683, -2.2087 -2.8563 0.164, -2.122 -2.8563 0.164, -2.2087 -2.9042 0.0264, -2.122 -2.9042 0.0264, -2.122 -2.9085 0.0177, -2.2087 -2.9085 0.0177, -2.122 -2.9148 0.0103, -2.2087 -2.9148 0.0103, -2.122 -2.9227 0.0047, -2.2087 -2.9227 0.0047, -2.122 -2.9317 0.0012, -2.2087 -2.9317 0.0012, -2.122 -2.9414 0.0, -2.2087 -2.9414 0.0, -2.2087 -3.1496 0.0, -2.122 -3.1496 0.0, -2.2087 -3.1496 0.0591, -2.122 -3.1496 0.0591, -2.2087 -2.9694 0.0591, -2.122 -2.9694 0.0591, -2.2087 -2.9645 0.0597, -2.122 -2.9645 0.0597, -2.2087 -2.96 0.0614, -2.122 -2.96 0.0614, -2.2087 -2.9561 0.0642, -2.122 -2.9561 0.0642, -2.2087 -2.9529 0.0679, -2.122 -2.9529 0.0679, -2.2087 -2.9508 0.0723, -2.122 -2.9508 0.0723, -2.2087 -2.9029 0.2098, -2.122 -2.9029 0.2098, -2.122 -2.8986 0.2185, -2.2087 -2.8986 0.2185, -2.122 -2.8923 0.2259, -2.2087 -2.8923 0.2259, -2.122 -2.8844 0.2315, -2.2087 -2.8844 0.2315, -2.122 -2.8753 0.235, -2.2087 -2.8753 0.235, -2.122 -2.8657 0.2362, -2.2087 -2.8657 0.2362, -2.2087 -2.7559 0.2362, -2.122 -2.7559 0.2362, -2.2087 2.9508 0.0723, -2.122 2.9508 0.0723, -2.2087 2.9529 0.0679, -2.122 2.9529 0.0679, -2.2087 2.9561 0.0642, -2.122 2.9561 0.0642, -2.2087 2.96 0.0614, -2.122 2.96 0.0614, -2.2087 2.9645 0.0597, -2.122 2.9645 0.0597, -2.2087 2.9694 0.0591, -2.122 2.9694 0.0591, -2.2087 3.1496 0.0591, -2.122 3.1496 0.0591, -2.2087 3.1496 0.0, -2.122 3.1496 0.0, -2.2087 2.9414 0.0, -2.122 2.9414 0.0, -2.122 2.9317 0.0012, -2.2087 2.9317 0.0012, -2.122 2.9227 0.0047, -2.2087 2.9227 0.0047, -2.122 2.9148 0.0103, -2.2087 2.9148 0.0103, -2.122 2.9085 0.0177, -2.2087 2.9085 0.0177, -2.122 2.9042 0.0264, -2.2087 2.9042 0.0264, -2.2087 2.8563 0.164, -2.122 2.8563 0.164, -2.2087 2.8542 0.1683, -2.122 2.8542 0.1683, -2.2087 2.851 0.172, -2.122 2.851 0.172, -2.2087 2.8471 0.1748, -2.122 2.8471 0.1748, -2.2087 2.8425 0.1766, -2.122 2.8425 0.1766, -2.2087 2.8377 0.1772, -2.122 2.8377 0.1772, -2.2087 2.7507 0.1772, -2.122 2.7507 0.1772, -2.2087 2.8657 0.2362, -2.2087 2.7559 0.2362, -2.122 2.8657 0.2362, -2.122 2.7559 0.2362, -2.122 2.8753 0.235, -2.2087 2.8753 0.235, -2.122 2.8844 0.2315, -2.2087 2.8844 0.2315, -2.122 2.8923 0.2259, -2.2087 2.8923 0.2259, -2.122 2.8986 0.2185, -2.2087 2.8986 0.2185, -2.122 2.9029 0.2098, -2.2087 2.9029 0.2098, -2.0118 -2.8377 0.1772, -2.0118 -2.7507 0.1772, -1.9252 -2.8377 0.1772, -1.9252 -2.7507 0.1772, -2.0118 -2.8425 0.1766, -1.9252 -2.8425 0.1766, -2.0118 -2.8471 0.1748, -1.9252 -2.8471 0.1748, -2.0118 -2.851 0.172, -1.9252 -2.851 0.172, -2.0118 -2.8542 0.1683, -1.9252 -2.8542 0.1683, -2.0118 -2.8563 0.164, -1.9252 -2.8563 0.164, -2.0118 -2.9042 0.0264, -1.9252 -2.9042 0.0264, -1.9252 -2.9085 0.0177, -2.0118 -2.9085 0.0177, -1.9252 -2.9148 0.0103, -2.0118 -2.9148 0.0103, -1.9252 -2.9227 0.0047, -2.0118 -2.9227 0.0047, -1.9252 -2.9317 0.0012, -2.0118 -2.9317 0.0012, -1.9252 -2.9414 0.0, -2.0118 -2.9414 0.0, -2.0118 -3.1496 0.0, -1.9252 -3.1496 0.0, -2.0118 -3.1496 0.0591, -1.9252 -3.1496 0.0591, -2.0118 -2.9694 0.0591, -1.9252 -2.9694 0.0591, -2.0118 -2.9645 0.0597, -1.9252 -2.9645 0.0597, -2.0118 -2.96 0.0614, -1.9252 -2.96 0.0614, -2.0118 -2.9561 0.0642, -1.9252 -2.9561 0.0642, -2.0118 -2.9529 0.0679, -1.9252 -2.9529 0.0679, -2.0118 -2.9508 0.0723, -1.9252 -2.9508 0.0723, -2.0118 -2.9029 0.2098, -1.9252 -2.9029 0.2098, -1.9252 -2.8986 0.2185, -2.0118 -2.8986 0.2185, -1.9252 -2.8923 0.2259, -2.0118 -2.8923 0.2259, -1.9252 -2.8844 0.2315, -2.0118 -2.8844 0.2315, -1.9252 -2.8753 0.235, -2.0118 -2.8753 0.235, -1.9252 -2.8657 0.2362, -2.0118 -2.8657 0.2362, -2.0118 -2.7559 0.2362, -1.9252 -2.7559 0.2362, -2.0118 2.9508 0.0723, -1.9252 2.9508 0.0723, -2.0118 2.9529 0.0679, -1.9252 2.9529 0.0679, -2.0118 2.9561 0.0642, -1.9252 2.9561 0.0642, -2.0118 2.96 0.0614, -1.9252 2.96 0.0614, -2.0118 2.9645 0.0597, -1.9252 2.9645 0.0597, -2.0118 2.9694 0.0591, -1.9252 2.9694 0.0591, -2.0118 3.1496 0.0591, -1.9252 3.1496 0.0591, -2.0118 3.1496 0.0, -1.9252 3.1496 0.0, -2.0118 2.9414 0.0, -1.9252 2.9414 0.0, -1.9252 2.9317 0.0012, -2.0118 2.9317 0.0012, -1.9252 2.9227 0.0047, -2.0118 2.9227 0.0047, -1.9252 2.9148 0.0103, -2.0118 2.9148 0.0103, -1.9252 2.9085 0.0177, -2.0118 2.9085 0.0177, -1.9252 2.9042 0.0264, -2.0118 2.9042 0.0264, -2.0118 2.8563 0.164, -1.9252 2.8563 0.164, -2.0118 2.8542 0.1683, -1.9252 2.8542 0.1683, -2.0118 2.851 0.172, -1.9252 2.851 0.172, -2.0118 2.8471 0.1748, -1.9252 2.8471 0.1748, -2.0118 2.8425 0.1766, -1.9252 2.8425 0.1766, -2.0118 2.8377 0.1772, -1.9252 2.8377 0.1772, -2.0118 2.7507 0.1772, -1.9252 2.7507 0.1772, -2.0118 2.8657 0.2362, -2.0118 2.7559 0.2362, -1.9252 2.8657 0.2362, -1.9252 2.7559 0.2362, -1.9252 2.8753 0.235, -2.0118 2.8753 0.235, -1.9252 2.8844 0.2315, -2.0118 2.8844 0.2315, -1.9252 2.8923 0.2259, -2.0118 2.8923 0.2259, -1.9252 2.8986 0.2185, -2.0118 2.8986 0.2185, -1.9252 2.9029 0.2098, -2.0118 2.9029 0.2098, -1.815 -2.8377 0.1772, -1.815 -2.7507 0.1772, -1.7283 -2.8377 0.1772, -1.7283 -2.7507 0.1772, -1.815 -2.8425 0.1766, -1.7283 -2.8425 0.1766, -1.815 -2.8471 0.1748, -1.7283 -2.8471 0.1748, -1.815 -2.851 0.172, -1.7283 -2.851 0.172, -1.815 -2.8542 0.1683, -1.7283 -2.8542 0.1683, -1.815 -2.8563 0.164, -1.7283 -2.8563 0.164, -1.815 -2.9042 0.0264, -1.7283 -2.9042 0.0264, -1.7283 -2.9085 0.0177, -1.815 -2.9085 0.0177, -1.7283 -2.9148 0.0103, -1.815 -2.9148 0.0103, -1.7283 -2.9227 0.0047, -1.815 -2.9227 0.0047, -1.7283 -2.9317 0.0012, -1.815 -2.9317 0.0012, -1.7283 -2.9414 0.0, -1.815 -2.9414 0.0, -1.815 -3.1496 0.0, -1.7283 -3.1496 0.0, -1.815 -3.1496 0.0591, -1.7283 -3.1496 0.0591, -1.815 -2.9694 0.0591, -1.7283 -2.9694 0.0591, -1.815 -2.9645 0.0597, -1.7283 -2.9645 0.0597, -1.815 -2.96 0.0614, -1.7283 -2.96 0.0614, -1.815 -2.9561 0.0642, -1.7283 -2.9561 0.0642, -1.815 -2.9529 0.0679, -1.7283 -2.9529 0.0679, -1.815 -2.9508 0.0723, -1.7283 -2.9508 0.0723, -1.815 -2.9029 0.2098, -1.7283 -2.9029 0.2098, -1.7283 -2.8986 0.2185, -1.815 -2.8986 0.2185, -1.7283 -2.8923 0.2259, -1.815 -2.8923 0.2259, -1.7283 -2.8844 0.2315, -1.815 -2.8844 0.2315, -1.7283 -2.8753 0.235, -1.815 -2.8753 0.235, -1.7283 -2.8657 0.2362, -1.815 -2.8657 0.2362, -1.815 -2.7559 0.2362, -1.7283 -2.7559 0.2362, -1.815 2.9508 0.0723, -1.7283 2.9508 0.0723, -1.815 2.9529 0.0679, -1.7283 2.9529 0.0679, -1.815 2.9561 0.0642, -1.7283 2.9561 0.0642, -1.815 2.96 0.0614, -1.7283 2.96 0.0614, -1.815 2.9645 0.0597, -1.7283 2.9645 0.0597, -1.815 2.9694 0.0591, -1.7283 2.9694 0.0591, -1.815 3.1496 0.0591, -1.7283 3.1496 0.0591, -1.815 3.1496 0.0, -1.7283 3.1496 0.0, -1.815 2.9414 0.0, -1.7283 2.9414 0.0, -1.7283 2.9317 0.0012, -1.815 2.9317 0.0012, -1.7283 2.9227 0.0047, -1.815 2.9227 0.0047, -1.7283 2.9148 0.0103, -1.815 2.9148 0.0103, -1.7283 2.9085 0.0177, -1.815 2.9085 0.0177, -1.7283 2.9042 0.0264, -1.815 2.9042 0.0264, -1.815 2.8563 0.164, -1.7283 2.8563 0.164, -1.815 2.8542 0.1683, -1.7283 2.8542 0.1683, -1.815 2.851 0.172, -1.7283 2.851 0.172, -1.815 2.8471 0.1748, -1.7283 2.8471 0.1748, -1.815 2.8425 0.1766, -1.7283 2.8425 0.1766, -1.815 2.8377 0.1772, -1.7283 2.8377 0.1772, -1.815 2.7507 0.1772, -1.7283 2.7507 0.1772, -1.815 2.8657 0.2362, -1.815 2.7559 0.2362, -1.7283 2.8657 0.2362, -1.7283 2.7559 0.2362, -1.7283 2.8753 0.235, -1.815 2.8753 0.235, -1.7283 2.8844 0.2315, -1.815 2.8844 0.2315, -1.7283 2.8923 0.2259, -1.815 2.8923 0.2259, -1.7283 2.8986 0.2185, -1.815 2.8986 0.2185, -1.7283 2.9029 0.2098, -1.815 2.9029 0.2098, -1.6181 -2.8377 0.1772, -1.6181 -2.7507 0.1772, -1.5315 -2.8377 0.1772, -1.5315 -2.7507 0.1772, -1.6181 -2.8425 0.1766, -1.5315 -2.8425 0.1766, -1.6181 -2.8471 0.1748, -1.5315 -2.8471 0.1748, -1.6181 -2.851 0.172, -1.5315 -2.851 0.172, -1.6181 -2.8542 0.1683, -1.5315 -2.8542 0.1683, -1.6181 -2.8563 0.164, -1.5315 -2.8563 0.164, -1.6181 -2.9042 0.0264, -1.5315 -2.9042 0.0264, -1.5315 -2.9085 0.0177, -1.6181 -2.9085 0.0177, -1.5315 -2.9148 0.0103, -1.6181 -2.9148 0.0103, -1.5315 -2.9227 0.0047, -1.6181 -2.9227 0.0047, -1.5315 -2.9317 0.0012, -1.6181 -2.9317 0.0012, -1.5315 -2.9414 0.0, -1.6181 -2.9414 0.0, -1.6181 -3.1496 0.0, -1.5315 -3.1496 0.0, -1.6181 -3.1496 0.0591, -1.5315 -3.1496 0.0591, -1.6181 -2.9694 0.0591, -1.5315 -2.9694 0.0591, -1.6181 -2.9645 0.0597, -1.5315 -2.9645 0.0597, -1.6181 -2.96 0.0614, -1.5315 -2.96 0.0614, -1.6181 -2.9561 0.0642, -1.5315 -2.9561 0.0642, -1.6181 -2.9529 0.0679, -1.5315 -2.9529 0.0679, -1.6181 -2.9508 0.0723, -1.5315 -2.9508 0.0723, -1.6181 -2.9029 0.2098, -1.5315 -2.9029 0.2098, -1.5315 -2.8986 0.2185, -1.6181 -2.8986 0.2185, -1.5315 -2.8923 0.2259, -1.6181 -2.8923 0.2259, -1.5315 -2.8844 0.2315, -1.6181 -2.8844 0.2315, -1.5315 -2.8753 0.235, -1.6181 -2.8753 0.235, -1.5315 -2.8657 0.2362, -1.6181 -2.8657 0.2362, -1.6181 -2.7559 0.2362, -1.5315 -2.7559 0.2362, -1.6181 2.9508 0.0723, -1.5315 2.9508 0.0723, -1.6181 2.9529 0.0679, -1.5315 2.9529 0.0679, -1.6181 2.9561 0.0642, -1.5315 2.9561 0.0642, -1.6181 2.96 0.0614, -1.5315 2.96 0.0614, -1.6181 2.9645 0.0597, -1.5315 2.9645 0.0597, -1.6181 2.9694 0.0591, -1.5315 2.9694 0.0591, -1.6181 3.1496 0.0591, -1.5315 3.1496 0.0591, -1.6181 3.1496 0.0, -1.5315 3.1496 0.0, -1.6181 2.9414 0.0, -1.5315 2.9414 0.0, -1.5315 2.9317 0.0012, -1.6181 2.9317 0.0012, -1.5315 2.9227 0.0047, -1.6181 2.9227 0.0047, -1.5315 2.9148 0.0103, -1.6181 2.9148 0.0103, -1.5315 2.9085 0.0177, -1.6181 2.9085 0.0177, -1.5315 2.9042 0.0264, -1.6181 2.9042 0.0264, -1.6181 2.8563 0.164, -1.5315 2.8563 0.164, -1.6181 2.8542 0.1683, -1.5315 2.8542 0.1683, -1.6181 2.851 0.172, -1.5315 2.851 0.172, -1.6181 2.8471 0.1748, -1.5315 2.8471 0.1748, -1.6181 2.8425 0.1766, -1.5315 2.8425 0.1766, -1.6181 2.8377 0.1772, -1.5315 2.8377 0.1772, -1.6181 2.7507 0.1772, -1.5315 2.7507 0.1772, -1.6181 2.8657 0.2362, -1.6181 2.7559 0.2362, -1.5315 2.8657 0.2362, -1.5315 2.7559 0.2362, -1.5315 2.8753 0.235, -1.6181 2.8753 0.235, -1.5315 2.8844 0.2315, -1.6181 2.8844 0.2315, -1.5315 2.8923 0.2259, -1.6181 2.8923 0.2259, -1.5315 2.8986 0.2185, -1.6181 2.8986 0.2185, -1.5315 2.9029 0.2098, -1.6181 2.9029 0.2098, -1.4213 -2.8377 0.1772, -1.4213 -2.7507 0.1772, -1.3346 -2.8377 0.1772, -1.3346 -2.7507 0.1772, -1.4213 -2.8425 0.1766, -1.3346 -2.8425 0.1766, -1.4213 -2.8471 0.1748, -1.3346 -2.8471 0.1748, -1.4213 -2.851 0.172, -1.3346 -2.851 0.172, -1.4213 -2.8542 0.1683, -1.3346 -2.8542 0.1683, -1.4213 -2.8563 0.164, -1.3346 -2.8563 0.164, -1.4213 -2.9042 0.0264, -1.3346 -2.9042 0.0264, -1.3346 -2.9085 0.0177, -1.4213 -2.9085 0.0177, -1.3346 -2.9148 0.0103, -1.4213 -2.9148 0.0103, -1.3346 -2.9227 0.0047, -1.4213 -2.9227 0.0047, -1.3346 -2.9317 0.0012, -1.4213 -2.9317 0.0012, -1.3346 -2.9414 0.0, -1.4213 -2.9414 0.0, -1.4213 -3.1496 0.0, -1.3346 -3.1496 0.0, -1.4213 -3.1496 0.0591, -1.3346 -3.1496 0.0591, -1.4213 -2.9694 0.0591, -1.3346 -2.9694 0.0591, -1.4213 -2.9645 0.0597, -1.3346 -2.9645 0.0597, -1.4213 -2.96 0.0614, -1.3346 -2.96 0.0614, -1.4213 -2.9561 0.0642, -1.3346 -2.9561 0.0642, -1.4213 -2.9529 0.0679, -1.3346 -2.9529 0.0679, -1.4213 -2.9508 0.0723, -1.3346 -2.9508 0.0723, -1.4213 -2.9029 0.2098, -1.3346 -2.9029 0.2098, -1.3346 -2.8986 0.2185, -1.4213 -2.8986 0.2185, -1.3346 -2.8923 0.2259, -1.4213 -2.8923 0.2259, -1.3346 -2.8844 0.2315, -1.4213 -2.8844 0.2315, -1.3346 -2.8753 0.235, -1.4213 -2.8753 0.235, -1.3346 -2.8657 0.2362, -1.4213 -2.8657 0.2362, -1.4213 -2.7559 0.2362, -1.3346 -2.7559 0.2362, -1.4213 2.9508 0.0723, -1.3346 2.9508 0.0723, -1.4213 2.9529 0.0679, -1.3346 2.9529 0.0679, -1.4213 2.9561 0.0642, -1.3346 2.9561 0.0642, -1.4213 2.96 0.0614, -1.3346 2.96 0.0614, -1.4213 2.9645 0.0597, -1.3346 2.9645 0.0597, -1.4213 2.9694 0.0591, -1.3346 2.9694 0.0591, -1.4213 3.1496 0.0591, -1.3346 3.1496 0.0591, -1.4213 3.1496 0.0, -1.3346 3.1496 0.0, -1.4213 2.9414 0.0, -1.3346 2.9414 0.0, -1.3346 2.9317 0.0012, -1.4213 2.9317 0.0012, -1.3346 2.9227 0.0047, -1.4213 2.9227 0.0047, -1.3346 2.9148 0.0103, -1.4213 2.9148 0.0103, -1.3346 2.9085 0.0177, -1.4213 2.9085 0.0177, -1.3346 2.9042 0.0264, -1.4213 2.9042 0.0264, -1.4213 2.8563 0.164, -1.3346 2.8563 0.164, -1.4213 2.8542 0.1683, -1.3346 2.8542 0.1683, -1.4213 2.851 0.172, -1.3346 2.851 0.172, -1.4213 2.8471 0.1748, -1.3346 2.8471 0.1748, -1.4213 2.8425 0.1766, -1.3346 2.8425 0.1766, -1.4213 2.8377 0.1772, -1.3346 2.8377 0.1772, -1.4213 2.7507 0.1772, -1.3346 2.7507 0.1772, -1.4213 2.8657 0.2362, -1.4213 2.7559 0.2362, -1.3346 2.8657 0.2362, -1.3346 2.7559 0.2362, -1.3346 2.8753 0.235, -1.4213 2.8753 0.235, -1.3346 2.8844 0.2315, -1.4213 2.8844 0.2315, -1.3346 2.8923 0.2259, -1.4213 2.8923 0.2259, -1.3346 2.8986 0.2185, -1.4213 2.8986 0.2185, -1.3346 2.9029 0.2098, -1.4213 2.9029 0.2098, -1.2244 -2.8377 0.1772, -1.2244 -2.7507 0.1772, -1.1378 -2.8377 0.1772, -1.1378 -2.7507 0.1772, -1.2244 -2.8425 0.1766, -1.1378 -2.8425 0.1766, -1.2244 -2.8471 0.1748, -1.1378 -2.8471 0.1748, -1.2244 -2.851 0.172, -1.1378 -2.851 0.172, -1.2244 -2.8542 0.1683, -1.1378 -2.8542 0.1683, -1.2244 -2.8563 0.164, -1.1378 -2.8563 0.164, -1.2244 -2.9042 0.0264, -1.1378 -2.9042 0.0264, -1.1378 -2.9085 0.0177, -1.2244 -2.9085 0.0177, -1.1378 -2.9148 0.0103, -1.2244 -2.9148 0.0103, -1.1378 -2.9227 0.0047, -1.2244 -2.9227 0.0047, -1.1378 -2.9317 0.0012, -1.2244 -2.9317 0.0012, -1.1378 -2.9414 0.0, -1.2244 -2.9414 0.0, -1.2244 -3.1496 0.0, -1.1378 -3.1496 0.0, -1.2244 -3.1496 0.0591, -1.1378 -3.1496 0.0591, -1.2244 -2.9694 0.0591, -1.1378 -2.9694 0.0591, -1.2244 -2.9645 0.0597, -1.1378 -2.9645 0.0597, -1.2244 -2.96 0.0614, -1.1378 -2.96 0.0614, -1.2244 -2.9561 0.0642, -1.1378 -2.9561 0.0642, -1.2244 -2.9529 0.0679, -1.1378 -2.9529 0.0679, -1.2244 -2.9508 0.0723, -1.1378 -2.9508 0.0723, -1.2244 -2.9029 0.2098, -1.1378 -2.9029 0.2098, -1.1378 -2.8986 0.2185, -1.2244 -2.8986 0.2185, -1.1378 -2.8923 0.2259, -1.2244 -2.8923 0.2259, -1.1378 -2.8844 0.2315, -1.2244 -2.8844 0.2315, -1.1378 -2.8753 0.235, -1.2244 -2.8753 0.235, -1.1378 -2.8657 0.2362, -1.2244 -2.8657 0.2362, -1.2244 -2.7559 0.2362, -1.1378 -2.7559 0.2362, -1.2244 2.9508 0.0723, -1.1378 2.9508 0.0723, -1.2244 2.9529 0.0679, -1.1378 2.9529 0.0679, -1.2244 2.9561 0.0642, -1.1378 2.9561 0.0642, -1.2244 2.96 0.0614, -1.1378 2.96 0.0614, -1.2244 2.9645 0.0597, -1.1378 2.9645 0.0597, -1.2244 2.9694 0.0591, -1.1378 2.9694 0.0591, -1.2244 3.1496 0.0591, -1.1378 3.1496 0.0591, -1.2244 3.1496 0.0, -1.1378 3.1496 0.0, -1.2244 2.9414 0.0, -1.1378 2.9414 0.0, -1.1378 2.9317 0.0012, -1.2244 2.9317 0.0012, -1.1378 2.9227 0.0047, -1.2244 2.9227 0.0047, -1.1378 2.9148 0.0103, -1.2244 2.9148 0.0103, -1.1378 2.9085 0.0177, -1.2244 2.9085 0.0177, -1.1378 2.9042 0.0264, -1.2244 2.9042 0.0264, -1.2244 2.8563 0.164, -1.1378 2.8563 0.164, -1.2244 2.8542 0.1683, -1.1378 2.8542 0.1683, -1.2244 2.851 0.172, -1.1378 2.851 0.172, -1.2244 2.8471 0.1748, -1.1378 2.8471 0.1748, -1.2244 2.8425 0.1766, -1.1378 2.8425 0.1766, -1.2244 2.8377 0.1772, -1.1378 2.8377 0.1772, -1.2244 2.7507 0.1772, -1.1378 2.7507 0.1772, -1.2244 2.8657 0.2362, -1.2244 2.7559 0.2362, -1.1378 2.8657 0.2362, -1.1378 2.7559 0.2362, -1.1378 2.8753 0.235, -1.2244 2.8753 0.235, -1.1378 2.8844 0.2315, -1.2244 2.8844 0.2315, -1.1378 2.8923 0.2259, -1.2244 2.8923 0.2259, -1.1378 2.8986 0.2185, -1.2244 2.8986 0.2185, -1.1378 2.9029 0.2098, -1.2244 2.9029 0.2098, -1.0276 -2.8377 0.1772, -1.0276 -2.7507 0.1772, -0.9409 -2.8377 0.1772, -0.9409 -2.7507 0.1772, -1.0276 -2.8425 0.1766, -0.9409 -2.8425 0.1766, -1.0276 -2.8471 0.1748, -0.9409 -2.8471 0.1748, -1.0276 -2.851 0.172, -0.9409 -2.851 0.172, -1.0276 -2.8542 0.1683, -0.9409 -2.8542 0.1683, -1.0276 -2.8563 0.164, -0.9409 -2.8563 0.164, -1.0276 -2.9042 0.0264, -0.9409 -2.9042 0.0264, -0.9409 -2.9085 0.0177, -1.0276 -2.9085 0.0177, -0.9409 -2.9148 0.0103, -1.0276 -2.9148 0.0103, -0.9409 -2.9227 0.0047, -1.0276 -2.9227 0.0047, -0.9409 -2.9317 0.0012, -1.0276 -2.9317 0.0012, -0.9409 -2.9414 0.0, -1.0276 -2.9414 0.0, -1.0276 -3.1496 0.0, -0.9409 -3.1496 0.0, -1.0276 -3.1496 0.0591, -0.9409 -3.1496 0.0591, -1.0276 -2.9694 0.0591, -0.9409 -2.9694 0.0591, -1.0276 -2.9645 0.0597, -0.9409 -2.9645 0.0597, -1.0276 -2.96 0.0614, -0.9409 -2.96 0.0614, -1.0276 -2.9561 0.0642, -0.9409 -2.9561 0.0642, -1.0276 -2.9529 0.0679, -0.9409 -2.9529 0.0679, -1.0276 -2.9508 0.0723, -0.9409 -2.9508 0.0723, -1.0276 -2.9029 0.2098, -0.9409 -2.9029 0.2098, -0.9409 -2.8986 0.2185, -1.0276 -2.8986 0.2185, -0.9409 -2.8923 0.2259, -1.0276 -2.8923 0.2259, -0.9409 -2.8844 0.2315, -1.0276 -2.8844 0.2315, -0.9409 -2.8753 0.235, -1.0276 -2.8753 0.235, -0.9409 -2.8657 0.2362, -1.0276 -2.8657 0.2362, -1.0276 -2.7559 0.2362, -0.9409 -2.7559 0.2362, -1.0276 2.9508 0.0723, -0.9409 2.9508 0.0723, -1.0276 2.9529 0.0679, -0.9409 2.9529 0.0679, -1.0276 2.9561 0.0642, -0.9409 2.9561 0.0642, -1.0276 2.96 0.0614, -0.9409 2.96 0.0614, -1.0276 2.9645 0.0597, -0.9409 2.9645 0.0597, -1.0276 2.9694 0.0591, -0.9409 2.9694 0.0591, -1.0276 3.1496 0.0591, -0.9409 3.1496 0.0591, -1.0276 3.1496 0.0, -0.9409 3.1496 0.0, -1.0276 2.9414 0.0, -0.9409 2.9414 0.0, -0.9409 2.9317 0.0012, -1.0276 2.9317 0.0012, -0.9409 2.9227 0.0047, -1.0276 2.9227 0.0047, -0.9409 2.9148 0.0103, -1.0276 2.9148 0.0103, -0.9409 2.9085 0.0177, -1.0276 2.9085 0.0177, -0.9409 2.9042 0.0264, -1.0276 2.9042 0.0264, -1.0276 2.8563 0.164, -0.9409 2.8563 0.164, -1.0276 2.8542 0.1683, -0.9409 2.8542 0.1683, -1.0276 2.851 0.172, -0.9409 2.851 0.172, -1.0276 2.8471 0.1748, -0.9409 2.8471 0.1748, -1.0276 2.8425 0.1766, -0.9409 2.8425 0.1766, -1.0276 2.8377 0.1772, -0.9409 2.8377 0.1772, -1.0276 2.7507 0.1772, -0.9409 2.7507 0.1772, -1.0276 2.8657 0.2362, -1.0276 2.7559 0.2362, -0.9409 2.8657 0.2362, -0.9409 2.7559 0.2362, -0.9409 2.8753 0.235, -1.0276 2.8753 0.235, -0.9409 2.8844 0.2315, -1.0276 2.8844 0.2315, -0.9409 2.8923 0.2259, -1.0276 2.8923 0.2259, -0.9409 2.8986 0.2185, -1.0276 2.8986 0.2185, -0.9409 2.9029 0.2098, -1.0276 2.9029 0.2098, -0.8307 -2.8377 0.1772, -0.8307 -2.7507 0.1772, -0.7441 -2.8377 0.1772, -0.7441 -2.7507 0.1772, -0.8307 -2.8425 0.1766, -0.7441 -2.8425 0.1766, -0.8307 -2.8471 0.1748, -0.7441 -2.8471 0.1748, -0.8307 -2.851 0.172, -0.7441 -2.851 0.172, -0.8307 -2.8542 0.1683, -0.7441 -2.8542 0.1683, -0.8307 -2.8563 0.164, -0.7441 -2.8563 0.164, -0.8307 -2.9042 0.0264, -0.7441 -2.9042 0.0264, -0.7441 -2.9085 0.0177, -0.8307 -2.9085 0.0177, -0.7441 -2.9148 0.0103, -0.8307 -2.9148 0.0103, -0.7441 -2.9227 0.0047, -0.8307 -2.9227 0.0047, -0.7441 -2.9317 0.0012, -0.8307 -2.9317 0.0012, -0.7441 -2.9414 0.0, -0.8307 -2.9414 0.0, -0.8307 -3.1496 0.0, -0.7441 -3.1496 0.0, -0.8307 -3.1496 0.0591, -0.7441 -3.1496 0.0591, -0.8307 -2.9694 0.0591, -0.7441 -2.9694 0.0591, -0.8307 -2.9645 0.0597, -0.7441 -2.9645 0.0597, -0.8307 -2.96 0.0614, -0.7441 -2.96 0.0614, -0.8307 -2.9561 0.0642, -0.7441 -2.9561 0.0642, -0.8307 -2.9529 0.0679, -0.7441 -2.9529 0.0679, -0.8307 -2.9508 0.0723, -0.7441 -2.9508 0.0723, -0.8307 -2.9029 0.2098, -0.7441 -2.9029 0.2098, -0.7441 -2.8986 0.2185, -0.8307 -2.8986 0.2185, -0.7441 -2.8923 0.2259, -0.8307 -2.8923 0.2259, -0.7441 -2.8844 0.2315, -0.8307 -2.8844 0.2315, -0.7441 -2.8753 0.235, -0.8307 -2.8753 0.235, -0.7441 -2.8657 0.2362, -0.8307 -2.8657 0.2362, -0.8307 -2.7559 0.2362, -0.7441 -2.7559 0.2362, -0.8307 2.9508 0.0723, -0.7441 2.9508 0.0723, -0.8307 2.9529 0.0679, -0.7441 2.9529 0.0679, -0.8307 2.9561 0.0642, -0.7441 2.9561 0.0642, -0.8307 2.96 0.0614, -0.7441 2.96 0.0614, -0.8307 2.9645 0.0597, -0.7441 2.9645 0.0597, -0.8307 2.9694 0.0591, -0.7441 2.9694 0.0591, -0.8307 3.1496 0.0591, -0.7441 3.1496 0.0591, -0.8307 3.1496 0.0, -0.7441 3.1496 0.0, -0.8307 2.9414 0.0, -0.7441 2.9414 0.0, -0.7441 2.9317 0.0012, -0.8307 2.9317 0.0012, -0.7441 2.9227 0.0047, -0.8307 2.9227 0.0047, -0.7441 2.9148 0.0103, -0.8307 2.9148 0.0103, -0.7441 2.9085 0.0177, -0.8307 2.9085 0.0177, -0.7441 2.9042 0.0264, -0.8307 2.9042 0.0264, -0.8307 2.8563 0.164, -0.7441 2.8563 0.164, -0.8307 2.8542 0.1683, -0.7441 2.8542 0.1683, -0.8307 2.851 0.172, -0.7441 2.851 0.172, -0.8307 2.8471 0.1748, -0.7441 2.8471 0.1748, -0.8307 2.8425 0.1766, -0.7441 2.8425 0.1766, -0.8307 2.8377 0.1772, -0.7441 2.8377 0.1772, -0.8307 2.7507 0.1772, -0.7441 2.7507 0.1772, -0.8307 2.8657 0.2362, -0.8307 2.7559 0.2362, -0.7441 2.8657 0.2362, -0.7441 2.7559 0.2362, -0.7441 2.8753 0.235, -0.8307 2.8753 0.235, -0.7441 2.8844 0.2315, -0.8307 2.8844 0.2315, -0.7441 2.8923 0.2259, -0.8307 2.8923 0.2259, -0.7441 2.8986 0.2185, -0.8307 2.8986 0.2185, -0.7441 2.9029 0.2098, -0.8307 2.9029 0.2098, -0.6339 -2.8377 0.1772, -0.6339 -2.7507 0.1772, -0.5472 -2.8377 0.1772, -0.5472 -2.7507 0.1772, -0.6339 -2.8425 0.1766, -0.5472 -2.8425 0.1766, -0.6339 -2.8471 0.1748, -0.5472 -2.8471 0.1748, -0.6339 -2.851 0.172, -0.5472 -2.851 0.172, -0.6339 -2.8542 0.1683, -0.5472 -2.8542 0.1683, -0.6339 -2.8563 0.164, -0.5472 -2.8563 0.164, -0.6339 -2.9042 0.0264, -0.5472 -2.9042 0.0264, -0.5472 -2.9085 0.0177, -0.6339 -2.9085 0.0177, -0.5472 -2.9148 0.0103, -0.6339 -2.9148 0.0103, -0.5472 -2.9227 0.0047, -0.6339 -2.9227 0.0047, -0.5472 -2.9317 0.0012, -0.6339 -2.9317 0.0012, -0.5472 -2.9414 0.0, -0.6339 -2.9414 0.0, -0.6339 -3.1496 0.0, -0.5472 -3.1496 0.0, -0.6339 -3.1496 0.0591, -0.5472 -3.1496 0.0591, -0.6339 -2.9694 0.0591, -0.5472 -2.9694 0.0591, -0.6339 -2.9645 0.0597, -0.5472 -2.9645 0.0597, -0.6339 -2.96 0.0614, -0.5472 -2.96 0.0614, -0.6339 -2.9561 0.0642, -0.5472 -2.9561 0.0642, -0.6339 -2.9529 0.0679, -0.5472 -2.9529 0.0679, -0.6339 -2.9508 0.0723, -0.5472 -2.9508 0.0723, -0.6339 -2.9029 0.2098, -0.5472 -2.9029 0.2098, -0.5472 -2.8986 0.2185, -0.6339 -2.8986 0.2185, -0.5472 -2.8923 0.2259, -0.6339 -2.8923 0.2259, -0.5472 -2.8844 0.2315, -0.6339 -2.8844 0.2315, -0.5472 -2.8753 0.235, -0.6339 -2.8753 0.235, -0.5472 -2.8657 0.2362, -0.6339 -2.8657 0.2362, -0.6339 -2.7559 0.2362, -0.5472 -2.7559 0.2362, -0.6339 2.9508 0.0723, -0.5472 2.9508 0.0723, -0.6339 2.9529 0.0679, -0.5472 2.9529 0.0679, -0.6339 2.9561 0.0642, -0.5472 2.9561 0.0642, -0.6339 2.96 0.0614, -0.5472 2.96 0.0614, -0.6339 2.9645 0.0597, -0.5472 2.9645 0.0597, -0.6339 2.9694 0.0591, -0.5472 2.9694 0.0591, -0.6339 3.1496 0.0591, -0.5472 3.1496 0.0591, -0.6339 3.1496 0.0, -0.5472 3.1496 0.0, -0.6339 2.9414 0.0, -0.5472 2.9414 0.0, -0.5472 2.9317 0.0012, -0.6339 2.9317 0.0012, -0.5472 2.9227 0.0047, -0.6339 2.9227 0.0047, -0.5472 2.9148 0.0103, -0.6339 2.9148 0.0103, -0.5472 2.9085 0.0177, -0.6339 2.9085 0.0177, -0.5472 2.9042 0.0264, -0.6339 2.9042 0.0264, -0.6339 2.8563 0.164, -0.5472 2.8563 0.164, -0.6339 2.8542 0.1683, -0.5472 2.8542 0.1683, -0.6339 2.851 0.172, -0.5472 2.851 0.172, -0.6339 2.8471 0.1748, -0.5472 2.8471 0.1748, -0.6339 2.8425 0.1766, -0.5472 2.8425 0.1766, -0.6339 2.8377 0.1772, -0.5472 2.8377 0.1772, -0.6339 2.7507 0.1772, -0.5472 2.7507 0.1772, -0.6339 2.8657 0.2362, -0.6339 2.7559 0.2362, -0.5472 2.8657 0.2362, -0.5472 2.7559 0.2362, -0.5472 2.8753 0.235, -0.6339 2.8753 0.235, -0.5472 2.8844 0.2315, -0.6339 2.8844 0.2315, -0.5472 2.8923 0.2259, -0.6339 2.8923 0.2259, -0.5472 2.8986 0.2185, -0.6339 2.8986 0.2185, -0.5472 2.9029 0.2098, -0.6339 2.9029 0.2098, -0.437 -2.8377 0.1772, -0.437 -2.7507 0.1772, -0.3504 -2.8377 0.1772, -0.3504 -2.7507 0.1772, -0.437 -2.8425 0.1766, -0.3504 -2.8425 0.1766, -0.437 -2.8471 0.1748, -0.3504 -2.8471 0.1748, -0.437 -2.851 0.172, -0.3504 -2.851 0.172, -0.437 -2.8542 0.1683, -0.3504 -2.8542 0.1683, -0.437 -2.8563 0.164, -0.3504 -2.8563 0.164, -0.437 -2.9042 0.0264, -0.3504 -2.9042 0.0264, -0.3504 -2.9085 0.0177, -0.437 -2.9085 0.0177, -0.3504 -2.9148 0.0103, -0.437 -2.9148 0.0103, -0.3504 -2.9227 0.0047, -0.437 -2.9227 0.0047, -0.3504 -2.9317 0.0012, -0.437 -2.9317 0.0012, -0.3504 -2.9414 0.0, -0.437 -2.9414 0.0, -0.437 -3.1496 0.0, -0.3504 -3.1496 0.0, -0.437 -3.1496 0.0591, -0.3504 -3.1496 0.0591, -0.437 -2.9694 0.0591, -0.3504 -2.9694 0.0591, -0.437 -2.9645 0.0597, -0.3504 -2.9645 0.0597, -0.437 -2.96 0.0614, -0.3504 -2.96 0.0614, -0.437 -2.9561 0.0642, -0.3504 -2.9561 0.0642, -0.437 -2.9529 0.0679, -0.3504 -2.9529 0.0679, -0.437 -2.9508 0.0723, -0.3504 -2.9508 0.0723, -0.437 -2.9029 0.2098, -0.3504 -2.9029 0.2098, -0.3504 -2.8986 0.2185, -0.437 -2.8986 0.2185, -0.3504 -2.8923 0.2259, -0.437 -2.8923 0.2259, -0.3504 -2.8844 0.2315, -0.437 -2.8844 0.2315, -0.3504 -2.8753 0.235, -0.437 -2.8753 0.235, -0.3504 -2.8657 0.2362, -0.437 -2.8657 0.2362, -0.437 -2.7559 0.2362, -0.3504 -2.7559 0.2362, -0.437 2.9508 0.0723, -0.3504 2.9508 0.0723, -0.437 2.9529 0.0679, -0.3504 2.9529 0.0679, -0.437 2.9561 0.0642, -0.3504 2.9561 0.0642, -0.437 2.96 0.0614, -0.3504 2.96 0.0614, -0.437 2.9645 0.0597, -0.3504 2.9645 0.0597, -0.437 2.9694 0.0591, -0.3504 2.9694 0.0591, -0.437 3.1496 0.0591, -0.3504 3.1496 0.0591, -0.437 3.1496 0.0, -0.3504 3.1496 0.0, -0.437 2.9414 0.0, -0.3504 2.9414 0.0, -0.3504 2.9317 0.0012, -0.437 2.9317 0.0012, -0.3504 2.9227 0.0047, -0.437 2.9227 0.0047, -0.3504 2.9148 0.0103, -0.437 2.9148 0.0103, -0.3504 2.9085 0.0177, -0.437 2.9085 0.0177, -0.3504 2.9042 0.0264, -0.437 2.9042 0.0264, -0.437 2.8563 0.164, -0.3504 2.8563 0.164, -0.437 2.8542 0.1683, -0.3504 2.8542 0.1683, -0.437 2.851 0.172, -0.3504 2.851 0.172, -0.437 2.8471 0.1748, -0.3504 2.8471 0.1748, -0.437 2.8425 0.1766, -0.3504 2.8425 0.1766, -0.437 2.8377 0.1772, -0.3504 2.8377 0.1772, -0.437 2.7507 0.1772, -0.3504 2.7507 0.1772, -0.437 2.8657 0.2362, -0.437 2.7559 0.2362, -0.3504 2.8657 0.2362, -0.3504 2.7559 0.2362, -0.3504 2.8753 0.235, -0.437 2.8753 0.235, -0.3504 2.8844 0.2315, -0.437 2.8844 0.2315, -0.3504 2.8923 0.2259, -0.437 2.8923 0.2259, -0.3504 2.8986 0.2185, -0.437 2.8986 0.2185, -0.3504 2.9029 0.2098, -0.437 2.9029 0.2098, -0.2402 -2.8377 0.1772, -0.2402 -2.7507 0.1772, -0.1535 -2.8377 0.1772, -0.1535 -2.7507 0.1772, -0.2402 -2.8425 0.1766, -0.1535 -2.8425 0.1766, -0.2402 -2.8471 0.1748, -0.1535 -2.8471 0.1748, -0.2402 -2.851 0.172, -0.1535 -2.851 0.172, -0.2402 -2.8542 0.1683, -0.1535 -2.8542 0.1683, -0.2402 -2.8563 0.164, -0.1535 -2.8563 0.164, -0.2402 -2.9042 0.0264, -0.1535 -2.9042 0.0264, -0.1535 -2.9085 0.0177, -0.2402 -2.9085 0.0177, -0.1535 -2.9148 0.0103, -0.2402 -2.9148 0.0103, -0.1535 -2.9227 0.0047, -0.2402 -2.9227 0.0047, -0.1535 -2.9317 0.0012, -0.2402 -2.9317 0.0012, -0.1535 -2.9414 0.0, -0.2402 -2.9414 0.0, -0.2402 -3.1496 0.0, -0.1535 -3.1496 0.0, -0.2402 -3.1496 0.0591, -0.1535 -3.1496 0.0591, -0.2402 -2.9694 0.0591, -0.1535 -2.9694 0.0591, -0.2402 -2.9645 0.0597, -0.1535 -2.9645 0.0597, -0.2402 -2.96 0.0614, -0.1535 -2.96 0.0614, -0.2402 -2.9561 0.0642, -0.1535 -2.9561 0.0642, -0.2402 -2.9529 0.0679, -0.1535 -2.9529 0.0679, -0.2402 -2.9508 0.0723, -0.1535 -2.9508 0.0723, -0.2402 -2.9029 0.2098, -0.1535 -2.9029 0.2098, -0.1535 -2.8986 0.2185, -0.2402 -2.8986 0.2185, -0.1535 -2.8923 0.2259, -0.2402 -2.8923 0.2259, -0.1535 -2.8844 0.2315, -0.2402 -2.8844 0.2315, -0.1535 -2.8753 0.235, -0.2402 -2.8753 0.235, -0.1535 -2.8657 0.2362, -0.2402 -2.8657 0.2362, -0.2402 -2.7559 0.2362, -0.1535 -2.7559 0.2362, -0.2402 2.9508 0.0723, -0.1535 2.9508 0.0723, -0.2402 2.9529 0.0679, -0.1535 2.9529 0.0679, -0.2402 2.9561 0.0642, -0.1535 2.9561 0.0642, -0.2402 2.96 0.0614, -0.1535 2.96 0.0614, -0.2402 2.9645 0.0597, -0.1535 2.9645 0.0597, -0.2402 2.9694 0.0591, -0.1535 2.9694 0.0591, -0.2402 3.1496 0.0591, -0.1535 3.1496 0.0591, -0.2402 3.1496 0.0, -0.1535 3.1496 0.0, -0.2402 2.9414 0.0, -0.1535 2.9414 0.0, -0.1535 2.9317 0.0012, -0.2402 2.9317 0.0012, -0.1535 2.9227 0.0047, -0.2402 2.9227 0.0047, -0.1535 2.9148 0.0103, -0.2402 2.9148 0.0103, -0.1535 2.9085 0.0177, -0.2402 2.9085 0.0177, -0.1535 2.9042 0.0264, -0.2402 2.9042 0.0264, -0.2402 2.8563 0.164, -0.1535 2.8563 0.164, -0.2402 2.8542 0.1683, -0.1535 2.8542 0.1683, -0.2402 2.851 0.172, -0.1535 2.851 0.172, -0.2402 2.8471 0.1748, -0.1535 2.8471 0.1748, -0.2402 2.8425 0.1766, -0.1535 2.8425 0.1766, -0.2402 2.8377 0.1772, -0.1535 2.8377 0.1772, -0.2402 2.7507 0.1772, -0.1535 2.7507 0.1772, -0.2402 2.8657 0.2362, -0.2402 2.7559 0.2362, -0.1535 2.8657 0.2362, -0.1535 2.7559 0.2362, -0.1535 2.8753 0.235, -0.2402 2.8753 0.235, -0.1535 2.8844 0.2315, -0.2402 2.8844 0.2315, -0.1535 2.8923 0.2259, -0.2402 2.8923 0.2259, -0.1535 2.8986 0.2185, -0.2402 2.8986 0.2185, -0.1535 2.9029 0.2098, -0.2402 2.9029 0.2098, -0.0433 -2.8377 0.1772, -0.0433 -2.7507 0.1772, 0.0433 -2.8377 0.1772, 0.0433 -2.7507 0.1772, -0.0433 -2.8425 0.1766, 0.0433 -2.8425 0.1766, -0.0433 -2.8471 0.1748, 0.0433 -2.8471 0.1748, -0.0433 -2.851 0.172, 0.0433 -2.851 0.172, -0.0433 -2.8542 0.1683, 0.0433 -2.8542 0.1683, -0.0433 -2.8563 0.164, 0.0433 -2.8563 0.164, -0.0433 -2.9042 0.0264, 0.0433 -2.9042 0.0264, 0.0433 -2.9085 0.0177, -0.0433 -2.9085 0.0177, 0.0433 -2.9148 0.0103, -0.0433 -2.9148 0.0103, 0.0433 -2.9227 0.0047, -0.0433 -2.9227 0.0047, 0.0433 -2.9317 0.0012, -0.0433 -2.9317 0.0012, 0.0433 -2.9414 0.0, -0.0433 -2.9414 0.0, -0.0433 -3.1496 0.0, 0.0433 -3.1496 0.0, -0.0433 -3.1496 0.0591, 0.0433 -3.1496 0.0591, -0.0433 -2.9694 0.0591, 0.0433 -2.9694 0.0591, -0.0433 -2.9645 0.0597, 0.0433 -2.9645 0.0597, -0.0433 -2.96 0.0614, 0.0433 -2.96 0.0614, -0.0433 -2.9561 0.0642, 0.0433 -2.9561 0.0642, -0.0433 -2.9529 0.0679, 0.0433 -2.9529 0.0679, -0.0433 -2.9508 0.0723, 0.0433 -2.9508 0.0723, -0.0433 -2.9029 0.2098, 0.0433 -2.9029 0.2098, 0.0433 -2.8986 0.2185, -0.0433 -2.8986 0.2185, 0.0433 -2.8923 0.2259, -0.0433 -2.8923 0.2259, 0.0433 -2.8844 0.2315, -0.0433 -2.8844 0.2315, 0.0433 -2.8753 0.235, -0.0433 -2.8753 0.235, 0.0433 -2.8657 0.2362, -0.0433 -2.8657 0.2362, -0.0433 -2.7559 0.2362, 0.0433 -2.7559 0.2362, -0.0433 2.9508 0.0723, 0.0433 2.9508 0.0723, -0.0433 2.9529 0.0679, 0.0433 2.9529 0.0679, -0.0433 2.9561 0.0642, 0.0433 2.9561 0.0642, -0.0433 2.96 0.0614, 0.0433 2.96 0.0614, -0.0433 2.9645 0.0597, 0.0433 2.9645 0.0597, -0.0433 2.9694 0.0591, 0.0433 2.9694 0.0591, -0.0433 3.1496 0.0591, 0.0433 3.1496 0.0591, -0.0433 3.1496 0.0, 0.0433 3.1496 0.0, -0.0433 2.9414 0.0, 0.0433 2.9414 0.0, 0.0433 2.9317 0.0012, -0.0433 2.9317 0.0012, 0.0433 2.9227 0.0047, -0.0433 2.9227 0.0047, 0.0433 2.9148 0.0103, -0.0433 2.9148 0.0103, 0.0433 2.9085 0.0177, -0.0433 2.9085 0.0177, 0.0433 2.9042 0.0264, -0.0433 2.9042 0.0264, -0.0433 2.8563 0.164, 0.0433 2.8563 0.164, -0.0433 2.8542 0.1683, 0.0433 2.8542 0.1683, -0.0433 2.851 0.172, 0.0433 2.851 0.172, -0.0433 2.8471 0.1748, 0.0433 2.8471 0.1748, -0.0433 2.8425 0.1766, 0.0433 2.8425 0.1766, -0.0433 2.8377 0.1772, 0.0433 2.8377 0.1772, -0.0433 2.7507 0.1772, 0.0433 2.7507 0.1772, -0.0433 2.8657 0.2362, -0.0433 2.7559 0.2362, 0.0433 2.8657 0.2362, 0.0433 2.7559 0.2362, 0.0433 2.8753 0.235, -0.0433 2.8753 0.235, 0.0433 2.8844 0.2315, -0.0433 2.8844 0.2315, 0.0433 2.8923 0.2259, -0.0433 2.8923 0.2259, 0.0433 2.8986 0.2185, -0.0433 2.8986 0.2185, 0.0433 2.9029 0.2098, -0.0433 2.9029 0.2098, 0.1535 -2.8377 0.1772, 0.1535 -2.7507 0.1772, 0.2402 -2.8377 0.1772, 0.2402 -2.7507 0.1772, 0.1535 -2.8425 0.1766, 0.2402 -2.8425 0.1766, 0.1535 -2.8471 0.1748, 0.2402 -2.8471 0.1748, 0.1535 -2.851 0.172, 0.2402 -2.851 0.172, 0.1535 -2.8542 0.1683, 0.2402 -2.8542 0.1683, 0.1535 -2.8563 0.164, 0.2402 -2.8563 0.164, 0.1535 -2.9042 0.0264, 0.2402 -2.9042 0.0264, 0.2402 -2.9085 0.0177, 0.1535 -2.9085 0.0177, 0.2402 -2.9148 0.0103, 0.1535 -2.9148 0.0103, 0.2402 -2.9227 0.0047, 0.1535 -2.9227 0.0047, 0.2402 -2.9317 0.0012, 0.1535 -2.9317 0.0012, 0.2402 -2.9414 0.0, 0.1535 -2.9414 0.0, 0.1535 -3.1496 0.0, 0.2402 -3.1496 0.0, 0.1535 -3.1496 0.0591, 0.2402 -3.1496 0.0591, 0.1535 -2.9694 0.0591, 0.2402 -2.9694 0.0591, 0.1535 -2.9645 0.0597, 0.2402 -2.9645 0.0597, 0.1535 -2.96 0.0614, 0.2402 -2.96 0.0614, 0.1535 -2.9561 0.0642, 0.2402 -2.9561 0.0642, 0.1535 -2.9529 0.0679, 0.2402 -2.9529 0.0679, 0.1535 -2.9508 0.0723, 0.2402 -2.9508 0.0723, 0.1535 -2.9029 0.2098, 0.2402 -2.9029 0.2098, 0.2402 -2.8986 0.2185, 0.1535 -2.8986 0.2185, 0.2402 -2.8923 0.2259, 0.1535 -2.8923 0.2259, 0.2402 -2.8844 0.2315, 0.1535 -2.8844 0.2315, 0.2402 -2.8753 0.235, 0.1535 -2.8753 0.235, 0.2402 -2.8657 0.2362, 0.1535 -2.8657 0.2362, 0.1535 -2.7559 0.2362, 0.2402 -2.7559 0.2362, 0.1535 2.9508 0.0723, 0.2402 2.9508 0.0723, 0.1535 2.9529 0.0679, 0.2402 2.9529 0.0679, 0.1535 2.9561 0.0642, 0.2402 2.9561 0.0642, 0.1535 2.96 0.0614, 0.2402 2.96 0.0614, 0.1535 2.9645 0.0597, 0.2402 2.9645 0.0597, 0.1535 2.9694 0.0591, 0.2402 2.9694 0.0591, 0.1535 3.1496 0.0591, 0.2402 3.1496 0.0591, 0.1535 3.1496 0.0, 0.2402 3.1496 0.0, 0.1535 2.9414 0.0, 0.2402 2.9414 0.0, 0.2402 2.9317 0.0012, 0.1535 2.9317 0.0012, 0.2402 2.9227 0.0047, 0.1535 2.9227 0.0047, 0.2402 2.9148 0.0103, 0.1535 2.9148 0.0103, 0.2402 2.9085 0.0177, 0.1535 2.9085 0.0177, 0.2402 2.9042 0.0264, 0.1535 2.9042 0.0264, 0.1535 2.8563 0.164, 0.2402 2.8563 0.164, 0.1535 2.8542 0.1683, 0.2402 2.8542 0.1683, 0.1535 2.851 0.172, 0.2402 2.851 0.172, 0.1535 2.8471 0.1748, 0.2402 2.8471 0.1748, 0.1535 2.8425 0.1766, 0.2402 2.8425 0.1766, 0.1535 2.8377 0.1772, 0.2402 2.8377 0.1772, 0.1535 2.7507 0.1772, 0.2402 2.7507 0.1772, 0.1535 2.8657 0.2362, 0.1535 2.7559 0.2362, 0.2402 2.8657 0.2362, 0.2402 2.7559 0.2362, 0.2402 2.8753 0.235, 0.1535 2.8753 0.235, 0.2402 2.8844 0.2315, 0.1535 2.8844 0.2315, 0.2402 2.8923 0.2259, 0.1535 2.8923 0.2259, 0.2402 2.8986 0.2185, 0.1535 2.8986 0.2185, 0.2402 2.9029 0.2098, 0.1535 2.9029 0.2098, 0.3504 -2.8377 0.1772, 0.3504 -2.7507 0.1772, 0.437 -2.8377 0.1772, 0.437 -2.7507 0.1772, 0.3504 -2.8425 0.1766, 0.437 -2.8425 0.1766, 0.3504 -2.8471 0.1748, 0.437 -2.8471 0.1748, 0.3504 -2.851 0.172, 0.437 -2.851 0.172, 0.3504 -2.8542 0.1683, 0.437 -2.8542 0.1683, 0.3504 -2.8563 0.164, 0.437 -2.8563 0.164, 0.3504 -2.9042 0.0264, 0.437 -2.9042 0.0264, 0.437 -2.9085 0.0177, 0.3504 -2.9085 0.0177, 0.437 -2.9148 0.0103, 0.3504 -2.9148 0.0103, 0.437 -2.9227 0.0047, 0.3504 -2.9227 0.0047, 0.437 -2.9317 0.0012, 0.3504 -2.9317 0.0012, 0.437 -2.9414 0.0, 0.3504 -2.9414 0.0, 0.3504 -3.1496 0.0, 0.437 -3.1496 0.0, 0.3504 -3.1496 0.0591, 0.437 -3.1496 0.0591, 0.3504 -2.9694 0.0591, 0.437 -2.9694 0.0591, 0.3504 -2.9645 0.0597, 0.437 -2.9645 0.0597, 0.3504 -2.96 0.0614, 0.437 -2.96 0.0614, 0.3504 -2.9561 0.0642, 0.437 -2.9561 0.0642, 0.3504 -2.9529 0.0679, 0.437 -2.9529 0.0679, 0.3504 -2.9508 0.0723, 0.437 -2.9508 0.0723, 0.3504 -2.9029 0.2098, 0.437 -2.9029 0.2098, 0.437 -2.8986 0.2185, 0.3504 -2.8986 0.2185, 0.437 -2.8923 0.2259, 0.3504 -2.8923 0.2259, 0.437 -2.8844 0.2315, 0.3504 -2.8844 0.2315, 0.437 -2.8753 0.235, 0.3504 -2.8753 0.235, 0.437 -2.8657 0.2362, 0.3504 -2.8657 0.2362, 0.3504 -2.7559 0.2362, 0.437 -2.7559 0.2362, 0.3504 2.9508 0.0723, 0.437 2.9508 0.0723, 0.3504 2.9529 0.0679, 0.437 2.9529 0.0679, 0.3504 2.9561 0.0642, 0.437 2.9561 0.0642, 0.3504 2.96 0.0614, 0.437 2.96 0.0614, 0.3504 2.9645 0.0597, 0.437 2.9645 0.0597, 0.3504 2.9694 0.0591, 0.437 2.9694 0.0591, 0.3504 3.1496 0.0591, 0.437 3.1496 0.0591, 0.3504 3.1496 0.0, 0.437 3.1496 0.0, 0.3504 2.9414 0.0, 0.437 2.9414 0.0, 0.437 2.9317 0.0012, 0.3504 2.9317 0.0012, 0.437 2.9227 0.0047, 0.3504 2.9227 0.0047, 0.437 2.9148 0.0103, 0.3504 2.9148 0.0103, 0.437 2.9085 0.0177, 0.3504 2.9085 0.0177, 0.437 2.9042 0.0264, 0.3504 2.9042 0.0264, 0.3504 2.8563 0.164, 0.437 2.8563 0.164, 0.3504 2.8542 0.1683, 0.437 2.8542 0.1683, 0.3504 2.851 0.172, 0.437 2.851 0.172, 0.3504 2.8471 0.1748, 0.437 2.8471 0.1748, 0.3504 2.8425 0.1766, 0.437 2.8425 0.1766, 0.3504 2.8377 0.1772, 0.437 2.8377 0.1772, 0.3504 2.7507 0.1772, 0.437 2.7507 0.1772, 0.3504 2.8657 0.2362, 0.3504 2.7559 0.2362, 0.437 2.8657 0.2362, 0.437 2.7559 0.2362, 0.437 2.8753 0.235, 0.3504 2.8753 0.235, 0.437 2.8844 0.2315, 0.3504 2.8844 0.2315, 0.437 2.8923 0.2259, 0.3504 2.8923 0.2259, 0.437 2.8986 0.2185, 0.3504 2.8986 0.2185, 0.437 2.9029 0.2098, 0.3504 2.9029 0.2098, 0.5472 -2.8377 0.1772, 0.5472 -2.7507 0.1772, 0.6339 -2.8377 0.1772, 0.6339 -2.7507 0.1772, 0.5472 -2.8425 0.1766, 0.6339 -2.8425 0.1766, 0.5472 -2.8471 0.1748, 0.6339 -2.8471 0.1748, 0.5472 -2.851 0.172, 0.6339 -2.851 0.172, 0.5472 -2.8542 0.1683, 0.6339 -2.8542 0.1683, 0.5472 -2.8563 0.164, 0.6339 -2.8563 0.164, 0.5472 -2.9042 0.0264, 0.6339 -2.9042 0.0264, 0.6339 -2.9085 0.0177, 0.5472 -2.9085 0.0177, 0.6339 -2.9148 0.0103, 0.5472 -2.9148 0.0103, 0.6339 -2.9227 0.0047, 0.5472 -2.9227 0.0047, 0.6339 -2.9317 0.0012, 0.5472 -2.9317 0.0012, 0.6339 -2.9414 0.0, 0.5472 -2.9414 0.0, 0.5472 -3.1496 0.0, 0.6339 -3.1496 0.0, 0.5472 -3.1496 0.0591, 0.6339 -3.1496 0.0591, 0.5472 -2.9694 0.0591, 0.6339 -2.9694 0.0591, 0.5472 -2.9645 0.0597, 0.6339 -2.9645 0.0597, 0.5472 -2.96 0.0614, 0.6339 -2.96 0.0614, 0.5472 -2.9561 0.0642, 0.6339 -2.9561 0.0642, 0.5472 -2.9529 0.0679, 0.6339 -2.9529 0.0679, 0.5472 -2.9508 0.0723, 0.6339 -2.9508 0.0723, 0.5472 -2.9029 0.2098, 0.6339 -2.9029 0.2098, 0.6339 -2.8986 0.2185, 0.5472 -2.8986 0.2185, 0.6339 -2.8923 0.2259, 0.5472 -2.8923 0.2259, 0.6339 -2.8844 0.2315, 0.5472 -2.8844 0.2315, 0.6339 -2.8753 0.235, 0.5472 -2.8753 0.235, 0.6339 -2.8657 0.2362, 0.5472 -2.8657 0.2362, 0.5472 -2.7559 0.2362, 0.6339 -2.7559 0.2362, 0.5472 2.9508 0.0723, 0.6339 2.9508 0.0723, 0.5472 2.9529 0.0679, 0.6339 2.9529 0.0679, 0.5472 2.9561 0.0642, 0.6339 2.9561 0.0642, 0.5472 2.96 0.0614, 0.6339 2.96 0.0614, 0.5472 2.9645 0.0597, 0.6339 2.9645 0.0597, 0.5472 2.9694 0.0591, 0.6339 2.9694 0.0591, 0.5472 3.1496 0.0591, 0.6339 3.1496 0.0591, 0.5472 3.1496 0.0, 0.6339 3.1496 0.0, 0.5472 2.9414 0.0, 0.6339 2.9414 0.0, 0.6339 2.9317 0.0012, 0.5472 2.9317 0.0012, 0.6339 2.9227 0.0047, 0.5472 2.9227 0.0047, 0.6339 2.9148 0.0103, 0.5472 2.9148 0.0103, 0.6339 2.9085 0.0177, 0.5472 2.9085 0.0177, 0.6339 2.9042 0.0264, 0.5472 2.9042 0.0264, 0.5472 2.8563 0.164, 0.6339 2.8563 0.164, 0.5472 2.8542 0.1683, 0.6339 2.8542 0.1683, 0.5472 2.851 0.172, 0.6339 2.851 0.172, 0.5472 2.8471 0.1748, 0.6339 2.8471 0.1748, 0.5472 2.8425 0.1766, 0.6339 2.8425 0.1766, 0.5472 2.8377 0.1772, 0.6339 2.8377 0.1772, 0.5472 2.7507 0.1772, 0.6339 2.7507 0.1772, 0.5472 2.8657 0.2362, 0.5472 2.7559 0.2362, 0.6339 2.8657 0.2362, 0.6339 2.7559 0.2362, 0.6339 2.8753 0.235, 0.5472 2.8753 0.235, 0.6339 2.8844 0.2315, 0.5472 2.8844 0.2315, 0.6339 2.8923 0.2259, 0.5472 2.8923 0.2259, 0.6339 2.8986 0.2185, 0.5472 2.8986 0.2185, 0.6339 2.9029 0.2098, 0.5472 2.9029 0.2098, 0.7441 -2.8377 0.1772, 0.7441 -2.7507 0.1772, 0.8307 -2.8377 0.1772, 0.8307 -2.7507 0.1772, 0.7441 -2.8425 0.1766, 0.8307 -2.8425 0.1766, 0.7441 -2.8471 0.1748, 0.8307 -2.8471 0.1748, 0.7441 -2.851 0.172, 0.8307 -2.851 0.172, 0.7441 -2.8542 0.1683, 0.8307 -2.8542 0.1683, 0.7441 -2.8563 0.164, 0.8307 -2.8563 0.164, 0.7441 -2.9042 0.0264, 0.8307 -2.9042 0.0264, 0.8307 -2.9085 0.0177, 0.7441 -2.9085 0.0177, 0.8307 -2.9148 0.0103, 0.7441 -2.9148 0.0103, 0.8307 -2.9227 0.0047, 0.7441 -2.9227 0.0047, 0.8307 -2.9317 0.0012, 0.7441 -2.9317 0.0012, 0.8307 -2.9414 0.0, 0.7441 -2.9414 0.0, 0.7441 -3.1496 0.0, 0.8307 -3.1496 0.0, 0.7441 -3.1496 0.0591, 0.8307 -3.1496 0.0591, 0.7441 -2.9694 0.0591, 0.8307 -2.9694 0.0591, 0.7441 -2.9645 0.0597, 0.8307 -2.9645 0.0597, 0.7441 -2.96 0.0614, 0.8307 -2.96 0.0614, 0.7441 -2.9561 0.0642, 0.8307 -2.9561 0.0642, 0.7441 -2.9529 0.0679, 0.8307 -2.9529 0.0679, 0.7441 -2.9508 0.0723, 0.8307 -2.9508 0.0723, 0.7441 -2.9029 0.2098, 0.8307 -2.9029 0.2098, 0.8307 -2.8986 0.2185, 0.7441 -2.8986 0.2185, 0.8307 -2.8923 0.2259, 0.7441 -2.8923 0.2259, 0.8307 -2.8844 0.2315, 0.7441 -2.8844 0.2315, 0.8307 -2.8753 0.235, 0.7441 -2.8753 0.235, 0.8307 -2.8657 0.2362, 0.7441 -2.8657 0.2362, 0.7441 -2.7559 0.2362, 0.8307 -2.7559 0.2362, 0.7441 2.9508 0.0723, 0.8307 2.9508 0.0723, 0.7441 2.9529 0.0679, 0.8307 2.9529 0.0679, 0.7441 2.9561 0.0642, 0.8307 2.9561 0.0642, 0.7441 2.96 0.0614, 0.8307 2.96 0.0614, 0.7441 2.9645 0.0597, 0.8307 2.9645 0.0597, 0.7441 2.9694 0.0591, 0.8307 2.9694 0.0591, 0.7441 3.1496 0.0591, 0.8307 3.1496 0.0591, 0.7441 3.1496 0.0, 0.8307 3.1496 0.0, 0.7441 2.9414 0.0, 0.8307 2.9414 0.0, 0.8307 2.9317 0.0012, 0.7441 2.9317 0.0012, 0.8307 2.9227 0.0047, 0.7441 2.9227 0.0047, 0.8307 2.9148 0.0103, 0.7441 2.9148 0.0103, 0.8307 2.9085 0.0177, 0.7441 2.9085 0.0177, 0.8307 2.9042 0.0264, 0.7441 2.9042 0.0264, 0.7441 2.8563 0.164, 0.8307 2.8563 0.164, 0.7441 2.8542 0.1683, 0.8307 2.8542 0.1683, 0.7441 2.851 0.172, 0.8307 2.851 0.172, 0.7441 2.8471 0.1748, 0.8307 2.8471 0.1748, 0.7441 2.8425 0.1766, 0.8307 2.8425 0.1766, 0.7441 2.8377 0.1772, 0.8307 2.8377 0.1772, 0.7441 2.7507 0.1772, 0.8307 2.7507 0.1772, 0.7441 2.8657 0.2362, 0.7441 2.7559 0.2362, 0.8307 2.8657 0.2362, 0.8307 2.7559 0.2362, 0.8307 2.8753 0.235, 0.7441 2.8753 0.235, 0.8307 2.8844 0.2315, 0.7441 2.8844 0.2315, 0.8307 2.8923 0.2259, 0.7441 2.8923 0.2259, 0.8307 2.8986 0.2185, 0.7441 2.8986 0.2185, 0.8307 2.9029 0.2098, 0.7441 2.9029 0.2098, 0.9409 -2.8377 0.1772, 0.9409 -2.7507 0.1772, 1.0276 -2.8377 0.1772, 1.0276 -2.7507 0.1772, 0.9409 -2.8425 0.1766, 1.0276 -2.8425 0.1766, 0.9409 -2.8471 0.1748, 1.0276 -2.8471 0.1748, 0.9409 -2.851 0.172, 1.0276 -2.851 0.172, 0.9409 -2.8542 0.1683, 1.0276 -2.8542 0.1683, 0.9409 -2.8563 0.164, 1.0276 -2.8563 0.164, 0.9409 -2.9042 0.0264, 1.0276 -2.9042 0.0264, 1.0276 -2.9085 0.0177, 0.9409 -2.9085 0.0177, 1.0276 -2.9148 0.0103, 0.9409 -2.9148 0.0103, 1.0276 -2.9227 0.0047, 0.9409 -2.9227 0.0047, 1.0276 -2.9317 0.0012, 0.9409 -2.9317 0.0012, 1.0276 -2.9414 0.0, 0.9409 -2.9414 0.0, 0.9409 -3.1496 0.0, 1.0276 -3.1496 0.0, 0.9409 -3.1496 0.0591, 1.0276 -3.1496 0.0591, 0.9409 -2.9694 0.0591, 1.0276 -2.9694 0.0591, 0.9409 -2.9645 0.0597, 1.0276 -2.9645 0.0597, 0.9409 -2.96 0.0614, 1.0276 -2.96 0.0614, 0.9409 -2.9561 0.0642, 1.0276 -2.9561 0.0642, 0.9409 -2.9529 0.0679, 1.0276 -2.9529 0.0679, 0.9409 -2.9508 0.0723, 1.0276 -2.9508 0.0723, 0.9409 -2.9029 0.2098, 1.0276 -2.9029 0.2098, 1.0276 -2.8986 0.2185, 0.9409 -2.8986 0.2185, 1.0276 -2.8923 0.2259, 0.9409 -2.8923 0.2259, 1.0276 -2.8844 0.2315, 0.9409 -2.8844 0.2315, 1.0276 -2.8753 0.235, 0.9409 -2.8753 0.235, 1.0276 -2.8657 0.2362, 0.9409 -2.8657 0.2362, 0.9409 -2.7559 0.2362, 1.0276 -2.7559 0.2362, 0.9409 2.9508 0.0723, 1.0276 2.9508 0.0723, 0.9409 2.9529 0.0679, 1.0276 2.9529 0.0679, 0.9409 2.9561 0.0642, 1.0276 2.9561 0.0642, 0.9409 2.96 0.0614, 1.0276 2.96 0.0614, 0.9409 2.9645 0.0597, 1.0276 2.9645 0.0597, 0.9409 2.9694 0.0591, 1.0276 2.9694 0.0591, 0.9409 3.1496 0.0591, 1.0276 3.1496 0.0591, 0.9409 3.1496 0.0, 1.0276 3.1496 0.0, 0.9409 2.9414 0.0, 1.0276 2.9414 0.0, 1.0276 2.9317 0.0012, 0.9409 2.9317 0.0012, 1.0276 2.9227 0.0047, 0.9409 2.9227 0.0047, 1.0276 2.9148 0.0103, 0.9409 2.9148 0.0103, 1.0276 2.9085 0.0177, 0.9409 2.9085 0.0177, 1.0276 2.9042 0.0264, 0.9409 2.9042 0.0264, 0.9409 2.8563 0.164, 1.0276 2.8563 0.164, 0.9409 2.8542 0.1683, 1.0276 2.8542 0.1683, 0.9409 2.851 0.172, 1.0276 2.851 0.172, 0.9409 2.8471 0.1748, 1.0276 2.8471 0.1748, 0.9409 2.8425 0.1766, 1.0276 2.8425 0.1766, 0.9409 2.8377 0.1772, 1.0276 2.8377 0.1772, 0.9409 2.7507 0.1772, 1.0276 2.7507 0.1772, 0.9409 2.8657 0.2362, 0.9409 2.7559 0.2362, 1.0276 2.8657 0.2362, 1.0276 2.7559 0.2362, 1.0276 2.8753 0.235, 0.9409 2.8753 0.235, 1.0276 2.8844 0.2315, 0.9409 2.8844 0.2315, 1.0276 2.8923 0.2259, 0.9409 2.8923 0.2259, 1.0276 2.8986 0.2185, 0.9409 2.8986 0.2185, 1.0276 2.9029 0.2098, 0.9409 2.9029 0.2098, 1.1378 -2.8377 0.1772, 1.1378 -2.7507 0.1772, 1.2244 -2.8377 0.1772, 1.2244 -2.7507 0.1772, 1.1378 -2.8425 0.1766, 1.2244 -2.8425 0.1766, 1.1378 -2.8471 0.1748, 1.2244 -2.8471 0.1748, 1.1378 -2.851 0.172, 1.2244 -2.851 0.172, 1.1378 -2.8542 0.1683, 1.2244 -2.8542 0.1683, 1.1378 -2.8563 0.164, 1.2244 -2.8563 0.164, 1.1378 -2.9042 0.0264, 1.2244 -2.9042 0.0264, 1.2244 -2.9085 0.0177, 1.1378 -2.9085 0.0177, 1.2244 -2.9148 0.0103, 1.1378 -2.9148 0.0103, 1.2244 -2.9227 0.0047, 1.1378 -2.9227 0.0047, 1.2244 -2.9317 0.0012, 1.1378 -2.9317 0.0012, 1.2244 -2.9414 0.0, 1.1378 -2.9414 0.0, 1.1378 -3.1496 0.0, 1.2244 -3.1496 0.0, 1.1378 -3.1496 0.0591, 1.2244 -3.1496 0.0591, 1.1378 -2.9694 0.0591, 1.2244 -2.9694 0.0591, 1.1378 -2.9645 0.0597, 1.2244 -2.9645 0.0597, 1.1378 -2.96 0.0614, 1.2244 -2.96 0.0614, 1.1378 -2.9561 0.0642, 1.2244 -2.9561 0.0642, 1.1378 -2.9529 0.0679, 1.2244 -2.9529 0.0679, 1.1378 -2.9508 0.0723, 1.2244 -2.9508 0.0723, 1.1378 -2.9029 0.2098, 1.2244 -2.9029 0.2098, 1.2244 -2.8986 0.2185, 1.1378 -2.8986 0.2185, 1.2244 -2.8923 0.2259, 1.1378 -2.8923 0.2259, 1.2244 -2.8844 0.2315, 1.1378 -2.8844 0.2315, 1.2244 -2.8753 0.235, 1.1378 -2.8753 0.235, 1.2244 -2.8657 0.2362, 1.1378 -2.8657 0.2362, 1.1378 -2.7559 0.2362, 1.2244 -2.7559 0.2362, 1.1378 2.9508 0.0723, 1.2244 2.9508 0.0723, 1.1378 2.9529 0.0679, 1.2244 2.9529 0.0679, 1.1378 2.9561 0.0642, 1.2244 2.9561 0.0642, 1.1378 2.96 0.0614, 1.2244 2.96 0.0614, 1.1378 2.9645 0.0597, 1.2244 2.9645 0.0597, 1.1378 2.9694 0.0591, 1.2244 2.9694 0.0591, 1.1378 3.1496 0.0591, 1.2244 3.1496 0.0591, 1.1378 3.1496 0.0, 1.2244 3.1496 0.0, 1.1378 2.9414 0.0, 1.2244 2.9414 0.0, 1.2244 2.9317 0.0012, 1.1378 2.9317 0.0012, 1.2244 2.9227 0.0047, 1.1378 2.9227 0.0047, 1.2244 2.9148 0.0103, 1.1378 2.9148 0.0103, 1.2244 2.9085 0.0177, 1.1378 2.9085 0.0177, 1.2244 2.9042 0.0264, 1.1378 2.9042 0.0264, 1.1378 2.8563 0.164, 1.2244 2.8563 0.164, 1.1378 2.8542 0.1683, 1.2244 2.8542 0.1683, 1.1378 2.851 0.172, 1.2244 2.851 0.172, 1.1378 2.8471 0.1748, 1.2244 2.8471 0.1748, 1.1378 2.8425 0.1766, 1.2244 2.8425 0.1766, 1.1378 2.8377 0.1772, 1.2244 2.8377 0.1772, 1.1378 2.7507 0.1772, 1.2244 2.7507 0.1772, 1.1378 2.8657 0.2362, 1.1378 2.7559 0.2362, 1.2244 2.8657 0.2362, 1.2244 2.7559 0.2362, 1.2244 2.8753 0.235, 1.1378 2.8753 0.235, 1.2244 2.8844 0.2315, 1.1378 2.8844 0.2315, 1.2244 2.8923 0.2259, 1.1378 2.8923 0.2259, 1.2244 2.8986 0.2185, 1.1378 2.8986 0.2185, 1.2244 2.9029 0.2098, 1.1378 2.9029 0.2098, 1.3346 -2.8377 0.1772, 1.3346 -2.7507 0.1772, 1.4213 -2.8377 0.1772, 1.4213 -2.7507 0.1772, 1.3346 -2.8425 0.1766, 1.4213 -2.8425 0.1766, 1.3346 -2.8471 0.1748, 1.4213 -2.8471 0.1748, 1.3346 -2.851 0.172, 1.4213 -2.851 0.172, 1.3346 -2.8542 0.1683, 1.4213 -2.8542 0.1683, 1.3346 -2.8563 0.164, 1.4213 -2.8563 0.164, 1.3346 -2.9042 0.0264, 1.4213 -2.9042 0.0264, 1.4213 -2.9085 0.0177, 1.3346 -2.9085 0.0177, 1.4213 -2.9148 0.0103, 1.3346 -2.9148 0.0103, 1.4213 -2.9227 0.0047, 1.3346 -2.9227 0.0047, 1.4213 -2.9317 0.0012, 1.3346 -2.9317 0.0012, 1.4213 -2.9414 0.0, 1.3346 -2.9414 0.0, 1.3346 -3.1496 0.0, 1.4213 -3.1496 0.0, 1.3346 -3.1496 0.0591, 1.4213 -3.1496 0.0591, 1.3346 -2.9694 0.0591, 1.4213 -2.9694 0.0591, 1.3346 -2.9645 0.0597, 1.4213 -2.9645 0.0597, 1.3346 -2.96 0.0614, 1.4213 -2.96 0.0614, 1.3346 -2.9561 0.0642, 1.4213 -2.9561 0.0642, 1.3346 -2.9529 0.0679, 1.4213 -2.9529 0.0679, 1.3346 -2.9508 0.0723, 1.4213 -2.9508 0.0723, 1.3346 -2.9029 0.2098, 1.4213 -2.9029 0.2098, 1.4213 -2.8986 0.2185, 1.3346 -2.8986 0.2185, 1.4213 -2.8923 0.2259, 1.3346 -2.8923 0.2259, 1.4213 -2.8844 0.2315, 1.3346 -2.8844 0.2315, 1.4213 -2.8753 0.235, 1.3346 -2.8753 0.235, 1.4213 -2.8657 0.2362, 1.3346 -2.8657 0.2362, 1.3346 -2.7559 0.2362, 1.4213 -2.7559 0.2362, 1.3346 2.9508 0.0723, 1.4213 2.9508 0.0723, 1.3346 2.9529 0.0679, 1.4213 2.9529 0.0679, 1.3346 2.9561 0.0642, 1.4213 2.9561 0.0642, 1.3346 2.96 0.0614, 1.4213 2.96 0.0614, 1.3346 2.9645 0.0597, 1.4213 2.9645 0.0597, 1.3346 2.9694 0.0591, 1.4213 2.9694 0.0591, 1.3346 3.1496 0.0591, 1.4213 3.1496 0.0591, 1.3346 3.1496 0.0, 1.4213 3.1496 0.0, 1.3346 2.9414 0.0, 1.4213 2.9414 0.0, 1.4213 2.9317 0.0012, 1.3346 2.9317 0.0012, 1.4213 2.9227 0.0047, 1.3346 2.9227 0.0047, 1.4213 2.9148 0.0103, 1.3346 2.9148 0.0103, 1.4213 2.9085 0.0177, 1.3346 2.9085 0.0177, 1.4213 2.9042 0.0264, 1.3346 2.9042 0.0264, 1.3346 2.8563 0.164, 1.4213 2.8563 0.164, 1.3346 2.8542 0.1683, 1.4213 2.8542 0.1683, 1.3346 2.851 0.172, 1.4213 2.851 0.172, 1.3346 2.8471 0.1748, 1.4213 2.8471 0.1748, 1.3346 2.8425 0.1766, 1.4213 2.8425 0.1766, 1.3346 2.8377 0.1772, 1.4213 2.8377 0.1772, 1.3346 2.7507 0.1772, 1.4213 2.7507 0.1772, 1.3346 2.8657 0.2362, 1.3346 2.7559 0.2362, 1.4213 2.8657 0.2362, 1.4213 2.7559 0.2362, 1.4213 2.8753 0.235, 1.3346 2.8753 0.235, 1.4213 2.8844 0.2315, 1.3346 2.8844 0.2315, 1.4213 2.8923 0.2259, 1.3346 2.8923 0.2259, 1.4213 2.8986 0.2185, 1.3346 2.8986 0.2185, 1.4213 2.9029 0.2098, 1.3346 2.9029 0.2098, 1.5315 -2.8377 0.1772, 1.5315 -2.7507 0.1772, 1.6181 -2.8377 0.1772, 1.6181 -2.7507 0.1772, 1.5315 -2.8425 0.1766, 1.6181 -2.8425 0.1766, 1.5315 -2.8471 0.1748, 1.6181 -2.8471 0.1748, 1.5315 -2.851 0.172, 1.6181 -2.851 0.172, 1.5315 -2.8542 0.1683, 1.6181 -2.8542 0.1683, 1.5315 -2.8563 0.164, 1.6181 -2.8563 0.164, 1.5315 -2.9042 0.0264, 1.6181 -2.9042 0.0264, 1.6181 -2.9085 0.0177, 1.5315 -2.9085 0.0177, 1.6181 -2.9148 0.0103, 1.5315 -2.9148 0.0103, 1.6181 -2.9227 0.0047, 1.5315 -2.9227 0.0047, 1.6181 -2.9317 0.0012, 1.5315 -2.9317 0.0012, 1.6181 -2.9414 0.0, 1.5315 -2.9414 0.0, 1.5315 -3.1496 0.0, 1.6181 -3.1496 0.0, 1.5315 -3.1496 0.0591, 1.6181 -3.1496 0.0591, 1.5315 -2.9694 0.0591, 1.6181 -2.9694 0.0591, 1.5315 -2.9645 0.0597, 1.6181 -2.9645 0.0597, 1.5315 -2.96 0.0614, 1.6181 -2.96 0.0614, 1.5315 -2.9561 0.0642, 1.6181 -2.9561 0.0642, 1.5315 -2.9529 0.0679, 1.6181 -2.9529 0.0679, 1.5315 -2.9508 0.0723, 1.6181 -2.9508 0.0723, 1.5315 -2.9029 0.2098, 1.6181 -2.9029 0.2098, 1.6181 -2.8986 0.2185, 1.5315 -2.8986 0.2185, 1.6181 -2.8923 0.2259, 1.5315 -2.8923 0.2259, 1.6181 -2.8844 0.2315, 1.5315 -2.8844 0.2315, 1.6181 -2.8753 0.235, 1.5315 -2.8753 0.235, 1.6181 -2.8657 0.2362, 1.5315 -2.8657 0.2362, 1.5315 -2.7559 0.2362, 1.6181 -2.7559 0.2362, 1.5315 2.9508 0.0723, 1.6181 2.9508 0.0723, 1.5315 2.9529 0.0679, 1.6181 2.9529 0.0679, 1.5315 2.9561 0.0642, 1.6181 2.9561 0.0642, 1.5315 2.96 0.0614, 1.6181 2.96 0.0614, 1.5315 2.9645 0.0597, 1.6181 2.9645 0.0597, 1.5315 2.9694 0.0591, 1.6181 2.9694 0.0591, 1.5315 3.1496 0.0591, 1.6181 3.1496 0.0591, 1.5315 3.1496 0.0, 1.6181 3.1496 0.0, 1.5315 2.9414 0.0, 1.6181 2.9414 0.0, 1.6181 2.9317 0.0012, 1.5315 2.9317 0.0012, 1.6181 2.9227 0.0047, 1.5315 2.9227 0.0047, 1.6181 2.9148 0.0103, 1.5315 2.9148 0.0103, 1.6181 2.9085 0.0177, 1.5315 2.9085 0.0177, 1.6181 2.9042 0.0264, 1.5315 2.9042 0.0264, 1.5315 2.8563 0.164, 1.6181 2.8563 0.164, 1.5315 2.8542 0.1683, 1.6181 2.8542 0.1683, 1.5315 2.851 0.172, 1.6181 2.851 0.172, 1.5315 2.8471 0.1748, 1.6181 2.8471 0.1748, 1.5315 2.8425 0.1766, 1.6181 2.8425 0.1766, 1.5315 2.8377 0.1772, 1.6181 2.8377 0.1772, 1.5315 2.7507 0.1772, 1.6181 2.7507 0.1772, 1.5315 2.8657 0.2362, 1.5315 2.7559 0.2362, 1.6181 2.8657 0.2362, 1.6181 2.7559 0.2362, 1.6181 2.8753 0.235, 1.5315 2.8753 0.235, 1.6181 2.8844 0.2315, 1.5315 2.8844 0.2315, 1.6181 2.8923 0.2259, 1.5315 2.8923 0.2259, 1.6181 2.8986 0.2185, 1.5315 2.8986 0.2185, 1.6181 2.9029 0.2098, 1.5315 2.9029 0.2098, 1.7283 -2.8377 0.1772, 1.7283 -2.7507 0.1772, 1.815 -2.8377 0.1772, 1.815 -2.7507 0.1772, 1.7283 -2.8425 0.1766, 1.815 -2.8425 0.1766, 1.7283 -2.8471 0.1748, 1.815 -2.8471 0.1748, 1.7283 -2.851 0.172, 1.815 -2.851 0.172, 1.7283 -2.8542 0.1683, 1.815 -2.8542 0.1683, 1.7283 -2.8563 0.164, 1.815 -2.8563 0.164, 1.7283 -2.9042 0.0264, 1.815 -2.9042 0.0264, 1.815 -2.9085 0.0177, 1.7283 -2.9085 0.0177, 1.815 -2.9148 0.0103, 1.7283 -2.9148 0.0103, 1.815 -2.9227 0.0047, 1.7283 -2.9227 0.0047, 1.815 -2.9317 0.0012, 1.7283 -2.9317 0.0012, 1.815 -2.9414 0.0, 1.7283 -2.9414 0.0, 1.7283 -3.1496 0.0, 1.815 -3.1496 0.0, 1.7283 -3.1496 0.0591, 1.815 -3.1496 0.0591, 1.7283 -2.9694 0.0591, 1.815 -2.9694 0.0591, 1.7283 -2.9645 0.0597, 1.815 -2.9645 0.0597, 1.7283 -2.96 0.0614, 1.815 -2.96 0.0614, 1.7283 -2.9561 0.0642, 1.815 -2.9561 0.0642, 1.7283 -2.9529 0.0679, 1.815 -2.9529 0.0679, 1.7283 -2.9508 0.0723, 1.815 -2.9508 0.0723, 1.7283 -2.9029 0.2098, 1.815 -2.9029 0.2098, 1.815 -2.8986 0.2185, 1.7283 -2.8986 0.2185, 1.815 -2.8923 0.2259, 1.7283 -2.8923 0.2259, 1.815 -2.8844 0.2315, 1.7283 -2.8844 0.2315, 1.815 -2.8753 0.235, 1.7283 -2.8753 0.235, 1.815 -2.8657 0.2362, 1.7283 -2.8657 0.2362, 1.7283 -2.7559 0.2362, 1.815 -2.7559 0.2362, 1.7283 2.9508 0.0723, 1.815 2.9508 0.0723, 1.7283 2.9529 0.0679, 1.815 2.9529 0.0679, 1.7283 2.9561 0.0642, 1.815 2.9561 0.0642, 1.7283 2.96 0.0614, 1.815 2.96 0.0614, 1.7283 2.9645 0.0597, 1.815 2.9645 0.0597, 1.7283 2.9694 0.0591, 1.815 2.9694 0.0591, 1.7283 3.1496 0.0591, 1.815 3.1496 0.0591, 1.7283 3.1496 0.0, 1.815 3.1496 0.0, 1.7283 2.9414 0.0, 1.815 2.9414 0.0, 1.815 2.9317 0.0012, 1.7283 2.9317 0.0012, 1.815 2.9227 0.0047, 1.7283 2.9227 0.0047, 1.815 2.9148 0.0103, 1.7283 2.9148 0.0103, 1.815 2.9085 0.0177, 1.7283 2.9085 0.0177, 1.815 2.9042 0.0264, 1.7283 2.9042 0.0264, 1.7283 2.8563 0.164, 1.815 2.8563 0.164, 1.7283 2.8542 0.1683, 1.815 2.8542 0.1683, 1.7283 2.851 0.172, 1.815 2.851 0.172, 1.7283 2.8471 0.1748, 1.815 2.8471 0.1748, 1.7283 2.8425 0.1766, 1.815 2.8425 0.1766, 1.7283 2.8377 0.1772, 1.815 2.8377 0.1772, 1.7283 2.7507 0.1772, 1.815 2.7507 0.1772, 1.7283 2.8657 0.2362, 1.7283 2.7559 0.2362, 1.815 2.8657 0.2362, 1.815 2.7559 0.2362, 1.815 2.8753 0.235, 1.7283 2.8753 0.235, 1.815 2.8844 0.2315, 1.7283 2.8844 0.2315, 1.815 2.8923 0.2259, 1.7283 2.8923 0.2259, 1.815 2.8986 0.2185, 1.7283 2.8986 0.2185, 1.815 2.9029 0.2098, 1.7283 2.9029 0.2098, 1.9252 -2.8377 0.1772, 1.9252 -2.7507 0.1772, 2.0118 -2.8377 0.1772, 2.0118 -2.7507 0.1772, 1.9252 -2.8425 0.1766, 2.0118 -2.8425 0.1766, 1.9252 -2.8471 0.1748, 2.0118 -2.8471 0.1748, 1.9252 -2.851 0.172, 2.0118 -2.851 0.172, 1.9252 -2.8542 0.1683, 2.0118 -2.8542 0.1683, 1.9252 -2.8563 0.164, 2.0118 -2.8563 0.164, 1.9252 -2.9042 0.0264, 2.0118 -2.9042 0.0264, 2.0118 -2.9085 0.0177, 1.9252 -2.9085 0.0177, 2.0118 -2.9148 0.0103, 1.9252 -2.9148 0.0103, 2.0118 -2.9227 0.0047, 1.9252 -2.9227 0.0047, 2.0118 -2.9317 0.0012, 1.9252 -2.9317 0.0012, 2.0118 -2.9414 0.0, 1.9252 -2.9414 0.0, 1.9252 -3.1496 0.0, 2.0118 -3.1496 0.0, 1.9252 -3.1496 0.0591, 2.0118 -3.1496 0.0591, 1.9252 -2.9694 0.0591, 2.0118 -2.9694 0.0591, 1.9252 -2.9645 0.0597, 2.0118 -2.9645 0.0597, 1.9252 -2.96 0.0614, 2.0118 -2.96 0.0614, 1.9252 -2.9561 0.0642, 2.0118 -2.9561 0.0642, 1.9252 -2.9529 0.0679, 2.0118 -2.9529 0.0679, 1.9252 -2.9508 0.0723, 2.0118 -2.9508 0.0723, 1.9252 -2.9029 0.2098, 2.0118 -2.9029 0.2098, 2.0118 -2.8986 0.2185, 1.9252 -2.8986 0.2185, 2.0118 -2.8923 0.2259, 1.9252 -2.8923 0.2259, 2.0118 -2.8844 0.2315, 1.9252 -2.8844 0.2315, 2.0118 -2.8753 0.235, 1.9252 -2.8753 0.235, 2.0118 -2.8657 0.2362, 1.9252 -2.8657 0.2362, 1.9252 -2.7559 0.2362, 2.0118 -2.7559 0.2362, 1.9252 2.9508 0.0723, 2.0118 2.9508 0.0723, 1.9252 2.9529 0.0679, 2.0118 2.9529 0.0679, 1.9252 2.9561 0.0642, 2.0118 2.9561 0.0642, 1.9252 2.96 0.0614, 2.0118 2.96 0.0614, 1.9252 2.9645 0.0597, 2.0118 2.9645 0.0597, 1.9252 2.9694 0.0591, 2.0118 2.9694 0.0591, 1.9252 3.1496 0.0591, 2.0118 3.1496 0.0591, 1.9252 3.1496 0.0, 2.0118 3.1496 0.0, 1.9252 2.9414 0.0, 2.0118 2.9414 0.0, 2.0118 2.9317 0.0012, 1.9252 2.9317 0.0012, 2.0118 2.9227 0.0047, 1.9252 2.9227 0.0047, 2.0118 2.9148 0.0103, 1.9252 2.9148 0.0103, 2.0118 2.9085 0.0177, 1.9252 2.9085 0.0177, 2.0118 2.9042 0.0264, 1.9252 2.9042 0.0264, 1.9252 2.8563 0.164, 2.0118 2.8563 0.164, 1.9252 2.8542 0.1683, 2.0118 2.8542 0.1683, 1.9252 2.851 0.172, 2.0118 2.851 0.172, 1.9252 2.8471 0.1748, 2.0118 2.8471 0.1748, 1.9252 2.8425 0.1766, 2.0118 2.8425 0.1766, 1.9252 2.8377 0.1772, 2.0118 2.8377 0.1772, 1.9252 2.7507 0.1772, 2.0118 2.7507 0.1772, 1.9252 2.8657 0.2362, 1.9252 2.7559 0.2362, 2.0118 2.8657 0.2362, 2.0118 2.7559 0.2362, 2.0118 2.8753 0.235, 1.9252 2.8753 0.235, 2.0118 2.8844 0.2315, 1.9252 2.8844 0.2315, 2.0118 2.8923 0.2259, 1.9252 2.8923 0.2259, 2.0118 2.8986 0.2185, 1.9252 2.8986 0.2185, 2.0118 2.9029 0.2098, 1.9252 2.9029 0.2098, 2.122 -2.8377 0.1772, 2.122 -2.7507 0.1772, 2.2087 -2.8377 0.1772, 2.2087 -2.7507 0.1772, 2.122 -2.8425 0.1766, 2.2087 -2.8425 0.1766, 2.122 -2.8471 0.1748, 2.2087 -2.8471 0.1748, 2.122 -2.851 0.172, 2.2087 -2.851 0.172, 2.122 -2.8542 0.1683, 2.2087 -2.8542 0.1683, 2.122 -2.8563 0.164, 2.2087 -2.8563 0.164, 2.122 -2.9042 0.0264, 2.2087 -2.9042 0.0264, 2.2087 -2.9085 0.0177, 2.122 -2.9085 0.0177, 2.2087 -2.9148 0.0103, 2.122 -2.9148 0.0103, 2.2087 -2.9227 0.0047, 2.122 -2.9227 0.0047, 2.2087 -2.9317 0.0012, 2.122 -2.9317 0.0012, 2.2087 -2.9414 0.0, 2.122 -2.9414 0.0, 2.122 -3.1496 0.0, 2.2087 -3.1496 0.0, 2.122 -3.1496 0.0591, 2.2087 -3.1496 0.0591, 2.122 -2.9694 0.0591, 2.2087 -2.9694 0.0591, 2.122 -2.9645 0.0597, 2.2087 -2.9645 0.0597, 2.122 -2.96 0.0614, 2.2087 -2.96 0.0614, 2.122 -2.9561 0.0642, 2.2087 -2.9561 0.0642, 2.122 -2.9529 0.0679, 2.2087 -2.9529 0.0679, 2.122 -2.9508 0.0723, 2.2087 -2.9508 0.0723, 2.122 -2.9029 0.2098, 2.2087 -2.9029 0.2098, 2.2087 -2.8986 0.2185, 2.122 -2.8986 0.2185, 2.2087 -2.8923 0.2259, 2.122 -2.8923 0.2259, 2.2087 -2.8844 0.2315, 2.122 -2.8844 0.2315, 2.2087 -2.8753 0.235, 2.122 -2.8753 0.235, 2.2087 -2.8657 0.2362, 2.122 -2.8657 0.2362, 2.122 -2.7559 0.2362, 2.2087 -2.7559 0.2362, 2.122 2.9508 0.0723, 2.2087 2.9508 0.0723, 2.122 2.9529 0.0679, 2.2087 2.9529 0.0679, 2.122 2.9561 0.0642, 2.2087 2.9561 0.0642, 2.122 2.96 0.0614, 2.2087 2.96 0.0614, 2.122 2.9645 0.0597, 2.2087 2.9645 0.0597, 2.122 2.9694 0.0591, 2.2087 2.9694 0.0591, 2.122 3.1496 0.0591, 2.2087 3.1496 0.0591, 2.122 3.1496 0.0, 2.2087 3.1496 0.0, 2.122 2.9414 0.0, 2.2087 2.9414 0.0, 2.2087 2.9317 0.0012, 2.122 2.9317 0.0012, 2.2087 2.9227 0.0047, 2.122 2.9227 0.0047, 2.2087 2.9148 0.0103, 2.122 2.9148 0.0103, 2.2087 2.9085 0.0177, 2.122 2.9085 0.0177, 2.2087 2.9042 0.0264, 2.122 2.9042 0.0264, 2.122 2.8563 0.164, 2.2087 2.8563 0.164, 2.122 2.8542 0.1683, 2.2087 2.8542 0.1683, 2.122 2.851 0.172, 2.2087 2.851 0.172, 2.122 2.8471 0.1748, 2.2087 2.8471 0.1748, 2.122 2.8425 0.1766, 2.2087 2.8425 0.1766, 2.122 2.8377 0.1772, 2.2087 2.8377 0.1772, 2.122 2.7507 0.1772, 2.2087 2.7507 0.1772, 2.122 2.8657 0.2362, 2.122 2.7559 0.2362, 2.2087 2.8657 0.2362, 2.2087 2.7559 0.2362, 2.2087 2.8753 0.235, 2.122 2.8753 0.235, 2.2087 2.8844 0.2315, 2.122 2.8844 0.2315, 2.2087 2.8923 0.2259, 2.122 2.8923 0.2259, 2.2087 2.8986 0.2185, 2.122 2.8986 0.2185, 2.2087 2.9029 0.2098, 2.122 2.9029 0.2098, 2.3189 -2.8377 0.1772, 2.3189 -2.7507 0.1772, 2.4055 -2.8377 0.1772, 2.4055 -2.7507 0.1772, 2.3189 -2.8425 0.1766, 2.4055 -2.8425 0.1766, 2.3189 -2.8471 0.1748, 2.4055 -2.8471 0.1748, 2.3189 -2.851 0.172, 2.4055 -2.851 0.172, 2.3189 -2.8542 0.1683, 2.4055 -2.8542 0.1683, 2.3189 -2.8563 0.164, 2.4055 -2.8563 0.164, 2.3189 -2.9042 0.0264, 2.4055 -2.9042 0.0264, 2.4055 -2.9085 0.0177, 2.3189 -2.9085 0.0177, 2.4055 -2.9148 0.0103, 2.3189 -2.9148 0.0103, 2.4055 -2.9227 0.0047, 2.3189 -2.9227 0.0047, 2.4055 -2.9317 0.0012, 2.3189 -2.9317 0.0012, 2.4055 -2.9414 0.0, 2.3189 -2.9414 0.0, 2.3189 -3.1496 0.0, 2.4055 -3.1496 0.0, 2.3189 -3.1496 0.0591, 2.4055 -3.1496 0.0591, 2.3189 -2.9694 0.0591, 2.4055 -2.9694 0.0591, 2.3189 -2.9645 0.0597, 2.4055 -2.9645 0.0597, 2.3189 -2.96 0.0614, 2.4055 -2.96 0.0614, 2.3189 -2.9561 0.0642, 2.4055 -2.9561 0.0642, 2.3189 -2.9529 0.0679, 2.4055 -2.9529 0.0679, 2.3189 -2.9508 0.0723, 2.4055 -2.9508 0.0723, 2.3189 -2.9029 0.2098, 2.4055 -2.9029 0.2098, 2.4055 -2.8986 0.2185, 2.3189 -2.8986 0.2185, 2.4055 -2.8923 0.2259, 2.3189 -2.8923 0.2259, 2.4055 -2.8844 0.2315, 2.3189 -2.8844 0.2315, 2.4055 -2.8753 0.235, 2.3189 -2.8753 0.235, 2.4055 -2.8657 0.2362, 2.3189 -2.8657 0.2362, 2.3189 -2.7559 0.2362, 2.4055 -2.7559 0.2362, 2.3189 2.9508 0.0723, 2.4055 2.9508 0.0723, 2.3189 2.9529 0.0679, 2.4055 2.9529 0.0679, 2.3189 2.9561 0.0642, 2.4055 2.9561 0.0642, 2.3189 2.96 0.0614, 2.4055 2.96 0.0614, 2.3189 2.9645 0.0597, 2.4055 2.9645 0.0597, 2.3189 2.9694 0.0591, 2.4055 2.9694 0.0591, 2.3189 3.1496 0.0591, 2.4055 3.1496 0.0591, 2.3189 3.1496 0.0, 2.4055 3.1496 0.0, 2.3189 2.9414 0.0, 2.4055 2.9414 0.0, 2.4055 2.9317 0.0012, 2.3189 2.9317 0.0012, 2.4055 2.9227 0.0047, 2.3189 2.9227 0.0047, 2.4055 2.9148 0.0103, 2.3189 2.9148 0.0103, 2.4055 2.9085 0.0177, 2.3189 2.9085 0.0177, 2.4055 2.9042 0.0264, 2.3189 2.9042 0.0264, 2.3189 2.8563 0.164, 2.4055 2.8563 0.164, 2.3189 2.8542 0.1683, 2.4055 2.8542 0.1683, 2.3189 2.851 0.172, 2.4055 2.851 0.172, 2.3189 2.8471 0.1748, 2.4055 2.8471 0.1748, 2.3189 2.8425 0.1766, 2.4055 2.8425 0.1766, 2.3189 2.8377 0.1772, 2.4055 2.8377 0.1772, 2.3189 2.7507 0.1772, 2.4055 2.7507 0.1772, 2.3189 2.8657 0.2362, 2.3189 2.7559 0.2362, 2.4055 2.8657 0.2362, 2.4055 2.7559 0.2362, 2.4055 2.8753 0.235, 2.3189 2.8753 0.235, 2.4055 2.8844 0.2315, 2.3189 2.8844 0.2315, 2.4055 2.8923 0.2259, 2.3189 2.8923 0.2259, 2.4055 2.8986 0.2185, 2.3189 2.8986 0.2185, 2.4055 2.9029 0.2098, 2.3189 2.9029 0.2098
            ]
        }
        coordIndex [
            0,1,2,-1,2,1,3,-1,0,2,4,-1,4,2,5,-1,4,5,6,-1,6,5,7,-1,6,7,8,-1,8,7,9,-1,8,9,10,-1,10,9,11,-1,10,11,12,-1,12,11,13,-1,14,12,15,-1,15,12,13,-1,14,15,16,-1,14,16,17,-1,17,16,18,-1,17,18,19,-1,19,18,20,-1,19,20,21,-1,21,20,22,-1,21,22,23,-1,23,22,24,-1,23,24,25,-1,26,25,27,-1,27,25,24,-1,28,26,29,-1,29,26,27,-1,30,28,31,-1,31,28,29,-1,30,31,32,-1,32,31,33,-1,32,33,34,-1,34,33,35,-1,34,35,36,-1,36,35,37,-1,36,37,38,-1,38,37,39,-1,38,39,40,-1,40,39,41,-1,42,40,43,-1,43,40,41,-1,42,43,44,-1,42,44,45,-1,45,44,46,-1,45,46,47,-1,47,46,48,-1,47,48,49,-1,49,48,50,-1,49,50,51,-1,51,50,52,-1,51,52,53,-1,54,53,55,-1,55,53,52,-1,25,26,28,-1,53,54,1,-1,1,0,53,-1,53,0,4,-1,53,4,51,-1,51,4,6,-1,51,6,49,-1,49,6,47,-1,47,6,45,-1,45,6,8,-1,45,8,42,-1,28,30,25,-1,25,30,32,-1,25,32,23,-1,23,32,34,-1,23,34,21,-1,21,34,36,-1,14,17,36,-1,36,17,19,-1,36,19,21,-1,36,38,14,-1,14,38,40,-1,14,40,12,-1,12,40,42,-1,12,42,10,-1,10,42,8,-1,52,50,7,-1,29,27,31,-1,31,27,24,-1,3,55,2,-1,2,55,52,-1,2,52,5,-1,5,52,7,-1,20,37,22,-1,22,37,35,-1,22,35,24,-1,24,35,33,-1,24,33,31,-1,20,18,37,-1,37,18,16,-1,37,16,39,-1,39,16,15,-1,39,15,41,-1,41,15,43,-1,50,48,7,-1,7,48,46,-1,7,46,9,-1,9,46,44,-1,9,44,11,-1,11,44,43,-1,11,43,13,-1,13,43,15,-1,56,57,58,-1,58,57,59,-1,58,59,60,-1,60,59,61,-1,60,61,62,-1,62,61,63,-1,62,63,64,-1,64,63,65,-1,64,65,66,-1,66,65,67,-1,68,66,69,-1,69,66,67,-1,70,68,71,-1,71,68,69,-1,72,70,73,-1,73,70,71,-1,72,73,74,-1,72,74,75,-1,75,74,76,-1,75,76,77,-1,77,76,78,-1,77,78,79,-1,79,78,80,-1,79,80,81,-1,81,80,82,-1,81,82,83,-1,84,83,85,-1,85,83,82,-1,84,85,86,-1,86,85,87,-1,86,87,88,-1,88,87,89,-1,88,89,90,-1,90,89,91,-1,90,91,92,-1,92,91,93,-1,92,93,94,-1,94,93,95,-1,96,94,97,-1,97,94,95,-1,98,99,100,-1,100,99,101,-1,98,100,102,-1,98,102,103,-1,103,102,104,-1,103,104,105,-1,105,104,106,-1,105,106,107,-1,107,106,108,-1,107,108,109,-1,109,108,110,-1,109,110,111,-1,56,111,57,-1,57,111,110,-1,72,75,62,-1,98,103,90,-1,68,70,66,-1,66,70,72,-1,66,72,64,-1,64,72,62,-1,96,99,94,-1,94,99,98,-1,94,98,92,-1,92,98,90,-1,75,77,62,-1,62,77,79,-1,62,79,60,-1,60,79,81,-1,60,81,58,-1,58,81,83,-1,58,83,56,-1,56,83,111,-1,103,105,90,-1,90,105,107,-1,90,107,88,-1,88,107,109,-1,88,109,86,-1,86,109,111,-1,86,111,84,-1,84,111,83,-1,73,71,69,-1,100,101,97,-1,69,67,73,-1,73,67,65,-1,73,65,74,-1,74,65,63,-1,74,63,76,-1,76,63,78,-1,106,91,108,-1,108,91,89,-1,108,89,110,-1,97,95,100,-1,100,95,93,-1,100,93,102,-1,102,93,91,-1,102,91,104,-1,104,91,106,-1,78,63,80,-1,80,63,61,-1,80,61,82,-1,61,59,82,-1,82,59,57,-1,82,57,85,-1,85,57,110,-1,85,110,87,-1,87,110,89,-1,112,113,114,-1,114,113,115,-1,112,114,116,-1,116,114,117,-1,116,117,118,-1,118,117,119,-1,118,119,120,-1,120,119,121,-1,120,121,122,-1,122,121,123,-1,122,123,124,-1,124,123,125,-1,126,124,127,-1,127,124,125,-1,126,127,128,-1,126,128,129,-1,129,128,130,-1,129,130,131,-1,131,130,132,-1,131,132,133,-1,133,132,134,-1,133,134,135,-1,135,134,136,-1,135,136,137,-1,138,137,139,-1,139,137,136,-1,140,138,141,-1,141,138,139,-1,142,140,143,-1,143,140,141,-1,142,143,144,-1,144,143,145,-1,144,145,146,-1,146,145,147,-1,146,147,148,-1,148,147,149,-1,148,149,150,-1,150,149,151,-1,150,151,152,-1,152,151,153,-1,154,152,155,-1,155,152,153,-1,154,155,156,-1,154,156,157,-1,157,156,158,-1,157,158,159,-1,159,158,160,-1,159,160,161,-1,161,160,162,-1,161,162,163,-1,163,162,164,-1,163,164,165,-1,166,165,167,-1,167,165,164,-1,137,138,140,-1,165,166,113,-1,113,112,165,-1,165,112,116,-1,165,116,163,-1,163,116,118,-1,163,118,161,-1,161,118,159,-1,159,118,157,-1,157,118,120,-1,157,120,154,-1,140,142,137,-1,137,142,144,-1,137,144,135,-1,135,144,146,-1,135,146,133,-1,133,146,148,-1,126,129,148,-1,148,129,131,-1,148,131,133,-1,148,150,126,-1,126,150,152,-1,126,152,124,-1,124,152,154,-1,124,154,122,-1,122,154,120,-1,164,162,119,-1,141,139,143,-1,143,139,136,-1,115,167,114,-1,114,167,164,-1,114,164,117,-1,117,164,119,-1,132,149,134,-1,134,149,147,-1,134,147,136,-1,136,147,145,-1,136,145,143,-1,132,130,149,-1,149,130,128,-1,149,128,151,-1,151,128,127,-1,151,127,153,-1,153,127,155,-1,162,160,119,-1,119,160,158,-1,119,158,121,-1,121,158,156,-1,121,156,123,-1,123,156,155,-1,123,155,125,-1,125,155,127,-1,168,169,170,-1,170,169,171,-1,170,171,172,-1,172,171,173,-1,172,173,174,-1,174,173,175,-1,174,175,176,-1,176,175,177,-1,176,177,178,-1,178,177,179,-1,180,178,181,-1,181,178,179,-1,182,180,183,-1,183,180,181,-1,184,182,185,-1,185,182,183,-1,184,185,186,-1,184,186,187,-1,187,186,188,-1,187,188,189,-1,189,188,190,-1,189,190,191,-1,191,190,192,-1,191,192,193,-1,193,192,194,-1,193,194,195,-1,196,195,197,-1,197,195,194,-1,196,197,198,-1,198,197,199,-1,198,199,200,-1,200,199,201,-1,200,201,202,-1,202,201,203,-1,202,203,204,-1,204,203,205,-1,204,205,206,-1,206,205,207,-1,208,206,209,-1,209,206,207,-1,210,211,212,-1,212,211,213,-1,210,212,214,-1,210,214,215,-1,215,214,216,-1,215,216,217,-1,217,216,218,-1,217,218,219,-1,219,218,220,-1,219,220,221,-1,221,220,222,-1,221,222,223,-1,168,223,169,-1,169,223,222,-1,184,187,174,-1,210,215,202,-1,180,182,178,-1,178,182,184,-1,178,184,176,-1,176,184,174,-1,208,211,206,-1,206,211,210,-1,206,210,204,-1,204,210,202,-1,187,189,174,-1,174,189,191,-1,174,191,172,-1,172,191,193,-1,172,193,170,-1,170,193,195,-1,170,195,168,-1,168,195,223,-1,215,217,202,-1,202,217,219,-1,202,219,200,-1,200,219,221,-1,200,221,198,-1,198,221,223,-1,198,223,196,-1,196,223,195,-1,185,183,181,-1,212,213,209,-1,181,179,185,-1,185,179,177,-1,185,177,186,-1,186,177,175,-1,186,175,188,-1,188,175,190,-1,218,203,220,-1,220,203,201,-1,220,201,222,-1,209,207,212,-1,212,207,205,-1,212,205,214,-1,214,205,203,-1,214,203,216,-1,216,203,218,-1,190,175,192,-1,192,175,173,-1,192,173,194,-1,173,171,194,-1,194,171,169,-1,194,169,197,-1,197,169,222,-1,197,222,199,-1,199,222,201,-1,224,225,226,-1,226,225,227,-1,224,226,228,-1,228,226,229,-1,228,229,230,-1,230,229,231,-1,230,231,232,-1,232,231,233,-1,232,233,234,-1,234,233,235,-1,234,235,236,-1,236,235,237,-1,238,236,239,-1,239,236,237,-1,238,239,240,-1,238,240,241,-1,241,240,242,-1,241,242,243,-1,243,242,244,-1,243,244,245,-1,245,244,246,-1,245,246,247,-1,247,246,248,-1,247,248,249,-1,250,249,251,-1,251,249,248,-1,252,250,253,-1,253,250,251,-1,254,252,255,-1,255,252,253,-1,254,255,256,-1,256,255,257,-1,256,257,258,-1,258,257,259,-1,258,259,260,-1,260,259,261,-1,260,261,262,-1,262,261,263,-1,262,263,264,-1,264,263,265,-1,266,264,267,-1,267,264,265,-1,266,267,268,-1,266,268,269,-1,269,268,270,-1,269,270,271,-1,271,270,272,-1,271,272,273,-1,273,272,274,-1,273,274,275,-1,275,274,276,-1,275,276,277,-1,278,277,279,-1,279,277,276,-1,249,250,252,-1,277,278,225,-1,225,224,277,-1,277,224,228,-1,277,228,275,-1,275,228,230,-1,275,230,273,-1,273,230,271,-1,271,230,269,-1,269,230,232,-1,269,232,266,-1,252,254,249,-1,249,254,256,-1,249,256,247,-1,247,256,258,-1,247,258,245,-1,245,258,260,-1,238,241,260,-1,260,241,243,-1,260,243,245,-1,260,262,238,-1,238,262,264,-1,238,264,236,-1,236,264,266,-1,236,266,234,-1,234,266,232,-1,276,274,231,-1,253,251,255,-1,255,251,248,-1,227,279,226,-1,226,279,276,-1,226,276,229,-1,229,276,231,-1,244,261,246,-1,246,261,259,-1,246,259,248,-1,248,259,257,-1,248,257,255,-1,244,242,261,-1,261,242,240,-1,261,240,263,-1,263,240,239,-1,263,239,265,-1,265,239,267,-1,274,272,231,-1,231,272,270,-1,231,270,233,-1,233,270,268,-1,233,268,235,-1,235,268,267,-1,235,267,237,-1,237,267,239,-1,280,281,282,-1,282,281,283,-1,282,283,284,-1,284,283,285,-1,284,285,286,-1,286,285,287,-1,286,287,288,-1,288,287,289,-1,288,289,290,-1,290,289,291,-1,292,290,293,-1,293,290,291,-1,294,292,295,-1,295,292,293,-1,296,294,297,-1,297,294,295,-1,296,297,298,-1,296,298,299,-1,299,298,300,-1,299,300,301,-1,301,300,302,-1,301,302,303,-1,303,302,304,-1,303,304,305,-1,305,304,306,-1,305,306,307,-1,308,307,309,-1,309,307,306,-1,308,309,310,-1,310,309,311,-1,310,311,312,-1,312,311,313,-1,312,313,314,-1,314,313,315,-1,314,315,316,-1,316,315,317,-1,316,317,318,-1,318,317,319,-1,320,318,321,-1,321,318,319,-1,322,323,324,-1,324,323,325,-1,322,324,326,-1,322,326,327,-1,327,326,328,-1,327,328,329,-1,329,328,330,-1,329,330,331,-1,331,330,332,-1,331,332,333,-1,333,332,334,-1,333,334,335,-1,280,335,281,-1,281,335,334,-1,296,299,286,-1,322,327,314,-1,292,294,290,-1,290,294,296,-1,290,296,288,-1,288,296,286,-1,320,323,318,-1,318,323,322,-1,318,322,316,-1,316,322,314,-1,299,301,286,-1,286,301,303,-1,286,303,284,-1,284,303,305,-1,284,305,282,-1,282,305,307,-1,282,307,280,-1,280,307,335,-1,327,329,314,-1,314,329,331,-1,314,331,312,-1,312,331,333,-1,312,333,310,-1,310,333,335,-1,310,335,308,-1,308,335,307,-1,297,295,293,-1,324,325,321,-1,293,291,297,-1,297,291,289,-1,297,289,298,-1,298,289,287,-1,298,287,300,-1,300,287,302,-1,330,315,332,-1,332,315,313,-1,332,313,334,-1,321,319,324,-1,324,319,317,-1,324,317,326,-1,326,317,315,-1,326,315,328,-1,328,315,330,-1,302,287,304,-1,304,287,285,-1,304,285,306,-1,285,283,306,-1,306,283,281,-1,306,281,309,-1,309,281,334,-1,309,334,311,-1,311,334,313,-1,336,337,338,-1,338,337,339,-1,336,338,340,-1,340,338,341,-1,340,341,342,-1,342,341,343,-1,342,343,344,-1,344,343,345,-1,344,345,346,-1,346,345,347,-1,346,347,348,-1,348,347,349,-1,350,348,351,-1,351,348,349,-1,350,351,352,-1,350,352,353,-1,353,352,354,-1,353,354,355,-1,355,354,356,-1,355,356,357,-1,357,356,358,-1,357,358,359,-1,359,358,360,-1,359,360,361,-1,362,361,363,-1,363,361,360,-1,364,362,365,-1,365,362,363,-1,366,364,367,-1,367,364,365,-1,366,367,368,-1,368,367,369,-1,368,369,370,-1,370,369,371,-1,370,371,372,-1,372,371,373,-1,372,373,374,-1,374,373,375,-1,374,375,376,-1,376,375,377,-1,378,376,379,-1,379,376,377,-1,378,379,380,-1,378,380,381,-1,381,380,382,-1,381,382,383,-1,383,382,384,-1,383,384,385,-1,385,384,386,-1,385,386,387,-1,387,386,388,-1,387,388,389,-1,390,389,391,-1,391,389,388,-1,361,362,364,-1,389,390,337,-1,337,336,389,-1,389,336,340,-1,389,340,387,-1,387,340,342,-1,387,342,385,-1,385,342,383,-1,383,342,381,-1,381,342,344,-1,381,344,378,-1,364,366,361,-1,361,366,368,-1,361,368,359,-1,359,368,370,-1,359,370,357,-1,357,370,372,-1,350,353,372,-1,372,353,355,-1,372,355,357,-1,372,374,350,-1,350,374,376,-1,350,376,348,-1,348,376,378,-1,348,378,346,-1,346,378,344,-1,388,386,343,-1,365,363,367,-1,367,363,360,-1,339,391,338,-1,338,391,388,-1,338,388,341,-1,341,388,343,-1,356,373,358,-1,358,373,371,-1,358,371,360,-1,360,371,369,-1,360,369,367,-1,356,354,373,-1,373,354,352,-1,373,352,375,-1,375,352,351,-1,375,351,377,-1,377,351,379,-1,386,384,343,-1,343,384,382,-1,343,382,345,-1,345,382,380,-1,345,380,347,-1,347,380,379,-1,347,379,349,-1,349,379,351,-1,392,393,394,-1,394,393,395,-1,394,395,396,-1,396,395,397,-1,396,397,398,-1,398,397,399,-1,398,399,400,-1,400,399,401,-1,400,401,402,-1,402,401,403,-1,404,402,405,-1,405,402,403,-1,406,404,407,-1,407,404,405,-1,408,406,409,-1,409,406,407,-1,408,409,410,-1,408,410,411,-1,411,410,412,-1,411,412,413,-1,413,412,414,-1,413,414,415,-1,415,414,416,-1,415,416,417,-1,417,416,418,-1,417,418,419,-1,420,419,421,-1,421,419,418,-1,420,421,422,-1,422,421,423,-1,422,423,424,-1,424,423,425,-1,424,425,426,-1,426,425,427,-1,426,427,428,-1,428,427,429,-1,428,429,430,-1,430,429,431,-1,432,430,433,-1,433,430,431,-1,434,435,436,-1,436,435,437,-1,434,436,438,-1,434,438,439,-1,439,438,440,-1,439,440,441,-1,441,440,442,-1,441,442,443,-1,443,442,444,-1,443,444,445,-1,445,444,446,-1,445,446,447,-1,392,447,393,-1,393,447,446,-1,408,411,398,-1,434,439,426,-1,404,406,402,-1,402,406,408,-1,402,408,400,-1,400,408,398,-1,432,435,430,-1,430,435,434,-1,430,434,428,-1,428,434,426,-1,411,413,398,-1,398,413,415,-1,398,415,396,-1,396,415,417,-1,396,417,394,-1,394,417,419,-1,394,419,392,-1,392,419,447,-1,439,441,426,-1,426,441,443,-1,426,443,424,-1,424,443,445,-1,424,445,422,-1,422,445,447,-1,422,447,420,-1,420,447,419,-1,409,407,405,-1,436,437,433,-1,405,403,409,-1,409,403,401,-1,409,401,410,-1,410,401,399,-1,410,399,412,-1,412,399,414,-1,442,427,444,-1,444,427,425,-1,444,425,446,-1,433,431,436,-1,436,431,429,-1,436,429,438,-1,438,429,427,-1,438,427,440,-1,440,427,442,-1,414,399,416,-1,416,399,397,-1,416,397,418,-1,397,395,418,-1,418,395,393,-1,418,393,421,-1,421,393,446,-1,421,446,423,-1,423,446,425,-1,448,449,450,-1,450,449,451,-1,448,450,452,-1,452,450,453,-1,452,453,454,-1,454,453,455,-1,454,455,456,-1,456,455,457,-1,456,457,458,-1,458,457,459,-1,458,459,460,-1,460,459,461,-1,462,460,463,-1,463,460,461,-1,462,463,464,-1,462,464,465,-1,465,464,466,-1,465,466,467,-1,467,466,468,-1,467,468,469,-1,469,468,470,-1,469,470,471,-1,471,470,472,-1,471,472,473,-1,474,473,475,-1,475,473,472,-1,476,474,477,-1,477,474,475,-1,478,476,479,-1,479,476,477,-1,478,479,480,-1,480,479,481,-1,480,481,482,-1,482,481,483,-1,482,483,484,-1,484,483,485,-1,484,485,486,-1,486,485,487,-1,486,487,488,-1,488,487,489,-1,490,488,491,-1,491,488,489,-1,490,491,492,-1,490,492,493,-1,493,492,494,-1,493,494,495,-1,495,494,496,-1,495,496,497,-1,497,496,498,-1,497,498,499,-1,499,498,500,-1,499,500,501,-1,502,501,503,-1,503,501,500,-1,473,474,476,-1,501,502,449,-1,449,448,501,-1,501,448,452,-1,501,452,499,-1,499,452,454,-1,499,454,497,-1,497,454,495,-1,495,454,493,-1,493,454,456,-1,493,456,490,-1,476,478,473,-1,473,478,480,-1,473,480,471,-1,471,480,482,-1,471,482,469,-1,469,482,484,-1,462,465,484,-1,484,465,467,-1,484,467,469,-1,484,486,462,-1,462,486,488,-1,462,488,460,-1,460,488,490,-1,460,490,458,-1,458,490,456,-1,500,498,455,-1,477,475,479,-1,479,475,472,-1,451,503,450,-1,450,503,500,-1,450,500,453,-1,453,500,455,-1,468,485,470,-1,470,485,483,-1,470,483,472,-1,472,483,481,-1,472,481,479,-1,468,466,485,-1,485,466,464,-1,485,464,487,-1,487,464,463,-1,487,463,489,-1,489,463,491,-1,498,496,455,-1,455,496,494,-1,455,494,457,-1,457,494,492,-1,457,492,459,-1,459,492,491,-1,459,491,461,-1,461,491,463,-1,504,505,506,-1,506,505,507,-1,506,507,508,-1,508,507,509,-1,508,509,510,-1,510,509,511,-1,510,511,512,-1,512,511,513,-1,512,513,514,-1,514,513,515,-1,516,514,517,-1,517,514,515,-1,518,516,519,-1,519,516,517,-1,520,518,521,-1,521,518,519,-1,520,521,522,-1,520,522,523,-1,523,522,524,-1,523,524,525,-1,525,524,526,-1,525,526,527,-1,527,526,528,-1,527,528,529,-1,529,528,530,-1,529,530,531,-1,532,531,533,-1,533,531,530,-1,532,533,534,-1,534,533,535,-1,534,535,536,-1,536,535,537,-1,536,537,538,-1,538,537,539,-1,538,539,540,-1,540,539,541,-1,540,541,542,-1,542,541,543,-1,544,542,545,-1,545,542,543,-1,546,547,548,-1,548,547,549,-1,546,548,550,-1,546,550,551,-1,551,550,552,-1,551,552,553,-1,553,552,554,-1,553,554,555,-1,555,554,556,-1,555,556,557,-1,557,556,558,-1,557,558,559,-1,504,559,505,-1,505,559,558,-1,520,523,510,-1,546,551,538,-1,516,518,514,-1,514,518,520,-1,514,520,512,-1,512,520,510,-1,544,547,542,-1,542,547,546,-1,542,546,540,-1,540,546,538,-1,523,525,510,-1,510,525,527,-1,510,527,508,-1,508,527,529,-1,508,529,506,-1,506,529,531,-1,506,531,504,-1,504,531,559,-1,551,553,538,-1,538,553,555,-1,538,555,536,-1,536,555,557,-1,536,557,534,-1,534,557,559,-1,534,559,532,-1,532,559,531,-1,521,519,517,-1,548,549,545,-1,517,515,521,-1,521,515,513,-1,521,513,522,-1,522,513,511,-1,522,511,524,-1,524,511,526,-1,554,539,556,-1,556,539,537,-1,556,537,558,-1,545,543,548,-1,548,543,541,-1,548,541,550,-1,550,541,539,-1,550,539,552,-1,552,539,554,-1,526,511,528,-1,528,511,509,-1,528,509,530,-1,509,507,530,-1,530,507,505,-1,530,505,533,-1,533,505,558,-1,533,558,535,-1,535,558,537,-1,560,561,562,-1,562,561,563,-1,560,562,564,-1,564,562,565,-1,564,565,566,-1,566,565,567,-1,566,567,568,-1,568,567,569,-1,568,569,570,-1,570,569,571,-1,570,571,572,-1,572,571,573,-1,574,572,575,-1,575,572,573,-1,574,575,576,-1,574,576,577,-1,577,576,578,-1,577,578,579,-1,579,578,580,-1,579,580,581,-1,581,580,582,-1,581,582,583,-1,583,582,584,-1,583,584,585,-1,586,585,587,-1,587,585,584,-1,588,586,589,-1,589,586,587,-1,590,588,591,-1,591,588,589,-1,590,591,592,-1,592,591,593,-1,592,593,594,-1,594,593,595,-1,594,595,596,-1,596,595,597,-1,596,597,598,-1,598,597,599,-1,598,599,600,-1,600,599,601,-1,602,600,603,-1,603,600,601,-1,602,603,604,-1,602,604,605,-1,605,604,606,-1,605,606,607,-1,607,606,608,-1,607,608,609,-1,609,608,610,-1,609,610,611,-1,611,610,612,-1,611,612,613,-1,614,613,615,-1,615,613,612,-1,585,586,588,-1,613,614,561,-1,561,560,613,-1,613,560,564,-1,613,564,611,-1,611,564,566,-1,611,566,609,-1,609,566,607,-1,607,566,605,-1,605,566,568,-1,605,568,602,-1,588,590,585,-1,585,590,592,-1,585,592,583,-1,583,592,594,-1,583,594,581,-1,581,594,596,-1,574,577,596,-1,596,577,579,-1,596,579,581,-1,596,598,574,-1,574,598,600,-1,574,600,572,-1,572,600,602,-1,572,602,570,-1,570,602,568,-1,612,610,567,-1,589,587,591,-1,591,587,584,-1,563,615,562,-1,562,615,612,-1,562,612,565,-1,565,612,567,-1,580,597,582,-1,582,597,595,-1,582,595,584,-1,584,595,593,-1,584,593,591,-1,580,578,597,-1,597,578,576,-1,597,576,599,-1,599,576,575,-1,599,575,601,-1,601,575,603,-1,610,608,567,-1,567,608,606,-1,567,606,569,-1,569,606,604,-1,569,604,571,-1,571,604,603,-1,571,603,573,-1,573,603,575,-1,616,617,618,-1,618,617,619,-1,618,619,620,-1,620,619,621,-1,620,621,622,-1,622,621,623,-1,622,623,624,-1,624,623,625,-1,624,625,626,-1,626,625,627,-1,628,626,629,-1,629,626,627,-1,630,628,631,-1,631,628,629,-1,632,630,633,-1,633,630,631,-1,632,633,634,-1,632,634,635,-1,635,634,636,-1,635,636,637,-1,637,636,638,-1,637,638,639,-1,639,638,640,-1,639,640,641,-1,641,640,642,-1,641,642,643,-1,644,643,645,-1,645,643,642,-1,644,645,646,-1,646,645,647,-1,646,647,648,-1,648,647,649,-1,648,649,650,-1,650,649,651,-1,650,651,652,-1,652,651,653,-1,652,653,654,-1,654,653,655,-1,656,654,657,-1,657,654,655,-1,658,659,660,-1,660,659,661,-1,658,660,662,-1,658,662,663,-1,663,662,664,-1,663,664,665,-1,665,664,666,-1,665,666,667,-1,667,666,668,-1,667,668,669,-1,669,668,670,-1,669,670,671,-1,616,671,617,-1,617,671,670,-1,632,635,622,-1,658,663,650,-1,628,630,626,-1,626,630,632,-1,626,632,624,-1,624,632,622,-1,656,659,654,-1,654,659,658,-1,654,658,652,-1,652,658,650,-1,635,637,622,-1,622,637,639,-1,622,639,620,-1,620,639,641,-1,620,641,618,-1,618,641,643,-1,618,643,616,-1,616,643,671,-1,663,665,650,-1,650,665,667,-1,650,667,648,-1,648,667,669,-1,648,669,646,-1,646,669,671,-1,646,671,644,-1,644,671,643,-1,633,631,629,-1,660,661,657,-1,629,627,633,-1,633,627,625,-1,633,625,634,-1,634,625,623,-1,634,623,636,-1,636,623,638,-1,666,651,668,-1,668,651,649,-1,668,649,670,-1,657,655,660,-1,660,655,653,-1,660,653,662,-1,662,653,651,-1,662,651,664,-1,664,651,666,-1,638,623,640,-1,640,623,621,-1,640,621,642,-1,621,619,642,-1,642,619,617,-1,642,617,645,-1,645,617,670,-1,645,670,647,-1,647,670,649,-1,672,673,674,-1,674,673,675,-1,672,674,676,-1,676,674,677,-1,676,677,678,-1,678,677,679,-1,678,679,680,-1,680,679,681,-1,680,681,682,-1,682,681,683,-1,682,683,684,-1,684,683,685,-1,686,684,687,-1,687,684,685,-1,686,687,688,-1,686,688,689,-1,689,688,690,-1,689,690,691,-1,691,690,692,-1,691,692,693,-1,693,692,694,-1,693,694,695,-1,695,694,696,-1,695,696,697,-1,698,697,699,-1,699,697,696,-1,700,698,701,-1,701,698,699,-1,702,700,703,-1,703,700,701,-1,702,703,704,-1,704,703,705,-1,704,705,706,-1,706,705,707,-1,706,707,708,-1,708,707,709,-1,708,709,710,-1,710,709,711,-1,710,711,712,-1,712,711,713,-1,714,712,715,-1,715,712,713,-1,714,715,716,-1,714,716,717,-1,717,716,718,-1,717,718,719,-1,719,718,720,-1,719,720,721,-1,721,720,722,-1,721,722,723,-1,723,722,724,-1,723,724,725,-1,726,725,727,-1,727,725,724,-1,697,698,700,-1,725,726,673,-1,673,672,725,-1,725,672,676,-1,725,676,723,-1,723,676,678,-1,723,678,721,-1,721,678,719,-1,719,678,717,-1,717,678,680,-1,717,680,714,-1,700,702,697,-1,697,702,704,-1,697,704,695,-1,695,704,706,-1,695,706,693,-1,693,706,708,-1,686,689,708,-1,708,689,691,-1,708,691,693,-1,708,710,686,-1,686,710,712,-1,686,712,684,-1,684,712,714,-1,684,714,682,-1,682,714,680,-1,724,722,679,-1,701,699,703,-1,703,699,696,-1,675,727,674,-1,674,727,724,-1,674,724,677,-1,677,724,679,-1,692,709,694,-1,694,709,707,-1,694,707,696,-1,696,707,705,-1,696,705,703,-1,692,690,709,-1,709,690,688,-1,709,688,711,-1,711,688,687,-1,711,687,713,-1,713,687,715,-1,722,720,679,-1,679,720,718,-1,679,718,681,-1,681,718,716,-1,681,716,683,-1,683,716,715,-1,683,715,685,-1,685,715,687,-1,728,729,730,-1,730,729,731,-1,730,731,732,-1,732,731,733,-1,732,733,734,-1,734,733,735,-1,734,735,736,-1,736,735,737,-1,736,737,738,-1,738,737,739,-1,740,738,741,-1,741,738,739,-1,742,740,743,-1,743,740,741,-1,744,742,745,-1,745,742,743,-1,744,745,746,-1,744,746,747,-1,747,746,748,-1,747,748,749,-1,749,748,750,-1,749,750,751,-1,751,750,752,-1,751,752,753,-1,753,752,754,-1,753,754,755,-1,756,755,757,-1,757,755,754,-1,756,757,758,-1,758,757,759,-1,758,759,760,-1,760,759,761,-1,760,761,762,-1,762,761,763,-1,762,763,764,-1,764,763,765,-1,764,765,766,-1,766,765,767,-1,768,766,769,-1,769,766,767,-1,770,771,772,-1,772,771,773,-1,770,772,774,-1,770,774,775,-1,775,774,776,-1,775,776,777,-1,777,776,778,-1,777,778,779,-1,779,778,780,-1,779,780,781,-1,781,780,782,-1,781,782,783,-1,728,783,729,-1,729,783,782,-1,744,747,734,-1,770,775,762,-1,740,742,738,-1,738,742,744,-1,738,744,736,-1,736,744,734,-1,768,771,766,-1,766,771,770,-1,766,770,764,-1,764,770,762,-1,747,749,734,-1,734,749,751,-1,734,751,732,-1,732,751,753,-1,732,753,730,-1,730,753,755,-1,730,755,728,-1,728,755,783,-1,775,777,762,-1,762,777,779,-1,762,779,760,-1,760,779,781,-1,760,781,758,-1,758,781,783,-1,758,783,756,-1,756,783,755,-1,745,743,741,-1,772,773,769,-1,741,739,745,-1,745,739,737,-1,745,737,746,-1,746,737,735,-1,746,735,748,-1,748,735,750,-1,778,763,780,-1,780,763,761,-1,780,761,782,-1,769,767,772,-1,772,767,765,-1,772,765,774,-1,774,765,763,-1,774,763,776,-1,776,763,778,-1,750,735,752,-1,752,735,733,-1,752,733,754,-1,733,731,754,-1,754,731,729,-1,754,729,757,-1,757,729,782,-1,757,782,759,-1,759,782,761,-1,784,785,786,-1,786,785,787,-1,784,786,788,-1,788,786,789,-1,788,789,790,-1,790,789,791,-1,790,791,792,-1,792,791,793,-1,792,793,794,-1,794,793,795,-1,794,795,796,-1,796,795,797,-1,798,796,799,-1,799,796,797,-1,798,799,800,-1,798,800,801,-1,801,800,802,-1,801,802,803,-1,803,802,804,-1,803,804,805,-1,805,804,806,-1,805,806,807,-1,807,806,808,-1,807,808,809,-1,810,809,811,-1,811,809,808,-1,812,810,813,-1,813,810,811,-1,814,812,815,-1,815,812,813,-1,814,815,816,-1,816,815,817,-1,816,817,818,-1,818,817,819,-1,818,819,820,-1,820,819,821,-1,820,821,822,-1,822,821,823,-1,822,823,824,-1,824,823,825,-1,826,824,827,-1,827,824,825,-1,826,827,828,-1,826,828,829,-1,829,828,830,-1,829,830,831,-1,831,830,832,-1,831,832,833,-1,833,832,834,-1,833,834,835,-1,835,834,836,-1,835,836,837,-1,838,837,839,-1,839,837,836,-1,809,810,812,-1,837,838,785,-1,785,784,837,-1,837,784,788,-1,837,788,835,-1,835,788,790,-1,835,790,833,-1,833,790,831,-1,831,790,829,-1,829,790,792,-1,829,792,826,-1,812,814,809,-1,809,814,816,-1,809,816,807,-1,807,816,818,-1,807,818,805,-1,805,818,820,-1,798,801,820,-1,820,801,803,-1,820,803,805,-1,820,822,798,-1,798,822,824,-1,798,824,796,-1,796,824,826,-1,796,826,794,-1,794,826,792,-1,836,834,791,-1,813,811,815,-1,815,811,808,-1,787,839,786,-1,786,839,836,-1,786,836,789,-1,789,836,791,-1,804,821,806,-1,806,821,819,-1,806,819,808,-1,808,819,817,-1,808,817,815,-1,804,802,821,-1,821,802,800,-1,821,800,823,-1,823,800,799,-1,823,799,825,-1,825,799,827,-1,834,832,791,-1,791,832,830,-1,791,830,793,-1,793,830,828,-1,793,828,795,-1,795,828,827,-1,795,827,797,-1,797,827,799,-1,840,841,842,-1,842,841,843,-1,842,843,844,-1,844,843,845,-1,844,845,846,-1,846,845,847,-1,846,847,848,-1,848,847,849,-1,848,849,850,-1,850,849,851,-1,852,850,853,-1,853,850,851,-1,854,852,855,-1,855,852,853,-1,856,854,857,-1,857,854,855,-1,856,857,858,-1,856,858,859,-1,859,858,860,-1,859,860,861,-1,861,860,862,-1,861,862,863,-1,863,862,864,-1,863,864,865,-1,865,864,866,-1,865,866,867,-1,868,867,869,-1,869,867,866,-1,868,869,870,-1,870,869,871,-1,870,871,872,-1,872,871,873,-1,872,873,874,-1,874,873,875,-1,874,875,876,-1,876,875,877,-1,876,877,878,-1,878,877,879,-1,880,878,881,-1,881,878,879,-1,882,883,884,-1,884,883,885,-1,882,884,886,-1,882,886,887,-1,887,886,888,-1,887,888,889,-1,889,888,890,-1,889,890,891,-1,891,890,892,-1,891,892,893,-1,893,892,894,-1,893,894,895,-1,840,895,841,-1,841,895,894,-1,856,859,846,-1,882,887,874,-1,852,854,850,-1,850,854,856,-1,850,856,848,-1,848,856,846,-1,880,883,878,-1,878,883,882,-1,878,882,876,-1,876,882,874,-1,859,861,846,-1,846,861,863,-1,846,863,844,-1,844,863,865,-1,844,865,842,-1,842,865,867,-1,842,867,840,-1,840,867,895,-1,887,889,874,-1,874,889,891,-1,874,891,872,-1,872,891,893,-1,872,893,870,-1,870,893,895,-1,870,895,868,-1,868,895,867,-1,857,855,853,-1,884,885,881,-1,853,851,857,-1,857,851,849,-1,857,849,858,-1,858,849,847,-1,858,847,860,-1,860,847,862,-1,890,875,892,-1,892,875,873,-1,892,873,894,-1,881,879,884,-1,884,879,877,-1,884,877,886,-1,886,877,875,-1,886,875,888,-1,888,875,890,-1,862,847,864,-1,864,847,845,-1,864,845,866,-1,845,843,866,-1,866,843,841,-1,866,841,869,-1,869,841,894,-1,869,894,871,-1,871,894,873,-1,896,897,898,-1,898,897,899,-1,896,898,900,-1,900,898,901,-1,900,901,902,-1,902,901,903,-1,902,903,904,-1,904,903,905,-1,904,905,906,-1,906,905,907,-1,906,907,908,-1,908,907,909,-1,910,908,911,-1,911,908,909,-1,910,911,912,-1,910,912,913,-1,913,912,914,-1,913,914,915,-1,915,914,916,-1,915,916,917,-1,917,916,918,-1,917,918,919,-1,919,918,920,-1,919,920,921,-1,922,921,923,-1,923,921,920,-1,924,922,925,-1,925,922,923,-1,926,924,927,-1,927,924,925,-1,926,927,928,-1,928,927,929,-1,928,929,930,-1,930,929,931,-1,930,931,932,-1,932,931,933,-1,932,933,934,-1,934,933,935,-1,934,935,936,-1,936,935,937,-1,938,936,939,-1,939,936,937,-1,938,939,940,-1,938,940,941,-1,941,940,942,-1,941,942,943,-1,943,942,944,-1,943,944,945,-1,945,944,946,-1,945,946,947,-1,947,946,948,-1,947,948,949,-1,950,949,951,-1,951,949,948,-1,921,922,924,-1,949,950,897,-1,897,896,949,-1,949,896,900,-1,949,900,947,-1,947,900,902,-1,947,902,945,-1,945,902,943,-1,943,902,941,-1,941,902,904,-1,941,904,938,-1,924,926,921,-1,921,926,928,-1,921,928,919,-1,919,928,930,-1,919,930,917,-1,917,930,932,-1,910,913,932,-1,932,913,915,-1,932,915,917,-1,932,934,910,-1,910,934,936,-1,910,936,908,-1,908,936,938,-1,908,938,906,-1,906,938,904,-1,948,946,903,-1,925,923,927,-1,927,923,920,-1,899,951,898,-1,898,951,948,-1,898,948,901,-1,901,948,903,-1,916,933,918,-1,918,933,931,-1,918,931,920,-1,920,931,929,-1,920,929,927,-1,916,914,933,-1,933,914,912,-1,933,912,935,-1,935,912,911,-1,935,911,937,-1,937,911,939,-1,946,944,903,-1,903,944,942,-1,903,942,905,-1,905,942,940,-1,905,940,907,-1,907,940,939,-1,907,939,909,-1,909,939,911,-1,952,953,954,-1,954,953,955,-1,954,955,956,-1,956,955,957,-1,956,957,958,-1,958,957,959,-1,958,959,960,-1,960,959,961,-1,960,961,962,-1,962,961,963,-1,964,962,965,-1,965,962,963,-1,966,964,967,-1,967,964,965,-1,968,966,969,-1,969,966,967,-1,968,969,970,-1,968,970,971,-1,971,970,972,-1,971,972,973,-1,973,972,974,-1,973,974,975,-1,975,974,976,-1,975,976,977,-1,977,976,978,-1,977,978,979,-1,980,979,981,-1,981,979,978,-1,980,981,982,-1,982,981,983,-1,982,983,984,-1,984,983,985,-1,984,985,986,-1,986,985,987,-1,986,987,988,-1,988,987,989,-1,988,989,990,-1,990,989,991,-1,992,990,993,-1,993,990,991,-1,994,995,996,-1,996,995,997,-1,994,996,998,-1,994,998,999,-1,999,998,1000,-1,999,1000,1001,-1,1001,1000,1002,-1,1001,1002,1003,-1,1003,1002,1004,-1,1003,1004,1005,-1,1005,1004,1006,-1,1005,1006,1007,-1,952,1007,953,-1,953,1007,1006,-1,968,971,958,-1,994,999,986,-1,964,966,962,-1,962,966,968,-1,962,968,960,-1,960,968,958,-1,992,995,990,-1,990,995,994,-1,990,994,988,-1,988,994,986,-1,971,973,958,-1,958,973,975,-1,958,975,956,-1,956,975,977,-1,956,977,954,-1,954,977,979,-1,954,979,952,-1,952,979,1007,-1,999,1001,986,-1,986,1001,1003,-1,986,1003,984,-1,984,1003,1005,-1,984,1005,982,-1,982,1005,1007,-1,982,1007,980,-1,980,1007,979,-1,969,967,965,-1,996,997,993,-1,965,963,969,-1,969,963,961,-1,969,961,970,-1,970,961,959,-1,970,959,972,-1,972,959,974,-1,1002,987,1004,-1,1004,987,985,-1,1004,985,1006,-1,993,991,996,-1,996,991,989,-1,996,989,998,-1,998,989,987,-1,998,987,1000,-1,1000,987,1002,-1,974,959,976,-1,976,959,957,-1,976,957,978,-1,957,955,978,-1,978,955,953,-1,978,953,981,-1,981,953,1006,-1,981,1006,983,-1,983,1006,985,-1,1008,1009,1010,-1,1010,1009,1011,-1,1008,1010,1012,-1,1012,1010,1013,-1,1012,1013,1014,-1,1014,1013,1015,-1,1014,1015,1016,-1,1016,1015,1017,-1,1016,1017,1018,-1,1018,1017,1019,-1,1018,1019,1020,-1,1020,1019,1021,-1,1022,1020,1023,-1,1023,1020,1021,-1,1022,1023,1024,-1,1022,1024,1025,-1,1025,1024,1026,-1,1025,1026,1027,-1,1027,1026,1028,-1,1027,1028,1029,-1,1029,1028,1030,-1,1029,1030,1031,-1,1031,1030,1032,-1,1031,1032,1033,-1,1034,1033,1035,-1,1035,1033,1032,-1,1036,1034,1037,-1,1037,1034,1035,-1,1038,1036,1039,-1,1039,1036,1037,-1,1038,1039,1040,-1,1040,1039,1041,-1,1040,1041,1042,-1,1042,1041,1043,-1,1042,1043,1044,-1,1044,1043,1045,-1,1044,1045,1046,-1,1046,1045,1047,-1,1046,1047,1048,-1,1048,1047,1049,-1,1050,1048,1051,-1,1051,1048,1049,-1,1050,1051,1052,-1,1050,1052,1053,-1,1053,1052,1054,-1,1053,1054,1055,-1,1055,1054,1056,-1,1055,1056,1057,-1,1057,1056,1058,-1,1057,1058,1059,-1,1059,1058,1060,-1,1059,1060,1061,-1,1062,1061,1063,-1,1063,1061,1060,-1,1033,1034,1036,-1,1061,1062,1009,-1,1009,1008,1061,-1,1061,1008,1012,-1,1061,1012,1059,-1,1059,1012,1014,-1,1059,1014,1057,-1,1057,1014,1055,-1,1055,1014,1053,-1,1053,1014,1016,-1,1053,1016,1050,-1,1036,1038,1033,-1,1033,1038,1040,-1,1033,1040,1031,-1,1031,1040,1042,-1,1031,1042,1029,-1,1029,1042,1044,-1,1022,1025,1044,-1,1044,1025,1027,-1,1044,1027,1029,-1,1044,1046,1022,-1,1022,1046,1048,-1,1022,1048,1020,-1,1020,1048,1050,-1,1020,1050,1018,-1,1018,1050,1016,-1,1060,1058,1015,-1,1037,1035,1039,-1,1039,1035,1032,-1,1011,1063,1010,-1,1010,1063,1060,-1,1010,1060,1013,-1,1013,1060,1015,-1,1028,1045,1030,-1,1030,1045,1043,-1,1030,1043,1032,-1,1032,1043,1041,-1,1032,1041,1039,-1,1028,1026,1045,-1,1045,1026,1024,-1,1045,1024,1047,-1,1047,1024,1023,-1,1047,1023,1049,-1,1049,1023,1051,-1,1058,1056,1015,-1,1015,1056,1054,-1,1015,1054,1017,-1,1017,1054,1052,-1,1017,1052,1019,-1,1019,1052,1051,-1,1019,1051,1021,-1,1021,1051,1023,-1,1064,1065,1066,-1,1066,1065,1067,-1,1066,1067,1068,-1,1068,1067,1069,-1,1068,1069,1070,-1,1070,1069,1071,-1,1070,1071,1072,-1,1072,1071,1073,-1,1072,1073,1074,-1,1074,1073,1075,-1,1076,1074,1077,-1,1077,1074,1075,-1,1078,1076,1079,-1,1079,1076,1077,-1,1080,1078,1081,-1,1081,1078,1079,-1,1080,1081,1082,-1,1080,1082,1083,-1,1083,1082,1084,-1,1083,1084,1085,-1,1085,1084,1086,-1,1085,1086,1087,-1,1087,1086,1088,-1,1087,1088,1089,-1,1089,1088,1090,-1,1089,1090,1091,-1,1092,1091,1093,-1,1093,1091,1090,-1,1092,1093,1094,-1,1094,1093,1095,-1,1094,1095,1096,-1,1096,1095,1097,-1,1096,1097,1098,-1,1098,1097,1099,-1,1098,1099,1100,-1,1100,1099,1101,-1,1100,1101,1102,-1,1102,1101,1103,-1,1104,1102,1105,-1,1105,1102,1103,-1,1106,1107,1108,-1,1108,1107,1109,-1,1106,1108,1110,-1,1106,1110,1111,-1,1111,1110,1112,-1,1111,1112,1113,-1,1113,1112,1114,-1,1113,1114,1115,-1,1115,1114,1116,-1,1115,1116,1117,-1,1117,1116,1118,-1,1117,1118,1119,-1,1064,1119,1065,-1,1065,1119,1118,-1,1080,1083,1070,-1,1106,1111,1098,-1,1076,1078,1074,-1,1074,1078,1080,-1,1074,1080,1072,-1,1072,1080,1070,-1,1104,1107,1102,-1,1102,1107,1106,-1,1102,1106,1100,-1,1100,1106,1098,-1,1083,1085,1070,-1,1070,1085,1087,-1,1070,1087,1068,-1,1068,1087,1089,-1,1068,1089,1066,-1,1066,1089,1091,-1,1066,1091,1064,-1,1064,1091,1119,-1,1111,1113,1098,-1,1098,1113,1115,-1,1098,1115,1096,-1,1096,1115,1117,-1,1096,1117,1094,-1,1094,1117,1119,-1,1094,1119,1092,-1,1092,1119,1091,-1,1081,1079,1077,-1,1108,1109,1105,-1,1077,1075,1081,-1,1081,1075,1073,-1,1081,1073,1082,-1,1082,1073,1071,-1,1082,1071,1084,-1,1084,1071,1086,-1,1114,1099,1116,-1,1116,1099,1097,-1,1116,1097,1118,-1,1105,1103,1108,-1,1108,1103,1101,-1,1108,1101,1110,-1,1110,1101,1099,-1,1110,1099,1112,-1,1112,1099,1114,-1,1086,1071,1088,-1,1088,1071,1069,-1,1088,1069,1090,-1,1069,1067,1090,-1,1090,1067,1065,-1,1090,1065,1093,-1,1093,1065,1118,-1,1093,1118,1095,-1,1095,1118,1097,-1,1120,1121,1122,-1,1122,1121,1123,-1,1120,1122,1124,-1,1124,1122,1125,-1,1124,1125,1126,-1,1126,1125,1127,-1,1126,1127,1128,-1,1128,1127,1129,-1,1128,1129,1130,-1,1130,1129,1131,-1,1130,1131,1132,-1,1132,1131,1133,-1,1134,1132,1135,-1,1135,1132,1133,-1,1134,1135,1136,-1,1134,1136,1137,-1,1137,1136,1138,-1,1137,1138,1139,-1,1139,1138,1140,-1,1139,1140,1141,-1,1141,1140,1142,-1,1141,1142,1143,-1,1143,1142,1144,-1,1143,1144,1145,-1,1146,1145,1147,-1,1147,1145,1144,-1,1148,1146,1149,-1,1149,1146,1147,-1,1150,1148,1151,-1,1151,1148,1149,-1,1150,1151,1152,-1,1152,1151,1153,-1,1152,1153,1154,-1,1154,1153,1155,-1,1154,1155,1156,-1,1156,1155,1157,-1,1156,1157,1158,-1,1158,1157,1159,-1,1158,1159,1160,-1,1160,1159,1161,-1,1162,1160,1163,-1,1163,1160,1161,-1,1162,1163,1164,-1,1162,1164,1165,-1,1165,1164,1166,-1,1165,1166,1167,-1,1167,1166,1168,-1,1167,1168,1169,-1,1169,1168,1170,-1,1169,1170,1171,-1,1171,1170,1172,-1,1171,1172,1173,-1,1174,1173,1175,-1,1175,1173,1172,-1,1145,1146,1148,-1,1173,1174,1121,-1,1121,1120,1173,-1,1173,1120,1124,-1,1173,1124,1171,-1,1171,1124,1126,-1,1171,1126,1169,-1,1169,1126,1167,-1,1167,1126,1165,-1,1165,1126,1128,-1,1165,1128,1162,-1,1148,1150,1145,-1,1145,1150,1152,-1,1145,1152,1143,-1,1143,1152,1154,-1,1143,1154,1141,-1,1141,1154,1156,-1,1134,1137,1156,-1,1156,1137,1139,-1,1156,1139,1141,-1,1156,1158,1134,-1,1134,1158,1160,-1,1134,1160,1132,-1,1132,1160,1162,-1,1132,1162,1130,-1,1130,1162,1128,-1,1172,1170,1127,-1,1149,1147,1151,-1,1151,1147,1144,-1,1123,1175,1122,-1,1122,1175,1172,-1,1122,1172,1125,-1,1125,1172,1127,-1,1140,1157,1142,-1,1142,1157,1155,-1,1142,1155,1144,-1,1144,1155,1153,-1,1144,1153,1151,-1,1140,1138,1157,-1,1157,1138,1136,-1,1157,1136,1159,-1,1159,1136,1135,-1,1159,1135,1161,-1,1161,1135,1163,-1,1170,1168,1127,-1,1127,1168,1166,-1,1127,1166,1129,-1,1129,1166,1164,-1,1129,1164,1131,-1,1131,1164,1163,-1,1131,1163,1133,-1,1133,1163,1135,-1,1176,1177,1178,-1,1178,1177,1179,-1,1178,1179,1180,-1,1180,1179,1181,-1,1180,1181,1182,-1,1182,1181,1183,-1,1182,1183,1184,-1,1184,1183,1185,-1,1184,1185,1186,-1,1186,1185,1187,-1,1188,1186,1189,-1,1189,1186,1187,-1,1190,1188,1191,-1,1191,1188,1189,-1,1192,1190,1193,-1,1193,1190,1191,-1,1192,1193,1194,-1,1192,1194,1195,-1,1195,1194,1196,-1,1195,1196,1197,-1,1197,1196,1198,-1,1197,1198,1199,-1,1199,1198,1200,-1,1199,1200,1201,-1,1201,1200,1202,-1,1201,1202,1203,-1,1204,1203,1205,-1,1205,1203,1202,-1,1204,1205,1206,-1,1206,1205,1207,-1,1206,1207,1208,-1,1208,1207,1209,-1,1208,1209,1210,-1,1210,1209,1211,-1,1210,1211,1212,-1,1212,1211,1213,-1,1212,1213,1214,-1,1214,1213,1215,-1,1216,1214,1217,-1,1217,1214,1215,-1,1218,1219,1220,-1,1220,1219,1221,-1,1218,1220,1222,-1,1218,1222,1223,-1,1223,1222,1224,-1,1223,1224,1225,-1,1225,1224,1226,-1,1225,1226,1227,-1,1227,1226,1228,-1,1227,1228,1229,-1,1229,1228,1230,-1,1229,1230,1231,-1,1176,1231,1177,-1,1177,1231,1230,-1,1192,1195,1182,-1,1218,1223,1210,-1,1188,1190,1186,-1,1186,1190,1192,-1,1186,1192,1184,-1,1184,1192,1182,-1,1216,1219,1214,-1,1214,1219,1218,-1,1214,1218,1212,-1,1212,1218,1210,-1,1195,1197,1182,-1,1182,1197,1199,-1,1182,1199,1180,-1,1180,1199,1201,-1,1180,1201,1178,-1,1178,1201,1203,-1,1178,1203,1176,-1,1176,1203,1231,-1,1223,1225,1210,-1,1210,1225,1227,-1,1210,1227,1208,-1,1208,1227,1229,-1,1208,1229,1206,-1,1206,1229,1231,-1,1206,1231,1204,-1,1204,1231,1203,-1,1193,1191,1189,-1,1220,1221,1217,-1,1189,1187,1193,-1,1193,1187,1185,-1,1193,1185,1194,-1,1194,1185,1183,-1,1194,1183,1196,-1,1196,1183,1198,-1,1226,1211,1228,-1,1228,1211,1209,-1,1228,1209,1230,-1,1217,1215,1220,-1,1220,1215,1213,-1,1220,1213,1222,-1,1222,1213,1211,-1,1222,1211,1224,-1,1224,1211,1226,-1,1198,1183,1200,-1,1200,1183,1181,-1,1200,1181,1202,-1,1181,1179,1202,-1,1202,1179,1177,-1,1202,1177,1205,-1,1205,1177,1230,-1,1205,1230,1207,-1,1207,1230,1209,-1,1232,1233,1234,-1,1234,1233,1235,-1,1232,1234,1236,-1,1236,1234,1237,-1,1236,1237,1238,-1,1238,1237,1239,-1,1238,1239,1240,-1,1240,1239,1241,-1,1240,1241,1242,-1,1242,1241,1243,-1,1242,1243,1244,-1,1244,1243,1245,-1,1246,1244,1247,-1,1247,1244,1245,-1,1246,1247,1248,-1,1246,1248,1249,-1,1249,1248,1250,-1,1249,1250,1251,-1,1251,1250,1252,-1,1251,1252,1253,-1,1253,1252,1254,-1,1253,1254,1255,-1,1255,1254,1256,-1,1255,1256,1257,-1,1258,1257,1259,-1,1259,1257,1256,-1,1260,1258,1261,-1,1261,1258,1259,-1,1262,1260,1263,-1,1263,1260,1261,-1,1262,1263,1264,-1,1264,1263,1265,-1,1264,1265,1266,-1,1266,1265,1267,-1,1266,1267,1268,-1,1268,1267,1269,-1,1268,1269,1270,-1,1270,1269,1271,-1,1270,1271,1272,-1,1272,1271,1273,-1,1274,1272,1275,-1,1275,1272,1273,-1,1274,1275,1276,-1,1274,1276,1277,-1,1277,1276,1278,-1,1277,1278,1279,-1,1279,1278,1280,-1,1279,1280,1281,-1,1281,1280,1282,-1,1281,1282,1283,-1,1283,1282,1284,-1,1283,1284,1285,-1,1286,1285,1287,-1,1287,1285,1284,-1,1257,1258,1260,-1,1285,1286,1233,-1,1233,1232,1285,-1,1285,1232,1236,-1,1285,1236,1283,-1,1283,1236,1238,-1,1283,1238,1281,-1,1281,1238,1279,-1,1279,1238,1277,-1,1277,1238,1240,-1,1277,1240,1274,-1,1260,1262,1257,-1,1257,1262,1264,-1,1257,1264,1255,-1,1255,1264,1266,-1,1255,1266,1253,-1,1253,1266,1268,-1,1246,1249,1268,-1,1268,1249,1251,-1,1268,1251,1253,-1,1268,1270,1246,-1,1246,1270,1272,-1,1246,1272,1244,-1,1244,1272,1274,-1,1244,1274,1242,-1,1242,1274,1240,-1,1284,1282,1239,-1,1261,1259,1263,-1,1263,1259,1256,-1,1235,1287,1234,-1,1234,1287,1284,-1,1234,1284,1237,-1,1237,1284,1239,-1,1252,1269,1254,-1,1254,1269,1267,-1,1254,1267,1256,-1,1256,1267,1265,-1,1256,1265,1263,-1,1252,1250,1269,-1,1269,1250,1248,-1,1269,1248,1271,-1,1271,1248,1247,-1,1271,1247,1273,-1,1273,1247,1275,-1,1282,1280,1239,-1,1239,1280,1278,-1,1239,1278,1241,-1,1241,1278,1276,-1,1241,1276,1243,-1,1243,1276,1275,-1,1243,1275,1245,-1,1245,1275,1247,-1,1288,1289,1290,-1,1290,1289,1291,-1,1290,1291,1292,-1,1292,1291,1293,-1,1292,1293,1294,-1,1294,1293,1295,-1,1294,1295,1296,-1,1296,1295,1297,-1,1296,1297,1298,-1,1298,1297,1299,-1,1300,1298,1301,-1,1301,1298,1299,-1,1302,1300,1303,-1,1303,1300,1301,-1,1304,1302,1305,-1,1305,1302,1303,-1,1304,1305,1306,-1,1304,1306,1307,-1,1307,1306,1308,-1,1307,1308,1309,-1,1309,1308,1310,-1,1309,1310,1311,-1,1311,1310,1312,-1,1311,1312,1313,-1,1313,1312,1314,-1,1313,1314,1315,-1,1316,1315,1317,-1,1317,1315,1314,-1,1316,1317,1318,-1,1318,1317,1319,-1,1318,1319,1320,-1,1320,1319,1321,-1,1320,1321,1322,-1,1322,1321,1323,-1,1322,1323,1324,-1,1324,1323,1325,-1,1324,1325,1326,-1,1326,1325,1327,-1,1328,1326,1329,-1,1329,1326,1327,-1,1330,1331,1332,-1,1332,1331,1333,-1,1330,1332,1334,-1,1330,1334,1335,-1,1335,1334,1336,-1,1335,1336,1337,-1,1337,1336,1338,-1,1337,1338,1339,-1,1339,1338,1340,-1,1339,1340,1341,-1,1341,1340,1342,-1,1341,1342,1343,-1,1288,1343,1289,-1,1289,1343,1342,-1,1304,1307,1294,-1,1330,1335,1322,-1,1300,1302,1298,-1,1298,1302,1304,-1,1298,1304,1296,-1,1296,1304,1294,-1,1328,1331,1326,-1,1326,1331,1330,-1,1326,1330,1324,-1,1324,1330,1322,-1,1307,1309,1294,-1,1294,1309,1311,-1,1294,1311,1292,-1,1292,1311,1313,-1,1292,1313,1290,-1,1290,1313,1315,-1,1290,1315,1288,-1,1288,1315,1343,-1,1335,1337,1322,-1,1322,1337,1339,-1,1322,1339,1320,-1,1320,1339,1341,-1,1320,1341,1318,-1,1318,1341,1343,-1,1318,1343,1316,-1,1316,1343,1315,-1,1305,1303,1301,-1,1332,1333,1329,-1,1301,1299,1305,-1,1305,1299,1297,-1,1305,1297,1306,-1,1306,1297,1295,-1,1306,1295,1308,-1,1308,1295,1310,-1,1338,1323,1340,-1,1340,1323,1321,-1,1340,1321,1342,-1,1329,1327,1332,-1,1332,1327,1325,-1,1332,1325,1334,-1,1334,1325,1323,-1,1334,1323,1336,-1,1336,1323,1338,-1,1310,1295,1312,-1,1312,1295,1293,-1,1312,1293,1314,-1,1293,1291,1314,-1,1314,1291,1289,-1,1314,1289,1317,-1,1317,1289,1342,-1,1317,1342,1319,-1,1319,1342,1321,-1,1344,1345,1346,-1,1346,1345,1347,-1,1344,1346,1348,-1,1348,1346,1349,-1,1348,1349,1350,-1,1350,1349,1351,-1,1350,1351,1352,-1,1352,1351,1353,-1,1352,1353,1354,-1,1354,1353,1355,-1,1354,1355,1356,-1,1356,1355,1357,-1,1358,1356,1359,-1,1359,1356,1357,-1,1358,1359,1360,-1,1358,1360,1361,-1,1361,1360,1362,-1,1361,1362,1363,-1,1363,1362,1364,-1,1363,1364,1365,-1,1365,1364,1366,-1,1365,1366,1367,-1,1367,1366,1368,-1,1367,1368,1369,-1,1370,1369,1371,-1,1371,1369,1368,-1,1372,1370,1373,-1,1373,1370,1371,-1,1374,1372,1375,-1,1375,1372,1373,-1,1374,1375,1376,-1,1376,1375,1377,-1,1376,1377,1378,-1,1378,1377,1379,-1,1378,1379,1380,-1,1380,1379,1381,-1,1380,1381,1382,-1,1382,1381,1383,-1,1382,1383,1384,-1,1384,1383,1385,-1,1386,1384,1387,-1,1387,1384,1385,-1,1386,1387,1388,-1,1386,1388,1389,-1,1389,1388,1390,-1,1389,1390,1391,-1,1391,1390,1392,-1,1391,1392,1393,-1,1393,1392,1394,-1,1393,1394,1395,-1,1395,1394,1396,-1,1395,1396,1397,-1,1398,1397,1399,-1,1399,1397,1396,-1,1369,1370,1372,-1,1397,1398,1345,-1,1345,1344,1397,-1,1397,1344,1348,-1,1397,1348,1395,-1,1395,1348,1350,-1,1395,1350,1393,-1,1393,1350,1391,-1,1391,1350,1389,-1,1389,1350,1352,-1,1389,1352,1386,-1,1372,1374,1369,-1,1369,1374,1376,-1,1369,1376,1367,-1,1367,1376,1378,-1,1367,1378,1365,-1,1365,1378,1380,-1,1358,1361,1380,-1,1380,1361,1363,-1,1380,1363,1365,-1,1380,1382,1358,-1,1358,1382,1384,-1,1358,1384,1356,-1,1356,1384,1386,-1,1356,1386,1354,-1,1354,1386,1352,-1,1396,1394,1351,-1,1373,1371,1375,-1,1375,1371,1368,-1,1347,1399,1346,-1,1346,1399,1396,-1,1346,1396,1349,-1,1349,1396,1351,-1,1364,1381,1366,-1,1366,1381,1379,-1,1366,1379,1368,-1,1368,1379,1377,-1,1368,1377,1375,-1,1364,1362,1381,-1,1381,1362,1360,-1,1381,1360,1383,-1,1383,1360,1359,-1,1383,1359,1385,-1,1385,1359,1387,-1,1394,1392,1351,-1,1351,1392,1390,-1,1351,1390,1353,-1,1353,1390,1388,-1,1353,1388,1355,-1,1355,1388,1387,-1,1355,1387,1357,-1,1357,1387,1359,-1,1400,1401,1402,-1,1402,1401,1403,-1,1402,1403,1404,-1,1404,1403,1405,-1,1404,1405,1406,-1,1406,1405,1407,-1,1406,1407,1408,-1,1408,1407,1409,-1,1408,1409,1410,-1,1410,1409,1411,-1,1412,1410,1413,-1,1413,1410,1411,-1,1414,1412,1415,-1,1415,1412,1413,-1,1416,1414,1417,-1,1417,1414,1415,-1,1416,1417,1418,-1,1416,1418,1419,-1,1419,1418,1420,-1,1419,1420,1421,-1,1421,1420,1422,-1,1421,1422,1423,-1,1423,1422,1424,-1,1423,1424,1425,-1,1425,1424,1426,-1,1425,1426,1427,-1,1428,1427,1429,-1,1429,1427,1426,-1,1428,1429,1430,-1,1430,1429,1431,-1,1430,1431,1432,-1,1432,1431,1433,-1,1432,1433,1434,-1,1434,1433,1435,-1,1434,1435,1436,-1,1436,1435,1437,-1,1436,1437,1438,-1,1438,1437,1439,-1,1440,1438,1441,-1,1441,1438,1439,-1,1442,1443,1444,-1,1444,1443,1445,-1,1442,1444,1446,-1,1442,1446,1447,-1,1447,1446,1448,-1,1447,1448,1449,-1,1449,1448,1450,-1,1449,1450,1451,-1,1451,1450,1452,-1,1451,1452,1453,-1,1453,1452,1454,-1,1453,1454,1455,-1,1400,1455,1401,-1,1401,1455,1454,-1,1416,1419,1406,-1,1442,1447,1434,-1,1412,1414,1410,-1,1410,1414,1416,-1,1410,1416,1408,-1,1408,1416,1406,-1,1440,1443,1438,-1,1438,1443,1442,-1,1438,1442,1436,-1,1436,1442,1434,-1,1419,1421,1406,-1,1406,1421,1423,-1,1406,1423,1404,-1,1404,1423,1425,-1,1404,1425,1402,-1,1402,1425,1427,-1,1402,1427,1400,-1,1400,1427,1455,-1,1447,1449,1434,-1,1434,1449,1451,-1,1434,1451,1432,-1,1432,1451,1453,-1,1432,1453,1430,-1,1430,1453,1455,-1,1430,1455,1428,-1,1428,1455,1427,-1,1417,1415,1413,-1,1444,1445,1441,-1,1413,1411,1417,-1,1417,1411,1409,-1,1417,1409,1418,-1,1418,1409,1407,-1,1418,1407,1420,-1,1420,1407,1422,-1,1450,1435,1452,-1,1452,1435,1433,-1,1452,1433,1454,-1,1441,1439,1444,-1,1444,1439,1437,-1,1444,1437,1446,-1,1446,1437,1435,-1,1446,1435,1448,-1,1448,1435,1450,-1,1422,1407,1424,-1,1424,1407,1405,-1,1424,1405,1426,-1,1405,1403,1426,-1,1426,1403,1401,-1,1426,1401,1429,-1,1429,1401,1454,-1,1429,1454,1431,-1,1431,1454,1433,-1,1456,1457,1458,-1,1458,1457,1459,-1,1456,1458,1460,-1,1460,1458,1461,-1,1460,1461,1462,-1,1462,1461,1463,-1,1462,1463,1464,-1,1464,1463,1465,-1,1464,1465,1466,-1,1466,1465,1467,-1,1466,1467,1468,-1,1468,1467,1469,-1,1470,1468,1471,-1,1471,1468,1469,-1,1470,1471,1472,-1,1470,1472,1473,-1,1473,1472,1474,-1,1473,1474,1475,-1,1475,1474,1476,-1,1475,1476,1477,-1,1477,1476,1478,-1,1477,1478,1479,-1,1479,1478,1480,-1,1479,1480,1481,-1,1482,1481,1483,-1,1483,1481,1480,-1,1484,1482,1485,-1,1485,1482,1483,-1,1486,1484,1487,-1,1487,1484,1485,-1,1486,1487,1488,-1,1488,1487,1489,-1,1488,1489,1490,-1,1490,1489,1491,-1,1490,1491,1492,-1,1492,1491,1493,-1,1492,1493,1494,-1,1494,1493,1495,-1,1494,1495,1496,-1,1496,1495,1497,-1,1498,1496,1499,-1,1499,1496,1497,-1,1498,1499,1500,-1,1498,1500,1501,-1,1501,1500,1502,-1,1501,1502,1503,-1,1503,1502,1504,-1,1503,1504,1505,-1,1505,1504,1506,-1,1505,1506,1507,-1,1507,1506,1508,-1,1507,1508,1509,-1,1510,1509,1511,-1,1511,1509,1508,-1,1481,1482,1484,-1,1509,1510,1457,-1,1457,1456,1509,-1,1509,1456,1460,-1,1509,1460,1507,-1,1507,1460,1462,-1,1507,1462,1505,-1,1505,1462,1503,-1,1503,1462,1501,-1,1501,1462,1464,-1,1501,1464,1498,-1,1484,1486,1481,-1,1481,1486,1488,-1,1481,1488,1479,-1,1479,1488,1490,-1,1479,1490,1477,-1,1477,1490,1492,-1,1470,1473,1492,-1,1492,1473,1475,-1,1492,1475,1477,-1,1492,1494,1470,-1,1470,1494,1496,-1,1470,1496,1468,-1,1468,1496,1498,-1,1468,1498,1466,-1,1466,1498,1464,-1,1508,1506,1463,-1,1485,1483,1487,-1,1487,1483,1480,-1,1459,1511,1458,-1,1458,1511,1508,-1,1458,1508,1461,-1,1461,1508,1463,-1,1476,1493,1478,-1,1478,1493,1491,-1,1478,1491,1480,-1,1480,1491,1489,-1,1480,1489,1487,-1,1476,1474,1493,-1,1493,1474,1472,-1,1493,1472,1495,-1,1495,1472,1471,-1,1495,1471,1497,-1,1497,1471,1499,-1,1506,1504,1463,-1,1463,1504,1502,-1,1463,1502,1465,-1,1465,1502,1500,-1,1465,1500,1467,-1,1467,1500,1499,-1,1467,1499,1469,-1,1469,1499,1471,-1,1512,1513,1514,-1,1514,1513,1515,-1,1514,1515,1516,-1,1516,1515,1517,-1,1516,1517,1518,-1,1518,1517,1519,-1,1518,1519,1520,-1,1520,1519,1521,-1,1520,1521,1522,-1,1522,1521,1523,-1,1524,1522,1525,-1,1525,1522,1523,-1,1526,1524,1527,-1,1527,1524,1525,-1,1528,1526,1529,-1,1529,1526,1527,-1,1528,1529,1530,-1,1528,1530,1531,-1,1531,1530,1532,-1,1531,1532,1533,-1,1533,1532,1534,-1,1533,1534,1535,-1,1535,1534,1536,-1,1535,1536,1537,-1,1537,1536,1538,-1,1537,1538,1539,-1,1540,1539,1541,-1,1541,1539,1538,-1,1540,1541,1542,-1,1542,1541,1543,-1,1542,1543,1544,-1,1544,1543,1545,-1,1544,1545,1546,-1,1546,1545,1547,-1,1546,1547,1548,-1,1548,1547,1549,-1,1548,1549,1550,-1,1550,1549,1551,-1,1552,1550,1553,-1,1553,1550,1551,-1,1554,1555,1556,-1,1556,1555,1557,-1,1554,1556,1558,-1,1554,1558,1559,-1,1559,1558,1560,-1,1559,1560,1561,-1,1561,1560,1562,-1,1561,1562,1563,-1,1563,1562,1564,-1,1563,1564,1565,-1,1565,1564,1566,-1,1565,1566,1567,-1,1512,1567,1513,-1,1513,1567,1566,-1,1528,1531,1518,-1,1554,1559,1546,-1,1524,1526,1522,-1,1522,1526,1528,-1,1522,1528,1520,-1,1520,1528,1518,-1,1552,1555,1550,-1,1550,1555,1554,-1,1550,1554,1548,-1,1548,1554,1546,-1,1531,1533,1518,-1,1518,1533,1535,-1,1518,1535,1516,-1,1516,1535,1537,-1,1516,1537,1514,-1,1514,1537,1539,-1,1514,1539,1512,-1,1512,1539,1567,-1,1559,1561,1546,-1,1546,1561,1563,-1,1546,1563,1544,-1,1544,1563,1565,-1,1544,1565,1542,-1,1542,1565,1567,-1,1542,1567,1540,-1,1540,1567,1539,-1,1529,1527,1525,-1,1556,1557,1553,-1,1525,1523,1529,-1,1529,1523,1521,-1,1529,1521,1530,-1,1530,1521,1519,-1,1530,1519,1532,-1,1532,1519,1534,-1,1562,1547,1564,-1,1564,1547,1545,-1,1564,1545,1566,-1,1553,1551,1556,-1,1556,1551,1549,-1,1556,1549,1558,-1,1558,1549,1547,-1,1558,1547,1560,-1,1560,1547,1562,-1,1534,1519,1536,-1,1536,1519,1517,-1,1536,1517,1538,-1,1517,1515,1538,-1,1538,1515,1513,-1,1538,1513,1541,-1,1541,1513,1566,-1,1541,1566,1543,-1,1543,1566,1545,-1,1568,1569,1570,-1,1570,1569,1571,-1,1568,1570,1572,-1,1572,1570,1573,-1,1572,1573,1574,-1,1574,1573,1575,-1,1574,1575,1576,-1,1576,1575,1577,-1,1576,1577,1578,-1,1578,1577,1579,-1,1578,1579,1580,-1,1580,1579,1581,-1,1582,1580,1583,-1,1583,1580,1581,-1,1582,1583,1584,-1,1582,1584,1585,-1,1585,1584,1586,-1,1585,1586,1587,-1,1587,1586,1588,-1,1587,1588,1589,-1,1589,1588,1590,-1,1589,1590,1591,-1,1591,1590,1592,-1,1591,1592,1593,-1,1594,1593,1595,-1,1595,1593,1592,-1,1596,1594,1597,-1,1597,1594,1595,-1,1598,1596,1599,-1,1599,1596,1597,-1,1598,1599,1600,-1,1600,1599,1601,-1,1600,1601,1602,-1,1602,1601,1603,-1,1602,1603,1604,-1,1604,1603,1605,-1,1604,1605,1606,-1,1606,1605,1607,-1,1606,1607,1608,-1,1608,1607,1609,-1,1610,1608,1611,-1,1611,1608,1609,-1,1610,1611,1612,-1,1610,1612,1613,-1,1613,1612,1614,-1,1613,1614,1615,-1,1615,1614,1616,-1,1615,1616,1617,-1,1617,1616,1618,-1,1617,1618,1619,-1,1619,1618,1620,-1,1619,1620,1621,-1,1622,1621,1623,-1,1623,1621,1620,-1,1593,1594,1596,-1,1621,1622,1569,-1,1569,1568,1621,-1,1621,1568,1572,-1,1621,1572,1619,-1,1619,1572,1574,-1,1619,1574,1617,-1,1617,1574,1615,-1,1615,1574,1613,-1,1613,1574,1576,-1,1613,1576,1610,-1,1596,1598,1593,-1,1593,1598,1600,-1,1593,1600,1591,-1,1591,1600,1602,-1,1591,1602,1589,-1,1589,1602,1604,-1,1582,1585,1604,-1,1604,1585,1587,-1,1604,1587,1589,-1,1604,1606,1582,-1,1582,1606,1608,-1,1582,1608,1580,-1,1580,1608,1610,-1,1580,1610,1578,-1,1578,1610,1576,-1,1620,1618,1575,-1,1597,1595,1599,-1,1599,1595,1592,-1,1571,1623,1570,-1,1570,1623,1620,-1,1570,1620,1573,-1,1573,1620,1575,-1,1588,1605,1590,-1,1590,1605,1603,-1,1590,1603,1592,-1,1592,1603,1601,-1,1592,1601,1599,-1,1588,1586,1605,-1,1605,1586,1584,-1,1605,1584,1607,-1,1607,1584,1583,-1,1607,1583,1609,-1,1609,1583,1611,-1,1618,1616,1575,-1,1575,1616,1614,-1,1575,1614,1577,-1,1577,1614,1612,-1,1577,1612,1579,-1,1579,1612,1611,-1,1579,1611,1581,-1,1581,1611,1583,-1,1624,1625,1626,-1,1626,1625,1627,-1,1626,1627,1628,-1,1628,1627,1629,-1,1628,1629,1630,-1,1630,1629,1631,-1,1630,1631,1632,-1,1632,1631,1633,-1,1632,1633,1634,-1,1634,1633,1635,-1,1636,1634,1637,-1,1637,1634,1635,-1,1638,1636,1639,-1,1639,1636,1637,-1,1640,1638,1641,-1,1641,1638,1639,-1,1640,1641,1642,-1,1640,1642,1643,-1,1643,1642,1644,-1,1643,1644,1645,-1,1645,1644,1646,-1,1645,1646,1647,-1,1647,1646,1648,-1,1647,1648,1649,-1,1649,1648,1650,-1,1649,1650,1651,-1,1652,1651,1653,-1,1653,1651,1650,-1,1652,1653,1654,-1,1654,1653,1655,-1,1654,1655,1656,-1,1656,1655,1657,-1,1656,1657,1658,-1,1658,1657,1659,-1,1658,1659,1660,-1,1660,1659,1661,-1,1660,1661,1662,-1,1662,1661,1663,-1,1664,1662,1665,-1,1665,1662,1663,-1,1666,1667,1668,-1,1668,1667,1669,-1,1666,1668,1670,-1,1666,1670,1671,-1,1671,1670,1672,-1,1671,1672,1673,-1,1673,1672,1674,-1,1673,1674,1675,-1,1675,1674,1676,-1,1675,1676,1677,-1,1677,1676,1678,-1,1677,1678,1679,-1,1624,1679,1625,-1,1625,1679,1678,-1,1640,1643,1630,-1,1666,1671,1658,-1,1636,1638,1634,-1,1634,1638,1640,-1,1634,1640,1632,-1,1632,1640,1630,-1,1664,1667,1662,-1,1662,1667,1666,-1,1662,1666,1660,-1,1660,1666,1658,-1,1643,1645,1630,-1,1630,1645,1647,-1,1630,1647,1628,-1,1628,1647,1649,-1,1628,1649,1626,-1,1626,1649,1651,-1,1626,1651,1624,-1,1624,1651,1679,-1,1671,1673,1658,-1,1658,1673,1675,-1,1658,1675,1656,-1,1656,1675,1677,-1,1656,1677,1654,-1,1654,1677,1679,-1,1654,1679,1652,-1,1652,1679,1651,-1,1641,1639,1637,-1,1668,1669,1665,-1,1637,1635,1641,-1,1641,1635,1633,-1,1641,1633,1642,-1,1642,1633,1631,-1,1642,1631,1644,-1,1644,1631,1646,-1,1674,1659,1676,-1,1676,1659,1657,-1,1676,1657,1678,-1,1665,1663,1668,-1,1668,1663,1661,-1,1668,1661,1670,-1,1670,1661,1659,-1,1670,1659,1672,-1,1672,1659,1674,-1,1646,1631,1648,-1,1648,1631,1629,-1,1648,1629,1650,-1,1629,1627,1650,-1,1650,1627,1625,-1,1650,1625,1653,-1,1653,1625,1678,-1,1653,1678,1655,-1,1655,1678,1657,-1,1680,1681,1682,-1,1682,1681,1683,-1,1680,1682,1684,-1,1684,1682,1685,-1,1684,1685,1686,-1,1686,1685,1687,-1,1686,1687,1688,-1,1688,1687,1689,-1,1688,1689,1690,-1,1690,1689,1691,-1,1690,1691,1692,-1,1692,1691,1693,-1,1694,1692,1695,-1,1695,1692,1693,-1,1694,1695,1696,-1,1694,1696,1697,-1,1697,1696,1698,-1,1697,1698,1699,-1,1699,1698,1700,-1,1699,1700,1701,-1,1701,1700,1702,-1,1701,1702,1703,-1,1703,1702,1704,-1,1703,1704,1705,-1,1706,1705,1707,-1,1707,1705,1704,-1,1708,1706,1709,-1,1709,1706,1707,-1,1710,1708,1711,-1,1711,1708,1709,-1,1710,1711,1712,-1,1712,1711,1713,-1,1712,1713,1714,-1,1714,1713,1715,-1,1714,1715,1716,-1,1716,1715,1717,-1,1716,1717,1718,-1,1718,1717,1719,-1,1718,1719,1720,-1,1720,1719,1721,-1,1722,1720,1723,-1,1723,1720,1721,-1,1722,1723,1724,-1,1722,1724,1725,-1,1725,1724,1726,-1,1725,1726,1727,-1,1727,1726,1728,-1,1727,1728,1729,-1,1729,1728,1730,-1,1729,1730,1731,-1,1731,1730,1732,-1,1731,1732,1733,-1,1734,1733,1735,-1,1735,1733,1732,-1,1705,1706,1708,-1,1733,1734,1681,-1,1681,1680,1733,-1,1733,1680,1684,-1,1733,1684,1731,-1,1731,1684,1686,-1,1731,1686,1729,-1,1729,1686,1727,-1,1727,1686,1725,-1,1725,1686,1688,-1,1725,1688,1722,-1,1708,1710,1705,-1,1705,1710,1712,-1,1705,1712,1703,-1,1703,1712,1714,-1,1703,1714,1701,-1,1701,1714,1716,-1,1694,1697,1716,-1,1716,1697,1699,-1,1716,1699,1701,-1,1716,1718,1694,-1,1694,1718,1720,-1,1694,1720,1692,-1,1692,1720,1722,-1,1692,1722,1690,-1,1690,1722,1688,-1,1732,1730,1687,-1,1709,1707,1711,-1,1711,1707,1704,-1,1683,1735,1682,-1,1682,1735,1732,-1,1682,1732,1685,-1,1685,1732,1687,-1,1700,1717,1702,-1,1702,1717,1715,-1,1702,1715,1704,-1,1704,1715,1713,-1,1704,1713,1711,-1,1700,1698,1717,-1,1717,1698,1696,-1,1717,1696,1719,-1,1719,1696,1695,-1,1719,1695,1721,-1,1721,1695,1723,-1,1730,1728,1687,-1,1687,1728,1726,-1,1687,1726,1689,-1,1689,1726,1724,-1,1689,1724,1691,-1,1691,1724,1723,-1,1691,1723,1693,-1,1693,1723,1695,-1,1736,1737,1738,-1,1738,1737,1739,-1,1738,1739,1740,-1,1740,1739,1741,-1,1740,1741,1742,-1,1742,1741,1743,-1,1742,1743,1744,-1,1744,1743,1745,-1,1744,1745,1746,-1,1746,1745,1747,-1,1748,1746,1749,-1,1749,1746,1747,-1,1750,1748,1751,-1,1751,1748,1749,-1,1752,1750,1753,-1,1753,1750,1751,-1,1752,1753,1754,-1,1752,1754,1755,-1,1755,1754,1756,-1,1755,1756,1757,-1,1757,1756,1758,-1,1757,1758,1759,-1,1759,1758,1760,-1,1759,1760,1761,-1,1761,1760,1762,-1,1761,1762,1763,-1,1764,1763,1765,-1,1765,1763,1762,-1,1764,1765,1766,-1,1766,1765,1767,-1,1766,1767,1768,-1,1768,1767,1769,-1,1768,1769,1770,-1,1770,1769,1771,-1,1770,1771,1772,-1,1772,1771,1773,-1,1772,1773,1774,-1,1774,1773,1775,-1,1776,1774,1777,-1,1777,1774,1775,-1,1778,1779,1780,-1,1780,1779,1781,-1,1778,1780,1782,-1,1778,1782,1783,-1,1783,1782,1784,-1,1783,1784,1785,-1,1785,1784,1786,-1,1785,1786,1787,-1,1787,1786,1788,-1,1787,1788,1789,-1,1789,1788,1790,-1,1789,1790,1791,-1,1736,1791,1737,-1,1737,1791,1790,-1,1752,1755,1742,-1,1778,1783,1770,-1,1748,1750,1746,-1,1746,1750,1752,-1,1746,1752,1744,-1,1744,1752,1742,-1,1776,1779,1774,-1,1774,1779,1778,-1,1774,1778,1772,-1,1772,1778,1770,-1,1755,1757,1742,-1,1742,1757,1759,-1,1742,1759,1740,-1,1740,1759,1761,-1,1740,1761,1738,-1,1738,1761,1763,-1,1738,1763,1736,-1,1736,1763,1791,-1,1783,1785,1770,-1,1770,1785,1787,-1,1770,1787,1768,-1,1768,1787,1789,-1,1768,1789,1766,-1,1766,1789,1791,-1,1766,1791,1764,-1,1764,1791,1763,-1,1753,1751,1749,-1,1780,1781,1777,-1,1749,1747,1753,-1,1753,1747,1745,-1,1753,1745,1754,-1,1754,1745,1743,-1,1754,1743,1756,-1,1756,1743,1758,-1,1786,1771,1788,-1,1788,1771,1769,-1,1788,1769,1790,-1,1777,1775,1780,-1,1780,1775,1773,-1,1780,1773,1782,-1,1782,1773,1771,-1,1782,1771,1784,-1,1784,1771,1786,-1,1758,1743,1760,-1,1760,1743,1741,-1,1760,1741,1762,-1,1741,1739,1762,-1,1762,1739,1737,-1,1762,1737,1765,-1,1765,1737,1790,-1,1765,1790,1767,-1,1767,1790,1769,-1,1792,1793,1794,-1,1794,1793,1795,-1,1792,1794,1796,-1,1796,1794,1797,-1,1796,1797,1798,-1,1798,1797,1799,-1,1798,1799,1800,-1,1800,1799,1801,-1,1800,1801,1802,-1,1802,1801,1803,-1,1802,1803,1804,-1,1804,1803,1805,-1,1806,1804,1807,-1,1807,1804,1805,-1,1806,1807,1808,-1,1806,1808,1809,-1,1809,1808,1810,-1,1809,1810,1811,-1,1811,1810,1812,-1,1811,1812,1813,-1,1813,1812,1814,-1,1813,1814,1815,-1,1815,1814,1816,-1,1815,1816,1817,-1,1818,1817,1819,-1,1819,1817,1816,-1,1820,1818,1821,-1,1821,1818,1819,-1,1822,1820,1823,-1,1823,1820,1821,-1,1822,1823,1824,-1,1824,1823,1825,-1,1824,1825,1826,-1,1826,1825,1827,-1,1826,1827,1828,-1,1828,1827,1829,-1,1828,1829,1830,-1,1830,1829,1831,-1,1830,1831,1832,-1,1832,1831,1833,-1,1834,1832,1835,-1,1835,1832,1833,-1,1834,1835,1836,-1,1834,1836,1837,-1,1837,1836,1838,-1,1837,1838,1839,-1,1839,1838,1840,-1,1839,1840,1841,-1,1841,1840,1842,-1,1841,1842,1843,-1,1843,1842,1844,-1,1843,1844,1845,-1,1846,1845,1847,-1,1847,1845,1844,-1,1817,1818,1820,-1,1845,1846,1793,-1,1793,1792,1845,-1,1845,1792,1796,-1,1845,1796,1843,-1,1843,1796,1798,-1,1843,1798,1841,-1,1841,1798,1839,-1,1839,1798,1837,-1,1837,1798,1800,-1,1837,1800,1834,-1,1820,1822,1817,-1,1817,1822,1824,-1,1817,1824,1815,-1,1815,1824,1826,-1,1815,1826,1813,-1,1813,1826,1828,-1,1806,1809,1828,-1,1828,1809,1811,-1,1828,1811,1813,-1,1828,1830,1806,-1,1806,1830,1832,-1,1806,1832,1804,-1,1804,1832,1834,-1,1804,1834,1802,-1,1802,1834,1800,-1,1844,1842,1799,-1,1821,1819,1823,-1,1823,1819,1816,-1,1795,1847,1794,-1,1794,1847,1844,-1,1794,1844,1797,-1,1797,1844,1799,-1,1812,1829,1814,-1,1814,1829,1827,-1,1814,1827,1816,-1,1816,1827,1825,-1,1816,1825,1823,-1,1812,1810,1829,-1,1829,1810,1808,-1,1829,1808,1831,-1,1831,1808,1807,-1,1831,1807,1833,-1,1833,1807,1835,-1,1842,1840,1799,-1,1799,1840,1838,-1,1799,1838,1801,-1,1801,1838,1836,-1,1801,1836,1803,-1,1803,1836,1835,-1,1803,1835,1805,-1,1805,1835,1807,-1,1848,1849,1850,-1,1850,1849,1851,-1,1850,1851,1852,-1,1852,1851,1853,-1,1852,1853,1854,-1,1854,1853,1855,-1,1854,1855,1856,-1,1856,1855,1857,-1,1856,1857,1858,-1,1858,1857,1859,-1,1860,1858,1861,-1,1861,1858,1859,-1,1862,1860,1863,-1,1863,1860,1861,-1,1864,1862,1865,-1,1865,1862,1863,-1,1864,1865,1866,-1,1864,1866,1867,-1,1867,1866,1868,-1,1867,1868,1869,-1,1869,1868,1870,-1,1869,1870,1871,-1,1871,1870,1872,-1,1871,1872,1873,-1,1873,1872,1874,-1,1873,1874,1875,-1,1876,1875,1877,-1,1877,1875,1874,-1,1876,1877,1878,-1,1878,1877,1879,-1,1878,1879,1880,-1,1880,1879,1881,-1,1880,1881,1882,-1,1882,1881,1883,-1,1882,1883,1884,-1,1884,1883,1885,-1,1884,1885,1886,-1,1886,1885,1887,-1,1888,1886,1889,-1,1889,1886,1887,-1,1890,1891,1892,-1,1892,1891,1893,-1,1890,1892,1894,-1,1890,1894,1895,-1,1895,1894,1896,-1,1895,1896,1897,-1,1897,1896,1898,-1,1897,1898,1899,-1,1899,1898,1900,-1,1899,1900,1901,-1,1901,1900,1902,-1,1901,1902,1903,-1,1848,1903,1849,-1,1849,1903,1902,-1,1864,1867,1854,-1,1890,1895,1882,-1,1860,1862,1858,-1,1858,1862,1864,-1,1858,1864,1856,-1,1856,1864,1854,-1,1888,1891,1886,-1,1886,1891,1890,-1,1886,1890,1884,-1,1884,1890,1882,-1,1867,1869,1854,-1,1854,1869,1871,-1,1854,1871,1852,-1,1852,1871,1873,-1,1852,1873,1850,-1,1850,1873,1875,-1,1850,1875,1848,-1,1848,1875,1903,-1,1895,1897,1882,-1,1882,1897,1899,-1,1882,1899,1880,-1,1880,1899,1901,-1,1880,1901,1878,-1,1878,1901,1903,-1,1878,1903,1876,-1,1876,1903,1875,-1,1865,1863,1861,-1,1892,1893,1889,-1,1861,1859,1865,-1,1865,1859,1857,-1,1865,1857,1866,-1,1866,1857,1855,-1,1866,1855,1868,-1,1868,1855,1870,-1,1898,1883,1900,-1,1900,1883,1881,-1,1900,1881,1902,-1,1889,1887,1892,-1,1892,1887,1885,-1,1892,1885,1894,-1,1894,1885,1883,-1,1894,1883,1896,-1,1896,1883,1898,-1,1870,1855,1872,-1,1872,1855,1853,-1,1872,1853,1874,-1,1853,1851,1874,-1,1874,1851,1849,-1,1874,1849,1877,-1,1877,1849,1902,-1,1877,1902,1879,-1,1879,1902,1881,-1,1904,1905,1906,-1,1906,1905,1907,-1,1904,1906,1908,-1,1908,1906,1909,-1,1908,1909,1910,-1,1910,1909,1911,-1,1910,1911,1912,-1,1912,1911,1913,-1,1912,1913,1914,-1,1914,1913,1915,-1,1914,1915,1916,-1,1916,1915,1917,-1,1918,1916,1919,-1,1919,1916,1917,-1,1918,1919,1920,-1,1918,1920,1921,-1,1921,1920,1922,-1,1921,1922,1923,-1,1923,1922,1924,-1,1923,1924,1925,-1,1925,1924,1926,-1,1925,1926,1927,-1,1927,1926,1928,-1,1927,1928,1929,-1,1930,1929,1931,-1,1931,1929,1928,-1,1932,1930,1933,-1,1933,1930,1931,-1,1934,1932,1935,-1,1935,1932,1933,-1,1934,1935,1936,-1,1936,1935,1937,-1,1936,1937,1938,-1,1938,1937,1939,-1,1938,1939,1940,-1,1940,1939,1941,-1,1940,1941,1942,-1,1942,1941,1943,-1,1942,1943,1944,-1,1944,1943,1945,-1,1946,1944,1947,-1,1947,1944,1945,-1,1946,1947,1948,-1,1946,1948,1949,-1,1949,1948,1950,-1,1949,1950,1951,-1,1951,1950,1952,-1,1951,1952,1953,-1,1953,1952,1954,-1,1953,1954,1955,-1,1955,1954,1956,-1,1955,1956,1957,-1,1958,1957,1959,-1,1959,1957,1956,-1,1929,1930,1932,-1,1957,1958,1905,-1,1905,1904,1957,-1,1957,1904,1908,-1,1957,1908,1955,-1,1955,1908,1910,-1,1955,1910,1953,-1,1953,1910,1951,-1,1951,1910,1949,-1,1949,1910,1912,-1,1949,1912,1946,-1,1932,1934,1929,-1,1929,1934,1936,-1,1929,1936,1927,-1,1927,1936,1938,-1,1927,1938,1925,-1,1925,1938,1940,-1,1918,1921,1940,-1,1940,1921,1923,-1,1940,1923,1925,-1,1940,1942,1918,-1,1918,1942,1944,-1,1918,1944,1916,-1,1916,1944,1946,-1,1916,1946,1914,-1,1914,1946,1912,-1,1956,1954,1911,-1,1933,1931,1935,-1,1935,1931,1928,-1,1907,1959,1906,-1,1906,1959,1956,-1,1906,1956,1909,-1,1909,1956,1911,-1,1924,1941,1926,-1,1926,1941,1939,-1,1926,1939,1928,-1,1928,1939,1937,-1,1928,1937,1935,-1,1924,1922,1941,-1,1941,1922,1920,-1,1941,1920,1943,-1,1943,1920,1919,-1,1943,1919,1945,-1,1945,1919,1947,-1,1954,1952,1911,-1,1911,1952,1950,-1,1911,1950,1913,-1,1913,1950,1948,-1,1913,1948,1915,-1,1915,1948,1947,-1,1915,1947,1917,-1,1917,1947,1919,-1,1960,1961,1962,-1,1962,1961,1963,-1,1962,1963,1964,-1,1964,1963,1965,-1,1964,1965,1966,-1,1966,1965,1967,-1,1966,1967,1968,-1,1968,1967,1969,-1,1968,1969,1970,-1,1970,1969,1971,-1,1972,1970,1973,-1,1973,1970,1971,-1,1974,1972,1975,-1,1975,1972,1973,-1,1976,1974,1977,-1,1977,1974,1975,-1,1976,1977,1978,-1,1976,1978,1979,-1,1979,1978,1980,-1,1979,1980,1981,-1,1981,1980,1982,-1,1981,1982,1983,-1,1983,1982,1984,-1,1983,1984,1985,-1,1985,1984,1986,-1,1985,1986,1987,-1,1988,1987,1989,-1,1989,1987,1986,-1,1988,1989,1990,-1,1990,1989,1991,-1,1990,1991,1992,-1,1992,1991,1993,-1,1992,1993,1994,-1,1994,1993,1995,-1,1994,1995,1996,-1,1996,1995,1997,-1,1996,1997,1998,-1,1998,1997,1999,-1,2000,1998,2001,-1,2001,1998,1999,-1,2002,2003,2004,-1,2004,2003,2005,-1,2002,2004,2006,-1,2002,2006,2007,-1,2007,2006,2008,-1,2007,2008,2009,-1,2009,2008,2010,-1,2009,2010,2011,-1,2011,2010,2012,-1,2011,2012,2013,-1,2013,2012,2014,-1,2013,2014,2015,-1,1960,2015,1961,-1,1961,2015,2014,-1,1976,1979,1966,-1,2002,2007,1994,-1,1972,1974,1970,-1,1970,1974,1976,-1,1970,1976,1968,-1,1968,1976,1966,-1,2000,2003,1998,-1,1998,2003,2002,-1,1998,2002,1996,-1,1996,2002,1994,-1,1979,1981,1966,-1,1966,1981,1983,-1,1966,1983,1964,-1,1964,1983,1985,-1,1964,1985,1962,-1,1962,1985,1987,-1,1962,1987,1960,-1,1960,1987,2015,-1,2007,2009,1994,-1,1994,2009,2011,-1,1994,2011,1992,-1,1992,2011,2013,-1,1992,2013,1990,-1,1990,2013,2015,-1,1990,2015,1988,-1,1988,2015,1987,-1,1977,1975,1973,-1,2004,2005,2001,-1,1973,1971,1977,-1,1977,1971,1969,-1,1977,1969,1978,-1,1978,1969,1967,-1,1978,1967,1980,-1,1980,1967,1982,-1,2010,1995,2012,-1,2012,1995,1993,-1,2012,1993,2014,-1,2001,1999,2004,-1,2004,1999,1997,-1,2004,1997,2006,-1,2006,1997,1995,-1,2006,1995,2008,-1,2008,1995,2010,-1,1982,1967,1984,-1,1984,1967,1965,-1,1984,1965,1986,-1,1965,1963,1986,-1,1986,1963,1961,-1,1986,1961,1989,-1,1989,1961,2014,-1,1989,2014,1991,-1,1991,2014,1993,-1,2016,2017,2018,-1,2018,2017,2019,-1,2016,2018,2020,-1,2020,2018,2021,-1,2020,2021,2022,-1,2022,2021,2023,-1,2022,2023,2024,-1,2024,2023,2025,-1,2024,2025,2026,-1,2026,2025,2027,-1,2026,2027,2028,-1,2028,2027,2029,-1,2030,2028,2031,-1,2031,2028,2029,-1,2030,2031,2032,-1,2030,2032,2033,-1,2033,2032,2034,-1,2033,2034,2035,-1,2035,2034,2036,-1,2035,2036,2037,-1,2037,2036,2038,-1,2037,2038,2039,-1,2039,2038,2040,-1,2039,2040,2041,-1,2042,2041,2043,-1,2043,2041,2040,-1,2044,2042,2045,-1,2045,2042,2043,-1,2046,2044,2047,-1,2047,2044,2045,-1,2046,2047,2048,-1,2048,2047,2049,-1,2048,2049,2050,-1,2050,2049,2051,-1,2050,2051,2052,-1,2052,2051,2053,-1,2052,2053,2054,-1,2054,2053,2055,-1,2054,2055,2056,-1,2056,2055,2057,-1,2058,2056,2059,-1,2059,2056,2057,-1,2058,2059,2060,-1,2058,2060,2061,-1,2061,2060,2062,-1,2061,2062,2063,-1,2063,2062,2064,-1,2063,2064,2065,-1,2065,2064,2066,-1,2065,2066,2067,-1,2067,2066,2068,-1,2067,2068,2069,-1,2070,2069,2071,-1,2071,2069,2068,-1,2041,2042,2044,-1,2069,2070,2017,-1,2017,2016,2069,-1,2069,2016,2020,-1,2069,2020,2067,-1,2067,2020,2022,-1,2067,2022,2065,-1,2065,2022,2063,-1,2063,2022,2061,-1,2061,2022,2024,-1,2061,2024,2058,-1,2044,2046,2041,-1,2041,2046,2048,-1,2041,2048,2039,-1,2039,2048,2050,-1,2039,2050,2037,-1,2037,2050,2052,-1,2030,2033,2052,-1,2052,2033,2035,-1,2052,2035,2037,-1,2052,2054,2030,-1,2030,2054,2056,-1,2030,2056,2028,-1,2028,2056,2058,-1,2028,2058,2026,-1,2026,2058,2024,-1,2068,2066,2023,-1,2045,2043,2047,-1,2047,2043,2040,-1,2019,2071,2018,-1,2018,2071,2068,-1,2018,2068,2021,-1,2021,2068,2023,-1,2036,2053,2038,-1,2038,2053,2051,-1,2038,2051,2040,-1,2040,2051,2049,-1,2040,2049,2047,-1,2036,2034,2053,-1,2053,2034,2032,-1,2053,2032,2055,-1,2055,2032,2031,-1,2055,2031,2057,-1,2057,2031,2059,-1,2066,2064,2023,-1,2023,2064,2062,-1,2023,2062,2025,-1,2025,2062,2060,-1,2025,2060,2027,-1,2027,2060,2059,-1,2027,2059,2029,-1,2029,2059,2031,-1,2072,2073,2074,-1,2074,2073,2075,-1,2074,2075,2076,-1,2076,2075,2077,-1,2076,2077,2078,-1,2078,2077,2079,-1,2078,2079,2080,-1,2080,2079,2081,-1,2080,2081,2082,-1,2082,2081,2083,-1,2084,2082,2085,-1,2085,2082,2083,-1,2086,2084,2087,-1,2087,2084,2085,-1,2088,2086,2089,-1,2089,2086,2087,-1,2088,2089,2090,-1,2088,2090,2091,-1,2091,2090,2092,-1,2091,2092,2093,-1,2093,2092,2094,-1,2093,2094,2095,-1,2095,2094,2096,-1,2095,2096,2097,-1,2097,2096,2098,-1,2097,2098,2099,-1,2100,2099,2101,-1,2101,2099,2098,-1,2100,2101,2102,-1,2102,2101,2103,-1,2102,2103,2104,-1,2104,2103,2105,-1,2104,2105,2106,-1,2106,2105,2107,-1,2106,2107,2108,-1,2108,2107,2109,-1,2108,2109,2110,-1,2110,2109,2111,-1,2112,2110,2113,-1,2113,2110,2111,-1,2114,2115,2116,-1,2116,2115,2117,-1,2114,2116,2118,-1,2114,2118,2119,-1,2119,2118,2120,-1,2119,2120,2121,-1,2121,2120,2122,-1,2121,2122,2123,-1,2123,2122,2124,-1,2123,2124,2125,-1,2125,2124,2126,-1,2125,2126,2127,-1,2072,2127,2073,-1,2073,2127,2126,-1,2088,2091,2078,-1,2114,2119,2106,-1,2084,2086,2082,-1,2082,2086,2088,-1,2082,2088,2080,-1,2080,2088,2078,-1,2112,2115,2110,-1,2110,2115,2114,-1,2110,2114,2108,-1,2108,2114,2106,-1,2091,2093,2078,-1,2078,2093,2095,-1,2078,2095,2076,-1,2076,2095,2097,-1,2076,2097,2074,-1,2074,2097,2099,-1,2074,2099,2072,-1,2072,2099,2127,-1,2119,2121,2106,-1,2106,2121,2123,-1,2106,2123,2104,-1,2104,2123,2125,-1,2104,2125,2102,-1,2102,2125,2127,-1,2102,2127,2100,-1,2100,2127,2099,-1,2089,2087,2085,-1,2116,2117,2113,-1,2085,2083,2089,-1,2089,2083,2081,-1,2089,2081,2090,-1,2090,2081,2079,-1,2090,2079,2092,-1,2092,2079,2094,-1,2122,2107,2124,-1,2124,2107,2105,-1,2124,2105,2126,-1,2113,2111,2116,-1,2116,2111,2109,-1,2116,2109,2118,-1,2118,2109,2107,-1,2118,2107,2120,-1,2120,2107,2122,-1,2094,2079,2096,-1,2096,2079,2077,-1,2096,2077,2098,-1,2077,2075,2098,-1,2098,2075,2073,-1,2098,2073,2101,-1,2101,2073,2126,-1,2101,2126,2103,-1,2103,2126,2105,-1,2128,2129,2130,-1,2130,2129,2131,-1,2128,2130,2132,-1,2132,2130,2133,-1,2132,2133,2134,-1,2134,2133,2135,-1,2134,2135,2136,-1,2136,2135,2137,-1,2136,2137,2138,-1,2138,2137,2139,-1,2138,2139,2140,-1,2140,2139,2141,-1,2142,2140,2143,-1,2143,2140,2141,-1,2142,2143,2144,-1,2142,2144,2145,-1,2145,2144,2146,-1,2145,2146,2147,-1,2147,2146,2148,-1,2147,2148,2149,-1,2149,2148,2150,-1,2149,2150,2151,-1,2151,2150,2152,-1,2151,2152,2153,-1,2154,2153,2155,-1,2155,2153,2152,-1,2156,2154,2157,-1,2157,2154,2155,-1,2158,2156,2159,-1,2159,2156,2157,-1,2158,2159,2160,-1,2160,2159,2161,-1,2160,2161,2162,-1,2162,2161,2163,-1,2162,2163,2164,-1,2164,2163,2165,-1,2164,2165,2166,-1,2166,2165,2167,-1,2166,2167,2168,-1,2168,2167,2169,-1,2170,2168,2171,-1,2171,2168,2169,-1,2170,2171,2172,-1,2170,2172,2173,-1,2173,2172,2174,-1,2173,2174,2175,-1,2175,2174,2176,-1,2175,2176,2177,-1,2177,2176,2178,-1,2177,2178,2179,-1,2179,2178,2180,-1,2179,2180,2181,-1,2182,2181,2183,-1,2183,2181,2180,-1,2153,2154,2156,-1,2181,2182,2129,-1,2129,2128,2181,-1,2181,2128,2132,-1,2181,2132,2179,-1,2179,2132,2134,-1,2179,2134,2177,-1,2177,2134,2175,-1,2175,2134,2173,-1,2173,2134,2136,-1,2173,2136,2170,-1,2156,2158,2153,-1,2153,2158,2160,-1,2153,2160,2151,-1,2151,2160,2162,-1,2151,2162,2149,-1,2149,2162,2164,-1,2142,2145,2164,-1,2164,2145,2147,-1,2164,2147,2149,-1,2164,2166,2142,-1,2142,2166,2168,-1,2142,2168,2140,-1,2140,2168,2170,-1,2140,2170,2138,-1,2138,2170,2136,-1,2180,2178,2135,-1,2157,2155,2159,-1,2159,2155,2152,-1,2131,2183,2130,-1,2130,2183,2180,-1,2130,2180,2133,-1,2133,2180,2135,-1,2148,2165,2150,-1,2150,2165,2163,-1,2150,2163,2152,-1,2152,2163,2161,-1,2152,2161,2159,-1,2148,2146,2165,-1,2165,2146,2144,-1,2165,2144,2167,-1,2167,2144,2143,-1,2167,2143,2169,-1,2169,2143,2171,-1,2178,2176,2135,-1,2135,2176,2174,-1,2135,2174,2137,-1,2137,2174,2172,-1,2137,2172,2139,-1,2139,2172,2171,-1,2139,2171,2141,-1,2141,2171,2143,-1,2184,2185,2186,-1,2186,2185,2187,-1,2186,2187,2188,-1,2188,2187,2189,-1,2188,2189,2190,-1,2190,2189,2191,-1,2190,2191,2192,-1,2192,2191,2193,-1,2192,2193,2194,-1,2194,2193,2195,-1,2196,2194,2197,-1,2197,2194,2195,-1,2198,2196,2199,-1,2199,2196,2197,-1,2200,2198,2201,-1,2201,2198,2199,-1,2200,2201,2202,-1,2200,2202,2203,-1,2203,2202,2204,-1,2203,2204,2205,-1,2205,2204,2206,-1,2205,2206,2207,-1,2207,2206,2208,-1,2207,2208,2209,-1,2209,2208,2210,-1,2209,2210,2211,-1,2212,2211,2213,-1,2213,2211,2210,-1,2212,2213,2214,-1,2214,2213,2215,-1,2214,2215,2216,-1,2216,2215,2217,-1,2216,2217,2218,-1,2218,2217,2219,-1,2218,2219,2220,-1,2220,2219,2221,-1,2220,2221,2222,-1,2222,2221,2223,-1,2224,2222,2225,-1,2225,2222,2223,-1,2226,2227,2228,-1,2228,2227,2229,-1,2226,2228,2230,-1,2226,2230,2231,-1,2231,2230,2232,-1,2231,2232,2233,-1,2233,2232,2234,-1,2233,2234,2235,-1,2235,2234,2236,-1,2235,2236,2237,-1,2237,2236,2238,-1,2237,2238,2239,-1,2184,2239,2185,-1,2185,2239,2238,-1,2200,2203,2190,-1,2226,2231,2218,-1,2196,2198,2194,-1,2194,2198,2200,-1,2194,2200,2192,-1,2192,2200,2190,-1,2224,2227,2222,-1,2222,2227,2226,-1,2222,2226,2220,-1,2220,2226,2218,-1,2203,2205,2190,-1,2190,2205,2207,-1,2190,2207,2188,-1,2188,2207,2209,-1,2188,2209,2186,-1,2186,2209,2211,-1,2186,2211,2184,-1,2184,2211,2239,-1,2231,2233,2218,-1,2218,2233,2235,-1,2218,2235,2216,-1,2216,2235,2237,-1,2216,2237,2214,-1,2214,2237,2239,-1,2214,2239,2212,-1,2212,2239,2211,-1,2201,2199,2197,-1,2228,2229,2225,-1,2197,2195,2201,-1,2201,2195,2193,-1,2201,2193,2202,-1,2202,2193,2191,-1,2202,2191,2204,-1,2204,2191,2206,-1,2234,2219,2236,-1,2236,2219,2217,-1,2236,2217,2238,-1,2225,2223,2228,-1,2228,2223,2221,-1,2228,2221,2230,-1,2230,2221,2219,-1,2230,2219,2232,-1,2232,2219,2234,-1,2206,2191,2208,-1,2208,2191,2189,-1,2208,2189,2210,-1,2189,2187,2210,-1,2210,2187,2185,-1,2210,2185,2213,-1,2213,2185,2238,-1,2213,2238,2215,-1,2215,2238,2217,-1,2240,2241,2242,-1,2242,2241,2243,-1,2240,2242,2244,-1,2244,2242,2245,-1,2244,2245,2246,-1,2246,2245,2247,-1,2246,2247,2248,-1,2248,2247,2249,-1,2248,2249,2250,-1,2250,2249,2251,-1,2250,2251,2252,-1,2252,2251,2253,-1,2254,2252,2255,-1,2255,2252,2253,-1,2254,2255,2256,-1,2254,2256,2257,-1,2257,2256,2258,-1,2257,2258,2259,-1,2259,2258,2260,-1,2259,2260,2261,-1,2261,2260,2262,-1,2261,2262,2263,-1,2263,2262,2264,-1,2263,2264,2265,-1,2266,2265,2267,-1,2267,2265,2264,-1,2268,2266,2269,-1,2269,2266,2267,-1,2270,2268,2271,-1,2271,2268,2269,-1,2270,2271,2272,-1,2272,2271,2273,-1,2272,2273,2274,-1,2274,2273,2275,-1,2274,2275,2276,-1,2276,2275,2277,-1,2276,2277,2278,-1,2278,2277,2279,-1,2278,2279,2280,-1,2280,2279,2281,-1,2282,2280,2283,-1,2283,2280,2281,-1,2282,2283,2284,-1,2282,2284,2285,-1,2285,2284,2286,-1,2285,2286,2287,-1,2287,2286,2288,-1,2287,2288,2289,-1,2289,2288,2290,-1,2289,2290,2291,-1,2291,2290,2292,-1,2291,2292,2293,-1,2294,2293,2295,-1,2295,2293,2292,-1,2265,2266,2268,-1,2293,2294,2241,-1,2241,2240,2293,-1,2293,2240,2244,-1,2293,2244,2291,-1,2291,2244,2246,-1,2291,2246,2289,-1,2289,2246,2287,-1,2287,2246,2285,-1,2285,2246,2248,-1,2285,2248,2282,-1,2268,2270,2265,-1,2265,2270,2272,-1,2265,2272,2263,-1,2263,2272,2274,-1,2263,2274,2261,-1,2261,2274,2276,-1,2254,2257,2276,-1,2276,2257,2259,-1,2276,2259,2261,-1,2276,2278,2254,-1,2254,2278,2280,-1,2254,2280,2252,-1,2252,2280,2282,-1,2252,2282,2250,-1,2250,2282,2248,-1,2292,2290,2247,-1,2269,2267,2271,-1,2271,2267,2264,-1,2243,2295,2242,-1,2242,2295,2292,-1,2242,2292,2245,-1,2245,2292,2247,-1,2260,2277,2262,-1,2262,2277,2275,-1,2262,2275,2264,-1,2264,2275,2273,-1,2264,2273,2271,-1,2260,2258,2277,-1,2277,2258,2256,-1,2277,2256,2279,-1,2279,2256,2255,-1,2279,2255,2281,-1,2281,2255,2283,-1,2290,2288,2247,-1,2247,2288,2286,-1,2247,2286,2249,-1,2249,2286,2284,-1,2249,2284,2251,-1,2251,2284,2283,-1,2251,2283,2253,-1,2253,2283,2255,-1,2296,2297,2298,-1,2298,2297,2299,-1,2298,2299,2300,-1,2300,2299,2301,-1,2300,2301,2302,-1,2302,2301,2303,-1,2302,2303,2304,-1,2304,2303,2305,-1,2304,2305,2306,-1,2306,2305,2307,-1,2308,2306,2309,-1,2309,2306,2307,-1,2310,2308,2311,-1,2311,2308,2309,-1,2312,2310,2313,-1,2313,2310,2311,-1,2312,2313,2314,-1,2312,2314,2315,-1,2315,2314,2316,-1,2315,2316,2317,-1,2317,2316,2318,-1,2317,2318,2319,-1,2319,2318,2320,-1,2319,2320,2321,-1,2321,2320,2322,-1,2321,2322,2323,-1,2324,2323,2325,-1,2325,2323,2322,-1,2324,2325,2326,-1,2326,2325,2327,-1,2326,2327,2328,-1,2328,2327,2329,-1,2328,2329,2330,-1,2330,2329,2331,-1,2330,2331,2332,-1,2332,2331,2333,-1,2332,2333,2334,-1,2334,2333,2335,-1,2336,2334,2337,-1,2337,2334,2335,-1,2338,2339,2340,-1,2340,2339,2341,-1,2338,2340,2342,-1,2338,2342,2343,-1,2343,2342,2344,-1,2343,2344,2345,-1,2345,2344,2346,-1,2345,2346,2347,-1,2347,2346,2348,-1,2347,2348,2349,-1,2349,2348,2350,-1,2349,2350,2351,-1,2296,2351,2297,-1,2297,2351,2350,-1,2312,2315,2302,-1,2338,2343,2330,-1,2308,2310,2306,-1,2306,2310,2312,-1,2306,2312,2304,-1,2304,2312,2302,-1,2336,2339,2334,-1,2334,2339,2338,-1,2334,2338,2332,-1,2332,2338,2330,-1,2315,2317,2302,-1,2302,2317,2319,-1,2302,2319,2300,-1,2300,2319,2321,-1,2300,2321,2298,-1,2298,2321,2323,-1,2298,2323,2296,-1,2296,2323,2351,-1,2343,2345,2330,-1,2330,2345,2347,-1,2330,2347,2328,-1,2328,2347,2349,-1,2328,2349,2326,-1,2326,2349,2351,-1,2326,2351,2324,-1,2324,2351,2323,-1,2313,2311,2309,-1,2340,2341,2337,-1,2309,2307,2313,-1,2313,2307,2305,-1,2313,2305,2314,-1,2314,2305,2303,-1,2314,2303,2316,-1,2316,2303,2318,-1,2346,2331,2348,-1,2348,2331,2329,-1,2348,2329,2350,-1,2337,2335,2340,-1,2340,2335,2333,-1,2340,2333,2342,-1,2342,2333,2331,-1,2342,2331,2344,-1,2344,2331,2346,-1,2318,2303,2320,-1,2320,2303,2301,-1,2320,2301,2322,-1,2301,2299,2322,-1,2322,2299,2297,-1,2322,2297,2325,-1,2325,2297,2350,-1,2325,2350,2327,-1,2327,2350,2329,-1,2352,2353,2354,-1,2354,2353,2355,-1,2352,2354,2356,-1,2356,2354,2357,-1,2356,2357,2358,-1,2358,2357,2359,-1,2358,2359,2360,-1,2360,2359,2361,-1,2360,2361,2362,-1,2362,2361,2363,-1,2362,2363,2364,-1,2364,2363,2365,-1,2366,2364,2367,-1,2367,2364,2365,-1,2366,2367,2368,-1,2366,2368,2369,-1,2369,2368,2370,-1,2369,2370,2371,-1,2371,2370,2372,-1,2371,2372,2373,-1,2373,2372,2374,-1,2373,2374,2375,-1,2375,2374,2376,-1,2375,2376,2377,-1,2378,2377,2379,-1,2379,2377,2376,-1,2380,2378,2381,-1,2381,2378,2379,-1,2382,2380,2383,-1,2383,2380,2381,-1,2382,2383,2384,-1,2384,2383,2385,-1,2384,2385,2386,-1,2386,2385,2387,-1,2386,2387,2388,-1,2388,2387,2389,-1,2388,2389,2390,-1,2390,2389,2391,-1,2390,2391,2392,-1,2392,2391,2393,-1,2394,2392,2395,-1,2395,2392,2393,-1,2394,2395,2396,-1,2394,2396,2397,-1,2397,2396,2398,-1,2397,2398,2399,-1,2399,2398,2400,-1,2399,2400,2401,-1,2401,2400,2402,-1,2401,2402,2403,-1,2403,2402,2404,-1,2403,2404,2405,-1,2406,2405,2407,-1,2407,2405,2404,-1,2377,2378,2380,-1,2405,2406,2353,-1,2353,2352,2405,-1,2405,2352,2356,-1,2405,2356,2403,-1,2403,2356,2358,-1,2403,2358,2401,-1,2401,2358,2399,-1,2399,2358,2397,-1,2397,2358,2360,-1,2397,2360,2394,-1,2380,2382,2377,-1,2377,2382,2384,-1,2377,2384,2375,-1,2375,2384,2386,-1,2375,2386,2373,-1,2373,2386,2388,-1,2366,2369,2388,-1,2388,2369,2371,-1,2388,2371,2373,-1,2388,2390,2366,-1,2366,2390,2392,-1,2366,2392,2364,-1,2364,2392,2394,-1,2364,2394,2362,-1,2362,2394,2360,-1,2404,2402,2359,-1,2381,2379,2383,-1,2383,2379,2376,-1,2355,2407,2354,-1,2354,2407,2404,-1,2354,2404,2357,-1,2357,2404,2359,-1,2372,2389,2374,-1,2374,2389,2387,-1,2374,2387,2376,-1,2376,2387,2385,-1,2376,2385,2383,-1,2372,2370,2389,-1,2389,2370,2368,-1,2389,2368,2391,-1,2391,2368,2367,-1,2391,2367,2393,-1,2393,2367,2395,-1,2402,2400,2359,-1,2359,2400,2398,-1,2359,2398,2361,-1,2361,2398,2396,-1,2361,2396,2363,-1,2363,2396,2395,-1,2363,2395,2365,-1,2365,2395,2367,-1,2408,2409,2410,-1,2410,2409,2411,-1,2410,2411,2412,-1,2412,2411,2413,-1,2412,2413,2414,-1,2414,2413,2415,-1,2414,2415,2416,-1,2416,2415,2417,-1,2416,2417,2418,-1,2418,2417,2419,-1,2420,2418,2421,-1,2421,2418,2419,-1,2422,2420,2423,-1,2423,2420,2421,-1,2424,2422,2425,-1,2425,2422,2423,-1,2424,2425,2426,-1,2424,2426,2427,-1,2427,2426,2428,-1,2427,2428,2429,-1,2429,2428,2430,-1,2429,2430,2431,-1,2431,2430,2432,-1,2431,2432,2433,-1,2433,2432,2434,-1,2433,2434,2435,-1,2436,2435,2437,-1,2437,2435,2434,-1,2436,2437,2438,-1,2438,2437,2439,-1,2438,2439,2440,-1,2440,2439,2441,-1,2440,2441,2442,-1,2442,2441,2443,-1,2442,2443,2444,-1,2444,2443,2445,-1,2444,2445,2446,-1,2446,2445,2447,-1,2448,2446,2449,-1,2449,2446,2447,-1,2450,2451,2452,-1,2452,2451,2453,-1,2450,2452,2454,-1,2450,2454,2455,-1,2455,2454,2456,-1,2455,2456,2457,-1,2457,2456,2458,-1,2457,2458,2459,-1,2459,2458,2460,-1,2459,2460,2461,-1,2461,2460,2462,-1,2461,2462,2463,-1,2408,2463,2409,-1,2409,2463,2462,-1,2424,2427,2414,-1,2450,2455,2442,-1,2420,2422,2418,-1,2418,2422,2424,-1,2418,2424,2416,-1,2416,2424,2414,-1,2448,2451,2446,-1,2446,2451,2450,-1,2446,2450,2444,-1,2444,2450,2442,-1,2427,2429,2414,-1,2414,2429,2431,-1,2414,2431,2412,-1,2412,2431,2433,-1,2412,2433,2410,-1,2410,2433,2435,-1,2410,2435,2408,-1,2408,2435,2463,-1,2455,2457,2442,-1,2442,2457,2459,-1,2442,2459,2440,-1,2440,2459,2461,-1,2440,2461,2438,-1,2438,2461,2463,-1,2438,2463,2436,-1,2436,2463,2435,-1,2425,2423,2421,-1,2452,2453,2449,-1,2421,2419,2425,-1,2425,2419,2417,-1,2425,2417,2426,-1,2426,2417,2415,-1,2426,2415,2428,-1,2428,2415,2430,-1,2458,2443,2460,-1,2460,2443,2441,-1,2460,2441,2462,-1,2449,2447,2452,-1,2452,2447,2445,-1,2452,2445,2454,-1,2454,2445,2443,-1,2454,2443,2456,-1,2456,2443,2458,-1,2430,2415,2432,-1,2432,2415,2413,-1,2432,2413,2434,-1,2413,2411,2434,-1,2434,2411,2409,-1,2434,2409,2437,-1,2437,2409,2462,-1,2437,2462,2439,-1,2439,2462,2441,-1,2464,2465,2466,-1,2466,2465,2467,-1,2464,2466,2468,-1,2468,2466,2469,-1,2468,2469,2470,-1,2470,2469,2471,-1,2470,2471,2472,-1,2472,2471,2473,-1,2472,2473,2474,-1,2474,2473,2475,-1,2474,2475,2476,-1,2476,2475,2477,-1,2478,2476,2479,-1,2479,2476,2477,-1,2478,2479,2480,-1,2478,2480,2481,-1,2481,2480,2482,-1,2481,2482,2483,-1,2483,2482,2484,-1,2483,2484,2485,-1,2485,2484,2486,-1,2485,2486,2487,-1,2487,2486,2488,-1,2487,2488,2489,-1,2490,2489,2491,-1,2491,2489,2488,-1,2492,2490,2493,-1,2493,2490,2491,-1,2494,2492,2495,-1,2495,2492,2493,-1,2494,2495,2496,-1,2496,2495,2497,-1,2496,2497,2498,-1,2498,2497,2499,-1,2498,2499,2500,-1,2500,2499,2501,-1,2500,2501,2502,-1,2502,2501,2503,-1,2502,2503,2504,-1,2504,2503,2505,-1,2506,2504,2507,-1,2507,2504,2505,-1,2506,2507,2508,-1,2506,2508,2509,-1,2509,2508,2510,-1,2509,2510,2511,-1,2511,2510,2512,-1,2511,2512,2513,-1,2513,2512,2514,-1,2513,2514,2515,-1,2515,2514,2516,-1,2515,2516,2517,-1,2518,2517,2519,-1,2519,2517,2516,-1,2489,2490,2492,-1,2517,2518,2465,-1,2465,2464,2517,-1,2517,2464,2468,-1,2517,2468,2515,-1,2515,2468,2470,-1,2515,2470,2513,-1,2513,2470,2511,-1,2511,2470,2509,-1,2509,2470,2472,-1,2509,2472,2506,-1,2492,2494,2489,-1,2489,2494,2496,-1,2489,2496,2487,-1,2487,2496,2498,-1,2487,2498,2485,-1,2485,2498,2500,-1,2478,2481,2500,-1,2500,2481,2483,-1,2500,2483,2485,-1,2500,2502,2478,-1,2478,2502,2504,-1,2478,2504,2476,-1,2476,2504,2506,-1,2476,2506,2474,-1,2474,2506,2472,-1,2516,2514,2471,-1,2493,2491,2495,-1,2495,2491,2488,-1,2467,2519,2466,-1,2466,2519,2516,-1,2466,2516,2469,-1,2469,2516,2471,-1,2484,2501,2486,-1,2486,2501,2499,-1,2486,2499,2488,-1,2488,2499,2497,-1,2488,2497,2495,-1,2484,2482,2501,-1,2501,2482,2480,-1,2501,2480,2503,-1,2503,2480,2479,-1,2503,2479,2505,-1,2505,2479,2507,-1,2514,2512,2471,-1,2471,2512,2510,-1,2471,2510,2473,-1,2473,2510,2508,-1,2473,2508,2475,-1,2475,2508,2507,-1,2475,2507,2477,-1,2477,2507,2479,-1,2520,2521,2522,-1,2522,2521,2523,-1,2522,2523,2524,-1,2524,2523,2525,-1,2524,2525,2526,-1,2526,2525,2527,-1,2526,2527,2528,-1,2528,2527,2529,-1,2528,2529,2530,-1,2530,2529,2531,-1,2532,2530,2533,-1,2533,2530,2531,-1,2534,2532,2535,-1,2535,2532,2533,-1,2536,2534,2537,-1,2537,2534,2535,-1,2536,2537,2538,-1,2536,2538,2539,-1,2539,2538,2540,-1,2539,2540,2541,-1,2541,2540,2542,-1,2541,2542,2543,-1,2543,2542,2544,-1,2543,2544,2545,-1,2545,2544,2546,-1,2545,2546,2547,-1,2548,2547,2549,-1,2549,2547,2546,-1,2548,2549,2550,-1,2550,2549,2551,-1,2550,2551,2552,-1,2552,2551,2553,-1,2552,2553,2554,-1,2554,2553,2555,-1,2554,2555,2556,-1,2556,2555,2557,-1,2556,2557,2558,-1,2558,2557,2559,-1,2560,2558,2561,-1,2561,2558,2559,-1,2562,2563,2564,-1,2564,2563,2565,-1,2562,2564,2566,-1,2562,2566,2567,-1,2567,2566,2568,-1,2567,2568,2569,-1,2569,2568,2570,-1,2569,2570,2571,-1,2571,2570,2572,-1,2571,2572,2573,-1,2573,2572,2574,-1,2573,2574,2575,-1,2520,2575,2521,-1,2521,2575,2574,-1,2536,2539,2526,-1,2562,2567,2554,-1,2532,2534,2530,-1,2530,2534,2536,-1,2530,2536,2528,-1,2528,2536,2526,-1,2560,2563,2558,-1,2558,2563,2562,-1,2558,2562,2556,-1,2556,2562,2554,-1,2539,2541,2526,-1,2526,2541,2543,-1,2526,2543,2524,-1,2524,2543,2545,-1,2524,2545,2522,-1,2522,2545,2547,-1,2522,2547,2520,-1,2520,2547,2575,-1,2567,2569,2554,-1,2554,2569,2571,-1,2554,2571,2552,-1,2552,2571,2573,-1,2552,2573,2550,-1,2550,2573,2575,-1,2550,2575,2548,-1,2548,2575,2547,-1,2537,2535,2533,-1,2564,2565,2561,-1,2533,2531,2537,-1,2537,2531,2529,-1,2537,2529,2538,-1,2538,2529,2527,-1,2538,2527,2540,-1,2540,2527,2542,-1,2570,2555,2572,-1,2572,2555,2553,-1,2572,2553,2574,-1,2561,2559,2564,-1,2564,2559,2557,-1,2564,2557,2566,-1,2566,2557,2555,-1,2566,2555,2568,-1,2568,2555,2570,-1,2542,2527,2544,-1,2544,2527,2525,-1,2544,2525,2546,-1,2525,2523,2546,-1,2546,2523,2521,-1,2546,2521,2549,-1,2549,2521,2574,-1,2549,2574,2551,-1,2551,2574,2553,-1,2576,2577,2578,-1,2578,2577,2579,-1,2576,2578,2580,-1,2580,2578,2581,-1,2580,2581,2582,-1,2582,2581,2583,-1,2582,2583,2584,-1,2584,2583,2585,-1,2584,2585,2586,-1,2586,2585,2587,-1,2586,2587,2588,-1,2588,2587,2589,-1,2590,2588,2591,-1,2591,2588,2589,-1,2590,2591,2592,-1,2590,2592,2593,-1,2593,2592,2594,-1,2593,2594,2595,-1,2595,2594,2596,-1,2595,2596,2597,-1,2597,2596,2598,-1,2597,2598,2599,-1,2599,2598,2600,-1,2599,2600,2601,-1,2602,2601,2603,-1,2603,2601,2600,-1,2604,2602,2605,-1,2605,2602,2603,-1,2606,2604,2607,-1,2607,2604,2605,-1,2606,2607,2608,-1,2608,2607,2609,-1,2608,2609,2610,-1,2610,2609,2611,-1,2610,2611,2612,-1,2612,2611,2613,-1,2612,2613,2614,-1,2614,2613,2615,-1,2614,2615,2616,-1,2616,2615,2617,-1,2618,2616,2619,-1,2619,2616,2617,-1,2618,2619,2620,-1,2618,2620,2621,-1,2621,2620,2622,-1,2621,2622,2623,-1,2623,2622,2624,-1,2623,2624,2625,-1,2625,2624,2626,-1,2625,2626,2627,-1,2627,2626,2628,-1,2627,2628,2629,-1,2630,2629,2631,-1,2631,2629,2628,-1,2601,2602,2604,-1,2629,2630,2577,-1,2577,2576,2629,-1,2629,2576,2580,-1,2629,2580,2627,-1,2627,2580,2582,-1,2627,2582,2625,-1,2625,2582,2623,-1,2623,2582,2621,-1,2621,2582,2584,-1,2621,2584,2618,-1,2604,2606,2601,-1,2601,2606,2608,-1,2601,2608,2599,-1,2599,2608,2610,-1,2599,2610,2597,-1,2597,2610,2612,-1,2590,2593,2612,-1,2612,2593,2595,-1,2612,2595,2597,-1,2612,2614,2590,-1,2590,2614,2616,-1,2590,2616,2588,-1,2588,2616,2618,-1,2588,2618,2586,-1,2586,2618,2584,-1,2628,2626,2583,-1,2605,2603,2607,-1,2607,2603,2600,-1,2579,2631,2578,-1,2578,2631,2628,-1,2578,2628,2581,-1,2581,2628,2583,-1,2596,2613,2598,-1,2598,2613,2611,-1,2598,2611,2600,-1,2600,2611,2609,-1,2600,2609,2607,-1,2596,2594,2613,-1,2613,2594,2592,-1,2613,2592,2615,-1,2615,2592,2591,-1,2615,2591,2617,-1,2617,2591,2619,-1,2626,2624,2583,-1,2583,2624,2622,-1,2583,2622,2585,-1,2585,2622,2620,-1,2585,2620,2587,-1,2587,2620,2619,-1,2587,2619,2589,-1,2589,2619,2591,-1,2632,2633,2634,-1,2634,2633,2635,-1,2634,2635,2636,-1,2636,2635,2637,-1,2636,2637,2638,-1,2638,2637,2639,-1,2638,2639,2640,-1,2640,2639,2641,-1,2640,2641,2642,-1,2642,2641,2643,-1,2644,2642,2645,-1,2645,2642,2643,-1,2646,2644,2647,-1,2647,2644,2645,-1,2648,2646,2649,-1,2649,2646,2647,-1,2648,2649,2650,-1,2648,2650,2651,-1,2651,2650,2652,-1,2651,2652,2653,-1,2653,2652,2654,-1,2653,2654,2655,-1,2655,2654,2656,-1,2655,2656,2657,-1,2657,2656,2658,-1,2657,2658,2659,-1,2660,2659,2661,-1,2661,2659,2658,-1,2660,2661,2662,-1,2662,2661,2663,-1,2662,2663,2664,-1,2664,2663,2665,-1,2664,2665,2666,-1,2666,2665,2667,-1,2666,2667,2668,-1,2668,2667,2669,-1,2668,2669,2670,-1,2670,2669,2671,-1,2672,2670,2673,-1,2673,2670,2671,-1,2674,2675,2676,-1,2676,2675,2677,-1,2674,2676,2678,-1,2674,2678,2679,-1,2679,2678,2680,-1,2679,2680,2681,-1,2681,2680,2682,-1,2681,2682,2683,-1,2683,2682,2684,-1,2683,2684,2685,-1,2685,2684,2686,-1,2685,2686,2687,-1,2632,2687,2633,-1,2633,2687,2686,-1,2648,2651,2638,-1,2674,2679,2666,-1,2644,2646,2642,-1,2642,2646,2648,-1,2642,2648,2640,-1,2640,2648,2638,-1,2672,2675,2670,-1,2670,2675,2674,-1,2670,2674,2668,-1,2668,2674,2666,-1,2651,2653,2638,-1,2638,2653,2655,-1,2638,2655,2636,-1,2636,2655,2657,-1,2636,2657,2634,-1,2634,2657,2659,-1,2634,2659,2632,-1,2632,2659,2687,-1,2679,2681,2666,-1,2666,2681,2683,-1,2666,2683,2664,-1,2664,2683,2685,-1,2664,2685,2662,-1,2662,2685,2687,-1,2662,2687,2660,-1,2660,2687,2659,-1,2649,2647,2645,-1,2676,2677,2673,-1,2645,2643,2649,-1,2649,2643,2641,-1,2649,2641,2650,-1,2650,2641,2639,-1,2650,2639,2652,-1,2652,2639,2654,-1,2682,2667,2684,-1,2684,2667,2665,-1,2684,2665,2686,-1,2673,2671,2676,-1,2676,2671,2669,-1,2676,2669,2678,-1,2678,2669,2667,-1,2678,2667,2680,-1,2680,2667,2682,-1,2654,2639,2656,-1,2656,2639,2637,-1,2656,2637,2658,-1,2637,2635,2658,-1,2658,2635,2633,-1,2658,2633,2661,-1,2661,2633,2686,-1,2661,2686,2663,-1,2663,2686,2665,-1,2688,2689,2690,-1,2690,2689,2691,-1,2688,2690,2692,-1,2692,2690,2693,-1,2692,2693,2694,-1,2694,2693,2695,-1,2694,2695,2696,-1,2696,2695,2697,-1,2696,2697,2698,-1,2698,2697,2699,-1,2698,2699,2700,-1,2700,2699,2701,-1,2702,2700,2703,-1,2703,2700,2701,-1,2702,2703,2704,-1,2702,2704,2705,-1,2705,2704,2706,-1,2705,2706,2707,-1,2707,2706,2708,-1,2707,2708,2709,-1,2709,2708,2710,-1,2709,2710,2711,-1,2711,2710,2712,-1,2711,2712,2713,-1,2714,2713,2715,-1,2715,2713,2712,-1,2716,2714,2717,-1,2717,2714,2715,-1,2718,2716,2719,-1,2719,2716,2717,-1,2718,2719,2720,-1,2720,2719,2721,-1,2720,2721,2722,-1,2722,2721,2723,-1,2722,2723,2724,-1,2724,2723,2725,-1,2724,2725,2726,-1,2726,2725,2727,-1,2726,2727,2728,-1,2728,2727,2729,-1,2730,2728,2731,-1,2731,2728,2729,-1,2730,2731,2732,-1,2730,2732,2733,-1,2733,2732,2734,-1,2733,2734,2735,-1,2735,2734,2736,-1,2735,2736,2737,-1,2737,2736,2738,-1,2737,2738,2739,-1,2739,2738,2740,-1,2739,2740,2741,-1,2742,2741,2743,-1,2743,2741,2740,-1,2713,2714,2716,-1,2741,2742,2689,-1,2689,2688,2741,-1,2741,2688,2692,-1,2741,2692,2739,-1,2739,2692,2694,-1,2739,2694,2737,-1,2737,2694,2735,-1,2735,2694,2733,-1,2733,2694,2696,-1,2733,2696,2730,-1,2716,2718,2713,-1,2713,2718,2720,-1,2713,2720,2711,-1,2711,2720,2722,-1,2711,2722,2709,-1,2709,2722,2724,-1,2702,2705,2724,-1,2724,2705,2707,-1,2724,2707,2709,-1,2724,2726,2702,-1,2702,2726,2728,-1,2702,2728,2700,-1,2700,2728,2730,-1,2700,2730,2698,-1,2698,2730,2696,-1,2740,2738,2695,-1,2717,2715,2719,-1,2719,2715,2712,-1,2691,2743,2690,-1,2690,2743,2740,-1,2690,2740,2693,-1,2693,2740,2695,-1,2708,2725,2710,-1,2710,2725,2723,-1,2710,2723,2712,-1,2712,2723,2721,-1,2712,2721,2719,-1,2708,2706,2725,-1,2725,2706,2704,-1,2725,2704,2727,-1,2727,2704,2703,-1,2727,2703,2729,-1,2729,2703,2731,-1,2738,2736,2695,-1,2695,2736,2734,-1,2695,2734,2697,-1,2697,2734,2732,-1,2697,2732,2699,-1,2699,2732,2731,-1,2699,2731,2701,-1,2701,2731,2703,-1,2744,2745,2746,-1,2746,2745,2747,-1,2746,2747,2748,-1,2748,2747,2749,-1,2748,2749,2750,-1,2750,2749,2751,-1,2750,2751,2752,-1,2752,2751,2753,-1,2752,2753,2754,-1,2754,2753,2755,-1,2756,2754,2757,-1,2757,2754,2755,-1,2758,2756,2759,-1,2759,2756,2757,-1,2760,2758,2761,-1,2761,2758,2759,-1,2760,2761,2762,-1,2760,2762,2763,-1,2763,2762,2764,-1,2763,2764,2765,-1,2765,2764,2766,-1,2765,2766,2767,-1,2767,2766,2768,-1,2767,2768,2769,-1,2769,2768,2770,-1,2769,2770,2771,-1,2772,2771,2773,-1,2773,2771,2770,-1,2772,2773,2774,-1,2774,2773,2775,-1,2774,2775,2776,-1,2776,2775,2777,-1,2776,2777,2778,-1,2778,2777,2779,-1,2778,2779,2780,-1,2780,2779,2781,-1,2780,2781,2782,-1,2782,2781,2783,-1,2784,2782,2785,-1,2785,2782,2783,-1,2786,2787,2788,-1,2788,2787,2789,-1,2786,2788,2790,-1,2786,2790,2791,-1,2791,2790,2792,-1,2791,2792,2793,-1,2793,2792,2794,-1,2793,2794,2795,-1,2795,2794,2796,-1,2795,2796,2797,-1,2797,2796,2798,-1,2797,2798,2799,-1,2744,2799,2745,-1,2745,2799,2798,-1,2760,2763,2750,-1,2786,2791,2778,-1,2756,2758,2754,-1,2754,2758,2760,-1,2754,2760,2752,-1,2752,2760,2750,-1,2784,2787,2782,-1,2782,2787,2786,-1,2782,2786,2780,-1,2780,2786,2778,-1,2763,2765,2750,-1,2750,2765,2767,-1,2750,2767,2748,-1,2748,2767,2769,-1,2748,2769,2746,-1,2746,2769,2771,-1,2746,2771,2744,-1,2744,2771,2799,-1,2791,2793,2778,-1,2778,2793,2795,-1,2778,2795,2776,-1,2776,2795,2797,-1,2776,2797,2774,-1,2774,2797,2799,-1,2774,2799,2772,-1,2772,2799,2771,-1,2761,2759,2757,-1,2788,2789,2785,-1,2757,2755,2761,-1,2761,2755,2753,-1,2761,2753,2762,-1,2762,2753,2751,-1,2762,2751,2764,-1,2764,2751,2766,-1,2794,2779,2796,-1,2796,2779,2777,-1,2796,2777,2798,-1,2785,2783,2788,-1,2788,2783,2781,-1,2788,2781,2790,-1,2790,2781,2779,-1,2790,2779,2792,-1,2792,2779,2794,-1,2766,2751,2768,-1,2768,2751,2749,-1,2768,2749,2770,-1,2749,2747,2770,-1,2770,2747,2745,-1,2770,2745,2773,-1,2773,2745,2798,-1,2773,2798,2775,-1,2775,2798,2777,-1,2800,2801,2802,-1,2802,2801,2803,-1,2800,2802,2804,-1,2804,2802,2805,-1,2804,2805,2806,-1,2806,2805,2807,-1,2806,2807,2808,-1,2808,2807,2809,-1,2808,2809,2810,-1,2810,2809,2811,-1,2810,2811,2812,-1,2812,2811,2813,-1,2814,2812,2815,-1,2815,2812,2813,-1,2814,2815,2816,-1,2814,2816,2817,-1,2817,2816,2818,-1,2817,2818,2819,-1,2819,2818,2820,-1,2819,2820,2821,-1,2821,2820,2822,-1,2821,2822,2823,-1,2823,2822,2824,-1,2823,2824,2825,-1,2826,2825,2827,-1,2827,2825,2824,-1,2828,2826,2829,-1,2829,2826,2827,-1,2830,2828,2831,-1,2831,2828,2829,-1,2830,2831,2832,-1,2832,2831,2833,-1,2832,2833,2834,-1,2834,2833,2835,-1,2834,2835,2836,-1,2836,2835,2837,-1,2836,2837,2838,-1,2838,2837,2839,-1,2838,2839,2840,-1,2840,2839,2841,-1,2842,2840,2843,-1,2843,2840,2841,-1,2842,2843,2844,-1,2842,2844,2845,-1,2845,2844,2846,-1,2845,2846,2847,-1,2847,2846,2848,-1,2847,2848,2849,-1,2849,2848,2850,-1,2849,2850,2851,-1,2851,2850,2852,-1,2851,2852,2853,-1,2854,2853,2855,-1,2855,2853,2852,-1,2853,2854,2801,-1,2825,2826,2828,-1,2828,2830,2825,-1,2825,2830,2832,-1,2825,2832,2823,-1,2823,2832,2834,-1,2823,2834,2821,-1,2821,2834,2836,-1,2814,2817,2836,-1,2836,2817,2819,-1,2836,2819,2821,-1,2801,2800,2853,-1,2853,2800,2804,-1,2853,2804,2851,-1,2851,2804,2806,-1,2851,2806,2849,-1,2849,2806,2847,-1,2847,2806,2845,-1,2845,2806,2808,-1,2845,2808,2842,-1,2808,2810,2842,-1,2842,2810,2812,-1,2842,2812,2840,-1,2840,2812,2814,-1,2840,2814,2838,-1,2838,2814,2836,-1,2852,2850,2807,-1,2803,2855,2802,-1,2802,2855,2852,-1,2802,2852,2805,-1,2805,2852,2807,-1,2820,2837,2822,-1,2822,2837,2835,-1,2822,2835,2824,-1,2829,2827,2831,-1,2831,2827,2824,-1,2831,2824,2833,-1,2833,2824,2835,-1,2850,2848,2807,-1,2807,2848,2846,-1,2807,2846,2809,-1,2809,2846,2844,-1,2809,2844,2811,-1,2811,2844,2843,-1,2811,2843,2813,-1,2813,2843,2815,-1,2820,2818,2837,-1,2837,2818,2816,-1,2837,2816,2839,-1,2839,2816,2815,-1,2839,2815,2841,-1,2841,2815,2843,-1,2856,2857,2858,-1,2858,2857,2859,-1,2858,2859,2860,-1,2860,2859,2861,-1,2860,2861,2862,-1,2862,2861,2863,-1,2862,2863,2864,-1,2864,2863,2865,-1,2864,2865,2866,-1,2866,2865,2867,-1,2868,2866,2869,-1,2869,2866,2867,-1,2870,2868,2871,-1,2871,2868,2869,-1,2872,2870,2873,-1,2873,2870,2871,-1,2872,2873,2874,-1,2872,2874,2875,-1,2875,2874,2876,-1,2875,2876,2877,-1,2877,2876,2878,-1,2877,2878,2879,-1,2879,2878,2880,-1,2879,2880,2881,-1,2881,2880,2882,-1,2881,2882,2883,-1,2884,2883,2885,-1,2885,2883,2882,-1,2884,2885,2886,-1,2886,2885,2887,-1,2886,2887,2888,-1,2888,2887,2889,-1,2888,2889,2890,-1,2890,2889,2891,-1,2890,2891,2892,-1,2892,2891,2893,-1,2892,2893,2894,-1,2894,2893,2895,-1,2896,2894,2897,-1,2897,2894,2895,-1,2898,2899,2900,-1,2900,2899,2901,-1,2898,2900,2902,-1,2898,2902,2903,-1,2903,2902,2904,-1,2903,2904,2905,-1,2905,2904,2906,-1,2905,2906,2907,-1,2907,2906,2908,-1,2907,2908,2909,-1,2909,2908,2910,-1,2909,2910,2911,-1,2856,2911,2857,-1,2857,2911,2910,-1,2898,2903,2890,-1,2868,2870,2866,-1,2866,2870,2872,-1,2896,2899,2894,-1,2894,2899,2898,-1,2894,2898,2892,-1,2892,2898,2890,-1,2877,2860,2875,-1,2875,2860,2862,-1,2875,2862,2872,-1,2872,2862,2864,-1,2872,2864,2866,-1,2877,2879,2860,-1,2860,2879,2881,-1,2860,2881,2858,-1,2858,2881,2883,-1,2858,2883,2856,-1,2856,2883,2911,-1,2903,2905,2890,-1,2890,2905,2907,-1,2890,2907,2888,-1,2888,2907,2909,-1,2888,2909,2886,-1,2886,2909,2911,-1,2886,2911,2884,-1,2884,2911,2883,-1,2873,2871,2869,-1,2900,2901,2897,-1,2869,2867,2873,-1,2873,2867,2865,-1,2873,2865,2874,-1,2874,2865,2863,-1,2874,2863,2876,-1,2876,2863,2861,-1,2906,2891,2908,-1,2908,2891,2889,-1,2908,2889,2910,-1,2897,2895,2900,-1,2900,2895,2893,-1,2900,2893,2902,-1,2902,2893,2891,-1,2902,2891,2904,-1,2904,2891,2906,-1,2882,2880,2861,-1,2861,2880,2878,-1,2861,2878,2876,-1,2861,2859,2882,-1,2882,2859,2857,-1,2882,2857,2885,-1,2885,2857,2910,-1,2885,2910,2887,-1,2887,2910,2889,-1,2912,2913,2914,-1,2914,2913,2915,-1,2912,2914,2916,-1,2916,2914,2917,-1,2916,2917,2918,-1,2918,2917,2919,-1,2918,2919,2920,-1,2920,2919,2921,-1,2920,2921,2922,-1,2922,2921,2923,-1,2922,2923,2924,-1,2924,2923,2925,-1,2926,2924,2927,-1,2927,2924,2925,-1,2926,2927,2928,-1,2926,2928,2929,-1,2929,2928,2930,-1,2929,2930,2931,-1,2931,2930,2932,-1,2931,2932,2933,-1,2933,2932,2934,-1,2933,2934,2935,-1,2935,2934,2936,-1,2935,2936,2937,-1,2938,2937,2939,-1,2939,2937,2936,-1,2940,2938,2941,-1,2941,2938,2939,-1,2942,2940,2943,-1,2943,2940,2941,-1,2942,2943,2944,-1,2944,2943,2945,-1,2944,2945,2946,-1,2946,2945,2947,-1,2946,2947,2948,-1,2948,2947,2949,-1,2948,2949,2950,-1,2950,2949,2951,-1,2950,2951,2952,-1,2952,2951,2953,-1,2954,2952,2955,-1,2955,2952,2953,-1,2954,2955,2956,-1,2954,2956,2957,-1,2957,2956,2958,-1,2957,2958,2959,-1,2959,2958,2960,-1,2959,2960,2961,-1,2961,2960,2962,-1,2961,2962,2963,-1,2963,2962,2964,-1,2963,2964,2965,-1,2966,2965,2967,-1,2967,2965,2964,-1,2965,2966,2913,-1,2937,2938,2940,-1,2940,2942,2937,-1,2937,2942,2944,-1,2937,2944,2935,-1,2935,2944,2946,-1,2935,2946,2933,-1,2933,2946,2948,-1,2926,2929,2948,-1,2948,2929,2931,-1,2948,2931,2933,-1,2913,2912,2965,-1,2965,2912,2916,-1,2965,2916,2963,-1,2963,2916,2918,-1,2963,2918,2961,-1,2961,2918,2959,-1,2959,2918,2957,-1,2957,2918,2920,-1,2957,2920,2954,-1,2920,2922,2954,-1,2954,2922,2924,-1,2954,2924,2952,-1,2952,2924,2926,-1,2952,2926,2950,-1,2950,2926,2948,-1,2964,2962,2919,-1,2915,2967,2914,-1,2914,2967,2964,-1,2914,2964,2917,-1,2917,2964,2919,-1,2932,2949,2934,-1,2934,2949,2947,-1,2934,2947,2936,-1,2941,2939,2943,-1,2943,2939,2936,-1,2943,2936,2945,-1,2945,2936,2947,-1,2962,2960,2919,-1,2919,2960,2958,-1,2919,2958,2921,-1,2921,2958,2956,-1,2921,2956,2923,-1,2923,2956,2955,-1,2923,2955,2925,-1,2925,2955,2927,-1,2932,2930,2949,-1,2949,2930,2928,-1,2949,2928,2951,-1,2951,2928,2927,-1,2951,2927,2953,-1,2953,2927,2955,-1,2968,2969,2970,-1,2970,2969,2971,-1,2970,2971,2972,-1,2972,2971,2973,-1,2972,2973,2974,-1,2974,2973,2975,-1,2974,2975,2976,-1,2976,2975,2977,-1,2976,2977,2978,-1,2978,2977,2979,-1,2980,2978,2981,-1,2981,2978,2979,-1,2982,2980,2983,-1,2983,2980,2981,-1,2984,2982,2985,-1,2985,2982,2983,-1,2984,2985,2986,-1,2984,2986,2987,-1,2987,2986,2988,-1,2987,2988,2989,-1,2989,2988,2990,-1,2989,2990,2991,-1,2991,2990,2992,-1,2991,2992,2993,-1,2993,2992,2994,-1,2993,2994,2995,-1,2996,2995,2997,-1,2997,2995,2994,-1,2996,2997,2998,-1,2998,2997,2999,-1,2998,2999,3000,-1,3000,2999,3001,-1,3000,3001,3002,-1,3002,3001,3003,-1,3002,3003,3004,-1,3004,3003,3005,-1,3004,3005,3006,-1,3006,3005,3007,-1,3008,3006,3009,-1,3009,3006,3007,-1,3010,3011,3012,-1,3012,3011,3013,-1,3010,3012,3014,-1,3010,3014,3015,-1,3015,3014,3016,-1,3015,3016,3017,-1,3017,3016,3018,-1,3017,3018,3019,-1,3019,3018,3020,-1,3019,3020,3021,-1,3021,3020,3022,-1,3021,3022,3023,-1,2968,3023,2969,-1,2969,3023,3022,-1,3010,3015,3002,-1,2980,2982,2978,-1,2978,2982,2984,-1,3008,3011,3006,-1,3006,3011,3010,-1,3006,3010,3004,-1,3004,3010,3002,-1,2989,2972,2987,-1,2987,2972,2974,-1,2987,2974,2984,-1,2984,2974,2976,-1,2984,2976,2978,-1,2989,2991,2972,-1,2972,2991,2993,-1,2972,2993,2970,-1,2970,2993,2995,-1,2970,2995,2968,-1,2968,2995,3023,-1,3015,3017,3002,-1,3002,3017,3019,-1,3002,3019,3000,-1,3000,3019,3021,-1,3000,3021,2998,-1,2998,3021,3023,-1,2998,3023,2996,-1,2996,3023,2995,-1,2985,2983,2981,-1,3012,3013,3009,-1,2981,2979,2985,-1,2985,2979,2977,-1,2985,2977,2986,-1,2986,2977,2975,-1,2986,2975,2988,-1,2988,2975,2973,-1,3018,3003,3020,-1,3020,3003,3001,-1,3020,3001,3022,-1,3009,3007,3012,-1,3012,3007,3005,-1,3012,3005,3014,-1,3014,3005,3003,-1,3014,3003,3016,-1,3016,3003,3018,-1,2994,2992,2973,-1,2973,2992,2990,-1,2973,2990,2988,-1,2973,2971,2994,-1,2994,2971,2969,-1,2994,2969,2997,-1,2997,2969,3022,-1,2997,3022,2999,-1,2999,3022,3001,-1,3024,3025,3026,-1,3026,3025,3027,-1,3024,3026,3028,-1,3028,3026,3029,-1,3028,3029,3030,-1,3030,3029,3031,-1,3030,3031,3032,-1,3032,3031,3033,-1,3032,3033,3034,-1,3034,3033,3035,-1,3034,3035,3036,-1,3036,3035,3037,-1,3038,3036,3039,-1,3039,3036,3037,-1,3038,3039,3040,-1,3038,3040,3041,-1,3041,3040,3042,-1,3041,3042,3043,-1,3043,3042,3044,-1,3043,3044,3045,-1,3045,3044,3046,-1,3045,3046,3047,-1,3047,3046,3048,-1,3047,3048,3049,-1,3050,3049,3051,-1,3051,3049,3048,-1,3052,3050,3053,-1,3053,3050,3051,-1,3054,3052,3055,-1,3055,3052,3053,-1,3054,3055,3056,-1,3056,3055,3057,-1,3056,3057,3058,-1,3058,3057,3059,-1,3058,3059,3060,-1,3060,3059,3061,-1,3060,3061,3062,-1,3062,3061,3063,-1,3062,3063,3064,-1,3064,3063,3065,-1,3066,3064,3067,-1,3067,3064,3065,-1,3066,3067,3068,-1,3066,3068,3069,-1,3069,3068,3070,-1,3069,3070,3071,-1,3071,3070,3072,-1,3071,3072,3073,-1,3073,3072,3074,-1,3073,3074,3075,-1,3075,3074,3076,-1,3075,3076,3077,-1,3078,3077,3079,-1,3079,3077,3076,-1,3077,3078,3025,-1,3049,3050,3052,-1,3052,3054,3049,-1,3049,3054,3056,-1,3049,3056,3047,-1,3047,3056,3058,-1,3047,3058,3045,-1,3045,3058,3060,-1,3038,3041,3060,-1,3060,3041,3043,-1,3060,3043,3045,-1,3025,3024,3077,-1,3077,3024,3028,-1,3077,3028,3075,-1,3075,3028,3030,-1,3075,3030,3073,-1,3073,3030,3071,-1,3071,3030,3069,-1,3069,3030,3032,-1,3069,3032,3066,-1,3032,3034,3066,-1,3066,3034,3036,-1,3066,3036,3064,-1,3064,3036,3038,-1,3064,3038,3062,-1,3062,3038,3060,-1,3076,3074,3031,-1,3027,3079,3026,-1,3026,3079,3076,-1,3026,3076,3029,-1,3029,3076,3031,-1,3044,3061,3046,-1,3046,3061,3059,-1,3046,3059,3048,-1,3053,3051,3055,-1,3055,3051,3048,-1,3055,3048,3057,-1,3057,3048,3059,-1,3074,3072,3031,-1,3031,3072,3070,-1,3031,3070,3033,-1,3033,3070,3068,-1,3033,3068,3035,-1,3035,3068,3067,-1,3035,3067,3037,-1,3037,3067,3039,-1,3044,3042,3061,-1,3061,3042,3040,-1,3061,3040,3063,-1,3063,3040,3039,-1,3063,3039,3065,-1,3065,3039,3067,-1,3080,3081,3082,-1,3082,3081,3083,-1,3082,3083,3084,-1,3084,3083,3085,-1,3084,3085,3086,-1,3086,3085,3087,-1,3086,3087,3088,-1,3088,3087,3089,-1,3088,3089,3090,-1,3090,3089,3091,-1,3092,3090,3093,-1,3093,3090,3091,-1,3094,3092,3095,-1,3095,3092,3093,-1,3096,3094,3097,-1,3097,3094,3095,-1,3096,3097,3098,-1,3096,3098,3099,-1,3099,3098,3100,-1,3099,3100,3101,-1,3101,3100,3102,-1,3101,3102,3103,-1,3103,3102,3104,-1,3103,3104,3105,-1,3105,3104,3106,-1,3105,3106,3107,-1,3108,3107,3109,-1,3109,3107,3106,-1,3108,3109,3110,-1,3110,3109,3111,-1,3110,3111,3112,-1,3112,3111,3113,-1,3112,3113,3114,-1,3114,3113,3115,-1,3114,3115,3116,-1,3116,3115,3117,-1,3116,3117,3118,-1,3118,3117,3119,-1,3120,3118,3121,-1,3121,3118,3119,-1,3122,3123,3124,-1,3124,3123,3125,-1,3122,3124,3126,-1,3122,3126,3127,-1,3127,3126,3128,-1,3127,3128,3129,-1,3129,3128,3130,-1,3129,3130,3131,-1,3131,3130,3132,-1,3131,3132,3133,-1,3133,3132,3134,-1,3133,3134,3135,-1,3080,3135,3081,-1,3081,3135,3134,-1,3122,3127,3114,-1,3092,3094,3090,-1,3090,3094,3096,-1,3120,3123,3118,-1,3118,3123,3122,-1,3118,3122,3116,-1,3116,3122,3114,-1,3101,3084,3099,-1,3099,3084,3086,-1,3099,3086,3096,-1,3096,3086,3088,-1,3096,3088,3090,-1,3101,3103,3084,-1,3084,3103,3105,-1,3084,3105,3082,-1,3082,3105,3107,-1,3082,3107,3080,-1,3080,3107,3135,-1,3127,3129,3114,-1,3114,3129,3131,-1,3114,3131,3112,-1,3112,3131,3133,-1,3112,3133,3110,-1,3110,3133,3135,-1,3110,3135,3108,-1,3108,3135,3107,-1,3097,3095,3093,-1,3124,3125,3121,-1,3093,3091,3097,-1,3097,3091,3089,-1,3097,3089,3098,-1,3098,3089,3087,-1,3098,3087,3100,-1,3100,3087,3085,-1,3130,3115,3132,-1,3132,3115,3113,-1,3132,3113,3134,-1,3121,3119,3124,-1,3124,3119,3117,-1,3124,3117,3126,-1,3126,3117,3115,-1,3126,3115,3128,-1,3128,3115,3130,-1,3106,3104,3085,-1,3085,3104,3102,-1,3085,3102,3100,-1,3085,3083,3106,-1,3106,3083,3081,-1,3106,3081,3109,-1,3109,3081,3134,-1,3109,3134,3111,-1,3111,3134,3113,-1,3136,3137,3138,-1,3138,3137,3139,-1,3136,3138,3140,-1,3140,3138,3141,-1,3140,3141,3142,-1,3142,3141,3143,-1,3142,3143,3144,-1,3144,3143,3145,-1,3144,3145,3146,-1,3146,3145,3147,-1,3146,3147,3148,-1,3148,3147,3149,-1,3150,3148,3151,-1,3151,3148,3149,-1,3150,3151,3152,-1,3150,3152,3153,-1,3153,3152,3154,-1,3153,3154,3155,-1,3155,3154,3156,-1,3155,3156,3157,-1,3157,3156,3158,-1,3157,3158,3159,-1,3159,3158,3160,-1,3159,3160,3161,-1,3162,3161,3163,-1,3163,3161,3160,-1,3164,3162,3165,-1,3165,3162,3163,-1,3166,3164,3167,-1,3167,3164,3165,-1,3166,3167,3168,-1,3168,3167,3169,-1,3168,3169,3170,-1,3170,3169,3171,-1,3170,3171,3172,-1,3172,3171,3173,-1,3172,3173,3174,-1,3174,3173,3175,-1,3174,3175,3176,-1,3176,3175,3177,-1,3178,3176,3179,-1,3179,3176,3177,-1,3178,3179,3180,-1,3178,3180,3181,-1,3181,3180,3182,-1,3181,3182,3183,-1,3183,3182,3184,-1,3183,3184,3185,-1,3185,3184,3186,-1,3185,3186,3187,-1,3187,3186,3188,-1,3187,3188,3189,-1,3190,3189,3191,-1,3191,3189,3188,-1,3189,3190,3137,-1,3161,3162,3164,-1,3164,3166,3161,-1,3161,3166,3168,-1,3161,3168,3159,-1,3159,3168,3170,-1,3159,3170,3157,-1,3157,3170,3172,-1,3150,3153,3172,-1,3172,3153,3155,-1,3172,3155,3157,-1,3137,3136,3189,-1,3189,3136,3140,-1,3189,3140,3187,-1,3187,3140,3142,-1,3187,3142,3185,-1,3185,3142,3183,-1,3183,3142,3181,-1,3181,3142,3144,-1,3181,3144,3178,-1,3144,3146,3178,-1,3178,3146,3148,-1,3178,3148,3176,-1,3176,3148,3150,-1,3176,3150,3174,-1,3174,3150,3172,-1,3188,3186,3143,-1,3139,3191,3138,-1,3138,3191,3188,-1,3138,3188,3141,-1,3141,3188,3143,-1,3156,3173,3158,-1,3158,3173,3171,-1,3158,3171,3160,-1,3165,3163,3167,-1,3167,3163,3160,-1,3167,3160,3169,-1,3169,3160,3171,-1,3186,3184,3143,-1,3143,3184,3182,-1,3143,3182,3145,-1,3145,3182,3180,-1,3145,3180,3147,-1,3147,3180,3179,-1,3147,3179,3149,-1,3149,3179,3151,-1,3156,3154,3173,-1,3173,3154,3152,-1,3173,3152,3175,-1,3175,3152,3151,-1,3175,3151,3177,-1,3177,3151,3179,-1,3192,3193,3194,-1,3194,3193,3195,-1,3194,3195,3196,-1,3196,3195,3197,-1,3196,3197,3198,-1,3198,3197,3199,-1,3198,3199,3200,-1,3200,3199,3201,-1,3200,3201,3202,-1,3202,3201,3203,-1,3204,3202,3205,-1,3205,3202,3203,-1,3206,3204,3207,-1,3207,3204,3205,-1,3208,3206,3209,-1,3209,3206,3207,-1,3208,3209,3210,-1,3208,3210,3211,-1,3211,3210,3212,-1,3211,3212,3213,-1,3213,3212,3214,-1,3213,3214,3215,-1,3215,3214,3216,-1,3215,3216,3217,-1,3217,3216,3218,-1,3217,3218,3219,-1,3220,3219,3221,-1,3221,3219,3218,-1,3220,3221,3222,-1,3222,3221,3223,-1,3222,3223,3224,-1,3224,3223,3225,-1,3224,3225,3226,-1,3226,3225,3227,-1,3226,3227,3228,-1,3228,3227,3229,-1,3228,3229,3230,-1,3230,3229,3231,-1,3232,3230,3233,-1,3233,3230,3231,-1,3234,3235,3236,-1,3236,3235,3237,-1,3234,3236,3238,-1,3234,3238,3239,-1,3239,3238,3240,-1,3239,3240,3241,-1,3241,3240,3242,-1,3241,3242,3243,-1,3243,3242,3244,-1,3243,3244,3245,-1,3245,3244,3246,-1,3245,3246,3247,-1,3192,3247,3193,-1,3193,3247,3246,-1,3234,3239,3226,-1,3204,3206,3202,-1,3202,3206,3208,-1,3232,3235,3230,-1,3230,3235,3234,-1,3230,3234,3228,-1,3228,3234,3226,-1,3213,3196,3211,-1,3211,3196,3198,-1,3211,3198,3208,-1,3208,3198,3200,-1,3208,3200,3202,-1,3213,3215,3196,-1,3196,3215,3217,-1,3196,3217,3194,-1,3194,3217,3219,-1,3194,3219,3192,-1,3192,3219,3247,-1,3239,3241,3226,-1,3226,3241,3243,-1,3226,3243,3224,-1,3224,3243,3245,-1,3224,3245,3222,-1,3222,3245,3247,-1,3222,3247,3220,-1,3220,3247,3219,-1,3209,3207,3205,-1,3236,3237,3233,-1,3205,3203,3209,-1,3209,3203,3201,-1,3209,3201,3210,-1,3210,3201,3199,-1,3210,3199,3212,-1,3212,3199,3197,-1,3242,3227,3244,-1,3244,3227,3225,-1,3244,3225,3246,-1,3233,3231,3236,-1,3236,3231,3229,-1,3236,3229,3238,-1,3238,3229,3227,-1,3238,3227,3240,-1,3240,3227,3242,-1,3218,3216,3197,-1,3197,3216,3214,-1,3197,3214,3212,-1,3197,3195,3218,-1,3218,3195,3193,-1,3218,3193,3221,-1,3221,3193,3246,-1,3221,3246,3223,-1,3223,3246,3225,-1,3248,3249,3250,-1,3250,3249,3251,-1,3248,3250,3252,-1,3252,3250,3253,-1,3252,3253,3254,-1,3254,3253,3255,-1,3254,3255,3256,-1,3256,3255,3257,-1,3256,3257,3258,-1,3258,3257,3259,-1,3258,3259,3260,-1,3260,3259,3261,-1,3262,3260,3263,-1,3263,3260,3261,-1,3262,3263,3264,-1,3262,3264,3265,-1,3265,3264,3266,-1,3265,3266,3267,-1,3267,3266,3268,-1,3267,3268,3269,-1,3269,3268,3270,-1,3269,3270,3271,-1,3271,3270,3272,-1,3271,3272,3273,-1,3274,3273,3275,-1,3275,3273,3272,-1,3276,3274,3277,-1,3277,3274,3275,-1,3278,3276,3279,-1,3279,3276,3277,-1,3278,3279,3280,-1,3280,3279,3281,-1,3280,3281,3282,-1,3282,3281,3283,-1,3282,3283,3284,-1,3284,3283,3285,-1,3284,3285,3286,-1,3286,3285,3287,-1,3286,3287,3288,-1,3288,3287,3289,-1,3290,3288,3291,-1,3291,3288,3289,-1,3290,3291,3292,-1,3290,3292,3293,-1,3293,3292,3294,-1,3293,3294,3295,-1,3295,3294,3296,-1,3295,3296,3297,-1,3297,3296,3298,-1,3297,3298,3299,-1,3299,3298,3300,-1,3299,3300,3301,-1,3302,3301,3303,-1,3303,3301,3300,-1,3301,3302,3249,-1,3273,3274,3276,-1,3276,3278,3273,-1,3273,3278,3280,-1,3273,3280,3271,-1,3271,3280,3282,-1,3271,3282,3269,-1,3269,3282,3284,-1,3262,3265,3284,-1,3284,3265,3267,-1,3284,3267,3269,-1,3249,3248,3301,-1,3301,3248,3252,-1,3301,3252,3299,-1,3299,3252,3254,-1,3299,3254,3297,-1,3297,3254,3295,-1,3295,3254,3293,-1,3293,3254,3256,-1,3293,3256,3290,-1,3256,3258,3290,-1,3290,3258,3260,-1,3290,3260,3288,-1,3288,3260,3262,-1,3288,3262,3286,-1,3286,3262,3284,-1,3300,3298,3255,-1,3251,3303,3250,-1,3250,3303,3300,-1,3250,3300,3253,-1,3253,3300,3255,-1,3268,3285,3270,-1,3270,3285,3283,-1,3270,3283,3272,-1,3277,3275,3279,-1,3279,3275,3272,-1,3279,3272,3281,-1,3281,3272,3283,-1,3298,3296,3255,-1,3255,3296,3294,-1,3255,3294,3257,-1,3257,3294,3292,-1,3257,3292,3259,-1,3259,3292,3291,-1,3259,3291,3261,-1,3261,3291,3263,-1,3268,3266,3285,-1,3285,3266,3264,-1,3285,3264,3287,-1,3287,3264,3263,-1,3287,3263,3289,-1,3289,3263,3291,-1,3304,3305,3306,-1,3306,3305,3307,-1,3306,3307,3308,-1,3308,3307,3309,-1,3308,3309,3310,-1,3310,3309,3311,-1,3310,3311,3312,-1,3312,3311,3313,-1,3312,3313,3314,-1,3314,3313,3315,-1,3316,3314,3317,-1,3317,3314,3315,-1,3318,3316,3319,-1,3319,3316,3317,-1,3320,3318,3321,-1,3321,3318,3319,-1,3320,3321,3322,-1,3320,3322,3323,-1,3323,3322,3324,-1,3323,3324,3325,-1,3325,3324,3326,-1,3325,3326,3327,-1,3327,3326,3328,-1,3327,3328,3329,-1,3329,3328,3330,-1,3329,3330,3331,-1,3332,3331,3333,-1,3333,3331,3330,-1,3332,3333,3334,-1,3334,3333,3335,-1,3334,3335,3336,-1,3336,3335,3337,-1,3336,3337,3338,-1,3338,3337,3339,-1,3338,3339,3340,-1,3340,3339,3341,-1,3340,3341,3342,-1,3342,3341,3343,-1,3344,3342,3345,-1,3345,3342,3343,-1,3346,3347,3348,-1,3348,3347,3349,-1,3346,3348,3350,-1,3346,3350,3351,-1,3351,3350,3352,-1,3351,3352,3353,-1,3353,3352,3354,-1,3353,3354,3355,-1,3355,3354,3356,-1,3355,3356,3357,-1,3357,3356,3358,-1,3357,3358,3359,-1,3304,3359,3305,-1,3305,3359,3358,-1,3346,3351,3338,-1,3316,3318,3314,-1,3314,3318,3320,-1,3344,3347,3342,-1,3342,3347,3346,-1,3342,3346,3340,-1,3340,3346,3338,-1,3325,3308,3323,-1,3323,3308,3310,-1,3323,3310,3320,-1,3320,3310,3312,-1,3320,3312,3314,-1,3325,3327,3308,-1,3308,3327,3329,-1,3308,3329,3306,-1,3306,3329,3331,-1,3306,3331,3304,-1,3304,3331,3359,-1,3351,3353,3338,-1,3338,3353,3355,-1,3338,3355,3336,-1,3336,3355,3357,-1,3336,3357,3334,-1,3334,3357,3359,-1,3334,3359,3332,-1,3332,3359,3331,-1,3321,3319,3317,-1,3348,3349,3345,-1,3317,3315,3321,-1,3321,3315,3313,-1,3321,3313,3322,-1,3322,3313,3311,-1,3322,3311,3324,-1,3324,3311,3309,-1,3354,3339,3356,-1,3356,3339,3337,-1,3356,3337,3358,-1,3345,3343,3348,-1,3348,3343,3341,-1,3348,3341,3350,-1,3350,3341,3339,-1,3350,3339,3352,-1,3352,3339,3354,-1,3330,3328,3309,-1,3309,3328,3326,-1,3309,3326,3324,-1,3309,3307,3330,-1,3330,3307,3305,-1,3330,3305,3333,-1,3333,3305,3358,-1,3333,3358,3335,-1,3335,3358,3337,-1,3360,3361,3362,-1,3362,3361,3363,-1,3360,3362,3364,-1,3364,3362,3365,-1,3364,3365,3366,-1,3366,3365,3367,-1,3366,3367,3368,-1,3368,3367,3369,-1,3368,3369,3370,-1,3370,3369,3371,-1,3370,3371,3372,-1,3372,3371,3373,-1,3374,3372,3375,-1,3375,3372,3373,-1,3374,3375,3376,-1,3374,3376,3377,-1,3377,3376,3378,-1,3377,3378,3379,-1,3379,3378,3380,-1,3379,3380,3381,-1,3381,3380,3382,-1,3381,3382,3383,-1,3383,3382,3384,-1,3383,3384,3385,-1,3386,3385,3387,-1,3387,3385,3384,-1,3388,3386,3389,-1,3389,3386,3387,-1,3390,3388,3391,-1,3391,3388,3389,-1,3390,3391,3392,-1,3392,3391,3393,-1,3392,3393,3394,-1,3394,3393,3395,-1,3394,3395,3396,-1,3396,3395,3397,-1,3396,3397,3398,-1,3398,3397,3399,-1,3398,3399,3400,-1,3400,3399,3401,-1,3402,3400,3403,-1,3403,3400,3401,-1,3402,3403,3404,-1,3402,3404,3405,-1,3405,3404,3406,-1,3405,3406,3407,-1,3407,3406,3408,-1,3407,3408,3409,-1,3409,3408,3410,-1,3409,3410,3411,-1,3411,3410,3412,-1,3411,3412,3413,-1,3414,3413,3415,-1,3415,3413,3412,-1,3413,3414,3361,-1,3385,3386,3388,-1,3388,3390,3385,-1,3385,3390,3392,-1,3385,3392,3383,-1,3383,3392,3394,-1,3383,3394,3381,-1,3381,3394,3396,-1,3374,3377,3396,-1,3396,3377,3379,-1,3396,3379,3381,-1,3361,3360,3413,-1,3413,3360,3364,-1,3413,3364,3411,-1,3411,3364,3366,-1,3411,3366,3409,-1,3409,3366,3407,-1,3407,3366,3405,-1,3405,3366,3368,-1,3405,3368,3402,-1,3368,3370,3402,-1,3402,3370,3372,-1,3402,3372,3400,-1,3400,3372,3374,-1,3400,3374,3398,-1,3398,3374,3396,-1,3412,3410,3367,-1,3363,3415,3362,-1,3362,3415,3412,-1,3362,3412,3365,-1,3365,3412,3367,-1,3380,3397,3382,-1,3382,3397,3395,-1,3382,3395,3384,-1,3389,3387,3391,-1,3391,3387,3384,-1,3391,3384,3393,-1,3393,3384,3395,-1,3410,3408,3367,-1,3367,3408,3406,-1,3367,3406,3369,-1,3369,3406,3404,-1,3369,3404,3371,-1,3371,3404,3403,-1,3371,3403,3373,-1,3373,3403,3375,-1,3380,3378,3397,-1,3397,3378,3376,-1,3397,3376,3399,-1,3399,3376,3375,-1,3399,3375,3401,-1,3401,3375,3403,-1,3416,3417,3418,-1,3418,3417,3419,-1,3418,3419,3420,-1,3420,3419,3421,-1,3420,3421,3422,-1,3422,3421,3423,-1,3422,3423,3424,-1,3424,3423,3425,-1,3424,3425,3426,-1,3426,3425,3427,-1,3428,3426,3429,-1,3429,3426,3427,-1,3430,3428,3431,-1,3431,3428,3429,-1,3432,3430,3433,-1,3433,3430,3431,-1,3432,3433,3434,-1,3432,3434,3435,-1,3435,3434,3436,-1,3435,3436,3437,-1,3437,3436,3438,-1,3437,3438,3439,-1,3439,3438,3440,-1,3439,3440,3441,-1,3441,3440,3442,-1,3441,3442,3443,-1,3444,3443,3445,-1,3445,3443,3442,-1,3444,3445,3446,-1,3446,3445,3447,-1,3446,3447,3448,-1,3448,3447,3449,-1,3448,3449,3450,-1,3450,3449,3451,-1,3450,3451,3452,-1,3452,3451,3453,-1,3452,3453,3454,-1,3454,3453,3455,-1,3456,3454,3457,-1,3457,3454,3455,-1,3458,3459,3460,-1,3460,3459,3461,-1,3458,3460,3462,-1,3458,3462,3463,-1,3463,3462,3464,-1,3463,3464,3465,-1,3465,3464,3466,-1,3465,3466,3467,-1,3467,3466,3468,-1,3467,3468,3469,-1,3469,3468,3470,-1,3469,3470,3471,-1,3416,3471,3417,-1,3417,3471,3470,-1,3458,3463,3450,-1,3428,3430,3426,-1,3426,3430,3432,-1,3456,3459,3454,-1,3454,3459,3458,-1,3454,3458,3452,-1,3452,3458,3450,-1,3437,3420,3435,-1,3435,3420,3422,-1,3435,3422,3432,-1,3432,3422,3424,-1,3432,3424,3426,-1,3437,3439,3420,-1,3420,3439,3441,-1,3420,3441,3418,-1,3418,3441,3443,-1,3418,3443,3416,-1,3416,3443,3471,-1,3463,3465,3450,-1,3450,3465,3467,-1,3450,3467,3448,-1,3448,3467,3469,-1,3448,3469,3446,-1,3446,3469,3471,-1,3446,3471,3444,-1,3444,3471,3443,-1,3433,3431,3429,-1,3460,3461,3457,-1,3429,3427,3433,-1,3433,3427,3425,-1,3433,3425,3434,-1,3434,3425,3423,-1,3434,3423,3436,-1,3436,3423,3421,-1,3466,3451,3468,-1,3468,3451,3449,-1,3468,3449,3470,-1,3457,3455,3460,-1,3460,3455,3453,-1,3460,3453,3462,-1,3462,3453,3451,-1,3462,3451,3464,-1,3464,3451,3466,-1,3442,3440,3421,-1,3421,3440,3438,-1,3421,3438,3436,-1,3421,3419,3442,-1,3442,3419,3417,-1,3442,3417,3445,-1,3445,3417,3470,-1,3445,3470,3447,-1,3447,3470,3449,-1,3472,3473,3474,-1,3474,3473,3475,-1,3472,3474,3476,-1,3476,3474,3477,-1,3476,3477,3478,-1,3478,3477,3479,-1,3478,3479,3480,-1,3480,3479,3481,-1,3480,3481,3482,-1,3482,3481,3483,-1,3482,3483,3484,-1,3484,3483,3485,-1,3486,3484,3487,-1,3487,3484,3485,-1,3486,3487,3488,-1,3486,3488,3489,-1,3489,3488,3490,-1,3489,3490,3491,-1,3491,3490,3492,-1,3491,3492,3493,-1,3493,3492,3494,-1,3493,3494,3495,-1,3495,3494,3496,-1,3495,3496,3497,-1,3498,3497,3499,-1,3499,3497,3496,-1,3500,3498,3501,-1,3501,3498,3499,-1,3502,3500,3503,-1,3503,3500,3501,-1,3502,3503,3504,-1,3504,3503,3505,-1,3504,3505,3506,-1,3506,3505,3507,-1,3506,3507,3508,-1,3508,3507,3509,-1,3508,3509,3510,-1,3510,3509,3511,-1,3510,3511,3512,-1,3512,3511,3513,-1,3514,3512,3515,-1,3515,3512,3513,-1,3514,3515,3516,-1,3514,3516,3517,-1,3517,3516,3518,-1,3517,3518,3519,-1,3519,3518,3520,-1,3519,3520,3521,-1,3521,3520,3522,-1,3521,3522,3523,-1,3523,3522,3524,-1,3523,3524,3525,-1,3526,3525,3527,-1,3527,3525,3524,-1,3525,3526,3473,-1,3497,3498,3500,-1,3500,3502,3497,-1,3497,3502,3504,-1,3497,3504,3495,-1,3495,3504,3506,-1,3495,3506,3493,-1,3493,3506,3508,-1,3486,3489,3508,-1,3508,3489,3491,-1,3508,3491,3493,-1,3473,3472,3525,-1,3525,3472,3476,-1,3525,3476,3523,-1,3523,3476,3478,-1,3523,3478,3521,-1,3521,3478,3519,-1,3519,3478,3517,-1,3517,3478,3480,-1,3517,3480,3514,-1,3480,3482,3514,-1,3514,3482,3484,-1,3514,3484,3512,-1,3512,3484,3486,-1,3512,3486,3510,-1,3510,3486,3508,-1,3524,3522,3479,-1,3475,3527,3474,-1,3474,3527,3524,-1,3474,3524,3477,-1,3477,3524,3479,-1,3492,3509,3494,-1,3494,3509,3507,-1,3494,3507,3496,-1,3501,3499,3503,-1,3503,3499,3496,-1,3503,3496,3505,-1,3505,3496,3507,-1,3522,3520,3479,-1,3479,3520,3518,-1,3479,3518,3481,-1,3481,3518,3516,-1,3481,3516,3483,-1,3483,3516,3515,-1,3483,3515,3485,-1,3485,3515,3487,-1,3492,3490,3509,-1,3509,3490,3488,-1,3509,3488,3511,-1,3511,3488,3487,-1,3511,3487,3513,-1,3513,3487,3515,-1,3528,3529,3530,-1,3530,3529,3531,-1,3530,3531,3532,-1,3532,3531,3533,-1,3532,3533,3534,-1,3534,3533,3535,-1,3534,3535,3536,-1,3536,3535,3537,-1,3536,3537,3538,-1,3538,3537,3539,-1,3540,3538,3541,-1,3541,3538,3539,-1,3542,3540,3543,-1,3543,3540,3541,-1,3544,3542,3545,-1,3545,3542,3543,-1,3544,3545,3546,-1,3544,3546,3547,-1,3547,3546,3548,-1,3547,3548,3549,-1,3549,3548,3550,-1,3549,3550,3551,-1,3551,3550,3552,-1,3551,3552,3553,-1,3553,3552,3554,-1,3553,3554,3555,-1,3556,3555,3557,-1,3557,3555,3554,-1,3556,3557,3558,-1,3558,3557,3559,-1,3558,3559,3560,-1,3560,3559,3561,-1,3560,3561,3562,-1,3562,3561,3563,-1,3562,3563,3564,-1,3564,3563,3565,-1,3564,3565,3566,-1,3566,3565,3567,-1,3568,3566,3569,-1,3569,3566,3567,-1,3570,3571,3572,-1,3572,3571,3573,-1,3570,3572,3574,-1,3570,3574,3575,-1,3575,3574,3576,-1,3575,3576,3577,-1,3577,3576,3578,-1,3577,3578,3579,-1,3579,3578,3580,-1,3579,3580,3581,-1,3581,3580,3582,-1,3581,3582,3583,-1,3528,3583,3529,-1,3529,3583,3582,-1,3570,3575,3562,-1,3540,3542,3538,-1,3538,3542,3544,-1,3568,3571,3566,-1,3566,3571,3570,-1,3566,3570,3564,-1,3564,3570,3562,-1,3549,3532,3547,-1,3547,3532,3534,-1,3547,3534,3544,-1,3544,3534,3536,-1,3544,3536,3538,-1,3549,3551,3532,-1,3532,3551,3553,-1,3532,3553,3530,-1,3530,3553,3555,-1,3530,3555,3528,-1,3528,3555,3583,-1,3575,3577,3562,-1,3562,3577,3579,-1,3562,3579,3560,-1,3560,3579,3581,-1,3560,3581,3558,-1,3558,3581,3583,-1,3558,3583,3556,-1,3556,3583,3555,-1,3545,3543,3541,-1,3572,3573,3569,-1,3541,3539,3545,-1,3545,3539,3537,-1,3545,3537,3546,-1,3546,3537,3535,-1,3546,3535,3548,-1,3548,3535,3533,-1,3578,3563,3580,-1,3580,3563,3561,-1,3580,3561,3582,-1,3569,3567,3572,-1,3572,3567,3565,-1,3572,3565,3574,-1,3574,3565,3563,-1,3574,3563,3576,-1,3576,3563,3578,-1,3554,3552,3533,-1,3533,3552,3550,-1,3533,3550,3548,-1,3533,3531,3554,-1,3554,3531,3529,-1,3554,3529,3557,-1,3557,3529,3582,-1,3557,3582,3559,-1,3559,3582,3561,-1,3584,3585,3586,-1,3586,3585,3587,-1,3584,3586,3588,-1,3588,3586,3589,-1,3588,3589,3590,-1,3590,3589,3591,-1,3590,3591,3592,-1,3592,3591,3593,-1,3592,3593,3594,-1,3594,3593,3595,-1,3594,3595,3596,-1,3596,3595,3597,-1,3598,3596,3599,-1,3599,3596,3597,-1,3598,3599,3600,-1,3598,3600,3601,-1,3601,3600,3602,-1,3601,3602,3603,-1,3603,3602,3604,-1,3603,3604,3605,-1,3605,3604,3606,-1,3605,3606,3607,-1,3607,3606,3608,-1,3607,3608,3609,-1,3610,3609,3611,-1,3611,3609,3608,-1,3612,3610,3613,-1,3613,3610,3611,-1,3614,3612,3615,-1,3615,3612,3613,-1,3614,3615,3616,-1,3616,3615,3617,-1,3616,3617,3618,-1,3618,3617,3619,-1,3618,3619,3620,-1,3620,3619,3621,-1,3620,3621,3622,-1,3622,3621,3623,-1,3622,3623,3624,-1,3624,3623,3625,-1,3626,3624,3627,-1,3627,3624,3625,-1,3626,3627,3628,-1,3626,3628,3629,-1,3629,3628,3630,-1,3629,3630,3631,-1,3631,3630,3632,-1,3631,3632,3633,-1,3633,3632,3634,-1,3633,3634,3635,-1,3635,3634,3636,-1,3635,3636,3637,-1,3638,3637,3639,-1,3639,3637,3636,-1,3637,3638,3585,-1,3609,3610,3612,-1,3612,3614,3609,-1,3609,3614,3616,-1,3609,3616,3607,-1,3607,3616,3618,-1,3607,3618,3605,-1,3605,3618,3620,-1,3598,3601,3620,-1,3620,3601,3603,-1,3620,3603,3605,-1,3585,3584,3637,-1,3637,3584,3588,-1,3637,3588,3635,-1,3635,3588,3590,-1,3635,3590,3633,-1,3633,3590,3631,-1,3631,3590,3629,-1,3629,3590,3592,-1,3629,3592,3626,-1,3592,3594,3626,-1,3626,3594,3596,-1,3626,3596,3624,-1,3624,3596,3598,-1,3624,3598,3622,-1,3622,3598,3620,-1,3636,3634,3591,-1,3587,3639,3586,-1,3586,3639,3636,-1,3586,3636,3589,-1,3589,3636,3591,-1,3604,3621,3606,-1,3606,3621,3619,-1,3606,3619,3608,-1,3613,3611,3615,-1,3615,3611,3608,-1,3615,3608,3617,-1,3617,3608,3619,-1,3634,3632,3591,-1,3591,3632,3630,-1,3591,3630,3593,-1,3593,3630,3628,-1,3593,3628,3595,-1,3595,3628,3627,-1,3595,3627,3597,-1,3597,3627,3599,-1,3604,3602,3621,-1,3621,3602,3600,-1,3621,3600,3623,-1,3623,3600,3599,-1,3623,3599,3625,-1,3625,3599,3627,-1,3640,3641,3642,-1,3642,3641,3643,-1,3642,3643,3644,-1,3644,3643,3645,-1,3644,3645,3646,-1,3646,3645,3647,-1,3646,3647,3648,-1,3648,3647,3649,-1,3648,3649,3650,-1,3650,3649,3651,-1,3652,3650,3653,-1,3653,3650,3651,-1,3654,3652,3655,-1,3655,3652,3653,-1,3656,3654,3657,-1,3657,3654,3655,-1,3656,3657,3658,-1,3656,3658,3659,-1,3659,3658,3660,-1,3659,3660,3661,-1,3661,3660,3662,-1,3661,3662,3663,-1,3663,3662,3664,-1,3663,3664,3665,-1,3665,3664,3666,-1,3665,3666,3667,-1,3668,3667,3669,-1,3669,3667,3666,-1,3668,3669,3670,-1,3670,3669,3671,-1,3670,3671,3672,-1,3672,3671,3673,-1,3672,3673,3674,-1,3674,3673,3675,-1,3674,3675,3676,-1,3676,3675,3677,-1,3676,3677,3678,-1,3678,3677,3679,-1,3680,3678,3681,-1,3681,3678,3679,-1,3682,3683,3684,-1,3684,3683,3685,-1,3682,3684,3686,-1,3682,3686,3687,-1,3687,3686,3688,-1,3687,3688,3689,-1,3689,3688,3690,-1,3689,3690,3691,-1,3691,3690,3692,-1,3691,3692,3693,-1,3693,3692,3694,-1,3693,3694,3695,-1,3640,3695,3641,-1,3641,3695,3694,-1,3682,3687,3674,-1,3652,3654,3650,-1,3650,3654,3656,-1,3680,3683,3678,-1,3678,3683,3682,-1,3678,3682,3676,-1,3676,3682,3674,-1,3661,3644,3659,-1,3659,3644,3646,-1,3659,3646,3656,-1,3656,3646,3648,-1,3656,3648,3650,-1,3661,3663,3644,-1,3644,3663,3665,-1,3644,3665,3642,-1,3642,3665,3667,-1,3642,3667,3640,-1,3640,3667,3695,-1,3687,3689,3674,-1,3674,3689,3691,-1,3674,3691,3672,-1,3672,3691,3693,-1,3672,3693,3670,-1,3670,3693,3695,-1,3670,3695,3668,-1,3668,3695,3667,-1,3657,3655,3653,-1,3684,3685,3681,-1,3653,3651,3657,-1,3657,3651,3649,-1,3657,3649,3658,-1,3658,3649,3647,-1,3658,3647,3660,-1,3660,3647,3645,-1,3690,3675,3692,-1,3692,3675,3673,-1,3692,3673,3694,-1,3681,3679,3684,-1,3684,3679,3677,-1,3684,3677,3686,-1,3686,3677,3675,-1,3686,3675,3688,-1,3688,3675,3690,-1,3666,3664,3645,-1,3645,3664,3662,-1,3645,3662,3660,-1,3645,3643,3666,-1,3666,3643,3641,-1,3666,3641,3669,-1,3669,3641,3694,-1,3669,3694,3671,-1,3671,3694,3673,-1,3696,3697,3698,-1,3698,3697,3699,-1,3696,3698,3700,-1,3700,3698,3701,-1,3700,3701,3702,-1,3702,3701,3703,-1,3702,3703,3704,-1,3704,3703,3705,-1,3704,3705,3706,-1,3706,3705,3707,-1,3706,3707,3708,-1,3708,3707,3709,-1,3710,3708,3711,-1,3711,3708,3709,-1,3710,3711,3712,-1,3710,3712,3713,-1,3713,3712,3714,-1,3713,3714,3715,-1,3715,3714,3716,-1,3715,3716,3717,-1,3717,3716,3718,-1,3717,3718,3719,-1,3719,3718,3720,-1,3719,3720,3721,-1,3722,3721,3723,-1,3723,3721,3720,-1,3724,3722,3725,-1,3725,3722,3723,-1,3726,3724,3727,-1,3727,3724,3725,-1,3726,3727,3728,-1,3728,3727,3729,-1,3728,3729,3730,-1,3730,3729,3731,-1,3730,3731,3732,-1,3732,3731,3733,-1,3732,3733,3734,-1,3734,3733,3735,-1,3734,3735,3736,-1,3736,3735,3737,-1,3738,3736,3739,-1,3739,3736,3737,-1,3738,3739,3740,-1,3738,3740,3741,-1,3741,3740,3742,-1,3741,3742,3743,-1,3743,3742,3744,-1,3743,3744,3745,-1,3745,3744,3746,-1,3745,3746,3747,-1,3747,3746,3748,-1,3747,3748,3749,-1,3750,3749,3751,-1,3751,3749,3748,-1,3749,3750,3697,-1,3721,3722,3724,-1,3724,3726,3721,-1,3721,3726,3728,-1,3721,3728,3719,-1,3719,3728,3730,-1,3719,3730,3717,-1,3717,3730,3732,-1,3710,3713,3732,-1,3732,3713,3715,-1,3732,3715,3717,-1,3697,3696,3749,-1,3749,3696,3700,-1,3749,3700,3747,-1,3747,3700,3702,-1,3747,3702,3745,-1,3745,3702,3743,-1,3743,3702,3741,-1,3741,3702,3704,-1,3741,3704,3738,-1,3704,3706,3738,-1,3738,3706,3708,-1,3738,3708,3736,-1,3736,3708,3710,-1,3736,3710,3734,-1,3734,3710,3732,-1,3748,3746,3703,-1,3699,3751,3698,-1,3698,3751,3748,-1,3698,3748,3701,-1,3701,3748,3703,-1,3716,3733,3718,-1,3718,3733,3731,-1,3718,3731,3720,-1,3725,3723,3727,-1,3727,3723,3720,-1,3727,3720,3729,-1,3729,3720,3731,-1,3746,3744,3703,-1,3703,3744,3742,-1,3703,3742,3705,-1,3705,3742,3740,-1,3705,3740,3707,-1,3707,3740,3739,-1,3707,3739,3709,-1,3709,3739,3711,-1,3716,3714,3733,-1,3733,3714,3712,-1,3733,3712,3735,-1,3735,3712,3711,-1,3735,3711,3737,-1,3737,3711,3739,-1,3752,3753,3754,-1,3754,3753,3755,-1,3754,3755,3756,-1,3756,3755,3757,-1,3756,3757,3758,-1,3758,3757,3759,-1,3758,3759,3760,-1,3760,3759,3761,-1,3760,3761,3762,-1,3762,3761,3763,-1,3764,3762,3765,-1,3765,3762,3763,-1,3766,3764,3767,-1,3767,3764,3765,-1,3768,3766,3769,-1,3769,3766,3767,-1,3768,3769,3770,-1,3768,3770,3771,-1,3771,3770,3772,-1,3771,3772,3773,-1,3773,3772,3774,-1,3773,3774,3775,-1,3775,3774,3776,-1,3775,3776,3777,-1,3777,3776,3778,-1,3777,3778,3779,-1,3780,3779,3781,-1,3781,3779,3778,-1,3780,3781,3782,-1,3782,3781,3783,-1,3782,3783,3784,-1,3784,3783,3785,-1,3784,3785,3786,-1,3786,3785,3787,-1,3786,3787,3788,-1,3788,3787,3789,-1,3788,3789,3790,-1,3790,3789,3791,-1,3792,3790,3793,-1,3793,3790,3791,-1,3794,3795,3796,-1,3796,3795,3797,-1,3794,3796,3798,-1,3794,3798,3799,-1,3799,3798,3800,-1,3799,3800,3801,-1,3801,3800,3802,-1,3801,3802,3803,-1,3803,3802,3804,-1,3803,3804,3805,-1,3805,3804,3806,-1,3805,3806,3807,-1,3752,3807,3753,-1,3753,3807,3806,-1,3794,3799,3786,-1,3764,3766,3762,-1,3762,3766,3768,-1,3792,3795,3790,-1,3790,3795,3794,-1,3790,3794,3788,-1,3788,3794,3786,-1,3773,3756,3771,-1,3771,3756,3758,-1,3771,3758,3768,-1,3768,3758,3760,-1,3768,3760,3762,-1,3773,3775,3756,-1,3756,3775,3777,-1,3756,3777,3754,-1,3754,3777,3779,-1,3754,3779,3752,-1,3752,3779,3807,-1,3799,3801,3786,-1,3786,3801,3803,-1,3786,3803,3784,-1,3784,3803,3805,-1,3784,3805,3782,-1,3782,3805,3807,-1,3782,3807,3780,-1,3780,3807,3779,-1,3769,3767,3765,-1,3796,3797,3793,-1,3765,3763,3769,-1,3769,3763,3761,-1,3769,3761,3770,-1,3770,3761,3759,-1,3770,3759,3772,-1,3772,3759,3757,-1,3802,3787,3804,-1,3804,3787,3785,-1,3804,3785,3806,-1,3793,3791,3796,-1,3796,3791,3789,-1,3796,3789,3798,-1,3798,3789,3787,-1,3798,3787,3800,-1,3800,3787,3802,-1,3778,3776,3757,-1,3757,3776,3774,-1,3757,3774,3772,-1,3757,3755,3778,-1,3778,3755,3753,-1,3778,3753,3781,-1,3781,3753,3806,-1,3781,3806,3783,-1,3783,3806,3785,-1,3808,3809,3810,-1,3810,3809,3811,-1,3808,3810,3812,-1,3812,3810,3813,-1,3812,3813,3814,-1,3814,3813,3815,-1,3814,3815,3816,-1,3816,3815,3817,-1,3816,3817,3818,-1,3818,3817,3819,-1,3818,3819,3820,-1,3820,3819,3821,-1,3822,3820,3823,-1,3823,3820,3821,-1,3822,3823,3824,-1,3822,3824,3825,-1,3825,3824,3826,-1,3825,3826,3827,-1,3827,3826,3828,-1,3827,3828,3829,-1,3829,3828,3830,-1,3829,3830,3831,-1,3831,3830,3832,-1,3831,3832,3833,-1,3834,3833,3835,-1,3835,3833,3832,-1,3836,3834,3837,-1,3837,3834,3835,-1,3838,3836,3839,-1,3839,3836,3837,-1,3838,3839,3840,-1,3840,3839,3841,-1,3840,3841,3842,-1,3842,3841,3843,-1,3842,3843,3844,-1,3844,3843,3845,-1,3844,3845,3846,-1,3846,3845,3847,-1,3846,3847,3848,-1,3848,3847,3849,-1,3850,3848,3851,-1,3851,3848,3849,-1,3850,3851,3852,-1,3850,3852,3853,-1,3853,3852,3854,-1,3853,3854,3855,-1,3855,3854,3856,-1,3855,3856,3857,-1,3857,3856,3858,-1,3857,3858,3859,-1,3859,3858,3860,-1,3859,3860,3861,-1,3862,3861,3863,-1,3863,3861,3860,-1,3861,3862,3809,-1,3833,3834,3836,-1,3836,3838,3833,-1,3833,3838,3840,-1,3833,3840,3831,-1,3831,3840,3842,-1,3831,3842,3829,-1,3829,3842,3844,-1,3822,3825,3844,-1,3844,3825,3827,-1,3844,3827,3829,-1,3809,3808,3861,-1,3861,3808,3812,-1,3861,3812,3859,-1,3859,3812,3814,-1,3859,3814,3857,-1,3857,3814,3855,-1,3855,3814,3853,-1,3853,3814,3816,-1,3853,3816,3850,-1,3816,3818,3850,-1,3850,3818,3820,-1,3850,3820,3848,-1,3848,3820,3822,-1,3848,3822,3846,-1,3846,3822,3844,-1,3860,3858,3815,-1,3811,3863,3810,-1,3810,3863,3860,-1,3810,3860,3813,-1,3813,3860,3815,-1,3828,3845,3830,-1,3830,3845,3843,-1,3830,3843,3832,-1,3837,3835,3839,-1,3839,3835,3832,-1,3839,3832,3841,-1,3841,3832,3843,-1,3858,3856,3815,-1,3815,3856,3854,-1,3815,3854,3817,-1,3817,3854,3852,-1,3817,3852,3819,-1,3819,3852,3851,-1,3819,3851,3821,-1,3821,3851,3823,-1,3828,3826,3845,-1,3845,3826,3824,-1,3845,3824,3847,-1,3847,3824,3823,-1,3847,3823,3849,-1,3849,3823,3851,-1,3864,3865,3866,-1,3866,3865,3867,-1,3866,3867,3868,-1,3868,3867,3869,-1,3868,3869,3870,-1,3870,3869,3871,-1,3870,3871,3872,-1,3872,3871,3873,-1,3872,3873,3874,-1,3874,3873,3875,-1,3876,3874,3877,-1,3877,3874,3875,-1,3878,3876,3879,-1,3879,3876,3877,-1,3880,3878,3881,-1,3881,3878,3879,-1,3880,3881,3882,-1,3880,3882,3883,-1,3883,3882,3884,-1,3883,3884,3885,-1,3885,3884,3886,-1,3885,3886,3887,-1,3887,3886,3888,-1,3887,3888,3889,-1,3889,3888,3890,-1,3889,3890,3891,-1,3892,3891,3893,-1,3893,3891,3890,-1,3892,3893,3894,-1,3894,3893,3895,-1,3894,3895,3896,-1,3896,3895,3897,-1,3896,3897,3898,-1,3898,3897,3899,-1,3898,3899,3900,-1,3900,3899,3901,-1,3900,3901,3902,-1,3902,3901,3903,-1,3904,3902,3905,-1,3905,3902,3903,-1,3906,3907,3908,-1,3908,3907,3909,-1,3906,3908,3910,-1,3906,3910,3911,-1,3911,3910,3912,-1,3911,3912,3913,-1,3913,3912,3914,-1,3913,3914,3915,-1,3915,3914,3916,-1,3915,3916,3917,-1,3917,3916,3918,-1,3917,3918,3919,-1,3864,3919,3865,-1,3865,3919,3918,-1,3906,3911,3898,-1,3876,3878,3874,-1,3874,3878,3880,-1,3904,3907,3902,-1,3902,3907,3906,-1,3902,3906,3900,-1,3900,3906,3898,-1,3885,3868,3883,-1,3883,3868,3870,-1,3883,3870,3880,-1,3880,3870,3872,-1,3880,3872,3874,-1,3885,3887,3868,-1,3868,3887,3889,-1,3868,3889,3866,-1,3866,3889,3891,-1,3866,3891,3864,-1,3864,3891,3919,-1,3911,3913,3898,-1,3898,3913,3915,-1,3898,3915,3896,-1,3896,3915,3917,-1,3896,3917,3894,-1,3894,3917,3919,-1,3894,3919,3892,-1,3892,3919,3891,-1,3881,3879,3877,-1,3908,3909,3905,-1,3877,3875,3881,-1,3881,3875,3873,-1,3881,3873,3882,-1,3882,3873,3871,-1,3882,3871,3884,-1,3884,3871,3869,-1,3914,3899,3916,-1,3916,3899,3897,-1,3916,3897,3918,-1,3905,3903,3908,-1,3908,3903,3901,-1,3908,3901,3910,-1,3910,3901,3899,-1,3910,3899,3912,-1,3912,3899,3914,-1,3890,3888,3869,-1,3869,3888,3886,-1,3869,3886,3884,-1,3869,3867,3890,-1,3890,3867,3865,-1,3890,3865,3893,-1,3893,3865,3918,-1,3893,3918,3895,-1,3895,3918,3897,-1,3920,3921,3922,-1,3922,3921,3923,-1,3920,3922,3924,-1,3924,3922,3925,-1,3924,3925,3926,-1,3926,3925,3927,-1,3926,3927,3928,-1,3928,3927,3929,-1,3928,3929,3930,-1,3930,3929,3931,-1,3930,3931,3932,-1,3932,3931,3933,-1,3934,3932,3935,-1,3935,3932,3933,-1,3934,3935,3936,-1,3934,3936,3937,-1,3937,3936,3938,-1,3937,3938,3939,-1,3939,3938,3940,-1,3939,3940,3941,-1,3941,3940,3942,-1,3941,3942,3943,-1,3943,3942,3944,-1,3943,3944,3945,-1,3946,3945,3947,-1,3947,3945,3944,-1,3948,3946,3949,-1,3949,3946,3947,-1,3950,3948,3951,-1,3951,3948,3949,-1,3950,3951,3952,-1,3952,3951,3953,-1,3952,3953,3954,-1,3954,3953,3955,-1,3954,3955,3956,-1,3956,3955,3957,-1,3956,3957,3958,-1,3958,3957,3959,-1,3958,3959,3960,-1,3960,3959,3961,-1,3962,3960,3963,-1,3963,3960,3961,-1,3962,3963,3964,-1,3962,3964,3965,-1,3965,3964,3966,-1,3965,3966,3967,-1,3967,3966,3968,-1,3967,3968,3969,-1,3969,3968,3970,-1,3969,3970,3971,-1,3971,3970,3972,-1,3971,3972,3973,-1,3974,3973,3975,-1,3975,3973,3972,-1,3973,3974,3921,-1,3945,3946,3948,-1,3948,3950,3945,-1,3945,3950,3952,-1,3945,3952,3943,-1,3943,3952,3954,-1,3943,3954,3941,-1,3941,3954,3956,-1,3934,3937,3956,-1,3956,3937,3939,-1,3956,3939,3941,-1,3921,3920,3973,-1,3973,3920,3924,-1,3973,3924,3971,-1,3971,3924,3926,-1,3971,3926,3969,-1,3969,3926,3967,-1,3967,3926,3965,-1,3965,3926,3928,-1,3965,3928,3962,-1,3928,3930,3962,-1,3962,3930,3932,-1,3962,3932,3960,-1,3960,3932,3934,-1,3960,3934,3958,-1,3958,3934,3956,-1,3972,3970,3927,-1,3923,3975,3922,-1,3922,3975,3972,-1,3922,3972,3925,-1,3925,3972,3927,-1,3940,3957,3942,-1,3942,3957,3955,-1,3942,3955,3944,-1,3949,3947,3951,-1,3951,3947,3944,-1,3951,3944,3953,-1,3953,3944,3955,-1,3970,3968,3927,-1,3927,3968,3966,-1,3927,3966,3929,-1,3929,3966,3964,-1,3929,3964,3931,-1,3931,3964,3963,-1,3931,3963,3933,-1,3933,3963,3935,-1,3940,3938,3957,-1,3957,3938,3936,-1,3957,3936,3959,-1,3959,3936,3935,-1,3959,3935,3961,-1,3961,3935,3963,-1,3976,3977,3978,-1,3978,3977,3979,-1,3978,3979,3980,-1,3980,3979,3981,-1,3980,3981,3982,-1,3982,3981,3983,-1,3982,3983,3984,-1,3984,3983,3985,-1,3984,3985,3986,-1,3986,3985,3987,-1,3988,3986,3989,-1,3989,3986,3987,-1,3990,3988,3991,-1,3991,3988,3989,-1,3992,3990,3993,-1,3993,3990,3991,-1,3992,3993,3994,-1,3992,3994,3995,-1,3995,3994,3996,-1,3995,3996,3997,-1,3997,3996,3998,-1,3997,3998,3999,-1,3999,3998,4000,-1,3999,4000,4001,-1,4001,4000,4002,-1,4001,4002,4003,-1,4004,4003,4005,-1,4005,4003,4002,-1,4004,4005,4006,-1,4006,4005,4007,-1,4006,4007,4008,-1,4008,4007,4009,-1,4008,4009,4010,-1,4010,4009,4011,-1,4010,4011,4012,-1,4012,4011,4013,-1,4012,4013,4014,-1,4014,4013,4015,-1,4016,4014,4017,-1,4017,4014,4015,-1,4018,4019,4020,-1,4020,4019,4021,-1,4018,4020,4022,-1,4018,4022,4023,-1,4023,4022,4024,-1,4023,4024,4025,-1,4025,4024,4026,-1,4025,4026,4027,-1,4027,4026,4028,-1,4027,4028,4029,-1,4029,4028,4030,-1,4029,4030,4031,-1,3976,4031,3977,-1,3977,4031,4030,-1,4018,4023,4010,-1,3988,3990,3986,-1,3986,3990,3992,-1,4016,4019,4014,-1,4014,4019,4018,-1,4014,4018,4012,-1,4012,4018,4010,-1,3997,3980,3995,-1,3995,3980,3982,-1,3995,3982,3992,-1,3992,3982,3984,-1,3992,3984,3986,-1,3997,3999,3980,-1,3980,3999,4001,-1,3980,4001,3978,-1,3978,4001,4003,-1,3978,4003,3976,-1,3976,4003,4031,-1,4023,4025,4010,-1,4010,4025,4027,-1,4010,4027,4008,-1,4008,4027,4029,-1,4008,4029,4006,-1,4006,4029,4031,-1,4006,4031,4004,-1,4004,4031,4003,-1,3993,3991,3989,-1,4020,4021,4017,-1,3989,3987,3993,-1,3993,3987,3985,-1,3993,3985,3994,-1,3994,3985,3983,-1,3994,3983,3996,-1,3996,3983,3981,-1,4026,4011,4028,-1,4028,4011,4009,-1,4028,4009,4030,-1,4017,4015,4020,-1,4020,4015,4013,-1,4020,4013,4022,-1,4022,4013,4011,-1,4022,4011,4024,-1,4024,4011,4026,-1,4002,4000,3981,-1,3981,4000,3998,-1,3981,3998,3996,-1,3981,3979,4002,-1,4002,3979,3977,-1,4002,3977,4005,-1,4005,3977,4030,-1,4005,4030,4007,-1,4007,4030,4009,-1,4032,4033,4034,-1,4034,4033,4035,-1,4032,4034,4036,-1,4036,4034,4037,-1,4036,4037,4038,-1,4038,4037,4039,-1,4038,4039,4040,-1,4040,4039,4041,-1,4040,4041,4042,-1,4042,4041,4043,-1,4042,4043,4044,-1,4044,4043,4045,-1,4046,4044,4047,-1,4047,4044,4045,-1,4046,4047,4048,-1,4046,4048,4049,-1,4049,4048,4050,-1,4049,4050,4051,-1,4051,4050,4052,-1,4051,4052,4053,-1,4053,4052,4054,-1,4053,4054,4055,-1,4055,4054,4056,-1,4055,4056,4057,-1,4058,4057,4059,-1,4059,4057,4056,-1,4060,4058,4061,-1,4061,4058,4059,-1,4062,4060,4063,-1,4063,4060,4061,-1,4062,4063,4064,-1,4064,4063,4065,-1,4064,4065,4066,-1,4066,4065,4067,-1,4066,4067,4068,-1,4068,4067,4069,-1,4068,4069,4070,-1,4070,4069,4071,-1,4070,4071,4072,-1,4072,4071,4073,-1,4074,4072,4075,-1,4075,4072,4073,-1,4074,4075,4076,-1,4074,4076,4077,-1,4077,4076,4078,-1,4077,4078,4079,-1,4079,4078,4080,-1,4079,4080,4081,-1,4081,4080,4082,-1,4081,4082,4083,-1,4083,4082,4084,-1,4083,4084,4085,-1,4086,4085,4087,-1,4087,4085,4084,-1,4085,4086,4033,-1,4057,4058,4060,-1,4060,4062,4057,-1,4057,4062,4064,-1,4057,4064,4055,-1,4055,4064,4066,-1,4055,4066,4053,-1,4053,4066,4068,-1,4046,4049,4068,-1,4068,4049,4051,-1,4068,4051,4053,-1,4033,4032,4085,-1,4085,4032,4036,-1,4085,4036,4083,-1,4083,4036,4038,-1,4083,4038,4081,-1,4081,4038,4079,-1,4079,4038,4077,-1,4077,4038,4040,-1,4077,4040,4074,-1,4040,4042,4074,-1,4074,4042,4044,-1,4074,4044,4072,-1,4072,4044,4046,-1,4072,4046,4070,-1,4070,4046,4068,-1,4084,4082,4039,-1,4035,4087,4034,-1,4034,4087,4084,-1,4034,4084,4037,-1,4037,4084,4039,-1,4052,4069,4054,-1,4054,4069,4067,-1,4054,4067,4056,-1,4061,4059,4063,-1,4063,4059,4056,-1,4063,4056,4065,-1,4065,4056,4067,-1,4082,4080,4039,-1,4039,4080,4078,-1,4039,4078,4041,-1,4041,4078,4076,-1,4041,4076,4043,-1,4043,4076,4075,-1,4043,4075,4045,-1,4045,4075,4047,-1,4052,4050,4069,-1,4069,4050,4048,-1,4069,4048,4071,-1,4071,4048,4047,-1,4071,4047,4073,-1,4073,4047,4075,-1,4088,4089,4090,-1,4090,4089,4091,-1,4090,4091,4092,-1,4092,4091,4093,-1,4092,4093,4094,-1,4094,4093,4095,-1,4094,4095,4096,-1,4096,4095,4097,-1,4096,4097,4098,-1,4098,4097,4099,-1,4100,4098,4101,-1,4101,4098,4099,-1,4102,4100,4103,-1,4103,4100,4101,-1,4104,4102,4105,-1,4105,4102,4103,-1,4104,4105,4106,-1,4104,4106,4107,-1,4107,4106,4108,-1,4107,4108,4109,-1,4109,4108,4110,-1,4109,4110,4111,-1,4111,4110,4112,-1,4111,4112,4113,-1,4113,4112,4114,-1,4113,4114,4115,-1,4116,4115,4117,-1,4117,4115,4114,-1,4116,4117,4118,-1,4118,4117,4119,-1,4118,4119,4120,-1,4120,4119,4121,-1,4120,4121,4122,-1,4122,4121,4123,-1,4122,4123,4124,-1,4124,4123,4125,-1,4124,4125,4126,-1,4126,4125,4127,-1,4128,4126,4129,-1,4129,4126,4127,-1,4130,4131,4132,-1,4132,4131,4133,-1,4130,4132,4134,-1,4130,4134,4135,-1,4135,4134,4136,-1,4135,4136,4137,-1,4137,4136,4138,-1,4137,4138,4139,-1,4139,4138,4140,-1,4139,4140,4141,-1,4141,4140,4142,-1,4141,4142,4143,-1,4088,4143,4089,-1,4089,4143,4142,-1,4130,4135,4122,-1,4100,4102,4098,-1,4098,4102,4104,-1,4128,4131,4126,-1,4126,4131,4130,-1,4126,4130,4124,-1,4124,4130,4122,-1,4109,4092,4107,-1,4107,4092,4094,-1,4107,4094,4104,-1,4104,4094,4096,-1,4104,4096,4098,-1,4109,4111,4092,-1,4092,4111,4113,-1,4092,4113,4090,-1,4090,4113,4115,-1,4090,4115,4088,-1,4088,4115,4143,-1,4135,4137,4122,-1,4122,4137,4139,-1,4122,4139,4120,-1,4120,4139,4141,-1,4120,4141,4118,-1,4118,4141,4143,-1,4118,4143,4116,-1,4116,4143,4115,-1,4105,4103,4101,-1,4132,4133,4129,-1,4101,4099,4105,-1,4105,4099,4097,-1,4105,4097,4106,-1,4106,4097,4095,-1,4106,4095,4108,-1,4108,4095,4093,-1,4138,4123,4140,-1,4140,4123,4121,-1,4140,4121,4142,-1,4129,4127,4132,-1,4132,4127,4125,-1,4132,4125,4134,-1,4134,4125,4123,-1,4134,4123,4136,-1,4136,4123,4138,-1,4114,4112,4093,-1,4093,4112,4110,-1,4093,4110,4108,-1,4093,4091,4114,-1,4114,4091,4089,-1,4114,4089,4117,-1,4117,4089,4142,-1,4117,4142,4119,-1,4119,4142,4121,-1,4144,4145,4146,-1,4146,4145,4147,-1,4144,4146,4148,-1,4148,4146,4149,-1,4148,4149,4150,-1,4150,4149,4151,-1,4150,4151,4152,-1,4152,4151,4153,-1,4152,4153,4154,-1,4154,4153,4155,-1,4154,4155,4156,-1,4156,4155,4157,-1,4158,4156,4159,-1,4159,4156,4157,-1,4158,4159,4160,-1,4158,4160,4161,-1,4161,4160,4162,-1,4161,4162,4163,-1,4163,4162,4164,-1,4163,4164,4165,-1,4165,4164,4166,-1,4165,4166,4167,-1,4167,4166,4168,-1,4167,4168,4169,-1,4170,4169,4171,-1,4171,4169,4168,-1,4172,4170,4173,-1,4173,4170,4171,-1,4174,4172,4175,-1,4175,4172,4173,-1,4174,4175,4176,-1,4176,4175,4177,-1,4176,4177,4178,-1,4178,4177,4179,-1,4178,4179,4180,-1,4180,4179,4181,-1,4180,4181,4182,-1,4182,4181,4183,-1,4182,4183,4184,-1,4184,4183,4185,-1,4186,4184,4187,-1,4187,4184,4185,-1,4186,4187,4188,-1,4186,4188,4189,-1,4189,4188,4190,-1,4189,4190,4191,-1,4191,4190,4192,-1,4191,4192,4193,-1,4193,4192,4194,-1,4193,4194,4195,-1,4195,4194,4196,-1,4195,4196,4197,-1,4198,4197,4199,-1,4199,4197,4196,-1,4197,4198,4145,-1,4169,4170,4172,-1,4172,4174,4169,-1,4169,4174,4176,-1,4169,4176,4167,-1,4167,4176,4178,-1,4167,4178,4165,-1,4165,4178,4180,-1,4158,4161,4180,-1,4180,4161,4163,-1,4180,4163,4165,-1,4145,4144,4197,-1,4197,4144,4148,-1,4197,4148,4195,-1,4195,4148,4150,-1,4195,4150,4193,-1,4193,4150,4191,-1,4191,4150,4189,-1,4189,4150,4152,-1,4189,4152,4186,-1,4152,4154,4186,-1,4186,4154,4156,-1,4186,4156,4184,-1,4184,4156,4158,-1,4184,4158,4182,-1,4182,4158,4180,-1,4196,4194,4151,-1,4147,4199,4146,-1,4146,4199,4196,-1,4146,4196,4149,-1,4149,4196,4151,-1,4164,4181,4166,-1,4166,4181,4179,-1,4166,4179,4168,-1,4173,4171,4175,-1,4175,4171,4168,-1,4175,4168,4177,-1,4177,4168,4179,-1,4194,4192,4151,-1,4151,4192,4190,-1,4151,4190,4153,-1,4153,4190,4188,-1,4153,4188,4155,-1,4155,4188,4187,-1,4155,4187,4157,-1,4157,4187,4159,-1,4164,4162,4181,-1,4181,4162,4160,-1,4181,4160,4183,-1,4183,4160,4159,-1,4183,4159,4185,-1,4185,4159,4187,-1,4200,4201,4202,-1,4202,4201,4203,-1,4202,4203,4204,-1,4204,4203,4205,-1,4204,4205,4206,-1,4206,4205,4207,-1,4206,4207,4208,-1,4208,4207,4209,-1,4208,4209,4210,-1,4210,4209,4211,-1,4212,4210,4213,-1,4213,4210,4211,-1,4214,4212,4215,-1,4215,4212,4213,-1,4216,4214,4217,-1,4217,4214,4215,-1,4216,4217,4218,-1,4216,4218,4219,-1,4219,4218,4220,-1,4219,4220,4221,-1,4221,4220,4222,-1,4221,4222,4223,-1,4223,4222,4224,-1,4223,4224,4225,-1,4225,4224,4226,-1,4225,4226,4227,-1,4228,4227,4229,-1,4229,4227,4226,-1,4228,4229,4230,-1,4230,4229,4231,-1,4230,4231,4232,-1,4232,4231,4233,-1,4232,4233,4234,-1,4234,4233,4235,-1,4234,4235,4236,-1,4236,4235,4237,-1,4236,4237,4238,-1,4238,4237,4239,-1,4240,4238,4241,-1,4241,4238,4239,-1,4242,4243,4244,-1,4244,4243,4245,-1,4242,4244,4246,-1,4242,4246,4247,-1,4247,4246,4248,-1,4247,4248,4249,-1,4249,4248,4250,-1,4249,4250,4251,-1,4251,4250,4252,-1,4251,4252,4253,-1,4253,4252,4254,-1,4253,4254,4255,-1,4200,4255,4201,-1,4201,4255,4254,-1,4242,4247,4234,-1,4212,4214,4210,-1,4210,4214,4216,-1,4240,4243,4238,-1,4238,4243,4242,-1,4238,4242,4236,-1,4236,4242,4234,-1,4221,4204,4219,-1,4219,4204,4206,-1,4219,4206,4216,-1,4216,4206,4208,-1,4216,4208,4210,-1,4221,4223,4204,-1,4204,4223,4225,-1,4204,4225,4202,-1,4202,4225,4227,-1,4202,4227,4200,-1,4200,4227,4255,-1,4247,4249,4234,-1,4234,4249,4251,-1,4234,4251,4232,-1,4232,4251,4253,-1,4232,4253,4230,-1,4230,4253,4255,-1,4230,4255,4228,-1,4228,4255,4227,-1,4217,4215,4213,-1,4244,4245,4241,-1,4213,4211,4217,-1,4217,4211,4209,-1,4217,4209,4218,-1,4218,4209,4207,-1,4218,4207,4220,-1,4220,4207,4205,-1,4250,4235,4252,-1,4252,4235,4233,-1,4252,4233,4254,-1,4241,4239,4244,-1,4244,4239,4237,-1,4244,4237,4246,-1,4246,4237,4235,-1,4246,4235,4248,-1,4248,4235,4250,-1,4226,4224,4205,-1,4205,4224,4222,-1,4205,4222,4220,-1,4205,4203,4226,-1,4226,4203,4201,-1,4226,4201,4229,-1,4229,4201,4254,-1,4229,4254,4231,-1,4231,4254,4233,-1,4256,4257,4258,-1,4258,4257,4259,-1,4256,4258,4260,-1,4260,4258,4261,-1,4260,4261,4262,-1,4262,4261,4263,-1,4262,4263,4264,-1,4264,4263,4265,-1,4264,4265,4266,-1,4266,4265,4267,-1,4266,4267,4268,-1,4268,4267,4269,-1,4270,4268,4271,-1,4271,4268,4269,-1,4270,4271,4272,-1,4270,4272,4273,-1,4273,4272,4274,-1,4273,4274,4275,-1,4275,4274,4276,-1,4275,4276,4277,-1,4277,4276,4278,-1,4277,4278,4279,-1,4279,4278,4280,-1,4279,4280,4281,-1,4282,4281,4283,-1,4283,4281,4280,-1,4284,4282,4285,-1,4285,4282,4283,-1,4286,4284,4287,-1,4287,4284,4285,-1,4286,4287,4288,-1,4288,4287,4289,-1,4288,4289,4290,-1,4290,4289,4291,-1,4290,4291,4292,-1,4292,4291,4293,-1,4292,4293,4294,-1,4294,4293,4295,-1,4294,4295,4296,-1,4296,4295,4297,-1,4298,4296,4299,-1,4299,4296,4297,-1,4298,4299,4300,-1,4298,4300,4301,-1,4301,4300,4302,-1,4301,4302,4303,-1,4303,4302,4304,-1,4303,4304,4305,-1,4305,4304,4306,-1,4305,4306,4307,-1,4307,4306,4308,-1,4307,4308,4309,-1,4310,4309,4311,-1,4311,4309,4308,-1,4309,4310,4257,-1,4281,4282,4284,-1,4284,4286,4281,-1,4281,4286,4288,-1,4281,4288,4279,-1,4279,4288,4290,-1,4279,4290,4277,-1,4277,4290,4292,-1,4270,4273,4292,-1,4292,4273,4275,-1,4292,4275,4277,-1,4257,4256,4309,-1,4309,4256,4260,-1,4309,4260,4307,-1,4307,4260,4262,-1,4307,4262,4305,-1,4305,4262,4303,-1,4303,4262,4301,-1,4301,4262,4264,-1,4301,4264,4298,-1,4264,4266,4298,-1,4298,4266,4268,-1,4298,4268,4296,-1,4296,4268,4270,-1,4296,4270,4294,-1,4294,4270,4292,-1,4308,4306,4263,-1,4259,4311,4258,-1,4258,4311,4308,-1,4258,4308,4261,-1,4261,4308,4263,-1,4276,4293,4278,-1,4278,4293,4291,-1,4278,4291,4280,-1,4285,4283,4287,-1,4287,4283,4280,-1,4287,4280,4289,-1,4289,4280,4291,-1,4306,4304,4263,-1,4263,4304,4302,-1,4263,4302,4265,-1,4265,4302,4300,-1,4265,4300,4267,-1,4267,4300,4299,-1,4267,4299,4269,-1,4269,4299,4271,-1,4276,4274,4293,-1,4293,4274,4272,-1,4293,4272,4295,-1,4295,4272,4271,-1,4295,4271,4297,-1,4297,4271,4299,-1,4312,4313,4314,-1,4314,4313,4315,-1,4314,4315,4316,-1,4316,4315,4317,-1,4316,4317,4318,-1,4318,4317,4319,-1,4318,4319,4320,-1,4320,4319,4321,-1,4320,4321,4322,-1,4322,4321,4323,-1,4324,4322,4325,-1,4325,4322,4323,-1,4326,4324,4327,-1,4327,4324,4325,-1,4328,4326,4329,-1,4329,4326,4327,-1,4328,4329,4330,-1,4328,4330,4331,-1,4331,4330,4332,-1,4331,4332,4333,-1,4333,4332,4334,-1,4333,4334,4335,-1,4335,4334,4336,-1,4335,4336,4337,-1,4337,4336,4338,-1,4337,4338,4339,-1,4340,4339,4341,-1,4341,4339,4338,-1,4340,4341,4342,-1,4342,4341,4343,-1,4342,4343,4344,-1,4344,4343,4345,-1,4344,4345,4346,-1,4346,4345,4347,-1,4346,4347,4348,-1,4348,4347,4349,-1,4348,4349,4350,-1,4350,4349,4351,-1,4352,4350,4353,-1,4353,4350,4351,-1,4354,4355,4356,-1,4356,4355,4357,-1,4354,4356,4358,-1,4354,4358,4359,-1,4359,4358,4360,-1,4359,4360,4361,-1,4361,4360,4362,-1,4361,4362,4363,-1,4363,4362,4364,-1,4363,4364,4365,-1,4365,4364,4366,-1,4365,4366,4367,-1,4312,4367,4313,-1,4313,4367,4366,-1,4354,4359,4346,-1,4324,4326,4322,-1,4322,4326,4328,-1,4352,4355,4350,-1,4350,4355,4354,-1,4350,4354,4348,-1,4348,4354,4346,-1,4333,4316,4331,-1,4331,4316,4318,-1,4331,4318,4328,-1,4328,4318,4320,-1,4328,4320,4322,-1,4333,4335,4316,-1,4316,4335,4337,-1,4316,4337,4314,-1,4314,4337,4339,-1,4314,4339,4312,-1,4312,4339,4367,-1,4359,4361,4346,-1,4346,4361,4363,-1,4346,4363,4344,-1,4344,4363,4365,-1,4344,4365,4342,-1,4342,4365,4367,-1,4342,4367,4340,-1,4340,4367,4339,-1,4329,4327,4325,-1,4356,4357,4353,-1,4325,4323,4329,-1,4329,4323,4321,-1,4329,4321,4330,-1,4330,4321,4319,-1,4330,4319,4332,-1,4332,4319,4317,-1,4362,4347,4364,-1,4364,4347,4345,-1,4364,4345,4366,-1,4353,4351,4356,-1,4356,4351,4349,-1,4356,4349,4358,-1,4358,4349,4347,-1,4358,4347,4360,-1,4360,4347,4362,-1,4338,4336,4317,-1,4317,4336,4334,-1,4317,4334,4332,-1,4317,4315,4338,-1,4338,4315,4313,-1,4338,4313,4341,-1,4341,4313,4366,-1,4341,4366,4343,-1,4343,4366,4345,-1,4368,4369,4370,-1,4370,4369,4371,-1,4368,4370,4372,-1,4372,4370,4373,-1,4372,4373,4374,-1,4374,4373,4375,-1,4374,4375,4376,-1,4376,4375,4377,-1,4376,4377,4378,-1,4378,4377,4379,-1,4378,4379,4380,-1,4380,4379,4381,-1,4382,4380,4383,-1,4383,4380,4381,-1,4382,4383,4384,-1,4382,4384,4385,-1,4385,4384,4386,-1,4385,4386,4387,-1,4387,4386,4388,-1,4387,4388,4389,-1,4389,4388,4390,-1,4389,4390,4391,-1,4391,4390,4392,-1,4391,4392,4393,-1,4394,4393,4395,-1,4395,4393,4392,-1,4396,4394,4397,-1,4397,4394,4395,-1,4398,4396,4399,-1,4399,4396,4397,-1,4398,4399,4400,-1,4400,4399,4401,-1,4400,4401,4402,-1,4402,4401,4403,-1,4402,4403,4404,-1,4404,4403,4405,-1,4404,4405,4406,-1,4406,4405,4407,-1,4406,4407,4408,-1,4408,4407,4409,-1,4410,4408,4411,-1,4411,4408,4409,-1,4410,4411,4412,-1,4410,4412,4413,-1,4413,4412,4414,-1,4413,4414,4415,-1,4415,4414,4416,-1,4415,4416,4417,-1,4417,4416,4418,-1,4417,4418,4419,-1,4419,4418,4420,-1,4419,4420,4421,-1,4422,4421,4423,-1,4423,4421,4420,-1,4421,4422,4369,-1,4393,4394,4396,-1,4396,4398,4393,-1,4393,4398,4400,-1,4393,4400,4391,-1,4391,4400,4402,-1,4391,4402,4389,-1,4389,4402,4404,-1,4382,4385,4404,-1,4404,4385,4387,-1,4404,4387,4389,-1,4369,4368,4421,-1,4421,4368,4372,-1,4421,4372,4419,-1,4419,4372,4374,-1,4419,4374,4417,-1,4417,4374,4415,-1,4415,4374,4413,-1,4413,4374,4376,-1,4413,4376,4410,-1,4376,4378,4410,-1,4410,4378,4380,-1,4410,4380,4408,-1,4408,4380,4382,-1,4408,4382,4406,-1,4406,4382,4404,-1,4420,4418,4375,-1,4371,4423,4370,-1,4370,4423,4420,-1,4370,4420,4373,-1,4373,4420,4375,-1,4388,4405,4390,-1,4390,4405,4403,-1,4390,4403,4392,-1,4397,4395,4399,-1,4399,4395,4392,-1,4399,4392,4401,-1,4401,4392,4403,-1,4418,4416,4375,-1,4375,4416,4414,-1,4375,4414,4377,-1,4377,4414,4412,-1,4377,4412,4379,-1,4379,4412,4411,-1,4379,4411,4381,-1,4381,4411,4383,-1,4388,4386,4405,-1,4405,4386,4384,-1,4405,4384,4407,-1,4407,4384,4383,-1,4407,4383,4409,-1,4409,4383,4411,-1,4424,4425,4426,-1,4426,4425,4427,-1,4426,4427,4428,-1,4428,4427,4429,-1,4428,4429,4430,-1,4430,4429,4431,-1,4430,4431,4432,-1,4432,4431,4433,-1,4432,4433,4434,-1,4434,4433,4435,-1,4436,4434,4437,-1,4437,4434,4435,-1,4438,4436,4439,-1,4439,4436,4437,-1,4440,4438,4441,-1,4441,4438,4439,-1,4440,4441,4442,-1,4440,4442,4443,-1,4443,4442,4444,-1,4443,4444,4445,-1,4445,4444,4446,-1,4445,4446,4447,-1,4447,4446,4448,-1,4447,4448,4449,-1,4449,4448,4450,-1,4449,4450,4451,-1,4452,4451,4453,-1,4453,4451,4450,-1,4452,4453,4454,-1,4454,4453,4455,-1,4454,4455,4456,-1,4456,4455,4457,-1,4456,4457,4458,-1,4458,4457,4459,-1,4458,4459,4460,-1,4460,4459,4461,-1,4460,4461,4462,-1,4462,4461,4463,-1,4464,4462,4465,-1,4465,4462,4463,-1,4466,4467,4468,-1,4468,4467,4469,-1,4466,4468,4470,-1,4466,4470,4471,-1,4471,4470,4472,-1,4471,4472,4473,-1,4473,4472,4474,-1,4473,4474,4475,-1,4475,4474,4476,-1,4475,4476,4477,-1,4477,4476,4478,-1,4477,4478,4479,-1,4424,4479,4425,-1,4425,4479,4478,-1,4466,4471,4458,-1,4436,4438,4434,-1,4434,4438,4440,-1,4464,4467,4462,-1,4462,4467,4466,-1,4462,4466,4460,-1,4460,4466,4458,-1,4445,4428,4443,-1,4443,4428,4430,-1,4443,4430,4440,-1,4440,4430,4432,-1,4440,4432,4434,-1,4445,4447,4428,-1,4428,4447,4449,-1,4428,4449,4426,-1,4426,4449,4451,-1,4426,4451,4424,-1,4424,4451,4479,-1,4471,4473,4458,-1,4458,4473,4475,-1,4458,4475,4456,-1,4456,4475,4477,-1,4456,4477,4454,-1,4454,4477,4479,-1,4454,4479,4452,-1,4452,4479,4451,-1,4441,4439,4437,-1,4468,4469,4465,-1,4437,4435,4441,-1,4441,4435,4433,-1,4441,4433,4442,-1,4442,4433,4431,-1,4442,4431,4444,-1,4444,4431,4429,-1,4474,4459,4476,-1,4476,4459,4457,-1,4476,4457,4478,-1,4465,4463,4468,-1,4468,4463,4461,-1,4468,4461,4470,-1,4470,4461,4459,-1,4470,4459,4472,-1,4472,4459,4474,-1,4450,4448,4429,-1,4429,4448,4446,-1,4429,4446,4444,-1,4429,4427,4450,-1,4450,4427,4425,-1,4450,4425,4453,-1,4453,4425,4478,-1,4453,4478,4455,-1,4455,4478,4457,-1,4480,4481,4482,-1,4482,4481,4483,-1,4480,4482,4484,-1,4484,4482,4485,-1,4484,4485,4486,-1,4486,4485,4487,-1,4486,4487,4488,-1,4488,4487,4489,-1,4488,4489,4490,-1,4490,4489,4491,-1,4490,4491,4492,-1,4492,4491,4493,-1,4494,4492,4495,-1,4495,4492,4493,-1,4494,4495,4496,-1,4494,4496,4497,-1,4497,4496,4498,-1,4497,4498,4499,-1,4499,4498,4500,-1,4499,4500,4501,-1,4501,4500,4502,-1,4501,4502,4503,-1,4503,4502,4504,-1,4503,4504,4505,-1,4506,4505,4507,-1,4507,4505,4504,-1,4508,4506,4509,-1,4509,4506,4507,-1,4510,4508,4511,-1,4511,4508,4509,-1,4510,4511,4512,-1,4512,4511,4513,-1,4512,4513,4514,-1,4514,4513,4515,-1,4514,4515,4516,-1,4516,4515,4517,-1,4516,4517,4518,-1,4518,4517,4519,-1,4518,4519,4520,-1,4520,4519,4521,-1,4522,4520,4523,-1,4523,4520,4521,-1,4522,4523,4524,-1,4522,4524,4525,-1,4525,4524,4526,-1,4525,4526,4527,-1,4527,4526,4528,-1,4527,4528,4529,-1,4529,4528,4530,-1,4529,4530,4531,-1,4531,4530,4532,-1,4531,4532,4533,-1,4534,4533,4535,-1,4535,4533,4532,-1,4533,4534,4481,-1,4505,4506,4508,-1,4508,4510,4505,-1,4505,4510,4512,-1,4505,4512,4503,-1,4503,4512,4514,-1,4503,4514,4501,-1,4501,4514,4516,-1,4494,4497,4516,-1,4516,4497,4499,-1,4516,4499,4501,-1,4481,4480,4533,-1,4533,4480,4484,-1,4533,4484,4531,-1,4531,4484,4486,-1,4531,4486,4529,-1,4529,4486,4527,-1,4527,4486,4525,-1,4525,4486,4488,-1,4525,4488,4522,-1,4488,4490,4522,-1,4522,4490,4492,-1,4522,4492,4520,-1,4520,4492,4494,-1,4520,4494,4518,-1,4518,4494,4516,-1,4532,4530,4487,-1,4483,4535,4482,-1,4482,4535,4532,-1,4482,4532,4485,-1,4485,4532,4487,-1,4500,4517,4502,-1,4502,4517,4515,-1,4502,4515,4504,-1,4509,4507,4511,-1,4511,4507,4504,-1,4511,4504,4513,-1,4513,4504,4515,-1,4530,4528,4487,-1,4487,4528,4526,-1,4487,4526,4489,-1,4489,4526,4524,-1,4489,4524,4491,-1,4491,4524,4523,-1,4491,4523,4493,-1,4493,4523,4495,-1,4500,4498,4517,-1,4517,4498,4496,-1,4517,4496,4519,-1,4519,4496,4495,-1,4519,4495,4521,-1,4521,4495,4523,-1,4536,4537,4538,-1,4538,4537,4539,-1,4538,4539,4540,-1,4540,4539,4541,-1,4540,4541,4542,-1,4542,4541,4543,-1,4542,4543,4544,-1,4544,4543,4545,-1,4544,4545,4546,-1,4546,4545,4547,-1,4548,4546,4549,-1,4549,4546,4547,-1,4550,4548,4551,-1,4551,4548,4549,-1,4552,4550,4553,-1,4553,4550,4551,-1,4552,4553,4554,-1,4552,4554,4555,-1,4555,4554,4556,-1,4555,4556,4557,-1,4557,4556,4558,-1,4557,4558,4559,-1,4559,4558,4560,-1,4559,4560,4561,-1,4561,4560,4562,-1,4561,4562,4563,-1,4564,4563,4565,-1,4565,4563,4562,-1,4564,4565,4566,-1,4566,4565,4567,-1,4566,4567,4568,-1,4568,4567,4569,-1,4568,4569,4570,-1,4570,4569,4571,-1,4570,4571,4572,-1,4572,4571,4573,-1,4572,4573,4574,-1,4574,4573,4575,-1,4576,4574,4577,-1,4577,4574,4575,-1,4578,4579,4580,-1,4580,4579,4581,-1,4578,4580,4582,-1,4578,4582,4583,-1,4583,4582,4584,-1,4583,4584,4585,-1,4585,4584,4586,-1,4585,4586,4587,-1,4587,4586,4588,-1,4587,4588,4589,-1,4589,4588,4590,-1,4589,4590,4591,-1,4536,4591,4537,-1,4537,4591,4590,-1,4578,4583,4570,-1,4548,4550,4546,-1,4546,4550,4552,-1,4576,4579,4574,-1,4574,4579,4578,-1,4574,4578,4572,-1,4572,4578,4570,-1,4557,4540,4555,-1,4555,4540,4542,-1,4555,4542,4552,-1,4552,4542,4544,-1,4552,4544,4546,-1,4557,4559,4540,-1,4540,4559,4561,-1,4540,4561,4538,-1,4538,4561,4563,-1,4538,4563,4536,-1,4536,4563,4591,-1,4583,4585,4570,-1,4570,4585,4587,-1,4570,4587,4568,-1,4568,4587,4589,-1,4568,4589,4566,-1,4566,4589,4591,-1,4566,4591,4564,-1,4564,4591,4563,-1,4553,4551,4549,-1,4580,4581,4577,-1,4549,4547,4553,-1,4553,4547,4545,-1,4553,4545,4554,-1,4554,4545,4543,-1,4554,4543,4556,-1,4556,4543,4541,-1,4586,4571,4588,-1,4588,4571,4569,-1,4588,4569,4590,-1,4577,4575,4580,-1,4580,4575,4573,-1,4580,4573,4582,-1,4582,4573,4571,-1,4582,4571,4584,-1,4584,4571,4586,-1,4562,4560,4541,-1,4541,4560,4558,-1,4541,4558,4556,-1,4541,4539,4562,-1,4562,4539,4537,-1,4562,4537,4565,-1,4565,4537,4590,-1,4565,4590,4567,-1,4567,4590,4569,-1,4592,4593,4594,-1,4594,4593,4595,-1,4592,4594,4596,-1,4596,4594,4597,-1,4596,4597,4598,-1,4598,4597,4599,-1,4598,4599,4600,-1,4600,4599,4601,-1,4600,4601,4602,-1,4602,4601,4603,-1,4602,4603,4604,-1,4604,4603,4605,-1,4606,4604,4607,-1,4607,4604,4605,-1,4606,4607,4608,-1,4606,4608,4609,-1,4609,4608,4610,-1,4609,4610,4611,-1,4611,4610,4612,-1,4611,4612,4613,-1,4613,4612,4614,-1,4613,4614,4615,-1,4615,4614,4616,-1,4615,4616,4617,-1,4618,4617,4619,-1,4619,4617,4616,-1,4620,4618,4621,-1,4621,4618,4619,-1,4622,4620,4623,-1,4623,4620,4621,-1,4622,4623,4624,-1,4624,4623,4625,-1,4624,4625,4626,-1,4626,4625,4627,-1,4626,4627,4628,-1,4628,4627,4629,-1,4628,4629,4630,-1,4630,4629,4631,-1,4630,4631,4632,-1,4632,4631,4633,-1,4634,4632,4635,-1,4635,4632,4633,-1,4634,4635,4636,-1,4634,4636,4637,-1,4637,4636,4638,-1,4637,4638,4639,-1,4639,4638,4640,-1,4639,4640,4641,-1,4641,4640,4642,-1,4641,4642,4643,-1,4643,4642,4644,-1,4643,4644,4645,-1,4646,4645,4647,-1,4647,4645,4644,-1,4645,4646,4593,-1,4617,4618,4620,-1,4620,4622,4617,-1,4617,4622,4624,-1,4617,4624,4615,-1,4615,4624,4626,-1,4615,4626,4613,-1,4613,4626,4628,-1,4606,4609,4628,-1,4628,4609,4611,-1,4628,4611,4613,-1,4593,4592,4645,-1,4645,4592,4596,-1,4645,4596,4643,-1,4643,4596,4598,-1,4643,4598,4641,-1,4641,4598,4639,-1,4639,4598,4637,-1,4637,4598,4600,-1,4637,4600,4634,-1,4600,4602,4634,-1,4634,4602,4604,-1,4634,4604,4632,-1,4632,4604,4606,-1,4632,4606,4630,-1,4630,4606,4628,-1,4644,4642,4599,-1,4595,4647,4594,-1,4594,4647,4644,-1,4594,4644,4597,-1,4597,4644,4599,-1,4612,4629,4614,-1,4614,4629,4627,-1,4614,4627,4616,-1,4621,4619,4623,-1,4623,4619,4616,-1,4623,4616,4625,-1,4625,4616,4627,-1,4642,4640,4599,-1,4599,4640,4638,-1,4599,4638,4601,-1,4601,4638,4636,-1,4601,4636,4603,-1,4603,4636,4635,-1,4603,4635,4605,-1,4605,4635,4607,-1,4612,4610,4629,-1,4629,4610,4608,-1,4629,4608,4631,-1,4631,4608,4607,-1,4631,4607,4633,-1,4633,4607,4635,-1,4648,4649,4650,-1,4650,4649,4651,-1,4650,4651,4652,-1,4652,4651,4653,-1,4652,4653,4654,-1,4654,4653,4655,-1,4654,4655,4656,-1,4656,4655,4657,-1,4656,4657,4658,-1,4658,4657,4659,-1,4660,4658,4661,-1,4661,4658,4659,-1,4662,4660,4663,-1,4663,4660,4661,-1,4664,4662,4665,-1,4665,4662,4663,-1,4664,4665,4666,-1,4664,4666,4667,-1,4667,4666,4668,-1,4667,4668,4669,-1,4669,4668,4670,-1,4669,4670,4671,-1,4671,4670,4672,-1,4671,4672,4673,-1,4673,4672,4674,-1,4673,4674,4675,-1,4676,4675,4677,-1,4677,4675,4674,-1,4676,4677,4678,-1,4678,4677,4679,-1,4678,4679,4680,-1,4680,4679,4681,-1,4680,4681,4682,-1,4682,4681,4683,-1,4682,4683,4684,-1,4684,4683,4685,-1,4684,4685,4686,-1,4686,4685,4687,-1,4688,4686,4689,-1,4689,4686,4687,-1,4690,4691,4692,-1,4692,4691,4693,-1,4690,4692,4694,-1,4690,4694,4695,-1,4695,4694,4696,-1,4695,4696,4697,-1,4697,4696,4698,-1,4697,4698,4699,-1,4699,4698,4700,-1,4699,4700,4701,-1,4701,4700,4702,-1,4701,4702,4703,-1,4648,4703,4649,-1,4649,4703,4702,-1,4690,4695,4682,-1,4660,4662,4658,-1,4658,4662,4664,-1,4688,4691,4686,-1,4686,4691,4690,-1,4686,4690,4684,-1,4684,4690,4682,-1,4669,4652,4667,-1,4667,4652,4654,-1,4667,4654,4664,-1,4664,4654,4656,-1,4664,4656,4658,-1,4669,4671,4652,-1,4652,4671,4673,-1,4652,4673,4650,-1,4650,4673,4675,-1,4650,4675,4648,-1,4648,4675,4703,-1,4695,4697,4682,-1,4682,4697,4699,-1,4682,4699,4680,-1,4680,4699,4701,-1,4680,4701,4678,-1,4678,4701,4703,-1,4678,4703,4676,-1,4676,4703,4675,-1,4665,4663,4661,-1,4692,4693,4689,-1,4661,4659,4665,-1,4665,4659,4657,-1,4665,4657,4666,-1,4666,4657,4655,-1,4666,4655,4668,-1,4668,4655,4653,-1,4698,4683,4700,-1,4700,4683,4681,-1,4700,4681,4702,-1,4689,4687,4692,-1,4692,4687,4685,-1,4692,4685,4694,-1,4694,4685,4683,-1,4694,4683,4696,-1,4696,4683,4698,-1,4674,4672,4653,-1,4653,4672,4670,-1,4653,4670,4668,-1,4653,4651,4674,-1,4674,4651,4649,-1,4674,4649,4677,-1,4677,4649,4702,-1,4677,4702,4679,-1,4679,4702,4681,-1,4704,4705,4706,-1,4706,4705,4707,-1,4704,4706,4708,-1,4708,4706,4709,-1,4708,4709,4710,-1,4710,4709,4711,-1,4710,4711,4712,-1,4712,4711,4713,-1,4712,4713,4714,-1,4714,4713,4715,-1,4714,4715,4716,-1,4716,4715,4717,-1,4718,4716,4719,-1,4719,4716,4717,-1,4718,4719,4720,-1,4718,4720,4721,-1,4721,4720,4722,-1,4721,4722,4723,-1,4723,4722,4724,-1,4723,4724,4725,-1,4725,4724,4726,-1,4725,4726,4727,-1,4727,4726,4728,-1,4727,4728,4729,-1,4730,4729,4731,-1,4731,4729,4728,-1,4732,4730,4733,-1,4733,4730,4731,-1,4734,4732,4735,-1,4735,4732,4733,-1,4734,4735,4736,-1,4736,4735,4737,-1,4736,4737,4738,-1,4738,4737,4739,-1,4738,4739,4740,-1,4740,4739,4741,-1,4740,4741,4742,-1,4742,4741,4743,-1,4742,4743,4744,-1,4744,4743,4745,-1,4746,4744,4747,-1,4747,4744,4745,-1,4746,4747,4748,-1,4746,4748,4749,-1,4749,4748,4750,-1,4749,4750,4751,-1,4751,4750,4752,-1,4751,4752,4753,-1,4753,4752,4754,-1,4753,4754,4755,-1,4755,4754,4756,-1,4755,4756,4757,-1,4758,4757,4759,-1,4759,4757,4756,-1,4757,4758,4705,-1,4729,4730,4732,-1,4732,4734,4729,-1,4729,4734,4736,-1,4729,4736,4727,-1,4727,4736,4738,-1,4727,4738,4725,-1,4725,4738,4740,-1,4718,4721,4740,-1,4740,4721,4723,-1,4740,4723,4725,-1,4705,4704,4757,-1,4757,4704,4708,-1,4757,4708,4755,-1,4755,4708,4710,-1,4755,4710,4753,-1,4753,4710,4751,-1,4751,4710,4749,-1,4749,4710,4712,-1,4749,4712,4746,-1,4712,4714,4746,-1,4746,4714,4716,-1,4746,4716,4744,-1,4744,4716,4718,-1,4744,4718,4742,-1,4742,4718,4740,-1,4756,4754,4711,-1,4707,4759,4706,-1,4706,4759,4756,-1,4706,4756,4709,-1,4709,4756,4711,-1,4724,4741,4726,-1,4726,4741,4739,-1,4726,4739,4728,-1,4733,4731,4735,-1,4735,4731,4728,-1,4735,4728,4737,-1,4737,4728,4739,-1,4754,4752,4711,-1,4711,4752,4750,-1,4711,4750,4713,-1,4713,4750,4748,-1,4713,4748,4715,-1,4715,4748,4747,-1,4715,4747,4717,-1,4717,4747,4719,-1,4724,4722,4741,-1,4741,4722,4720,-1,4741,4720,4743,-1,4743,4720,4719,-1,4743,4719,4745,-1,4745,4719,4747,-1,4760,4761,4762,-1,4762,4761,4763,-1,4762,4763,4764,-1,4764,4763,4765,-1,4764,4765,4766,-1,4766,4765,4767,-1,4766,4767,4768,-1,4768,4767,4769,-1,4768,4769,4770,-1,4770,4769,4771,-1,4772,4770,4773,-1,4773,4770,4771,-1,4774,4772,4775,-1,4775,4772,4773,-1,4776,4774,4777,-1,4777,4774,4775,-1,4776,4777,4778,-1,4776,4778,4779,-1,4779,4778,4780,-1,4779,4780,4781,-1,4781,4780,4782,-1,4781,4782,4783,-1,4783,4782,4784,-1,4783,4784,4785,-1,4785,4784,4786,-1,4785,4786,4787,-1,4788,4787,4789,-1,4789,4787,4786,-1,4788,4789,4790,-1,4790,4789,4791,-1,4790,4791,4792,-1,4792,4791,4793,-1,4792,4793,4794,-1,4794,4793,4795,-1,4794,4795,4796,-1,4796,4795,4797,-1,4796,4797,4798,-1,4798,4797,4799,-1,4800,4798,4801,-1,4801,4798,4799,-1,4802,4803,4804,-1,4804,4803,4805,-1,4802,4804,4806,-1,4802,4806,4807,-1,4807,4806,4808,-1,4807,4808,4809,-1,4809,4808,4810,-1,4809,4810,4811,-1,4811,4810,4812,-1,4811,4812,4813,-1,4813,4812,4814,-1,4813,4814,4815,-1,4760,4815,4761,-1,4761,4815,4814,-1,4802,4807,4794,-1,4772,4774,4770,-1,4770,4774,4776,-1,4800,4803,4798,-1,4798,4803,4802,-1,4798,4802,4796,-1,4796,4802,4794,-1,4781,4764,4779,-1,4779,4764,4766,-1,4779,4766,4776,-1,4776,4766,4768,-1,4776,4768,4770,-1,4781,4783,4764,-1,4764,4783,4785,-1,4764,4785,4762,-1,4762,4785,4787,-1,4762,4787,4760,-1,4760,4787,4815,-1,4807,4809,4794,-1,4794,4809,4811,-1,4794,4811,4792,-1,4792,4811,4813,-1,4792,4813,4790,-1,4790,4813,4815,-1,4790,4815,4788,-1,4788,4815,4787,-1,4777,4775,4773,-1,4804,4805,4801,-1,4773,4771,4777,-1,4777,4771,4769,-1,4777,4769,4778,-1,4778,4769,4767,-1,4778,4767,4780,-1,4780,4767,4765,-1,4810,4795,4812,-1,4812,4795,4793,-1,4812,4793,4814,-1,4801,4799,4804,-1,4804,4799,4797,-1,4804,4797,4806,-1,4806,4797,4795,-1,4806,4795,4808,-1,4808,4795,4810,-1,4786,4784,4765,-1,4765,4784,4782,-1,4765,4782,4780,-1,4765,4763,4786,-1,4786,4763,4761,-1,4786,4761,4789,-1,4789,4761,4814,-1,4789,4814,4791,-1,4791,4814,4793,-1,4816,4817,4818,-1,4818,4817,4819,-1,4816,4818,4820,-1,4820,4818,4821,-1,4820,4821,4822,-1,4822,4821,4823,-1,4822,4823,4824,-1,4824,4823,4825,-1,4824,4825,4826,-1,4826,4825,4827,-1,4826,4827,4828,-1,4828,4827,4829,-1,4830,4828,4831,-1,4831,4828,4829,-1,4830,4831,4832,-1,4830,4832,4833,-1,4833,4832,4834,-1,4833,4834,4835,-1,4835,4834,4836,-1,4835,4836,4837,-1,4837,4836,4838,-1,4837,4838,4839,-1,4839,4838,4840,-1,4839,4840,4841,-1,4842,4841,4843,-1,4843,4841,4840,-1,4844,4842,4845,-1,4845,4842,4843,-1,4846,4844,4847,-1,4847,4844,4845,-1,4846,4847,4848,-1,4848,4847,4849,-1,4848,4849,4850,-1,4850,4849,4851,-1,4850,4851,4852,-1,4852,4851,4853,-1,4852,4853,4854,-1,4854,4853,4855,-1,4854,4855,4856,-1,4856,4855,4857,-1,4858,4856,4859,-1,4859,4856,4857,-1,4858,4859,4860,-1,4858,4860,4861,-1,4861,4860,4862,-1,4861,4862,4863,-1,4863,4862,4864,-1,4863,4864,4865,-1,4865,4864,4866,-1,4865,4866,4867,-1,4867,4866,4868,-1,4867,4868,4869,-1,4870,4869,4871,-1,4871,4869,4868,-1,4869,4870,4817,-1,4841,4842,4844,-1,4844,4846,4841,-1,4841,4846,4848,-1,4841,4848,4839,-1,4839,4848,4850,-1,4839,4850,4837,-1,4837,4850,4852,-1,4830,4833,4852,-1,4852,4833,4835,-1,4852,4835,4837,-1,4817,4816,4869,-1,4869,4816,4820,-1,4869,4820,4867,-1,4867,4820,4822,-1,4867,4822,4865,-1,4865,4822,4863,-1,4863,4822,4861,-1,4861,4822,4824,-1,4861,4824,4858,-1,4824,4826,4858,-1,4858,4826,4828,-1,4858,4828,4856,-1,4856,4828,4830,-1,4856,4830,4854,-1,4854,4830,4852,-1,4868,4866,4823,-1,4819,4871,4818,-1,4818,4871,4868,-1,4818,4868,4821,-1,4821,4868,4823,-1,4836,4853,4838,-1,4838,4853,4851,-1,4838,4851,4840,-1,4845,4843,4847,-1,4847,4843,4840,-1,4847,4840,4849,-1,4849,4840,4851,-1,4866,4864,4823,-1,4823,4864,4862,-1,4823,4862,4825,-1,4825,4862,4860,-1,4825,4860,4827,-1,4827,4860,4859,-1,4827,4859,4829,-1,4829,4859,4831,-1,4836,4834,4853,-1,4853,4834,4832,-1,4853,4832,4855,-1,4855,4832,4831,-1,4855,4831,4857,-1,4857,4831,4859,-1,4872,4873,4874,-1,4874,4873,4875,-1,4874,4875,4876,-1,4876,4875,4877,-1,4876,4877,4878,-1,4878,4877,4879,-1,4878,4879,4880,-1,4880,4879,4881,-1,4880,4881,4882,-1,4882,4881,4883,-1,4884,4882,4885,-1,4885,4882,4883,-1,4886,4884,4887,-1,4887,4884,4885,-1,4888,4886,4889,-1,4889,4886,4887,-1,4888,4889,4890,-1,4888,4890,4891,-1,4891,4890,4892,-1,4891,4892,4893,-1,4893,4892,4894,-1,4893,4894,4895,-1,4895,4894,4896,-1,4895,4896,4897,-1,4897,4896,4898,-1,4897,4898,4899,-1,4900,4899,4901,-1,4901,4899,4898,-1,4900,4901,4902,-1,4902,4901,4903,-1,4902,4903,4904,-1,4904,4903,4905,-1,4904,4905,4906,-1,4906,4905,4907,-1,4906,4907,4908,-1,4908,4907,4909,-1,4908,4909,4910,-1,4910,4909,4911,-1,4912,4910,4913,-1,4913,4910,4911,-1,4914,4915,4916,-1,4916,4915,4917,-1,4914,4916,4918,-1,4914,4918,4919,-1,4919,4918,4920,-1,4919,4920,4921,-1,4921,4920,4922,-1,4921,4922,4923,-1,4923,4922,4924,-1,4923,4924,4925,-1,4925,4924,4926,-1,4925,4926,4927,-1,4872,4927,4873,-1,4873,4927,4926,-1,4914,4919,4906,-1,4884,4886,4882,-1,4882,4886,4888,-1,4912,4915,4910,-1,4910,4915,4914,-1,4910,4914,4908,-1,4908,4914,4906,-1,4893,4876,4891,-1,4891,4876,4878,-1,4891,4878,4888,-1,4888,4878,4880,-1,4888,4880,4882,-1,4893,4895,4876,-1,4876,4895,4897,-1,4876,4897,4874,-1,4874,4897,4899,-1,4874,4899,4872,-1,4872,4899,4927,-1,4919,4921,4906,-1,4906,4921,4923,-1,4906,4923,4904,-1,4904,4923,4925,-1,4904,4925,4902,-1,4902,4925,4927,-1,4902,4927,4900,-1,4900,4927,4899,-1,4889,4887,4885,-1,4916,4917,4913,-1,4885,4883,4889,-1,4889,4883,4881,-1,4889,4881,4890,-1,4890,4881,4879,-1,4890,4879,4892,-1,4892,4879,4877,-1,4922,4907,4924,-1,4924,4907,4905,-1,4924,4905,4926,-1,4913,4911,4916,-1,4916,4911,4909,-1,4916,4909,4918,-1,4918,4909,4907,-1,4918,4907,4920,-1,4920,4907,4922,-1,4898,4896,4877,-1,4877,4896,4894,-1,4877,4894,4892,-1,4877,4875,4898,-1,4898,4875,4873,-1,4898,4873,4901,-1,4901,4873,4926,-1,4901,4926,4903,-1,4903,4926,4905,-1,4928,4929,4930,-1,4930,4929,4931,-1,4928,4930,4932,-1,4932,4930,4933,-1,4932,4933,4934,-1,4934,4933,4935,-1,4934,4935,4936,-1,4936,4935,4937,-1,4936,4937,4938,-1,4938,4937,4939,-1,4938,4939,4940,-1,4940,4939,4941,-1,4942,4940,4943,-1,4943,4940,4941,-1,4942,4943,4944,-1,4942,4944,4945,-1,4945,4944,4946,-1,4945,4946,4947,-1,4947,4946,4948,-1,4947,4948,4949,-1,4949,4948,4950,-1,4949,4950,4951,-1,4951,4950,4952,-1,4951,4952,4953,-1,4954,4953,4955,-1,4955,4953,4952,-1,4956,4954,4957,-1,4957,4954,4955,-1,4958,4956,4959,-1,4959,4956,4957,-1,4958,4959,4960,-1,4960,4959,4961,-1,4960,4961,4962,-1,4962,4961,4963,-1,4962,4963,4964,-1,4964,4963,4965,-1,4964,4965,4966,-1,4966,4965,4967,-1,4966,4967,4968,-1,4968,4967,4969,-1,4970,4968,4971,-1,4971,4968,4969,-1,4970,4971,4972,-1,4970,4972,4973,-1,4973,4972,4974,-1,4973,4974,4975,-1,4975,4974,4976,-1,4975,4976,4977,-1,4977,4976,4978,-1,4977,4978,4979,-1,4979,4978,4980,-1,4979,4980,4981,-1,4982,4981,4983,-1,4983,4981,4980,-1,4981,4982,4929,-1,4953,4954,4956,-1,4956,4958,4953,-1,4953,4958,4960,-1,4953,4960,4951,-1,4951,4960,4962,-1,4951,4962,4949,-1,4949,4962,4964,-1,4942,4945,4964,-1,4964,4945,4947,-1,4964,4947,4949,-1,4929,4928,4981,-1,4981,4928,4932,-1,4981,4932,4979,-1,4979,4932,4934,-1,4979,4934,4977,-1,4977,4934,4975,-1,4975,4934,4973,-1,4973,4934,4936,-1,4973,4936,4970,-1,4936,4938,4970,-1,4970,4938,4940,-1,4970,4940,4968,-1,4968,4940,4942,-1,4968,4942,4966,-1,4966,4942,4964,-1,4980,4978,4935,-1,4931,4983,4930,-1,4930,4983,4980,-1,4930,4980,4933,-1,4933,4980,4935,-1,4948,4965,4950,-1,4950,4965,4963,-1,4950,4963,4952,-1,4957,4955,4959,-1,4959,4955,4952,-1,4959,4952,4961,-1,4961,4952,4963,-1,4978,4976,4935,-1,4935,4976,4974,-1,4935,4974,4937,-1,4937,4974,4972,-1,4937,4972,4939,-1,4939,4972,4971,-1,4939,4971,4941,-1,4941,4971,4943,-1,4948,4946,4965,-1,4965,4946,4944,-1,4965,4944,4967,-1,4967,4944,4943,-1,4967,4943,4969,-1,4969,4943,4971,-1,4984,4985,4986,-1,4986,4985,4987,-1,4986,4987,4988,-1,4988,4987,4989,-1,4988,4989,4990,-1,4990,4989,4991,-1,4990,4991,4992,-1,4992,4991,4993,-1,4992,4993,4994,-1,4994,4993,4995,-1,4996,4994,4997,-1,4997,4994,4995,-1,4998,4996,4999,-1,4999,4996,4997,-1,5000,4998,5001,-1,5001,4998,4999,-1,5000,5001,5002,-1,5000,5002,5003,-1,5003,5002,5004,-1,5003,5004,5005,-1,5005,5004,5006,-1,5005,5006,5007,-1,5007,5006,5008,-1,5007,5008,5009,-1,5009,5008,5010,-1,5009,5010,5011,-1,5012,5011,5013,-1,5013,5011,5010,-1,5012,5013,5014,-1,5014,5013,5015,-1,5014,5015,5016,-1,5016,5015,5017,-1,5016,5017,5018,-1,5018,5017,5019,-1,5018,5019,5020,-1,5020,5019,5021,-1,5020,5021,5022,-1,5022,5021,5023,-1,5024,5022,5025,-1,5025,5022,5023,-1,5026,5027,5028,-1,5028,5027,5029,-1,5026,5028,5030,-1,5026,5030,5031,-1,5031,5030,5032,-1,5031,5032,5033,-1,5033,5032,5034,-1,5033,5034,5035,-1,5035,5034,5036,-1,5035,5036,5037,-1,5037,5036,5038,-1,5037,5038,5039,-1,4984,5039,4985,-1,4985,5039,5038,-1,5026,5031,5018,-1,4996,4998,4994,-1,4994,4998,5000,-1,5024,5027,5022,-1,5022,5027,5026,-1,5022,5026,5020,-1,5020,5026,5018,-1,5005,4988,5003,-1,5003,4988,4990,-1,5003,4990,5000,-1,5000,4990,4992,-1,5000,4992,4994,-1,5005,5007,4988,-1,4988,5007,5009,-1,4988,5009,4986,-1,4986,5009,5011,-1,4986,5011,4984,-1,4984,5011,5039,-1,5031,5033,5018,-1,5018,5033,5035,-1,5018,5035,5016,-1,5016,5035,5037,-1,5016,5037,5014,-1,5014,5037,5039,-1,5014,5039,5012,-1,5012,5039,5011,-1,5001,4999,4997,-1,5028,5029,5025,-1,4997,4995,5001,-1,5001,4995,4993,-1,5001,4993,5002,-1,5002,4993,4991,-1,5002,4991,5004,-1,5004,4991,4989,-1,5034,5019,5036,-1,5036,5019,5017,-1,5036,5017,5038,-1,5025,5023,5028,-1,5028,5023,5021,-1,5028,5021,5030,-1,5030,5021,5019,-1,5030,5019,5032,-1,5032,5019,5034,-1,5010,5008,4989,-1,4989,5008,5006,-1,4989,5006,5004,-1,4989,4987,5010,-1,5010,4987,4985,-1,5010,4985,5013,-1,5013,4985,5038,-1,5013,5038,5015,-1,5015,5038,5017,-1,5040,5041,5042,-1,5042,5041,5043,-1,5040,5042,5044,-1,5044,5042,5045,-1,5044,5045,5046,-1,5046,5045,5047,-1,5046,5047,5048,-1,5048,5047,5049,-1,5048,5049,5050,-1,5050,5049,5051,-1,5050,5051,5052,-1,5052,5051,5053,-1,5054,5052,5055,-1,5055,5052,5053,-1,5054,5055,5056,-1,5054,5056,5057,-1,5057,5056,5058,-1,5057,5058,5059,-1,5059,5058,5060,-1,5059,5060,5061,-1,5061,5060,5062,-1,5061,5062,5063,-1,5063,5062,5064,-1,5063,5064,5065,-1,5066,5065,5067,-1,5067,5065,5064,-1,5068,5066,5069,-1,5069,5066,5067,-1,5070,5068,5071,-1,5071,5068,5069,-1,5070,5071,5072,-1,5072,5071,5073,-1,5072,5073,5074,-1,5074,5073,5075,-1,5074,5075,5076,-1,5076,5075,5077,-1,5076,5077,5078,-1,5078,5077,5079,-1,5078,5079,5080,-1,5080,5079,5081,-1,5082,5080,5083,-1,5083,5080,5081,-1,5082,5083,5084,-1,5082,5084,5085,-1,5085,5084,5086,-1,5085,5086,5087,-1,5087,5086,5088,-1,5087,5088,5089,-1,5089,5088,5090,-1,5089,5090,5091,-1,5091,5090,5092,-1,5091,5092,5093,-1,5094,5093,5095,-1,5095,5093,5092,-1,5093,5094,5041,-1,5065,5066,5068,-1,5068,5070,5065,-1,5065,5070,5072,-1,5065,5072,5063,-1,5063,5072,5074,-1,5063,5074,5061,-1,5061,5074,5076,-1,5054,5057,5076,-1,5076,5057,5059,-1,5076,5059,5061,-1,5041,5040,5093,-1,5093,5040,5044,-1,5093,5044,5091,-1,5091,5044,5046,-1,5091,5046,5089,-1,5089,5046,5087,-1,5087,5046,5085,-1,5085,5046,5048,-1,5085,5048,5082,-1,5048,5050,5082,-1,5082,5050,5052,-1,5082,5052,5080,-1,5080,5052,5054,-1,5080,5054,5078,-1,5078,5054,5076,-1,5092,5090,5047,-1,5043,5095,5042,-1,5042,5095,5092,-1,5042,5092,5045,-1,5045,5092,5047,-1,5060,5077,5062,-1,5062,5077,5075,-1,5062,5075,5064,-1,5069,5067,5071,-1,5071,5067,5064,-1,5071,5064,5073,-1,5073,5064,5075,-1,5090,5088,5047,-1,5047,5088,5086,-1,5047,5086,5049,-1,5049,5086,5084,-1,5049,5084,5051,-1,5051,5084,5083,-1,5051,5083,5053,-1,5053,5083,5055,-1,5060,5058,5077,-1,5077,5058,5056,-1,5077,5056,5079,-1,5079,5056,5055,-1,5079,5055,5081,-1,5081,5055,5083,-1,5096,5097,5098,-1,5098,5097,5099,-1,5098,5099,5100,-1,5100,5099,5101,-1,5100,5101,5102,-1,5102,5101,5103,-1,5102,5103,5104,-1,5104,5103,5105,-1,5104,5105,5106,-1,5106,5105,5107,-1,5108,5106,5109,-1,5109,5106,5107,-1,5110,5108,5111,-1,5111,5108,5109,-1,5112,5110,5113,-1,5113,5110,5111,-1,5112,5113,5114,-1,5112,5114,5115,-1,5115,5114,5116,-1,5115,5116,5117,-1,5117,5116,5118,-1,5117,5118,5119,-1,5119,5118,5120,-1,5119,5120,5121,-1,5121,5120,5122,-1,5121,5122,5123,-1,5124,5123,5125,-1,5125,5123,5122,-1,5124,5125,5126,-1,5126,5125,5127,-1,5126,5127,5128,-1,5128,5127,5129,-1,5128,5129,5130,-1,5130,5129,5131,-1,5130,5131,5132,-1,5132,5131,5133,-1,5132,5133,5134,-1,5134,5133,5135,-1,5136,5134,5137,-1,5137,5134,5135,-1,5138,5139,5140,-1,5140,5139,5141,-1,5138,5140,5142,-1,5138,5142,5143,-1,5143,5142,5144,-1,5143,5144,5145,-1,5145,5144,5146,-1,5145,5146,5147,-1,5147,5146,5148,-1,5147,5148,5149,-1,5149,5148,5150,-1,5149,5150,5151,-1,5096,5151,5097,-1,5097,5151,5150,-1,5138,5143,5130,-1,5108,5110,5106,-1,5106,5110,5112,-1,5136,5139,5134,-1,5134,5139,5138,-1,5134,5138,5132,-1,5132,5138,5130,-1,5117,5100,5115,-1,5115,5100,5102,-1,5115,5102,5112,-1,5112,5102,5104,-1,5112,5104,5106,-1,5117,5119,5100,-1,5100,5119,5121,-1,5100,5121,5098,-1,5098,5121,5123,-1,5098,5123,5096,-1,5096,5123,5151,-1,5143,5145,5130,-1,5130,5145,5147,-1,5130,5147,5128,-1,5128,5147,5149,-1,5128,5149,5126,-1,5126,5149,5151,-1,5126,5151,5124,-1,5124,5151,5123,-1,5113,5111,5109,-1,5140,5141,5137,-1,5109,5107,5113,-1,5113,5107,5105,-1,5113,5105,5114,-1,5114,5105,5103,-1,5114,5103,5116,-1,5116,5103,5101,-1,5146,5131,5148,-1,5148,5131,5129,-1,5148,5129,5150,-1,5137,5135,5140,-1,5140,5135,5133,-1,5140,5133,5142,-1,5142,5133,5131,-1,5142,5131,5144,-1,5144,5131,5146,-1,5122,5120,5101,-1,5101,5120,5118,-1,5101,5118,5116,-1,5101,5099,5122,-1,5122,5099,5097,-1,5122,5097,5125,-1,5125,5097,5150,-1,5125,5150,5127,-1,5127,5150,5129,-1,5152,5153,5154,-1,5154,5153,5155,-1,5152,5154,5156,-1,5156,5154,5157,-1,5156,5157,5158,-1,5158,5157,5159,-1,5158,5159,5160,-1,5160,5159,5161,-1,5160,5161,5162,-1,5162,5161,5163,-1,5162,5163,5164,-1,5164,5163,5165,-1,5166,5164,5167,-1,5167,5164,5165,-1,5166,5167,5168,-1,5166,5168,5169,-1,5169,5168,5170,-1,5169,5170,5171,-1,5171,5170,5172,-1,5171,5172,5173,-1,5173,5172,5174,-1,5173,5174,5175,-1,5175,5174,5176,-1,5175,5176,5177,-1,5178,5177,5179,-1,5179,5177,5176,-1,5180,5178,5181,-1,5181,5178,5179,-1,5182,5180,5183,-1,5183,5180,5181,-1,5182,5183,5184,-1,5184,5183,5185,-1,5184,5185,5186,-1,5186,5185,5187,-1,5186,5187,5188,-1,5188,5187,5189,-1,5188,5189,5190,-1,5190,5189,5191,-1,5190,5191,5192,-1,5192,5191,5193,-1,5194,5192,5195,-1,5195,5192,5193,-1,5194,5195,5196,-1,5194,5196,5197,-1,5197,5196,5198,-1,5197,5198,5199,-1,5199,5198,5200,-1,5199,5200,5201,-1,5201,5200,5202,-1,5201,5202,5203,-1,5203,5202,5204,-1,5203,5204,5205,-1,5206,5205,5207,-1,5207,5205,5204,-1,5205,5206,5153,-1,5177,5178,5180,-1,5180,5182,5177,-1,5177,5182,5184,-1,5177,5184,5175,-1,5175,5184,5186,-1,5175,5186,5173,-1,5173,5186,5188,-1,5166,5169,5188,-1,5188,5169,5171,-1,5188,5171,5173,-1,5153,5152,5205,-1,5205,5152,5156,-1,5205,5156,5203,-1,5203,5156,5158,-1,5203,5158,5201,-1,5201,5158,5199,-1,5199,5158,5197,-1,5197,5158,5160,-1,5197,5160,5194,-1,5160,5162,5194,-1,5194,5162,5164,-1,5194,5164,5192,-1,5192,5164,5166,-1,5192,5166,5190,-1,5190,5166,5188,-1,5204,5202,5159,-1,5155,5207,5154,-1,5154,5207,5204,-1,5154,5204,5157,-1,5157,5204,5159,-1,5172,5189,5174,-1,5174,5189,5187,-1,5174,5187,5176,-1,5181,5179,5183,-1,5183,5179,5176,-1,5183,5176,5185,-1,5185,5176,5187,-1,5202,5200,5159,-1,5159,5200,5198,-1,5159,5198,5161,-1,5161,5198,5196,-1,5161,5196,5163,-1,5163,5196,5195,-1,5163,5195,5165,-1,5165,5195,5167,-1,5172,5170,5189,-1,5189,5170,5168,-1,5189,5168,5191,-1,5191,5168,5167,-1,5191,5167,5193,-1,5193,5167,5195,-1,5208,5209,5210,-1,5210,5209,5211,-1,5210,5211,5212,-1,5212,5211,5213,-1,5212,5213,5214,-1,5214,5213,5215,-1,5214,5215,5216,-1,5216,5215,5217,-1,5216,5217,5218,-1,5218,5217,5219,-1,5220,5218,5221,-1,5221,5218,5219,-1,5222,5220,5223,-1,5223,5220,5221,-1,5224,5222,5225,-1,5225,5222,5223,-1,5224,5225,5226,-1,5224,5226,5227,-1,5227,5226,5228,-1,5227,5228,5229,-1,5229,5228,5230,-1,5229,5230,5231,-1,5231,5230,5232,-1,5231,5232,5233,-1,5233,5232,5234,-1,5233,5234,5235,-1,5236,5235,5237,-1,5237,5235,5234,-1,5236,5237,5238,-1,5238,5237,5239,-1,5238,5239,5240,-1,5240,5239,5241,-1,5240,5241,5242,-1,5242,5241,5243,-1,5242,5243,5244,-1,5244,5243,5245,-1,5244,5245,5246,-1,5246,5245,5247,-1,5248,5246,5249,-1,5249,5246,5247,-1,5250,5251,5252,-1,5252,5251,5253,-1,5250,5252,5254,-1,5250,5254,5255,-1,5255,5254,5256,-1,5255,5256,5257,-1,5257,5256,5258,-1,5257,5258,5259,-1,5259,5258,5260,-1,5259,5260,5261,-1,5261,5260,5262,-1,5261,5262,5263,-1,5208,5263,5209,-1,5209,5263,5262,-1,5250,5255,5242,-1,5220,5222,5218,-1,5218,5222,5224,-1,5248,5251,5246,-1,5246,5251,5250,-1,5246,5250,5244,-1,5244,5250,5242,-1,5229,5212,5227,-1,5227,5212,5214,-1,5227,5214,5224,-1,5224,5214,5216,-1,5224,5216,5218,-1,5229,5231,5212,-1,5212,5231,5233,-1,5212,5233,5210,-1,5210,5233,5235,-1,5210,5235,5208,-1,5208,5235,5263,-1,5255,5257,5242,-1,5242,5257,5259,-1,5242,5259,5240,-1,5240,5259,5261,-1,5240,5261,5238,-1,5238,5261,5263,-1,5238,5263,5236,-1,5236,5263,5235,-1,5225,5223,5221,-1,5252,5253,5249,-1,5221,5219,5225,-1,5225,5219,5217,-1,5225,5217,5226,-1,5226,5217,5215,-1,5226,5215,5228,-1,5228,5215,5213,-1,5258,5243,5260,-1,5260,5243,5241,-1,5260,5241,5262,-1,5249,5247,5252,-1,5252,5247,5245,-1,5252,5245,5254,-1,5254,5245,5243,-1,5254,5243,5256,-1,5256,5243,5258,-1,5234,5232,5213,-1,5213,5232,5230,-1,5213,5230,5228,-1,5213,5211,5234,-1,5234,5211,5209,-1,5234,5209,5237,-1,5237,5209,5262,-1,5237,5262,5239,-1,5239,5262,5241,-1,5264,5265,5266,-1,5266,5265,5267,-1,5264,5266,5268,-1,5268,5266,5269,-1,5268,5269,5270,-1,5270,5269,5271,-1,5270,5271,5272,-1,5272,5271,5273,-1,5272,5273,5274,-1,5274,5273,5275,-1,5274,5275,5276,-1,5276,5275,5277,-1,5278,5276,5279,-1,5279,5276,5277,-1,5278,5279,5280,-1,5278,5280,5281,-1,5281,5280,5282,-1,5281,5282,5283,-1,5283,5282,5284,-1,5283,5284,5285,-1,5285,5284,5286,-1,5285,5286,5287,-1,5287,5286,5288,-1,5287,5288,5289,-1,5290,5289,5291,-1,5291,5289,5288,-1,5292,5290,5293,-1,5293,5290,5291,-1,5294,5292,5295,-1,5295,5292,5293,-1,5294,5295,5296,-1,5296,5295,5297,-1,5296,5297,5298,-1,5298,5297,5299,-1,5298,5299,5300,-1,5300,5299,5301,-1,5300,5301,5302,-1,5302,5301,5303,-1,5302,5303,5304,-1,5304,5303,5305,-1,5306,5304,5307,-1,5307,5304,5305,-1,5306,5307,5308,-1,5306,5308,5309,-1,5309,5308,5310,-1,5309,5310,5311,-1,5311,5310,5312,-1,5311,5312,5313,-1,5313,5312,5314,-1,5313,5314,5315,-1,5315,5314,5316,-1,5315,5316,5317,-1,5318,5317,5319,-1,5319,5317,5316,-1,5317,5318,5265,-1,5289,5290,5292,-1,5292,5294,5289,-1,5289,5294,5296,-1,5289,5296,5287,-1,5287,5296,5298,-1,5287,5298,5285,-1,5285,5298,5300,-1,5278,5281,5300,-1,5300,5281,5283,-1,5300,5283,5285,-1,5265,5264,5317,-1,5317,5264,5268,-1,5317,5268,5315,-1,5315,5268,5270,-1,5315,5270,5313,-1,5313,5270,5311,-1,5311,5270,5309,-1,5309,5270,5272,-1,5309,5272,5306,-1,5272,5274,5306,-1,5306,5274,5276,-1,5306,5276,5304,-1,5304,5276,5278,-1,5304,5278,5302,-1,5302,5278,5300,-1,5316,5314,5271,-1,5267,5319,5266,-1,5266,5319,5316,-1,5266,5316,5269,-1,5269,5316,5271,-1,5284,5301,5286,-1,5286,5301,5299,-1,5286,5299,5288,-1,5293,5291,5295,-1,5295,5291,5288,-1,5295,5288,5297,-1,5297,5288,5299,-1,5314,5312,5271,-1,5271,5312,5310,-1,5271,5310,5273,-1,5273,5310,5308,-1,5273,5308,5275,-1,5275,5308,5307,-1,5275,5307,5277,-1,5277,5307,5279,-1,5284,5282,5301,-1,5301,5282,5280,-1,5301,5280,5303,-1,5303,5280,5279,-1,5303,5279,5305,-1,5305,5279,5307,-1,5320,5321,5322,-1,5322,5321,5323,-1,5322,5323,5324,-1,5324,5323,5325,-1,5324,5325,5326,-1,5326,5325,5327,-1,5326,5327,5328,-1,5328,5327,5329,-1,5328,5329,5330,-1,5330,5329,5331,-1,5332,5330,5333,-1,5333,5330,5331,-1,5334,5332,5335,-1,5335,5332,5333,-1,5336,5334,5337,-1,5337,5334,5335,-1,5336,5337,5338,-1,5336,5338,5339,-1,5339,5338,5340,-1,5339,5340,5341,-1,5341,5340,5342,-1,5341,5342,5343,-1,5343,5342,5344,-1,5343,5344,5345,-1,5345,5344,5346,-1,5345,5346,5347,-1,5348,5347,5349,-1,5349,5347,5346,-1,5348,5349,5350,-1,5350,5349,5351,-1,5350,5351,5352,-1,5352,5351,5353,-1,5352,5353,5354,-1,5354,5353,5355,-1,5354,5355,5356,-1,5356,5355,5357,-1,5356,5357,5358,-1,5358,5357,5359,-1,5360,5358,5361,-1,5361,5358,5359,-1,5362,5363,5364,-1,5364,5363,5365,-1,5362,5364,5366,-1,5362,5366,5367,-1,5367,5366,5368,-1,5367,5368,5369,-1,5369,5368,5370,-1,5369,5370,5371,-1,5371,5370,5372,-1,5371,5372,5373,-1,5373,5372,5374,-1,5373,5374,5375,-1,5320,5375,5321,-1,5321,5375,5374,-1,5362,5367,5354,-1,5332,5334,5330,-1,5330,5334,5336,-1,5360,5363,5358,-1,5358,5363,5362,-1,5358,5362,5356,-1,5356,5362,5354,-1,5341,5324,5339,-1,5339,5324,5326,-1,5339,5326,5336,-1,5336,5326,5328,-1,5336,5328,5330,-1,5341,5343,5324,-1,5324,5343,5345,-1,5324,5345,5322,-1,5322,5345,5347,-1,5322,5347,5320,-1,5320,5347,5375,-1,5367,5369,5354,-1,5354,5369,5371,-1,5354,5371,5352,-1,5352,5371,5373,-1,5352,5373,5350,-1,5350,5373,5375,-1,5350,5375,5348,-1,5348,5375,5347,-1,5337,5335,5333,-1,5364,5365,5361,-1,5333,5331,5337,-1,5337,5331,5329,-1,5337,5329,5338,-1,5338,5329,5327,-1,5338,5327,5340,-1,5340,5327,5325,-1,5370,5355,5372,-1,5372,5355,5353,-1,5372,5353,5374,-1,5361,5359,5364,-1,5364,5359,5357,-1,5364,5357,5366,-1,5366,5357,5355,-1,5366,5355,5368,-1,5368,5355,5370,-1,5346,5344,5325,-1,5325,5344,5342,-1,5325,5342,5340,-1,5325,5323,5346,-1,5346,5323,5321,-1,5346,5321,5349,-1,5349,5321,5374,-1,5349,5374,5351,-1,5351,5374,5353,-1,5376,5377,5378,-1,5378,5377,5379,-1,5376,5378,5380,-1,5380,5378,5381,-1,5380,5381,5382,-1,5382,5381,5383,-1,5382,5383,5384,-1,5384,5383,5385,-1,5384,5385,5386,-1,5386,5385,5387,-1,5386,5387,5388,-1,5388,5387,5389,-1,5390,5388,5391,-1,5391,5388,5389,-1,5390,5391,5392,-1,5390,5392,5393,-1,5393,5392,5394,-1,5393,5394,5395,-1,5395,5394,5396,-1,5395,5396,5397,-1,5397,5396,5398,-1,5397,5398,5399,-1,5399,5398,5400,-1,5399,5400,5401,-1,5402,5401,5403,-1,5403,5401,5400,-1,5404,5402,5405,-1,5405,5402,5403,-1,5406,5404,5407,-1,5407,5404,5405,-1,5406,5407,5408,-1,5408,5407,5409,-1,5408,5409,5410,-1,5410,5409,5411,-1,5410,5411,5412,-1,5412,5411,5413,-1,5412,5413,5414,-1,5414,5413,5415,-1,5414,5415,5416,-1,5416,5415,5417,-1,5418,5416,5419,-1,5419,5416,5417,-1,5418,5419,5420,-1,5418,5420,5421,-1,5421,5420,5422,-1,5421,5422,5423,-1,5423,5422,5424,-1,5423,5424,5425,-1,5425,5424,5426,-1,5425,5426,5427,-1,5427,5426,5428,-1,5427,5428,5429,-1,5430,5429,5431,-1,5431,5429,5428,-1,5429,5430,5377,-1,5401,5402,5404,-1,5404,5406,5401,-1,5401,5406,5408,-1,5401,5408,5399,-1,5399,5408,5410,-1,5399,5410,5397,-1,5397,5410,5412,-1,5390,5393,5412,-1,5412,5393,5395,-1,5412,5395,5397,-1,5377,5376,5429,-1,5429,5376,5380,-1,5429,5380,5427,-1,5427,5380,5382,-1,5427,5382,5425,-1,5425,5382,5423,-1,5423,5382,5421,-1,5421,5382,5384,-1,5421,5384,5418,-1,5384,5386,5418,-1,5418,5386,5388,-1,5418,5388,5416,-1,5416,5388,5390,-1,5416,5390,5414,-1,5414,5390,5412,-1,5428,5426,5383,-1,5379,5431,5378,-1,5378,5431,5428,-1,5378,5428,5381,-1,5381,5428,5383,-1,5396,5413,5398,-1,5398,5413,5411,-1,5398,5411,5400,-1,5405,5403,5407,-1,5407,5403,5400,-1,5407,5400,5409,-1,5409,5400,5411,-1,5426,5424,5383,-1,5383,5424,5422,-1,5383,5422,5385,-1,5385,5422,5420,-1,5385,5420,5387,-1,5387,5420,5419,-1,5387,5419,5389,-1,5389,5419,5391,-1,5396,5394,5413,-1,5413,5394,5392,-1,5413,5392,5415,-1,5415,5392,5391,-1,5415,5391,5417,-1,5417,5391,5419,-1,5432,5433,5434,-1,5434,5433,5435,-1,5434,5435,5436,-1,5436,5435,5437,-1,5436,5437,5438,-1,5438,5437,5439,-1,5438,5439,5440,-1,5440,5439,5441,-1,5440,5441,5442,-1,5442,5441,5443,-1,5444,5442,5445,-1,5445,5442,5443,-1,5446,5444,5447,-1,5447,5444,5445,-1,5448,5446,5449,-1,5449,5446,5447,-1,5448,5449,5450,-1,5448,5450,5451,-1,5451,5450,5452,-1,5451,5452,5453,-1,5453,5452,5454,-1,5453,5454,5455,-1,5455,5454,5456,-1,5455,5456,5457,-1,5457,5456,5458,-1,5457,5458,5459,-1,5460,5459,5461,-1,5461,5459,5458,-1,5460,5461,5462,-1,5462,5461,5463,-1,5462,5463,5464,-1,5464,5463,5465,-1,5464,5465,5466,-1,5466,5465,5467,-1,5466,5467,5468,-1,5468,5467,5469,-1,5468,5469,5470,-1,5470,5469,5471,-1,5472,5470,5473,-1,5473,5470,5471,-1,5474,5475,5476,-1,5476,5475,5477,-1,5474,5476,5478,-1,5474,5478,5479,-1,5479,5478,5480,-1,5479,5480,5481,-1,5481,5480,5482,-1,5481,5482,5483,-1,5483,5482,5484,-1,5483,5484,5485,-1,5485,5484,5486,-1,5485,5486,5487,-1,5432,5487,5433,-1,5433,5487,5486,-1,5474,5479,5466,-1,5444,5446,5442,-1,5442,5446,5448,-1,5472,5475,5470,-1,5470,5475,5474,-1,5470,5474,5468,-1,5468,5474,5466,-1,5453,5436,5451,-1,5451,5436,5438,-1,5451,5438,5448,-1,5448,5438,5440,-1,5448,5440,5442,-1,5453,5455,5436,-1,5436,5455,5457,-1,5436,5457,5434,-1,5434,5457,5459,-1,5434,5459,5432,-1,5432,5459,5487,-1,5479,5481,5466,-1,5466,5481,5483,-1,5466,5483,5464,-1,5464,5483,5485,-1,5464,5485,5462,-1,5462,5485,5487,-1,5462,5487,5460,-1,5460,5487,5459,-1,5449,5447,5445,-1,5476,5477,5473,-1,5445,5443,5449,-1,5449,5443,5441,-1,5449,5441,5450,-1,5450,5441,5439,-1,5450,5439,5452,-1,5452,5439,5437,-1,5482,5467,5484,-1,5484,5467,5465,-1,5484,5465,5486,-1,5473,5471,5476,-1,5476,5471,5469,-1,5476,5469,5478,-1,5478,5469,5467,-1,5478,5467,5480,-1,5480,5467,5482,-1,5458,5456,5437,-1,5437,5456,5454,-1,5437,5454,5452,-1,5437,5435,5458,-1,5458,5435,5433,-1,5458,5433,5461,-1,5461,5433,5486,-1,5461,5486,5463,-1,5463,5486,5465,-1,5488,5489,5490,-1,5490,5489,5491,-1,5488,5490,5492,-1,5492,5490,5493,-1,5492,5493,5494,-1,5494,5493,5495,-1,5494,5495,5496,-1,5496,5495,5497,-1,5496,5497,5498,-1,5498,5497,5499,-1,5498,5499,5500,-1,5500,5499,5501,-1,5502,5500,5503,-1,5503,5500,5501,-1,5502,5503,5504,-1,5502,5504,5505,-1,5505,5504,5506,-1,5505,5506,5507,-1,5507,5506,5508,-1,5507,5508,5509,-1,5509,5508,5510,-1,5509,5510,5511,-1,5511,5510,5512,-1,5511,5512,5513,-1,5514,5513,5515,-1,5515,5513,5512,-1,5516,5514,5517,-1,5517,5514,5515,-1,5518,5516,5519,-1,5519,5516,5517,-1,5518,5519,5520,-1,5520,5519,5521,-1,5520,5521,5522,-1,5522,5521,5523,-1,5522,5523,5524,-1,5524,5523,5525,-1,5524,5525,5526,-1,5526,5525,5527,-1,5526,5527,5528,-1,5528,5527,5529,-1,5530,5528,5531,-1,5531,5528,5529,-1,5530,5531,5532,-1,5530,5532,5533,-1,5533,5532,5534,-1,5533,5534,5535,-1,5535,5534,5536,-1,5535,5536,5537,-1,5537,5536,5538,-1,5537,5538,5539,-1,5539,5538,5540,-1,5539,5540,5541,-1,5542,5541,5543,-1,5543,5541,5540,-1,5541,5542,5489,-1,5513,5514,5516,-1,5516,5518,5513,-1,5513,5518,5520,-1,5513,5520,5511,-1,5511,5520,5522,-1,5511,5522,5509,-1,5509,5522,5524,-1,5502,5505,5524,-1,5524,5505,5507,-1,5524,5507,5509,-1,5489,5488,5541,-1,5541,5488,5492,-1,5541,5492,5539,-1,5539,5492,5494,-1,5539,5494,5537,-1,5537,5494,5535,-1,5535,5494,5533,-1,5533,5494,5496,-1,5533,5496,5530,-1,5496,5498,5530,-1,5530,5498,5500,-1,5530,5500,5528,-1,5528,5500,5502,-1,5528,5502,5526,-1,5526,5502,5524,-1,5540,5538,5495,-1,5491,5543,5490,-1,5490,5543,5540,-1,5490,5540,5493,-1,5493,5540,5495,-1,5508,5525,5510,-1,5510,5525,5523,-1,5510,5523,5512,-1,5517,5515,5519,-1,5519,5515,5512,-1,5519,5512,5521,-1,5521,5512,5523,-1,5538,5536,5495,-1,5495,5536,5534,-1,5495,5534,5497,-1,5497,5534,5532,-1,5497,5532,5499,-1,5499,5532,5531,-1,5499,5531,5501,-1,5501,5531,5503,-1,5508,5506,5525,-1,5525,5506,5504,-1,5525,5504,5527,-1,5527,5504,5503,-1,5527,5503,5529,-1,5529,5503,5531,-1,5544,5545,5546,-1,5546,5545,5547,-1,5546,5547,5548,-1,5548,5547,5549,-1,5548,5549,5550,-1,5550,5549,5551,-1,5550,5551,5552,-1,5552,5551,5553,-1,5552,5553,5554,-1,5554,5553,5555,-1,5556,5554,5557,-1,5557,5554,5555,-1,5558,5556,5559,-1,5559,5556,5557,-1,5560,5558,5561,-1,5561,5558,5559,-1,5560,5561,5562,-1,5560,5562,5563,-1,5563,5562,5564,-1,5563,5564,5565,-1,5565,5564,5566,-1,5565,5566,5567,-1,5567,5566,5568,-1,5567,5568,5569,-1,5569,5568,5570,-1,5569,5570,5571,-1,5572,5571,5573,-1,5573,5571,5570,-1,5572,5573,5574,-1,5574,5573,5575,-1,5574,5575,5576,-1,5576,5575,5577,-1,5576,5577,5578,-1,5578,5577,5579,-1,5578,5579,5580,-1,5580,5579,5581,-1,5580,5581,5582,-1,5582,5581,5583,-1,5584,5582,5585,-1,5585,5582,5583,-1,5586,5587,5588,-1,5588,5587,5589,-1,5586,5588,5590,-1,5586,5590,5591,-1,5591,5590,5592,-1,5591,5592,5593,-1,5593,5592,5594,-1,5593,5594,5595,-1,5595,5594,5596,-1,5595,5596,5597,-1,5597,5596,5598,-1,5597,5598,5599,-1,5544,5599,5545,-1,5545,5599,5598,-1,5586,5591,5578,-1,5556,5558,5554,-1,5554,5558,5560,-1,5584,5587,5582,-1,5582,5587,5586,-1,5582,5586,5580,-1,5580,5586,5578,-1,5565,5548,5563,-1,5563,5548,5550,-1,5563,5550,5560,-1,5560,5550,5552,-1,5560,5552,5554,-1,5565,5567,5548,-1,5548,5567,5569,-1,5548,5569,5546,-1,5546,5569,5571,-1,5546,5571,5544,-1,5544,5571,5599,-1,5591,5593,5578,-1,5578,5593,5595,-1,5578,5595,5576,-1,5576,5595,5597,-1,5576,5597,5574,-1,5574,5597,5599,-1,5574,5599,5572,-1,5572,5599,5571,-1,5561,5559,5557,-1,5588,5589,5585,-1,5557,5555,5561,-1,5561,5555,5553,-1,5561,5553,5562,-1,5562,5553,5551,-1,5562,5551,5564,-1,5564,5551,5549,-1,5594,5579,5596,-1,5596,5579,5577,-1,5596,5577,5598,-1,5585,5583,5588,-1,5588,5583,5581,-1,5588,5581,5590,-1,5590,5581,5579,-1,5590,5579,5592,-1,5592,5579,5594,-1,5570,5568,5549,-1,5549,5568,5566,-1,5549,5566,5564,-1,5549,5547,5570,-1,5570,5547,5545,-1,5570,5545,5573,-1,5573,5545,5598,-1,5573,5598,5575,-1,5575,5598,5577,-1,
        ]
    }
}
Shape{
    appearance Appearance {
        material  Material 	{
            diffuseColor 0.20784313725490197 0.20784313725490197 0.20784313725490197
            specularColor 0.01568627450980392 0.01568627450980392 0.01568627450980392
            ambientIntensity 0.298
            transparency 0.0
            shininess 0.5
        }
    }
    geometry IndexedFaceSet {
        ccw TRUE
        solid FALSE
        coord DEF co Coordinate {
            point [
                2.7026 2.537 0.4331, 2.7026 -2.537 0.4331, 2.7122 -2.537 0.4319, 2.7418 -2.537 0.3971, 2.7418 2.537 0.3971, 2.7399 -2.537 0.4064, 2.7399 2.537 0.4064, 2.7398 -2.537 0.4066, 2.7398 2.537 0.4066, 2.7356 -2.537 0.4151, 2.7356 2.537 0.4151, 2.7355 -2.537 0.4153, 2.7355 2.537 0.4153, 2.7293 -2.537 0.4226, 2.7293 2.537 0.4226, 2.7292 -2.537 0.4227, 2.7292 2.537 0.4227, 2.7214 -2.537 0.4283, 2.7214 2.537 0.4283, 2.7213 -2.537 0.4283, 2.7213 2.537 0.4283, 2.7123 -2.537 0.4319, 2.7123 2.537 0.4319, 2.7122 2.537 0.4319, 2.735 2.5586 0.3973, 2.7336 2.5577 0.4064, 2.7366 2.5566 0.3974, 2.7371 2.5512 0.4064, 2.7385 2.5518 0.3974, 2.7405 2.5471 0.3974, 2.7392 2.5443 0.4064, 2.7408 2.5446 0.3973, 2.7121 2.5389 0.4319, 2.7095 2.5438 0.4319, 2.7107 2.5424 0.4319, 2.7158 2.5502 0.4283, 2.7182 2.5474 0.4283, 2.721 2.5406 0.4283, 2.7248 2.5518 0.4226, 2.7214 2.5558 0.4227, 2.7159 2.5503 0.4283, 2.7288 2.5422 0.4226, 2.7289 2.5633 0.4066, 2.726 2.5603 0.4151, 2.7301 2.5553 0.4151, 2.7259 2.5602 0.4153, 2.7215 2.5559 0.4226, 2.7116 2.5407 0.4319, 2.72 2.5442 0.4283, 2.7273 2.5472 0.4226, 2.7331 2.5496 0.4151, 2.735 2.5434 0.4151, 2.7094 2.5438 0.4319, 2.7303 2.5647 0.3971, 2.729 2.5633 0.4064, 2.7386 -2.5466 0.4064, 2.7405 -2.5471 0.3974, 2.711 -2.5418 0.4319, 2.7094 -2.5438 0.4319, 2.7208 -2.5418 0.4283, 2.712 -2.5395 0.4319, 2.7095 -2.5438 0.4319, 2.7158 -2.5502 0.4283, 2.7189 -2.5464 0.4283, 2.7284 -2.5439 0.4226, 2.7159 -2.5503 0.4283, 2.7214 -2.5558 0.4227, 2.7258 -2.5503 0.4226, 2.7345 -2.5455 0.4151, 2.7215 -2.5559 0.4226, 2.7259 -2.5602 0.4153, 2.7312 -2.5535 0.4151, 2.7366 -2.5566 0.3974, 2.7349 -2.5556 0.4064, 2.7303 -2.5647 0.3971, 2.729 -2.5633 0.4064, 2.7289 -2.5633 0.4066, 2.726 -2.5603 0.4151, 2.7444 2.5705 0.2362, 2.7507 2.5624 0.2362, 2.7529 2.5578 0.2362, 2.7546 2.553 0.2362, 2.7559 2.5428 0.2362, 2.537 2.7026 0.4331, 2.5647 2.7303 0.3971, 2.5633 2.729 0.4064, 2.5633 2.7289 0.4066, 2.5603 2.726 0.4151, 2.5602 2.7259 0.4153, 2.5559 2.7215 0.4226, 2.5558 2.7214 0.4227, 2.5503 2.7159 0.4283, 2.5502 2.7158 0.4283, 2.5438 2.7095 0.4319, 2.5438 2.7094 0.4319, 2.537 -2.7026 0.4331, 2.5438 -2.7094 0.4319, 2.5647 -2.7303 0.3971, 2.5633 -2.729 0.4064, 2.5633 -2.7289 0.4066, 2.5603 -2.726 0.4151, 2.5602 -2.7259 0.4153, 2.5559 -2.7215 0.4226, 2.5558 -2.7214 0.4227, 2.5503 -2.7159 0.4283, 2.5502 -2.7158 0.4283, 2.5438 -2.7095 0.4319, 2.7559 -2.5428 0.2362, 2.7546 -2.553 0.2362, 2.7529 -2.5578 0.2362, 2.7507 -2.5624 0.2362, 2.7444 -2.5705 0.2362, 2.7418 2.537 0.0753, 2.7405 2.5471 0.0751, 2.7366 2.5566 0.0751, 2.7303 2.5647 0.0753, 2.5446 2.7408 0.3973, 2.5443 2.7392 0.4064, 2.5471 2.7405 0.3974, 2.5512 2.7371 0.4064, 2.5518 2.7385 0.3974, 2.5566 2.7366 0.3974, 2.5577 2.7336 0.4064, 2.5586 2.735 0.3973, 2.5424 2.7107 0.4319, 2.537 2.7123 0.4319, 2.5389 2.7121 0.4319, 2.537 2.7213 0.4283, 2.5406 2.721 0.4283, 2.5474 2.7182 0.4283, 2.5422 2.7288 0.4226, 2.537 2.7292 0.4227, 2.537 2.7214 0.4283, 2.5518 2.7248 0.4226, 2.537 2.7398 0.4066, 2.537 2.7356 0.4151, 2.5434 2.735 0.4151, 2.537 2.7355 0.4153, 2.537 2.7293 0.4226, 2.5407 2.7116 0.4319, 2.5442 2.72 0.4283, 2.5472 2.7273 0.4226, 2.5496 2.7331 0.4151, 2.5553 2.7301 0.4151, 2.537 2.7122 0.4319, 2.537 2.7418 0.3971, 2.537 2.7399 0.4064, 2.5586 -2.735 0.3973, 2.5577 -2.7336 0.4064, 2.5566 -2.7366 0.3974, 2.5512 -2.7371 0.4064, 2.5518 -2.7385 0.3974, 2.5471 -2.7405 0.3974, 2.5443 -2.7392 0.4064, 2.5446 -2.7408 0.3973, 2.537 -2.7399 0.4064, 2.537 -2.7418 0.3971, 2.5389 -2.7121 0.4319, 2.537 -2.7122 0.4319, 2.5424 -2.7107 0.4319, 2.5474 -2.7182 0.4283, 2.537 -2.7123 0.4319, 2.537 -2.7213 0.4283, 2.5406 -2.721 0.4283, 2.5518 -2.7248 0.4226, 2.537 -2.7214 0.4283, 2.537 -2.7292 0.4227, 2.5422 -2.7288 0.4226, 2.5553 -2.7301 0.4151, 2.5407 -2.7116 0.4319, 2.5442 -2.72 0.4283, 2.5472 -2.7273 0.4226, 2.5496 -2.7331 0.4151, 2.5434 -2.735 0.4151, 2.537 -2.7293 0.4226, 2.537 -2.7355 0.4153, 2.537 -2.7356 0.4151, 2.537 -2.7398 0.4066, 2.7303 -2.5647 0.0753, 2.7366 -2.5566 0.0751, 2.7405 -2.5471 0.0751, 2.7418 -2.537 0.0753, 2.7399 2.537 0.0661, 2.7399 -2.537 0.0661, 2.7398 2.537 0.0658, 2.7398 -2.537 0.0658, 2.7356 2.537 0.0573, 2.7356 -2.537 0.0573, 2.7355 2.537 0.0571, 2.7355 -2.537 0.0571, 2.7293 2.537 0.0498, 2.7293 -2.537 0.0498, 2.7292 2.537 0.0497, 2.7292 -2.537 0.0497, 2.7214 2.537 0.0441, 2.7214 -2.537 0.0441, 2.7213 2.537 0.0441, 2.7213 -2.537 0.0441, 2.7123 2.537 0.0406, 2.7123 -2.537 0.0406, 2.7122 2.537 0.0406, 2.7122 -2.537 0.0406, 2.7026 -2.537 0.0394, 2.7026 2.537 0.0394, 2.712 2.5395 0.0406, 2.7158 2.5502 0.0441, 2.7159 2.5503 0.0441, 2.7189 2.5464 0.0441, 2.7208 2.5418 0.0441, 2.7214 2.5558 0.0497, 2.7215 2.5559 0.0498, 2.7258 2.5503 0.0498, 2.7284 2.5439 0.0498, 2.7345 2.5455 0.0573, 2.7312 2.5535 0.0573, 2.7349 2.5556 0.0661, 2.7386 2.5466 0.0661, 2.729 2.5633 0.0661, 2.7289 2.5633 0.0658, 2.726 2.5603 0.0573, 2.7259 2.5602 0.0571, 2.711 2.5418 0.0406, 2.7094 2.5438 0.0406, 2.7095 2.5438 0.0406, 2.5428 2.7559 0.2362, 2.553 2.7546 0.2362, 2.5578 2.7529 0.2362, 2.5624 2.7507 0.2362, 2.5705 2.7444 0.2362, -2.537 2.7026 0.4331, -2.537 2.7418 0.3971, -2.537 2.7399 0.4064, -2.537 2.7398 0.4066, -2.537 2.7356 0.4151, -2.537 2.7355 0.4153, -2.537 2.7293 0.4226, -2.537 2.7292 0.4227, -2.537 2.7214 0.4283, -2.537 2.7213 0.4283, -2.537 2.7123 0.4319, -2.537 2.7122 0.4319, -2.537 -2.7026 0.4331, -2.537 -2.7122 0.4319, -2.537 -2.7418 0.3971, -2.537 -2.7399 0.4064, -2.537 -2.7398 0.4066, -2.537 -2.7356 0.4151, -2.537 -2.7355 0.4153, -2.537 -2.7293 0.4226, -2.537 -2.7292 0.4227, -2.537 -2.7214 0.4283, -2.537 -2.7213 0.4283, -2.537 -2.7123 0.4319, 2.5705 -2.7444 0.2362, 2.5624 -2.7507 0.2362, 2.5578 -2.7529 0.2362, 2.553 -2.7546 0.2362, 2.5428 -2.7559 0.2362, 2.7158 -2.5502 0.0441, 2.7095 -2.5438 0.0406, 2.711 -2.5418 0.0406, 2.7208 -2.5418 0.0441, 2.7214 -2.5558 0.0497, 2.7159 -2.5503 0.0441, 2.7189 -2.5464 0.0441, 2.7284 -2.5439 0.0498, 2.7259 -2.5602 0.0571, 2.7215 -2.5559 0.0498, 2.7258 -2.5503 0.0498, 2.7289 -2.5633 0.0658, 2.726 -2.5603 0.0573, 2.7312 -2.5535 0.0573, 2.7345 -2.5455 0.0573, 2.7386 -2.5466 0.0661, 2.7349 -2.5556 0.0661, 2.729 -2.5633 0.0661, 2.712 -2.5395 0.0406, 2.7094 -2.5438 0.0406, 2.5647 2.7303 0.0753, 2.5633 2.729 0.0661, 2.5633 2.7289 0.0658, 2.5603 2.726 0.0573, 2.5602 2.7259 0.0571, 2.5559 2.7215 0.0498, 2.5558 2.7214 0.0497, 2.5503 2.7159 0.0441, 2.5502 2.7158 0.0441, 2.5438 2.7095 0.0406, 2.5438 2.7094 0.0406, 2.537 2.7026 0.0394, 2.5566 2.7366 0.0751, 2.5471 2.7405 0.0751, 2.537 2.7418 0.0753, -2.5556 2.7349 0.4064, -2.5566 2.7366 0.3974, -2.5647 2.7303 0.3971, -2.5395 2.712 0.4319, -2.5464 2.7189 0.4283, -2.5502 2.7158 0.4283, -2.5418 2.711 0.4319, -2.5438 2.7095 0.4319, -2.5438 2.7094 0.4319, -2.5418 2.7208 0.4283, -2.5503 2.7258 0.4226, -2.5558 2.7214 0.4227, -2.5503 2.7159 0.4283, -2.5439 2.7284 0.4226, -2.5535 2.7312 0.4151, -2.5602 2.7259 0.4153, -2.5559 2.7215 0.4226, -2.5455 2.7345 0.4151, -2.5633 2.729 0.4064, -2.5633 2.7289 0.4066, -2.5603 2.726 0.4151, -2.5471 2.7405 0.3974, -2.5466 2.7386 0.4064, -2.5466 -2.7386 0.4064, -2.5471 -2.7405 0.3974, -2.5418 -2.711 0.4319, -2.5438 -2.7094 0.4319, -2.5418 -2.7208 0.4283, -2.5395 -2.712 0.4319, -2.5438 -2.7095 0.4319, -2.5502 -2.7158 0.4283, -2.5464 -2.7189 0.4283, -2.5439 -2.7284 0.4226, -2.5503 -2.7159 0.4283, -2.5558 -2.7214 0.4227, -2.5503 -2.7258 0.4226, -2.5455 -2.7345 0.4151, -2.5559 -2.7215 0.4226, -2.5602 -2.7259 0.4153, -2.5535 -2.7312 0.4151, -2.5566 -2.7366 0.3974, -2.5556 -2.7349 0.4064, -2.5647 -2.7303 0.3971, -2.5633 -2.729 0.4064, -2.5633 -2.7289 0.4066, -2.5603 -2.726 0.4151, 2.537 -2.7418 0.0753, 2.5471 -2.7405 0.0751, 2.5566 -2.7366 0.0751, 2.5647 -2.7303 0.0753, 2.5633 -2.729 0.0661, 2.5633 -2.7289 0.0658, 2.5603 -2.726 0.0573, 2.5602 -2.7259 0.0571, 2.5559 -2.7215 0.0498, 2.5558 -2.7214 0.0497, 2.5503 -2.7159 0.0441, 2.5502 -2.7158 0.0441, 2.5438 -2.7095 0.0406, 2.5438 -2.7094 0.0406, 2.537 -2.7026 0.0394, 2.5418 2.711 0.0406, 2.537 2.7213 0.0441, 2.537 2.7214 0.0441, 2.5418 2.7208 0.0441, 2.5464 2.7189 0.0441, 2.537 2.7292 0.0497, 2.537 2.7293 0.0498, 2.5439 2.7284 0.0498, 2.5503 2.7258 0.0498, 2.5535 2.7312 0.0573, 2.5455 2.7345 0.0573, 2.5466 2.7386 0.0661, 2.5556 2.7349 0.0661, 2.537 2.7399 0.0661, 2.537 2.7398 0.0658, 2.537 2.7356 0.0573, 2.537 2.7355 0.0571, 2.5395 2.712 0.0406, 2.537 2.7122 0.0406, 2.537 2.7123 0.0406, -2.5705 2.7444 0.2362, -2.5624 2.7507 0.2362, -2.5578 2.7529 0.2362, -2.553 2.7546 0.2362, -2.5428 2.7559 0.2362, -2.7026 2.537 0.4331, -2.7303 2.5647 0.3971, -2.729 2.5633 0.4064, -2.7289 2.5633 0.4066, -2.726 2.5603 0.4151, -2.7259 2.5602 0.4153, -2.7215 2.5559 0.4226, -2.7214 2.5558 0.4227, -2.7159 2.5503 0.4283, -2.7158 2.5502 0.4283, -2.7095 2.5438 0.4319, -2.7094 2.5438 0.4319, -2.7026 -2.537 0.4331, -2.7122 2.537 0.4319, -2.7418 2.537 0.3971, -2.7418 -2.537 0.3971, -2.7399 2.537 0.4064, -2.7399 -2.537 0.4064, -2.7398 2.537 0.4066, -2.7398 -2.537 0.4066, -2.7356 2.537 0.4151, -2.7356 -2.537 0.4151, -2.7355 2.537 0.4153, -2.7355 -2.537 0.4153, -2.7293 2.537 0.4226, -2.7293 -2.537 0.4226, -2.7292 2.537 0.4227, -2.7292 -2.537 0.4227, -2.7214 2.537 0.4283, -2.7214 -2.537 0.4283, -2.7213 2.537 0.4283, -2.7213 -2.537 0.4283, -2.7123 2.537 0.4319, -2.7123 -2.537 0.4319, -2.7122 -2.537 0.4319, -2.7094 -2.5438 0.4319, -2.7303 -2.5647 0.3971, -2.729 -2.5633 0.4064, -2.7289 -2.5633 0.4066, -2.726 -2.5603 0.4151, -2.7259 -2.5602 0.4153, -2.7215 -2.5559 0.4226, -2.7214 -2.5558 0.4227, -2.7159 -2.5503 0.4283, -2.7158 -2.5502 0.4283, -2.7095 -2.5438 0.4319, -2.5428 -2.7559 0.2362, -2.553 -2.7546 0.2362, -2.5578 -2.7529 0.2362, -2.5624 -2.7507 0.2362, -2.5705 -2.7444 0.2362, 2.537 -2.7213 0.0441, 2.537 -2.7123 0.0406, 2.5395 -2.712 0.0406, 2.5464 -2.7189 0.0441, 2.537 -2.7292 0.0497, 2.537 -2.7214 0.0441, 2.5418 -2.7208 0.0441, 2.5503 -2.7258 0.0498, 2.537 -2.7355 0.0571, 2.537 -2.7293 0.0498, 2.5439 -2.7284 0.0498, 2.537 -2.7398 0.0658, 2.537 -2.7356 0.0573, 2.5455 -2.7345 0.0573, 2.5535 -2.7312 0.0573, 2.5556 -2.7349 0.0661, 2.5466 -2.7386 0.0661, 2.537 -2.7399 0.0661, 2.5418 -2.711 0.0406, 2.537 -2.7122 0.0406, -2.537 2.7418 0.0753, -2.537 2.7399 0.0661, -2.537 2.7398 0.0658, -2.537 2.7356 0.0573, -2.537 2.7355 0.0571, -2.537 2.7293 0.0498, -2.537 2.7292 0.0497, -2.537 2.7214 0.0441, -2.537 2.7213 0.0441, -2.537 2.7123 0.0406, -2.537 2.7122 0.0406, -2.537 2.7026 0.0394, -2.5471 2.7405 0.0751, -2.5566 2.7366 0.0751, -2.5647 2.7303 0.0753, -2.7386 2.5466 0.4064, -2.7405 2.5471 0.3974, -2.711 2.5418 0.4319, -2.7208 2.5418 0.4283, -2.712 2.5395 0.4319, -2.7189 2.5464 0.4283, -2.7284 2.5439 0.4226, -2.7258 2.5503 0.4226, -2.7345 2.5455 0.4151, -2.7312 2.5535 0.4151, -2.7366 2.5566 0.3974, -2.7349 2.5556 0.4064, -2.735 -2.5586 0.3973, -2.7336 -2.5577 0.4064, -2.7366 -2.5566 0.3974, -2.7371 -2.5512 0.4064, -2.7385 -2.5518 0.3974, -2.7405 -2.5471 0.3974, -2.7392 -2.5443 0.4064, -2.7408 -2.5446 0.3973, -2.7121 -2.5389 0.4319, -2.7107 -2.5424 0.4319, -2.7182 -2.5474 0.4283, -2.721 -2.5406 0.4283, -2.7248 -2.5518 0.4226, -2.7288 -2.5422 0.4226, -2.7301 -2.5553 0.4151, -2.7116 -2.5407 0.4319, -2.72 -2.5442 0.4283, -2.7273 -2.5472 0.4226, -2.7331 -2.5496 0.4151, -2.735 -2.5434 0.4151, -2.5647 -2.7303 0.0753, -2.5566 -2.7366 0.0751, -2.5471 -2.7405 0.0751, -2.537 -2.7418 0.0753, -2.537 -2.7399 0.0661, -2.537 -2.7398 0.0658, -2.537 -2.7356 0.0573, -2.537 -2.7355 0.0571, -2.537 -2.7293 0.0498, -2.537 -2.7292 0.0497, -2.537 -2.7214 0.0441, -2.537 -2.7213 0.0441, -2.537 -2.7123 0.0406, -2.537 -2.7122 0.0406, -2.537 -2.7026 0.0394, -2.5395 2.712 0.0406, -2.5502 2.7158 0.0441, -2.5503 2.7159 0.0441, -2.5464 2.7189 0.0441, -2.5418 2.7208 0.0441, -2.5558 2.7214 0.0497, -2.5559 2.7215 0.0498, -2.5503 2.7258 0.0498, -2.5439 2.7284 0.0498, -2.5455 2.7345 0.0573, -2.5535 2.7312 0.0573, -2.5556 2.7349 0.0661, -2.5466 2.7386 0.0661, -2.5633 2.729 0.0661, -2.5633 2.7289 0.0658, -2.5603 2.726 0.0573, -2.5602 2.7259 0.0571, -2.5418 2.711 0.0406, -2.5438 2.7094 0.0406, -2.5438 2.7095 0.0406, -2.7559 2.5428 0.2362, -2.7546 2.553 0.2362, -2.7529 2.5578 0.2362, -2.7507 2.5624 0.2362, -2.7444 2.5705 0.2362, -2.7444 -2.5705 0.2362, -2.7507 -2.5624 0.2362, -2.7529 -2.5578 0.2362, -2.7546 -2.553 0.2362, -2.7559 -2.5428 0.2362, -2.5502 -2.7158 0.0441, -2.5438 -2.7095 0.0406, -2.5418 -2.711 0.0406, -2.5418 -2.7208 0.0441, -2.5558 -2.7214 0.0497, -2.5503 -2.7159 0.0441, -2.5464 -2.7189 0.0441, -2.5439 -2.7284 0.0498, -2.5602 -2.7259 0.0571, -2.5559 -2.7215 0.0498, -2.5503 -2.7258 0.0498, -2.5633 -2.7289 0.0658, -2.5603 -2.726 0.0573, -2.5535 -2.7312 0.0573, -2.5455 -2.7345 0.0573, -2.5466 -2.7386 0.0661, -2.5556 -2.7349 0.0661, -2.5633 -2.729 0.0661, -2.5395 -2.712 0.0406, -2.5438 -2.7094 0.0406, -2.7303 2.5647 0.0753, -2.729 2.5633 0.0661, -2.7289 2.5633 0.0658, -2.726 2.5603 0.0573, -2.7259 2.5602 0.0571, -2.7215 2.5559 0.0498, -2.7214 2.5558 0.0497, -2.7159 2.5503 0.0441, -2.7158 2.5502 0.0441, -2.7095 2.5438 0.0406, -2.7094 2.5438 0.0406, -2.7026 2.537 0.0394, -2.735 2.5586 0.0751, -2.7366 2.5566 0.0751, -2.7385 2.5518 0.0751, -2.7418 2.537 0.0753, -2.7408 2.5446 0.0751, -2.7405 2.5471 0.0751, -2.7418 -2.537 0.0753, -2.7405 -2.5471 0.0751, -2.7366 -2.5566 0.0751, -2.7303 -2.5647 0.0753, -2.729 -2.5633 0.0661, -2.7289 -2.5633 0.0658, -2.726 -2.5603 0.0573, -2.7259 -2.5602 0.0571, -2.7215 -2.5559 0.0498, -2.7214 -2.5558 0.0497, -2.7159 -2.5503 0.0441, -2.7158 -2.5502 0.0441, -2.7095 -2.5438 0.0406, -2.7094 -2.5438 0.0406, -2.7026 -2.537 0.0394, -2.7107 2.5424 0.0406, -2.7371 2.5512 0.0661, -2.7336 2.5577 0.0661, -2.7399 2.537 0.0661, -2.7392 2.5443 0.0661, -2.7398 2.537 0.0658, -2.735 2.5434 0.0573, -2.7301 2.5553 0.0573, -2.7288 2.5422 0.0498, -2.7355 2.537 0.0571, -2.7356 2.537 0.0573, -2.7248 2.5518 0.0498, -2.721 2.5406 0.0441, -2.7292 2.537 0.0497, -2.7293 2.537 0.0498, -2.7182 2.5474 0.0441, -2.7121 2.5389 0.0406, -2.7213 2.537 0.0441, -2.7214 2.537 0.0441, -2.7331 2.5496 0.0573, -2.7273 2.5472 0.0498, -2.72 2.5442 0.0441, -2.7116 2.5407 0.0406, -2.7122 2.537 0.0406, -2.7123 2.537 0.0406, -2.7213 -2.537 0.0441, -2.7123 -2.537 0.0406, -2.712 -2.5395 0.0406, -2.7189 -2.5464 0.0441, -2.7292 -2.537 0.0497, -2.7214 -2.537 0.0441, -2.7208 -2.5418 0.0441, -2.7258 -2.5503 0.0498, -2.7355 -2.537 0.0571, -2.7293 -2.537 0.0498, -2.7284 -2.5439 0.0498, -2.7398 -2.537 0.0658, -2.7356 -2.537 0.0573, -2.7345 -2.5455 0.0573, -2.7312 -2.5535 0.0573, -2.7349 -2.5556 0.0661, -2.7386 -2.5466 0.0661, -2.7399 -2.537 0.0661, -2.711 -2.5418 0.0406, -2.7122 -2.537 0.0406
            ]
        }
        coordIndex [
            0,1,2,-1,3,4,5,-1,5,4,6,-1,5,6,7,-1,7,6,8,-1,7,8,9,-1,9,8,10,-1,9,10,11,-1,11,10,12,-1,11,12,13,-1,13,12,14,-1,13,14,15,-1,15,14,16,-1,15,16,17,-1,17,16,18,-1,17,18,19,-1,19,18,20,-1,19,20,21,-1,21,20,22,-1,21,22,2,-1,2,22,23,-1,2,23,0,-1,24,25,26,-1,26,25,27,-1,26,27,28,-1,28,27,29,-1,29,27,30,-1,29,30,31,-1,31,30,6,-1,31,6,4,-1,32,0,23,-1,33,34,35,-1,35,34,36,-1,23,22,32,-1,32,22,20,-1,32,20,37,-1,38,39,36,-1,36,39,40,-1,36,40,35,-1,20,18,37,-1,37,18,16,-1,37,16,41,-1,42,43,44,-1,44,43,45,-1,44,45,38,-1,38,45,46,-1,38,46,39,-1,34,47,36,-1,36,47,48,-1,36,48,38,-1,38,48,49,-1,38,49,44,-1,44,49,50,-1,51,50,41,-1,41,50,49,-1,41,49,37,-1,37,49,48,-1,37,48,32,-1,32,48,47,-1,32,47,0,-1,34,0,47,-1,33,52,34,-1,34,52,0,-1,24,53,25,-1,25,53,54,-1,25,54,42,-1,16,14,41,-1,41,14,12,-1,41,12,51,-1,51,12,10,-1,51,10,8,-1,42,44,25,-1,25,44,50,-1,25,50,27,-1,27,50,51,-1,27,51,30,-1,30,51,8,-1,30,8,6,-1,55,56,3,-1,57,1,58,-1,59,19,60,-1,60,19,21,-1,60,21,2,-1,58,61,57,-1,57,61,62,-1,57,62,63,-1,64,15,59,-1,59,15,17,-1,59,17,19,-1,62,65,63,-1,63,65,66,-1,63,66,67,-1,68,11,64,-1,64,11,13,-1,64,13,15,-1,66,69,67,-1,67,69,70,-1,67,70,71,-1,3,5,55,-1,55,5,7,-1,55,7,68,-1,68,7,9,-1,68,9,11,-1,72,56,73,-1,73,56,55,-1,73,55,71,-1,71,55,68,-1,71,68,67,-1,67,68,64,-1,67,64,63,-1,63,64,59,-1,63,59,57,-1,57,59,60,-1,57,60,1,-1,2,1,60,-1,74,72,75,-1,75,72,73,-1,75,73,76,-1,76,73,71,-1,76,71,77,-1,77,71,70,-1,78,53,24,-1,78,24,79,-1,79,24,26,-1,79,26,80,-1,80,26,28,-1,80,28,81,-1,4,82,31,-1,31,82,81,-1,31,81,29,-1,29,81,28,-1,83,0,52,-1,53,84,54,-1,54,84,85,-1,54,85,42,-1,42,85,86,-1,42,86,43,-1,43,86,87,-1,43,87,45,-1,45,87,88,-1,45,88,46,-1,46,88,89,-1,46,89,39,-1,39,89,90,-1,39,90,40,-1,40,90,91,-1,40,91,35,-1,35,91,92,-1,35,92,33,-1,33,92,93,-1,33,93,52,-1,52,93,94,-1,52,94,83,-1,1,95,96,-1,97,74,98,-1,98,74,75,-1,98,75,99,-1,99,75,76,-1,99,76,100,-1,100,76,77,-1,100,77,101,-1,101,77,70,-1,101,70,102,-1,102,70,69,-1,102,69,103,-1,103,69,66,-1,103,66,104,-1,104,66,65,-1,104,65,105,-1,105,65,62,-1,105,62,106,-1,106,62,61,-1,106,61,96,-1,96,61,58,-1,96,58,1,-1,3,56,107,-1,107,56,108,-1,108,56,109,-1,109,56,72,-1,109,72,110,-1,110,72,74,-1,110,74,111,-1,112,113,82,-1,82,113,81,-1,81,113,80,-1,80,113,114,-1,80,114,79,-1,79,114,115,-1,79,115,78,-1,116,117,118,-1,118,117,119,-1,118,119,120,-1,120,119,121,-1,121,119,122,-1,121,122,123,-1,123,122,85,-1,123,85,84,-1,124,83,94,-1,125,126,127,-1,127,126,128,-1,94,93,124,-1,124,93,92,-1,124,92,129,-1,130,131,128,-1,128,131,132,-1,128,132,127,-1,92,91,129,-1,129,91,90,-1,129,90,133,-1,134,135,136,-1,136,135,137,-1,136,137,130,-1,130,137,138,-1,130,138,131,-1,126,139,128,-1,128,139,140,-1,128,140,130,-1,130,140,141,-1,130,141,136,-1,136,141,142,-1,143,142,133,-1,133,142,141,-1,133,141,129,-1,129,141,140,-1,129,140,124,-1,124,140,139,-1,124,139,83,-1,126,83,139,-1,125,144,126,-1,126,144,83,-1,116,145,117,-1,117,145,146,-1,117,146,134,-1,90,89,133,-1,133,89,88,-1,133,88,143,-1,143,88,87,-1,143,87,86,-1,134,136,117,-1,117,136,142,-1,117,142,119,-1,119,142,143,-1,119,143,122,-1,122,143,86,-1,122,86,85,-1,147,148,149,-1,149,148,150,-1,149,150,151,-1,151,150,152,-1,152,150,153,-1,152,153,154,-1,154,153,155,-1,154,155,156,-1,157,95,158,-1,106,159,105,-1,105,159,160,-1,158,161,157,-1,157,161,162,-1,157,162,163,-1,164,103,160,-1,160,103,104,-1,160,104,105,-1,162,165,163,-1,163,165,166,-1,163,166,167,-1,99,100,168,-1,168,100,101,-1,168,101,164,-1,164,101,102,-1,164,102,103,-1,159,169,160,-1,160,169,170,-1,160,170,164,-1,164,170,171,-1,164,171,168,-1,168,171,172,-1,173,172,167,-1,167,172,171,-1,167,171,163,-1,163,171,170,-1,163,170,157,-1,157,170,169,-1,157,169,95,-1,159,95,169,-1,106,96,159,-1,159,96,95,-1,147,97,148,-1,148,97,98,-1,148,98,99,-1,166,174,167,-1,167,174,175,-1,167,175,173,-1,173,175,176,-1,173,176,177,-1,99,168,148,-1,148,168,172,-1,148,172,150,-1,150,172,173,-1,150,173,153,-1,153,173,177,-1,153,177,155,-1,178,179,111,-1,111,179,110,-1,110,179,109,-1,109,179,180,-1,109,180,108,-1,108,180,181,-1,108,181,107,-1,112,181,182,-1,182,181,183,-1,182,183,184,-1,184,183,185,-1,184,185,186,-1,186,185,187,-1,186,187,188,-1,188,187,189,-1,188,189,190,-1,190,189,191,-1,190,191,192,-1,192,191,193,-1,192,193,194,-1,194,193,195,-1,194,195,196,-1,196,195,197,-1,196,197,198,-1,198,197,199,-1,198,199,200,-1,199,201,200,-1,200,201,202,-1,200,202,203,-1,196,198,204,-1,205,206,207,-1,192,194,208,-1,209,210,211,-1,188,190,212,-1,184,186,213,-1,214,215,216,-1,112,182,216,-1,112,216,113,-1,113,216,215,-1,113,215,114,-1,115,114,217,-1,217,114,215,-1,217,215,218,-1,218,215,214,-1,218,214,219,-1,219,214,220,-1,210,220,211,-1,211,220,214,-1,211,214,213,-1,213,214,216,-1,213,216,184,-1,184,216,182,-1,206,209,207,-1,207,209,211,-1,207,211,212,-1,212,211,213,-1,212,213,188,-1,188,213,186,-1,190,192,212,-1,212,192,208,-1,212,208,207,-1,207,208,221,-1,207,221,205,-1,203,222,221,-1,221,222,223,-1,221,223,205,-1,194,196,208,-1,208,196,204,-1,208,204,221,-1,221,204,203,-1,198,200,204,-1,204,200,203,-1,224,145,116,-1,224,116,225,-1,225,116,118,-1,225,118,226,-1,226,118,120,-1,226,120,227,-1,84,228,123,-1,123,228,227,-1,123,227,121,-1,121,227,120,-1,229,83,144,-1,145,230,146,-1,146,230,231,-1,146,231,134,-1,134,231,232,-1,134,232,135,-1,135,232,233,-1,135,233,137,-1,137,233,234,-1,137,234,138,-1,138,234,235,-1,138,235,131,-1,131,235,236,-1,131,236,132,-1,132,236,237,-1,132,237,127,-1,127,237,238,-1,127,238,125,-1,125,238,239,-1,125,239,144,-1,144,239,240,-1,144,240,229,-1,95,241,242,-1,243,156,244,-1,244,156,155,-1,244,155,245,-1,245,155,177,-1,245,177,246,-1,246,177,176,-1,246,176,247,-1,247,176,175,-1,247,175,248,-1,248,175,174,-1,248,174,249,-1,249,174,166,-1,249,166,250,-1,250,166,165,-1,250,165,251,-1,251,165,162,-1,251,162,252,-1,252,162,161,-1,252,161,242,-1,242,161,158,-1,242,158,95,-1,253,97,147,-1,253,147,254,-1,254,147,149,-1,254,149,255,-1,255,149,151,-1,255,151,256,-1,156,257,154,-1,154,257,256,-1,154,256,152,-1,152,256,151,-1,258,259,260,-1,197,195,261,-1,262,263,264,-1,193,191,265,-1,266,267,268,-1,269,270,271,-1,272,273,274,-1,178,275,274,-1,178,274,179,-1,179,274,273,-1,179,273,180,-1,181,180,183,-1,183,180,273,-1,183,273,185,-1,185,273,272,-1,185,272,187,-1,187,272,189,-1,191,189,265,-1,265,189,272,-1,265,272,271,-1,271,272,274,-1,271,274,269,-1,269,274,275,-1,195,193,261,-1,261,193,265,-1,261,265,268,-1,268,265,271,-1,268,271,266,-1,266,271,270,-1,267,262,268,-1,268,262,264,-1,268,264,261,-1,261,264,276,-1,261,276,197,-1,202,201,276,-1,276,201,199,-1,276,199,197,-1,263,258,264,-1,264,258,260,-1,264,260,276,-1,276,260,202,-1,259,277,260,-1,260,277,202,-1,278,115,279,-1,279,115,217,-1,279,217,280,-1,280,217,218,-1,280,218,281,-1,281,218,219,-1,281,219,282,-1,282,219,220,-1,282,220,283,-1,283,220,210,-1,283,210,284,-1,284,210,209,-1,284,209,285,-1,285,209,206,-1,285,206,286,-1,286,206,205,-1,286,205,287,-1,287,205,223,-1,287,223,288,-1,223,222,288,-1,288,222,203,-1,288,203,289,-1,278,290,228,-1,228,290,227,-1,227,290,226,-1,226,290,291,-1,226,291,225,-1,225,291,292,-1,225,292,224,-1,293,294,295,-1,296,229,240,-1,297,298,299,-1,299,298,300,-1,299,300,301,-1,240,239,296,-1,296,239,238,-1,296,238,302,-1,303,304,297,-1,297,304,305,-1,297,305,298,-1,238,237,302,-1,302,237,236,-1,302,236,306,-1,307,308,303,-1,303,308,309,-1,303,309,304,-1,236,235,306,-1,306,235,234,-1,306,234,310,-1,295,311,293,-1,293,311,312,-1,293,312,307,-1,307,312,313,-1,307,313,308,-1,314,294,315,-1,315,294,293,-1,315,293,310,-1,310,293,307,-1,310,307,306,-1,306,307,303,-1,306,303,302,-1,302,303,297,-1,302,297,296,-1,296,297,299,-1,296,299,229,-1,301,229,299,-1,230,314,231,-1,231,314,315,-1,231,315,232,-1,232,315,310,-1,232,310,233,-1,233,310,234,-1,316,317,243,-1,318,241,319,-1,320,251,321,-1,321,251,252,-1,321,252,242,-1,319,322,318,-1,318,322,323,-1,318,323,324,-1,325,249,320,-1,320,249,250,-1,320,250,251,-1,323,326,324,-1,324,326,327,-1,324,327,328,-1,329,247,325,-1,325,247,248,-1,325,248,249,-1,327,330,328,-1,328,330,331,-1,328,331,332,-1,243,244,316,-1,316,244,245,-1,316,245,329,-1,329,245,246,-1,329,246,247,-1,333,317,334,-1,334,317,316,-1,334,316,332,-1,332,316,329,-1,332,329,328,-1,328,329,325,-1,328,325,324,-1,324,325,320,-1,324,320,318,-1,318,320,321,-1,318,321,241,-1,242,241,321,-1,335,333,336,-1,336,333,334,-1,336,334,337,-1,337,334,332,-1,337,332,338,-1,338,332,331,-1,339,340,257,-1,257,340,256,-1,256,340,255,-1,255,340,341,-1,255,341,254,-1,254,341,342,-1,254,342,253,-1,178,342,275,-1,275,342,343,-1,275,343,269,-1,269,343,344,-1,269,344,270,-1,270,344,345,-1,270,345,266,-1,266,345,346,-1,266,346,267,-1,267,346,347,-1,267,347,262,-1,262,347,348,-1,262,348,263,-1,263,348,349,-1,263,349,258,-1,258,349,350,-1,258,350,259,-1,259,350,351,-1,259,351,277,-1,351,352,277,-1,277,352,353,-1,277,353,202,-1,286,287,354,-1,355,356,357,-1,284,285,358,-1,359,360,361,-1,282,283,362,-1,280,281,363,-1,364,365,366,-1,278,279,366,-1,278,366,290,-1,290,366,365,-1,290,365,291,-1,292,291,367,-1,367,291,365,-1,367,365,368,-1,368,365,364,-1,368,364,369,-1,369,364,370,-1,360,370,361,-1,361,370,364,-1,361,364,363,-1,363,364,366,-1,363,366,280,-1,280,366,279,-1,356,359,357,-1,357,359,361,-1,357,361,362,-1,362,361,363,-1,362,363,282,-1,282,363,281,-1,283,284,362,-1,362,284,358,-1,362,358,357,-1,357,358,371,-1,357,371,355,-1,289,372,371,-1,371,372,373,-1,371,373,355,-1,285,286,358,-1,358,286,354,-1,358,354,371,-1,371,354,289,-1,287,288,354,-1,354,288,289,-1,295,294,374,-1,374,294,375,-1,375,294,376,-1,376,294,314,-1,376,314,377,-1,377,314,230,-1,377,230,378,-1,379,229,301,-1,295,380,311,-1,311,380,381,-1,311,381,312,-1,312,381,382,-1,312,382,313,-1,313,382,383,-1,313,383,308,-1,308,383,384,-1,308,384,309,-1,309,384,385,-1,309,385,304,-1,304,385,386,-1,304,386,305,-1,305,386,387,-1,305,387,298,-1,298,387,388,-1,298,388,300,-1,300,388,389,-1,300,389,301,-1,301,389,390,-1,301,390,379,-1,391,379,392,-1,393,394,395,-1,395,394,396,-1,395,396,397,-1,397,396,398,-1,397,398,399,-1,399,398,400,-1,399,400,401,-1,401,400,402,-1,401,402,403,-1,403,402,404,-1,403,404,405,-1,405,404,406,-1,405,406,407,-1,407,406,408,-1,407,408,409,-1,409,408,410,-1,409,410,411,-1,411,410,412,-1,411,412,392,-1,392,412,413,-1,392,413,391,-1,241,391,414,-1,415,335,416,-1,416,335,336,-1,416,336,417,-1,417,336,337,-1,417,337,418,-1,418,337,338,-1,418,338,419,-1,419,338,331,-1,419,331,420,-1,420,331,330,-1,420,330,421,-1,421,330,327,-1,421,327,422,-1,422,327,326,-1,422,326,423,-1,423,326,323,-1,423,323,424,-1,424,323,322,-1,424,322,414,-1,414,322,319,-1,414,319,241,-1,243,317,425,-1,425,317,426,-1,426,317,427,-1,427,317,333,-1,427,333,428,-1,428,333,335,-1,428,335,429,-1,430,431,432,-1,350,349,433,-1,434,435,436,-1,348,347,437,-1,438,439,440,-1,441,442,443,-1,444,445,446,-1,339,447,446,-1,339,446,340,-1,340,446,445,-1,340,445,341,-1,342,341,343,-1,343,341,445,-1,343,445,344,-1,344,445,444,-1,344,444,345,-1,345,444,346,-1,347,346,437,-1,437,346,444,-1,437,444,443,-1,443,444,446,-1,443,446,441,-1,441,446,447,-1,349,348,433,-1,433,348,437,-1,433,437,440,-1,440,437,443,-1,440,443,438,-1,438,443,442,-1,439,434,440,-1,440,434,436,-1,440,436,433,-1,433,436,448,-1,433,448,350,-1,353,352,448,-1,448,352,351,-1,448,351,350,-1,435,430,436,-1,436,430,432,-1,436,432,448,-1,448,432,353,-1,431,449,432,-1,432,449,353,-1,450,292,451,-1,451,292,367,-1,451,367,452,-1,452,367,368,-1,452,368,453,-1,453,368,369,-1,453,369,454,-1,454,369,370,-1,454,370,455,-1,455,370,360,-1,455,360,456,-1,456,360,359,-1,456,359,457,-1,457,359,356,-1,457,356,458,-1,458,356,355,-1,458,355,459,-1,459,355,373,-1,459,373,460,-1,373,372,460,-1,460,372,289,-1,460,289,461,-1,450,462,378,-1,378,462,377,-1,377,462,376,-1,376,462,463,-1,376,463,375,-1,375,463,464,-1,375,464,374,-1,465,466,393,-1,467,379,390,-1,468,409,469,-1,469,409,411,-1,469,411,392,-1,390,389,467,-1,467,389,388,-1,467,388,470,-1,471,405,468,-1,468,405,407,-1,468,407,409,-1,388,387,470,-1,470,387,386,-1,470,386,472,-1,473,401,471,-1,471,401,403,-1,471,403,405,-1,386,385,472,-1,472,385,384,-1,472,384,474,-1,393,395,465,-1,465,395,397,-1,465,397,473,-1,473,397,399,-1,473,399,401,-1,475,466,476,-1,476,466,465,-1,476,465,474,-1,474,465,473,-1,474,473,472,-1,472,473,471,-1,472,471,470,-1,470,471,468,-1,470,468,467,-1,467,468,469,-1,467,469,379,-1,392,379,469,-1,380,475,381,-1,381,475,476,-1,381,476,382,-1,382,476,474,-1,382,474,383,-1,383,474,384,-1,477,478,479,-1,479,478,480,-1,479,480,481,-1,481,480,482,-1,482,480,483,-1,482,483,484,-1,484,483,396,-1,484,396,394,-1,485,391,413,-1,424,486,423,-1,423,486,487,-1,413,412,485,-1,485,412,410,-1,485,410,488,-1,489,421,487,-1,487,421,422,-1,487,422,423,-1,410,408,488,-1,488,408,406,-1,488,406,490,-1,417,418,491,-1,491,418,419,-1,491,419,489,-1,489,419,420,-1,489,420,421,-1,486,492,487,-1,487,492,493,-1,487,493,489,-1,489,493,494,-1,489,494,491,-1,491,494,495,-1,496,495,490,-1,490,495,494,-1,490,494,488,-1,488,494,493,-1,488,493,485,-1,485,493,492,-1,485,492,391,-1,486,391,492,-1,424,414,486,-1,486,414,391,-1,477,415,478,-1,478,415,416,-1,478,416,417,-1,406,404,490,-1,490,404,402,-1,490,402,496,-1,496,402,400,-1,496,400,398,-1,417,491,478,-1,478,491,495,-1,478,495,480,-1,480,495,496,-1,480,496,483,-1,483,496,398,-1,483,398,396,-1,497,498,429,-1,429,498,428,-1,428,498,427,-1,427,498,499,-1,427,499,426,-1,426,499,500,-1,426,500,425,-1,339,500,447,-1,447,500,501,-1,447,501,441,-1,441,501,502,-1,441,502,442,-1,442,502,503,-1,442,503,438,-1,438,503,504,-1,438,504,439,-1,439,504,505,-1,439,505,434,-1,434,505,506,-1,434,506,435,-1,435,506,507,-1,435,507,430,-1,430,507,508,-1,430,508,431,-1,431,508,509,-1,431,509,449,-1,509,510,449,-1,449,510,511,-1,449,511,353,-1,458,459,512,-1,513,514,515,-1,456,457,516,-1,517,518,519,-1,454,455,520,-1,452,453,521,-1,522,523,524,-1,450,451,524,-1,450,524,462,-1,462,524,523,-1,462,523,463,-1,464,463,525,-1,525,463,523,-1,525,523,526,-1,526,523,522,-1,526,522,527,-1,527,522,528,-1,518,528,519,-1,519,528,522,-1,519,522,521,-1,521,522,524,-1,521,524,452,-1,452,524,451,-1,514,517,515,-1,515,517,519,-1,515,519,520,-1,520,519,521,-1,520,521,454,-1,454,521,453,-1,455,456,520,-1,520,456,516,-1,520,516,515,-1,515,516,529,-1,515,529,513,-1,461,530,529,-1,529,530,531,-1,529,531,513,-1,457,458,516,-1,516,458,512,-1,516,512,529,-1,529,512,461,-1,459,460,512,-1,512,460,461,-1,393,466,532,-1,532,466,533,-1,533,466,534,-1,534,466,475,-1,534,475,535,-1,535,475,380,-1,535,380,536,-1,537,415,477,-1,537,477,538,-1,538,477,479,-1,538,479,539,-1,539,479,481,-1,539,481,540,-1,394,541,484,-1,484,541,540,-1,484,540,482,-1,482,540,481,-1,542,543,544,-1,508,507,545,-1,546,547,548,-1,506,505,549,-1,550,551,552,-1,553,554,555,-1,556,557,558,-1,497,559,558,-1,497,558,498,-1,498,558,557,-1,498,557,499,-1,500,499,501,-1,501,499,557,-1,501,557,502,-1,502,557,556,-1,502,556,503,-1,503,556,504,-1,505,504,549,-1,549,504,556,-1,549,556,555,-1,555,556,558,-1,555,558,553,-1,553,558,559,-1,507,506,545,-1,545,506,549,-1,545,549,552,-1,552,549,555,-1,552,555,550,-1,550,555,554,-1,551,546,552,-1,552,546,548,-1,552,548,545,-1,545,548,560,-1,545,560,508,-1,511,510,560,-1,560,510,509,-1,560,509,508,-1,547,542,548,-1,548,542,544,-1,548,544,560,-1,560,544,511,-1,543,561,544,-1,544,561,511,-1,562,464,563,-1,563,464,525,-1,563,525,564,-1,564,525,526,-1,564,526,565,-1,565,526,527,-1,565,527,566,-1,566,527,528,-1,566,528,567,-1,567,528,518,-1,567,518,568,-1,568,518,517,-1,568,517,569,-1,569,517,514,-1,569,514,570,-1,570,514,513,-1,570,513,571,-1,571,513,531,-1,571,531,572,-1,531,530,572,-1,572,530,461,-1,572,461,573,-1,536,562,574,-1,536,574,535,-1,535,574,575,-1,535,575,534,-1,534,575,576,-1,534,576,533,-1,577,532,578,-1,578,532,533,-1,578,533,579,-1,579,533,576,-1,580,581,541,-1,541,581,540,-1,540,581,539,-1,539,581,582,-1,539,582,538,-1,538,582,583,-1,538,583,537,-1,497,583,559,-1,559,583,584,-1,559,584,553,-1,553,584,585,-1,553,585,554,-1,554,585,586,-1,554,586,550,-1,550,586,587,-1,550,587,551,-1,551,587,588,-1,551,588,546,-1,546,588,589,-1,546,589,547,-1,547,589,590,-1,547,590,542,-1,542,590,591,-1,542,591,543,-1,543,591,592,-1,543,592,561,-1,592,593,561,-1,561,593,594,-1,561,594,511,-1,572,573,595,-1,579,576,596,-1,575,574,597,-1,597,574,562,-1,577,578,598,-1,598,578,599,-1,598,599,600,-1,600,599,601,-1,562,563,597,-1,597,563,564,-1,597,564,602,-1,603,604,601,-1,601,604,605,-1,601,605,600,-1,564,565,602,-1,602,565,566,-1,602,566,606,-1,607,608,603,-1,603,608,609,-1,603,609,604,-1,566,567,606,-1,606,567,568,-1,606,568,610,-1,611,612,607,-1,607,612,613,-1,607,613,608,-1,576,575,596,-1,596,575,597,-1,596,597,614,-1,614,597,602,-1,614,602,615,-1,615,602,606,-1,615,606,616,-1,616,606,610,-1,616,610,617,-1,617,610,595,-1,617,595,573,-1,573,618,611,-1,611,618,619,-1,611,619,612,-1,568,569,610,-1,610,569,570,-1,610,570,595,-1,595,570,571,-1,595,571,572,-1,578,579,599,-1,599,579,596,-1,599,596,601,-1,601,596,614,-1,601,614,603,-1,603,614,615,-1,603,615,607,-1,607,615,616,-1,607,616,611,-1,611,616,617,-1,611,617,573,-1,620,621,622,-1,591,590,623,-1,624,625,626,-1,589,588,627,-1,628,629,630,-1,631,632,633,-1,634,635,636,-1,580,637,636,-1,580,636,581,-1,581,636,635,-1,581,635,582,-1,583,582,584,-1,584,582,635,-1,584,635,585,-1,585,635,634,-1,585,634,586,-1,586,634,587,-1,588,587,627,-1,627,587,634,-1,627,634,633,-1,633,634,636,-1,633,636,631,-1,631,636,637,-1,590,589,623,-1,623,589,627,-1,623,627,630,-1,630,627,633,-1,630,633,628,-1,628,633,632,-1,629,624,630,-1,630,624,626,-1,630,626,623,-1,623,626,638,-1,623,638,591,-1,594,593,638,-1,638,593,592,-1,638,592,591,-1,625,620,626,-1,626,620,622,-1,626,622,638,-1,638,622,594,-1,621,639,622,-1,622,639,594,-1,580,577,637,-1,637,577,598,-1,637,598,631,-1,631,598,600,-1,631,600,632,-1,632,600,605,-1,632,605,628,-1,628,605,604,-1,628,604,629,-1,629,604,609,-1,629,609,624,-1,624,609,608,-1,624,608,625,-1,625,608,613,-1,625,613,620,-1,620,613,612,-1,620,612,621,-1,621,612,619,-1,621,619,639,-1,619,618,639,-1,639,618,573,-1,639,573,594,-1,
        ]
    }
}
Shape{
    appearance Appearance {
        material  Material 	{
            diffuseColor 1.0 1.0 1.0
            specularColor 0.5019607843137255 0.5019607843137255 0.5019607843137255
            ambientIntensity 1.0
            transparency 0.0
            shininess 0.5
        }
    }
    geometry IndexedFaceSet {
        ccw TRUE
        solid FALSE
        coord DEF co Coordinate {
            point [
                -2.6012 2.4511 0.437, -2.6055 2.4842 0.437, -2.6042 2.4742 0.4331, -2.6012 2.4511 0.4331, -2.5884 2.4202 0.4331, -2.5884 2.4202 0.437, -2.568 2.3936 0.4331, -2.568 2.3936 0.437, -2.5415 2.3733 0.4331, -2.5415 2.3733 0.437, -2.5353 2.3707 0.4331, -2.5106 2.3605 0.437, -2.4443 2.3605 0.4331, -2.4775 2.3561 0.437, -2.4775 2.3561 0.4331, -2.5106 2.3605 0.4331, -2.4197 2.3707 0.4331, -2.4134 2.3733 0.437, -2.4443 2.3605 0.437, -2.3538 2.4511 0.4331, -2.3666 2.4202 0.437, -2.3666 2.4202 0.4331, -2.3869 2.3936 0.437, -2.3869 2.3936 0.4331, -2.4134 2.3733 0.4331, -2.3507 2.4742 0.4331, -2.3494 2.4842 0.437, -2.3538 2.4511 0.437, -2.3494 2.4842 0.4331, -2.3512 2.4977 0.4331, -2.3538 2.5174 0.437, -2.3538 2.5174 0.4331, -2.3666 2.5482 0.4331, -2.3666 2.5482 0.437, -2.3869 2.5748 0.4331, -2.3869 2.5748 0.437, -2.3926 2.5791 0.4331, -2.4134 2.5951 0.437, -2.5415 2.5951 0.4331, -2.5106 2.6079 0.437, -2.5106 2.6079 0.4331, -2.4775 2.6123 0.437, -2.4775 2.6123 0.4331, -2.4443 2.6079 0.437, -2.4443 2.6079 0.4331, -2.4134 2.5951 0.4331, -2.5623 2.5791 0.4331, -2.568 2.5748 0.437, -2.5415 2.5951 0.437, -2.568 2.5748 0.4331, -2.5884 2.5482 0.4331, -2.5884 2.5482 0.437, -2.6012 2.5174 0.4331, -2.6012 2.5174 0.437, -2.6038 2.4977 0.4331, -2.6055 2.4842 0.4331, -2.4775 2.4842 0.437, 2.2033 2.5075 0.437, 2.2033 2.4984 0.437, 2.2033 2.5075 0.4331, 2.2033 2.4984 0.4331, 2.1714 2.5075 0.437, 2.1714 2.5075 0.4331, 2.1714 2.5785 0.437, 2.1714 2.5785 0.4331, 2.1611 2.5785 0.437, 2.1611 2.5785 0.4331, 2.1611 2.4984 0.437, 2.1611 2.4984 0.4331, 2.2573 2.4984 0.437, 2.2444 2.497 0.437, 2.2444 2.497 0.4331, 2.251 2.4977 0.4331, 2.2573 2.4984 0.4331, 2.2657 2.5013 0.437, 2.2631 2.5004 0.4331, 2.2657 2.5013 0.4331, 2.2665 2.5017 0.4331, 2.2665 2.5017 0.437, 2.2665 2.5116 0.437, 2.2665 2.5116 0.4331, 2.2631 2.5101 0.4331, 2.2583 2.508 0.437, 2.2583 2.508 0.4331, 2.2492 2.5064 0.4331, 2.2492 2.5064 0.437, 2.2459 2.5063 0.4331, 2.2459 2.5063 0.437, 2.2384 2.5071 0.4331, 2.2384 2.5071 0.437, 2.2326 2.5092 0.4331, 2.2326 2.5092 0.437, 2.2273 2.5128 0.4331, 2.2273 2.5128 0.437, 2.2253 2.5147 0.4331, 2.2253 2.5147 0.437, 2.2212 2.5204 0.4331, 2.2212 2.5204 0.437, 2.2187 2.527 0.4331, 2.2187 2.527 0.437, 2.2174 2.5368 0.4331, 2.2174 2.5368 0.437, 2.2174 2.5375 0.4331, 2.2174 2.5375 0.437, 2.2187 2.5485 0.4331, 2.2187 2.5485 0.437, 2.2214 2.5554 0.4331, 2.2214 2.5554 0.437, 2.2253 2.561 0.4331, 2.2253 2.561 0.437, 2.2258 2.5616 0.4331, 2.2258 2.5616 0.437, 2.231 2.5659 0.4331, 2.231 2.5659 0.437, 2.2372 2.5689 0.4331, 2.2372 2.5689 0.437, 2.2441 2.5703 0.4331, 2.2441 2.5703 0.437, 2.2477 2.5705 0.4331, 2.2477 2.5705 0.437, 2.258 2.5692 0.437, 2.258 2.5692 0.4331, 2.2665 2.5657 0.437, 2.2631 2.5671 0.4331, 2.2665 2.5657 0.4331, 2.2665 2.5765 0.437, 2.2665 2.5765 0.4331, 2.2476 2.5798 0.4331, 2.2476 2.5798 0.437, 2.2483 2.5798 0.437, 2.2631 2.5776 0.4331, 2.2587 2.5789 0.437, 2.2587 2.5789 0.4331, 2.2558 2.5791 0.4331, 2.2483 2.5798 0.4331, 2.2364 2.5785 0.437, 2.2418 2.5791 0.4331, 2.2364 2.5785 0.4331, 2.228 2.5753 0.4331, 2.228 2.5753 0.437, 2.2202 2.5699 0.4331, 2.2202 2.5699 0.437, 2.2182 2.568 0.4331, 2.2182 2.568 0.437, 2.2121 2.5601 0.4331, 2.2121 2.5601 0.437, 2.2084 2.5511 0.4331, 2.2084 2.5511 0.437, 2.2067 2.5405 0.4331, 2.2067 2.5405 0.437, 2.2066 2.5369 0.4331, 2.2066 2.5369 0.437, 2.2079 2.5249 0.4331, 2.2079 2.5249 0.437, 2.211 2.5163 0.4331, 2.211 2.5163 0.437, 2.2156 2.5094 0.4331, 2.2156 2.5094 0.437, 2.2169 2.508 0.4331, 2.2169 2.508 0.437, 2.239 2.4973 0.437, 2.2229 2.5029 0.4331, 2.2229 2.5029 0.437, 2.2304 2.4992 0.4331, 2.2304 2.4992 0.437, 2.2372 2.4977 0.4331, 2.239 2.4973 0.4331, 2.3256 2.5075 0.437, 2.3256 2.4984 0.437, 2.3256 2.5075 0.4331, 2.3256 2.4984 0.4331, 2.2929 2.5075 0.4331, 2.2929 2.5075 0.437, 2.3145 2.5075 0.4331, 2.2929 2.5345 0.437, 2.2929 2.5345 0.4331, 2.3215 2.5345 0.437, 2.3145 2.5345 0.4331, 2.3215 2.5345 0.4331, 2.3215 2.5436 0.437, 2.3215 2.5436 0.4331, 2.2929 2.5436 0.4331, 2.2929 2.5436 0.437, 2.3145 2.5436 0.4331, 2.2929 2.5693 0.437, 2.2929 2.5693 0.4331, 2.3238 2.5693 0.437, 2.3145 2.5693 0.4331, 2.3238 2.5693 0.4331, 2.3238 2.5785 0.437, 2.3238 2.5785 0.4331, 2.2826 2.5785 0.4331, 2.2826 2.5785 0.437, 2.3145 2.5785 0.4331, 2.2826 2.4984 0.437, 2.2826 2.4984 0.4331, 2.3145 2.4984 0.4331, 2.3855 2.515 0.437, 2.3923 2.5082 0.437, 2.3865 2.5159 0.437, 2.3939 2.5096 0.437, 2.3907 2.5211 0.437, 2.3995 2.5163 0.437, 2.3934 2.5272 0.437, 2.4036 2.5245 0.437, 2.3949 2.5346 0.437, 2.4056 2.5338 0.437, 2.3951 2.5392 0.437, 2.4059 2.5395 0.437, 2.3941 2.5484 0.437, 2.4046 2.5504 0.437, 2.3919 2.5544 0.437, 2.4017 2.558 0.437, 2.3889 2.559 0.437, 2.3968 2.565 0.437, 2.3863 2.5617 0.437, 2.3939 2.5679 0.437, 2.3801 2.5658 0.437, 2.3853 2.5737 0.437, 2.3731 2.5682 0.437, 2.3756 2.5772 0.437, 2.3632 2.5693 0.437, 2.3636 2.5785 0.437, 2.3511 2.5693 0.437, 2.3408 2.5785 0.437, 2.3511 2.5075 0.437, 2.3408 2.4984 0.437, 2.3627 2.5075 0.437, 2.3628 2.4984 0.437, 2.3737 2.5088 0.437, 2.375 2.4997 0.437, 2.3804 2.5114 0.437, 2.3844 2.503 0.437, 2.3628 2.4984 0.4331, 2.3408 2.4984 0.4331, 2.375 2.4997 0.4331, 2.3774 2.5006 0.4331, 2.3844 2.503 0.4331, 2.3923 2.5082 0.4331, 2.3939 2.5096 0.4331, 2.3995 2.5163 0.4331, 2.4036 2.5245 0.4331, 2.4056 2.5338 0.4331, 2.4059 2.5395 0.4331, 2.4046 2.5504 0.4331, 2.4017 2.558 0.4331, 2.3968 2.565 0.4331, 2.3939 2.5679 0.4331, 2.3636 2.5785 0.4331, 2.3853 2.5737 0.4331, 2.3774 2.5765 0.4331, 2.3756 2.5772 0.4331, 2.3408 2.5785 0.4331, 2.3632 2.5693 0.4331, 2.3511 2.5693 0.4331, 2.3511 2.5075 0.4331, 2.3627 2.5075 0.4331, 2.3865 2.5159 0.4331, 2.3855 2.515 0.4331, 2.3804 2.5114 0.4331, 2.3737 2.5088 0.4331, 2.3951 2.5392 0.4331, 2.3949 2.5346 0.4331, 2.3934 2.5272 0.4331, 2.3907 2.5211 0.4331, 2.3863 2.5617 0.4331, 2.3889 2.559 0.4331, 2.3919 2.5544 0.4331, 2.3941 2.5484 0.4331, 2.3731 2.5682 0.4331, 2.3801 2.5658 0.4331
            ]
        }
        coordIndex [
            0,1,2,-1,2,3,0,-1,0,3,4,-1,0,4,5,-1,5,4,6,-1,5,6,7,-1,7,6,8,-1,7,8,9,-1,9,8,10,-1,9,10,11,-1,12,13,14,-1,14,13,11,-1,14,11,15,-1,15,11,10,-1,16,17,12,-1,12,17,18,-1,12,18,13,-1,19,20,21,-1,21,20,22,-1,21,22,23,-1,23,22,17,-1,23,17,24,-1,24,17,16,-1,25,26,19,-1,19,26,27,-1,19,27,20,-1,25,28,26,-1,26,28,29,-1,26,29,30,-1,29,31,30,-1,30,31,32,-1,30,32,33,-1,33,32,34,-1,33,34,35,-1,35,34,36,-1,35,36,37,-1,38,39,40,-1,40,39,41,-1,40,41,42,-1,42,41,43,-1,42,43,44,-1,44,43,37,-1,44,37,45,-1,45,37,36,-1,46,47,38,-1,38,47,48,-1,38,48,39,-1,46,49,47,-1,47,49,50,-1,47,50,51,-1,51,50,52,-1,51,52,53,-1,53,52,54,-1,53,54,1,-1,1,54,55,-1,1,55,2,-1,20,27,56,-1,56,27,26,-1,56,26,30,-1,18,17,56,-1,56,17,22,-1,56,22,20,-1,9,11,56,-1,56,11,13,-1,56,13,18,-1,0,5,56,-1,56,5,7,-1,56,7,9,-1,51,53,56,-1,56,53,1,-1,56,1,0,-1,39,48,56,-1,56,48,47,-1,56,47,51,-1,37,43,56,-1,56,43,41,-1,56,41,39,-1,30,33,56,-1,56,33,35,-1,56,35,37,-1,57,58,59,-1,59,58,60,-1,61,57,62,-1,62,57,59,-1,63,61,64,-1,64,61,62,-1,65,63,66,-1,66,63,64,-1,67,65,68,-1,68,65,66,-1,58,67,60,-1,60,67,68,-1,63,65,61,-1,61,65,67,-1,61,67,57,-1,57,67,58,-1,69,70,71,-1,71,72,69,-1,69,72,73,-1,69,73,74,-1,74,73,75,-1,75,76,74,-1,74,76,77,-1,74,77,78,-1,79,78,80,-1,80,78,77,-1,79,80,81,-1,79,81,82,-1,81,83,82,-1,82,83,84,-1,82,84,85,-1,85,84,86,-1,85,86,87,-1,87,86,88,-1,87,88,89,-1,89,88,90,-1,89,90,91,-1,91,90,92,-1,91,92,93,-1,93,92,94,-1,93,94,95,-1,95,94,96,-1,95,96,97,-1,97,96,98,-1,97,98,99,-1,99,98,100,-1,99,100,101,-1,101,100,102,-1,101,102,103,-1,103,102,104,-1,103,104,105,-1,105,104,106,-1,105,106,107,-1,107,106,108,-1,107,108,109,-1,109,108,110,-1,109,110,111,-1,111,110,112,-1,111,112,113,-1,113,112,114,-1,113,114,115,-1,115,114,116,-1,115,116,117,-1,117,116,118,-1,117,118,119,-1,120,119,121,-1,121,119,118,-1,120,121,122,-1,122,121,123,-1,122,123,124,-1,125,122,126,-1,126,122,124,-1,127,128,129,-1,125,126,130,-1,125,130,131,-1,130,132,131,-1,131,132,133,-1,131,133,129,-1,129,133,134,-1,129,134,127,-1,128,127,135,-1,135,127,136,-1,136,137,135,-1,135,137,138,-1,135,138,139,-1,139,138,140,-1,139,140,141,-1,141,140,142,-1,141,142,143,-1,143,142,144,-1,143,144,145,-1,145,144,146,-1,145,146,147,-1,147,146,148,-1,147,148,149,-1,149,148,150,-1,149,150,151,-1,151,150,152,-1,151,152,153,-1,153,152,154,-1,153,154,155,-1,155,154,156,-1,155,156,157,-1,157,156,158,-1,157,158,159,-1,71,70,160,-1,159,158,161,-1,159,161,162,-1,162,161,163,-1,162,163,164,-1,164,163,165,-1,164,165,160,-1,160,165,166,-1,160,166,71,-1,97,99,153,-1,153,99,151,-1,143,111,141,-1,141,111,113,-1,99,101,151,-1,151,101,103,-1,151,103,149,-1,149,103,105,-1,149,105,147,-1,147,105,145,-1,145,105,107,-1,145,107,143,-1,143,107,109,-1,143,109,111,-1,122,125,120,-1,120,125,131,-1,120,131,119,-1,119,131,129,-1,119,129,117,-1,117,129,128,-1,117,128,115,-1,115,128,135,-1,115,135,113,-1,113,135,139,-1,113,139,141,-1,78,79,74,-1,74,79,82,-1,74,82,69,-1,69,82,70,-1,153,155,97,-1,97,155,157,-1,97,157,95,-1,95,157,159,-1,95,159,93,-1,93,159,162,-1,93,162,91,-1,91,162,164,-1,91,164,89,-1,89,164,160,-1,89,160,87,-1,87,160,70,-1,87,70,85,-1,85,70,82,-1,167,168,169,-1,169,168,170,-1,171,172,173,-1,173,172,167,-1,173,167,169,-1,174,172,175,-1,175,172,171,-1,174,175,176,-1,176,175,177,-1,176,177,178,-1,179,176,180,-1,180,176,178,-1,181,182,183,-1,183,182,179,-1,183,179,180,-1,184,182,185,-1,185,182,181,-1,184,185,186,-1,186,185,187,-1,186,187,188,-1,189,186,190,-1,190,186,188,-1,191,192,193,-1,193,192,189,-1,193,189,190,-1,194,192,195,-1,195,192,191,-1,194,195,168,-1,168,195,196,-1,168,196,170,-1,194,168,167,-1,167,172,194,-1,194,172,174,-1,194,174,192,-1,186,189,184,-1,184,189,192,-1,184,192,182,-1,182,192,174,-1,182,174,179,-1,179,174,176,-1,197,198,199,-1,199,198,200,-1,199,200,201,-1,201,200,202,-1,201,202,203,-1,203,202,204,-1,203,204,205,-1,205,204,206,-1,205,206,207,-1,207,206,208,-1,207,208,209,-1,209,208,210,-1,209,210,211,-1,211,210,212,-1,211,212,213,-1,213,212,214,-1,213,214,215,-1,215,214,216,-1,215,216,217,-1,217,216,218,-1,217,218,219,-1,219,218,220,-1,219,220,221,-1,221,220,222,-1,221,222,223,-1,223,222,224,-1,223,224,225,-1,225,224,226,-1,225,226,227,-1,227,226,228,-1,227,228,229,-1,229,228,230,-1,229,230,231,-1,231,230,232,-1,231,232,197,-1,197,232,198,-1,228,226,233,-1,233,226,234,-1,228,233,235,-1,228,235,230,-1,230,235,236,-1,230,236,232,-1,236,237,232,-1,232,237,238,-1,232,238,198,-1,198,238,239,-1,198,239,200,-1,200,239,240,-1,200,240,202,-1,202,240,241,-1,202,241,204,-1,204,241,242,-1,204,242,206,-1,206,242,243,-1,206,243,208,-1,208,243,244,-1,208,244,210,-1,210,244,245,-1,210,245,212,-1,212,245,246,-1,212,246,214,-1,214,246,247,-1,214,247,216,-1,248,222,220,-1,216,247,249,-1,216,249,218,-1,218,249,250,-1,218,250,220,-1,220,250,251,-1,220,251,248,-1,224,222,252,-1,252,222,248,-1,226,224,234,-1,234,224,252,-1,221,223,253,-1,253,223,254,-1,223,225,254,-1,254,225,255,-1,225,227,255,-1,255,227,256,-1,199,257,258,-1,199,258,197,-1,197,258,259,-1,197,259,231,-1,231,259,260,-1,231,260,229,-1,229,260,256,-1,229,256,227,-1,207,261,262,-1,207,262,205,-1,205,262,263,-1,205,263,203,-1,203,263,264,-1,203,264,201,-1,201,264,257,-1,201,257,199,-1,215,265,266,-1,215,266,213,-1,213,266,267,-1,213,267,211,-1,211,267,268,-1,211,268,209,-1,209,268,261,-1,209,261,207,-1,221,253,269,-1,221,269,219,-1,219,269,270,-1,219,270,217,-1,217,270,265,-1,217,265,215,-1,
        ]
    }
}
Shape{
    appearance Appearance {
        material  Material 	{
            diffuseColor 0.20784313725490197 0.20784313725490197 0.20784313725490197
            specularColor 0.01568627450980392 0.01568627450980392 0.01568627450980392
            ambientIntensity 0.298
            transparency 0.0
            shininess 0.5
        }
    }
    geometry IndexedFaceSet {
        ccw TRUE
        solid FALSE
        coord DEF co Coordinate {
            point [
                2.3511 2.5693 0.4331, 2.3511 2.5075 0.4331, 2.3632 2.5693 0.4331, 2.3627 2.5075 0.4331, 2.3737 2.5088 0.4331, 2.3804 2.5114 0.4331, 2.3855 2.515 0.4331, 2.3865 2.5159 0.4331, 2.3907 2.5211 0.4331, 2.3934 2.5272 0.4331, 2.3949 2.5346 0.4331, 2.3951 2.5392 0.4331, 2.3941 2.5484 0.4331, 2.3919 2.5544 0.4331, 2.3889 2.559 0.4331, 2.3863 2.5617 0.4331, 2.3731 2.5682 0.4331, 2.3801 2.5658 0.4331
            ]
        }
        coordIndex [
            0,1,2,-1,2,1,3,-1,2,3,4,-1,4,5,2,-1,2,5,6,-1,2,6,7,-1,7,8,2,-1,2,8,9,-1,2,9,10,-1,10,11,2,-1,2,11,12,-1,2,12,13,-1,13,14,2,-1,2,14,15,-1,2,15,16,-1,16,15,17,-1,
        ]
    }
}
Shape{
    appearance Appearance {
        material  Material 	{
            diffuseColor 1.0 1.0 1.0
            specularColor 0.5019607843137255 0.5019607843137255 0.5019607843137255
            ambientIntensity 1.0
            transparency 0.0
            shininess 0.5
        }
    }
    geometry IndexedFaceSet {
        ccw TRUE
        solid FALSE
        coord DEF co Coordinate {
            point [
                2.4328 2.5293 0.437, 2.4295 2.5203 0.437, 2.4596 2.5293 0.437, 2.4628 2.5203 0.437, 2.4447 2.5626 0.437, 2.4409 2.5785 0.437, 2.4104 2.4984 0.437, 2.4218 2.4984 0.437, 2.4454 2.565 0.437, 2.4461 2.5682 0.437, 2.4519 2.5785 0.437, 2.4463 2.5682 0.437, 2.447 2.5648 0.437, 2.4476 2.5626 0.437, 2.4824 2.4984 0.437, 2.471 2.4984 0.437, 2.4519 2.5785 0.4331, 2.4824 2.4984 0.4331, 2.4409 2.5785 0.4331, 2.4104 2.4984 0.4331, 2.4335 2.559 0.4331, 2.4218 2.4984 0.4331, 2.4295 2.5203 0.4331, 2.4628 2.5203 0.4331, 2.4335 2.5203 0.4331, 2.471 2.4984 0.4331, 2.4328 2.5293 0.4331, 2.4596 2.5293 0.4331, 2.4476 2.5626 0.4331, 2.4463 2.5682 0.4331, 2.447 2.5648 0.4331, 2.4461 2.5682 0.4331, 2.4447 2.5626 0.4331, 2.4454 2.565 0.4331
            ]
        }
        coordIndex [
            0,1,2,-1,2,1,3,-1,4,5,0,-1,0,5,6,-1,0,6,1,-1,1,6,7,-1,4,8,5,-1,5,8,9,-1,5,9,10,-1,10,9,11,-1,10,11,12,-1,12,13,10,-1,10,13,2,-1,10,2,14,-1,14,2,3,-1,14,3,15,-1,10,14,16,-1,16,14,17,-1,5,10,18,-1,18,10,16,-1,19,6,20,-1,20,6,5,-1,20,5,18,-1,7,6,21,-1,21,6,19,-1,1,7,22,-1,22,7,21,-1,23,3,24,-1,24,3,1,-1,24,1,22,-1,15,3,25,-1,25,3,23,-1,14,15,17,-1,17,15,25,-1,0,2,26,-1,26,2,27,-1,2,13,27,-1,27,13,28,-1,11,29,30,-1,11,30,12,-1,12,30,28,-1,12,28,13,-1,11,9,29,-1,29,9,31,-1,4,32,33,-1,4,33,8,-1,8,33,31,-1,8,31,9,-1,4,0,32,-1,32,0,26,-1,
        ]
    }
}
Shape{
    appearance Appearance {
        material  Material 	{
            diffuseColor 0.20784313725490197 0.20784313725490197 0.20784313725490197
            specularColor 0.01568627450980392 0.01568627450980392 0.01568627450980392
            ambientIntensity 0.298
            transparency 0.0
            shininess 0.5
        }
    }
    geometry IndexedFaceSet {
        ccw TRUE
        solid FALSE
        coord DEF co Coordinate {
            point [
                2.4463 2.5682 0.4331, 2.4461 2.5682 0.4331, 2.447 2.5648 0.4331, 2.4454 2.565 0.4331, 2.4476 2.5626 0.4331, 2.4447 2.5626 0.4331, 2.4596 2.5293 0.4331, 2.4328 2.5293 0.4331
            ]
        }
        coordIndex [
            0,1,2,-1,2,1,3,-1,2,3,4,-1,4,3,5,-1,4,5,6,-1,6,5,7,-1,
        ]
    }
}
Shape{
    appearance Appearance {
        material  Material 	{
            diffuseColor 1.0 1.0 1.0
            specularColor 0.5019607843137255 0.5019607843137255 0.5019607843137255
            ambientIntensity 1.0
            transparency 0.0
            shininess 0.5
        }
    }
    geometry IndexedFaceSet {
        ccw TRUE
        solid FALSE
        coord DEF co Coordinate {
            point [
                2.2042 2.3805 0.437, 2.2042 2.3714 0.437, 2.2042 2.3805 0.4331, 2.2042 2.3714 0.4331, 2.1714 2.3805 0.4331, 2.1714 2.3805 0.437, 2.2037 2.3805 0.4331, 2.1714 2.4074 0.437, 2.1714 2.4074 0.4331, 2.2001 2.4074 0.437, 2.2001 2.4074 0.4331, 2.2001 2.4166 0.437, 2.2001 2.4166 0.4331, 2.1714 2.4166 0.437, 2.1714 2.4166 0.4331, 2.1714 2.4422 0.437, 2.1714 2.4422 0.4331, 2.2023 2.4422 0.437, 2.2023 2.4422 0.4331, 2.2023 2.4514 0.437, 2.2023 2.4514 0.4331, 2.1611 2.4514 0.437, 2.1611 2.4514 0.4331, 2.1611 2.3714 0.437, 2.1611 2.3714 0.4331, 2.2037 2.3714 0.4331, 2.2497 2.3714 0.437, 2.2597 2.3714 0.437, 2.2497 2.3802 0.437, 2.2597 2.4082 0.437, 2.2497 2.4077 0.437, 2.2282 2.3959 0.437, 2.2308 2.3971 0.437, 2.2363 2.3983 0.437, 2.2497 2.4001 0.437, 2.2497 2.3946 0.437, 2.2494 2.3802 0.437, 2.2441 2.3817 0.437, 2.2478 2.3778 0.437, 2.2413 2.3798 0.437, 2.2497 2.3939 0.437, 2.249 2.3894 0.437, 2.2475 2.3859 0.437, 2.2454 2.3829 0.437, 2.2493 2.4122 0.437, 2.2589 2.4157 0.437, 2.2483 2.4157 0.437, 2.2574 2.4203 0.437, 2.2471 2.4178 0.437, 2.2553 2.4236 0.437, 2.2456 2.4194 0.437, 2.2526 2.4261 0.437, 2.2438 2.4206 0.437, 2.2493 2.428 0.437, 2.2415 2.4214 0.437, 2.2451 2.4293 0.437, 2.2381 2.4217 0.437, 2.239 2.4299 0.437, 2.232 2.4211 0.437, 2.2286 2.4286 0.437, 2.2258 2.4189 0.437, 2.2212 2.4256 0.437, 2.2193 2.4148 0.437, 2.2193 2.4245 0.437, 2.226 2.3817 0.437, 2.2187 2.3745 0.437, 2.2268 2.3808 0.437, 2.222 2.3722 0.437, 2.2288 2.3795 0.437, 2.2259 2.3707 0.437, 2.2311 2.3786 0.437, 2.2319 2.37 0.437, 2.2345 2.3782 0.437, 2.2371 2.3706 0.437, 2.2382 2.3787 0.437, 2.2411 2.3721 0.437, 2.2447 2.3744 0.437, 2.224 2.3891 0.437, 2.2138 2.388 0.437, 2.2239 2.3875 0.437, 2.2137 2.3867 0.437, 2.2242 2.3852 0.437, 2.2142 2.3821 0.437, 2.2248 2.3834 0.437, 2.2155 2.3787 0.437, 2.2175 2.3757 0.437, 2.2327 2.4053 0.437, 2.2253 2.4035 0.437, 2.2266 2.3947 0.437, 2.221 2.4014 0.437, 2.2254 2.3933 0.437, 2.2179 2.3987 0.437, 2.2245 2.3914 0.437, 2.2158 2.3958 0.437, 2.2144 2.3923 0.437, 2.239 2.4299 0.4331, 2.2286 2.4286 0.4331, 2.2212 2.4256 0.4331, 2.2193 2.4245 0.4331, 2.2193 2.4148 0.4331, 2.2258 2.4189 0.4331, 2.232 2.4211 0.4331, 2.2381 2.4217 0.4331, 2.2415 2.4214 0.4331, 2.2438 2.4206 0.4331, 2.2456 2.4194 0.4331, 2.2471 2.4178 0.4331, 2.2483 2.4157 0.4331, 2.2493 2.4122 0.4331, 2.2497 2.4077 0.4331, 2.2327 2.4053 0.4331, 2.2253 2.4035 0.4331, 2.221 2.4014 0.4331, 2.2179 2.3987 0.4331, 2.2158 2.3958 0.4331, 2.2144 2.3923 0.4331, 2.2138 2.388 0.4331, 2.2137 2.3867 0.4331, 2.2142 2.3821 0.4331, 2.2155 2.3787 0.4331, 2.2175 2.3757 0.4331, 2.2187 2.3745 0.4331, 2.2319 2.37 0.4331, 2.2261 2.3707 0.4331, 2.2259 2.3707 0.4331, 2.222 2.3722 0.4331, 2.2371 2.3706 0.4331, 2.2373 2.3707 0.4331, 2.2411 2.3721 0.4331, 2.2447 2.3744 0.4331, 2.2478 2.3778 0.4331, 2.2494 2.3802 0.4331, 2.2497 2.3802 0.4331, 2.2497 2.3714 0.4331, 2.2597 2.3714 0.4331, 2.2597 2.4082 0.4331, 2.2589 2.4157 0.4331, 2.2574 2.4203 0.4331, 2.2553 2.4236 0.4331, 2.2526 2.4261 0.4331, 2.2493 2.428 0.4331, 2.2451 2.4293 0.4331, 2.2266 2.3947 0.4331, 2.2282 2.3959 0.4331, 2.2308 2.3971 0.4331, 2.2363 2.3983 0.4331, 2.2239 2.3875 0.4331, 2.224 2.3891 0.4331, 2.2245 2.3914 0.4331, 2.2254 2.3933 0.4331, 2.2268 2.3808 0.4331, 2.226 2.3817 0.4331, 2.2248 2.3834 0.4331, 2.2242 2.3852 0.4331, 2.2345 2.3782 0.4331, 2.2311 2.3786 0.4331, 2.2288 2.3795 0.4331, 2.2454 2.3829 0.4331, 2.2441 2.3817 0.4331, 2.2413 2.3798 0.4331, 2.2382 2.3787 0.4331, 2.2497 2.3946 0.4331, 2.2497 2.3939 0.4331, 2.249 2.3894 0.4331, 2.2475 2.3859 0.4331, 2.2497 2.4001 0.4331
            ]
        }
        coordIndex [
            0,1,2,-1,2,1,3,-1,4,5,6,-1,6,5,0,-1,6,0,2,-1,7,5,8,-1,8,5,4,-1,9,7,10,-1,10,7,8,-1,11,9,12,-1,12,9,10,-1,13,11,14,-1,14,11,12,-1,15,13,16,-1,16,13,14,-1,17,15,18,-1,18,15,16,-1,19,17,20,-1,20,17,18,-1,21,19,22,-1,22,19,20,-1,23,21,24,-1,24,21,22,-1,3,1,25,-1,25,1,23,-1,25,23,24,-1,23,1,0,-1,0,5,23,-1,23,5,7,-1,23,7,21,-1,17,19,15,-1,15,19,21,-1,15,21,13,-1,13,21,7,-1,13,7,11,-1,11,7,9,-1,26,27,28,-1,28,27,29,-1,30,31,32,-1,33,34,29,-1,29,34,35,-1,36,37,38,-1,38,37,39,-1,35,40,29,-1,29,40,41,-1,29,41,28,-1,28,41,42,-1,28,42,36,-1,36,42,43,-1,36,43,37,-1,32,33,30,-1,30,33,29,-1,30,29,44,-1,44,29,45,-1,44,45,46,-1,46,45,47,-1,46,47,48,-1,48,47,49,-1,48,49,50,-1,50,49,51,-1,50,51,52,-1,52,51,53,-1,52,53,54,-1,54,53,55,-1,54,55,56,-1,56,55,57,-1,56,57,58,-1,58,57,59,-1,58,59,60,-1,60,59,61,-1,60,61,62,-1,62,61,63,-1,64,65,66,-1,66,65,67,-1,66,67,68,-1,68,67,69,-1,68,69,70,-1,70,69,71,-1,70,71,72,-1,72,71,73,-1,72,73,74,-1,74,73,75,-1,74,75,39,-1,39,75,76,-1,39,76,38,-1,77,78,79,-1,79,78,80,-1,79,80,81,-1,81,80,82,-1,81,82,83,-1,83,82,84,-1,83,84,64,-1,64,84,85,-1,64,85,65,-1,30,86,31,-1,31,86,87,-1,31,87,88,-1,88,87,89,-1,88,89,90,-1,90,89,91,-1,90,91,92,-1,92,91,93,-1,92,93,77,-1,77,93,94,-1,77,94,78,-1,57,95,96,-1,57,96,59,-1,59,96,97,-1,59,97,61,-1,61,97,98,-1,61,98,63,-1,62,63,99,-1,99,63,98,-1,62,99,100,-1,62,100,60,-1,60,100,101,-1,60,101,58,-1,58,101,102,-1,58,102,56,-1,56,102,103,-1,56,103,54,-1,54,103,104,-1,54,104,52,-1,52,104,105,-1,52,105,50,-1,50,105,106,-1,50,106,48,-1,48,106,107,-1,48,107,46,-1,46,107,108,-1,46,108,44,-1,44,108,109,-1,44,109,30,-1,86,30,110,-1,110,30,109,-1,86,110,111,-1,86,111,87,-1,87,111,112,-1,87,112,89,-1,89,112,113,-1,89,113,91,-1,91,113,114,-1,91,114,93,-1,93,114,115,-1,93,115,94,-1,94,115,116,-1,94,116,78,-1,78,116,117,-1,78,117,80,-1,80,117,118,-1,80,118,82,-1,82,118,119,-1,82,119,84,-1,84,119,120,-1,84,120,85,-1,85,120,121,-1,85,121,65,-1,122,71,123,-1,123,71,69,-1,123,69,124,-1,124,69,67,-1,124,67,125,-1,125,67,65,-1,125,65,121,-1,71,122,126,-1,71,126,73,-1,73,126,127,-1,73,127,75,-1,127,128,75,-1,75,128,129,-1,75,129,76,-1,76,129,130,-1,76,130,38,-1,38,130,131,-1,38,131,36,-1,28,36,132,-1,132,36,131,-1,26,28,133,-1,133,28,132,-1,27,26,134,-1,134,26,133,-1,29,27,135,-1,135,27,134,-1,29,135,136,-1,29,136,45,-1,45,136,137,-1,45,137,47,-1,47,137,138,-1,47,138,49,-1,49,138,139,-1,49,139,51,-1,51,139,140,-1,51,140,53,-1,53,140,141,-1,53,141,55,-1,55,141,95,-1,55,95,57,-1,88,142,143,-1,88,143,31,-1,31,143,144,-1,31,144,32,-1,32,144,145,-1,32,145,33,-1,79,146,147,-1,79,147,77,-1,77,147,148,-1,77,148,92,-1,92,148,149,-1,92,149,90,-1,90,149,142,-1,90,142,88,-1,66,150,151,-1,66,151,64,-1,64,151,152,-1,64,152,83,-1,83,152,153,-1,83,153,81,-1,81,153,146,-1,81,146,79,-1,72,154,155,-1,72,155,70,-1,70,155,156,-1,70,156,68,-1,68,156,150,-1,68,150,66,-1,43,157,158,-1,43,158,37,-1,37,158,159,-1,37,159,39,-1,39,159,160,-1,39,160,74,-1,74,160,154,-1,74,154,72,-1,35,161,162,-1,35,162,40,-1,40,162,163,-1,40,163,41,-1,41,163,164,-1,41,164,42,-1,42,164,157,-1,42,157,43,-1,35,34,161,-1,161,34,165,-1,34,33,165,-1,165,33,145,-1,
        ]
    }
}
Shape{
    appearance Appearance {
        material  Material 	{
            diffuseColor 0.20784313725490197 0.20784313725490197 0.20784313725490197
            specularColor 0.01568627450980392 0.01568627450980392 0.01568627450980392
            ambientIntensity 0.298
            transparency 0.0
            shininess 0.5
        }
    }
    geometry IndexedFaceSet {
        ccw TRUE
        solid FALSE
        coord DEF co Coordinate {
            point [
                2.2497 2.4001 0.4331, 2.2363 2.3983 0.4331, 2.2497 2.3946 0.4331, 2.2308 2.3971 0.4331, 2.2282 2.3959 0.4331, 2.2266 2.3947 0.4331, 2.2497 2.3939 0.4331, 2.249 2.3894 0.4331, 2.2254 2.3933 0.4331, 2.2475 2.3859 0.4331, 2.226 2.3817 0.4331, 2.2268 2.3808 0.4331, 2.2441 2.3817 0.4331, 2.2248 2.3834 0.4331, 2.2413 2.3798 0.4331, 2.2382 2.3787 0.4331, 2.2345 2.3782 0.4331, 2.2245 2.3914 0.4331, 2.224 2.3891 0.4331, 2.2454 2.3829 0.4331, 2.2239 2.3875 0.4331, 2.2242 2.3852 0.4331, 2.2288 2.3795 0.4331, 2.2311 2.3786 0.4331
            ]
        }
        coordIndex [
            0,1,2,-1,2,1,3,-1,3,4,2,-1,2,4,5,-1,2,5,6,-1,6,5,7,-1,7,5,8,-1,7,8,9,-1,10,11,12,-1,10,12,13,-1,14,12,15,-1,15,12,16,-1,8,17,9,-1,9,17,18,-1,9,18,19,-1,19,18,20,-1,19,20,12,-1,12,20,21,-1,12,21,13,-1,11,22,12,-1,12,22,23,-1,12,23,16,-1,
        ]
    }
}
Shape{
    appearance Appearance {
        material  Material 	{
            diffuseColor 1.0 1.0 1.0
            specularColor 0.5019607843137255 0.5019607843137255 0.5019607843137255
            ambientIntensity 1.0
            transparency 0.0
            shininess 0.5
        }
    }
    geometry IndexedFaceSet {
        ccw TRUE
        solid FALSE
        coord DEF co Coordinate {
            point [
                2.2733 2.3837 0.4331, 2.2733 2.3837 0.437, 2.2772 2.3813 0.437, 2.2898 2.3782 0.437, 2.2898 2.3782 0.4331, 2.2835 2.3789 0.4331, 2.2835 2.3789 0.437, 2.2779 2.381 0.4331, 2.2772 2.3813 0.4331, 2.2733 2.3734 0.437, 2.2733 2.3734 0.4331, 2.2805 2.3709 0.437, 2.2779 2.3718 0.4331, 2.2888 2.37 0.4331, 2.2888 2.37 0.437, 2.2822 2.3707 0.4331, 2.2805 2.3709 0.4331, 2.2952 2.3707 0.4331, 2.2971 2.3709 0.437, 2.2971 2.3709 0.4331, 2.3025 2.3728 0.4331, 2.3025 2.3728 0.437, 2.3055 2.3746 0.4331, 2.3055 2.3746 0.437, 2.3083 2.3771 0.4331, 2.3083 2.3771 0.437, 2.3102 2.3797 0.4331, 2.3102 2.3797 0.437, 2.3114 2.3829 0.4331, 2.3114 2.3829 0.437, 2.3119 2.3869 0.4331, 2.3119 2.3869 0.437, 2.3115 2.3907 0.4331, 2.3115 2.3907 0.437, 2.3104 2.3936 0.4331, 2.3104 2.3936 0.437, 2.3086 2.3964 0.4331, 2.3086 2.3964 0.437, 2.3062 2.3985 0.4331, 2.3062 2.3985 0.437, 2.2995 2.4022 0.4331, 2.2995 2.4022 0.437, 2.2956 2.4038 0.4331, 2.2956 2.4038 0.437, 2.2894 2.4065 0.4331, 2.2894 2.4065 0.437, 2.2859 2.4087 0.4331, 2.2859 2.4087 0.437, 2.2849 2.4098 0.4331, 2.2849 2.4098 0.437, 2.2842 2.4111 0.4331, 2.2842 2.4111 0.437, 2.2838 2.4127 0.4331, 2.2838 2.4127 0.437, 2.2837 2.414 0.4331, 2.2837 2.414 0.437, 2.2839 2.4156 0.4331, 2.2839 2.4156 0.437, 2.2844 2.417 0.4331, 2.2844 2.417 0.437, 2.2852 2.4183 0.4331, 2.2852 2.4183 0.437, 2.2867 2.4196 0.4331, 2.2867 2.4196 0.437, 2.289 2.4208 0.4331, 2.289 2.4208 0.437, 2.2917 2.4215 0.4331, 2.2917 2.4215 0.437, 2.2946 2.4217 0.4331, 2.2946 2.4217 0.437, 2.3012 2.421 0.4331, 2.3012 2.421 0.437, 2.3069 2.4189 0.4331, 2.3069 2.4189 0.437, 2.3092 2.4176 0.4331, 2.3092 2.4176 0.437, 2.3092 2.4273 0.437, 2.3092 2.4273 0.4331, 2.3011 2.4295 0.4331, 2.3011 2.4295 0.437, 2.2956 2.4299 0.4331, 2.2956 2.4299 0.437, 2.2882 2.4291 0.4331, 2.2882 2.4291 0.437, 2.2827 2.4271 0.4331, 2.2827 2.4271 0.437, 2.2798 2.4253 0.4331, 2.2798 2.4253 0.437, 2.2779 2.4237 0.4331, 2.2768 2.4227 0.437, 2.2768 2.4227 0.4331, 2.2749 2.4199 0.4331, 2.2749 2.4199 0.437, 2.2737 2.4167 0.4331, 2.2737 2.4167 0.437, 2.2734 2.4131 0.4331, 2.2734 2.4131 0.437, 2.2738 2.4092 0.4331, 2.2738 2.4092 0.437, 2.2749 2.4062 0.4331, 2.2749 2.4062 0.437, 2.2762 2.4041 0.4331, 2.2762 2.4041 0.437, 2.2885 2.3965 0.4331, 2.2885 2.3965 0.437, 2.2826 2.3992 0.437, 2.2778 2.4024 0.4331, 2.2778 2.4024 0.437, 2.2779 2.4023 0.4331, 2.2826 2.3992 0.4331, 2.2951 2.3937 0.4331, 2.2951 2.3937 0.437, 2.299 2.3914 0.4331, 2.299 2.3914 0.437, 2.3003 2.3901 0.4331, 2.3003 2.3901 0.437, 2.3011 2.3888 0.4331, 2.3011 2.3888 0.437, 2.3015 2.3872 0.4331, 2.3015 2.3872 0.437, 2.3016 2.3859 0.4331, 2.3016 2.3859 0.437, 2.3014 2.384 0.4331, 2.3014 2.384 0.437, 2.3009 2.3826 0.4331, 2.3009 2.3826 0.437, 2.3 2.3813 0.4331, 2.3 2.3813 0.437, 2.2989 2.3803 0.4331, 2.2989 2.3803 0.437, 2.298 2.3797 0.4331, 2.298 2.3797 0.437, 2.2954 2.3788 0.4331, 2.2954 2.3788 0.437, 2.2902 2.3782 0.4331, 2.2902 2.3782 0.437, 2.3616 2.4286 0.437, 2.372 2.4286 0.437, 2.3616 2.4286 0.4331, 2.372 2.4286 0.4331, 2.346 2.3855 0.437, 2.346 2.3855 0.4331, 2.3452 2.3828 0.4331, 2.3452 2.3828 0.437, 2.3448 2.3809 0.4331, 2.3448 2.3809 0.437, 2.3445 2.3809 0.437, 2.3445 2.3809 0.4331, 2.3433 2.3856 0.437, 2.3433 2.3856 0.4331, 2.3283 2.4286 0.437, 2.3283 2.4286 0.4331, 2.3171 2.4286 0.437, 2.3171 2.4286 0.4331, 2.3396 2.3715 0.437, 2.3396 2.3715 0.4331, 2.3352 2.3611 0.4331, 2.3352 2.3611 0.437, 2.3392 2.3707 0.4331, 2.3332 2.3575 0.4331, 2.3332 2.3575 0.437, 2.3313 2.3554 0.4331, 2.3313 2.3554 0.437, 2.3295 2.3541 0.4331, 2.3295 2.3541 0.437, 2.3273 2.3533 0.4331, 2.3273 2.3533 0.437, 2.3249 2.353 0.4331, 2.3249 2.353 0.437, 2.3213 2.3535 0.4331, 2.3213 2.3535 0.437, 2.3192 2.3542 0.4331, 2.3192 2.3542 0.437, 2.3192 2.3453 0.4331, 2.3192 2.3453 0.437, 2.3192 2.3503 0.4331, 2.3235 2.3445 0.4331, 2.3235 2.3445 0.437, 2.3257 2.3444 0.4331, 2.3257 2.3444 0.437, 2.3461 2.3627 0.4331, 2.3461 2.3627 0.437, 2.3415 2.3539 0.437, 2.3297 2.3449 0.4331, 2.3297 2.3449 0.437, 2.3337 2.3464 0.4331, 2.3337 2.3464 0.437, 2.3372 2.3489 0.4331, 2.3372 2.3489 0.437, 2.3379 2.3495 0.4331, 2.3379 2.3495 0.437, 2.3385 2.3503 0.4331, 2.3415 2.3539 0.4331, 2.3492 2.3707 0.4331, 2.4259 2.3805 0.437, 2.4259 2.3714 0.437, 2.4259 2.3805 0.4331, 2.4259 2.3714 0.4331, 2.3932 2.3805 0.4331, 2.3932 2.3805 0.437, 2.4082 2.3805 0.4331, 2.3932 2.4074 0.437, 2.3932 2.4074 0.4331, 2.4218 2.4074 0.4331, 2.4218 2.4074 0.437, 2.4082 2.4074 0.4331, 2.4218 2.4166 0.437, 2.4218 2.4166 0.4331, 2.3932 2.4166 0.4331, 2.3932 2.4166 0.437, 2.4082 2.4166 0.4331, 2.3932 2.4422 0.437, 2.3932 2.4422 0.4331, 2.4241 2.4422 0.4331, 2.4241 2.4422 0.437, 2.4082 2.4422 0.4331, 2.4241 2.4514 0.437, 2.4241 2.4514 0.4331, 2.3828 2.4514 0.4331, 2.3828 2.4514 0.437, 2.4082 2.4514 0.4331, 2.3828 2.3714 0.437, 2.3828 2.3714 0.4331, 2.4082 2.3714 0.4331, 2.4858 2.3879 0.437, 2.4925 2.3812 0.437, 2.4868 2.3889 0.437, 2.4941 2.3826 0.437, 2.491 2.3941 0.437, 2.4998 2.3892 0.437, 2.4937 2.4001 0.437, 2.5039 2.3975 0.437, 2.4951 2.4076 0.437, 2.5059 2.4067 0.437, 2.4953 2.4121 0.437, 2.5062 2.4124 0.437, 2.4944 2.4213 0.437, 2.5049 2.4233 0.437, 2.4922 2.4274 0.437, 2.502 2.431 0.437, 2.4892 2.432 0.437, 2.497 2.438 0.437, 2.4866 2.4347 0.437, 2.4941 2.4408 0.437, 2.4804 2.4387 0.437, 2.4856 2.4466 0.437, 2.4734 2.4412 0.437, 2.4759 2.4501 0.437, 2.4635 2.4422 0.437, 2.4639 2.4514 0.437, 2.4514 2.4422 0.437, 2.441 2.4514 0.437, 2.4514 2.3805 0.437, 2.441 2.3714 0.437, 2.463 2.3805 0.437, 2.463 2.3714 0.437, 2.474 2.3818 0.437, 2.4753 2.3727 0.437, 2.4806 2.3844 0.437, 2.4847 2.376 0.437, 2.463 2.3714 0.4331, 2.441 2.3714 0.4331, 2.4753 2.3727 0.4331, 2.4847 2.376 0.4331, 2.4925 2.3812 0.4331, 2.4941 2.3826 0.4331, 2.4998 2.3892 0.4331, 2.5039 2.3975 0.4331, 2.5059 2.4067 0.4331, 2.5062 2.4124 0.4331, 2.5049 2.4233 0.4331, 2.502 2.431 0.4331, 2.497 2.438 0.4331, 2.4941 2.4408 0.4331, 2.4856 2.4466 0.4331, 2.4759 2.4501 0.4331, 2.4639 2.4514 0.4331, 2.441 2.4514 0.4331, 2.4635 2.4422 0.4331, 2.4514 2.4422 0.4331, 2.4514 2.3805 0.4331, 2.463 2.3805 0.4331, 2.4868 2.3889 0.4331, 2.4858 2.3879 0.4331, 2.4806 2.3844 0.4331, 2.474 2.3818 0.4331, 2.4953 2.4121 0.4331, 2.4951 2.4076 0.4331, 2.4937 2.4001 0.4331, 2.491 2.3941 0.4331, 2.4866 2.4347 0.4331, 2.4892 2.432 0.4331, 2.4922 2.4274 0.4331, 2.4944 2.4213 0.4331, 2.4734 2.4412 0.4331, 2.4804 2.4387 0.4331
            ]
        }
        coordIndex [
            0,1,2,-1,3,4,5,-1,3,5,6,-1,6,5,7,-1,6,7,2,-1,2,7,8,-1,2,8,0,-1,9,1,10,-1,10,1,0,-1,9,10,11,-1,11,10,12,-1,13,14,15,-1,15,14,11,-1,15,11,16,-1,16,11,12,-1,13,17,14,-1,14,17,18,-1,17,19,18,-1,18,19,20,-1,18,20,21,-1,21,20,22,-1,21,22,23,-1,23,22,24,-1,23,24,25,-1,25,24,26,-1,25,26,27,-1,27,26,28,-1,27,28,29,-1,29,28,30,-1,29,30,31,-1,31,30,32,-1,31,32,33,-1,33,32,34,-1,33,34,35,-1,35,34,36,-1,35,36,37,-1,37,36,38,-1,37,38,39,-1,39,38,40,-1,39,40,41,-1,41,40,42,-1,41,42,43,-1,43,42,44,-1,43,44,45,-1,45,44,46,-1,45,46,47,-1,47,46,48,-1,47,48,49,-1,49,48,50,-1,49,50,51,-1,51,50,52,-1,51,52,53,-1,53,52,54,-1,53,54,55,-1,55,54,56,-1,55,56,57,-1,57,56,58,-1,57,58,59,-1,59,58,60,-1,59,60,61,-1,61,60,62,-1,61,62,63,-1,63,62,64,-1,63,64,65,-1,65,64,66,-1,65,66,67,-1,67,66,68,-1,67,68,69,-1,69,68,70,-1,69,70,71,-1,71,70,72,-1,71,72,73,-1,73,72,74,-1,73,74,75,-1,76,75,77,-1,77,75,74,-1,76,77,78,-1,76,78,79,-1,79,78,80,-1,79,80,81,-1,81,80,82,-1,81,82,83,-1,83,82,84,-1,83,84,85,-1,85,84,86,-1,85,86,87,-1,86,88,87,-1,87,88,89,-1,88,90,89,-1,89,90,91,-1,89,91,92,-1,92,91,93,-1,92,93,94,-1,94,93,95,-1,94,95,96,-1,96,95,97,-1,96,97,98,-1,98,97,99,-1,98,99,100,-1,100,99,101,-1,100,101,102,-1,103,104,105,-1,102,101,106,-1,102,106,107,-1,107,106,108,-1,107,108,105,-1,105,108,109,-1,105,109,103,-1,104,103,110,-1,104,110,111,-1,111,110,112,-1,111,112,113,-1,113,112,114,-1,113,114,115,-1,115,114,116,-1,115,116,117,-1,117,116,118,-1,117,118,119,-1,119,118,120,-1,119,120,121,-1,121,120,122,-1,121,122,123,-1,123,122,124,-1,123,124,125,-1,125,124,126,-1,125,126,127,-1,127,126,128,-1,127,128,129,-1,129,128,130,-1,129,130,131,-1,131,130,132,-1,131,132,133,-1,133,132,134,-1,133,134,135,-1,135,134,4,-1,135,4,3,-1,61,63,85,-1,85,63,83,-1,111,43,104,-1,104,43,45,-1,21,23,127,-1,127,23,25,-1,127,25,125,-1,125,25,27,-1,125,27,123,-1,123,27,29,-1,123,29,121,-1,121,29,31,-1,121,31,119,-1,119,31,33,-1,119,33,117,-1,117,33,35,-1,117,35,115,-1,115,35,37,-1,115,37,113,-1,113,37,39,-1,113,39,111,-1,111,39,41,-1,111,41,43,-1,14,3,11,-1,11,3,6,-1,11,6,9,-1,9,6,2,-1,9,2,1,-1,63,65,83,-1,83,65,67,-1,83,67,81,-1,81,67,69,-1,81,69,79,-1,79,69,71,-1,79,71,76,-1,76,71,73,-1,76,73,75,-1,127,129,21,-1,21,129,131,-1,21,131,18,-1,18,131,133,-1,18,133,14,-1,14,133,135,-1,14,135,3,-1,85,87,61,-1,61,87,89,-1,61,89,59,-1,59,89,92,-1,59,92,57,-1,57,92,94,-1,57,94,55,-1,55,94,96,-1,55,96,53,-1,53,96,98,-1,53,98,51,-1,51,98,100,-1,51,100,49,-1,49,100,102,-1,49,102,47,-1,47,102,107,-1,47,107,45,-1,45,107,105,-1,45,105,104,-1,136,137,138,-1,138,137,139,-1,140,136,141,-1,141,136,138,-1,140,141,142,-1,140,142,143,-1,143,142,144,-1,143,144,145,-1,146,145,147,-1,147,145,144,-1,148,146,149,-1,149,146,147,-1,150,148,151,-1,151,148,149,-1,152,150,153,-1,153,150,151,-1,154,152,155,-1,155,152,153,-1,156,157,158,-1,158,157,154,-1,158,154,155,-1,157,156,159,-1,157,159,160,-1,160,159,161,-1,160,161,162,-1,162,161,163,-1,162,163,164,-1,164,163,165,-1,164,165,166,-1,166,165,167,-1,166,167,168,-1,168,167,169,-1,168,169,170,-1,170,169,171,-1,170,171,172,-1,173,174,175,-1,175,174,172,-1,175,172,171,-1,174,173,176,-1,174,176,177,-1,177,176,178,-1,177,178,179,-1,180,181,182,-1,179,178,183,-1,179,183,184,-1,184,183,185,-1,184,185,186,-1,186,185,187,-1,186,187,188,-1,188,187,189,-1,188,189,190,-1,190,189,191,-1,190,191,182,-1,182,191,192,-1,182,192,180,-1,139,137,193,-1,193,137,181,-1,193,181,180,-1,143,145,181,-1,137,136,181,-1,181,136,140,-1,181,140,143,-1,150,152,148,-1,148,152,154,-1,148,154,146,-1,182,160,190,-1,190,160,162,-1,172,174,170,-1,170,174,177,-1,170,177,168,-1,168,177,179,-1,168,179,166,-1,166,179,184,-1,166,184,164,-1,164,184,186,-1,164,186,162,-1,162,186,188,-1,162,188,190,-1,145,146,181,-1,181,146,154,-1,181,154,182,-1,182,154,157,-1,182,157,160,-1,194,195,196,-1,196,195,197,-1,198,199,200,-1,200,199,194,-1,200,194,196,-1,201,199,202,-1,202,199,198,-1,203,204,205,-1,205,204,201,-1,205,201,202,-1,206,204,207,-1,207,204,203,-1,208,209,210,-1,210,209,206,-1,210,206,207,-1,211,209,212,-1,212,209,208,-1,213,214,215,-1,215,214,211,-1,215,211,212,-1,216,214,217,-1,217,214,213,-1,218,219,220,-1,220,219,216,-1,220,216,217,-1,221,219,222,-1,222,219,218,-1,197,195,223,-1,223,195,221,-1,223,221,222,-1,221,195,194,-1,194,199,221,-1,221,199,201,-1,221,201,219,-1,214,216,211,-1,211,216,219,-1,211,219,209,-1,209,219,201,-1,209,201,206,-1,206,201,204,-1,224,225,226,-1,226,225,227,-1,226,227,228,-1,228,227,229,-1,228,229,230,-1,230,229,231,-1,230,231,232,-1,232,231,233,-1,232,233,234,-1,234,233,235,-1,234,235,236,-1,236,235,237,-1,236,237,238,-1,238,237,239,-1,238,239,240,-1,240,239,241,-1,240,241,242,-1,242,241,243,-1,242,243,244,-1,244,243,245,-1,244,245,246,-1,246,245,247,-1,246,247,248,-1,248,247,249,-1,248,249,250,-1,250,249,251,-1,250,251,252,-1,252,251,253,-1,252,253,254,-1,254,253,255,-1,254,255,256,-1,256,255,257,-1,256,257,258,-1,258,257,259,-1,258,259,224,-1,224,259,225,-1,255,253,260,-1,260,253,261,-1,255,260,262,-1,255,262,257,-1,257,262,263,-1,257,263,259,-1,259,263,264,-1,259,264,225,-1,225,264,265,-1,225,265,227,-1,227,265,266,-1,227,266,229,-1,229,266,267,-1,229,267,231,-1,231,267,268,-1,231,268,233,-1,233,268,269,-1,233,269,235,-1,235,269,270,-1,235,270,237,-1,237,270,271,-1,237,271,239,-1,239,271,272,-1,239,272,241,-1,241,272,273,-1,241,273,243,-1,243,273,274,-1,243,274,245,-1,245,274,275,-1,245,275,247,-1,247,275,276,-1,247,276,249,-1,251,249,277,-1,277,249,276,-1,253,251,261,-1,261,251,277,-1,248,250,278,-1,278,250,279,-1,250,252,279,-1,279,252,280,-1,252,254,280,-1,280,254,281,-1,226,282,283,-1,226,283,224,-1,224,283,284,-1,224,284,258,-1,258,284,285,-1,258,285,256,-1,256,285,281,-1,256,281,254,-1,234,286,287,-1,234,287,232,-1,232,287,288,-1,232,288,230,-1,230,288,289,-1,230,289,228,-1,228,289,282,-1,228,282,226,-1,242,290,291,-1,242,291,240,-1,240,291,292,-1,240,292,238,-1,238,292,293,-1,238,293,236,-1,236,293,286,-1,236,286,234,-1,248,278,294,-1,248,294,246,-1,246,294,295,-1,246,295,244,-1,244,295,290,-1,244,290,242,-1,
        ]
    }
}
Shape{
    appearance Appearance {
        material  Material 	{
            diffuseColor 0.20784313725490197 0.20784313725490197 0.20784313725490197
            specularColor 0.01568627450980392 0.01568627450980392 0.01568627450980392
            ambientIntensity 0.298
            transparency 0.0
            shininess 0.5
        }
    }
    geometry IndexedFaceSet {
        ccw TRUE
        solid FALSE
        coord DEF co Coordinate {
            point [
                2.4514 2.4422 0.4331, 2.4514 2.3805 0.4331, 2.4635 2.4422 0.4331, 2.463 2.3805 0.4331, 2.474 2.3818 0.4331, 2.4806 2.3844 0.4331, 2.4858 2.3879 0.4331, 2.4868 2.3889 0.4331, 2.491 2.3941 0.4331, 2.4937 2.4001 0.4331, 2.4951 2.4076 0.4331, 2.4953 2.4121 0.4331, 2.4944 2.4213 0.4331, 2.4922 2.4274 0.4331, 2.4892 2.432 0.4331, 2.4866 2.4347 0.4331, 2.4734 2.4412 0.4331, 2.4804 2.4387 0.4331
            ]
        }
        coordIndex [
            0,1,2,-1,2,1,3,-1,2,3,4,-1,4,5,2,-1,2,5,6,-1,2,6,7,-1,7,8,2,-1,2,8,9,-1,2,9,10,-1,10,11,2,-1,2,11,12,-1,2,12,13,-1,13,14,2,-1,2,14,15,-1,2,15,16,-1,16,15,17,-1,
        ]
    }
}
Shape{
    appearance Appearance {
        material  Material 	{
            diffuseColor 1.0 1.0 1.0
            specularColor 0.5019607843137255 0.5019607843137255 0.5019607843137255
            ambientIntensity 1.0
            transparency 0.0
            shininess 0.5
        }
    }
    geometry IndexedFaceSet {
        ccw TRUE
        solid FALSE
        coord DEF co Coordinate {
            point [
                2.533 2.4023 0.437, 2.5298 2.3933 0.437, 2.5599 2.4023 0.437, 2.5631 2.3933 0.437, 2.545 2.4356 0.437, 2.5412 2.4514 0.437, 2.5107 2.3714 0.437, 2.5221 2.3714 0.437, 2.5457 2.438 0.437, 2.5463 2.4412 0.437, 2.5522 2.4514 0.437, 2.5466 2.4412 0.437, 2.5472 2.4378 0.437, 2.5478 2.4356 0.437, 2.5827 2.3714 0.437, 2.5713 2.3714 0.437, 2.5522 2.4514 0.4331, 2.5827 2.3714 0.4331, 2.5412 2.4514 0.4331, 2.5107 2.3714 0.4331, 2.5221 2.3714 0.4331, 2.5298 2.3933 0.4331, 2.5631 2.3933 0.4331, 2.5713 2.3714 0.4331, 2.533 2.4023 0.4331, 2.5599 2.4023 0.4331, 2.5478 2.4356 0.4331, 2.5466 2.4412 0.4331, 2.5472 2.4378 0.4331, 2.5463 2.4412 0.4331, 2.545 2.4356 0.4331, 2.5457 2.438 0.4331
            ]
        }
        coordIndex [
            0,1,2,-1,2,1,3,-1,4,5,0,-1,0,5,6,-1,0,6,1,-1,1,6,7,-1,4,8,5,-1,5,8,9,-1,5,9,10,-1,10,9,11,-1,10,11,12,-1,12,13,10,-1,10,13,2,-1,10,2,14,-1,14,2,3,-1,14,3,15,-1,10,14,16,-1,16,14,17,-1,5,10,18,-1,18,10,16,-1,6,5,19,-1,19,5,18,-1,7,6,20,-1,20,6,19,-1,1,7,21,-1,21,7,20,-1,3,1,22,-1,22,1,21,-1,15,3,23,-1,23,3,22,-1,14,15,17,-1,17,15,23,-1,0,2,24,-1,24,2,25,-1,2,13,25,-1,25,13,26,-1,11,27,28,-1,11,28,12,-1,12,28,26,-1,12,26,13,-1,11,9,27,-1,27,9,29,-1,4,30,31,-1,4,31,8,-1,8,31,29,-1,8,29,9,-1,4,0,30,-1,30,0,24,-1,
        ]
    }
}
Shape{
    appearance Appearance {
        material  Material 	{
            diffuseColor 0.20784313725490197 0.20784313725490197 0.20784313725490197
            specularColor 0.01568627450980392 0.01568627450980392 0.01568627450980392
            ambientIntensity 0.298
            transparency 0.0
            shininess 0.5
        }
    }
    geometry IndexedFaceSet {
        ccw TRUE
        solid FALSE
        coord DEF co Coordinate {
            point [
                2.5466 2.4412 0.4331, 2.5463 2.4412 0.4331, 2.5472 2.4378 0.4331, 2.5457 2.438 0.4331, 2.5478 2.4356 0.4331, 2.545 2.4356 0.4331, 2.5599 2.4023 0.4331, 2.533 2.4023 0.4331
            ]
        }
        coordIndex [
            0,1,2,-1,2,1,3,-1,2,3,4,-1,4,3,5,-1,4,5,6,-1,6,5,7,-1,
        ]
    }
}
Shape{
    appearance Appearance {
        material  Material 	{
            diffuseColor 1.0 1.0 1.0
            specularColor 0.5019607843137255 0.5019607843137255 0.5019607843137255
            ambientIntensity 1.0
            transparency 0.0
            shininess 0.5
        }
    }
    geometry IndexedFaceSet {
        ccw TRUE
        solid FALSE
        coord DEF co Coordinate {
            point [
                1.8331 2.3882 0.437, 1.8334 2.3938 0.437, 1.8023 2.4104 0.437, 1.8256 2.3421 0.437, 1.8147 2.3508 0.437, 1.8066 2.3614 0.437, 1.8645 2.4473 0.437, 1.8558 2.4479 0.437, 1.8497 2.4114 0.437, 2.0362 2.4896 0.437, 2.0451 2.4836 0.437, 2.0743 2.503 0.437, 1.86 2.4116 0.437, 1.8653 2.4097 0.437, 1.9128 2.3961 0.437, 1.8699 2.4066 0.437, 1.8735 2.4025 0.437, 1.9925 2.4383 0.437, 1.9748 2.4684 0.437, 1.8985 2.4286 0.437, 1.8553 2.4121 0.437, 1.8031 2.4125 0.437, 1.8351 2.3992 0.437, 1.8097 2.4242 0.437, 1.838 2.4039 0.437, 1.8194 2.4346 0.437, 1.8403 2.4062 0.437, 1.8313 2.4423 0.437, 1.878 2.4435 0.437, 1.8447 2.4094 0.437, 1.844 2.4467 0.437, 1.876 2.3978 0.437, 1.8773 2.3925 0.437, 1.9128 2.3904 0.437, 1.8773 2.3873 0.437, 2.0859 2.4869 0.437, 2.0524 2.4753 0.437, 2.0929 2.4695 0.437, 2.0576 2.4654 0.437, 2.0955 2.4508 0.437, 1.8515 2.5132 0.437, 1.8553 2.5111 0.437, 1.8376 2.5527 0.437, 1.864 2.5292 0.437, 1.8493 2.5663 0.437, 1.8768 2.5444 0.437, 1.8627 2.5777 0.437, 1.8919 2.5555 0.437, 1.8766 2.5863 0.437, 1.7917 2.4167 0.437, 1.7945 2.3744 0.437, 1.8018 2.3722 0.437, 1.8899 2.4367 0.437, 2.0113 2.4946 0.437, 2.0158 2.4946 0.437, 2.0392 2.5254 0.437, 2.0263 2.4934 0.437, 2.0418 2.5245 0.437, 2.0588 2.5161 0.437, 2.0744 2.3967 0.437, 2.0469 2.4182 0.437, 2.059 2.3836 0.437, 2.0382 2.4116 0.437, 2.0416 2.3751 0.437, 2.028 2.4073 0.437, 2.0226 2.3711 0.437, 2.0192 2.4058 0.437, 1.9891 2.3711 0.437, 1.9936 2.4058 0.437, 1.9858 2.3716 0.437, 1.8387 2.518 0.437, 1.8311 2.5535 0.437, 1.8251 2.5197 0.437, 1.8245 2.5538 0.437, 1.8183 2.5193 0.437, 1.8021 2.5511 0.437, 1.8043 2.5157 0.437, 1.781 2.5429 0.437, 1.7917 2.5088 0.437, 1.7629 2.5301 0.437, 1.7814 2.4991 0.437, 1.7591 2.5265 0.437, 1.7739 2.4875 0.437, 1.7453 2.5089 0.437, 1.7694 2.4747 0.437, 2.06 2.4544 0.437, 2.0602 2.4502 0.437, 2.0929 2.4306 0.437, 2.059 2.4396 0.437, 2.0858 2.4125 0.437, 2.0552 2.4294 0.437, 2.049 2.4205 0.437, 2.0084 2.5703 0.437, 1.986 2.5443 0.437, 2.0272 2.5486 0.437, 1.9988 2.5291 0.437, 2.0077 2.5107 0.437, 1.844 2.3707 0.437, 1.8492 2.3685 0.437, 1.8385 2.3362 0.437, 1.8543 2.3677 0.437, 1.8519 2.3337 0.437, 1.8553 2.3677 0.437, 1.8558 2.3335 0.437, 1.861 2.3684 0.437, 1.8678 2.3348 0.437, 1.8659 2.3704 0.437, 1.8806 2.3392 0.437, 1.8702 2.3735 0.437, 1.8922 2.3467 0.437, 1.8733 2.377 0.437, 1.9019 2.3571 0.437, 1.876 2.3819 0.437, 1.9088 2.3697 0.437, 1.9124 2.3837 0.437, 1.9028 2.5965 0.437, 1.9105 2.5631 0.437, 1.931 2.5999 0.437, 1.9316 2.5658 0.437, 1.9545 2.5975 0.437, 1.9509 2.5634 0.437, 1.983 2.5874 0.437, 1.9688 2.5565 0.437, 1.9848 2.5454 0.437, 1.8397 2.3741 0.437, 1.8364 2.3781 0.437, 1.8342 2.3829 0.437, 1.9907 2.4063 0.437, 1.9771 2.3771 0.437, 1.9784 2.3757 0.437, 1.7363 2.4884 0.437, 1.7325 2.467 0.437, 1.7682 2.4627 0.437, 1.7323 2.4616 0.437, 1.7691 2.4527 0.437, 1.7351 2.4392 0.437, 1.7735 2.4388 0.437, 1.7433 2.418 0.437, 1.7811 2.4267 0.437, 1.7562 2.3996 0.437, 1.7739 2.3844 0.437, 1.9925 2.406 0.437, 1.9821 2.3731 0.437, 1.9725 2.3887 0.437, 1.9731 2.3845 0.437, 1.9746 2.3806 0.437, 1.9858 2.4058 0.437, 1.9819 2.4043 0.437, 1.9727 2.391 0.437, 1.9784 2.4018 0.437, 1.976 2.3992 0.437, 1.9738 2.3953 0.437, 1.9902 2.4064 0.437, 2.0781 2.4977 0.4331, 2.0859 2.4869 0.4331, 2.091 2.4742 0.4331, 2.0929 2.4695 0.4331, 2.0955 2.4508 0.4331, 2.0743 2.503 0.4331, 2.0588 2.5161 0.4331, 2.0418 2.5245 0.4331, 2.0392 2.5254 0.4331, 2.0272 2.5486 0.4331, 2.0084 2.5703 0.4331, 1.9953 2.5791 0.4331, 1.983 2.5874 0.4331, 1.9545 2.5975 0.4331, 1.931 2.5999 0.4331, 1.9028 2.5965 0.4331, 1.8766 2.5863 0.4331, 1.8649 2.5791 0.4331, 1.8627 2.5777 0.4331, 1.8493 2.5663 0.4331, 1.8376 2.5527 0.4331, 1.8311 2.5535 0.4331, 1.8245 2.5538 0.4331, 1.8021 2.5511 0.4331, 1.781 2.5429 0.4331, 1.7629 2.5301 0.4331, 1.7591 2.5265 0.4331, 1.7453 2.5089 0.4331, 1.7404 2.4977 0.4331, 1.7363 2.4884 0.4331, 1.7338 2.4742 0.4331, 1.7325 2.467 0.4331, 1.7323 2.4616 0.4331, 1.7351 2.4392 0.4331, 1.7433 2.418 0.4331, 1.7562 2.3996 0.4331, 1.7739 2.3844 0.4331, 1.7945 2.3744 0.4331, 1.8018 2.3722 0.4331, 1.8024 2.3707 0.4331, 1.8066 2.3614 0.4331, 1.8147 2.3508 0.4331, 1.8153 2.3503 0.4331, 1.8256 2.3421 0.4331, 1.8385 2.3362 0.4331, 1.8519 2.3337 0.4331, 1.8558 2.3335 0.4331, 1.9128 2.3904 0.4331, 1.8678 2.3348 0.4331, 1.8806 2.3392 0.4331, 1.8922 2.3467 0.4331, 1.8955 2.3503 0.4331, 1.9019 2.3571 0.4331, 1.9088 2.3697 0.4331, 1.9091 2.3707 0.4331, 1.9124 2.3837 0.4331, 1.9128 2.3961 0.4331, 1.9925 2.4383 0.4331, 1.9748 2.4684 0.4331, 1.8985 2.4286 0.4331, 1.8899 2.4367 0.4331, 1.878 2.4435 0.4331, 1.8645 2.4473 0.4331, 1.8558 2.4479 0.4331, 1.844 2.4467 0.4331, 1.8313 2.4423 0.4331, 1.8194 2.4346 0.4331, 1.8097 2.4242 0.4331, 1.8031 2.4125 0.4331, 1.8023 2.4104 0.4331, 1.7917 2.4167 0.4331, 1.7811 2.4267 0.4331, 1.7735 2.4388 0.4331, 1.7691 2.4527 0.4331, 1.7682 2.4627 0.4331, 1.7694 2.4742 0.4331, 1.7694 2.4747 0.4331, 1.7739 2.4875 0.4331, 1.7805 2.4977 0.4331, 1.7814 2.4991 0.4331, 1.7917 2.5088 0.4331, 1.8043 2.5157 0.4331, 1.8183 2.5193 0.4331, 1.8251 2.5197 0.4331, 1.8387 2.518 0.4331, 1.8515 2.5132 0.4331, 1.8553 2.5111 0.4331, 1.864 2.5292 0.4331, 1.8768 2.5444 0.4331, 1.8919 2.5555 0.4331, 1.9105 2.5631 0.4331, 1.9316 2.5658 0.4331, 1.9509 2.5634 0.4331, 1.9688 2.5565 0.4331, 1.9848 2.5454 0.4331, 1.986 2.5443 0.4331, 1.9988 2.5291 0.4331, 2.0077 2.5107 0.4331, 2.0106 2.4977 0.4331, 2.0113 2.4946 0.4331, 2.0158 2.4946 0.4331, 2.0263 2.4934 0.4331, 2.0362 2.4896 0.4331, 2.0451 2.4836 0.4331, 2.0524 2.4753 0.4331, 2.053 2.4742 0.4331, 2.0576 2.4654 0.4331, 2.06 2.4544 0.4331, 2.0602 2.4502 0.4331, 2.059 2.4396 0.4331, 2.0552 2.4294 0.4331, 2.049 2.4205 0.4331, 2.0469 2.4182 0.4331, 2.0382 2.4116 0.4331, 2.028 2.4073 0.4331, 2.0192 2.4058 0.4331, 1.9936 2.4058 0.4331, 1.9925 2.406 0.4331, 1.9907 2.4063 0.4331, 1.9902 2.4064 0.4331, 1.9858 2.4058 0.4331, 1.9819 2.4043 0.4331, 1.9784 2.4018 0.4331, 1.976 2.3992 0.4331, 1.9738 2.3953 0.4331, 1.9727 2.391 0.4331, 1.9725 2.3887 0.4331, 1.9731 2.3845 0.4331, 1.9746 2.3806 0.4331, 1.9771 2.3771 0.4331, 1.9784 2.3757 0.4331, 1.9821 2.3731 0.4331, 1.9858 2.3716 0.4331, 1.9891 2.3711 0.4331, 2.0226 2.3711 0.4331, 2.0416 2.3751 0.4331, 2.059 2.3836 0.4331, 2.0744 2.3967 0.4331, 2.0858 2.4125 0.4331, 2.0929 2.4306 0.4331, 1.8553 2.4121 0.4331, 1.86 2.4116 0.4331, 1.8653 2.4097 0.4331, 1.8699 2.4066 0.4331, 1.8735 2.4025 0.4331, 1.876 2.3978 0.4331, 1.8773 2.3925 0.4331, 1.8773 2.3873 0.4331, 1.876 2.3819 0.4331, 1.8733 2.377 0.4331, 1.8702 2.3735 0.4331, 1.8659 2.3704 0.4331, 1.861 2.3684 0.4331, 1.8553 2.3677 0.4331, 1.8543 2.3677 0.4331, 1.8492 2.3685 0.4331, 1.844 2.3707 0.4331, 1.8397 2.3741 0.4331, 1.8364 2.3781 0.4331, 1.8342 2.3829 0.4331, 1.8331 2.3882 0.4331, 1.8334 2.3938 0.4331, 1.8351 2.3992 0.4331, 1.838 2.4039 0.4331, 1.8403 2.4062 0.4331, 1.8447 2.4094 0.4331, 1.8497 2.4114 0.4331
            ]
        }
        coordIndex [
            0,1,2,-1,3,2,4,-1,4,2,5,-1,6,7,8,-1,9,10,11,-1,12,13,14,-1,14,13,15,-1,14,15,16,-1,17,18,14,-1,14,18,19,-1,14,19,12,-1,12,19,20,-1,2,1,21,-1,21,1,22,-1,21,22,23,-1,23,22,24,-1,23,24,25,-1,25,24,26,-1,25,26,27,-1,6,8,28,-1,26,29,27,-1,27,29,8,-1,27,8,30,-1,30,8,7,-1,16,31,14,-1,14,31,32,-1,14,32,33,-1,33,32,34,-1,11,10,35,-1,35,10,36,-1,35,36,37,-1,37,36,38,-1,37,38,39,-1,40,41,42,-1,42,41,43,-1,42,43,44,-1,44,43,45,-1,44,45,46,-1,46,45,47,-1,46,47,48,-1,49,50,2,-1,2,50,51,-1,2,51,5,-1,20,19,8,-1,8,19,52,-1,8,52,28,-1,53,54,55,-1,55,54,56,-1,55,56,57,-1,57,56,9,-1,57,9,58,-1,58,9,11,-1,59,60,61,-1,61,60,62,-1,61,62,63,-1,63,62,64,-1,63,64,65,-1,65,64,66,-1,65,66,67,-1,67,66,68,-1,67,68,69,-1,40,42,70,-1,70,42,71,-1,70,71,72,-1,72,71,73,-1,72,73,74,-1,74,73,75,-1,74,75,76,-1,76,75,77,-1,76,77,78,-1,78,77,79,-1,78,79,80,-1,80,79,81,-1,80,81,82,-1,82,81,83,-1,82,83,84,-1,38,85,39,-1,39,85,86,-1,39,86,87,-1,87,86,88,-1,87,88,89,-1,89,88,90,-1,89,90,59,-1,59,90,91,-1,59,91,60,-1,92,93,94,-1,94,93,95,-1,94,95,55,-1,55,95,96,-1,55,96,53,-1,97,3,98,-1,98,3,99,-1,98,99,100,-1,100,99,101,-1,100,101,102,-1,102,101,103,-1,102,103,104,-1,104,103,105,-1,104,105,106,-1,106,105,107,-1,106,107,108,-1,108,107,109,-1,108,109,110,-1,110,109,111,-1,110,111,112,-1,112,111,113,-1,112,113,34,-1,34,113,114,-1,34,114,33,-1,48,47,115,-1,115,47,116,-1,115,116,117,-1,117,116,118,-1,117,118,119,-1,119,118,120,-1,119,120,121,-1,121,120,122,-1,121,122,92,-1,92,122,123,-1,92,123,93,-1,97,124,3,-1,3,124,125,-1,3,125,2,-1,2,125,126,-1,2,126,0,-1,127,128,129,-1,83,130,84,-1,84,130,131,-1,84,131,132,-1,132,131,133,-1,132,133,134,-1,134,133,135,-1,134,135,136,-1,136,135,137,-1,136,137,138,-1,138,137,139,-1,138,139,49,-1,49,139,140,-1,49,140,50,-1,68,141,69,-1,69,141,127,-1,69,127,142,-1,142,127,129,-1,143,144,127,-1,127,144,145,-1,127,145,128,-1,146,147,148,-1,147,149,148,-1,148,149,150,-1,148,150,151,-1,143,127,148,-1,148,127,152,-1,148,152,146,-1,153,11,154,-1,154,11,35,-1,154,35,155,-1,155,35,37,-1,155,37,156,-1,156,37,39,-1,156,39,157,-1,153,158,11,-1,11,158,159,-1,11,159,58,-1,58,159,160,-1,58,160,57,-1,57,160,161,-1,57,161,55,-1,55,161,162,-1,55,162,94,-1,94,162,163,-1,94,163,92,-1,121,92,164,-1,164,92,163,-1,164,165,121,-1,121,165,166,-1,121,166,119,-1,119,166,167,-1,119,167,117,-1,117,167,168,-1,117,168,115,-1,115,168,169,-1,115,169,48,-1,48,169,46,-1,46,169,170,-1,46,170,171,-1,46,171,172,-1,46,172,44,-1,44,172,173,-1,44,173,42,-1,42,173,174,-1,42,174,71,-1,71,174,175,-1,71,175,73,-1,73,175,176,-1,73,176,75,-1,75,176,177,-1,75,177,77,-1,77,177,178,-1,77,178,79,-1,79,178,179,-1,79,179,81,-1,130,83,180,-1,180,83,81,-1,180,81,179,-1,180,181,130,-1,130,181,182,-1,130,182,131,-1,131,182,183,-1,183,184,131,-1,131,184,185,-1,131,185,133,-1,133,185,186,-1,133,186,135,-1,135,186,187,-1,135,187,137,-1,137,187,188,-1,137,188,139,-1,139,188,189,-1,139,189,140,-1,140,189,190,-1,140,190,50,-1,50,190,191,-1,50,191,51,-1,51,191,192,-1,51,192,5,-1,192,193,5,-1,5,193,194,-1,5,194,4,-1,4,194,195,-1,4,195,3,-1,195,196,3,-1,3,196,197,-1,3,197,99,-1,99,197,198,-1,99,198,101,-1,101,198,199,-1,101,199,103,-1,200,33,114,-1,103,199,201,-1,103,201,105,-1,105,201,202,-1,105,202,107,-1,107,202,203,-1,107,203,109,-1,109,203,204,-1,109,204,111,-1,204,205,111,-1,111,205,206,-1,111,206,113,-1,113,206,207,-1,113,207,114,-1,114,207,208,-1,114,208,200,-1,14,33,209,-1,209,33,200,-1,17,14,210,-1,210,14,209,-1,18,17,211,-1,211,17,210,-1,19,18,212,-1,212,18,211,-1,19,212,213,-1,19,213,52,-1,52,213,214,-1,52,214,28,-1,28,214,215,-1,28,215,6,-1,6,215,216,-1,6,216,7,-1,7,216,217,-1,7,217,30,-1,30,217,218,-1,30,218,27,-1,27,218,219,-1,27,219,25,-1,25,219,220,-1,25,220,23,-1,23,220,221,-1,23,221,21,-1,21,221,222,-1,21,222,2,-1,2,222,223,-1,2,223,49,-1,49,223,224,-1,49,224,138,-1,138,224,225,-1,138,225,136,-1,136,225,226,-1,136,226,134,-1,134,226,227,-1,134,227,132,-1,227,228,132,-1,132,228,84,-1,228,229,84,-1,84,229,230,-1,84,230,82,-1,82,230,231,-1,82,231,80,-1,231,232,80,-1,80,232,233,-1,80,233,78,-1,78,233,234,-1,78,234,76,-1,76,234,235,-1,76,235,74,-1,74,235,236,-1,74,236,72,-1,72,236,237,-1,72,237,70,-1,70,237,238,-1,70,238,40,-1,40,238,239,-1,40,239,41,-1,41,239,240,-1,41,240,43,-1,43,240,241,-1,43,241,45,-1,45,241,242,-1,45,242,47,-1,47,242,243,-1,47,243,116,-1,116,243,244,-1,116,244,118,-1,118,244,245,-1,118,245,120,-1,120,245,246,-1,120,246,122,-1,122,246,247,-1,122,247,123,-1,123,247,248,-1,123,248,93,-1,93,248,249,-1,93,249,95,-1,95,249,250,-1,95,250,96,-1,96,250,53,-1,53,250,251,-1,53,251,252,-1,54,53,253,-1,253,53,252,-1,54,253,254,-1,54,254,56,-1,56,254,255,-1,56,255,9,-1,9,255,256,-1,9,256,10,-1,10,256,257,-1,10,257,36,-1,36,257,258,-1,36,258,38,-1,258,259,38,-1,38,259,260,-1,38,260,85,-1,85,260,261,-1,85,261,86,-1,86,261,262,-1,86,262,88,-1,88,262,263,-1,88,263,90,-1,90,263,264,-1,90,264,91,-1,91,264,265,-1,91,265,60,-1,60,265,266,-1,60,266,62,-1,62,266,267,-1,62,267,64,-1,64,267,268,-1,64,268,66,-1,68,66,269,-1,269,66,268,-1,68,269,270,-1,68,270,141,-1,141,270,271,-1,141,271,127,-1,127,271,272,-1,127,272,152,-1,152,272,273,-1,152,273,146,-1,146,273,274,-1,146,274,147,-1,147,274,275,-1,147,275,149,-1,149,275,276,-1,149,276,150,-1,150,276,277,-1,150,277,151,-1,151,277,278,-1,151,278,148,-1,148,278,279,-1,148,279,143,-1,143,279,280,-1,143,280,144,-1,144,280,281,-1,144,281,145,-1,145,281,282,-1,145,282,128,-1,128,282,283,-1,128,283,129,-1,129,283,284,-1,129,284,142,-1,142,284,285,-1,142,285,69,-1,69,285,286,-1,69,286,67,-1,65,67,287,-1,287,67,286,-1,65,287,288,-1,65,288,63,-1,63,288,289,-1,63,289,61,-1,61,289,290,-1,61,290,59,-1,59,290,291,-1,59,291,89,-1,89,291,292,-1,89,292,87,-1,87,292,157,-1,87,157,39,-1,20,293,294,-1,20,294,12,-1,12,294,295,-1,12,295,13,-1,13,295,296,-1,13,296,15,-1,15,296,297,-1,15,297,16,-1,16,297,298,-1,16,298,31,-1,31,298,299,-1,31,299,32,-1,32,299,300,-1,32,300,34,-1,34,300,301,-1,34,301,112,-1,112,301,302,-1,112,302,110,-1,110,302,303,-1,110,303,108,-1,108,303,304,-1,108,304,106,-1,106,304,305,-1,106,305,104,-1,104,305,306,-1,104,306,102,-1,102,306,307,-1,102,307,100,-1,100,307,308,-1,100,308,98,-1,98,308,309,-1,98,309,97,-1,97,309,310,-1,97,310,124,-1,124,310,311,-1,124,311,125,-1,125,311,312,-1,125,312,126,-1,126,312,313,-1,126,313,0,-1,0,313,314,-1,0,314,1,-1,1,314,315,-1,1,315,22,-1,22,315,316,-1,22,316,24,-1,24,316,317,-1,24,317,26,-1,26,317,318,-1,26,318,29,-1,29,318,319,-1,29,319,8,-1,8,319,293,-1,8,293,20,-1,
        ]
    }
}
Shape{
    appearance Appearance {
        material  Material 	{
            diffuseColor 0.20784313725490197 0.20784313725490197 0.20784313725490197
            specularColor 0.01568627450980392 0.01568627450980392 0.01568627450980392
            ambientIntensity 0.298
            transparency 0.0
            shininess 0.5
        }
    }
    geometry IndexedFaceSet {
        ccw TRUE
        solid FALSE
        coord DEF co Coordinate {
            point [
                1.8543 2.3677 0.4331, 1.8403 2.4062 0.4331, 1.838 2.4039 0.4331, 1.861 2.3684 0.4331, 1.8659 2.3704 0.4331, 1.86 2.4116 0.4331, 1.8553 2.4121 0.4331, 1.8497 2.4114 0.4331, 1.8447 2.4094 0.4331, 1.8342 2.3829 0.4331, 1.8364 2.3781 0.4331, 1.8397 2.3741 0.4331, 1.8553 2.3677 0.4331, 1.8351 2.3992 0.4331, 1.8334 2.3938 0.4331, 1.8331 2.3882 0.4331, 1.844 2.3707 0.4331, 1.8492 2.3685 0.4331, 1.8702 2.3735 0.4331, 1.8733 2.377 0.4331, 1.876 2.3819 0.4331, 1.8773 2.3873 0.4331, 1.8773 2.3925 0.4331, 1.876 2.3978 0.4331, 1.8735 2.4025 0.4331, 1.8699 2.4066 0.4331, 1.8653 2.4097 0.4331
            ]
        }
        coordIndex [
            0,1,2,-1,3,4,5,-1,6,7,0,-1,0,7,8,-1,0,8,1,-1,9,10,2,-1,2,10,11,-1,6,0,5,-1,5,0,12,-1,5,12,3,-1,13,14,2,-1,2,14,15,-1,2,15,9,-1,11,16,2,-1,2,16,17,-1,2,17,0,-1,4,18,5,-1,5,18,19,-1,5,19,20,-1,20,21,5,-1,5,21,22,-1,5,22,23,-1,23,24,5,-1,5,24,25,-1,5,25,26,-1,
        ]
    }
}