#VRML V2.0 utf8
# 3D model generated by easyeda2kicad.py (https://github.com/uPesy/easyeda2kicad.py)

Shape{
    appearance Appearance {
        material  Material 	{
            diffuseColor 0.7529411764705882 0.7529411764705882 0.7529411764705882
            specularColor 0.6039215686274509 0.6039215686274509 0.6039215686274509
            ambientIntensity 0.3765
            transparency 0.0
            shininess 0.5
        }
    }
    geometry IndexedFaceSet {
        ccw TRUE
        solid FALSE
        coord DEF co Coordinate {
            point [
                -0.2396 0.1591 0.5039, -0.2559 0.1984 0.5039, -0.374 0.0246 0.5039, -0.4134 0.0409 0.5039, -0.374 -0.2577 0.5039, -0.4134 -0.274 0.5039, -0.2396 -0.3921 0.5039, -0.2559 -0.4315 0.5039, 0.2396 -0.3921 0.5039, 0.2559 -0.4315 0.5039, 0.374 -0.2577 0.5039, 0.4134 -0.274 0.5039, 0.374 0.0246 0.5039, 0.4134 0.0409 0.5039, 0.2396 0.1591 0.5039, 0.2559 0.1984 0.5039
            ]
        }
        coordIndex [
            0,1,2,-1,2,1,3,-1,2,3,4,-1,4,3,5,-1,4,5,6,-1,6,5,7,-1,6,7,8,-1,8,7,9,-1,8,9,10,-1,10,9,11,-1,10,11,12,-1,12,11,13,-1,12,13,14,-1,14,13,15,-1,14,15,0,-1,0,15,1,-1,
        ]
    }
}
Shape{
    appearance Appearance {
        material  Material 	{
            diffuseColor 0.25098039215686274 0.25098039215686274 0.25098039215686274
            specularColor 0.12549019607843137 0.12549019607843137 0.12549019607843137
            ambientIntensity 0.251
            transparency 0.0
            shininess 0.5
        }
    }
    geometry IndexedFaceSet {
        ccw TRUE
        solid FALSE
        coord DEF co Coordinate {
            point [
                0.7874 -0.6677 0.0, 0.5205 -0.6677 0.2677, 0.4121 -0.6677 0.0, 0.1662 -0.6677 0.2677, 0.2246 -0.6677 0.0, 0.1662 -0.6677 0.0, 0.531 -0.6677 0.5489, 0.5205 -0.6677 0.5489, 0.531 -0.6677 0.5433, 0.5522 -0.6677 0.5433, 0.5522 -0.6677 0.5827, 0.7874 -0.6677 0.5827, -0.5522 -0.6677 0.5827, -0.7874 -0.6677 0.5827, -0.5522 -0.6677 0.5433, -0.7874 -0.6677 0.0, -0.5205 -0.6677 0.5433, -0.5205 -0.6677 0.2677, -0.6723 -0.6677 0.0, -0.1662 -0.6677 0.2677, -0.3209 -0.6677 0.0, -0.1662 -0.6677 0.0, -0.1662 0.4346 0.2677, -0.1662 0.4346 0.0, -0.3209 0.4346 0.0, -0.5205 0.4346 0.5433, -0.5205 0.4346 0.2677, -0.5522 0.4346 0.5433, -0.7874 0.4346 0.0, -0.5522 0.4346 0.5827, -0.7874 0.4346 0.5827, -0.6723 0.4346 0.0, 0.0012 0.1223 0.0, 0.0012 0.1223 0.0, 0.0245 0.1223 0.0, 0.1662 -0.6681 0.0, 0.1236 -0.6681 0.0, -0.1662 0.435 0.0, -0.0809 0.435 0.0, -0.1714 0.1192 0.0, -0.1713 0.1189 0.0, -0.3209 0.1189 0.0, 0.2883 0.2798 0.0, 0.2473 0.1434 0.0, 0.2461 0.1439 0.0, 0.2965 0.3133 0.0, 0.2924 0.3081 0.0, 0.2246 0.3081 0.0, 0.284 0.2977 0.0, 0.286 0.125 0.0, 0.2925 0.1244 0.0, 0.2945 0.124 0.0, 0.2883 0.1355 0.0, 0.2665 0.1372 0.0, 0.2561 0.1389 0.0, 0.287 0.2914 0.0, 0.2882 0.2833 0.0, 0.2364 0.1352 0.0, 0.2354 0.1343 0.0, 0.235 0.1335 0.0, 0.2246 0.1223 0.0, 0.2346 0.1323 0.0, 0.2345 0.1312 0.0, 0.2956 0.1241 0.0, 0.296 0.1243 0.0, 0.4121 0.1223 0.0, 0.2395 0.1381 0.0, 0.2348 0.1306 0.0, 0.2351 0.1303 0.0, 0.2355 0.13 0.0, 0.2524 0.1398 0.0, 0.2502 0.1409 0.0, 0.2963 0.1245 0.0, 0.2966 0.125 0.0, 0.297 0.1257 0.0, 0.2972 0.1264 0.0, 0.2971 0.1281 0.0, 0.2962 0.1361 0.0, 0.2362 0.1297 0.0, 0.2368 0.1297 0.0, 0.241 0.1296 0.0, 0.2962 0.1366 0.0, 0.2956 0.1533 0.0, 0.4121 0.3081 0.0, 0.2956 0.2807 0.0, 0.2958 0.2945 0.0, 0.2527 0.128 0.0, 0.2577 0.1275 0.0, 0.2741 0.1261 0.0, 0.2952 0.124 0.0, 0.0355 0.1342 0.0, 0.0357 0.1341 0.0, 0.0802 0.2981 0.0, 0.0713 0.2997 0.0, 0.0802 0.3081 0.0, 0.0616 0.3016 0.0, 0.0537 0.3045 0.0, 0.0802 0.2885 0.0, 0.0727 0.2266 0.0, 0.0629 0.2286 0.0, 0.0512 0.234 0.0, 0.043 0.294 0.0, 0.0475 0.2934 0.0, 0.036 0.1339 0.0, 0.0369 0.1338 0.0, 0.0376 0.1337 0.0, 0.0566 0.2308 0.0, 0.0538 0.2326 0.0, 0.0609 0.2917 0.0, 0.0542 0.2926 0.0, 0.0245 0.3081 0.0, 0.0439 0.1471 0.0, 0.036 0.1383 0.0, 0.0352 0.1372 0.0, 0.0349 0.1366 0.0, 0.0348 0.1361 0.0, 0.0348 0.1356 0.0, 0.035 0.135 0.0, 0.0353 0.1345 0.0, 0.0407 0.2969 0.0, 0.0405 0.2964 0.0, 0.042 0.2222 0.0, 0.0423 0.2218 0.0, 0.0427 0.2214 0.0, 0.043 0.2212 0.0, 0.0411 0.2976 0.0, 0.0405 0.296 0.0, 0.0405 0.2956 0.0, 0.0407 0.2952 0.0, 0.0424 0.225 0.0, 0.042 0.2243 0.0, 0.0422 0.2941 0.0, 0.0418 0.2237 0.0, 0.0417 0.2943 0.0, 0.0417 0.2232 0.0, 0.0412 0.2946 0.0, 0.0409 0.2949 0.0, 0.043 0.2258 0.0, 0.0524 0.3053 0.0, 0.0498 0.307 0.0, 0.0416 0.2985 0.0, 0.0436 0.221 0.0, 0.0444 0.2209 0.0, 0.0464 0.1456 0.0, 0.0802 0.2159 0.0, 0.0502 0.1439 0.0, 0.0543 0.1428 0.0, 0.0418 0.2227 0.0, 0.105 0.1237 0.0, 0.1058 0.124 0.0, 0.1236 0.1223 0.0, 0.1236 0.3081 0.0, 0.1118 0.2974 0.0, 0.1117 0.2976 0.0, 0.1114 0.2944 0.0, 0.1117 0.2955 0.0, 0.1064 0.1245 0.0, 0.1068 0.125 0.0, 0.1072 0.1258 0.0, 0.1117 0.2963 0.0, 0.1118 0.2969 0.0, 0.1116 0.2978 0.0, 0.1115 0.298 0.0, 0.1112 0.2982 0.0, 0.1108 0.2983 0.0, 0.1102 0.2984 0.0, 0.1093 0.2982 0.0, 0.1039 0.2974 0.0, 0.104 0.1235 0.0, 0.0802 0.1223 0.0, 0.1026 0.1236 0.0, 0.0991 0.2968 0.0, 0.0943 0.2968 0.0, 0.0934 0.2968 0.0, 0.0419 0.1335 0.0, 0.0633 0.1309 0.0, 0.0802 0.1282 0.0, 0.0847 0.1275 0.0, 0.1074 0.1269 0.0, 0.1073 0.1292 0.0, 0.1073 0.1292 0.0, 0.0879 0.2969 0.0, 0.0824 0.2977 0.0, 0.0977 0.1253 0.0, 0.1008 0.1241 0.0, 0.1055 0.1363 0.0, 0.1047 0.1437 0.0, 0.1047 0.149 0.0, 0.1108 0.2931 0.0, 0.1096 0.2916 0.0, 0.1078 0.2893 0.0, 0.1047 0.2858 0.0, 0.1045 0.1561 0.0, 0.1046 0.1526 0.0, 0.0802 0.1392 0.0, 0.0965 0.2136 0.0, 0.0965 0.1369 0.0, 0.0802 0.2256 0.0, 0.0965 0.2858 0.0, 0.0965 0.2235 0.0, -0.0979 0.1253 0.0, -0.1676 0.1223 0.0, -0.1021 0.1468 0.0, -0.1664 0.1295 0.0, -0.1112 0.189 0.0, -0.1497 0.1983 0.0, -0.0971 0.1223 0.0, -0.0963 0.1189 0.0, -0.1682 0.1189 0.0, -0.0941 0.1157 0.0, -0.0939 0.1157 0.0, -0.0809 -0.4117 0.0, -0.0938 0.1158 0.0, -0.0928 0.1189 0.0, -0.0809 0.1189 0.0, -0.093 0.1173 0.0, -0.0932 0.1166 0.0, -0.3209 -0.4117 0.0, -0.1706 0.1165 0.0, -0.1705 0.1163 0.0, -0.0936 0.1159 0.0, -0.0935 0.1161 0.0, -0.1708 0.1167 0.0, -0.1709 0.117 0.0, -0.0948 0.116 0.0, -0.0946 0.1158 0.0, -0.1688 0.1169 0.0, -0.1702 0.1162 0.0, -0.17 0.1162 0.0, -0.1698 0.1162 0.0, -0.1696 0.1162 0.0, -0.1694 0.1163 0.0, -0.1691 0.1165 0.0, -0.0943 0.1157 0.0, -0.1712 0.1182 0.0, -0.1711 0.1174 0.0, -0.0951 0.1163 0.0, -0.1685 0.1176 0.0, -0.0955 0.1168 0.0, -0.1684 0.1182 0.0, -0.0962 0.1185 0.0, -0.0958 0.1175 0.0, -0.1715 0.1207 0.0, -0.3209 0.1223 0.0, -0.1717 0.1223 0.0, -0.1732 0.1469 0.0, -0.1735 0.1464 0.0, -0.3209 0.3081 0.0, -0.1736 0.146 0.0, -0.1737 0.1454 0.0, -0.1734 0.1425 0.0, -0.1734 0.1413 0.0, -0.1732 0.1383 0.0, -0.1721 0.1256 0.0, -0.1638 0.1737 0.0, -0.1604 0.1878 0.0, -0.1332 0.3081 0.0, -0.1653 0.167 0.0, -0.1672 0.1604 0.0, -0.1692 0.155 0.0, -0.171 0.1499 0.0, -0.1722 0.1481 0.0, -0.0809 0.3081 0.0, -0.1288 0.3081 0.0, -0.129 0.3093 0.0, -0.0926 0.1203 0.0, -0.0924 0.1223 0.0, -0.0809 0.1223 0.0, -0.0922 0.1241 0.0, -0.0908 0.136 0.0, -0.0904 0.1415 0.0, -0.0905 0.1441 0.0, -0.0911 0.1458 0.0, -0.0999 0.1743 0.0, -0.0968 0.1617 0.0, -0.0916 0.1468 0.0, -0.0931 0.1493 0.0, -0.0564 -0.04 0.0, -0.0564 -0.1554 0.0, 0.0245 -0.4117 0.0, 0.0245 -0.1554 0.0, 0.0802 -0.4117 0.0, 0.0245 -0.04 0.0, 0.0245 0.1189 0.0, 0.0485 -0.04 0.0, 0.0802 0.1189 0.0, 0.0485 -0.1554 0.0, 0.2979 0.3081 0.0, 0.2984 0.311 0.0, 0.4121 0.4346 0.0, 0.2246 0.4346 0.0, 0.1662 0.4346 0.0, 0.1662 0.435 0.0, -0.6723 0.3081 0.0, -0.6723 -0.4117 0.0, -0.1662 -0.6681 0.0, 0.7874 -0.4117 0.0, 0.4121 -0.4117 0.0, 0.2246 -0.4117 0.0, 0.1236 -0.4117 0.0, 0.7874 0.4346 0.0, 0.7874 0.3081 0.0, 0.0139 0.294 0.0, 0.0141 0.2949 0.0, -0.0409 0.3025 0.0, -0.0475 0.3009 0.0, -0.0524 0.2983 0.0, -0.065 0.1577 0.0, -0.0575 0.1428 0.0, -0.0527 0.1369 0.0, -0.034 0.1289 0.0, -0.021 0.1272 0.0, 0.0027 0.1369 0.0, 0.0027 0.2852 0.0, 0.0112 0.1369 0.0, 0.0123 0.137 0.0, -0.0566 0.2946 0.0, -0.0611 0.2885 0.0, -0.0653 0.2785 0.0, -0.0479 0.1331 0.0, -0.0438 0.1311 0.0, 0.0136 0.1363 0.0, 0.0139 0.1357 0.0, 0.0139 0.1354 0.0, 0.0139 0.1352 0.0, 0.0134 0.2932 0.0, 0.0134 0.1367 0.0, 0.0135 0.1365 0.0, 0.0141 0.2956 0.0, 0.014 0.2964 0.0, 0.0137 0.2969 0.0, 0.0132 0.1368 0.0, 0.013 0.1369 0.0, 0.0129 0.1369 0.0, -0.0321 0.3031 0.0, -0.0258 0.3026 0.0, -0.0697 0.2514 0.0, -0.0715 0.2051 0.0, -0.0696 0.1786 0.0, -0.0086 0.1258 0.0, -0.004 0.1246 0.0, -0.001 0.1228 0.0, 0.0133 0.134 0.0, 0.0136 0.1345 0.0, 0.0138 0.1349 0.0, 0.0064 0.2872 0.0, 0.0115 0.2915 0.0, 0.0127 0.2924 0.0, -0.0029 0.2977 0.0, -0.0089 0.2982 0.0, -0.0196 0.3014 0.0, 0.0046 0.2861 0.0, 0.0133 0.2974 0.0, 0.0129 0.2977 0.0, 0.0078 0.2968 0.0, 0.0019 0.2968 0.0, -0.0005 0.2973 0.0, 0.0022 0.1229 0.0, 0.0061 0.1263 0.0, 0.0087 0.129 0.0, 0.0121 0.1326 0.0, 0.0128 0.1334 0.0, -0.0002 0.1223 0.0, 0.0008 0.1222 0.0, 0.0002 0.1222 0.0, -0.0001 0.1222 0.0, 0.0802 -0.6681 0.0, 0.0245 -0.6681 0.0, -0.0809 -0.6681 0.0, 0.6149 -0.04 0.0, 0.7874 0.1189 0.0, 0.6149 -0.1554 0.0, 0.5257 -0.1554 0.0, 0.5257 -0.04 0.0, 0.1236 0.1189 0.0, 0.2246 0.1189 0.0, 0.4121 0.1189 0.0, -0.468 -0.04 0.0, -0.468 -0.1554 0.0, -0.5572 -0.1554 0.0, -0.5572 -0.04 0.0, -0.6723 0.1189 0.0, 0.7874 0.1223 0.0, 0.1396 0.3028 0.0, 0.1396 0.2272 0.0, 0.1576 0.3003 0.0, 0.1439 0.3028 0.0, 0.164 0.3037 0.0, 0.1722 0.3059 0.0, 0.1515 0.2948 0.0, 0.1484 0.2906 0.0, 0.1459 0.2861 0.0, 0.1368 0.1655 0.0, 0.1407 0.1461 0.0, 0.184 0.1257 0.0, 0.1898 0.1293 0.0, 0.1354 0.1924 0.0, 0.1547 0.1271 0.0, 0.1612 0.124 0.0, 0.1683 0.1227 0.0, 0.1764 0.1231 0.0, 0.2018 0.2602 0.0, 0.2042 0.2462 0.0, 0.1399 0.1926 0.0, 0.2056 0.2055 0.0, 0.1414 0.1777 0.0, 0.2053 0.2006 0.0, 0.1432 0.1657 0.0, 0.1996 0.1648 0.0, 0.1947 0.1499 0.0, 0.145 0.2272 0.0, 0.2063 0.2712 0.0, 0.2001 0.2866 0.0, 0.1946 0.2947 0.0, 0.1871 0.3012 0.0, 0.1819 0.3043 0.0, 0.145 0.1372 0.0, 0.1493 0.1314 0.0, 0.1735 0.3059 0.0, 0.1779 0.3056 0.0, 0.1895 0.1417 0.0, 0.1849 0.1368 0.0, 0.1811 0.1342 0.0, 0.1463 0.2598 0.0, 0.1497 0.2763 0.0, 0.1539 0.2859 0.0, 0.1775 0.1327 0.0, 0.1722 0.1321 0.0, 0.1471 0.1494 0.0, 0.1507 0.1427 0.0, 0.1572 0.2903 0.0, 0.1613 0.2936 0.0, 0.1953 0.2791 0.0, 0.1904 0.2868 0.0, 0.1946 0.1343 0.0, 0.2007 0.1444 0.0, 0.2085 0.1673 0.0, 0.1658 0.1326 0.0, 0.1597 0.1348 0.0, 0.1547 0.1382 0.0, 0.1699 0.2966 0.0, 0.1758 0.2962 0.0, 0.1652 0.2955 0.0, 0.1809 0.2945 0.0, 0.1857 0.2915 0.0, 0.212 0.1901 0.0, 0.2134 0.2273 0.0, 0.2118 0.2445 0.0, -0.6723 0.1223 0.0, -0.7874 0.3081 0.0, -0.7874 0.1223 0.0, -0.7874 0.1189 0.0, -0.7874 -0.4117 0.0, -0.133 0.3093 0.0, 0.0245 0.435 0.0, 0.0802 0.435 0.0, 0.1236 0.435 0.0
            ]
        }
        coordIndex [
            0,1,2,-1,2,1,3,-1,2,3,4,-1,4,3,5,-1,6,7,8,-1,8,7,1,-1,8,1,9,-1,9,1,0,-1,9,0,10,-1,10,0,11,-1,12,13,14,-1,14,13,15,-1,14,15,16,-1,16,15,17,-1,17,15,18,-1,17,18,19,-1,19,18,20,-1,19,20,21,-1,22,23,24,-1,25,26,27,-1,27,26,28,-1,27,28,29,-1,29,28,30,-1,22,24,26,-1,26,24,31,-1,26,31,28,-1,32,33,34,-1,5,35,36,-1,23,37,38,-1,39,40,41,-1,42,43,44,-1,45,46,47,-1,47,46,48,-1,49,50,51,-1,52,53,42,-1,42,53,54,-1,48,55,47,-1,47,55,56,-1,47,56,42,-1,57,58,47,-1,47,58,59,-1,47,59,60,-1,60,59,61,-1,60,61,62,-1,63,64,65,-1,42,44,47,-1,47,44,66,-1,47,66,57,-1,62,67,60,-1,60,67,68,-1,60,68,69,-1,54,70,42,-1,42,70,71,-1,42,71,43,-1,64,72,65,-1,65,72,73,-1,65,73,74,-1,74,75,65,-1,65,75,76,-1,65,76,77,-1,69,78,60,-1,60,78,79,-1,60,79,80,-1,77,81,65,-1,65,81,82,-1,65,82,83,-1,83,82,84,-1,83,84,85,-1,80,86,60,-1,60,86,87,-1,60,87,88,-1,88,49,60,-1,60,49,51,-1,60,51,65,-1,65,51,89,-1,65,89,63,-1,90,91,34,-1,92,93,94,-1,94,93,95,-1,94,95,96,-1,97,98,99,-1,100,101,102,-1,91,103,34,-1,34,103,104,-1,34,104,105,-1,99,106,97,-1,97,106,107,-1,97,107,108,-1,108,107,100,-1,108,100,109,-1,109,100,102,-1,110,111,112,-1,112,113,110,-1,110,113,114,-1,110,114,34,-1,34,114,115,-1,34,115,116,-1,116,117,34,-1,34,117,118,-1,34,118,90,-1,119,120,110,-1,121,122,111,-1,111,122,123,-1,111,123,124,-1,119,110,125,-1,120,126,110,-1,110,126,127,-1,110,127,128,-1,129,130,131,-1,131,130,132,-1,131,132,133,-1,133,132,134,-1,133,134,135,-1,135,134,136,-1,101,100,131,-1,131,100,137,-1,131,137,129,-1,96,138,94,-1,94,138,139,-1,94,139,110,-1,110,139,140,-1,110,140,125,-1,124,141,111,-1,111,141,142,-1,111,142,143,-1,143,142,144,-1,143,144,145,-1,145,144,146,-1,128,136,110,-1,110,136,134,-1,110,134,111,-1,111,134,147,-1,111,147,121,-1,148,149,150,-1,151,152,153,-1,154,155,151,-1,149,156,150,-1,150,156,157,-1,150,157,158,-1,155,159,151,-1,151,159,160,-1,151,160,152,-1,153,161,151,-1,151,161,162,-1,151,162,163,-1,163,164,151,-1,151,164,165,-1,151,165,94,-1,94,165,166,-1,94,166,167,-1,148,150,168,-1,168,150,169,-1,168,169,170,-1,167,171,94,-1,94,171,172,-1,94,172,173,-1,105,174,34,-1,34,174,175,-1,34,175,169,-1,169,175,176,-1,169,176,177,-1,158,178,150,-1,150,178,179,-1,150,179,180,-1,173,181,94,-1,94,181,182,-1,94,182,92,-1,177,183,169,-1,169,183,184,-1,169,184,170,-1,180,185,150,-1,150,185,186,-1,150,186,187,-1,188,150,189,-1,189,150,190,-1,191,190,192,-1,192,190,150,-1,192,150,193,-1,193,150,187,-1,146,144,194,-1,194,144,195,-1,194,195,196,-1,98,97,197,-1,197,97,198,-1,197,198,199,-1,200,201,202,-1,202,201,203,-1,202,203,204,-1,204,203,205,-1,200,206,201,-1,201,206,207,-1,201,207,208,-1,209,210,211,-1,211,210,212,-1,213,214,215,-1,215,214,216,-1,217,218,219,-1,212,220,214,-1,214,220,221,-1,214,221,216,-1,218,217,222,-1,222,217,41,-1,222,41,223,-1,224,225,226,-1,219,227,217,-1,217,227,228,-1,217,228,211,-1,211,228,229,-1,211,229,230,-1,230,231,211,-1,211,231,232,-1,211,232,209,-1,209,232,226,-1,209,226,233,-1,233,226,225,-1,40,234,41,-1,41,234,235,-1,41,235,223,-1,224,226,236,-1,236,226,237,-1,236,237,238,-1,208,207,239,-1,239,207,240,-1,239,240,237,-1,237,240,241,-1,237,241,238,-1,39,41,242,-1,242,41,243,-1,242,243,244,-1,245,246,247,-1,247,246,243,-1,243,246,248,-1,243,248,249,-1,250,251,249,-1,249,251,252,-1,249,252,243,-1,243,252,253,-1,243,253,244,-1,254,247,255,-1,255,247,256,-1,254,257,247,-1,247,257,258,-1,247,258,259,-1,259,260,247,-1,247,260,261,-1,247,261,245,-1,262,263,264,-1,265,266,267,-1,267,266,268,-1,267,268,269,-1,269,270,267,-1,267,270,271,-1,267,271,262,-1,262,271,272,-1,263,262,273,-1,273,262,272,-1,273,272,274,-1,274,272,275,-1,274,275,276,-1,214,277,278,-1,212,214,211,-1,211,214,278,-1,211,278,279,-1,279,278,280,-1,279,280,281,-1,277,214,282,-1,282,214,283,-1,282,283,284,-1,284,283,285,-1,284,285,286,-1,85,287,83,-1,83,287,288,-1,83,288,289,-1,289,288,45,-1,289,45,290,-1,290,45,47,-1,290,47,291,-1,291,47,151,-1,291,151,292,-1,31,24,247,-1,28,31,293,-1,18,294,20,-1,20,294,217,-1,20,217,21,-1,21,217,211,-1,21,211,295,-1,296,0,297,-1,297,0,2,-1,297,2,298,-1,298,2,4,-1,298,4,299,-1,289,300,301,-1,302,303,110,-1,304,305,262,-1,262,305,306,-1,307,308,267,-1,267,308,309,-1,267,310,311,-1,312,313,314,-1,314,313,315,-1,306,316,262,-1,262,316,317,-1,262,317,318,-1,309,319,267,-1,267,319,320,-1,267,320,310,-1,321,110,322,-1,322,110,34,-1,322,34,323,-1,323,34,324,-1,325,302,326,-1,326,302,110,-1,326,110,327,-1,327,110,321,-1,303,328,110,-1,110,328,329,-1,110,329,330,-1,331,332,313,-1,313,332,333,-1,313,333,315,-1,304,262,334,-1,334,262,110,-1,334,110,335,-1,318,336,262,-1,262,336,337,-1,262,337,267,-1,267,337,338,-1,267,338,307,-1,311,339,267,-1,267,339,340,-1,267,340,341,-1,342,343,34,-1,34,343,344,-1,34,344,324,-1,345,346,326,-1,326,346,347,-1,326,347,325,-1,348,349,110,-1,110,349,350,-1,110,350,335,-1,331,313,326,-1,326,313,351,-1,326,351,345,-1,330,352,110,-1,110,352,353,-1,110,353,354,-1,354,355,110,-1,110,355,356,-1,110,356,348,-1,33,357,34,-1,34,357,358,-1,34,358,359,-1,359,360,34,-1,34,360,361,-1,34,361,342,-1,341,362,267,-1,267,362,214,-1,267,214,265,-1,265,214,213,-1,363,283,364,-1,364,283,214,-1,364,214,365,-1,365,214,362,-1,4,5,299,-1,299,5,36,-1,299,36,281,-1,281,36,366,-1,281,366,279,-1,279,366,367,-1,279,367,211,-1,211,367,368,-1,211,368,295,-1,369,370,371,-1,371,370,296,-1,371,296,372,-1,372,296,297,-1,372,297,373,-1,280,286,281,-1,281,286,285,-1,281,285,299,-1,299,285,374,-1,299,374,298,-1,298,374,375,-1,298,375,297,-1,297,375,376,-1,297,376,373,-1,377,41,378,-1,378,41,217,-1,378,217,379,-1,379,217,294,-1,379,294,380,-1,380,294,381,-1,363,32,283,-1,283,32,34,-1,283,34,285,-1,285,34,169,-1,285,169,374,-1,374,169,150,-1,374,150,375,-1,375,150,60,-1,375,60,376,-1,376,60,65,-1,289,301,83,-1,83,301,382,-1,83,382,65,-1,65,382,370,-1,65,370,376,-1,376,370,369,-1,376,369,373,-1,383,384,151,-1,385,386,387,-1,387,386,388,-1,385,389,386,-1,386,389,390,-1,386,390,391,-1,392,393,150,-1,394,395,60,-1,392,150,396,-1,397,398,150,-1,150,398,399,-1,150,399,60,-1,60,399,400,-1,60,400,394,-1,401,402,403,-1,403,402,404,-1,403,404,405,-1,405,404,406,-1,405,406,407,-1,407,406,408,-1,407,408,409,-1,188,154,150,-1,150,154,151,-1,150,151,396,-1,396,151,384,-1,396,384,403,-1,403,384,410,-1,403,410,401,-1,411,412,47,-1,412,413,47,-1,47,413,414,-1,47,414,415,-1,393,416,150,-1,150,416,417,-1,150,417,397,-1,386,383,388,-1,388,383,151,-1,388,151,418,-1,418,151,47,-1,418,47,419,-1,419,47,415,-1,409,420,407,-1,407,420,421,-1,407,421,422,-1,410,423,401,-1,401,423,424,-1,401,424,425,-1,422,426,407,-1,407,426,427,-1,407,427,428,-1,428,427,429,-1,425,430,401,-1,401,430,431,-1,401,431,432,-1,432,431,433,-1,395,434,60,-1,60,434,435,-1,60,435,436,-1,437,438,427,-1,427,438,439,-1,427,439,429,-1,440,441,442,-1,442,441,443,-1,442,443,431,-1,431,443,444,-1,431,444,433,-1,436,445,60,-1,60,445,446,-1,60,446,47,-1,47,446,447,-1,47,447,411,-1,31,247,293,-1,293,247,243,-1,293,243,448,-1,448,243,41,-1,448,41,381,-1,381,41,377,-1,381,377,380,-1,28,293,449,-1,449,293,448,-1,449,448,450,-1,450,448,381,-1,450,381,451,-1,451,381,294,-1,451,294,452,-1,452,294,18,-1,452,18,15,-1,256,247,453,-1,453,247,24,-1,453,24,264,-1,264,24,23,-1,264,23,262,-1,262,23,38,-1,262,38,110,-1,110,38,454,-1,110,454,94,-1,94,454,455,-1,94,455,151,-1,151,455,456,-1,151,456,292,-1,
        ]
    }
}
Shape{
    appearance Appearance {
        material  Material 	{
            diffuseColor 0.7529411764705882 0.7529411764705882 0.7529411764705882
            specularColor 0.6039215686274509 0.6039215686274509 0.6039215686274509
            ambientIntensity 0.3765
            transparency 0.0
            shininess 0.5
        }
    }
    geometry IndexedFaceSet {
        ccw TRUE
        solid FALSE
        coord DEF co Coordinate {
            point [
                0.9055 0.3173 0.0, 0.9055 0.3173 0.0787, 0.9055 0.0811 0.0, 0.9055 0.0811 0.0787, 0.7874 0.3173 0.0, 0.7874 0.3173 0.0787, 0.7874 0.0811 0.0, 0.7874 0.0811 0.0787, 0.9055 -0.3126 0.0, 0.9055 -0.3126 0.0787, 0.9055 -0.5488 0.0, 0.9055 -0.5488 0.0787, 0.7874 -0.3126 0.0, 0.7874 -0.3126 0.0787, 0.7874 -0.5488 0.0, 0.7874 -0.5488 0.0787, -0.7874 0.2575 0.5827, -0.801 0.1247 0.5453, -0.801 -0.3443 0.5453, -0.8391 0.1247 0.4407, -0.859 0.2575 0.3858, -0.8391 -0.3443 0.4407, -0.859 -0.4906 0.3858, -0.7874 -0.4906 0.5827, -0.7874 -0.3443 0.4676, -0.7874 -0.4906 0.4676, -0.7972 -0.3443 0.4407, -0.8221 -0.4906 0.3724, -0.7972 0.1247 0.4407, -0.8221 0.2575 0.3724, -0.7874 0.1247 0.4676, -0.7874 0.2575 0.4676, 0.6988 -0.4906 0.5827, 0.7874 -0.4906 0.5827, 0.7874 0.2575 0.5827, -0.6541 -0.0885 0.5827, -0.6515 -0.0907 0.5827, -0.4134 -0.274 0.5827, -0.5205 -0.5488 0.5827, -0.2559 -0.4315 0.5827, 0.2559 -0.4315 0.5827, -0.2559 0.1984 0.5827, 0.531 0.3219 0.5827, 0.531 0.3957 0.5827, -0.5205 0.3219 0.5827, -0.6935 0.3219 0.5827, -0.6935 0.2575 0.5827, -0.4649 -0.1811 0.5827, -0.465 -0.1819 0.5827, -0.5205 -0.6287 0.5827, 0.531 -0.6287 0.5827, 0.4134 -0.274 0.5827, 0.531 -0.5488 0.5827, 0.6988 -0.5488 0.5827, 0.2559 0.1984 0.5827, 0.4134 0.0409 0.5827, 0.6988 0.3219 0.5827, -0.4812 -0.0909 0.5827, -0.4817 -0.0909 0.5827, -0.487 -0.1225 0.5827, 0.6988 0.2575 0.5827, -0.4776 -0.1947 0.5827, -0.4779 -0.1948 0.5827, -0.4793 -0.1944 0.5827, -0.4795 -0.1943 0.5827, -0.4134 0.0409 0.5827, -0.4572 -0.0483 0.5827, -0.4572 -0.0482 0.5827, -0.5205 0.3957 0.5827, -0.6935 -0.4906 0.5827, -0.6935 -0.5488 0.5827, -0.4673 -0.177 0.5827, -0.4656 -0.18 0.5827, -0.4572 -0.082 0.5827, -0.465 -0.1809 0.5827, -0.458 -0.0833 0.5827, -0.4577 -0.0831 0.5827, -0.4805 -0.1274 0.5827, -0.4575 -0.0828 0.5827, -0.4781 -0.1949 0.5827, -0.4783 -0.1949 0.5827, -0.4788 -0.1947 0.5827, -0.4797 -0.1837 0.5827, -0.628 -0.1837 0.5827, -0.4797 -0.1922 0.5827, -0.4798 -0.1933 0.5827, -0.4572 -0.0819 0.5827, -0.4572 -0.0819 0.5827, -0.6453 -0.1551 0.5827, -0.6458 -0.1489 0.5827, -0.6453 -0.1401 0.5827, -0.6437 -0.1337 0.5827, -0.4579 -0.0494 0.5827, -0.4666 -0.0802 0.5827, -0.4573 -0.0486 0.5827, -0.4616 -0.0805 0.5827, -0.6375 -0.195 0.5827, -0.6383 -0.1951 0.5827, -0.639 -0.195 0.5827, -0.6395 -0.1948 0.5827, -0.4796 -0.1942 0.5827, -0.4797 -0.1939 0.5827, -0.4797 -0.1939 0.5827, -0.4763 -0.1324 0.5827, -0.4736 -0.1379 0.5827, -0.4573 -0.0822 0.5827, -0.4709 -0.1526 0.5827, -0.4572 -0.0822 0.5827, -0.47 -0.1599 0.5827, -0.4686 -0.1724 0.5827, -0.6435 -0.0585 0.5827, -0.6437 -0.0584 0.5827, -0.6438 -0.0583 0.5827, -0.6439 -0.0582 0.5827, -0.4574 -0.0817 0.5827, -0.4573 -0.0818 0.5827, -0.4573 -0.0818 0.5827, -0.4652 -0.1824 0.5827, -0.4665 -0.1843 0.5827, -0.4703 -0.1884 0.5827, -0.4589 -0.0838 0.5827, -0.4604 -0.0842 0.5827, -0.4641 -0.0856 0.5827, -0.4742 -0.0888 0.5827, -0.4798 -0.0906 0.5827, -0.4824 -0.0907 0.5827, -0.4851 -0.0898 0.5827, -0.5006 -0.1159 0.5827, -0.647 -0.0192 0.5827, -0.6468 -0.0133 0.5827, -0.6457 -0.0087 0.5827, -0.6439 -0.0055 0.5827, -0.4576 -0.0479 0.5827, -0.5633 -0.0081 0.5827, -0.5615 -0.0129 0.5827, -0.4811 -0.0575 0.5827, -0.4901 -0.0794 0.5827, -0.4816 -0.0576 0.5827, -0.4821 -0.0575 0.5827, -0.6259 -0.0789 0.5827, -0.6398 -0.0577 0.5827, -0.6373 -0.076 0.5827, -0.6415 -0.0583 0.5827, -0.6433 -0.0585 0.5827, -0.4761 -0.1937 0.5827, -0.4767 -0.1942 0.5827, -0.4772 -0.1945 0.5827, -0.6405 -0.178 0.5827, -0.641 -0.1721 0.5827, -0.6441 -0.1613 0.5827, -0.5142 -0.087 0.5827, -0.5214 -0.1113 0.5827, -0.5005 -0.0871 0.5827, -0.4949 -0.0876 0.5827, -0.6402 -0.0014 0.5827, -0.6354 0.002 0.5827, -0.4574 -0.048 0.5827, -0.4573 -0.0481 0.5827, -0.4573 -0.0482 0.5827, -0.63 -0.1874 0.5827, -0.6342 -0.1924 0.5827, -0.6352 -0.1937 0.5827, -0.636 -0.1944 0.5827, -0.6369 -0.1949 0.5827, -0.64 -0.1945 0.5827, -0.6405 -0.1939 0.5827, -0.6396 -0.1888 0.5827, -0.6411 -0.1286 0.5827, -0.6371 -0.124 0.5827, -0.6467 -0.0896 0.5827, -0.6309 -0.1196 0.5827, -0.6324 -0.0877 0.5827, -0.6205 -0.1154 0.5827, -0.6181 -0.087 0.5827, -0.5967 -0.1114 0.5827, -0.5479 -0.1095 0.5827, -0.4586 -0.0476 0.5827, -0.5606 -0.0197 0.5827, -0.459 -0.0475 0.5827, -0.4588 -0.05 0.5827, -0.4604 -0.0506 0.5827, -0.4641 -0.052 0.5827, -0.4742 -0.0554 0.5827, -0.4797 -0.0572 0.5827, -0.6289 -0.1856 0.5827, -0.6396 -0.1828 0.5827, -0.64 -0.1804 0.5827, -0.6291 0.0046 0.5827, -0.6153 0.0072 0.5827, -0.5942 0.0075 0.5827, -0.5661 -0.0041 0.5827, -0.5708 0.0 0.5827, -0.484 -0.0567 0.5827, -0.4937 -0.054 0.5827, -0.5036 -0.0534 0.5827, -0.4717 -0.1896 0.5827, -0.4754 -0.193 0.5827, -0.644 -0.0579 0.5827, -0.6442 -0.0572 0.5827, -0.6441 -0.0557 0.5827, -0.6436 -0.0529 0.5827, -0.5895 0.0069 0.5827, -0.5787 0.004 0.5827, -0.5601 -0.0307 0.5827, -0.5581 -0.0455 0.5827, -0.4822 -0.0458 0.5827, -0.4664 -0.0465 0.5827, -0.4642 -0.0467 0.5827, -0.4597 -0.0474 0.5827, -0.4605 -0.0808 0.5827, -0.4589 -0.0811 0.5827, -0.4584 -0.0813 0.5827, -0.4581 -0.0814 0.5827, -0.4578 -0.0815 0.5827, -0.4576 -0.0816 0.5827, -0.51 -0.0533 0.5827, -0.5142 -0.0531 0.5827, -0.6141 -0.0794 0.5827, -0.6308 -0.0526 0.5827, -0.6369 -0.056 0.5827, -0.6433 -0.0432 0.5827, -0.6455 -0.0312 0.5827, -0.4694 -0.0462 0.5827, -0.7874 -0.4906 0.5433, -0.7874 -0.5087 0.5433, -0.6935 -0.4906 0.5433, -0.7185 -0.5087 0.5433, -0.6935 -0.5488 0.5433, -0.7185 -0.5778 0.5433, -0.5205 -0.5488 0.5433, -0.5522 -0.5778 0.5433, -0.5205 -0.6677 0.5433, -0.5522 -0.6677 0.5433, 0.7874 -0.5087 0.5433, 0.7874 -0.4906 0.5433, 0.7185 -0.5087 0.5433, 0.6988 -0.4906 0.5433, 0.7185 -0.5778 0.5433, 0.6988 -0.5488 0.5433, 0.5522 -0.5778 0.5433, 0.531 -0.5488 0.5433, 0.5522 -0.6677 0.5433, 0.531 -0.6677 0.5433, 0.7874 0.2575 0.5433, 0.7874 0.2756 0.5433, 0.6988 0.2575 0.5433, 0.7185 0.2756 0.5433, 0.6988 0.3219 0.5433, 0.7185 0.3447 0.5433, 0.531 0.3219 0.5433, 0.5522 0.3447 0.5433, 0.531 0.4346 0.5433, 0.5522 0.4346 0.5433, -0.7874 0.2756 0.5433, -0.7874 0.2575 0.5433, -0.7185 0.2756 0.5433, -0.6935 0.2575 0.5433, -0.7185 0.3447 0.5433, -0.6935 0.3219 0.5433, -0.5522 0.3447 0.5433, -0.5205 0.3219 0.5433, -0.5522 0.4346 0.5433, -0.5205 0.4346 0.5433
            ]
        }
        coordIndex [
            0,1,2,-1,2,1,3,-1,4,5,0,-1,0,5,1,-1,2,3,6,-1,6,3,7,-1,8,9,10,-1,10,9,11,-1,12,13,8,-1,8,13,9,-1,10,11,14,-1,14,11,15,-1,16,17,18,-1,17,16,19,-1,19,16,20,-1,19,20,21,-1,21,20,22,-1,21,22,18,-1,18,22,23,-1,18,23,16,-1,24,25,26,-1,26,25,27,-1,26,27,28,-1,28,27,29,-1,28,29,30,-1,30,29,31,-1,32,33,34,-1,16,23,35,-1,35,23,36,-1,37,38,39,-1,39,38,40,-1,41,42,43,-1,44,45,46,-1,37,47,48,-1,38,49,40,-1,40,49,50,-1,40,50,51,-1,51,50,52,-1,51,52,53,-1,41,54,42,-1,42,54,55,-1,42,55,56,-1,57,58,59,-1,53,32,51,-1,51,32,34,-1,51,34,55,-1,55,34,60,-1,55,60,56,-1,61,62,37,-1,63,64,23,-1,37,65,66,-1,66,65,67,-1,43,68,41,-1,41,68,44,-1,41,44,65,-1,65,44,46,-1,62,69,37,-1,37,69,70,-1,37,70,38,-1,71,72,73,-1,47,37,74,-1,75,59,76,-1,76,59,77,-1,76,77,78,-1,62,79,69,-1,69,79,80,-1,69,80,23,-1,23,80,81,-1,23,81,63,-1,82,83,84,-1,84,83,85,-1,72,74,73,-1,73,74,37,-1,73,37,86,-1,86,37,66,-1,86,66,87,-1,88,89,23,-1,23,89,90,-1,23,90,36,-1,36,90,91,-1,92,93,94,-1,94,93,95,-1,96,97,23,-1,23,97,98,-1,23,98,99,-1,100,101,83,-1,83,101,102,-1,83,102,85,-1,77,103,78,-1,78,103,104,-1,78,104,105,-1,105,104,106,-1,105,106,107,-1,107,106,108,-1,107,108,73,-1,73,108,109,-1,73,109,71,-1,110,111,35,-1,35,111,112,-1,35,112,113,-1,114,115,66,-1,66,115,116,-1,66,116,87,-1,48,117,37,-1,37,117,118,-1,37,118,119,-1,75,120,59,-1,59,120,121,-1,59,121,122,-1,122,123,59,-1,59,123,124,-1,59,124,57,-1,58,125,59,-1,59,125,126,-1,59,126,127,-1,128,129,16,-1,16,129,130,-1,16,130,131,-1,132,133,134,-1,93,135,136,-1,136,135,137,-1,136,137,138,-1,139,140,141,-1,141,140,142,-1,141,142,35,-1,35,142,143,-1,35,143,110,-1,144,145,37,-1,37,145,146,-1,37,146,61,-1,147,148,23,-1,23,148,149,-1,23,149,88,-1,150,151,152,-1,152,151,127,-1,152,127,153,-1,153,127,126,-1,131,154,16,-1,16,154,155,-1,16,155,46,-1,132,156,46,-1,46,156,157,-1,46,157,65,-1,65,157,158,-1,65,158,67,-1,64,159,160,-1,160,161,64,-1,64,161,162,-1,64,162,23,-1,23,162,163,-1,23,163,96,-1,99,164,23,-1,23,164,165,-1,23,165,166,-1,91,167,36,-1,36,167,168,-1,36,168,169,-1,169,168,170,-1,169,170,171,-1,171,170,172,-1,171,172,173,-1,173,172,174,-1,173,174,150,-1,150,174,175,-1,150,175,151,-1,132,134,176,-1,176,134,177,-1,176,177,178,-1,92,179,93,-1,93,179,180,-1,93,180,181,-1,181,182,93,-1,93,182,183,-1,93,183,135,-1,100,83,64,-1,64,83,184,-1,64,184,159,-1,166,185,23,-1,23,185,186,-1,23,186,147,-1,155,187,46,-1,46,187,188,-1,46,188,189,-1,133,132,190,-1,190,132,46,-1,190,46,191,-1,138,192,136,-1,136,192,193,-1,136,193,194,-1,119,195,37,-1,37,195,196,-1,37,196,144,-1,113,197,35,-1,35,197,198,-1,35,198,16,-1,16,198,199,-1,16,199,200,-1,189,201,46,-1,46,201,202,-1,46,202,191,-1,203,204,205,-1,206,207,177,-1,177,207,208,-1,177,208,178,-1,95,209,94,-1,94,209,210,-1,94,210,66,-1,66,210,211,-1,66,211,212,-1,212,213,66,-1,66,213,214,-1,66,214,114,-1,194,215,136,-1,136,215,216,-1,136,216,217,-1,217,216,218,-1,217,218,139,-1,139,218,219,-1,139,219,140,-1,200,220,16,-1,16,220,221,-1,16,221,128,-1,203,205,177,-1,177,205,222,-1,177,222,206,-1,223,224,225,-1,225,224,226,-1,225,226,227,-1,227,226,228,-1,227,228,229,-1,229,228,230,-1,229,230,231,-1,231,230,232,-1,233,234,235,-1,235,234,236,-1,235,236,237,-1,237,236,238,-1,237,238,239,-1,239,238,240,-1,239,240,241,-1,241,240,242,-1,243,244,245,-1,245,244,246,-1,245,246,247,-1,247,246,248,-1,247,248,249,-1,249,248,250,-1,249,250,251,-1,251,250,252,-1,253,254,255,-1,255,254,256,-1,255,256,257,-1,257,256,258,-1,257,258,259,-1,259,258,260,-1,259,260,261,-1,261,260,262,-1,
        ]
    }
}
Shape{
    appearance Appearance {
        material  Material 	{
            diffuseColor 0.25098039215686274 0.25098039215686274 0.25098039215686274
            specularColor 0.12549019607843137 0.12549019607843137 0.12549019607843137
            ambientIntensity 0.251
            transparency 0.0
            shininess 0.5
        }
    }
    geometry IndexedFaceSet {
        ccw TRUE
        solid FALSE
        coord DEF co Coordinate {
            point [
                0.7185 0.2756 0.5827, 0.7874 0.2756 0.5827, 0.7185 0.3447 0.5827, 0.7874 0.4346 0.5827, 0.5522 0.3447 0.5827, 0.5522 0.4346 0.5827, 0.5522 -0.5778 0.5827, 0.5522 -0.6677 0.5827, 0.7185 -0.5778 0.5827, 0.7874 -0.6677 0.5827, 0.7185 -0.5087 0.5827, 0.7874 -0.5087 0.5827, -0.7185 -0.5087 0.5827, -0.7874 -0.5087 0.5827, -0.7185 -0.5778 0.5827, -0.7874 -0.6677 0.5827, -0.5522 -0.5778 0.5827, -0.5522 -0.6677 0.5827, 0.7874 0.3173 0.0787, 0.7874 0.4346 0.0, 0.7874 0.3173 0.0, 0.7874 0.3081 0.0, 0.7874 0.0811 0.0, 0.7874 -0.5087 0.5433, 0.7874 -0.6677 0.0, 0.7874 0.0811 0.0787, 0.7874 -0.3126 0.0787, 0.7874 -0.3126 0.0, 0.7874 0.1223 0.0, 0.7874 -0.5488 0.0787, 0.7874 -0.5488 0.0, 0.7874 -0.4117 0.0, 0.7874 0.1189 0.0, 0.7874 0.2756 0.5433, 0.7874 0.2575 0.5433, 0.7874 0.2575 0.4676, 0.7874 0.1247 0.5453, 0.7874 -0.3443 0.5453, 0.7874 0.1247 0.4676, 0.7874 -0.3443 0.4676, 0.7874 -0.4906 0.4676, 0.7874 -0.4906 0.5433, -0.7874 0.2756 0.5433, -0.7874 0.2756 0.5827, -0.7874 0.4346 0.5827, -0.7874 0.2575 0.4676, -0.7874 0.2575 0.5433, -0.7874 -0.5087 0.5433, -0.7874 -0.3126 0.0787, -0.7874 0.1247 0.5453, -0.7874 -0.3126 0.0, -0.7874 0.1247 0.4676, -0.7874 -0.6677 0.0, -0.7874 -0.4906 0.5433, -0.7874 -0.4906 0.4676, -0.7874 0.3173 0.0787, -0.7874 0.0811 0.0787, -0.7874 0.0811 0.0, -0.7874 -0.3443 0.5453, -0.7874 -0.3443 0.4676, -0.7874 -0.5488 0.0787, -0.7874 -0.5488 0.0, -0.7874 -0.4117 0.0, -0.7874 0.3173 0.0, -0.7874 0.1223 0.0, -0.7874 0.3081 0.0, -0.7874 0.1189 0.0, -0.7874 0.4346 0.0, 0.5522 0.4346 0.5433, 0.5205 0.4346 0.2677, 0.531 0.4346 0.5433, 0.5205 0.4346 0.5489, 0.531 0.4346 0.5489, 0.1662 0.4346 0.0, 0.1662 0.4346 0.2677, 0.2246 0.4346 0.0, 0.4121 0.4346 0.0, -0.5522 0.3447 0.5827, -0.5522 0.4346 0.5827, -0.7185 0.3447 0.5827, -0.7185 0.2756 0.5827
            ]
        }
        coordIndex [
            0,1,2,-1,2,1,3,-1,2,3,4,-1,4,3,5,-1,6,7,8,-1,8,7,9,-1,8,9,10,-1,10,9,11,-1,12,13,14,-1,14,13,15,-1,14,15,16,-1,16,15,17,-1,3,18,19,-1,19,18,20,-1,19,20,21,-1,21,20,22,-1,11,9,23,-1,23,9,24,-1,25,26,22,-1,22,26,27,-1,22,27,21,-1,21,27,28,-1,29,24,30,-1,30,24,31,-1,30,31,27,-1,27,31,32,-1,27,32,28,-1,33,34,35,-1,36,37,38,-1,38,37,39,-1,38,39,29,-1,29,39,40,-1,29,40,24,-1,24,40,41,-1,24,41,23,-1,29,26,38,-1,38,26,25,-1,38,25,35,-1,35,25,18,-1,35,18,33,-1,33,18,3,-1,33,3,1,-1,42,43,44,-1,45,46,42,-1,15,13,47,-1,48,49,50,-1,50,49,51,-1,15,47,52,-1,52,47,53,-1,52,53,54,-1,45,55,51,-1,51,55,56,-1,51,56,50,-1,50,56,57,-1,58,49,59,-1,59,49,48,-1,59,48,54,-1,54,48,60,-1,54,60,52,-1,52,60,61,-1,52,61,62,-1,57,63,64,-1,64,63,65,-1,61,50,62,-1,62,50,57,-1,62,57,66,-1,66,57,64,-1,45,42,55,-1,55,42,44,-1,55,44,63,-1,63,44,67,-1,63,67,65,-1,68,5,3,-1,3,19,68,-1,68,19,69,-1,68,69,70,-1,70,69,71,-1,70,71,72,-1,73,74,75,-1,75,74,69,-1,75,69,76,-1,76,69,19,-1,77,78,79,-1,79,78,44,-1,79,44,80,-1,80,44,43,-1,
        ]
    }
}
Shape{
    appearance Appearance {
        material  Material 	{
            diffuseColor 0.7529411764705882 0.7529411764705882 0.7529411764705882
            specularColor 0.6039215686274509 0.6039215686274509 0.6039215686274509
            ambientIntensity 0.3765
            transparency 0.0
            shininess 0.5
        }
    }
    geometry IndexedFaceSet {
        ccw TRUE
        solid FALSE
        coord DEF co Coordinate {
            point [
                -0.9055 0.3173 0.0787, -0.7874 0.3173 0.0787, -0.9055 0.3173 0.0, -0.7874 0.3173 0.0, -0.9055 0.0811 0.0787, -0.9055 0.0811 0.0, -0.7874 0.0811 0.0787, -0.7874 0.0811 0.0, -0.9055 -0.3126 0.0787, -0.7874 -0.3126 0.0787, -0.9055 -0.3126 0.0, -0.7874 -0.3126 0.0, -0.9055 -0.5488 0.0787, -0.9055 -0.5488 0.0, -0.7874 -0.5488 0.0787, -0.7874 -0.5488 0.0, 0.9055 0.0811 0.0787, 0.9055 0.3173 0.0787, 0.7874 0.0811 0.0787, 0.7874 0.3173 0.0787, 0.9055 -0.5488 0.0787, 0.9055 -0.3126 0.0787, 0.7874 -0.5488 0.0787, 0.7874 -0.3126 0.0787, -0.8221 -0.4906 0.3724, -0.859 -0.4906 0.3858, -0.8221 0.2575 0.3724, -0.859 0.2575 0.3858, -0.7874 0.2575 0.5433, -0.7874 0.2575 0.4676, -0.6935 0.2575 0.5827, -0.6935 0.2575 0.5433, -0.7874 0.2575 0.5827, -0.7874 -0.4906 0.5433, -0.6935 -0.4906 0.5433, -0.6935 -0.4906 0.5827, -0.7874 -0.4906 0.4676, -0.7874 -0.4906 0.5827, 0.7874 -0.4906 0.5433, 0.7874 -0.4906 0.4676, 0.8221 -0.4906 0.3724, 0.6988 -0.4906 0.5827, 0.6988 -0.4906 0.5433, 0.7874 -0.4906 0.5827, 0.859 -0.4906 0.3858, 0.7874 0.2575 0.5433, 0.6988 0.2575 0.5433, 0.6988 0.2575 0.5827, 0.8221 0.2575 0.3724, 0.7874 0.2575 0.4676, 0.859 0.2575 0.3858, 0.7874 0.2575 0.5827, 0.8391 0.1247 0.4407, 0.801 0.1247 0.5453, 0.801 -0.3443 0.5453, 0.8391 -0.3443 0.4407, 0.7874 0.1247 0.4676, 0.7972 0.1247 0.4407, 0.7972 -0.3443 0.4407, 0.7874 -0.3443 0.4676, 0.5522 0.4346 0.5433, 0.5522 0.3447 0.5433, 0.5522 0.4346 0.5827, 0.5522 0.3447 0.5827, 0.7185 0.3447 0.5433, 0.7185 0.3447 0.5827, 0.7185 0.2756 0.5433, 0.7185 0.2756 0.5827, 0.7874 0.2756 0.5433, 0.7874 0.2756 0.5827, 0.7874 -0.5087 0.5433, 0.7185 -0.5087 0.5433, 0.7874 -0.5087 0.5827, 0.7185 -0.5087 0.5827, 0.7185 -0.5778 0.5433, 0.7185 -0.5778 0.5827, 0.5522 -0.5778 0.5433, 0.5522 -0.5778 0.5827, 0.5522 -0.6677 0.5433, 0.5522 -0.6677 0.5827, -0.5522 -0.6677 0.5433, -0.5522 -0.5778 0.5433, -0.5522 -0.6677 0.5827, -0.5522 -0.5778 0.5827, -0.7185 -0.5778 0.5433, -0.7185 -0.5778 0.5827, -0.7185 -0.5087 0.5433, -0.7185 -0.5087 0.5827, -0.7874 -0.5087 0.5433, -0.7874 -0.5087 0.5827, -0.7874 0.2756 0.5433, -0.7185 0.2756 0.5433, -0.7874 0.2756 0.5827, -0.7185 0.2756 0.5827, -0.7185 0.3447 0.5433, -0.7185 0.3447 0.5827, -0.5522 0.3447 0.5433, -0.5522 0.3447 0.5827, -0.5522 0.4346 0.5433, -0.5522 0.4346 0.5827, -0.6935 -0.5488 0.5827, -0.6935 -0.5488 0.5433, -0.5205 -0.5488 0.5827, -0.5205 -0.5488 0.5433, -0.5205 -0.6677 0.5433, -0.5205 -0.6677 0.2677, -0.5205 -0.6681 0.2677, -0.5205 -0.6287 0.5827, -0.5205 -0.6628 0.563, -0.5205 -0.6566 0.5711, -0.5205 -0.6484 0.5774, -0.5205 -0.6681 0.5433, -0.5205 -0.6668 0.5535, -0.5205 -0.6389 0.5813, 0.531 -0.6484 0.5774, 0.531 -0.6566 0.5711, 0.531 -0.6628 0.563, 0.531 -0.5488 0.5433, 0.531 -0.5488 0.5827, 0.531 -0.6677 0.5433, 0.531 -0.6287 0.5827, 0.531 -0.6677 0.5489, 0.531 -0.6668 0.5535, 0.531 -0.6389 0.5813, 0.6988 -0.5488 0.5827, 0.6988 -0.5488 0.5433, 0.6988 0.3219 0.5827, 0.6988 0.3219 0.5433, 0.531 0.3219 0.5827, 0.531 0.3219 0.5433, 0.531 0.3957 0.5827, 0.531 0.4346 0.5433, 0.531 0.4235 0.5711, 0.531 0.4153 0.5774, 0.531 0.4298 0.563, 0.531 0.4337 0.5535, 0.531 0.4346 0.5489, 0.531 0.4059 0.5813, -0.5205 0.435 0.2677, -0.5205 0.4346 0.2677, -0.5205 0.435 0.5433, -0.5205 0.4346 0.5433, -0.5205 0.4337 0.5535, -0.5205 0.3219 0.5433, -0.5205 0.3219 0.5827, -0.5205 0.3957 0.5827, -0.5205 0.4059 0.5813, -0.5205 0.4153 0.5774, -0.5205 0.4235 0.5711, -0.5205 0.4298 0.563, -0.6935 0.3219 0.5827, -0.6935 0.3219 0.5433, -0.4797 -0.1837 0.5433, -0.628 -0.1837 0.5433, -0.4797 -0.1837 0.5827, -0.628 -0.1837 0.5827, -0.63 -0.1874 0.5433, -0.63 -0.1874 0.5827, -0.6289 -0.1856 0.5827, -0.6289 -0.1856 0.5433, -0.6342 -0.1924 0.5433, -0.6342 -0.1924 0.5827, -0.6405 -0.1939 0.5433, -0.6405 -0.1939 0.5827, -0.64 -0.1945 0.5827, -0.64 -0.1945 0.5433, -0.6395 -0.1948 0.5827, -0.6395 -0.1948 0.5433, -0.639 -0.195 0.5827, -0.639 -0.195 0.5433, -0.6383 -0.1951 0.5827, -0.6383 -0.1951 0.5433, -0.6375 -0.195 0.5827, -0.6375 -0.195 0.5433, -0.6369 -0.1949 0.5827, -0.6369 -0.1949 0.5433, -0.636 -0.1944 0.5827, -0.636 -0.1944 0.5433, -0.6352 -0.1937 0.5827, -0.6352 -0.1937 0.5433, -0.6396 -0.1888 0.5433, -0.6396 -0.1888 0.5827, -0.6396 -0.1828 0.5433, -0.6396 -0.1828 0.5827, -0.6405 -0.178 0.5433, -0.6405 -0.178 0.5827, -0.64 -0.1804 0.5827, -0.64 -0.1804 0.5433, -0.641 -0.1721 0.5433, -0.641 -0.1721 0.5827, -0.6441 -0.1613 0.5433, -0.6441 -0.1613 0.5827, -0.6458 -0.1489 0.5433, -0.6458 -0.1489 0.5827, -0.6453 -0.1551 0.5827, -0.6453 -0.1551 0.5433, -0.5479 -0.1095 0.5433, -0.5479 -0.1095 0.5827, -0.5967 -0.1114 0.5827, -0.5967 -0.1114 0.5433, -0.6205 -0.1154 0.5827, -0.6205 -0.1154 0.5433, -0.6309 -0.1196 0.5827, -0.6309 -0.1196 0.5433, -0.6371 -0.124 0.5827, -0.6371 -0.124 0.5433, -0.6411 -0.1286 0.5827, -0.6411 -0.1286 0.5433, -0.6437 -0.1337 0.5827, -0.6437 -0.1337 0.5433, -0.6453 -0.1401 0.5827, -0.6453 -0.1401 0.5433, -0.47 -0.1599 0.5433, -0.47 -0.1599 0.5827, -0.4709 -0.1526 0.5827, -0.4709 -0.1526 0.5433, -0.4736 -0.1379 0.5827, -0.4736 -0.1379 0.5433, -0.4763 -0.1324 0.5827, -0.4763 -0.1324 0.5433, -0.4805 -0.1274 0.5827, -0.4805 -0.1274 0.5433, -0.487 -0.1225 0.5827, -0.487 -0.1225 0.5433, -0.5006 -0.1159 0.5827, -0.5006 -0.1159 0.5433, -0.5214 -0.1113 0.5827, -0.5214 -0.1113 0.5433, -0.4686 -0.1724 0.5433, -0.4686 -0.1724 0.5827, -0.4649 -0.1811 0.5433, -0.4649 -0.1811 0.5827, -0.465 -0.1809 0.5827, -0.465 -0.1809 0.5433, -0.4656 -0.18 0.5827, -0.4656 -0.18 0.5433, -0.4673 -0.177 0.5827, -0.4673 -0.177 0.5433, -0.4717 -0.1896 0.5433, -0.4717 -0.1896 0.5827, -0.4703 -0.1884 0.5827, -0.4703 -0.1884 0.5433, -0.4665 -0.1843 0.5827, -0.4665 -0.1843 0.5433, -0.4652 -0.1824 0.5827, -0.4652 -0.1824 0.5433, -0.465 -0.1819 0.5827, -0.465 -0.1819 0.5433, -0.4754 -0.193 0.5433, -0.4754 -0.193 0.5827, -0.4797 -0.1922 0.5433, -0.4797 -0.1922 0.5827, -0.4798 -0.1933 0.5827, -0.4798 -0.1933 0.5433, -0.4797 -0.1939 0.5827, -0.4797 -0.1939 0.5433, -0.4797 -0.1939 0.5827, -0.4797 -0.1939 0.5433, -0.4796 -0.1942 0.5827, -0.4796 -0.1942 0.5433, -0.4795 -0.1943 0.5827, -0.4795 -0.1943 0.5433, -0.4793 -0.1944 0.5827, -0.4793 -0.1944 0.5433, -0.4788 -0.1947 0.5827, -0.4788 -0.1947 0.5433, -0.4783 -0.1949 0.5827, -0.4783 -0.1949 0.5433, -0.4781 -0.1949 0.5827, -0.4781 -0.1949 0.5433, -0.4779 -0.1948 0.5827, -0.4779 -0.1948 0.5433, -0.4776 -0.1947 0.5827, -0.4776 -0.1947 0.5433, -0.4772 -0.1945 0.5827, -0.4772 -0.1945 0.5433, -0.4767 -0.1942 0.5827, -0.4767 -0.1942 0.5433, -0.4761 -0.1937 0.5827, -0.4761 -0.1937 0.5433, -0.4802 -0.1758 0.5433, -0.63 -0.1758 0.5433, -0.4844 -0.1395 0.5433, -0.4828 -0.1458 0.5433, -0.6323 -0.1704 0.5433, -0.635 -0.1583 0.5433, -0.6359 -0.146 0.5433, -0.4816 -0.1545 0.5433, -0.4802 -0.167 0.5433, -0.48 -0.1714 0.5433, -0.6358 -0.145 0.5433, -0.6336 -0.1359 0.5433, -0.6315 -0.1318 0.5433, -0.6287 -0.1285 0.5433, -0.6246 -0.1256 0.5433, -0.6181 -0.1226 0.5433, -0.6055 -0.1197 0.5433, -0.5728 -0.1174 0.5433, -0.4864 -0.1349 0.5433, -0.4891 -0.1315 0.5433, -0.4932 -0.1283 0.5433, -0.5067 -0.1224 0.5433, -0.5337 -0.1179 0.5433, -0.63 -0.1758 0.5827, -0.4802 -0.1758 0.5827, -0.6323 -0.1704 0.5827, -0.635 -0.1583 0.5827, -0.6359 -0.146 0.5827, -0.6358 -0.145 0.5827, -0.6336 -0.1359 0.5827, -0.6315 -0.1318 0.5827, -0.6287 -0.1285 0.5827, -0.6246 -0.1256 0.5827, -0.6181 -0.1226 0.5827, -0.6055 -0.1197 0.5827, -0.5728 -0.1174 0.5827, -0.5337 -0.1179 0.5827, -0.5067 -0.1224 0.5827, -0.4932 -0.1283 0.5827, -0.4891 -0.1315 0.5827, -0.4864 -0.1349 0.5827, -0.4844 -0.1395 0.5827, -0.4828 -0.1458 0.5827, -0.4816 -0.1545 0.5827, -0.4802 -0.167 0.5827, -0.48 -0.1714 0.5827, -0.6467 -0.0896 0.5433, -0.6515 -0.0907 0.5433, -0.6467 -0.0896 0.5827, -0.6515 -0.0907 0.5827, -0.6541 -0.0885 0.5433, -0.6541 -0.0885 0.5827, -0.6373 -0.076 0.5433, -0.6373 -0.076 0.5827, -0.6141 -0.0794 0.5433, -0.6141 -0.0794 0.5827, -0.6259 -0.0789 0.5827, -0.6259 -0.0789 0.5433, -0.4901 -0.0794 0.5433, -0.4901 -0.0794 0.5827, -0.4666 -0.0802 0.5433, -0.4666 -0.0802 0.5827, -0.4573 -0.0822 0.5433, -0.4573 -0.0822 0.5827, -0.4572 -0.0822 0.5827, -0.4572 -0.0822 0.5433, -0.4572 -0.082 0.5827, -0.4572 -0.082 0.5433, -0.4572 -0.0819 0.5827, -0.4572 -0.0819 0.5433, -0.4572 -0.0819 0.5827, -0.4572 -0.0819 0.5433, -0.4573 -0.0818 0.5827, -0.4573 -0.0818 0.5433, -0.4573 -0.0818 0.5827, -0.4573 -0.0818 0.5433, -0.4574 -0.0817 0.5827, -0.4574 -0.0817 0.5433, -0.4576 -0.0816 0.5827, -0.4576 -0.0816 0.5433, -0.4578 -0.0815 0.5827, -0.4578 -0.0815 0.5433, -0.4581 -0.0814 0.5827, -0.4581 -0.0814 0.5433, -0.4584 -0.0813 0.5827, -0.4584 -0.0813 0.5433, -0.4589 -0.0811 0.5827, -0.4589 -0.0811 0.5433, -0.4605 -0.0808 0.5827, -0.4605 -0.0808 0.5433, -0.4616 -0.0805 0.5827, -0.4616 -0.0805 0.5433, -0.4604 -0.0842 0.5433, -0.4604 -0.0842 0.5827, -0.4589 -0.0838 0.5827, -0.4589 -0.0838 0.5433, -0.458 -0.0833 0.5827, -0.458 -0.0833 0.5433, -0.4577 -0.0831 0.5827, -0.4577 -0.0831 0.5433, -0.4575 -0.0828 0.5827, -0.4575 -0.0828 0.5433, -0.4641 -0.0856 0.5433, -0.4641 -0.0856 0.5827, -0.4742 -0.0888 0.5433, -0.4742 -0.0888 0.5827, -0.5142 -0.087 0.5433, -0.5142 -0.087 0.5827, -0.5005 -0.0871 0.5827, -0.5005 -0.0871 0.5433, -0.4949 -0.0876 0.5827, -0.4949 -0.0876 0.5433, -0.4851 -0.0898 0.5827, -0.4851 -0.0898 0.5433, -0.4824 -0.0907 0.5827, -0.4824 -0.0907 0.5433, -0.4817 -0.0909 0.5827, -0.4817 -0.0909 0.5433, -0.4812 -0.0909 0.5827, -0.4812 -0.0909 0.5433, -0.4798 -0.0906 0.5827, -0.4798 -0.0906 0.5433, -0.6181 -0.087 0.5433, -0.6181 -0.087 0.5827, -0.6324 -0.0877 0.5827, -0.6324 -0.0877 0.5433, -0.6436 -0.0529 0.5433, -0.6433 -0.0432 0.5433, -0.6436 -0.0529 0.5827, -0.6433 -0.0432 0.5827, -0.647 -0.0192 0.5433, -0.647 -0.0192 0.5827, -0.6455 -0.0312 0.5827, -0.6455 -0.0312 0.5433, -0.5895 0.0069 0.5433, -0.5895 0.0069 0.5827, -0.5942 0.0075 0.5827, -0.5942 0.0075 0.5433, -0.6153 0.0072 0.5827, -0.6153 0.0072 0.5433, -0.6291 0.0046 0.5827, -0.6291 0.0046 0.5433, -0.6354 0.002 0.5827, -0.6354 0.002 0.5433, -0.6402 -0.0014 0.5827, -0.6402 -0.0014 0.5433, -0.6439 -0.0055 0.5827, -0.6439 -0.0055 0.5433, -0.6457 -0.0087 0.5827, -0.6457 -0.0087 0.5433, -0.6468 -0.0133 0.5827, -0.6468 -0.0133 0.5433, -0.5606 -0.0197 0.5433, -0.5606 -0.0197 0.5827, -0.5615 -0.0129 0.5827, -0.5615 -0.0129 0.5433, -0.5633 -0.0081 0.5827, -0.5633 -0.0081 0.5433, -0.5661 -0.0041 0.5827, -0.5661 -0.0041 0.5433, -0.5708 0.0 0.5827, -0.5708 0.0 0.5433, -0.5787 0.004 0.5827, -0.5787 0.004 0.5433, -0.5601 -0.0307 0.5433, -0.5601 -0.0307 0.5827, -0.5581 -0.0455 0.5433, -0.5581 -0.0455 0.5827, -0.4822 -0.0458 0.5433, -0.4822 -0.0458 0.5827, -0.4573 -0.0486 0.5433, -0.4573 -0.0486 0.5827, -0.4572 -0.0483 0.5827, -0.4572 -0.0483 0.5433, -0.4572 -0.0482 0.5827, -0.4572 -0.0482 0.5433, -0.4573 -0.0482 0.5827, -0.4573 -0.0482 0.5433, -0.4573 -0.0481 0.5827, -0.4573 -0.0481 0.5433, -0.4574 -0.048 0.5827, -0.4574 -0.048 0.5433, -0.4576 -0.0479 0.5827, -0.4576 -0.0479 0.5433, -0.4586 -0.0476 0.5827, -0.4586 -0.0476 0.5433, -0.459 -0.0475 0.5827, -0.459 -0.0475 0.5433, -0.4597 -0.0474 0.5827, -0.4597 -0.0474 0.5433, -0.4642 -0.0467 0.5827, -0.4642 -0.0467 0.5433, -0.4664 -0.0465 0.5827, -0.4664 -0.0465 0.5433, -0.4694 -0.0462 0.5827, -0.4694 -0.0462 0.5433, -0.4604 -0.0506 0.5433, -0.4604 -0.0506 0.5827, -0.4588 -0.05 0.5827, -0.4588 -0.05 0.5433, -0.4579 -0.0494 0.5827, -0.4579 -0.0494 0.5433, -0.4641 -0.052 0.5433, -0.4641 -0.052 0.5827, -0.4742 -0.0554 0.5433, -0.4742 -0.0554 0.5827, -0.5142 -0.0531 0.5433, -0.5142 -0.0531 0.5827, -0.51 -0.0533 0.5827, -0.51 -0.0533 0.5433, -0.5036 -0.0534 0.5827, -0.5036 -0.0534 0.5433, -0.4937 -0.054 0.5827, -0.4937 -0.054 0.5433, -0.484 -0.0567 0.5827, -0.484 -0.0567 0.5433, -0.4821 -0.0575 0.5827, -0.4821 -0.0575 0.5433, -0.4816 -0.0576 0.5827, -0.4816 -0.0576 0.5433, -0.4811 -0.0575 0.5827, -0.4811 -0.0575 0.5433, -0.4797 -0.0572 0.5827, -0.4797 -0.0572 0.5433, -0.6308 -0.0526 0.5433, -0.6308 -0.0526 0.5827, -0.6433 -0.0585 0.5433, -0.6433 -0.0585 0.5827, -0.6415 -0.0583 0.5827, -0.6415 -0.0583 0.5433, -0.6398 -0.0577 0.5827, -0.6398 -0.0577 0.5433, -0.6369 -0.056 0.5827, -0.6369 -0.056 0.5433, -0.6441 -0.0557 0.5433, -0.6441 -0.0557 0.5827, -0.6442 -0.0572 0.5827, -0.6442 -0.0572 0.5433, -0.644 -0.0579 0.5827, -0.644 -0.0579 0.5433, -0.6439 -0.0582 0.5827, -0.6439 -0.0582 0.5433, -0.6438 -0.0583 0.5827, -0.6438 -0.0583 0.5433, -0.6437 -0.0584 0.5827, -0.6437 -0.0584 0.5433, -0.6435 -0.0585 0.5827, -0.6435 -0.0585 0.5433, -0.568 -0.0455 0.5433, -0.57 -0.0265 0.5433, -0.5709 -0.0191 0.5433, -0.6328 -0.0446 0.5433, -0.5827 -0.0026 0.5433, -0.6335 -0.0086 0.5433, -0.6314 -0.0067 0.5433, -0.5723 -0.0136 0.5433, -0.6282 -0.0048 0.5433, -0.6236 -0.003 0.5433, -0.5923 -0.0005 0.5433, -0.6034 0.0001 0.5433, -0.6354 -0.033 0.5433, -0.6367 -0.025 0.5433, -0.6368 -0.0169 0.5433, -0.6364 -0.0149 0.5433, -0.6353 -0.0116 0.5433, -0.5792 -0.0044 0.5433, -0.5764 -0.0066 0.5433, -0.574 -0.0097 0.5433, -0.6328 -0.0446 0.5827, -0.568 -0.0455 0.5827, -0.6354 -0.033 0.5827, -0.6367 -0.025 0.5827, -0.6368 -0.0169 0.5827, -0.6364 -0.0149 0.5827, -0.6353 -0.0116 0.5827, -0.6335 -0.0086 0.5827, -0.6314 -0.0067 0.5827, -0.6282 -0.0048 0.5827, -0.6236 -0.003 0.5827, -0.6034 0.0001 0.5827, -0.5923 -0.0005 0.5827, -0.5827 -0.0026 0.5827, -0.5792 -0.0044 0.5827, -0.5764 -0.0066 0.5827, -0.574 -0.0097 0.5827, -0.5723 -0.0136 0.5827, -0.5709 -0.0191 0.5827, -0.57 -0.0265 0.5827, -0.7972 0.1247 0.4407, -0.8391 0.1247 0.4407, -0.7972 -0.3443 0.4407, -0.8391 -0.3443 0.4407, -0.7874 -0.3443 0.4676, -0.801 -0.3443 0.5453, -0.7874 -0.3443 0.5453, -0.7874 0.1247 0.5453, -0.801 0.1247 0.5453, -0.7874 0.1247 0.4676, 0.7874 0.1247 0.5453, 0.7874 -0.3443 0.5453, 0.7874 -0.5488 0.0, 0.7874 -0.3126 0.0, 0.9055 -0.5488 0.0, 0.9055 -0.3126 0.0, 0.7874 0.0811 0.0, 0.7874 0.3173 0.0, 0.9055 0.0811 0.0, 0.9055 0.3173 0.0, -0.5572 -0.04 0.0787, -0.5572 -0.1554 0.0787, -0.5572 -0.04 0.0, -0.5572 -0.1554 0.0, -0.468 -0.1554 0.0787, -0.468 -0.1554 0.0, -0.468 -0.04 0.0787, -0.468 -0.04 0.0, 0.0485 -0.1554 0.0787, 0.0485 -0.04 0.0787, 0.0485 -0.1554 0.0, 0.0485 -0.04 0.0, 0.0245 -0.04 0.0, -0.0564 -0.04 0.0787, -0.0564 -0.04 0.0, -0.0564 -0.1554 0.0787, -0.0564 -0.1554 0.0, 0.0245 -0.1554 0.0, 0.6149 -0.1554 0.0787, 0.6149 -0.04 0.0787, 0.6149 -0.1554 0.0, 0.6149 -0.04 0.0, 0.5257 -0.04 0.0787, 0.5257 -0.04 0.0, 0.5257 -0.1554 0.0787, 0.5257 -0.1554 0.0, -0.1664 0.1295 0.0394, -0.1497 0.1983 0.0394, -0.1664 0.1295 0.0, -0.1497 0.1983 0.0, -0.1112 0.189 0.0394, -0.1112 0.189 0.0, -0.1021 0.1468 0.0394, -0.1021 0.1468 0.0, -0.0979 0.1253 0.0394, -0.0979 0.1253 0.0, -0.0971 0.1223 0.0, -0.0962 0.1185 0.0394, -0.0963 0.1189 0.0, -0.0962 0.1185 0.0, -0.0922 0.1241 0.0394, -0.0922 0.1241 0.0, -0.0924 0.1223 0.0, -0.0926 0.1203 0.0394, -0.0926 0.1203 0.0, -0.0928 0.1189 0.0, -0.093 0.1173 0.0394, -0.093 0.1173 0.0, -0.0932 0.1166 0.0, -0.0932 0.1166 0.0394, -0.0935 0.1161 0.0, -0.0935 0.1161 0.0394, -0.0936 0.1159 0.0, -0.0936 0.1159 0.0394, -0.0938 0.1158 0.0, -0.0938 0.1158 0.0394, -0.0939 0.1157 0.0, -0.0939 0.1157 0.0394, -0.0941 0.1157 0.0, -0.0941 0.1157 0.0394, -0.0943 0.1157 0.0, -0.0943 0.1157 0.0394, -0.0946 0.1158 0.0, -0.0946 0.1158 0.0394, -0.0948 0.116 0.0, -0.0948 0.116 0.0394, -0.0951 0.1163 0.0, -0.0951 0.1163 0.0394, -0.0955 0.1168 0.0, -0.0955 0.1168 0.0394, -0.0958 0.1175 0.0, -0.0958 0.1175 0.0394, -0.0908 0.136 0.0394, -0.0908 0.136 0.0, -0.0916 0.1468 0.0394, -0.0916 0.1468 0.0, -0.0911 0.1458 0.0, -0.0911 0.1458 0.0394, -0.0905 0.1441 0.0, -0.0905 0.1441 0.0394, -0.0904 0.1415 0.0, -0.0904 0.1415 0.0394, -0.0931 0.1493 0.0394, -0.0931 0.1493 0.0, -0.0999 0.1743 0.0394, -0.0999 0.1743 0.0, -0.0968 0.1617 0.0, -0.0968 0.1617 0.0394, -0.1288 0.3081 0.0, -0.129 0.3093 0.0394, -0.129 0.3093 0.0, -0.133 0.3093 0.0394, -0.133 0.3093 0.0, -0.1332 0.3081 0.0, -0.1604 0.1878 0.0394, -0.1604 0.1878 0.0, -0.1638 0.1737 0.0394, -0.1638 0.1737 0.0, -0.1672 0.1604 0.0394, -0.1672 0.1604 0.0, -0.1653 0.167 0.0, -0.1653 0.167 0.0394, -0.1692 0.155 0.0394, -0.1692 0.155 0.0, -0.1732 0.1383 0.0394, -0.1732 0.1383 0.0, -0.1734 0.1413 0.0, -0.1734 0.1413 0.0394, -0.1734 0.1425 0.0, -0.1734 0.1425 0.0394, -0.1737 0.1454 0.0, -0.1737 0.1454 0.0394, -0.1736 0.146 0.0, -0.1736 0.146 0.0394, -0.1735 0.1464 0.0, -0.1735 0.1464 0.0394, -0.1732 0.1469 0.0, -0.1732 0.1469 0.0394, -0.1722 0.1481 0.0, -0.1722 0.1481 0.0394, -0.171 0.1499 0.0, -0.171 0.1499 0.0394, -0.1721 0.1256 0.0394, -0.1721 0.1256 0.0, -0.1717 0.1223 0.0, -0.1715 0.1207 0.0394, -0.1715 0.1207 0.0, -0.1714 0.1192 0.0394, -0.1684 0.1182 0.0394, -0.1684 0.1182 0.0, -0.1685 0.1176 0.0, -0.1685 0.1176 0.0394, -0.1688 0.1169 0.0, -0.1688 0.1169 0.0394, -0.1691 0.1165 0.0, -0.1691 0.1165 0.0394, -0.1694 0.1163 0.0, -0.1694 0.1163 0.0394, -0.1696 0.1162 0.0, -0.1696 0.1162 0.0394, -0.1698 0.1162 0.0, -0.1698 0.1162 0.0394, -0.17 0.1162 0.0, -0.17 0.1162 0.0394, -0.1702 0.1162 0.0, -0.1702 0.1162 0.0394, -0.1705 0.1163 0.0, -0.1705 0.1163 0.0394, -0.1706 0.1165 0.0, -0.1706 0.1165 0.0394, -0.1708 0.1167 0.0, -0.1708 0.1167 0.0394, -0.1709 0.117 0.0, -0.1709 0.117 0.0394, -0.1711 0.1174 0.0, -0.1711 0.1174 0.0394, -0.1712 0.1182 0.0, -0.1712 0.1182 0.0394, -0.1713 0.1189 0.0, -0.1714 0.1192 0.0, -0.1676 0.1223 0.0, -0.1682 0.1189 0.0, -0.131 0.2821 0.0394, -0.1126 0.1989 0.0394, -0.1491 0.2026 0.0394, -0.1415 0.2099 0.0394, -0.1344 0.2051 0.0394, -0.1318 0.2037 0.0394, -0.1237 0.2012 0.0394, -0.1415 0.2099 0.0, -0.1491 0.2026 0.0, -0.1344 0.2051 0.0, -0.1318 0.2037 0.0, -0.1237 0.2012 0.0, -0.1126 0.1989 0.0, -0.131 0.2821 0.0, 0.0027 0.1369 0.0394, 0.0027 0.2852 0.0394, 0.0027 0.1369 0.0, 0.0027 0.2852 0.0, 0.0064 0.2872 0.0394, 0.0064 0.2872 0.0, 0.0046 0.2861 0.0, 0.0046 0.2861 0.0394, 0.0115 0.2915 0.0394, 0.0115 0.2915 0.0, 0.0129 0.2977 0.0394, 0.0129 0.2977 0.0, 0.0133 0.2974 0.0, 0.0133 0.2974 0.0394, 0.0137 0.2969 0.0, 0.0137 0.2969 0.0394, 0.014 0.2964 0.0, 0.014 0.2964 0.0394, 0.0141 0.2956 0.0, 0.0141 0.2956 0.0394, 0.0141 0.2949 0.0, 0.0141 0.2949 0.0394, 0.0139 0.294 0.0, 0.0139 0.294 0.0394, 0.0134 0.2932 0.0, 0.0134 0.2932 0.0394, 0.0127 0.2924 0.0, 0.0127 0.2924 0.0394, 0.0078 0.2968 0.0394, 0.0078 0.2968 0.0, 0.0019 0.2968 0.0394, 0.0019 0.2968 0.0, -0.0029 0.2977 0.0394, -0.0029 0.2977 0.0, -0.0005 0.2973 0.0, -0.0005 0.2973 0.0394, -0.0089 0.2982 0.0394, -0.0089 0.2982 0.0, -0.0196 0.3014 0.0394, -0.0196 0.3014 0.0, -0.0321 0.3031 0.0394, -0.0321 0.3031 0.0, -0.0258 0.3026 0.0, -0.0258 0.3026 0.0394, -0.0715 0.2051 0.0394, -0.0715 0.2051 0.0, -0.0697 0.2514 0.0, -0.0697 0.2514 0.0394, -0.0653 0.2785 0.0, -0.0653 0.2785 0.0394, -0.0611 0.2885 0.0, -0.0611 0.2885 0.0394, -0.0566 0.2946 0.0, -0.0566 0.2946 0.0394, -0.0524 0.2983 0.0, -0.0524 0.2983 0.0394, -0.0475 0.3009 0.0, -0.0475 0.3009 0.0394, -0.0409 0.3025 0.0, -0.0409 0.3025 0.0394, -0.021 0.1272 0.0394, -0.021 0.1272 0.0, -0.034 0.1289 0.0, -0.034 0.1289 0.0394, -0.0438 0.1311 0.0, -0.0438 0.1311 0.0394, -0.0479 0.1331 0.0, -0.0479 0.1331 0.0394, -0.0527 0.1369 0.0, -0.0527 0.1369 0.0394, -0.0575 0.1428 0.0, -0.0575 0.1428 0.0394, -0.065 0.1577 0.0, -0.065 0.1577 0.0394, -0.0696 0.1786 0.0, -0.0696 0.1786 0.0394, -0.0086 0.1258 0.0394, -0.0086 0.1258 0.0, 0.0002 0.1222 0.0394, 0.0002 0.1222 0.0, -0.0001 0.1222 0.0, -0.0002 0.1223 0.0, -0.001 0.1228 0.0394, -0.0001 0.1222 0.0394, -0.001 0.1228 0.0, -0.004 0.1246 0.0, -0.004 0.1246 0.0394, 0.0087 0.129 0.0394, 0.0087 0.129 0.0, 0.0061 0.1263 0.0, 0.0061 0.1263 0.0394, 0.0022 0.1229 0.0, 0.0022 0.1229 0.0394, 0.0012 0.1223 0.0, 0.0012 0.1223 0.0394, 0.0012 0.1223 0.0, 0.0008 0.1222 0.0, 0.0008 0.1222 0.0394, 0.0121 0.1326 0.0394, 0.0121 0.1326 0.0, 0.0112 0.1369 0.0394, 0.0112 0.1369 0.0, 0.0123 0.137 0.0, 0.0123 0.137 0.0394, 0.0129 0.1369 0.0, 0.0129 0.1369 0.0394, 0.013 0.1369 0.0, 0.013 0.1369 0.0394, 0.0132 0.1368 0.0, 0.0132 0.1368 0.0394, 0.0134 0.1367 0.0, 0.0134 0.1367 0.0394, 0.0135 0.1365 0.0, 0.0135 0.1365 0.0394, 0.0136 0.1363 0.0, 0.0136 0.1363 0.0394, 0.0139 0.1357 0.0, 0.0139 0.1357 0.0394, 0.0139 0.1354 0.0, 0.0139 0.1354 0.0394, 0.0139 0.1352 0.0, 0.0139 0.1352 0.0394, 0.0138 0.1349 0.0, 0.0138 0.1349 0.0394, 0.0136 0.1345 0.0, 0.0136 0.1345 0.0394, 0.0133 0.134 0.0, 0.0133 0.134 0.0394, 0.0128 0.1334 0.0, 0.0128 0.1334 0.0394, -0.0052 0.2872 0.0394, -0.0436 0.2914 0.0394, -0.0349 0.2932 0.0394, -0.0226 0.2922 0.0394, -0.0106 0.2895 0.0394, -0.0631 0.1909 0.0394, -0.0586 0.1639 0.0394, -0.0052 0.1374 0.0394, -0.0415 0.1416 0.0394, -0.046 0.1436 0.0394, -0.0494 0.1463 0.0394, -0.0527 0.1505 0.0394, -0.0351 0.14 0.0394, -0.0264 0.1389 0.0394, -0.014 0.1374 0.0394, -0.0096 0.1373 0.0394, -0.0484 0.2893 0.0394, -0.0516 0.2868 0.0394, -0.0553 0.2819 0.0394, -0.0583 0.2754 0.0394, -0.0635 0.23 0.0394, -0.0612 0.2627 0.0394, -0.0052 0.2872 0.0, -0.0052 0.1374 0.0, -0.0106 0.2895 0.0, -0.0226 0.2922 0.0, -0.0349 0.2932 0.0, -0.0436 0.2914 0.0, -0.0484 0.2893 0.0, -0.0516 0.2868 0.0, -0.0553 0.2819 0.0, -0.0583 0.2754 0.0, -0.0612 0.2627 0.0, -0.0635 0.23 0.0, -0.0631 0.1909 0.0, -0.0586 0.1639 0.0, -0.0527 0.1505 0.0, -0.0494 0.1463 0.0, -0.046 0.1436 0.0, -0.0415 0.1416 0.0, -0.0351 0.14 0.0, -0.0264 0.1389 0.0, -0.014 0.1374 0.0, -0.0096 0.1373 0.0, 0.0609 0.2917 0.0, 0.0609 0.2917 0.0394, 0.0802 0.2885 0.0, 0.0965 0.2858 0.0394, 0.0965 0.2858 0.0, 0.0965 0.2235 0.0394, 0.0965 0.2235 0.0, 0.0802 0.2256 0.0, 0.0727 0.2266 0.0394, 0.0727 0.2266 0.0, 0.0538 0.2326 0.0394, 0.0538 0.2326 0.0, 0.0566 0.2308 0.0, 0.0566 0.2308 0.0394, 0.0629 0.2286 0.0, 0.0629 0.2286 0.0394, 0.0512 0.234 0.0394, 0.0512 0.234 0.0, 0.043 0.2258 0.0394, 0.043 0.2258 0.0, 0.0444 0.2209 0.0394, 0.0444 0.2209 0.0, 0.0436 0.221 0.0, 0.0436 0.221 0.0394, 0.043 0.2212 0.0, 0.043 0.2212 0.0394, 0.0427 0.2214 0.0, 0.0427 0.2214 0.0394, 0.0423 0.2218 0.0, 0.0423 0.2218 0.0394, 0.042 0.2222 0.0, 0.042 0.2222 0.0394, 0.0418 0.2227 0.0, 0.0418 0.2227 0.0394, 0.0417 0.2232 0.0, 0.0417 0.2232 0.0394, 0.0418 0.2237 0.0, 0.0418 0.2237 0.0394, 0.042 0.2243 0.0, 0.042 0.2243 0.0394, 0.0424 0.225 0.0, 0.0424 0.225 0.0394, 0.0802 0.2159 0.0, 0.0965 0.2136 0.0394, 0.0965 0.2136 0.0, 0.0965 0.1369 0.0394, 0.0965 0.1369 0.0, 0.0802 0.1392 0.0, 0.0543 0.1428 0.0394, 0.0543 0.1428 0.0, 0.0464 0.1456 0.0394, 0.0464 0.1456 0.0, 0.0502 0.1439 0.0, 0.0502 0.1439 0.0394, 0.0439 0.1471 0.0394, 0.0439 0.1471 0.0, 0.036 0.1383 0.0394, 0.036 0.1383 0.0, 0.0376 0.1337 0.0394, 0.0376 0.1337 0.0, 0.0369 0.1338 0.0, 0.0369 0.1338 0.0394, 0.036 0.1339 0.0, 0.036 0.1339 0.0394, 0.0357 0.1341 0.0, 0.0357 0.1341 0.0394, 0.0355 0.1342 0.0, 0.0355 0.1342 0.0394, 0.0353 0.1345 0.0, 0.0353 0.1345 0.0394, 0.035 0.135 0.0, 0.035 0.135 0.0394, 0.0348 0.1356 0.0, 0.0348 0.1356 0.0394, 0.0348 0.1361 0.0, 0.0348 0.1361 0.0394, 0.0349 0.1366 0.0, 0.0349 0.1366 0.0394, 0.0352 0.1372 0.0, 0.0352 0.1372 0.0394, 0.0419 0.1335 0.0394, 0.0419 0.1335 0.0, 0.0633 0.1309 0.0394, 0.0847 0.1275 0.0394, 0.0847 0.1275 0.0, 0.0802 0.1282 0.0, 0.0633 0.1309 0.0, 0.0977 0.1253 0.0394, 0.0977 0.1253 0.0, 0.1073 0.1292 0.0394, 0.1073 0.1292 0.0, 0.1073 0.1292 0.0, 0.1073 0.1292 0.0394, 0.1074 0.1269 0.0, 0.1074 0.1269 0.0394, 0.1072 0.1258 0.0, 0.1072 0.1258 0.0394, 0.1068 0.125 0.0, 0.1068 0.125 0.0394, 0.1064 0.1245 0.0, 0.1064 0.1245 0.0394, 0.1058 0.124 0.0, 0.1058 0.124 0.0394, 0.105 0.1237 0.0, 0.105 0.1237 0.0394, 0.104 0.1235 0.0, 0.104 0.1235 0.0394, 0.1026 0.1236 0.0, 0.1026 0.1236 0.0394, 0.1008 0.1241 0.0, 0.1008 0.1241 0.0394, 0.1047 0.1437 0.0394, 0.1047 0.1437 0.0, 0.1055 0.1363 0.0, 0.1055 0.1363 0.0394, 0.1047 0.149 0.0394, 0.1047 0.149 0.0, 0.1045 0.1561 0.0394, 0.1045 0.1561 0.0, 0.1046 0.1526 0.0, 0.1046 0.1526 0.0394, 0.1047 0.2858 0.0394, 0.1047 0.2858 0.0, 0.1093 0.2982 0.0394, 0.1093 0.2982 0.0, 0.1102 0.2984 0.0, 0.1102 0.2984 0.0394, 0.1108 0.2983 0.0, 0.1108 0.2983 0.0394, 0.1112 0.2982 0.0, 0.1112 0.2982 0.0394, 0.1115 0.298 0.0, 0.1115 0.298 0.0394, 0.1116 0.2978 0.0, 0.1116 0.2978 0.0394, 0.1117 0.2976 0.0, 0.1117 0.2976 0.0394, 0.1118 0.2974 0.0, 0.1118 0.2974 0.0394, 0.1118 0.2969 0.0, 0.1118 0.2969 0.0394, 0.1117 0.2963 0.0, 0.1117 0.2963 0.0394, 0.1117 0.2955 0.0, 0.1117 0.2955 0.0394, 0.1114 0.2944 0.0, 0.1114 0.2944 0.0394, 0.1108 0.2931 0.0, 0.1108 0.2931 0.0394, 0.1096 0.2916 0.0, 0.1096 0.2916 0.0394, 0.1078 0.2893 0.0, 0.1078 0.2893 0.0394, 0.1039 0.2974 0.0394, 0.1039 0.2974 0.0, 0.0943 0.2968 0.0394, 0.0943 0.2968 0.0, 0.0991 0.2968 0.0, 0.0991 0.2968 0.0394, 0.0934 0.2968 0.0394, 0.0934 0.2968 0.0, 0.0824 0.2977 0.0394, 0.0824 0.2977 0.0, 0.0879 0.2969 0.0, 0.0879 0.2969 0.0394, 0.0802 0.2981 0.0, 0.0713 0.2997 0.0394, 0.0713 0.2997 0.0, 0.0524 0.3053 0.0394, 0.0524 0.3053 0.0, 0.0537 0.3045 0.0, 0.0537 0.3045 0.0394, 0.0616 0.3016 0.0, 0.0616 0.3016 0.0394, 0.0498 0.307 0.0394, 0.0498 0.307 0.0, 0.0416 0.2985 0.0394, 0.0416 0.2985 0.0, 0.043 0.294 0.0394, 0.043 0.294 0.0, 0.0422 0.2941 0.0, 0.0422 0.2941 0.0394, 0.0417 0.2943 0.0, 0.0417 0.2943 0.0394, 0.0412 0.2946 0.0, 0.0412 0.2946 0.0394, 0.0409 0.2949 0.0, 0.0409 0.2949 0.0394, 0.0407 0.2952 0.0, 0.0407 0.2952 0.0394, 0.0405 0.2956 0.0, 0.0405 0.2956 0.0394, 0.0405 0.296 0.0, 0.0405 0.296 0.0394, 0.0405 0.2964 0.0, 0.0405 0.2964 0.0394, 0.0407 0.2969 0.0, 0.0407 0.2969 0.0394, 0.0411 0.2976 0.0, 0.0411 0.2976 0.0394, 0.0475 0.2934 0.0394, 0.0475 0.2934 0.0, 0.0542 0.2926 0.0, 0.0542 0.2926 0.0394, 0.1484 0.2906 0.0394, 0.1459 0.2861 0.0394, 0.1484 0.2906 0.0, 0.1459 0.2861 0.0, 0.1439 0.3028 0.0394, 0.1439 0.3028 0.0, 0.1396 0.3028 0.0394, 0.1396 0.3028 0.0, 0.1396 0.2272 0.0394, 0.1396 0.2272 0.0, 0.145 0.2272 0.0394, 0.145 0.2272 0.0, 0.1699 0.2966 0.0394, 0.1699 0.2966 0.0, 0.1652 0.2955 0.0, 0.1652 0.2955 0.0394, 0.1613 0.2936 0.0, 0.1613 0.2936 0.0394, 0.1572 0.2903 0.0, 0.1572 0.2903 0.0394, 0.1539 0.2859 0.0, 0.1539 0.2859 0.0394, 0.1497 0.2763 0.0, 0.1497 0.2763 0.0394, 0.1463 0.2598 0.0, 0.1463 0.2598 0.0394, 0.2053 0.2006 0.0394, 0.2053 0.2006 0.0, 0.2056 0.2055 0.0, 0.2056 0.2055 0.0394, 0.2042 0.2462 0.0, 0.2042 0.2462 0.0394, 0.2018 0.2602 0.0, 0.2018 0.2602 0.0394, 0.1953 0.2791 0.0, 0.1953 0.2791 0.0394, 0.1904 0.2868 0.0, 0.1904 0.2868 0.0394, 0.1857 0.2915 0.0, 0.1857 0.2915 0.0394, 0.1809 0.2945 0.0, 0.1809 0.2945 0.0394, 0.1758 0.2962 0.0, 0.1758 0.2962 0.0394, 0.1722 0.1321 0.0394, 0.1722 0.1321 0.0, 0.1775 0.1327 0.0, 0.1775 0.1327 0.0394, 0.1811 0.1342 0.0, 0.1811 0.1342 0.0394, 0.1849 0.1368 0.0, 0.1849 0.1368 0.0394, 0.1895 0.1417 0.0, 0.1895 0.1417 0.0394, 0.1947 0.1499 0.0, 0.1947 0.1499 0.0394, 0.1996 0.1648 0.0, 0.1996 0.1648 0.0394, 0.1414 0.1777 0.0394, 0.1414 0.1777 0.0, 0.1432 0.1657 0.0, 0.1432 0.1657 0.0394, 0.1471 0.1494 0.0, 0.1471 0.1494 0.0394, 0.1507 0.1427 0.0, 0.1507 0.1427 0.0394, 0.1547 0.1382 0.0, 0.1547 0.1382 0.0394, 0.1597 0.1348 0.0, 0.1597 0.1348 0.0394, 0.1658 0.1326 0.0, 0.1658 0.1326 0.0394, 0.1399 0.1926 0.0394, 0.1399 0.1926 0.0, 0.1354 0.1924 0.0394, 0.1354 0.1924 0.0, 0.1683 0.1227 0.0394, 0.1683 0.1227 0.0, 0.1612 0.124 0.0, 0.1612 0.124 0.0394, 0.1547 0.1271 0.0, 0.1547 0.1271 0.0394, 0.1493 0.1314 0.0, 0.1493 0.1314 0.0394, 0.145 0.1372 0.0, 0.145 0.1372 0.0394, 0.1407 0.1461 0.0, 0.1407 0.1461 0.0394, 0.1368 0.1655 0.0, 0.1368 0.1655 0.0394, 0.2118 0.2445 0.0394, 0.2118 0.2445 0.0, 0.2134 0.2273 0.0, 0.2134 0.2273 0.0394, 0.212 0.1901 0.0, 0.212 0.1901 0.0394, 0.2085 0.1673 0.0, 0.2085 0.1673 0.0394, 0.2007 0.1444 0.0, 0.2007 0.1444 0.0394, 0.1946 0.1343 0.0, 0.1946 0.1343 0.0394, 0.1898 0.1293 0.0, 0.1898 0.1293 0.0394, 0.184 0.1257 0.0, 0.184 0.1257 0.0394, 0.1764 0.1231 0.0, 0.1764 0.1231 0.0394, 0.1722 0.3059 0.0394, 0.1722 0.3059 0.0, 0.1735 0.3059 0.0, 0.1735 0.3059 0.0394, 0.1779 0.3056 0.0, 0.1779 0.3056 0.0394, 0.1819 0.3043 0.0, 0.1819 0.3043 0.0394, 0.1871 0.3012 0.0, 0.1871 0.3012 0.0394, 0.1946 0.2947 0.0, 0.1946 0.2947 0.0394, 0.2001 0.2866 0.0, 0.2001 0.2866 0.0394, 0.2063 0.2712 0.0, 0.2063 0.2712 0.0394, 0.1515 0.2948 0.0, 0.1515 0.2948 0.0394, 0.1576 0.3003 0.0, 0.1576 0.3003 0.0394, 0.164 0.3037 0.0, 0.164 0.3037 0.0394, 0.2979 0.3081 0.0394, 0.2984 0.311 0.0394, 0.2979 0.3081 0.0, 0.2984 0.311 0.0, 0.2965 0.3133 0.0394, 0.2965 0.3133 0.0, 0.2924 0.3081 0.0, 0.284 0.2977 0.0394, 0.284 0.2977 0.0, 0.2883 0.2798 0.0394, 0.2883 0.2798 0.0, 0.2882 0.2833 0.0, 0.2882 0.2833 0.0394, 0.287 0.2914 0.0, 0.287 0.2914 0.0394, 0.2883 0.1355 0.0394, 0.2883 0.1355 0.0, 0.2461 0.1439 0.0394, 0.2461 0.1439 0.0, 0.2473 0.1434 0.0, 0.2473 0.1434 0.0394, 0.2502 0.1409 0.0, 0.2502 0.1409 0.0394, 0.2524 0.1398 0.0, 0.2524 0.1398 0.0394, 0.2561 0.1389 0.0, 0.2561 0.1389 0.0394, 0.2665 0.1372 0.0, 0.2665 0.1372 0.0394, 0.2345 0.1312 0.0394, 0.2345 0.1312 0.0, 0.2346 0.1323 0.0, 0.2346 0.1323 0.0394, 0.235 0.1335 0.0, 0.235 0.1335 0.0394, 0.2354 0.1343 0.0, 0.2354 0.1343 0.0394, 0.2364 0.1352 0.0, 0.2364 0.1352 0.0394, 0.2395 0.1381 0.0, 0.2395 0.1381 0.0394, 0.2741 0.1261 0.0394, 0.2741 0.1261 0.0, 0.2577 0.1275 0.0, 0.2577 0.1275 0.0394, 0.2527 0.128 0.0, 0.2527 0.128 0.0394, 0.241 0.1296 0.0, 0.241 0.1296 0.0394, 0.2368 0.1297 0.0, 0.2368 0.1297 0.0394, 0.2362 0.1297 0.0, 0.2362 0.1297 0.0394, 0.2355 0.13 0.0, 0.2355 0.13 0.0394, 0.2351 0.1303 0.0, 0.2351 0.1303 0.0394, 0.2348 0.1306 0.0, 0.2348 0.1306 0.0394, 0.286 0.125 0.0394, 0.286 0.125 0.0, 0.2925 0.1244 0.0394, 0.2925 0.1244 0.0, 0.2962 0.1366 0.0394, 0.2962 0.1366 0.0, 0.2962 0.1361 0.0, 0.2962 0.1361 0.0394, 0.2971 0.1281 0.0, 0.2971 0.1281 0.0394, 0.2972 0.1264 0.0, 0.2972 0.1264 0.0394, 0.297 0.1257 0.0, 0.297 0.1257 0.0394, 0.2966 0.125 0.0, 0.2966 0.125 0.0394, 0.2963 0.1245 0.0, 0.2963 0.1245 0.0394, 0.296 0.1243 0.0, 0.296 0.1243 0.0394, 0.2956 0.1241 0.0, 0.2956 0.1241 0.0394, 0.2952 0.124 0.0, 0.2952 0.124 0.0394, 0.2945 0.124 0.0, 0.2945 0.124 0.0394, 0.2956 0.1533 0.0394, 0.2956 0.1533 0.0, 0.2956 0.2807 0.0394, 0.2956 0.2807 0.0, 0.2958 0.2945 0.0, 0.2958 0.2945 0.0394
            ]
        }
        coordIndex [
            0,1,2,-1,2,1,3,-1,4,0,5,-1,5,0,2,-1,6,4,7,-1,7,4,5,-1,0,4,1,-1,1,4,6,-1,8,9,10,-1,10,9,11,-1,12,8,13,-1,13,8,10,-1,14,12,15,-1,15,12,13,-1,8,12,9,-1,9,12,14,-1,16,17,18,-1,18,17,19,-1,20,21,22,-1,22,21,23,-1,24,25,26,-1,26,25,27,-1,28,29,26,-1,30,31,32,-1,32,31,28,-1,32,28,27,-1,27,28,26,-1,33,34,35,-1,24,36,25,-1,25,36,33,-1,25,33,37,-1,37,33,35,-1,38,39,40,-1,41,42,43,-1,43,42,38,-1,43,38,44,-1,44,38,40,-1,45,46,47,-1,48,49,50,-1,50,49,45,-1,50,45,51,-1,51,45,47,-1,52,50,53,-1,53,50,51,-1,53,51,54,-1,54,51,43,-1,54,43,55,-1,55,43,44,-1,55,44,52,-1,52,44,50,-1,56,49,57,-1,57,49,48,-1,57,48,58,-1,58,48,40,-1,58,40,59,-1,59,40,39,-1,44,40,50,-1,50,40,48,-1,60,61,62,-1,62,61,63,-1,61,64,63,-1,63,64,65,-1,64,66,65,-1,65,66,67,-1,66,68,67,-1,67,68,69,-1,70,71,72,-1,72,71,73,-1,71,74,73,-1,73,74,75,-1,74,76,75,-1,75,76,77,-1,76,78,77,-1,77,78,79,-1,80,81,82,-1,82,81,83,-1,81,84,83,-1,83,84,85,-1,84,86,85,-1,85,86,87,-1,86,88,87,-1,87,88,89,-1,90,91,92,-1,92,91,93,-1,91,94,93,-1,93,94,95,-1,94,96,95,-1,95,96,97,-1,96,98,97,-1,97,98,99,-1,100,35,101,-1,101,35,34,-1,102,100,103,-1,103,100,101,-1,104,105,106,-1,102,103,107,-1,107,103,104,-1,108,109,110,-1,106,111,104,-1,104,111,112,-1,104,112,107,-1,107,112,108,-1,107,108,113,-1,113,108,110,-1,114,115,116,-1,117,118,119,-1,119,118,120,-1,119,120,121,-1,121,120,122,-1,122,120,116,-1,116,120,123,-1,116,123,114,-1,124,118,125,-1,125,118,117,-1,41,124,42,-1,42,124,125,-1,126,47,127,-1,127,47,46,-1,128,126,129,-1,129,126,127,-1,128,129,130,-1,130,129,131,-1,132,133,134,-1,134,133,135,-1,131,136,130,-1,130,136,135,-1,130,135,137,-1,137,135,133,-1,138,139,140,-1,140,139,141,-1,140,141,142,-1,141,143,144,-1,144,145,141,-1,141,145,146,-1,141,146,147,-1,147,148,141,-1,141,148,149,-1,141,149,142,-1,150,144,151,-1,151,144,143,-1,30,150,31,-1,31,150,151,-1,152,153,154,-1,154,153,155,-1,156,157,158,-1,156,158,159,-1,159,158,155,-1,159,155,153,-1,156,160,157,-1,157,160,161,-1,162,163,164,-1,162,164,165,-1,165,164,166,-1,165,166,167,-1,167,166,168,-1,167,168,169,-1,169,168,170,-1,169,170,171,-1,171,170,172,-1,171,172,173,-1,173,172,174,-1,173,174,175,-1,175,174,176,-1,175,176,177,-1,177,176,178,-1,177,178,179,-1,179,178,161,-1,179,161,160,-1,162,180,163,-1,163,180,181,-1,180,182,181,-1,181,182,183,-1,184,185,186,-1,184,186,187,-1,187,186,183,-1,187,183,182,-1,184,188,185,-1,185,188,189,-1,188,190,189,-1,189,190,191,-1,192,193,194,-1,192,194,195,-1,195,194,191,-1,195,191,190,-1,196,197,198,-1,196,198,199,-1,199,198,200,-1,199,200,201,-1,201,200,202,-1,201,202,203,-1,203,202,204,-1,203,204,205,-1,205,204,206,-1,205,206,207,-1,207,206,208,-1,207,208,209,-1,209,208,210,-1,209,210,211,-1,211,210,193,-1,211,193,192,-1,212,213,214,-1,212,214,215,-1,215,214,216,-1,215,216,217,-1,217,216,218,-1,217,218,219,-1,219,218,220,-1,219,220,221,-1,221,220,222,-1,221,222,223,-1,223,222,224,-1,223,224,225,-1,225,224,226,-1,225,226,227,-1,227,226,197,-1,227,197,196,-1,212,228,213,-1,213,228,229,-1,230,231,232,-1,230,232,233,-1,233,232,234,-1,233,234,235,-1,235,234,236,-1,235,236,237,-1,237,236,229,-1,237,229,228,-1,238,239,240,-1,238,240,241,-1,241,240,242,-1,241,242,243,-1,243,242,244,-1,243,244,245,-1,245,244,246,-1,245,246,247,-1,247,246,231,-1,247,231,230,-1,238,248,239,-1,239,248,249,-1,250,251,252,-1,250,252,253,-1,253,252,254,-1,253,254,255,-1,255,254,256,-1,255,256,257,-1,257,256,258,-1,257,258,259,-1,259,258,260,-1,259,260,261,-1,261,260,262,-1,261,262,263,-1,263,262,264,-1,263,264,265,-1,265,264,266,-1,265,266,267,-1,267,266,268,-1,267,268,269,-1,269,268,270,-1,269,270,271,-1,271,270,272,-1,271,272,273,-1,273,272,274,-1,273,274,275,-1,275,274,276,-1,275,276,277,-1,277,276,278,-1,277,278,279,-1,279,278,249,-1,279,249,248,-1,250,152,251,-1,251,152,154,-1,280,152,228,-1,152,250,248,-1,152,280,153,-1,153,280,281,-1,153,281,159,-1,233,235,152,-1,152,235,237,-1,152,237,228,-1,275,277,250,-1,250,277,279,-1,250,279,248,-1,217,282,283,-1,180,160,156,-1,156,159,180,-1,180,159,281,-1,180,281,182,-1,248,238,152,-1,152,238,241,-1,152,241,243,-1,175,177,180,-1,180,177,179,-1,180,179,160,-1,269,271,250,-1,250,271,273,-1,250,273,275,-1,284,285,190,-1,190,285,195,-1,195,285,286,-1,195,286,192,-1,217,283,215,-1,215,283,287,-1,215,287,212,-1,212,287,288,-1,212,288,228,-1,228,288,289,-1,228,289,280,-1,253,255,265,-1,265,255,257,-1,265,257,263,-1,263,257,259,-1,263,259,261,-1,162,165,180,-1,180,165,167,-1,180,167,169,-1,169,171,180,-1,180,171,173,-1,180,173,175,-1,190,188,284,-1,284,188,184,-1,284,184,281,-1,281,184,187,-1,281,187,182,-1,230,233,247,-1,247,233,152,-1,247,152,245,-1,245,152,243,-1,253,265,250,-1,250,265,267,-1,250,267,269,-1,192,286,211,-1,211,286,290,-1,211,290,209,-1,209,290,291,-1,209,291,207,-1,207,291,292,-1,207,292,205,-1,205,292,293,-1,205,293,203,-1,203,293,294,-1,203,294,201,-1,201,294,295,-1,201,295,199,-1,199,295,296,-1,199,296,297,-1,282,217,298,-1,298,217,219,-1,298,219,299,-1,299,219,221,-1,299,221,300,-1,300,221,223,-1,300,223,301,-1,301,223,225,-1,301,225,302,-1,302,225,227,-1,302,227,297,-1,297,227,196,-1,297,196,199,-1,281,280,303,-1,303,280,304,-1,284,281,305,-1,305,281,303,-1,284,305,306,-1,284,306,285,-1,285,306,307,-1,285,307,286,-1,286,307,308,-1,286,308,290,-1,290,308,309,-1,290,309,291,-1,291,309,310,-1,291,310,292,-1,292,310,311,-1,292,311,293,-1,293,311,312,-1,293,312,294,-1,294,312,313,-1,294,313,295,-1,295,313,314,-1,295,314,296,-1,296,314,315,-1,296,315,297,-1,297,315,316,-1,297,316,302,-1,302,316,317,-1,302,317,301,-1,301,317,318,-1,301,318,300,-1,300,318,319,-1,300,319,299,-1,299,319,320,-1,299,320,298,-1,298,320,321,-1,298,321,282,-1,282,321,322,-1,282,322,283,-1,283,322,323,-1,283,323,287,-1,288,287,324,-1,324,287,323,-1,288,324,325,-1,288,325,289,-1,289,325,304,-1,289,304,280,-1,326,327,328,-1,328,327,329,-1,327,330,329,-1,329,330,331,-1,330,332,331,-1,331,332,333,-1,334,335,336,-1,334,336,337,-1,337,336,333,-1,337,333,332,-1,334,338,335,-1,335,338,339,-1,338,340,339,-1,339,340,341,-1,342,343,344,-1,342,344,345,-1,345,344,346,-1,345,346,347,-1,347,346,348,-1,347,348,349,-1,349,348,350,-1,349,350,351,-1,351,350,352,-1,351,352,353,-1,353,352,354,-1,353,354,355,-1,355,354,356,-1,355,356,357,-1,357,356,358,-1,357,358,359,-1,359,358,360,-1,359,360,361,-1,361,360,362,-1,361,362,363,-1,363,362,364,-1,363,364,365,-1,365,364,366,-1,365,366,367,-1,367,366,368,-1,367,368,369,-1,369,368,370,-1,369,370,371,-1,371,370,341,-1,371,341,340,-1,372,373,374,-1,372,374,375,-1,375,374,376,-1,375,376,377,-1,377,376,378,-1,377,378,379,-1,379,378,380,-1,379,380,381,-1,381,380,343,-1,381,343,342,-1,372,382,373,-1,373,382,383,-1,382,384,383,-1,383,384,385,-1,386,387,388,-1,386,388,389,-1,389,388,390,-1,389,390,391,-1,391,390,392,-1,391,392,393,-1,393,392,394,-1,393,394,395,-1,395,394,396,-1,395,396,397,-1,397,396,398,-1,397,398,399,-1,399,398,400,-1,399,400,401,-1,401,400,385,-1,401,385,384,-1,386,402,387,-1,387,402,403,-1,326,328,404,-1,326,404,405,-1,405,404,403,-1,405,403,402,-1,389,338,386,-1,386,338,334,-1,330,327,332,-1,332,327,326,-1,332,326,337,-1,337,326,405,-1,337,405,334,-1,334,405,402,-1,334,402,386,-1,389,391,338,-1,338,391,393,-1,338,393,395,-1,372,371,382,-1,382,371,340,-1,382,340,384,-1,384,340,338,-1,384,338,401,-1,375,361,363,-1,363,365,375,-1,375,365,367,-1,375,367,372,-1,372,367,369,-1,372,369,371,-1,395,397,338,-1,338,397,399,-1,338,399,401,-1,361,375,359,-1,359,375,377,-1,359,377,379,-1,379,381,359,-1,359,381,342,-1,359,342,345,-1,353,355,345,-1,345,355,357,-1,345,357,359,-1,353,345,351,-1,351,345,347,-1,351,347,349,-1,406,407,408,-1,408,407,409,-1,410,411,412,-1,410,412,413,-1,413,412,409,-1,413,409,407,-1,414,415,416,-1,414,416,417,-1,417,416,418,-1,417,418,419,-1,419,418,420,-1,419,420,421,-1,421,420,422,-1,421,422,423,-1,423,422,424,-1,423,424,425,-1,425,424,426,-1,425,426,427,-1,427,426,428,-1,427,428,429,-1,429,428,430,-1,429,430,431,-1,431,430,411,-1,431,411,410,-1,432,433,434,-1,432,434,435,-1,435,434,436,-1,435,436,437,-1,437,436,438,-1,437,438,439,-1,439,438,440,-1,439,440,441,-1,441,440,442,-1,441,442,443,-1,443,442,415,-1,443,415,414,-1,432,444,433,-1,433,444,445,-1,444,446,445,-1,445,446,447,-1,446,448,447,-1,447,448,449,-1,450,451,452,-1,450,452,453,-1,453,452,454,-1,453,454,455,-1,455,454,456,-1,455,456,457,-1,457,456,458,-1,457,458,459,-1,459,458,460,-1,459,460,461,-1,461,460,462,-1,461,462,463,-1,463,462,464,-1,463,464,465,-1,465,464,466,-1,465,466,467,-1,467,466,468,-1,467,468,469,-1,469,468,470,-1,469,470,471,-1,471,470,472,-1,471,472,473,-1,473,472,474,-1,473,474,475,-1,475,474,449,-1,475,449,448,-1,476,477,478,-1,476,478,479,-1,479,478,480,-1,479,480,481,-1,481,480,451,-1,481,451,450,-1,476,482,477,-1,477,482,483,-1,482,484,483,-1,483,484,485,-1,486,487,488,-1,486,488,489,-1,489,488,490,-1,489,490,491,-1,491,490,492,-1,491,492,493,-1,493,492,494,-1,493,494,495,-1,495,494,496,-1,495,496,497,-1,497,496,498,-1,497,498,499,-1,499,498,500,-1,499,500,501,-1,501,500,502,-1,501,502,503,-1,503,502,485,-1,503,485,484,-1,486,504,487,-1,487,504,505,-1,506,507,508,-1,506,508,509,-1,509,508,510,-1,509,510,511,-1,511,510,512,-1,511,512,513,-1,513,512,505,-1,513,505,504,-1,514,515,516,-1,514,516,517,-1,517,516,518,-1,517,518,519,-1,519,518,520,-1,519,520,521,-1,521,520,522,-1,521,522,523,-1,523,522,524,-1,523,524,525,-1,525,524,526,-1,525,526,527,-1,527,526,507,-1,527,507,506,-1,514,406,515,-1,515,406,408,-1,528,446,529,-1,529,446,530,-1,489,491,448,-1,525,527,531,-1,441,443,532,-1,489,448,486,-1,525,531,523,-1,533,534,423,-1,511,513,531,-1,531,513,504,-1,531,504,528,-1,528,504,486,-1,528,486,446,-1,446,486,448,-1,530,446,535,-1,535,446,444,-1,535,444,432,-1,482,475,484,-1,484,475,448,-1,484,448,503,-1,467,476,465,-1,465,476,479,-1,465,479,463,-1,467,469,476,-1,476,469,471,-1,476,471,482,-1,482,471,473,-1,482,473,475,-1,527,506,531,-1,531,506,509,-1,531,509,511,-1,423,534,421,-1,421,534,536,-1,421,536,537,-1,491,493,448,-1,448,493,495,-1,448,495,497,-1,457,459,479,-1,479,459,461,-1,479,461,463,-1,413,407,531,-1,407,406,531,-1,531,406,514,-1,531,514,517,-1,532,443,538,-1,538,443,414,-1,538,414,539,-1,539,414,417,-1,539,417,537,-1,537,417,419,-1,537,419,421,-1,497,499,448,-1,448,499,501,-1,448,501,503,-1,481,450,453,-1,531,540,413,-1,413,540,541,-1,413,541,410,-1,410,541,542,-1,410,542,431,-1,431,542,543,-1,431,543,429,-1,429,543,544,-1,429,544,427,-1,427,544,533,-1,427,533,425,-1,425,533,423,-1,517,519,531,-1,531,519,521,-1,531,521,523,-1,532,545,441,-1,441,545,546,-1,441,546,439,-1,439,546,547,-1,439,547,437,-1,437,547,535,-1,437,535,435,-1,435,535,432,-1,481,453,479,-1,479,453,455,-1,479,455,457,-1,531,528,548,-1,548,528,549,-1,540,531,550,-1,550,531,548,-1,540,550,551,-1,540,551,541,-1,541,551,552,-1,541,552,542,-1,542,552,553,-1,542,553,543,-1,543,553,554,-1,543,554,544,-1,544,554,555,-1,544,555,533,-1,533,555,556,-1,533,556,534,-1,534,556,557,-1,534,557,536,-1,536,557,558,-1,536,558,537,-1,537,558,559,-1,537,559,539,-1,539,559,560,-1,539,560,538,-1,538,560,561,-1,538,561,532,-1,532,561,562,-1,532,562,545,-1,545,562,563,-1,545,563,546,-1,546,563,564,-1,546,564,547,-1,547,564,565,-1,547,565,535,-1,535,565,566,-1,535,566,530,-1,530,566,567,-1,530,567,529,-1,528,529,549,-1,549,529,567,-1,316,315,305,-1,303,304,305,-1,305,304,325,-1,325,324,305,-1,305,324,323,-1,305,323,322,-1,308,315,314,-1,308,307,315,-1,315,307,306,-1,315,306,305,-1,322,321,305,-1,305,321,320,-1,305,320,319,-1,314,313,308,-1,308,313,312,-1,308,312,309,-1,309,312,311,-1,309,311,310,-1,319,318,305,-1,305,318,317,-1,305,317,316,-1,548,549,550,-1,550,549,567,-1,550,567,566,-1,553,552,566,-1,566,552,551,-1,566,551,550,-1,563,562,564,-1,564,562,565,-1,559,566,560,-1,560,566,565,-1,560,565,561,-1,561,565,562,-1,559,558,566,-1,566,558,557,-1,566,557,556,-1,556,555,566,-1,566,555,554,-1,566,554,553,-1,568,569,570,-1,570,569,571,-1,570,571,572,-1,572,571,573,-1,572,573,574,-1,575,576,577,-1,577,576,569,-1,577,569,568,-1,574,573,575,-1,575,573,576,-1,57,58,52,-1,52,58,55,-1,57,52,56,-1,56,52,53,-1,56,53,578,-1,579,54,59,-1,59,54,55,-1,59,55,58,-1,579,578,54,-1,54,578,53,-1,580,581,582,-1,582,581,583,-1,584,585,586,-1,586,585,587,-1,11,15,10,-1,10,15,13,-1,3,7,2,-1,2,7,5,-1,588,589,590,-1,590,589,591,-1,589,592,591,-1,591,592,593,-1,592,594,593,-1,593,594,595,-1,594,588,595,-1,595,588,590,-1,594,592,588,-1,588,592,589,-1,596,597,598,-1,598,597,599,-1,599,597,600,-1,600,597,601,-1,600,601,602,-1,601,603,602,-1,602,603,604,-1,604,603,605,-1,605,603,596,-1,605,596,598,-1,603,601,596,-1,596,601,597,-1,606,607,608,-1,608,607,609,-1,607,610,609,-1,609,610,611,-1,610,612,611,-1,611,612,613,-1,612,606,613,-1,613,606,608,-1,612,610,606,-1,606,610,607,-1,614,615,616,-1,616,615,617,-1,615,618,617,-1,617,618,619,-1,618,620,619,-1,619,620,621,-1,620,622,621,-1,621,622,623,-1,623,622,624,-1,624,622,625,-1,624,625,626,-1,626,625,627,-1,628,629,630,-1,628,630,631,-1,630,632,631,-1,631,632,633,-1,631,633,634,-1,633,635,634,-1,634,635,636,-1,634,636,637,-1,637,636,638,-1,637,638,639,-1,639,638,640,-1,639,640,641,-1,641,640,642,-1,641,642,643,-1,643,642,644,-1,643,644,645,-1,645,644,646,-1,645,646,647,-1,647,646,648,-1,647,648,649,-1,649,648,650,-1,649,650,651,-1,651,650,652,-1,651,652,653,-1,653,652,654,-1,653,654,655,-1,655,654,656,-1,655,656,657,-1,657,656,658,-1,657,658,659,-1,659,658,627,-1,659,627,625,-1,628,660,629,-1,629,660,661,-1,662,663,664,-1,662,664,665,-1,665,664,666,-1,665,666,667,-1,667,666,668,-1,667,668,669,-1,669,668,661,-1,669,661,660,-1,662,670,663,-1,663,670,671,-1,672,673,674,-1,672,674,675,-1,675,674,671,-1,675,671,670,-1,673,672,676,-1,676,672,677,-1,676,677,678,-1,677,679,678,-1,678,679,680,-1,680,679,681,-1,681,679,682,-1,681,682,683,-1,682,684,683,-1,683,684,685,-1,686,687,688,-1,686,688,689,-1,689,688,685,-1,689,685,684,-1,686,690,687,-1,687,690,691,-1,692,693,694,-1,692,694,695,-1,695,694,696,-1,695,696,697,-1,697,696,698,-1,697,698,699,-1,699,698,700,-1,699,700,701,-1,701,700,702,-1,701,702,703,-1,703,702,704,-1,703,704,705,-1,705,704,706,-1,705,706,707,-1,707,706,708,-1,707,708,709,-1,709,708,691,-1,709,691,690,-1,692,710,693,-1,693,710,711,-1,711,710,712,-1,712,710,713,-1,712,713,714,-1,714,713,715,-1,716,717,718,-1,716,718,719,-1,719,718,720,-1,719,720,721,-1,721,720,722,-1,721,722,723,-1,723,722,724,-1,723,724,725,-1,725,724,726,-1,725,726,727,-1,727,726,728,-1,727,728,729,-1,729,728,730,-1,729,730,731,-1,731,730,732,-1,731,732,733,-1,733,732,734,-1,733,734,735,-1,735,734,736,-1,735,736,737,-1,737,736,738,-1,737,738,739,-1,739,738,740,-1,739,740,741,-1,741,740,742,-1,741,742,743,-1,743,742,744,-1,743,744,745,-1,745,744,746,-1,745,746,715,-1,715,746,747,-1,715,747,714,-1,716,614,616,-1,616,748,716,-1,716,748,749,-1,716,749,717,-1,750,677,751,-1,751,677,672,-1,615,752,753,-1,707,709,614,-1,614,709,690,-1,753,754,615,-1,615,754,755,-1,615,755,618,-1,618,755,756,-1,675,620,672,-1,672,620,618,-1,672,618,751,-1,751,618,756,-1,690,686,614,-1,614,686,689,-1,614,689,615,-1,615,689,684,-1,615,684,752,-1,752,684,682,-1,752,682,750,-1,750,682,679,-1,750,679,677,-1,620,660,622,-1,622,660,628,-1,622,628,625,-1,625,628,631,-1,625,631,659,-1,745,716,743,-1,743,716,719,-1,743,719,741,-1,692,695,614,-1,614,695,697,-1,614,697,707,-1,707,697,699,-1,675,670,620,-1,620,670,662,-1,620,662,665,-1,659,631,657,-1,657,631,634,-1,657,634,655,-1,701,703,699,-1,699,703,705,-1,699,705,707,-1,665,667,620,-1,620,667,669,-1,620,669,660,-1,651,653,639,-1,745,715,716,-1,716,715,713,-1,716,713,614,-1,614,713,710,-1,614,710,692,-1,655,634,653,-1,653,634,637,-1,653,637,639,-1,723,725,739,-1,741,719,739,-1,739,719,721,-1,739,721,723,-1,735,729,733,-1,733,729,731,-1,725,727,739,-1,739,727,729,-1,739,729,737,-1,737,729,735,-1,651,639,649,-1,649,639,641,-1,649,641,647,-1,647,641,643,-1,647,643,645,-1,753,752,757,-1,757,752,758,-1,754,753,759,-1,759,753,757,-1,754,759,760,-1,754,760,755,-1,755,760,761,-1,755,761,756,-1,756,761,762,-1,756,762,751,-1,750,751,763,-1,763,751,762,-1,752,750,758,-1,758,750,763,-1,764,765,766,-1,766,765,767,-1,768,769,770,-1,768,770,771,-1,771,770,767,-1,771,767,765,-1,768,772,769,-1,769,772,773,-1,774,775,776,-1,774,776,777,-1,777,776,778,-1,777,778,779,-1,779,778,780,-1,779,780,781,-1,781,780,782,-1,781,782,783,-1,783,782,784,-1,783,784,785,-1,785,784,786,-1,785,786,787,-1,787,786,788,-1,787,788,789,-1,789,788,790,-1,789,790,791,-1,791,790,773,-1,791,773,772,-1,774,792,775,-1,775,792,793,-1,792,794,793,-1,793,794,795,-1,796,797,798,-1,796,798,799,-1,799,798,795,-1,799,795,794,-1,796,800,797,-1,797,800,801,-1,800,802,801,-1,801,802,803,-1,804,805,806,-1,804,806,807,-1,807,806,803,-1,807,803,802,-1,808,809,810,-1,808,810,811,-1,811,810,812,-1,811,812,813,-1,813,812,814,-1,813,814,815,-1,815,814,816,-1,815,816,817,-1,817,816,818,-1,817,818,819,-1,819,818,820,-1,819,820,821,-1,821,820,822,-1,821,822,823,-1,823,822,805,-1,823,805,804,-1,824,825,826,-1,824,826,827,-1,827,826,828,-1,827,828,829,-1,829,828,830,-1,829,830,831,-1,831,830,832,-1,831,832,833,-1,833,832,834,-1,833,834,835,-1,835,834,836,-1,835,836,837,-1,837,836,838,-1,837,838,839,-1,839,838,809,-1,839,809,808,-1,824,840,825,-1,825,840,841,-1,842,843,844,-1,845,846,844,-1,844,846,847,-1,844,847,842,-1,845,848,846,-1,846,848,849,-1,846,849,850,-1,850,849,841,-1,850,841,840,-1,851,852,853,-1,851,853,854,-1,854,853,855,-1,854,855,856,-1,856,855,857,-1,856,857,858,-1,857,859,858,-1,858,859,860,-1,858,860,861,-1,861,860,843,-1,861,843,842,-1,851,862,852,-1,852,862,863,-1,864,865,866,-1,864,866,867,-1,867,866,868,-1,867,868,869,-1,869,868,870,-1,869,870,871,-1,871,870,872,-1,871,872,873,-1,873,872,874,-1,873,874,875,-1,875,874,876,-1,875,876,877,-1,877,876,878,-1,877,878,879,-1,879,878,880,-1,879,880,881,-1,881,880,882,-1,881,882,883,-1,883,882,884,-1,883,884,885,-1,885,884,886,-1,885,886,887,-1,887,886,888,-1,887,888,889,-1,889,888,890,-1,889,890,891,-1,891,890,892,-1,891,892,893,-1,893,892,863,-1,893,863,862,-1,864,764,865,-1,865,764,766,-1,794,792,894,-1,895,821,823,-1,791,772,792,-1,850,764,846,-1,846,764,864,-1,889,891,864,-1,864,891,893,-1,864,893,862,-1,895,823,896,-1,823,804,896,-1,896,804,807,-1,896,807,897,-1,897,807,802,-1,897,802,898,-1,899,900,837,-1,850,840,764,-1,764,840,901,-1,764,901,765,-1,765,901,894,-1,765,894,771,-1,771,894,792,-1,771,792,768,-1,768,792,772,-1,802,800,898,-1,898,800,796,-1,898,796,894,-1,894,796,799,-1,894,799,794,-1,837,900,835,-1,827,829,902,-1,902,829,831,-1,902,831,903,-1,903,831,833,-1,903,833,904,-1,904,833,835,-1,904,835,905,-1,905,835,900,-1,861,842,847,-1,883,885,864,-1,864,885,887,-1,864,887,889,-1,902,906,827,-1,827,906,907,-1,827,907,824,-1,824,907,908,-1,824,908,840,-1,840,908,909,-1,840,909,901,-1,792,774,791,-1,791,774,777,-1,791,777,789,-1,789,777,779,-1,862,851,864,-1,864,851,854,-1,864,854,846,-1,846,854,856,-1,846,856,847,-1,847,856,858,-1,847,858,861,-1,867,869,879,-1,879,869,871,-1,879,871,877,-1,877,871,873,-1,877,873,875,-1,821,895,819,-1,819,895,910,-1,819,910,817,-1,817,910,911,-1,817,911,815,-1,815,911,912,-1,815,912,813,-1,813,912,913,-1,813,913,811,-1,779,781,789,-1,789,781,783,-1,789,783,787,-1,787,783,785,-1,867,879,864,-1,864,879,881,-1,864,881,883,-1,837,839,899,-1,899,839,808,-1,899,808,914,-1,914,808,811,-1,914,811,915,-1,915,811,913,-1,894,901,916,-1,916,901,917,-1,898,894,918,-1,918,894,916,-1,898,918,919,-1,898,919,897,-1,897,919,920,-1,897,920,896,-1,896,920,921,-1,896,921,895,-1,895,921,922,-1,895,922,910,-1,910,922,923,-1,910,923,911,-1,911,923,924,-1,911,924,912,-1,912,924,925,-1,912,925,913,-1,913,925,926,-1,913,926,915,-1,915,926,927,-1,915,927,914,-1,914,927,928,-1,914,928,899,-1,899,928,929,-1,899,929,900,-1,900,929,930,-1,900,930,905,-1,905,930,931,-1,905,931,904,-1,904,931,932,-1,904,932,903,-1,903,932,933,-1,903,933,902,-1,902,933,934,-1,902,934,906,-1,906,934,935,-1,906,935,907,-1,908,907,936,-1,936,907,935,-1,908,936,937,-1,908,937,909,-1,909,937,917,-1,909,917,901,-1,938,939,940,-1,940,939,941,-1,940,941,942,-1,941,943,942,-1,942,943,944,-1,944,943,945,-1,945,943,946,-1,945,946,947,-1,948,949,950,-1,948,950,951,-1,951,950,952,-1,951,952,953,-1,953,952,947,-1,953,947,946,-1,948,954,949,-1,949,954,955,-1,954,956,955,-1,955,956,957,-1,958,959,960,-1,958,960,961,-1,961,960,962,-1,961,962,963,-1,963,962,964,-1,963,964,965,-1,965,964,966,-1,965,966,967,-1,967,966,968,-1,967,968,969,-1,969,968,970,-1,969,970,971,-1,971,970,972,-1,971,972,973,-1,973,972,974,-1,973,974,975,-1,975,974,976,-1,975,976,977,-1,977,976,978,-1,977,978,979,-1,979,978,957,-1,979,957,956,-1,959,958,980,-1,980,958,981,-1,980,981,982,-1,981,983,982,-1,982,983,984,-1,984,983,985,-1,985,983,986,-1,985,986,987,-1,988,989,990,-1,988,990,991,-1,991,990,987,-1,991,987,986,-1,988,992,989,-1,989,992,993,-1,992,994,993,-1,993,994,995,-1,996,997,998,-1,996,998,999,-1,999,998,1000,-1,999,1000,1001,-1,1001,1000,1002,-1,1001,1002,1003,-1,1003,1002,1004,-1,1003,1004,1005,-1,1005,1004,1006,-1,1005,1006,1007,-1,1007,1006,1008,-1,1007,1008,1009,-1,1009,1008,1010,-1,1009,1010,1011,-1,1011,1010,1012,-1,1011,1012,1013,-1,1013,1012,1014,-1,1013,1014,1015,-1,1015,1014,1016,-1,1015,1016,1017,-1,1017,1016,995,-1,1017,995,994,-1,996,1018,997,-1,997,1018,1019,-1,1019,1018,1020,-1,1021,1022,1023,-1,1021,1023,1020,-1,1020,1023,1024,-1,1020,1024,1019,-1,1021,1025,1022,-1,1022,1025,1026,-1,1027,1028,1029,-1,1027,1029,1030,-1,1030,1029,1031,-1,1030,1031,1032,-1,1032,1031,1033,-1,1032,1033,1034,-1,1034,1033,1035,-1,1034,1035,1036,-1,1036,1035,1037,-1,1036,1037,1038,-1,1038,1037,1039,-1,1038,1039,1040,-1,1040,1039,1041,-1,1040,1041,1042,-1,1042,1041,1043,-1,1042,1043,1044,-1,1044,1043,1045,-1,1044,1045,1046,-1,1046,1045,1047,-1,1046,1047,1048,-1,1048,1047,1026,-1,1048,1026,1025,-1,1049,1050,1051,-1,1049,1051,1052,-1,1052,1051,1028,-1,1052,1028,1027,-1,1049,1053,1050,-1,1050,1053,1054,-1,1055,1056,1057,-1,1055,1057,1058,-1,1058,1057,1054,-1,1058,1054,1053,-1,1055,1059,1056,-1,1056,1059,1060,-1,1061,1062,1063,-1,1061,1063,1064,-1,1064,1063,1065,-1,1064,1065,1066,-1,1066,1065,1067,-1,1066,1067,1068,-1,1068,1067,1069,-1,1068,1069,1070,-1,1070,1069,1071,-1,1070,1071,1072,-1,1072,1071,1073,-1,1072,1073,1074,-1,1074,1073,1075,-1,1074,1075,1076,-1,1076,1075,1077,-1,1076,1077,1078,-1,1078,1077,1079,-1,1078,1079,1080,-1,1080,1079,1081,-1,1080,1081,1082,-1,1082,1081,1083,-1,1082,1083,1084,-1,1084,1083,1085,-1,1084,1085,1086,-1,1086,1085,1087,-1,1086,1087,1088,-1,1088,1087,1089,-1,1088,1089,1090,-1,1090,1089,1060,-1,1090,1060,1059,-1,1061,1091,1062,-1,1062,1091,1092,-1,1093,1094,1095,-1,1093,1095,1096,-1,1096,1095,1092,-1,1096,1092,1091,-1,1093,1097,1094,-1,1094,1097,1098,-1,1099,1100,1101,-1,1099,1101,1102,-1,1102,1101,1098,-1,1102,1098,1097,-1,1100,1099,1103,-1,1103,1099,1104,-1,1103,1104,1105,-1,1106,1107,1108,-1,1106,1108,1109,-1,1109,1108,1110,-1,1109,1110,1111,-1,1111,1110,1105,-1,1111,1105,1104,-1,1106,1112,1107,-1,1107,1112,1113,-1,1112,1114,1113,-1,1113,1114,1115,-1,1116,1117,1118,-1,1116,1118,1119,-1,1119,1118,1120,-1,1119,1120,1121,-1,1121,1120,1122,-1,1121,1122,1123,-1,1123,1122,1124,-1,1123,1124,1125,-1,1125,1124,1126,-1,1125,1126,1127,-1,1127,1126,1128,-1,1127,1128,1129,-1,1129,1128,1130,-1,1129,1130,1131,-1,1131,1130,1132,-1,1131,1132,1133,-1,1133,1132,1134,-1,1133,1134,1135,-1,1135,1134,1136,-1,1135,1136,1137,-1,1137,1136,1115,-1,1137,1115,1114,-1,1116,1138,1117,-1,1117,1138,1139,-1,939,938,1140,-1,939,1140,1141,-1,1141,1140,1139,-1,1141,1139,1138,-1,988,991,1018,-1,1018,991,986,-1,1042,1044,983,-1,983,1044,1046,-1,983,1046,1048,-1,1030,983,1027,-1,1027,983,1052,-1,1086,1088,941,-1,1007,1009,994,-1,1048,1025,983,-1,983,1025,1021,-1,983,1021,986,-1,986,1021,1020,-1,986,1020,1018,-1,1055,1058,983,-1,1058,1053,983,-1,983,1053,1049,-1,983,1049,1052,-1,1030,1032,983,-1,983,1032,1034,-1,983,1034,1036,-1,943,981,946,-1,946,981,958,-1,946,958,953,-1,953,958,951,-1,1135,1137,1116,-1,1116,1137,1114,-1,1088,1090,941,-1,941,1090,1059,-1,941,1059,943,-1,943,1059,1055,-1,943,1055,981,-1,981,1055,983,-1,951,958,948,-1,948,958,956,-1,948,956,954,-1,988,1018,992,-1,992,1018,996,-1,992,996,994,-1,994,996,999,-1,994,999,1001,-1,1009,1011,1013,-1,1036,1038,983,-1,983,1038,1040,-1,983,1040,1042,-1,1070,1072,941,-1,941,1072,1074,-1,1080,1082,941,-1,941,1082,1084,-1,941,1084,1086,-1,1114,1112,1116,-1,1116,1112,1106,-1,1116,1106,1138,-1,1138,1106,1109,-1,1138,1109,1141,-1,1141,1109,1111,-1,1141,1111,939,-1,939,1111,1104,-1,939,1104,941,-1,941,1104,1099,-1,941,1099,1102,-1,1102,1097,941,-1,941,1097,1093,-1,941,1093,1096,-1,1013,1015,1009,-1,1009,1015,1017,-1,1009,1017,994,-1,961,977,958,-1,958,977,979,-1,958,979,956,-1,1074,1076,941,-1,941,1076,1078,-1,941,1078,1080,-1,1123,1125,1133,-1,1096,1091,941,-1,941,1091,1061,-1,941,1061,1064,-1,1001,1003,994,-1,994,1003,1005,-1,994,1005,1007,-1,961,963,977,-1,977,963,965,-1,977,965,975,-1,975,965,967,-1,967,969,975,-1,975,969,971,-1,975,971,973,-1,1123,1133,1121,-1,1064,1066,941,-1,941,1066,1068,-1,941,1068,1070,-1,1135,1116,1133,-1,1133,1116,1119,-1,1133,1119,1121,-1,1125,1127,1133,-1,1133,1127,1129,-1,1133,1129,1131,-1,1142,1143,1144,-1,1144,1143,1145,-1,1143,1146,1145,-1,1145,1146,1147,-1,1146,1148,1147,-1,1147,1148,1149,-1,1148,1150,1149,-1,1149,1150,1151,-1,1150,1152,1151,-1,1151,1152,1153,-1,1154,1155,1156,-1,1154,1156,1157,-1,1157,1156,1158,-1,1157,1158,1159,-1,1159,1158,1160,-1,1159,1160,1161,-1,1161,1160,1162,-1,1161,1162,1163,-1,1163,1162,1164,-1,1163,1164,1165,-1,1165,1164,1166,-1,1165,1166,1167,-1,1167,1166,1153,-1,1167,1153,1152,-1,1168,1169,1170,-1,1168,1170,1171,-1,1171,1170,1172,-1,1171,1172,1173,-1,1173,1172,1174,-1,1173,1174,1175,-1,1175,1174,1176,-1,1175,1176,1177,-1,1177,1176,1178,-1,1177,1178,1179,-1,1179,1178,1180,-1,1179,1180,1181,-1,1181,1180,1182,-1,1181,1182,1183,-1,1183,1182,1184,-1,1183,1184,1185,-1,1185,1184,1155,-1,1185,1155,1154,-1,1186,1187,1188,-1,1186,1188,1189,-1,1189,1188,1190,-1,1189,1190,1191,-1,1191,1190,1192,-1,1191,1192,1193,-1,1193,1192,1194,-1,1193,1194,1195,-1,1195,1194,1196,-1,1195,1196,1197,-1,1197,1196,1198,-1,1197,1198,1199,-1,1199,1198,1169,-1,1199,1169,1168,-1,1200,1201,1202,-1,1200,1202,1203,-1,1203,1202,1204,-1,1203,1204,1205,-1,1205,1204,1206,-1,1205,1206,1207,-1,1207,1206,1208,-1,1207,1208,1209,-1,1209,1208,1210,-1,1209,1210,1211,-1,1211,1210,1212,-1,1211,1212,1213,-1,1213,1212,1187,-1,1213,1187,1186,-1,1200,1214,1201,-1,1201,1214,1215,-1,1214,1216,1215,-1,1215,1216,1217,-1,1218,1219,1220,-1,1218,1220,1221,-1,1221,1220,1222,-1,1221,1222,1223,-1,1223,1222,1224,-1,1223,1224,1225,-1,1225,1224,1226,-1,1225,1226,1227,-1,1227,1226,1228,-1,1227,1228,1229,-1,1229,1228,1230,-1,1229,1230,1231,-1,1231,1230,1217,-1,1231,1217,1216,-1,1232,1233,1234,-1,1232,1234,1235,-1,1235,1234,1236,-1,1235,1236,1237,-1,1237,1236,1238,-1,1237,1238,1239,-1,1239,1238,1240,-1,1239,1240,1241,-1,1241,1240,1242,-1,1241,1242,1243,-1,1243,1242,1244,-1,1243,1244,1245,-1,1245,1244,1246,-1,1245,1246,1247,-1,1247,1246,1248,-1,1247,1248,1249,-1,1249,1248,1219,-1,1249,1219,1218,-1,1250,1251,1252,-1,1250,1252,1253,-1,1253,1252,1254,-1,1253,1254,1255,-1,1255,1254,1256,-1,1255,1256,1257,-1,1257,1256,1258,-1,1257,1258,1259,-1,1259,1258,1260,-1,1259,1260,1261,-1,1261,1260,1262,-1,1261,1262,1263,-1,1263,1262,1264,-1,1263,1264,1265,-1,1265,1264,1233,-1,1265,1233,1232,-1,1142,1144,1266,-1,1142,1266,1267,-1,1267,1266,1268,-1,1267,1268,1269,-1,1269,1268,1270,-1,1269,1270,1271,-1,1271,1270,1251,-1,1271,1251,1250,-1,1150,1148,1143,-1,1143,1148,1146,-1,1253,1185,1154,-1,1142,1159,1143,-1,1143,1159,1161,-1,1143,1161,1163,-1,1231,1216,1214,-1,1142,1267,1159,-1,1159,1267,1269,-1,1159,1269,1157,-1,1157,1269,1271,-1,1157,1271,1154,-1,1154,1271,1250,-1,1154,1250,1253,-1,1152,1150,1167,-1,1167,1150,1143,-1,1167,1143,1165,-1,1165,1143,1163,-1,1173,1175,1265,-1,1265,1175,1263,-1,1263,1175,1177,-1,1263,1177,1261,-1,1261,1177,1179,-1,1261,1179,1259,-1,1214,1200,1231,-1,1231,1200,1203,-1,1231,1203,1229,-1,1229,1203,1205,-1,1229,1205,1227,-1,1227,1205,1207,-1,1227,1207,1225,-1,1225,1207,1209,-1,1225,1209,1223,-1,1223,1209,1211,-1,1223,1211,1221,-1,1221,1211,1213,-1,1221,1213,1218,-1,1218,1213,1186,-1,1218,1186,1249,-1,1249,1186,1189,-1,1249,1189,1247,-1,1247,1189,1191,-1,1247,1191,1245,-1,1245,1191,1193,-1,1245,1193,1243,-1,1243,1193,1195,-1,1243,1195,1241,-1,1241,1195,1197,-1,1241,1197,1239,-1,1239,1197,1199,-1,1239,1199,1237,-1,1179,1181,1259,-1,1259,1181,1183,-1,1259,1183,1257,-1,1257,1183,1185,-1,1257,1185,1255,-1,1255,1185,1253,-1,1199,1168,1237,-1,1237,1168,1171,-1,1237,1171,1235,-1,1235,1171,1173,-1,1235,1173,1232,-1,1232,1173,1265,-1,1272,1273,1274,-1,1274,1273,1275,-1,1273,1276,1275,-1,1275,1276,1277,-1,1277,1276,1278,-1,1278,1276,1279,-1,1278,1279,1280,-1,1281,1282,1283,-1,1281,1283,1284,-1,1284,1283,1285,-1,1284,1285,1286,-1,1286,1285,1280,-1,1286,1280,1279,-1,1281,1287,1282,-1,1282,1287,1288,-1,1289,1290,1291,-1,1289,1291,1292,-1,1292,1291,1293,-1,1292,1293,1294,-1,1294,1293,1295,-1,1294,1295,1296,-1,1296,1295,1297,-1,1296,1297,1298,-1,1298,1297,1299,-1,1298,1299,1300,-1,1300,1299,1288,-1,1300,1288,1287,-1,1301,1302,1303,-1,1301,1303,1304,-1,1304,1303,1305,-1,1304,1305,1306,-1,1306,1305,1307,-1,1306,1307,1308,-1,1308,1307,1309,-1,1308,1309,1310,-1,1310,1309,1311,-1,1310,1311,1312,-1,1312,1311,1290,-1,1312,1290,1289,-1,1313,1314,1315,-1,1313,1315,1316,-1,1316,1315,1317,-1,1316,1317,1318,-1,1318,1317,1319,-1,1318,1319,1320,-1,1320,1319,1321,-1,1320,1321,1322,-1,1322,1321,1323,-1,1322,1323,1324,-1,1324,1323,1325,-1,1324,1325,1326,-1,1326,1325,1327,-1,1326,1327,1328,-1,1328,1327,1329,-1,1328,1329,1330,-1,1330,1329,1302,-1,1330,1302,1301,-1,1313,1331,1314,-1,1314,1331,1332,-1,1331,1333,1332,-1,1332,1333,1334,-1,1335,1336,1337,-1,1335,1337,1338,-1,1338,1337,1339,-1,1338,1339,1340,-1,1340,1339,1341,-1,1340,1341,1342,-1,1342,1341,1343,-1,1342,1343,1344,-1,1344,1343,1345,-1,1344,1345,1346,-1,1346,1345,1347,-1,1346,1347,1348,-1,1348,1347,1349,-1,1348,1349,1350,-1,1350,1349,1351,-1,1350,1351,1352,-1,1352,1351,1353,-1,1352,1353,1354,-1,1354,1353,1355,-1,1354,1355,1356,-1,1356,1355,1334,-1,1356,1334,1333,-1,1335,1357,1336,-1,1336,1357,1358,-1,1357,1359,1358,-1,1358,1359,1360,-1,1272,1274,1361,-1,1272,1361,1362,-1,1362,1361,1360,-1,1362,1360,1359,-1,1310,1312,1320,-1,1318,1320,1294,-1,1287,1346,1348,-1,1312,1289,1320,-1,1320,1289,1292,-1,1320,1292,1294,-1,1294,1296,1318,-1,1318,1296,1298,-1,1318,1298,1316,-1,1316,1298,1300,-1,1359,1357,1287,-1,1357,1335,1287,-1,1287,1335,1338,-1,1287,1338,1340,-1,1287,1354,1356,-1,1276,1273,1279,-1,1279,1273,1272,-1,1279,1272,1286,-1,1286,1272,1362,-1,1286,1362,1284,-1,1284,1362,1359,-1,1284,1359,1281,-1,1281,1359,1287,-1,1340,1342,1287,-1,1287,1342,1344,-1,1287,1344,1346,-1,1304,1306,1320,-1,1320,1306,1308,-1,1320,1308,1310,-1,1348,1350,1287,-1,1287,1350,1352,-1,1287,1352,1354,-1,1356,1333,1287,-1,1287,1333,1331,-1,1287,1331,1300,-1,1300,1331,1313,-1,1300,1313,1316,-1,1320,1322,1304,-1,1304,1322,1324,-1,1304,1324,1326,-1,1326,1328,1304,-1,1304,1328,1330,-1,1304,1330,1301,-1,
        ]
    }
}
Shape{
    appearance Appearance {
        material  Material 	{
            diffuseColor 0.25098039215686274 0.25098039215686274 0.25098039215686274
            specularColor 0.12549019607843137 0.12549019607843137 0.12549019607843137
            ambientIntensity 0.251
            transparency 0.0
            shininess 0.5
        }
    }
    geometry IndexedFaceSet {
        ccw TRUE
        solid FALSE
        coord DEF co Coordinate {
            point [
                -0.1415 0.2099 0.0, -0.1491 0.2026 0.0, -0.131 0.2821 0.0, -0.1126 0.1989 0.0, -0.1237 0.2012 0.0, -0.1318 0.2037 0.0, -0.1344 0.2051 0.0, -0.0052 0.2872 0.0, -0.0052 0.1374 0.0, -0.0106 0.2895 0.0, -0.0096 0.1373 0.0, -0.014 0.1374 0.0, -0.0264 0.1389 0.0, -0.0351 0.14 0.0, -0.0436 0.2914 0.0, -0.0612 0.2627 0.0, -0.0583 0.2754 0.0, -0.0349 0.2932 0.0, -0.0226 0.2922 0.0, -0.0635 0.23 0.0, -0.0631 0.1909 0.0, -0.0415 0.1416 0.0, -0.046 0.1436 0.0, -0.0494 0.1463 0.0, -0.0527 0.1505 0.0, -0.0586 0.1639 0.0, -0.0553 0.2819 0.0, -0.0516 0.2868 0.0, -0.0484 0.2893 0.0
            ]
        }
        coordIndex [
            0,1,2,-1,2,3,4,-1,4,5,2,-1,2,5,6,-1,2,6,0,-1,7,8,9,-1,9,8,10,-1,10,11,9,-1,9,11,12,-1,9,12,13,-1,14,15,16,-1,14,17,15,-1,15,17,18,-1,15,18,19,-1,19,18,9,-1,19,9,20,-1,13,21,9,-1,9,21,22,-1,9,22,23,-1,23,24,9,-1,9,24,25,-1,9,25,20,-1,16,26,14,-1,14,26,27,-1,14,27,28,-1,
        ]
    }
}
Shape{
    appearance Appearance {
        material  Material 	{
            diffuseColor 0.7529411764705882 0.7529411764705882 0.7529411764705882
            specularColor 0.6039215686274509 0.6039215686274509 0.6039215686274509
            ambientIntensity 0.3765
            transparency 0.0
            shininess 0.5
        }
    }
    geometry IndexedFaceSet {
        ccw TRUE
        solid FALSE
        coord DEF co Coordinate {
            point [
                0.5205 0.4346 0.5489, 0.5205 0.4346 0.2677, 0.5205 0.435 0.5433, 0.5205 0.435 0.2677, 0.1662 0.435 0.2677, 0.1662 0.4346 0.2677, 0.1662 0.435 0.0, 0.1662 0.4346 0.0, -0.1662 0.435 0.2677, -0.1662 0.435 0.0, -0.1662 0.4346 0.2677, -0.1662 0.4346 0.0, -0.5205 0.435 0.2677, -0.5205 0.4346 0.2677, -0.5205 0.435 0.5433, 0.1236 0.435 0.0, 0.0802 0.435 0.0, 0.0245 0.435 0.0, -0.0809 0.435 0.0, 0.531 0.4337 0.5535, 0.531 0.4346 0.5489, -0.5205 0.4337 0.5535, -0.5205 0.4298 0.563, 0.531 0.4298 0.563, -0.5205 0.4235 0.5711, 0.531 0.4235 0.5711, -0.5205 0.4153 0.5774, 0.531 0.4153 0.5774, -0.5205 0.4059 0.5813, 0.531 0.4059 0.5813, -0.5205 0.3957 0.5827, 0.531 0.3957 0.5827, -0.1662 -0.6681 0.2677, -0.5205 -0.6681 0.2677, -0.1662 -0.6677 0.2677, -0.5205 -0.6677 0.2677, -0.1662 -0.6681 0.0, -0.1662 -0.6677 0.0, 0.1662 -0.6681 0.2677, 0.1662 -0.6681 0.0, 0.1662 -0.6677 0.2677, 0.1662 -0.6677 0.0, 0.5205 -0.6681 0.2677, 0.5205 -0.6677 0.2677, 0.5205 -0.6681 0.5433, 0.5205 -0.6677 0.5489, -0.5205 -0.6681 0.5433, 0.1236 -0.6681 0.0, 0.0802 -0.6681 0.0, -0.0809 -0.6681 0.0, 0.0245 -0.6681 0.0, 0.531 -0.6677 0.5489, 0.531 -0.6668 0.5535, -0.5205 -0.6668 0.5535, 0.531 -0.6628 0.563, -0.5205 -0.6628 0.563, 0.531 -0.6566 0.5711, -0.5205 -0.6566 0.5711, 0.531 -0.6484 0.5774, -0.5205 -0.6484 0.5774, 0.531 -0.6389 0.5813, -0.5205 -0.6389 0.5813, 0.531 -0.6287 0.5827, -0.5205 -0.6287 0.5827, -0.4134 0.0409 0.5039, -0.2559 0.1984 0.5039, -0.4134 0.0409 0.5827, -0.2559 0.1984 0.5827, 0.2559 0.1984 0.5039, 0.2559 0.1984 0.5827, 0.4134 0.0409 0.5039, 0.4134 0.0409 0.5827, 0.4134 -0.274 0.5039, 0.4134 -0.274 0.5827, 0.2559 -0.4315 0.5039, 0.2559 -0.4315 0.5827, -0.2559 -0.4315 0.5039, -0.2559 -0.4315 0.5827, -0.4134 -0.274 0.5039, -0.4134 -0.274 0.5827
            ]
        }
        coordIndex [
            0,1,2,-1,2,1,3,-1,4,3,5,-1,5,3,1,-1,6,4,7,-1,7,4,5,-1,8,9,10,-1,10,9,11,-1,12,8,13,-1,13,8,10,-1,14,2,3,-1,3,4,14,-1,14,4,8,-1,14,8,12,-1,4,6,15,-1,15,16,4,-1,4,16,17,-1,4,17,8,-1,8,17,18,-1,8,18,9,-1,2,14,0,-1,0,14,19,-1,0,19,20,-1,14,21,19,-1,19,21,22,-1,19,22,23,-1,23,22,24,-1,23,24,25,-1,25,24,26,-1,25,26,27,-1,27,26,28,-1,27,28,29,-1,29,28,30,-1,29,30,31,-1,32,33,34,-1,34,33,35,-1,36,32,37,-1,37,32,34,-1,38,39,40,-1,40,39,41,-1,42,38,43,-1,43,38,40,-1,42,43,44,-1,44,43,45,-1,44,46,33,-1,47,39,38,-1,47,38,48,-1,33,32,44,-1,44,32,38,-1,44,38,42,-1,32,36,49,-1,32,49,38,-1,38,49,50,-1,38,50,48,-1,45,51,52,-1,46,44,53,-1,53,44,45,-1,45,52,53,-1,53,52,54,-1,53,54,55,-1,55,54,56,-1,55,56,57,-1,57,56,58,-1,57,58,59,-1,59,58,60,-1,59,60,61,-1,61,60,62,-1,61,62,63,-1,64,65,66,-1,66,65,67,-1,65,68,67,-1,67,68,69,-1,68,70,69,-1,69,70,71,-1,70,72,71,-1,71,72,73,-1,72,74,73,-1,73,74,75,-1,74,76,75,-1,75,76,77,-1,76,78,77,-1,77,78,79,-1,78,64,79,-1,79,64,66,-1,
        ]
    }
}
Shape{
    appearance Appearance {
        material  Material 	{
            diffuseColor 0.25098039215686274 0.25098039215686274 0.25098039215686274
            specularColor 0.12549019607843137 0.12549019607843137 0.12549019607843137
            ambientIntensity 0.251
            transparency 0.0
            shininess 0.5
        }
    }
    geometry IndexedFaceSet {
        ccw TRUE
        solid FALSE
        coord DEF co Coordinate {
            point [
                0.2396 0.1591 0.7087, 0.2396 0.1591 0.5039, -0.2396 0.1591 0.7087, -0.2396 0.1591 0.5039, -0.374 0.0246 0.7087, -0.374 0.0246 0.5039, -0.374 -0.2577 0.7087, -0.374 -0.2577 0.5039, -0.2396 -0.3921 0.7087, -0.2396 -0.3921 0.5039, 0.2396 -0.3921 0.7087, 0.2396 -0.3921 0.5039, 0.374 -0.2577 0.7087, 0.374 -0.2577 0.5039, 0.374 0.0246 0.7087, 0.374 0.0246 0.5039, 0.2233 -0.3528 0.748, 0.3346 -0.2414 0.748, -0.2233 -0.3528 0.748, 0.3346 0.0083 0.748, -0.3346 -0.2414 0.748, 0.2233 0.1197 0.748, -0.2233 0.1197 0.748, -0.3346 0.0083 0.748, -0.3687 -0.2555 0.7283, -0.2374 -0.3869 0.7283, -0.2362 -0.384 0.7326, -0.3659 -0.2543 0.7326, -0.2348 -0.3806 0.7365, -0.3625 -0.2529 0.7365, -0.2314 -0.3724 0.7428, -0.3543 -0.2496 0.7428, -0.2275 -0.363 0.7467, -0.3448 -0.2456 0.7467, -0.2384 -0.3891 0.7237, -0.371 -0.2565 0.7237, -0.239 -0.3908 0.7189, -0.3727 -0.2572 0.7189, -0.3737 -0.2576 0.7138, -0.2395 -0.3918 0.7138, 0.2374 -0.3869 0.7283, 0.2362 -0.384 0.7326, 0.2348 -0.3806 0.7365, 0.2314 -0.3724 0.7428, 0.2275 -0.363 0.7467, 0.2384 -0.3891 0.7237, 0.239 -0.3908 0.7189, 0.2395 -0.3918 0.7138, -0.3737 0.0245 0.7138, -0.3727 0.0241 0.7189, -0.371 0.0234 0.7237, -0.3687 0.0224 0.7283, -0.3659 0.0213 0.7326, -0.3625 0.0199 0.7365, -0.3543 0.0165 0.7428, -0.3448 0.0125 0.7467, 0.3687 -0.2555 0.7283, 0.3659 -0.2543 0.7326, 0.3625 -0.2529 0.7365, 0.3543 -0.2496 0.7428, 0.3448 -0.2456 0.7467, 0.371 -0.2565 0.7237, 0.3727 -0.2572 0.7189, 0.3737 -0.2576 0.7138, -0.2395 0.1587 0.7138, -0.239 0.1577 0.7189, -0.2384 0.1561 0.7237, -0.2374 0.1538 0.7283, -0.2362 0.1509 0.7326, -0.2348 0.1475 0.7365, -0.2314 0.1394 0.7428, -0.2275 0.1299 0.7467, 0.3543 0.0165 0.7428, 0.3448 0.0125 0.7467, 0.3737 0.0245 0.7138, 0.3727 0.0241 0.7189, 0.371 0.0234 0.7237, 0.3687 0.0224 0.7283, 0.3659 0.0213 0.7326, 0.3625 0.0199 0.7365, 0.2395 0.1587 0.7138, 0.239 0.1577 0.7189, 0.2384 0.1561 0.7237, 0.2374 0.1538 0.7283, 0.2362 0.1509 0.7326, 0.2348 0.1475 0.7365, 0.2314 0.1394 0.7428, 0.2275 0.1299 0.7467
            ]
        }
        coordIndex [
            0,1,2,-1,2,1,3,-1,2,3,4,-1,4,3,5,-1,4,5,6,-1,6,5,7,-1,6,7,8,-1,8,7,9,-1,8,9,10,-1,10,9,11,-1,10,11,12,-1,12,11,13,-1,12,13,14,-1,14,13,15,-1,14,15,0,-1,0,15,1,-1,16,17,18,-1,18,17,19,-1,18,19,20,-1,21,22,19,-1,19,22,23,-1,19,23,20,-1,24,25,26,-1,24,26,27,-1,27,26,28,-1,27,28,29,-1,29,28,30,-1,29,30,31,-1,31,30,32,-1,31,32,33,-1,33,32,18,-1,33,18,20,-1,25,24,34,-1,34,24,35,-1,34,35,36,-1,35,37,36,-1,36,37,38,-1,36,38,39,-1,39,38,6,-1,39,6,8,-1,25,40,41,-1,25,41,26,-1,26,41,42,-1,26,42,28,-1,28,42,43,-1,28,43,30,-1,30,43,44,-1,30,44,32,-1,32,44,16,-1,32,16,18,-1,40,25,45,-1,45,25,34,-1,45,34,46,-1,34,36,46,-1,46,36,39,-1,46,39,47,-1,47,39,8,-1,47,8,10,-1,4,6,38,-1,4,38,48,-1,48,38,37,-1,48,37,49,-1,49,37,50,-1,50,37,35,-1,50,35,51,-1,35,24,51,-1,51,24,27,-1,51,27,52,-1,52,27,29,-1,52,29,53,-1,53,29,31,-1,53,31,54,-1,54,31,33,-1,54,33,55,-1,55,33,20,-1,55,20,23,-1,40,56,57,-1,40,57,41,-1,41,57,58,-1,41,58,42,-1,42,58,59,-1,42,59,43,-1,43,59,60,-1,43,60,44,-1,44,60,17,-1,44,17,16,-1,56,40,61,-1,61,40,45,-1,61,45,62,-1,45,46,62,-1,62,46,47,-1,62,47,63,-1,63,47,10,-1,63,10,12,-1,2,4,48,-1,2,48,64,-1,64,48,49,-1,64,49,65,-1,65,49,66,-1,66,49,50,-1,66,50,67,-1,67,50,51,-1,67,51,68,-1,68,51,52,-1,68,52,69,-1,52,53,69,-1,69,53,54,-1,69,54,70,-1,70,54,55,-1,70,55,71,-1,71,55,23,-1,71,23,22,-1,58,72,59,-1,59,72,73,-1,59,73,60,-1,60,73,19,-1,60,19,17,-1,12,14,63,-1,63,14,74,-1,63,74,62,-1,62,74,75,-1,62,75,61,-1,61,75,76,-1,61,76,56,-1,56,76,77,-1,56,77,57,-1,57,77,78,-1,57,78,58,-1,58,78,79,-1,58,79,72,-1,0,2,64,-1,0,64,80,-1,80,64,65,-1,80,65,81,-1,81,65,66,-1,81,66,82,-1,82,66,67,-1,82,67,83,-1,83,67,84,-1,84,67,68,-1,84,68,85,-1,68,69,85,-1,85,69,70,-1,85,70,86,-1,86,70,71,-1,86,71,87,-1,87,71,22,-1,87,22,21,-1,21,19,73,-1,21,73,87,-1,87,73,72,-1,87,72,86,-1,86,72,79,-1,86,79,85,-1,85,79,84,-1,84,79,78,-1,84,78,83,-1,83,78,77,-1,83,77,82,-1,82,77,76,-1,82,76,81,-1,76,75,81,-1,81,75,74,-1,81,74,80,-1,80,74,14,-1,80,14,0,-1,
        ]
    }
}