#VRML V2.0 utf8
# 3D model generated by easyeda2kicad.py (https://github.com/uPesy/easyeda2kicad.py)

Shape{
    appearance Appearance {
        material  Material 	{
            diffuseColor 0.2235294117647059 0.2235294117647059 0.2235294117647059
            specularColor 0.11372549019607843 0.11372549019607843 0.11372549019607843
            ambientIntensity 0.2235
            transparency 0.0
            shininess 0.5
        }
    }
    geometry IndexedFaceSet {
        ccw TRUE
        solid FALSE
        coord DEF co Coordinate {
            point [
                -4.0788 -1.8819 0.0394, -4.0788 -0.2302 0.0394, -4.0157 -1.945 0.0394, 0.253 0.1275 0.0394, 0.2918 0.1232 0.0394, 0.1679 -0.1681 0.0394, 0.2426 -0.2302 0.0394, 0.1224 -0.2302 0.0394, 0.2028 -0.2246 0.0394, 0.1608 -0.2074 0.0394, 0.3558 -0.2144 0.0394, 0.4873 -0.2278 0.0394, 0.3177 -0.2276 0.0394, 0.2923 -0.2302 0.0394, 0.2052 0.1213 0.0394, 0.1608 -0.1642 0.0394, 0.1608 0.1023 0.0394, 0.1224 1.945 0.0394, 0.1608 0.1551 0.0394, 0.3212 0.1125 0.0394, 0.3485 0.0943 0.0394, 0.3723 0.068 0.0394, 0.4009 -0.0351 0.0394, 0.3969 -0.0778 0.0394, 0.3862 -0.1116 0.0394, 0.2986 -0.1853 0.0394, 0.2619 -0.1894 0.0394, 0.3273 -0.1747 0.0394, 0.3514 -0.1584 0.0394, 0.3699 -0.1389 0.0394, 0.2096 -0.1836 0.0394, 4.0651 1.9212 0.0394, 0.6889 -0.2278 0.0394, 4.0551 1.9312 0.0394, 4.0431 1.9387 0.0394, 0.4329 0.0622 0.0394, 0.4098 0.099 0.0394, 0.6361 0.1659 0.0394, 0.6889 0.1659 0.0394, 4.0157 1.945 0.0394, 4.0298 1.9434 0.0394, 0.3885 0.0376 0.0394, 0.399 -0.0045 0.0394, 4.0788 1.8819 0.0394, 4.0788 -0.2302 0.0394, 4.0773 1.8959 0.0394, 4.0726 1.9093 0.0394, 0.3875 -0.1942 0.0394, 0.4171 -0.1631 0.0394, 0.4873 -0.1846 0.0394, 0.438 -0.1256 0.0394, 0.6361 -0.1846 0.0394, 0.3743 0.1332 0.0394, 0.3369 0.1547 0.0394, 0.293 0.1675 0.0394, 0.4499 -0.084 0.0394, 0.4537 -0.0384 0.0394, 0.448 0.0176 0.0394, 0.2535 0.1707 0.0394, 0.2063 0.1675 0.0394, 0.2584 -0.2324 0.0394, 0.2691 -0.2326 0.0394, 0.1224 -1.945 0.0394, 4.0157 -1.945 0.0394, 4.0788 -1.8819 0.0394, 4.0773 -1.8959 0.0394, 4.0651 -1.9212 0.0394, 4.0551 -1.9312 0.0394, 4.0431 -1.9387 0.0394, 4.0726 -1.9093 0.0394, 4.0298 -1.9434 0.0394, -4.0604 -1.9265 0.0394, -4.0473 -1.9365 0.0394, -4.0321 -1.9428 0.0394, -4.0704 -1.9134 0.0394, -4.0767 -1.8982 0.0394, -0.5498 -0.2278 0.0394, -0.5013 -0.1199 0.0394, -0.4787 -0.1551 0.0394, -0.1273 -0.2278 0.0394, 0.084 -0.2278 0.0394, 0.084 0.1659 0.0394, -0.1177 0.1659 0.0394, -4.0157 1.945 0.0394, -4.0321 1.9428 0.0394, -0.7514 0.1659 0.0394, -0.4463 -0.1861 0.0394, -0.4052 -0.21 0.0394, -0.3599 -0.2235 0.0394, -0.6986 0.1659 0.0394, 0.0312 0.1227 0.0394, 0.0312 -0.0069 0.0394, -0.1177 0.1227 0.0394, -0.1081 -0.0069 0.0394, -0.2041 0.1659 0.0394, -0.1081 -0.0501 0.0394, 0.0312 -0.0501 0.0394, 0.0312 -0.1846 0.0394, -0.1273 -0.1846 0.0394, -0.2041 -0.2278 0.0394, -0.3111 -0.2278 0.0394, -0.3721 0.1598 0.0394, -0.4181 0.1437 0.0394, -0.461 0.1149 0.0394, -0.9051 -0.2278 0.0394, -0.8475 -0.2278 0.0394, -0.4614 0.1146 0.0394, -0.4892 0.0837 0.0394, -0.5075 0.0499 0.0394, -0.5181 0.0111 0.0394, -0.521 -0.026 0.0394, -0.5154 -0.0787 0.0394, -0.3152 0.1659 0.0394, -4.0788 1.8819 0.0394, -4.0767 1.8982 0.0394, -4.0704 1.9134 0.0394, -0.8076 -0.1174 0.0394, -0.645 -0.1174 0.0394, -0.6074 -0.2278 0.0394, -4.0604 1.9265 0.0394, -4.0473 1.9365 0.0394, 4.0157 1.9842 0.0753, 4.0157 2.0 0.2559, 4.042 1.997 0.2559, 4.0385 1.9816 0.0753, 4.0462 1.9956 0.2559, 4.0601 1.9741 0.0753, 4.067 1.9883 0.2559, 4.0745 1.9836 0.2559, 4.0795 1.9619 0.0753, 4.0894 1.9742 0.2559, 4.0987 1.9649 0.2559, 4.0957 1.9457 0.0753, 4.1081 1.9555 0.2559, 4.1175 1.9406 0.2559, 4.1079 1.9263 0.0753, 4.1222 1.9331 0.2559, 4.1294 1.9123 0.2559, 4.1155 1.9047 0.0753, 4.1309 1.9082 0.2559, 4.1339 1.8819 0.2559, 4.1181 1.8819 0.0753, 4.1181 -1.8819 0.0753, 4.1339 -1.8819 0.2559, 4.1309 -1.9082 0.2559, 4.1155 -1.9047 0.0753, 4.1222 -1.9331 0.2559, 4.1079 -1.9263 0.0753, 4.1081 -1.9555 0.2559, 4.0957 -1.9457 0.0753, 4.0894 -1.9742 0.2559, 4.0795 -1.9619 0.0753, 4.067 -1.9883 0.2559, 4.0601 -1.9741 0.0753, 4.042 -1.997 0.2559, 4.0385 -1.9816 0.0753, 4.0157 -2.0 0.2559, 4.0157 -1.9842 0.0753, 3.8268 -2.0 0.2559, 2.6654 -1.9948 0.1969, 2.6654 -2.0 0.2559, 2.3268 -2.0 0.2559, -0.3346 -1.9948 0.1969, -0.3346 -2.0 0.2559, -0.6732 -2.0 0.2559, 3.6654 -2.0 0.2559, 3.3268 -2.0 0.2559, 3.6654 -1.9948 0.1969, 3.3268 -1.9948 0.1969, 0.6654 -1.9948 0.1969, 0.6654 -2.0 0.2559, 0.3268 -2.0 0.2559, -2.1732 -1.9948 0.1969, -2.3346 -1.9948 0.1969, -4.0157 -1.9842 0.0753, 1.6654 -1.9948 0.1969, 1.6654 -2.0 0.2559, 1.3268 -2.0 0.2559, -0.6732 -1.9948 0.1969, -0.8346 -1.9948 0.1969, -1.8346 -1.9948 0.1969, -1.8346 -2.0 0.2559, -2.1732 -2.0 0.2559, -1.3346 -1.9948 0.1969, -1.1732 -1.9948 0.1969, -1.1732 -2.0 0.2559, -0.8346 -2.0 0.2559, -1.6732 -1.9948 0.1969, -1.6732 -2.0 0.2559, -1.3346 -2.0 0.2559, -3.1732 -1.9948 0.1969, -3.3346 -1.9948 0.1969, 3.8268 -1.9948 0.1969, 3.1654 -1.9948 0.1969, 0.3268 -1.9948 0.1969, 0.1654 -1.9948 0.1969, -0.1732 -1.9948 0.1969, -0.1732 -2.0 0.2559, 0.1654 -2.0 0.2559, -2.8346 -1.9948 0.1969, -2.8346 -2.0 0.2559, -3.1732 -2.0 0.2559, 2.3268 -1.9948 0.1969, 2.1654 -1.9948 0.1969, 1.3268 -1.9948 0.1969, 1.1654 -1.9948 0.1969, -2.6732 -1.9948 0.1969, -2.6732 -2.0 0.2559, -2.3346 -2.0 0.2559, -3.8346 -2.0 0.2559, -4.0157 -2.0 0.2559, -3.8346 -1.9948 0.1969, -3.6732 -1.9948 0.1969, -3.6732 -2.0 0.2559, -3.3346 -2.0 0.2559, 2.8268 -1.9948 0.1969, 2.8268 -2.0 0.2559, 3.1654 -2.0 0.2559, 1.8268 -1.9948 0.1969, 1.8268 -2.0 0.2559, 2.1654 -2.0 0.2559, 0.8268 -1.9948 0.1969, 0.8268 -2.0 0.2559, 1.1654 -2.0 0.2559, -4.0463 -1.996 0.2559, -4.0422 -1.9807 0.0753, -4.0748 -1.9842 0.2559, -4.0669 -1.9705 0.0753, -4.0993 -1.9654 0.2559, -4.0881 -1.9542 0.0753, -4.118 -1.9409 0.2559, -4.1044 -1.933 0.0753, -4.1298 -1.9125 0.2559, -4.1146 -1.9084 0.0753, -4.1339 -1.8819 0.2559, -4.1181 -1.8819 0.0753, -4.1181 1.8819 0.0753, -4.1339 1.8819 0.2559, -4.1298 1.9125 0.2559, -4.1146 1.9084 0.0753, -4.118 1.9409 0.2559, -4.1044 1.933 0.0753, -4.0993 1.9654 0.2559, -4.0881 1.9542 0.0753, -4.0748 1.9842 0.2559, -4.0669 1.9705 0.0753, -4.0463 1.996 0.2559, -4.0422 1.9807 0.0753, -4.0157 2.0 0.2559, -4.0157 1.9842 0.0753, 0.8268 1.9948 0.1969, 0.8268 2.0 0.2559, 1.1654 2.0 0.2559, -3.8346 2.0 0.2559, -3.8346 1.9948 0.1969, -3.6732 1.9948 0.1969, -3.6732 2.0 0.2559, -3.3346 2.0 0.2559, -3.3346 1.9948 0.1969, -3.1732 1.9948 0.1969, -3.1732 2.0 0.2559, -2.8346 2.0 0.2559, -2.8346 1.9948 0.1969, -2.6732 1.9948 0.1969, -2.6732 2.0 0.2559, -2.3346 2.0 0.2559, -2.3346 1.9948 0.1969, -2.1732 1.9948 0.1969, 3.3268 1.9948 0.1969, 3.3268 2.0 0.2559, 3.6654 2.0 0.2559, -2.1732 2.0 0.2559, -1.8346 2.0 0.2559, -1.8346 1.9948 0.1969, -1.6732 1.9948 0.1969, -1.6732 2.0 0.2559, -1.3346 2.0 0.2559, -1.3346 1.9948 0.1969, -1.1732 1.9948 0.1969, -1.1732 2.0 0.2559, -0.8346 2.0 0.2559, -0.8346 1.9948 0.1969, -0.6732 1.9948 0.1969, -0.1732 2.0 0.2559, 0.1654 2.0 0.2559, -0.1732 1.9948 0.1969, 0.1654 1.9948 0.1969, 3.8268 2.0 0.2559, 3.8268 1.9948 0.1969, 3.6654 1.9948 0.1969, 1.1654 1.9948 0.1969, 1.3268 1.9948 0.1969, 0.6654 1.9948 0.1969, 0.3268 1.9948 0.1969, 0.6654 2.0 0.2559, 0.3268 2.0 0.2559, -0.6732 2.0 0.2559, -0.3346 2.0 0.2559, -0.3346 1.9948 0.1969, 1.3268 2.0 0.2559, 1.6654 2.0 0.2559, 1.6654 1.9948 0.1969, 1.8268 1.9948 0.1969, 1.8268 2.0 0.2559, 2.1654 2.0 0.2559, 2.1654 1.9948 0.1969, 2.3268 1.9948 0.1969, 2.3268 2.0 0.2559, 2.6654 2.0 0.2559, 2.6654 1.9948 0.1969, 2.8268 1.9948 0.1969, 2.8268 2.0 0.2559, 3.1654 2.0 0.2559, 3.1654 1.9948 0.1969, 4.1181 1.8819 0.4365, 4.1146 1.9084 0.4365, 4.1044 1.933 0.4365, 4.0881 1.9542 0.4365, 4.0669 1.9705 0.4365, 4.0422 1.9807 0.4365, 4.0157 1.9842 0.4365, 1.1654 1.9997 0.2598, 0.8268 1.9997 0.2598, 0.6654 1.9997 0.2598, -4.0157 1.9842 0.4365, 3.6654 1.9997 0.2598, 3.3268 1.9997 0.2598, -1.6732 1.9997 0.2598, -1.8346 1.9997 0.2598, 2.6654 1.9997 0.2598, 1.8268 1.9997 0.2598, 1.6654 1.9997 0.2598, -1.3346 1.9997 0.2598, 2.1654 1.9997 0.2598, 1.3268 1.9997 0.2598, -0.3346 1.9997 0.2598, -2.3346 1.9997 0.2598, -2.1732 1.9997 0.2598, -0.6732 1.9997 0.2598, -0.8346 1.9997 0.2598, -2.8346 1.9997 0.2598, 2.3268 1.9997 0.2598, 0.3268 1.9997 0.2598, 0.1654 1.9997 0.2598, -0.1732 1.9997 0.2598, -3.1732 1.9997 0.2598, -3.3346 1.9997 0.2598, -1.1732 1.9997 0.2598, -2.6732 1.9997 0.2598, 3.8268 1.9997 0.2598, 3.1654 1.9997 0.2598, -3.8346 1.9997 0.2598, -3.6732 1.9997 0.2598, 2.8268 1.9997 0.2598, -4.0422 1.9807 0.4365, -4.0669 1.9705 0.4365, -4.0881 1.9542 0.4365, -4.1044 1.933 0.4365, -4.1146 1.9084 0.4365, -4.1181 1.8819 0.4365, -4.1181 -1.8819 0.4365, -4.1146 -1.9084 0.4365, -4.1044 -1.933 0.4365, -4.0881 -1.9542 0.4365, -4.0669 -1.9705 0.4365, -4.0422 -1.9807 0.4365, -4.0157 -1.9842 0.4365, -3.6732 -1.9997 0.2598, -3.3346 -1.9997 0.2598, -2.6732 -1.9997 0.2598, -1.6732 -1.9997 0.2598, -2.3346 -1.9997 0.2598, -2.1732 -1.9997 0.2598, 4.0157 -1.9842 0.4365, -1.3346 -1.9997 0.2598, -1.1732 -1.9997 0.2598, -0.1732 -1.9997 0.2598, -3.8346 -1.9997 0.2598, -3.1732 -1.9997 0.2598, -1.8346 -1.9997 0.2598, 0.1654 -1.9997 0.2598, 0.3268 -1.9997 0.2598, -0.8346 -1.9997 0.2598, -0.6732 -1.9997 0.2598, -0.3346 -1.9997 0.2598, 1.1654 -1.9997 0.2598, 1.3268 -1.9997 0.2598, -2.8346 -1.9997 0.2598, 1.8268 -1.9997 0.2598, 0.8268 -1.9997 0.2598, 2.1654 -1.9997 0.2598, 2.3268 -1.9997 0.2598, 0.6654 -1.9997 0.2598, 2.8268 -1.9997 0.2598, 1.6654 -1.9997 0.2598, 3.1654 -1.9997 0.2598, 3.3268 -1.9997 0.2598, 2.6654 -1.9997 0.2598, 3.8268 -1.9997 0.2598, 3.6654 -1.9997 0.2598, 4.0385 -1.9816 0.4365, 4.0601 -1.9741 0.4365, 4.0795 -1.9619 0.4365, 4.0957 -1.9457 0.4365, 4.1079 -1.9263 0.4365, 4.1155 -1.9047 0.4365, 4.1181 -1.8819 0.4365, 4.0773 -1.8959 0.4724, 4.0788 -1.8819 0.4724, 4.0157 -1.945 0.4724, -3.4458 -1.5622 0.4724, -3.4525 -1.6131 0.4724, 4.0431 -1.9387 0.4724, 4.0551 -1.9312 0.4724, 4.0651 -1.9212 0.4724, -3.4721 -1.6606 0.4724, -3.5034 -1.7014 0.4724, -3.6426 -1.759 0.4724, -4.0157 -1.945 0.4724, -3.5917 -1.7523 0.4724, -3.5442 -1.7326 0.4724, -3.5442 -1.3917 0.4724, 4.0157 1.945 0.4724, -3.5917 -1.372 0.4724, -4.0157 1.945 0.4724, -3.6426 -1.3653 0.4724, 4.0298 -1.9434 0.4724, -3.7818 -1.423 0.4724, -3.741 -1.3917 0.4724, -4.0788 1.8819 0.4724, -3.6936 -1.372 0.4724, 4.0704 1.9134 0.4724, 4.0604 1.9265 0.4724, -3.4525 -1.5112 0.4724, 4.0726 -1.9093 0.4724, 4.0767 1.8982 0.4724, -3.5034 -1.423 0.4724, -3.4721 -1.4637 0.4724, 4.0321 1.9428 0.4724, 4.0473 1.9365 0.4724, -3.8328 -1.6131 0.4724, -4.0788 -1.8819 0.4724, -3.8131 -1.6606 0.4724, -4.0767 -1.8982 0.4724, -4.0704 -1.9134 0.4724, -3.6936 -1.7523 0.4724, -3.741 -1.7326 0.4724, -4.0321 -1.9428 0.4724, -3.7818 -1.7014 0.4724, -4.0473 -1.9365 0.4724, -4.0604 -1.9265 0.4724, -3.8395 -1.5622 0.4724, -3.8328 -1.5112 0.4724, -3.8131 -1.4637 0.4724, 4.0788 1.8819 0.4724, -4.0321 1.9428 0.4724, -4.0473 1.9365 0.4724, -4.0604 1.9265 0.4724, -4.0704 1.9134 0.4724, -4.0767 1.8982 0.4724, 4.0157 -1.9546 0.0406, -4.0157 -1.9546 0.0406, 4.0157 -1.9637 0.0441, -4.0157 -1.9637 0.0441, 4.0157 -1.9716 0.0497, -4.0157 -1.9716 0.0497, 4.0157 -1.9779 0.0571, -4.0157 -1.9779 0.0571, 4.0157 -1.9822 0.0658, -4.0157 -1.9822 0.0658, 4.0381 -1.9797 0.0658, 4.0371 -1.9755 0.0571, 4.0357 -1.9693 0.0497, 4.0339 -1.9616 0.0441, 4.0319 -1.9528 0.0406, 4.0473 -1.9474 0.0406, 4.0611 -1.9387 0.0406, 4.0726 -1.9272 0.0406, 4.0813 -1.9134 0.0406, 4.0866 -1.8981 0.0406, 4.0885 -1.8819 0.0406, 4.0512 -1.9556 0.0441, 4.0667 -1.9458 0.0441, 4.0797 -1.9329 0.0441, 4.0894 -1.9174 0.0441, 4.0955 -1.9001 0.0441, 4.0975 -1.8819 0.0441, 4.0547 -1.9627 0.0497, 4.0717 -1.952 0.0497, 4.0859 -1.9378 0.0497, 4.0966 -1.9208 0.0497, 4.1032 -1.9018 0.0497, 4.1054 -1.8819 0.0497, 4.0574 -1.9684 0.0571, 4.0756 -1.9569 0.0571, 4.0908 -1.9417 0.0571, 4.1022 -1.9235 0.0571, 4.1093 -1.9032 0.0571, 4.1117 -1.8819 0.0571, 4.0593 -1.9722 0.0658, 4.0783 -1.9603 0.0658, 4.0941 -1.9444 0.0658, 4.1061 -1.9254 0.0658, 4.1135 -1.9042 0.0658, 4.116 -1.8819 0.0658, -4.0885 -1.8819 0.0406, -4.086 -1.9007 0.0406, -4.0975 -1.8819 0.0441, -4.0947 -1.9031 0.0441, -4.1054 -1.8819 0.0497, -4.1024 -1.9051 0.0497, -4.1117 -1.8819 0.0571, -4.1085 -1.9067 0.0571, -4.116 -1.8819 0.0658, -4.1126 -1.9078 0.0658, -4.0787 -1.9183 0.0406, -4.0866 -1.9228 0.0441, -4.0934 -1.9267 0.0497, -4.0989 -1.9299 0.0571, -4.1026 -1.932 0.0658, -4.0672 -1.9333 0.0406, -4.0736 -1.9397 0.0441, -4.0792 -1.9453 0.0497, -4.0836 -1.9498 0.0571, -4.0867 -1.9528 0.0658, -4.0521 -1.9449 0.0406, -4.0566 -1.9527 0.0441, -4.0606 -1.9596 0.0497, -4.0637 -1.965 0.0571, -4.0659 -1.9687 0.0658, -4.0346 -1.9521 0.0406, -4.0369 -1.9609 0.0441, -4.039 -1.9685 0.0497, -4.0406 -1.9746 0.0571, -4.0417 -1.9788 0.0658, 4.0885 1.8819 0.0406, 4.0975 1.8819 0.0441, 4.1054 1.8819 0.0497, 4.1117 1.8819 0.0571, 4.116 1.8819 0.0658, -4.0885 1.8819 0.0406, -4.0975 1.8819 0.0441, -4.1054 1.8819 0.0497, -4.1117 1.8819 0.0571, -4.116 1.8819 0.0658, 4.1135 1.9042 0.0658, 4.1093 1.9032 0.0571, 4.1032 1.9018 0.0497, 4.0955 1.9001 0.0441, 4.0866 1.8981 0.0406, 4.0813 1.9134 0.0406, 4.0726 1.9272 0.0406, 4.0611 1.9387 0.0406, 4.0473 1.9474 0.0406, 4.0319 1.9528 0.0406, 4.0157 1.9546 0.0406, 4.0894 1.9174 0.0441, 4.0797 1.9329 0.0441, 4.0667 1.9458 0.0441, 4.0512 1.9556 0.0441, 4.0339 1.9616 0.0441, 4.0157 1.9637 0.0441, 4.0966 1.9208 0.0497, 4.0859 1.9378 0.0497, 4.0717 1.952 0.0497, 4.0547 1.9627 0.0497, 4.0357 1.9693 0.0497, 4.0157 1.9716 0.0497, 4.1022 1.9235 0.0571, 4.0908 1.9417 0.0571, 4.0756 1.9569 0.0571, 4.0574 1.9684 0.0571, 4.0371 1.9755 0.0571, 4.0157 1.9779 0.0571, 4.1061 1.9254 0.0658, 4.0941 1.9444 0.0658, 4.0783 1.9603 0.0658, 4.0593 1.9722 0.0658, 4.0381 1.9797 0.0658, 4.0157 1.9822 0.0658, -4.0157 1.9546 0.0406, -4.0346 1.9521 0.0406, -4.0157 1.9637 0.0441, -4.0369 1.9609 0.0441, -4.0157 1.9716 0.0497, -4.039 1.9685 0.0497, -4.0157 1.9779 0.0571, -4.0406 1.9746 0.0571, -4.0157 1.9822 0.0658, -4.0417 1.9788 0.0658, -4.0521 1.9449 0.0406, -4.0566 1.9527 0.0441, -4.0606 1.9596 0.0497, -4.0637 1.965 0.0571, -4.0659 1.9687 0.0658, -4.0672 1.9333 0.0406, -4.0736 1.9397 0.0441, -4.0792 1.9453 0.0497, -4.0836 1.9498 0.0571, -4.0867 1.9528 0.0658, -4.0787 1.9183 0.0406, -4.0866 1.9228 0.0441, -4.0934 1.9267 0.0497, -4.0989 1.9299 0.0571, -4.1026 1.932 0.0658, -4.086 1.9007 0.0406, -4.0947 1.9031 0.0441, -4.1024 1.9051 0.0497, -4.1085 1.9067 0.0571, -4.1126 1.9078 0.0658, -4.0885 1.8819 0.4712, -4.0885 -1.8819 0.4712, -4.0975 1.8819 0.4677, -4.0975 -1.8819 0.4677, -4.1054 1.8819 0.4621, -4.1054 -1.8819 0.4621, -4.1117 1.8819 0.4547, -4.1117 -1.8819 0.4547, -4.116 1.8819 0.446, -4.116 -1.8819 0.446, -4.1126 -1.9078 0.446, -4.1085 -1.9067 0.4547, -4.1024 -1.9051 0.4621, -4.0947 -1.9031 0.4677, -4.086 -1.9007 0.4712, -4.1026 -1.932 0.446, -4.0989 -1.9299 0.4547, -4.0934 -1.9267 0.4621, -4.0866 -1.9228 0.4677, -4.0787 -1.9183 0.4712, -4.0867 -1.9528 0.446, -4.0836 -1.9498 0.4547, -4.0792 -1.9453 0.4621, -4.0736 -1.9397 0.4677, -4.0672 -1.9333 0.4712, -4.0659 -1.9687 0.446, -4.0637 -1.965 0.4547, -4.0606 -1.9596 0.4621, -4.0566 -1.9527 0.4677, -4.0521 -1.9449 0.4712, -4.0417 -1.9788 0.446, -4.0406 -1.9746 0.4547, -4.039 -1.9685 0.4621, -4.0369 -1.9609 0.4677, -4.0346 -1.9521 0.4712, -4.0157 -1.9822 0.446, -4.0157 -1.9779 0.4547, -4.0157 -1.9716 0.4621, -4.0157 -1.9637 0.4677, -4.0157 -1.9546 0.4712, -4.0157 1.9822 0.446, -4.0417 1.9788 0.446, -4.0157 1.9779 0.4547, -4.0406 1.9746 0.4547, -4.0157 1.9716 0.4621, -4.039 1.9685 0.4621, -4.0157 1.9637 0.4677, -4.0369 1.9609 0.4677, -4.0157 1.9546 0.4712, -4.0346 1.9521 0.4712, -4.0659 1.9687 0.446, -4.0637 1.965 0.4547, -4.0606 1.9596 0.4621, -4.0566 1.9527 0.4677, -4.0521 1.9449 0.4712, -4.0867 1.9528 0.446, -4.0836 1.9498 0.4547, -4.0792 1.9453 0.4621, -4.0736 1.9397 0.4677, -4.0672 1.9333 0.4712, -4.1026 1.932 0.446, -4.0989 1.9299 0.4547, -4.0934 1.9267 0.4621, -4.0866 1.9228 0.4677, -4.0787 1.9183 0.4712, -4.1126 1.9078 0.446, -4.1085 1.9067 0.4547, -4.1024 1.9051 0.4621, -4.0947 1.9031 0.4677, -4.086 1.9007 0.4712, 4.0157 -1.9546 0.4712, 4.0157 -1.9637 0.4677, 4.0157 -1.9716 0.4621, 4.0157 -1.9779 0.4547, 4.0157 -1.9822 0.446, 4.0157 1.9546 0.4712, 4.0157 1.9637 0.4677, 4.0157 1.9716 0.4621, 4.0157 1.9779 0.4547, 4.0157 1.9822 0.446, 4.0319 -1.9528 0.4712, 4.0339 -1.9616 0.4677, 4.0357 -1.9693 0.4621, 4.0371 -1.9755 0.4547, 4.0381 -1.9797 0.446, 4.0593 -1.9722 0.446, 4.0783 -1.9603 0.446, 4.0941 -1.9444 0.446, 4.1061 -1.9254 0.446, 4.1135 -1.9042 0.446, 4.116 -1.8819 0.446, 4.0574 -1.9684 0.4547, 4.0756 -1.9569 0.4547, 4.0908 -1.9417 0.4547, 4.1022 -1.9235 0.4547, 4.1093 -1.9032 0.4547, 4.1117 -1.8819 0.4547, 4.0547 -1.9627 0.4621, 4.0717 -1.952 0.4621, 4.0859 -1.9378 0.4621, 4.0966 -1.9208 0.4621, 4.1032 -1.9018 0.4621, 4.1054 -1.8819 0.4621, 4.0512 -1.9556 0.4677, 4.0667 -1.9458 0.4677, 4.0797 -1.9329 0.4677, 4.0894 -1.9174 0.4677, 4.0955 -1.9001 0.4677, 4.0975 -1.8819 0.4677, 4.0473 -1.9474 0.4712, 4.0611 -1.9387 0.4712, 4.0726 -1.9272 0.4712, 4.0813 -1.9134 0.4712, 4.0866 -1.8981 0.4712, 4.0885 -1.8819 0.4712, 4.116 1.8819 0.446, 4.1126 1.9078 0.446, 4.1117 1.8819 0.4547, 4.1085 1.9067 0.4547, 4.1054 1.8819 0.4621, 4.1024 1.9051 0.4621, 4.0975 1.8819 0.4677, 4.0947 1.9031 0.4677, 4.0885 1.8819 0.4712, 4.086 1.9007 0.4712, 4.1026 1.932 0.446, 4.0989 1.9299 0.4547, 4.0934 1.9267 0.4621, 4.0866 1.9228 0.4677, 4.0787 1.9183 0.4712, 4.0867 1.9528 0.446, 4.0836 1.9498 0.4547, 4.0792 1.9453 0.4621, 4.0736 1.9397 0.4677, 4.0672 1.9333 0.4712, 4.0659 1.9687 0.446, 4.0637 1.965 0.4547, 4.0606 1.9596 0.4621, 4.0566 1.9527 0.4677, 4.0521 1.9449 0.4712, 4.0417 1.9788 0.446, 4.0406 1.9746 0.4547, 4.039 1.9685 0.4621, 4.0369 1.9609 0.4677, 4.0346 1.9521 0.4712
            ]
        }
        coordIndex [
            0,1,2,-1,3,4,5,-1,6,7,8,-1,8,7,9,-1,10,11,12,-1,12,11,13,-1,3,5,14,-1,14,5,15,-1,14,15,16,-1,16,15,17,-1,16,17,18,-1,4,19,5,-1,5,19,20,-1,5,20,21,-1,22,23,5,-1,5,23,24,-1,25,26,27,-1,27,26,28,-1,24,29,5,-1,5,29,28,-1,5,28,30,-1,30,28,26,-1,31,32,33,-1,33,32,34,-1,35,36,37,-1,37,36,17,-1,37,17,38,-1,38,17,39,-1,38,39,32,-1,32,39,40,-1,32,40,34,-1,21,41,5,-1,5,41,42,-1,5,42,22,-1,43,44,45,-1,45,44,32,-1,45,32,46,-1,46,32,31,-1,10,47,11,-1,11,47,48,-1,11,48,49,-1,49,48,50,-1,49,50,51,-1,36,52,17,-1,17,52,53,-1,17,53,54,-1,50,55,51,-1,51,55,56,-1,51,56,37,-1,37,56,57,-1,37,57,35,-1,54,58,17,-1,17,58,59,-1,17,59,18,-1,60,61,62,-1,62,61,13,-1,62,13,63,-1,11,32,13,-1,13,32,44,-1,13,44,63,-1,63,44,64,-1,63,64,65,-1,66,67,68,-1,65,69,63,-1,63,69,66,-1,63,66,70,-1,70,66,68,-1,2,1,62,-1,71,2,72,-1,72,2,73,-1,71,74,2,-1,2,74,75,-1,2,75,0,-1,76,77,78,-1,79,80,7,-1,7,80,81,-1,82,83,81,-1,81,83,17,-1,81,17,7,-1,7,17,15,-1,7,15,9,-1,84,83,85,-1,78,86,76,-1,76,86,87,-1,76,87,88,-1,85,83,89,-1,90,91,92,-1,92,91,93,-1,92,93,94,-1,94,93,95,-1,96,97,95,-1,95,97,98,-1,95,98,94,-1,94,98,79,-1,94,79,99,-1,99,79,7,-1,99,7,100,-1,101,102,89,-1,89,102,103,-1,104,105,7,-1,103,106,89,-1,89,106,107,-1,89,107,108,-1,85,104,1,-1,1,104,7,-1,1,7,62,-1,62,7,6,-1,62,6,60,-1,108,109,89,-1,89,109,110,-1,89,110,76,-1,76,110,111,-1,76,111,77,-1,101,89,112,-1,112,89,83,-1,112,83,94,-1,94,83,82,-1,94,82,92,-1,1,113,85,-1,85,113,114,-1,85,114,115,-1,116,117,105,-1,105,117,118,-1,105,118,7,-1,7,118,76,-1,7,76,100,-1,100,76,88,-1,115,119,85,-1,85,119,120,-1,85,120,84,-1,121,122,123,-1,121,123,124,-1,124,123,125,-1,124,125,126,-1,125,127,126,-1,126,127,128,-1,126,128,129,-1,128,130,129,-1,129,130,131,-1,129,131,132,-1,131,133,132,-1,132,133,134,-1,132,134,135,-1,134,136,135,-1,135,136,137,-1,135,137,138,-1,137,139,138,-1,138,139,140,-1,138,140,141,-1,141,140,142,-1,142,140,143,-1,142,143,144,-1,142,144,145,-1,145,144,146,-1,145,146,147,-1,147,146,148,-1,147,148,149,-1,149,148,150,-1,149,150,151,-1,151,150,152,-1,151,152,153,-1,153,152,154,-1,153,154,155,-1,155,154,156,-1,155,156,157,-1,157,156,158,-1,159,160,161,-1,162,163,164,-1,165,166,167,-1,167,166,168,-1,169,170,171,-1,172,173,174,-1,175,176,177,-1,178,179,174,-1,180,181,182,-1,183,174,184,-1,184,174,179,-1,184,179,185,-1,185,179,186,-1,182,172,180,-1,180,172,174,-1,180,174,187,-1,187,174,183,-1,187,183,188,-1,188,183,189,-1,190,191,174,-1,158,192,157,-1,157,192,167,-1,157,167,174,-1,174,167,168,-1,174,168,193,-1,194,195,174,-1,164,178,162,-1,162,178,174,-1,162,174,196,-1,196,174,195,-1,196,195,197,-1,197,195,198,-1,199,200,201,-1,202,203,174,-1,204,205,174,-1,201,190,199,-1,199,190,174,-1,199,174,206,-1,206,174,173,-1,206,173,207,-1,207,173,208,-1,209,210,211,-1,211,210,174,-1,211,174,212,-1,212,174,191,-1,212,191,213,-1,213,191,214,-1,161,202,159,-1,159,202,174,-1,159,174,215,-1,215,174,193,-1,215,193,216,-1,216,193,217,-1,177,204,175,-1,175,204,174,-1,175,174,218,-1,218,174,203,-1,218,203,219,-1,219,203,220,-1,171,194,169,-1,169,194,174,-1,169,174,221,-1,221,174,205,-1,221,205,222,-1,222,205,223,-1,174,210,224,-1,174,224,225,-1,225,224,226,-1,225,226,227,-1,227,226,228,-1,227,228,229,-1,229,228,230,-1,229,230,231,-1,231,230,232,-1,231,232,233,-1,233,232,234,-1,233,234,235,-1,235,234,236,-1,236,234,237,-1,236,237,238,-1,236,238,239,-1,239,238,240,-1,239,240,241,-1,241,240,242,-1,241,242,243,-1,243,242,244,-1,243,244,245,-1,245,244,246,-1,245,246,247,-1,247,246,248,-1,247,248,249,-1,250,251,252,-1,248,253,249,-1,249,253,254,-1,249,254,255,-1,256,257,255,-1,255,257,258,-1,255,258,249,-1,249,258,259,-1,260,261,259,-1,259,261,262,-1,259,262,249,-1,249,262,263,-1,264,265,263,-1,263,265,266,-1,263,266,249,-1,249,266,267,-1,268,269,270,-1,271,272,267,-1,267,272,273,-1,267,273,249,-1,249,273,274,-1,275,276,274,-1,274,276,277,-1,274,277,249,-1,249,277,278,-1,279,280,278,-1,278,280,281,-1,278,281,249,-1,249,281,282,-1,283,284,285,-1,285,284,286,-1,287,122,288,-1,288,122,121,-1,288,121,289,-1,290,291,121,-1,252,290,250,-1,250,290,121,-1,250,121,292,-1,292,121,293,-1,292,293,294,-1,294,293,295,-1,296,297,282,-1,282,297,298,-1,282,298,249,-1,249,298,285,-1,249,285,121,-1,121,285,286,-1,121,286,293,-1,299,300,291,-1,291,300,301,-1,291,301,121,-1,121,301,302,-1,303,304,302,-1,302,304,305,-1,302,305,121,-1,121,305,306,-1,307,308,306,-1,306,308,309,-1,306,309,121,-1,121,309,310,-1,311,312,310,-1,310,312,313,-1,310,313,121,-1,121,313,268,-1,121,268,289,-1,289,268,270,-1,140,139,314,-1,314,139,315,-1,139,137,315,-1,315,137,136,-1,315,136,316,-1,136,134,316,-1,316,134,133,-1,316,133,317,-1,133,131,317,-1,317,131,130,-1,317,130,318,-1,130,128,318,-1,318,128,127,-1,318,127,319,-1,122,320,123,-1,123,320,319,-1,123,319,125,-1,125,319,127,-1,320,122,287,-1,321,252,251,-1,322,323,324,-1,270,269,325,-1,325,269,326,-1,327,328,324,-1,329,308,307,-1,330,331,324,-1,332,276,275,-1,333,304,303,-1,300,299,331,-1,331,299,334,-1,331,334,324,-1,324,334,321,-1,324,321,322,-1,322,321,251,-1,335,297,296,-1,336,324,337,-1,337,324,328,-1,337,328,271,-1,271,328,272,-1,338,339,324,-1,340,261,260,-1,303,330,333,-1,333,330,324,-1,333,324,341,-1,294,295,323,-1,323,295,342,-1,323,342,324,-1,324,342,343,-1,296,338,335,-1,335,338,324,-1,335,324,344,-1,344,324,343,-1,344,343,283,-1,283,343,284,-1,345,346,324,-1,275,327,332,-1,332,327,324,-1,332,324,347,-1,347,324,339,-1,347,339,279,-1,279,339,280,-1,260,345,340,-1,340,345,324,-1,340,324,348,-1,348,324,336,-1,348,336,264,-1,264,336,265,-1,287,349,320,-1,320,349,325,-1,320,325,324,-1,324,325,326,-1,324,326,350,-1,253,248,351,-1,351,248,324,-1,351,324,352,-1,352,324,346,-1,352,346,256,-1,256,346,257,-1,312,311,350,-1,350,311,353,-1,350,353,324,-1,324,353,329,-1,324,329,341,-1,341,329,307,-1,324,248,246,-1,324,246,354,-1,354,246,244,-1,354,244,355,-1,355,244,242,-1,355,242,356,-1,356,242,240,-1,356,240,357,-1,357,240,238,-1,357,238,358,-1,358,238,237,-1,358,237,359,-1,359,237,360,-1,360,237,234,-1,360,234,232,-1,360,232,361,-1,361,232,230,-1,361,230,362,-1,362,230,228,-1,362,228,363,-1,363,228,226,-1,363,226,364,-1,364,226,224,-1,364,224,365,-1,365,224,210,-1,365,210,366,-1,366,210,209,-1,213,214,367,-1,367,214,368,-1,369,207,208,-1,370,188,189,-1,371,372,373,-1,374,375,373,-1,376,197,198,-1,209,377,366,-1,366,377,367,-1,366,367,373,-1,373,367,368,-1,373,368,378,-1,182,181,372,-1,372,181,379,-1,372,379,373,-1,373,379,370,-1,373,370,374,-1,374,370,189,-1,380,381,373,-1,185,186,375,-1,375,186,382,-1,375,382,373,-1,373,382,383,-1,198,380,376,-1,376,380,373,-1,376,373,384,-1,384,373,383,-1,384,383,163,-1,163,383,164,-1,385,386,373,-1,201,200,378,-1,378,200,387,-1,378,387,373,-1,373,387,369,-1,373,369,371,-1,371,369,208,-1,388,219,220,-1,389,222,223,-1,390,391,373,-1,223,385,389,-1,389,385,373,-1,389,373,392,-1,392,373,381,-1,392,381,170,-1,170,381,171,-1,393,216,217,-1,220,390,388,-1,388,390,373,-1,388,373,394,-1,394,373,386,-1,394,386,176,-1,176,386,177,-1,395,396,373,-1,217,395,393,-1,393,395,373,-1,393,373,397,-1,397,373,391,-1,397,391,160,-1,160,391,161,-1,158,156,398,-1,398,156,373,-1,398,373,399,-1,399,373,396,-1,399,396,165,-1,165,396,166,-1,373,156,154,-1,373,154,400,-1,400,154,152,-1,400,152,401,-1,401,152,150,-1,401,150,402,-1,402,150,148,-1,402,148,403,-1,403,148,146,-1,403,146,404,-1,404,146,144,-1,404,144,405,-1,405,144,143,-1,405,143,406,-1,406,143,314,-1,314,143,140,-1,407,408,409,-1,408,410,411,-1,412,413,414,-1,408,411,409,-1,409,411,415,-1,409,415,416,-1,417,418,419,-1,419,418,409,-1,419,409,420,-1,420,409,416,-1,421,422,423,-1,423,422,424,-1,423,424,425,-1,412,414,426,-1,427,428,429,-1,429,428,430,-1,429,430,425,-1,431,432,433,-1,426,414,409,-1,409,414,434,-1,409,434,407,-1,431,433,435,-1,421,436,422,-1,422,436,437,-1,422,437,438,-1,438,437,433,-1,438,433,439,-1,439,433,432,-1,440,441,442,-1,442,441,443,-1,442,443,444,-1,417,445,418,-1,418,445,446,-1,418,446,447,-1,447,446,448,-1,447,448,449,-1,449,448,442,-1,449,442,450,-1,450,442,444,-1,440,451,441,-1,441,451,452,-1,441,452,429,-1,429,452,453,-1,429,453,427,-1,410,408,433,-1,433,408,454,-1,433,454,435,-1,425,424,429,-1,429,424,455,-1,429,455,456,-1,456,457,429,-1,429,457,458,-1,429,458,459,-1,62,63,460,-1,461,2,62,-1,62,460,461,-1,461,460,462,-1,461,462,463,-1,463,462,464,-1,463,464,465,-1,465,464,466,-1,465,466,467,-1,467,466,468,-1,467,468,469,-1,469,468,157,-1,469,157,174,-1,157,468,470,-1,468,466,471,-1,466,464,472,-1,464,462,473,-1,462,460,474,-1,460,63,70,-1,460,70,474,-1,474,70,68,-1,474,68,475,-1,475,68,67,-1,475,67,476,-1,476,67,66,-1,476,66,477,-1,477,66,69,-1,477,69,478,-1,478,69,65,-1,478,65,479,-1,479,65,64,-1,479,64,480,-1,462,474,473,-1,473,474,475,-1,473,475,481,-1,481,475,476,-1,481,476,482,-1,482,476,477,-1,482,477,483,-1,483,477,478,-1,483,478,484,-1,484,478,479,-1,484,479,485,-1,485,479,480,-1,485,480,486,-1,464,473,472,-1,472,473,481,-1,472,481,487,-1,487,481,482,-1,487,482,488,-1,488,482,483,-1,488,483,489,-1,489,483,484,-1,489,484,490,-1,490,484,485,-1,490,485,491,-1,491,485,486,-1,491,486,492,-1,466,472,471,-1,471,472,487,-1,471,487,493,-1,493,487,488,-1,493,488,494,-1,494,488,489,-1,494,489,495,-1,495,489,490,-1,495,490,496,-1,496,490,491,-1,496,491,497,-1,497,491,492,-1,497,492,498,-1,468,471,470,-1,470,471,493,-1,470,493,499,-1,499,493,494,-1,499,494,500,-1,500,494,495,-1,500,495,501,-1,501,495,496,-1,501,496,502,-1,502,496,497,-1,502,497,503,-1,503,497,498,-1,503,498,504,-1,157,470,155,-1,155,470,499,-1,155,499,153,-1,153,499,500,-1,153,500,151,-1,151,500,501,-1,151,501,149,-1,149,501,502,-1,149,502,147,-1,147,502,503,-1,147,503,145,-1,145,503,504,-1,145,504,142,-1,0,75,505,-1,505,75,506,-1,505,506,507,-1,507,506,508,-1,507,508,509,-1,509,508,510,-1,509,510,511,-1,511,510,512,-1,511,512,513,-1,513,512,514,-1,513,514,235,-1,235,514,233,-1,75,74,506,-1,506,74,515,-1,506,515,508,-1,508,515,516,-1,508,516,510,-1,510,516,517,-1,510,517,512,-1,512,517,518,-1,512,518,514,-1,514,518,519,-1,514,519,233,-1,233,519,231,-1,74,71,515,-1,515,71,520,-1,515,520,516,-1,516,520,521,-1,516,521,517,-1,517,521,522,-1,517,522,518,-1,518,522,523,-1,518,523,519,-1,519,523,524,-1,519,524,231,-1,231,524,229,-1,71,72,520,-1,520,72,525,-1,520,525,521,-1,521,525,526,-1,521,526,522,-1,522,526,527,-1,522,527,523,-1,523,527,528,-1,523,528,524,-1,524,528,529,-1,524,529,229,-1,229,529,227,-1,72,73,525,-1,525,73,530,-1,525,530,526,-1,526,530,531,-1,526,531,527,-1,527,531,532,-1,527,532,528,-1,528,532,533,-1,528,533,529,-1,529,533,534,-1,529,534,227,-1,227,534,225,-1,73,2,530,-1,530,2,461,-1,530,461,531,-1,531,461,463,-1,531,463,532,-1,532,463,465,-1,532,465,533,-1,533,465,467,-1,533,467,534,-1,534,467,469,-1,534,469,225,-1,225,469,174,-1,44,43,535,-1,480,64,44,-1,44,535,480,-1,480,535,536,-1,480,536,486,-1,486,536,537,-1,486,537,492,-1,492,537,538,-1,492,538,498,-1,498,538,539,-1,498,539,504,-1,504,539,141,-1,504,141,142,-1,1,0,505,-1,540,113,1,-1,1,505,540,-1,540,505,507,-1,540,507,541,-1,541,507,509,-1,541,509,542,-1,542,509,511,-1,542,511,543,-1,543,511,513,-1,543,513,544,-1,544,513,235,-1,544,235,236,-1,141,539,545,-1,539,538,546,-1,538,537,547,-1,537,536,548,-1,536,535,549,-1,535,43,45,-1,535,45,549,-1,549,45,46,-1,549,46,550,-1,550,46,31,-1,550,31,551,-1,551,31,33,-1,551,33,552,-1,552,33,34,-1,552,34,553,-1,553,34,40,-1,553,40,554,-1,554,40,39,-1,554,39,555,-1,536,549,548,-1,548,549,550,-1,548,550,556,-1,556,550,551,-1,556,551,557,-1,557,551,552,-1,557,552,558,-1,558,552,553,-1,558,553,559,-1,559,553,554,-1,559,554,560,-1,560,554,555,-1,560,555,561,-1,537,548,547,-1,547,548,556,-1,547,556,562,-1,562,556,557,-1,562,557,563,-1,563,557,558,-1,563,558,564,-1,564,558,559,-1,564,559,565,-1,565,559,560,-1,565,560,566,-1,566,560,561,-1,566,561,567,-1,538,547,546,-1,546,547,562,-1,546,562,568,-1,568,562,563,-1,568,563,569,-1,569,563,564,-1,569,564,570,-1,570,564,565,-1,570,565,571,-1,571,565,566,-1,571,566,572,-1,572,566,567,-1,572,567,573,-1,539,546,545,-1,545,546,568,-1,545,568,574,-1,574,568,569,-1,574,569,575,-1,575,569,570,-1,575,570,576,-1,576,570,571,-1,576,571,577,-1,577,571,572,-1,577,572,578,-1,578,572,573,-1,578,573,579,-1,141,545,138,-1,138,545,574,-1,138,574,135,-1,135,574,575,-1,135,575,132,-1,132,575,576,-1,132,576,129,-1,129,576,577,-1,129,577,126,-1,126,577,578,-1,126,578,124,-1,124,578,579,-1,124,579,121,-1,83,84,580,-1,580,84,581,-1,580,581,582,-1,582,581,583,-1,582,583,584,-1,584,583,585,-1,584,585,586,-1,586,585,587,-1,586,587,588,-1,588,587,589,-1,588,589,249,-1,249,589,247,-1,84,120,581,-1,581,120,590,-1,581,590,583,-1,583,590,591,-1,583,591,585,-1,585,591,592,-1,585,592,587,-1,587,592,593,-1,587,593,589,-1,589,593,594,-1,589,594,247,-1,247,594,245,-1,120,119,590,-1,590,119,595,-1,590,595,591,-1,591,595,596,-1,591,596,592,-1,592,596,597,-1,592,597,593,-1,593,597,598,-1,593,598,594,-1,594,598,599,-1,594,599,245,-1,245,599,243,-1,119,115,595,-1,595,115,600,-1,595,600,596,-1,596,600,601,-1,596,601,597,-1,597,601,602,-1,597,602,598,-1,598,602,603,-1,598,603,599,-1,599,603,604,-1,599,604,243,-1,243,604,241,-1,115,114,600,-1,600,114,605,-1,600,605,601,-1,601,605,606,-1,601,606,602,-1,602,606,607,-1,602,607,603,-1,603,607,608,-1,603,608,604,-1,604,608,609,-1,604,609,241,-1,241,609,239,-1,114,113,605,-1,605,113,540,-1,605,540,606,-1,606,540,541,-1,606,541,607,-1,607,541,542,-1,607,542,608,-1,608,542,543,-1,608,543,609,-1,609,543,544,-1,609,544,239,-1,239,544,236,-1,17,83,580,-1,555,39,17,-1,17,580,555,-1,555,580,582,-1,555,582,561,-1,561,582,584,-1,561,584,567,-1,567,584,586,-1,567,586,573,-1,573,586,588,-1,573,588,579,-1,579,588,249,-1,579,249,121,-1,441,429,610,-1,441,610,611,-1,611,610,612,-1,611,612,613,-1,613,612,614,-1,613,614,615,-1,615,614,616,-1,615,616,617,-1,617,616,618,-1,617,618,619,-1,619,618,359,-1,619,359,360,-1,360,361,619,-1,619,361,620,-1,619,620,617,-1,617,620,621,-1,617,621,615,-1,615,621,622,-1,615,622,613,-1,613,622,623,-1,613,623,611,-1,611,623,624,-1,611,624,441,-1,441,624,443,-1,361,362,620,-1,620,362,625,-1,620,625,621,-1,621,625,626,-1,621,626,622,-1,622,626,627,-1,622,627,623,-1,623,627,628,-1,623,628,624,-1,624,628,629,-1,624,629,443,-1,443,629,444,-1,362,363,625,-1,625,363,630,-1,625,630,626,-1,626,630,631,-1,626,631,627,-1,627,631,632,-1,627,632,628,-1,628,632,633,-1,628,633,629,-1,629,633,634,-1,629,634,444,-1,444,634,450,-1,363,364,630,-1,630,364,635,-1,630,635,631,-1,631,635,636,-1,631,636,632,-1,632,636,637,-1,632,637,633,-1,633,637,638,-1,633,638,634,-1,634,638,639,-1,634,639,450,-1,450,639,449,-1,364,365,635,-1,635,365,640,-1,635,640,636,-1,636,640,641,-1,636,641,637,-1,637,641,642,-1,637,642,638,-1,638,642,643,-1,638,643,639,-1,639,643,644,-1,639,644,449,-1,449,644,447,-1,365,366,640,-1,640,366,645,-1,640,645,641,-1,641,645,646,-1,641,646,642,-1,642,646,647,-1,642,647,643,-1,643,647,648,-1,643,648,644,-1,644,648,649,-1,644,649,447,-1,447,649,418,-1,324,354,650,-1,650,354,651,-1,650,651,652,-1,652,651,653,-1,652,653,654,-1,654,653,655,-1,654,655,656,-1,656,655,657,-1,656,657,658,-1,658,657,659,-1,658,659,424,-1,424,659,455,-1,354,355,651,-1,651,355,660,-1,651,660,653,-1,653,660,661,-1,653,661,655,-1,655,661,662,-1,655,662,657,-1,657,662,663,-1,657,663,659,-1,659,663,664,-1,659,664,455,-1,455,664,456,-1,355,356,660,-1,660,356,665,-1,660,665,661,-1,661,665,666,-1,661,666,662,-1,662,666,667,-1,662,667,663,-1,663,667,668,-1,663,668,664,-1,664,668,669,-1,664,669,456,-1,456,669,457,-1,356,357,665,-1,665,357,670,-1,665,670,666,-1,666,670,671,-1,666,671,667,-1,667,671,672,-1,667,672,668,-1,668,672,673,-1,668,673,669,-1,669,673,674,-1,669,674,457,-1,457,674,458,-1,357,358,670,-1,670,358,675,-1,670,675,671,-1,671,675,676,-1,671,676,672,-1,672,676,677,-1,672,677,673,-1,673,677,678,-1,673,678,674,-1,674,678,679,-1,674,679,458,-1,458,679,459,-1,358,359,675,-1,675,359,618,-1,675,618,676,-1,676,618,616,-1,676,616,677,-1,677,616,614,-1,677,614,678,-1,678,614,612,-1,678,612,679,-1,679,612,610,-1,679,610,459,-1,459,610,429,-1,409,418,649,-1,409,649,680,-1,680,649,648,-1,680,648,681,-1,681,648,647,-1,681,647,682,-1,682,647,646,-1,682,646,683,-1,683,646,645,-1,683,645,684,-1,684,645,366,-1,684,366,373,-1,424,422,685,-1,424,685,658,-1,658,685,686,-1,658,686,656,-1,656,686,687,-1,656,687,654,-1,654,687,688,-1,654,688,652,-1,652,688,689,-1,652,689,650,-1,650,689,320,-1,650,320,324,-1,409,680,690,-1,680,681,691,-1,681,682,692,-1,682,683,693,-1,683,684,694,-1,684,373,400,-1,684,400,694,-1,694,400,401,-1,694,401,695,-1,695,401,402,-1,695,402,696,-1,696,402,403,-1,696,403,697,-1,697,403,404,-1,697,404,698,-1,698,404,405,-1,698,405,699,-1,699,405,406,-1,699,406,700,-1,683,694,693,-1,693,694,695,-1,693,695,701,-1,701,695,696,-1,701,696,702,-1,702,696,697,-1,702,697,703,-1,703,697,698,-1,703,698,704,-1,704,698,699,-1,704,699,705,-1,705,699,700,-1,705,700,706,-1,682,693,692,-1,692,693,701,-1,692,701,707,-1,707,701,702,-1,707,702,708,-1,708,702,703,-1,708,703,709,-1,709,703,704,-1,709,704,710,-1,710,704,705,-1,710,705,711,-1,711,705,706,-1,711,706,712,-1,681,692,691,-1,691,692,707,-1,691,707,713,-1,713,707,708,-1,713,708,714,-1,714,708,709,-1,714,709,715,-1,715,709,710,-1,715,710,716,-1,716,710,711,-1,716,711,717,-1,717,711,712,-1,717,712,718,-1,680,691,690,-1,690,691,713,-1,690,713,719,-1,719,713,714,-1,719,714,720,-1,720,714,715,-1,720,715,721,-1,721,715,716,-1,721,716,722,-1,722,716,717,-1,722,717,723,-1,723,717,718,-1,723,718,724,-1,409,690,426,-1,426,690,719,-1,426,719,412,-1,412,719,720,-1,412,720,413,-1,413,720,721,-1,413,721,414,-1,414,721,722,-1,414,722,434,-1,434,722,723,-1,434,723,407,-1,407,723,724,-1,407,724,408,-1,314,315,725,-1,725,315,726,-1,725,726,727,-1,727,726,728,-1,727,728,729,-1,729,728,730,-1,729,730,731,-1,731,730,732,-1,731,732,733,-1,733,732,734,-1,733,734,454,-1,454,734,435,-1,315,316,726,-1,726,316,735,-1,726,735,728,-1,728,735,736,-1,728,736,730,-1,730,736,737,-1,730,737,732,-1,732,737,738,-1,732,738,734,-1,734,738,739,-1,734,739,435,-1,435,739,431,-1,316,317,735,-1,735,317,740,-1,735,740,736,-1,736,740,741,-1,736,741,737,-1,737,741,742,-1,737,742,738,-1,738,742,743,-1,738,743,739,-1,739,743,744,-1,739,744,431,-1,431,744,432,-1,317,318,740,-1,740,318,745,-1,740,745,741,-1,741,745,746,-1,741,746,742,-1,742,746,747,-1,742,747,743,-1,743,747,748,-1,743,748,744,-1,744,748,749,-1,744,749,432,-1,432,749,439,-1,318,319,745,-1,745,319,750,-1,745,750,746,-1,746,750,751,-1,746,751,747,-1,747,751,752,-1,747,752,748,-1,748,752,753,-1,748,753,749,-1,749,753,754,-1,749,754,439,-1,439,754,438,-1,319,320,750,-1,750,320,689,-1,750,689,751,-1,751,689,688,-1,751,688,752,-1,752,688,687,-1,752,687,753,-1,753,687,686,-1,753,686,754,-1,754,686,685,-1,754,685,438,-1,438,685,422,-1,454,408,724,-1,454,724,733,-1,733,724,718,-1,733,718,731,-1,731,718,712,-1,731,712,729,-1,729,712,706,-1,729,706,727,-1,727,706,700,-1,727,700,725,-1,725,700,406,-1,725,406,314,-1,
        ]
    }
}
Shape{
    appearance Appearance {
        material  Material 	{
            diffuseColor 0.7529411764705882 0.7529411764705882 0.7529411764705882
            specularColor 0.3764705882352941 0.3764705882352941 0.3764705882352941
            ambientIntensity 0.7529
            transparency 0.0
            shininess 0.5
        }
    }
    geometry IndexedFaceSet {
        ccw TRUE
        solid FALSE
        coord DEF co Coordinate {
            point [
                -3.4458 -1.5622 0.472, -3.4458 -1.5622 0.4724, -3.4525 -1.5112 0.472, -3.4525 -1.5112 0.4724, -3.4721 -1.4637 0.472, -3.4721 -1.4637 0.4724, -3.5034 -1.423 0.472, -3.5034 -1.423 0.4724, -3.5442 -1.3917 0.472, -3.5442 -1.3917 0.4724, -3.5917 -1.372 0.472, -3.5917 -1.372 0.4724, -3.6426 -1.3653 0.472, -3.6426 -1.3653 0.4724, -3.6936 -1.372 0.472, -3.6936 -1.372 0.4724, -3.741 -1.3917 0.472, -3.741 -1.3917 0.4724, -3.7818 -1.423 0.472, -3.7818 -1.423 0.4724, -3.8131 -1.4637 0.472, -3.8131 -1.4637 0.4724, -3.8328 -1.5112 0.472, -3.8328 -1.5112 0.4724, -3.8395 -1.5622 0.472, -3.8395 -1.5622 0.4724, -3.8328 -1.6131 0.472, -3.8328 -1.6131 0.4724, -3.8131 -1.6606 0.472, -3.8131 -1.6606 0.4724, -3.7818 -1.7014 0.472, -3.7818 -1.7014 0.4724, -3.741 -1.7326 0.472, -3.741 -1.7326 0.4724, -3.6936 -1.7523 0.472, -3.6936 -1.7523 0.4724, -3.6426 -1.759 0.472, -3.6426 -1.759 0.4724, -3.5917 -1.7523 0.472, -3.5917 -1.7523 0.4724, -3.5442 -1.7326 0.472, -3.5442 -1.7326 0.4724, -3.5034 -1.7014 0.472, -3.5034 -1.7014 0.4724, -3.4721 -1.6606 0.472, -3.4721 -1.6606 0.4724, -3.4525 -1.6131 0.472, -3.4525 -1.6131 0.4724, -3.6426 -1.5622 0.472
            ]
        }
        coordIndex [
            0,1,2,-1,2,1,3,-1,2,3,4,-1,4,3,5,-1,4,5,6,-1,6,5,7,-1,6,7,8,-1,8,7,9,-1,8,9,10,-1,10,9,11,-1,10,11,12,-1,12,11,13,-1,12,13,14,-1,14,13,15,-1,14,15,16,-1,16,15,17,-1,16,17,18,-1,18,17,19,-1,18,19,20,-1,20,19,21,-1,20,21,22,-1,22,21,23,-1,22,23,24,-1,24,23,25,-1,24,25,26,-1,26,25,27,-1,26,27,28,-1,28,27,29,-1,28,29,30,-1,30,29,31,-1,30,31,32,-1,32,31,33,-1,32,33,34,-1,34,33,35,-1,34,35,36,-1,36,35,37,-1,36,37,38,-1,38,37,39,-1,38,39,40,-1,40,39,41,-1,40,41,42,-1,42,41,43,-1,42,43,44,-1,44,43,45,-1,44,45,46,-1,46,45,47,-1,46,47,0,-1,0,47,1,-1,44,46,48,-1,48,46,0,-1,48,0,2,-1,38,40,48,-1,48,40,42,-1,48,42,44,-1,32,34,48,-1,48,34,36,-1,48,36,38,-1,26,28,48,-1,48,28,30,-1,48,30,32,-1,20,22,48,-1,48,22,24,-1,48,24,26,-1,14,16,48,-1,48,16,18,-1,48,18,20,-1,8,10,48,-1,48,10,12,-1,48,12,14,-1,2,4,48,-1,48,4,6,-1,48,6,8,-1,
        ]
    }
}
Shape{
    appearance Appearance {
        material  Material 	{
            diffuseColor 1.0 1.0 1.0
            specularColor 0.5019607843137255 0.5019607843137255 0.5019607843137255
            ambientIntensity 1.0
            transparency 0.0
            shininess 0.5
        }
    }
    geometry IndexedFaceSet {
        ccw TRUE
        solid FALSE
        coord DEF co Coordinate {
            point [
                0.3268 2.0683 0.2598, 0.1654 2.0683 0.2598, 0.3268 1.9997 0.2598, 0.1654 1.9997 0.2598, 0.3268 2.315 0.0, 0.3268 2.1968 0.0, 0.1654 2.315 0.0, 0.1654 2.1968 0.0, 0.3268 2.315 0.063, 0.1654 2.315 0.063, 0.3268 2.1968 0.063, 0.1654 2.1968 0.063, 0.3268 2.1928 0.0635, 0.1654 2.1928 0.0635, 0.3268 2.1891 0.065, 0.1654 2.1891 0.065, 0.3268 2.1859 0.0674, 0.1654 2.1859 0.0674, 0.3268 2.1834 0.0706, 0.1654 2.1834 0.0706, 0.3268 2.1817 0.0742, 0.1654 2.1817 0.0742, 0.3268 2.1811 0.0782, 0.1654 2.1811 0.0782, 0.3268 2.1784 0.1535, 0.1654 2.1784 0.1535, 0.1654 2.1739 0.1812, 0.3268 2.1739 0.1812, 0.1654 2.1624 0.2069, 0.3268 2.1624 0.2069, 0.1654 2.1448 0.2289, 0.3268 2.1448 0.2289, 0.1654 2.1223 0.2457, 0.3268 2.1223 0.2457, 0.1654 2.0962 0.2563, 0.3268 2.0962 0.2563, 0.1654 2.0683 0.1969, 0.3268 2.0683 0.1969, 0.1654 1.9948 0.1969, 0.3268 1.9948 0.1969, 0.3268 2.0802 0.1953, 0.1654 2.0802 0.1953, 0.3268 2.0914 0.1908, 0.1654 2.0914 0.1908, 0.3268 2.1011 0.1836, 0.1654 2.1011 0.1836, 0.3268 2.1086 0.1742, 0.1654 2.1086 0.1742, 0.3268 2.1135 0.1632, 0.1654 2.1135 0.1632, 0.3268 2.1155 0.1513, 0.1654 2.1155 0.1513, 0.3268 2.1181 0.076, 0.1654 2.1181 0.076, 0.1654 2.1214 0.0562, 0.3268 2.1214 0.0562, 0.1654 2.1295 0.0378, 0.3268 2.1295 0.0378, 0.1654 2.1421 0.0221, 0.3268 2.1421 0.0221, 0.1654 2.1582 0.0101, 0.3268 2.1582 0.0101, 0.1654 2.1769 0.0026, 0.3268 2.1769 0.0026, 0.3268 2.0 0.2559, 0.1654 2.0 0.2559, 0.8268 2.0683 0.2598, 0.6654 2.0683 0.2598, 0.8268 1.9997 0.2598, 0.6654 1.9997 0.2598, 0.8268 2.315 0.0, 0.8268 2.1968 0.0, 0.6654 2.315 0.0, 0.6654 2.1968 0.0, 0.8268 2.315 0.063, 0.6654 2.315 0.063, 0.8268 2.1968 0.063, 0.6654 2.1968 0.063, 0.8268 2.1928 0.0635, 0.6654 2.1928 0.0635, 0.8268 2.1891 0.065, 0.6654 2.1891 0.065, 0.8268 2.1859 0.0674, 0.6654 2.1859 0.0674, 0.8268 2.1834 0.0706, 0.6654 2.1834 0.0706, 0.8268 2.1817 0.0742, 0.6654 2.1817 0.0742, 0.8268 2.1811 0.0782, 0.6654 2.1811 0.0782, 0.8268 2.1784 0.1535, 0.6654 2.1784 0.1535, 0.6654 2.1739 0.1812, 0.8268 2.1739 0.1812, 0.6654 2.1624 0.2069, 0.8268 2.1624 0.2069, 0.6654 2.1448 0.2289, 0.8268 2.1448 0.2289, 0.6654 2.1223 0.2457, 0.8268 2.1223 0.2457, 0.6654 2.0962 0.2563, 0.8268 2.0962 0.2563, 0.6654 2.0683 0.1969, 0.8268 2.0683 0.1969, 0.6654 1.9948 0.1969, 0.8268 1.9948 0.1969, 0.8268 2.0802 0.1953, 0.6654 2.0802 0.1953, 0.8268 2.0914 0.1908, 0.6654 2.0914 0.1908, 0.8268 2.1011 0.1836, 0.6654 2.1011 0.1836, 0.8268 2.1086 0.1742, 0.6654 2.1086 0.1742, 0.8268 2.1135 0.1632, 0.6654 2.1135 0.1632, 0.8268 2.1155 0.1513, 0.6654 2.1155 0.1513, 0.8268 2.1181 0.076, 0.6654 2.1181 0.076, 0.8268 2.0 0.2559, 0.8268 2.1769 0.0026, 0.8268 2.1582 0.0101, 0.8268 2.1421 0.0221, 0.8268 2.1295 0.0378, 0.8268 2.1214 0.0562, 0.6654 2.1214 0.0562, 0.6654 2.1295 0.0378, 0.6654 2.1421 0.0221, 0.6654 2.1582 0.0101, 0.6654 2.1769 0.0026, 0.6654 2.0 0.2559, 1.3268 2.0683 0.2598, 1.1654 2.0683 0.2598, 1.3268 1.9997 0.2598, 1.1654 1.9997 0.2598, 1.3268 2.315 0.0, 1.3268 2.1968 0.0, 1.1654 2.315 0.0, 1.1654 2.1968 0.0, 1.3268 2.315 0.063, 1.1654 2.315 0.063, 1.3268 2.1968 0.063, 1.1654 2.1968 0.063, 1.3268 2.1928 0.0635, 1.1654 2.1928 0.0635, 1.3268 2.1891 0.065, 1.1654 2.1891 0.065, 1.3268 2.1859 0.0674, 1.1654 2.1859 0.0674, 1.3268 2.1834 0.0706, 1.1654 2.1834 0.0706, 1.3268 2.1817 0.0742, 1.1654 2.1817 0.0742, 1.3268 2.1811 0.0782, 1.1654 2.1811 0.0782, 1.3268 2.1784 0.1535, 1.1654 2.1784 0.1535, 1.1654 2.1739 0.1812, 1.3268 2.1739 0.1812, 1.1654 2.1624 0.2069, 1.3268 2.1624 0.2069, 1.1654 2.1448 0.2289, 1.3268 2.1448 0.2289, 1.1654 2.1223 0.2457, 1.3268 2.1223 0.2457, 1.1654 2.0962 0.2563, 1.3268 2.0962 0.2563, 1.1654 2.0683 0.1969, 1.3268 2.0683 0.1969, 1.1654 1.9948 0.1969, 1.3268 1.9948 0.1969, 1.3268 2.0802 0.1953, 1.1654 2.0802 0.1953, 1.3268 2.0914 0.1908, 1.1654 2.0914 0.1908, 1.3268 2.1011 0.1836, 1.1654 2.1011 0.1836, 1.3268 2.1086 0.1742, 1.1654 2.1086 0.1742, 1.3268 2.1135 0.1632, 1.1654 2.1135 0.1632, 1.3268 2.1155 0.1513, 1.1654 2.1155 0.1513, 1.3268 2.1181 0.076, 1.1654 2.1181 0.076, 1.3268 2.0 0.2559, 1.3268 2.1769 0.0026, 1.3268 2.1582 0.0101, 1.3268 2.1421 0.0221, 1.3268 2.1295 0.0378, 1.3268 2.1214 0.0562, 1.1654 2.1214 0.0562, 1.1654 2.1295 0.0378, 1.1654 2.1421 0.0221, 1.1654 2.1582 0.0101, 1.1654 2.1769 0.0026, 1.1654 2.0 0.2559, 1.8268 2.0683 0.2598, 1.6654 2.0683 0.2598, 1.8268 1.9997 0.2598, 1.6654 1.9997 0.2598, 1.8268 2.315 0.0, 1.8268 2.1968 0.0, 1.6654 2.315 0.0, 1.6654 2.1968 0.0, 1.8268 2.315 0.063, 1.6654 2.315 0.063, 1.8268 2.1968 0.063, 1.6654 2.1968 0.063, 1.8268 2.1928 0.0635, 1.6654 2.1928 0.0635, 1.8268 2.1891 0.065, 1.6654 2.1891 0.065, 1.8268 2.1859 0.0674, 1.6654 2.1859 0.0674, 1.8268 2.1834 0.0706, 1.6654 2.1834 0.0706, 1.8268 2.1817 0.0742, 1.6654 2.1817 0.0742, 1.8268 2.1811 0.0782, 1.6654 2.1811 0.0782, 1.8268 2.1784 0.1535, 1.6654 2.1784 0.1535, 1.6654 2.1739 0.1812, 1.8268 2.1739 0.1812, 1.6654 2.1624 0.2069, 1.8268 2.1624 0.2069, 1.6654 2.1448 0.2289, 1.8268 2.1448 0.2289, 1.6654 2.1223 0.2457, 1.8268 2.1223 0.2457, 1.6654 2.0962 0.2563, 1.8268 2.0962 0.2563, 1.6654 2.0683 0.1969, 1.8268 2.0683 0.1969, 1.6654 1.9948 0.1969, 1.8268 1.9948 0.1969, 1.8268 2.0802 0.1953, 1.6654 2.0802 0.1953, 1.8268 2.0914 0.1908, 1.6654 2.0914 0.1908, 1.8268 2.1011 0.1836, 1.6654 2.1011 0.1836, 1.8268 2.1086 0.1742, 1.6654 2.1086 0.1742, 1.8268 2.1135 0.1632, 1.6654 2.1135 0.1632, 1.8268 2.1155 0.1513, 1.6654 2.1155 0.1513, 1.8268 2.1181 0.076, 1.6654 2.1181 0.076, 1.8268 2.0 0.2559, 1.8268 2.1769 0.0026, 1.8268 2.1582 0.0101, 1.8268 2.1421 0.0221, 1.8268 2.1295 0.0378, 1.8268 2.1214 0.0562, 1.6654 2.1214 0.0562, 1.6654 2.1295 0.0378, 1.6654 2.1421 0.0221, 1.6654 2.1582 0.0101, 1.6654 2.1769 0.0026, 1.6654 2.0 0.2559, 2.3268 2.0683 0.2598, 2.1654 2.0683 0.2598, 2.3268 1.9997 0.2598, 2.1654 1.9997 0.2598, 2.3268 2.315 0.0, 2.3268 2.1968 0.0, 2.1654 2.315 0.0, 2.1654 2.1968 0.0, 2.3268 2.315 0.063, 2.1654 2.315 0.063, 2.3268 2.1968 0.063, 2.1654 2.1968 0.063, 2.3268 2.1928 0.0635, 2.1654 2.1928 0.0635, 2.3268 2.1891 0.065, 2.1654 2.1891 0.065, 2.3268 2.1859 0.0674, 2.1654 2.1859 0.0674, 2.3268 2.1834 0.0706, 2.1654 2.1834 0.0706, 2.3268 2.1817 0.0742, 2.1654 2.1817 0.0742, 2.3268 2.1811 0.0782, 2.1654 2.1811 0.0782, 2.3268 2.1784 0.1535, 2.1654 2.1784 0.1535, 2.1654 2.1739 0.1812, 2.3268 2.1739 0.1812, 2.1654 2.1624 0.2069, 2.3268 2.1624 0.2069, 2.1654 2.1448 0.2289, 2.3268 2.1448 0.2289, 2.1654 2.1223 0.2457, 2.3268 2.1223 0.2457, 2.1654 2.0962 0.2563, 2.3268 2.0962 0.2563, 2.1654 2.0683 0.1969, 2.3268 2.0683 0.1969, 2.1654 1.9948 0.1969, 2.3268 1.9948 0.1969, 2.3268 2.0802 0.1953, 2.1654 2.0802 0.1953, 2.3268 2.0914 0.1908, 2.1654 2.0914 0.1908, 2.3268 2.1011 0.1836, 2.1654 2.1011 0.1836, 2.3268 2.1086 0.1742, 2.1654 2.1086 0.1742, 2.3268 2.1135 0.1632, 2.1654 2.1135 0.1632, 2.3268 2.1155 0.1513, 2.1654 2.1155 0.1513, 2.3268 2.1181 0.076, 2.1654 2.1181 0.076, 2.3268 2.0 0.2559, 2.3268 2.1769 0.0026, 2.3268 2.1582 0.0101, 2.3268 2.1421 0.0221, 2.3268 2.1295 0.0378, 2.3268 2.1214 0.0562, 2.1654 2.1214 0.0562, 2.1654 2.1295 0.0378, 2.1654 2.1421 0.0221, 2.1654 2.1582 0.0101, 2.1654 2.1769 0.0026, 2.1654 2.0 0.2559, 2.8268 2.0683 0.2598, 2.6654 2.0683 0.2598, 2.8268 1.9997 0.2598, 2.6654 1.9997 0.2598, 2.8268 2.315 0.0, 2.8268 2.1968 0.0, 2.6654 2.315 0.0, 2.6654 2.1968 0.0, 2.8268 2.315 0.063, 2.6654 2.315 0.063, 2.8268 2.1968 0.063, 2.6654 2.1968 0.063, 2.8268 2.1928 0.0635, 2.6654 2.1928 0.0635, 2.8268 2.1891 0.065, 2.6654 2.1891 0.065, 2.8268 2.1859 0.0674, 2.6654 2.1859 0.0674, 2.8268 2.1834 0.0706, 2.6654 2.1834 0.0706, 2.8268 2.1817 0.0742, 2.6654 2.1817 0.0742, 2.8268 2.1811 0.0782, 2.6654 2.1811 0.0782, 2.8268 2.1784 0.1535, 2.6654 2.1784 0.1535, 2.6654 2.1739 0.1812, 2.8268 2.1739 0.1812, 2.6654 2.1624 0.2069, 2.8268 2.1624 0.2069, 2.6654 2.1448 0.2289, 2.8268 2.1448 0.2289, 2.6654 2.1223 0.2457, 2.8268 2.1223 0.2457, 2.6654 2.0962 0.2563, 2.8268 2.0962 0.2563, 2.6654 2.0683 0.1969, 2.8268 2.0683 0.1969, 2.6654 1.9948 0.1969, 2.8268 1.9948 0.1969, 2.8268 2.0802 0.1953, 2.6654 2.0802 0.1953, 2.8268 2.0914 0.1908, 2.6654 2.0914 0.1908, 2.8268 2.1011 0.1836, 2.6654 2.1011 0.1836, 2.8268 2.1086 0.1742, 2.6654 2.1086 0.1742, 2.8268 2.1135 0.1632, 2.6654 2.1135 0.1632, 2.8268 2.1155 0.1513, 2.6654 2.1155 0.1513, 2.8268 2.1181 0.076, 2.6654 2.1181 0.076, 2.8268 2.0 0.2559, 2.8268 2.1769 0.0026, 2.8268 2.1582 0.0101, 2.8268 2.1421 0.0221, 2.8268 2.1295 0.0378, 2.8268 2.1214 0.0562, 2.6654 2.1214 0.0562, 2.6654 2.1295 0.0378, 2.6654 2.1421 0.0221, 2.6654 2.1582 0.0101, 2.6654 2.1769 0.0026, 2.6654 2.0 0.2559, 3.3268 2.0683 0.2598, 3.1654 2.0683 0.2598, 3.3268 1.9997 0.2598, 3.1654 1.9997 0.2598, 3.3268 2.315 0.0, 3.3268 2.1968 0.0, 3.1654 2.315 0.0, 3.1654 2.1968 0.0, 3.3268 2.315 0.063, 3.1654 2.315 0.063, 3.3268 2.1968 0.063, 3.1654 2.1968 0.063, 3.3268 2.1928 0.0635, 3.1654 2.1928 0.0635, 3.3268 2.1891 0.065, 3.1654 2.1891 0.065, 3.3268 2.1859 0.0674, 3.1654 2.1859 0.0674, 3.3268 2.1834 0.0706, 3.1654 2.1834 0.0706, 3.3268 2.1817 0.0742, 3.1654 2.1817 0.0742, 3.3268 2.1811 0.0782, 3.1654 2.1811 0.0782, 3.3268 2.1784 0.1535, 3.1654 2.1784 0.1535, 3.1654 2.1739 0.1812, 3.3268 2.1739 0.1812, 3.1654 2.1624 0.2069, 3.3268 2.1624 0.2069, 3.1654 2.1448 0.2289, 3.3268 2.1448 0.2289, 3.1654 2.1223 0.2457, 3.3268 2.1223 0.2457, 3.1654 2.0962 0.2563, 3.3268 2.0962 0.2563, 3.1654 2.0683 0.1969, 3.3268 2.0683 0.1969, 3.1654 1.9948 0.1969, 3.3268 1.9948 0.1969, 3.3268 2.0802 0.1953, 3.1654 2.0802 0.1953, 3.3268 2.0914 0.1908, 3.1654 2.0914 0.1908, 3.3268 2.1011 0.1836, 3.1654 2.1011 0.1836, 3.3268 2.1086 0.1742, 3.1654 2.1086 0.1742, 3.3268 2.1135 0.1632, 3.1654 2.1135 0.1632, 3.3268 2.1155 0.1513, 3.1654 2.1155 0.1513, 3.3268 2.1181 0.076, 3.1654 2.1181 0.076, 3.3268 2.0 0.2559, 3.3268 2.1769 0.0026, 3.3268 2.1582 0.0101, 3.3268 2.1421 0.0221, 3.3268 2.1295 0.0378, 3.3268 2.1214 0.0562, 3.1654 2.1214 0.0562, 3.1654 2.1295 0.0378, 3.1654 2.1421 0.0221, 3.1654 2.1582 0.0101, 3.1654 2.1769 0.0026, 3.1654 2.0 0.2559, 3.8268 2.0683 0.2598, 3.6654 2.0683 0.2598, 3.8268 1.9997 0.2598, 3.6654 1.9997 0.2598, 3.8268 2.315 0.0, 3.8268 2.1968 0.0, 3.6654 2.315 0.0, 3.6654 2.1968 0.0, 3.8268 2.315 0.063, 3.6654 2.315 0.063, 3.8268 2.1968 0.063, 3.6654 2.1968 0.063, 3.8268 2.1928 0.0635, 3.6654 2.1928 0.0635, 3.8268 2.1891 0.065, 3.6654 2.1891 0.065, 3.8268 2.1859 0.0674, 3.6654 2.1859 0.0674, 3.8268 2.1834 0.0706, 3.6654 2.1834 0.0706, 3.8268 2.1817 0.0742, 3.6654 2.1817 0.0742, 3.8268 2.1811 0.0782, 3.6654 2.1811 0.0782, 3.8268 2.1784 0.1535, 3.6654 2.1784 0.1535, 3.6654 2.1739 0.1812, 3.8268 2.1739 0.1812, 3.6654 2.1624 0.2069, 3.8268 2.1624 0.2069, 3.6654 2.1448 0.2289, 3.8268 2.1448 0.2289, 3.6654 2.1223 0.2457, 3.8268 2.1223 0.2457, 3.6654 2.0962 0.2563, 3.8268 2.0962 0.2563, 3.6654 2.0683 0.1969, 3.8268 2.0683 0.1969, 3.6654 1.9948 0.1969, 3.8268 1.9948 0.1969, 3.8268 2.0802 0.1953, 3.6654 2.0802 0.1953, 3.8268 2.0914 0.1908, 3.6654 2.0914 0.1908, 3.8268 2.1011 0.1836, 3.6654 2.1011 0.1836, 3.8268 2.1086 0.1742, 3.6654 2.1086 0.1742, 3.8268 2.1135 0.1632, 3.6654 2.1135 0.1632, 3.8268 2.1155 0.1513, 3.6654 2.1155 0.1513, 3.8268 2.1181 0.076, 3.6654 2.1181 0.076, 3.8268 2.0 0.2559, 3.8268 2.1769 0.0026, 3.8268 2.1582 0.0101, 3.8268 2.1421 0.0221, 3.8268 2.1295 0.0378, 3.8268 2.1214 0.0562, 3.6654 2.1214 0.0562, 3.6654 2.1295 0.0378, 3.6654 2.1421 0.0221, 3.6654 2.1582 0.0101, 3.6654 2.1769 0.0026, 3.6654 2.0 0.2559, -0.1732 2.0683 0.2598, -0.3346 2.0683 0.2598, -0.1732 1.9997 0.2598, -0.3346 1.9997 0.2598, -0.1732 2.315 0.0, -0.1732 2.1968 0.0, -0.3346 2.315 0.0, -0.3346 2.1968 0.0, -0.1732 2.315 0.063, -0.3346 2.315 0.063, -0.1732 2.1968 0.063, -0.3346 2.1968 0.063, -0.1732 2.1928 0.0635, -0.3346 2.1928 0.0635, -0.1732 2.1891 0.065, -0.3346 2.1891 0.065, -0.1732 2.1859 0.0674, -0.3346 2.1859 0.0674, -0.1732 2.1834 0.0706, -0.3346 2.1834 0.0706, -0.1732 2.1817 0.0742, -0.3346 2.1817 0.0742, -0.1732 2.1811 0.0782, -0.3346 2.1811 0.0782, -0.1732 2.1784 0.1535, -0.3346 2.1784 0.1535, -0.3346 2.1739 0.1812, -0.1732 2.1739 0.1812, -0.3346 2.1624 0.2069, -0.1732 2.1624 0.2069, -0.3346 2.1448 0.2289, -0.1732 2.1448 0.2289, -0.3346 2.1223 0.2457, -0.1732 2.1223 0.2457, -0.3346 2.0962 0.2563, -0.1732 2.0962 0.2563, -0.3346 2.0683 0.1969, -0.1732 2.0683 0.1969, -0.3346 1.9948 0.1969, -0.1732 1.9948 0.1969, -0.1732 2.0802 0.1953, -0.3346 2.0802 0.1953, -0.1732 2.0914 0.1908, -0.3346 2.0914 0.1908, -0.1732 2.1011 0.1836, -0.3346 2.1011 0.1836, -0.1732 2.1086 0.1742, -0.3346 2.1086 0.1742, -0.1732 2.1135 0.1632, -0.3346 2.1135 0.1632, -0.1732 2.1155 0.1513, -0.3346 2.1155 0.1513, -0.1732 2.1181 0.076, -0.3346 2.1181 0.076, -0.1732 2.0 0.2559, -0.1732 2.1769 0.0026, -0.1732 2.1582 0.0101, -0.1732 2.1421 0.0221, -0.1732 2.1295 0.0378, -0.1732 2.1214 0.0562, -0.3346 2.1214 0.0562, -0.3346 2.1295 0.0378, -0.3346 2.1421 0.0221, -0.3346 2.1582 0.0101, -0.3346 2.1769 0.0026, -0.3346 2.0 0.2559, -0.6732 2.0683 0.2598, -0.8346 2.0683 0.2598, -0.6732 1.9997 0.2598, -0.8346 1.9997 0.2598, -0.6732 2.315 0.0, -0.6732 2.1968 0.0, -0.8346 2.315 0.0, -0.8346 2.1968 0.0, -0.6732 2.315 0.063, -0.8346 2.315 0.063, -0.6732 2.1968 0.063, -0.8346 2.1968 0.063, -0.6732 2.1928 0.0635, -0.8346 2.1928 0.0635, -0.6732 2.1891 0.065, -0.8346 2.1891 0.065, -0.6732 2.1859 0.0674, -0.8346 2.1859 0.0674, -0.6732 2.1834 0.0706, -0.8346 2.1834 0.0706, -0.6732 2.1817 0.0742, -0.8346 2.1817 0.0742, -0.6732 2.1811 0.0782, -0.8346 2.1811 0.0782, -0.6732 2.1784 0.1535, -0.8346 2.1784 0.1535, -0.8346 2.1739 0.1812, -0.6732 2.1739 0.1812, -0.8346 2.1624 0.2069, -0.6732 2.1624 0.2069, -0.8346 2.1448 0.2289, -0.6732 2.1448 0.2289, -0.8346 2.1223 0.2457, -0.6732 2.1223 0.2457, -0.8346 2.0962 0.2563, -0.6732 2.0962 0.2563, -0.8346 2.0683 0.1969, -0.6732 2.0683 0.1969, -0.8346 1.9948 0.1969, -0.6732 1.9948 0.1969, -0.6732 2.0802 0.1953, -0.8346 2.0802 0.1953, -0.6732 2.0914 0.1908, -0.8346 2.0914 0.1908, -0.6732 2.1011 0.1836, -0.8346 2.1011 0.1836, -0.6732 2.1086 0.1742, -0.8346 2.1086 0.1742, -0.6732 2.1135 0.1632, -0.8346 2.1135 0.1632, -0.6732 2.1155 0.1513, -0.8346 2.1155 0.1513, -0.6732 2.1181 0.076, -0.8346 2.1181 0.076, -0.6732 2.0 0.2559, -0.6732 2.1769 0.0026, -0.6732 2.1582 0.0101, -0.6732 2.1421 0.0221, -0.6732 2.1295 0.0378, -0.6732 2.1214 0.0562, -0.8346 2.1214 0.0562, -0.8346 2.1295 0.0378, -0.8346 2.1421 0.0221, -0.8346 2.1582 0.0101, -0.8346 2.1769 0.0026, -0.8346 2.0 0.2559, -1.1732 2.0683 0.2598, -1.3346 2.0683 0.2598, -1.1732 1.9997 0.2598, -1.3346 1.9997 0.2598, -1.1732 2.315 0.0, -1.1732 2.1968 0.0, -1.3346 2.315 0.0, -1.3346 2.1968 0.0, -1.1732 2.315 0.063, -1.3346 2.315 0.063, -1.1732 2.1968 0.063, -1.3346 2.1968 0.063, -1.1732 2.1928 0.0635, -1.3346 2.1928 0.0635, -1.1732 2.1891 0.065, -1.3346 2.1891 0.065, -1.1732 2.1859 0.0674, -1.3346 2.1859 0.0674, -1.1732 2.1834 0.0706, -1.3346 2.1834 0.0706, -1.1732 2.1817 0.0742, -1.3346 2.1817 0.0742, -1.1732 2.1811 0.0782, -1.3346 2.1811 0.0782, -1.1732 2.1784 0.1535, -1.3346 2.1784 0.1535, -1.3346 2.1739 0.1812, -1.1732 2.1739 0.1812, -1.3346 2.1624 0.2069, -1.1732 2.1624 0.2069, -1.3346 2.1448 0.2289, -1.1732 2.1448 0.2289, -1.3346 2.1223 0.2457, -1.1732 2.1223 0.2457, -1.3346 2.0962 0.2563, -1.1732 2.0962 0.2563, -1.3346 2.0683 0.1969, -1.1732 2.0683 0.1969, -1.3346 1.9948 0.1969, -1.1732 1.9948 0.1969, -1.1732 2.0802 0.1953, -1.3346 2.0802 0.1953, -1.1732 2.0914 0.1908, -1.3346 2.0914 0.1908, -1.1732 2.1011 0.1836, -1.3346 2.1011 0.1836, -1.1732 2.1086 0.1742, -1.3346 2.1086 0.1742, -1.1732 2.1135 0.1632, -1.3346 2.1135 0.1632, -1.1732 2.1155 0.1513, -1.3346 2.1155 0.1513, -1.1732 2.1181 0.076, -1.3346 2.1181 0.076, -1.1732 2.0 0.2559, -1.1732 2.1769 0.0026, -1.1732 2.1582 0.0101, -1.1732 2.1421 0.0221, -1.1732 2.1295 0.0378, -1.1732 2.1214 0.0562, -1.3346 2.1214 0.0562, -1.3346 2.1295 0.0378, -1.3346 2.1421 0.0221, -1.3346 2.1582 0.0101, -1.3346 2.1769 0.0026, -1.3346 2.0 0.2559, -1.6732 2.0683 0.2598, -1.8346 2.0683 0.2598, -1.6732 1.9997 0.2598, -1.8346 1.9997 0.2598, -1.6732 2.315 0.0, -1.6732 2.1968 0.0, -1.8346 2.315 0.0, -1.8346 2.1968 0.0, -1.6732 2.315 0.063, -1.8346 2.315 0.063, -1.6732 2.1968 0.063, -1.8346 2.1968 0.063, -1.6732 2.1928 0.0635, -1.8346 2.1928 0.0635, -1.6732 2.1891 0.065, -1.8346 2.1891 0.065, -1.6732 2.1859 0.0674, -1.8346 2.1859 0.0674, -1.6732 2.1834 0.0706, -1.8346 2.1834 0.0706, -1.6732 2.1817 0.0742, -1.8346 2.1817 0.0742, -1.6732 2.1811 0.0782, -1.8346 2.1811 0.0782, -1.6732 2.1784 0.1535, -1.8346 2.1784 0.1535, -1.8346 2.1739 0.1812, -1.6732 2.1739 0.1812, -1.8346 2.1624 0.2069, -1.6732 2.1624 0.2069, -1.8346 2.1448 0.2289, -1.6732 2.1448 0.2289, -1.8346 2.1223 0.2457, -1.6732 2.1223 0.2457, -1.8346 2.0962 0.2563, -1.6732 2.0962 0.2563, -1.8346 2.0683 0.1969, -1.6732 2.0683 0.1969, -1.8346 1.9948 0.1969, -1.6732 1.9948 0.1969, -1.6732 2.0802 0.1953, -1.8346 2.0802 0.1953, -1.6732 2.0914 0.1908, -1.8346 2.0914 0.1908, -1.6732 2.1011 0.1836, -1.8346 2.1011 0.1836, -1.6732 2.1086 0.1742, -1.8346 2.1086 0.1742, -1.6732 2.1135 0.1632, -1.8346 2.1135 0.1632, -1.6732 2.1155 0.1513, -1.8346 2.1155 0.1513, -1.6732 2.1181 0.076, -1.8346 2.1181 0.076, -1.6732 2.0 0.2559, -1.6732 2.1769 0.0026, -1.6732 2.1582 0.0101, -1.6732 2.1421 0.0221, -1.6732 2.1295 0.0378, -1.6732 2.1214 0.0562, -1.8346 2.1214 0.0562, -1.8346 2.1295 0.0378, -1.8346 2.1421 0.0221, -1.8346 2.1582 0.0101, -1.8346 2.1769 0.0026, -1.8346 2.0 0.2559, -2.1732 2.0683 0.2598, -2.3346 2.0683 0.2598, -2.1732 1.9997 0.2598, -2.3346 1.9997 0.2598, -2.1732 2.315 0.0, -2.1732 2.1968 0.0, -2.3346 2.315 0.0, -2.3346 2.1968 0.0, -2.1732 2.315 0.063, -2.3346 2.315 0.063, -2.1732 2.1968 0.063, -2.3346 2.1968 0.063, -2.1732 2.1928 0.0635, -2.3346 2.1928 0.0635, -2.1732 2.1891 0.065, -2.3346 2.1891 0.065, -2.1732 2.1859 0.0674, -2.3346 2.1859 0.0674, -2.1732 2.1834 0.0706, -2.3346 2.1834 0.0706, -2.1732 2.1817 0.0742, -2.3346 2.1817 0.0742, -2.1732 2.1811 0.0782, -2.3346 2.1811 0.0782, -2.1732 2.1784 0.1535, -2.3346 2.1784 0.1535, -2.3346 2.1739 0.1812, -2.1732 2.1739 0.1812, -2.3346 2.1624 0.2069, -2.1732 2.1624 0.2069, -2.3346 2.1448 0.2289, -2.1732 2.1448 0.2289, -2.3346 2.1223 0.2457, -2.1732 2.1223 0.2457, -2.3346 2.0962 0.2563, -2.1732 2.0962 0.2563, -2.3346 2.0683 0.1969, -2.1732 2.0683 0.1969, -2.3346 1.9948 0.1969, -2.1732 1.9948 0.1969, -2.1732 2.0802 0.1953, -2.3346 2.0802 0.1953, -2.1732 2.0914 0.1908, -2.3346 2.0914 0.1908, -2.1732 2.1011 0.1836, -2.3346 2.1011 0.1836, -2.1732 2.1086 0.1742, -2.3346 2.1086 0.1742, -2.1732 2.1135 0.1632, -2.3346 2.1135 0.1632, -2.1732 2.1155 0.1513, -2.3346 2.1155 0.1513, -2.1732 2.1181 0.076, -2.3346 2.1181 0.076, -2.1732 2.0 0.2559, -2.1732 2.1769 0.0026, -2.1732 2.1582 0.0101, -2.1732 2.1421 0.0221, -2.1732 2.1295 0.0378, -2.1732 2.1214 0.0562, -2.3346 2.1214 0.0562, -2.3346 2.1295 0.0378, -2.3346 2.1421 0.0221, -2.3346 2.1582 0.0101, -2.3346 2.1769 0.0026, -2.3346 2.0 0.2559, -2.6732 2.0683 0.2598, -2.8346 2.0683 0.2598, -2.6732 1.9997 0.2598, -2.8346 1.9997 0.2598, -2.6732 2.315 0.0, -2.6732 2.1968 0.0, -2.8346 2.315 0.0, -2.8346 2.1968 0.0, -2.6732 2.315 0.063, -2.8346 2.315 0.063, -2.6732 2.1968 0.063, -2.8346 2.1968 0.063, -2.6732 2.1928 0.0635, -2.8346 2.1928 0.0635, -2.6732 2.1891 0.065, -2.8346 2.1891 0.065, -2.6732 2.1859 0.0674, -2.8346 2.1859 0.0674, -2.6732 2.1834 0.0706, -2.8346 2.1834 0.0706, -2.6732 2.1817 0.0742, -2.8346 2.1817 0.0742, -2.6732 2.1811 0.0782, -2.8346 2.1811 0.0782, -2.6732 2.1784 0.1535, -2.8346 2.1784 0.1535, -2.8346 2.1739 0.1812, -2.6732 2.1739 0.1812, -2.8346 2.1624 0.2069, -2.6732 2.1624 0.2069, -2.8346 2.1448 0.2289, -2.6732 2.1448 0.2289, -2.8346 2.1223 0.2457, -2.6732 2.1223 0.2457, -2.8346 2.0962 0.2563, -2.6732 2.0962 0.2563, -2.8346 2.0683 0.1969, -2.6732 2.0683 0.1969, -2.8346 1.9948 0.1969, -2.6732 1.9948 0.1969, -2.6732 2.0802 0.1953, -2.8346 2.0802 0.1953, -2.6732 2.0914 0.1908, -2.8346 2.0914 0.1908, -2.6732 2.1011 0.1836, -2.8346 2.1011 0.1836, -2.6732 2.1086 0.1742, -2.8346 2.1086 0.1742, -2.6732 2.1135 0.1632, -2.8346 2.1135 0.1632, -2.6732 2.1155 0.1513, -2.8346 2.1155 0.1513, -2.6732 2.1181 0.076, -2.8346 2.1181 0.076, -2.6732 2.0 0.2559, -2.6732 2.1769 0.0026, -2.6732 2.1582 0.0101, -2.6732 2.1421 0.0221, -2.6732 2.1295 0.0378, -2.6732 2.1214 0.0562, -2.8346 2.1214 0.0562, -2.8346 2.1295 0.0378, -2.8346 2.1421 0.0221, -2.8346 2.1582 0.0101, -2.8346 2.1769 0.0026, -2.8346 2.0 0.2559, -3.1732 2.0683 0.2598, -3.3346 2.0683 0.2598, -3.1732 1.9997 0.2598, -3.3346 1.9997 0.2598, -3.1732 2.315 0.0, -3.1732 2.1968 0.0, -3.3346 2.315 0.0, -3.3346 2.1968 0.0, -3.1732 2.315 0.063, -3.3346 2.315 0.063, -3.1732 2.1968 0.063, -3.3346 2.1968 0.063, -3.1732 2.1928 0.0635, -3.3346 2.1928 0.0635, -3.1732 2.1891 0.065, -3.3346 2.1891 0.065, -3.1732 2.1859 0.0674, -3.3346 2.1859 0.0674, -3.1732 2.1834 0.0706, -3.3346 2.1834 0.0706, -3.1732 2.1817 0.0742, -3.3346 2.1817 0.0742, -3.1732 2.1811 0.0782, -3.3346 2.1811 0.0782, -3.1732 2.1784 0.1535, -3.3346 2.1784 0.1535, -3.3346 2.1739 0.1812, -3.1732 2.1739 0.1812, -3.3346 2.1624 0.2069, -3.1732 2.1624 0.2069, -3.3346 2.1448 0.2289, -3.1732 2.1448 0.2289, -3.3346 2.1223 0.2457, -3.1732 2.1223 0.2457, -3.3346 2.0962 0.2563, -3.1732 2.0962 0.2563, -3.3346 2.0683 0.1969, -3.1732 2.0683 0.1969, -3.3346 1.9948 0.1969, -3.1732 1.9948 0.1969, -3.1732 2.0802 0.1953, -3.3346 2.0802 0.1953, -3.1732 2.0914 0.1908, -3.3346 2.0914 0.1908, -3.1732 2.1011 0.1836, -3.3346 2.1011 0.1836, -3.1732 2.1086 0.1742, -3.3346 2.1086 0.1742, -3.1732 2.1135 0.1632, -3.3346 2.1135 0.1632, -3.1732 2.1155 0.1513, -3.3346 2.1155 0.1513, -3.1732 2.1181 0.076, -3.3346 2.1181 0.076, -3.1732 2.0 0.2559, -3.1732 2.1769 0.0026, -3.1732 2.1582 0.0101, -3.1732 2.1421 0.0221, -3.1732 2.1295 0.0378, -3.1732 2.1214 0.0562, -3.3346 2.1214 0.0562, -3.3346 2.1295 0.0378, -3.3346 2.1421 0.0221, -3.3346 2.1582 0.0101, -3.3346 2.1769 0.0026, -3.3346 2.0 0.2559, -3.6732 2.0683 0.2598, -3.8346 2.0683 0.2598, -3.6732 1.9997 0.2598, -3.8346 1.9997 0.2598, -3.6732 2.315 0.0, -3.6732 2.1968 0.0, -3.8346 2.315 0.0, -3.8346 2.1968 0.0, -3.6732 2.315 0.063, -3.8346 2.315 0.063, -3.6732 2.1968 0.063, -3.8346 2.1968 0.063, -3.6732 2.1928 0.0635, -3.8346 2.1928 0.0635, -3.6732 2.1891 0.065, -3.8346 2.1891 0.065, -3.6732 2.1859 0.0674, -3.8346 2.1859 0.0674, -3.6732 2.1834 0.0706, -3.8346 2.1834 0.0706, -3.6732 2.1817 0.0742, -3.8346 2.1817 0.0742, -3.6732 2.1811 0.0782, -3.8346 2.1811 0.0782, -3.6732 2.1784 0.1535, -3.8346 2.1784 0.1535, -3.8346 2.1739 0.1812, -3.6732 2.1739 0.1812, -3.8346 2.1624 0.2069, -3.6732 2.1624 0.2069, -3.8346 2.1448 0.2289, -3.6732 2.1448 0.2289, -3.8346 2.1223 0.2457, -3.6732 2.1223 0.2457, -3.8346 2.0962 0.2563, -3.6732 2.0962 0.2563, -3.8346 2.0683 0.1969, -3.6732 2.0683 0.1969, -3.8346 1.9948 0.1969, -3.6732 1.9948 0.1969, -3.6732 2.0802 0.1953, -3.8346 2.0802 0.1953, -3.6732 2.0914 0.1908, -3.8346 2.0914 0.1908, -3.6732 2.1011 0.1836, -3.8346 2.1011 0.1836, -3.6732 2.1086 0.1742, -3.8346 2.1086 0.1742, -3.6732 2.1135 0.1632, -3.8346 2.1135 0.1632, -3.6732 2.1155 0.1513, -3.8346 2.1155 0.1513, -3.6732 2.1181 0.076, -3.8346 2.1181 0.076, -3.6732 2.0 0.2559, -3.6732 2.1769 0.0026, -3.6732 2.1582 0.0101, -3.6732 2.1421 0.0221, -3.6732 2.1295 0.0378, -3.6732 2.1214 0.0562, -3.8346 2.1214 0.0562, -3.8346 2.1295 0.0378, -3.8346 2.1421 0.0221, -3.8346 2.1582 0.0101, -3.8346 2.1769 0.0026, -3.8346 2.0 0.2559, 0.1654 -2.0683 0.2598, 0.3268 -2.0683 0.2598, 0.1654 -1.9997 0.2598, 0.3268 -1.9997 0.2598, 0.3268 -2.1968 0.0, 0.3268 -2.315 0.0, 0.1654 -2.1968 0.0, 0.1654 -2.315 0.0, 0.3268 -2.315 0.063, 0.1654 -2.315 0.063, 0.3268 -2.1968 0.063, 0.1654 -2.1968 0.063, 0.3268 -2.1811 0.0782, 0.1654 -2.1811 0.0782, 0.3268 -2.1817 0.0742, 0.1654 -2.1817 0.0742, 0.3268 -2.1834 0.0706, 0.1654 -2.1834 0.0706, 0.3268 -2.1859 0.0674, 0.1654 -2.1859 0.0674, 0.3268 -2.1891 0.065, 0.1654 -2.1891 0.065, 0.3268 -2.1928 0.0635, 0.1654 -2.1928 0.0635, 0.3268 -2.1784 0.1535, 0.1654 -2.1784 0.1535, 0.1654 -2.0962 0.2563, 0.3268 -2.0962 0.2563, 0.1654 -2.1223 0.2457, 0.3268 -2.1223 0.2457, 0.1654 -2.1448 0.2289, 0.3268 -2.1448 0.2289, 0.1654 -2.1624 0.2069, 0.3268 -2.1624 0.2069, 0.1654 -2.1739 0.1812, 0.3268 -2.1739 0.1812, 0.3268 -2.0683 0.1969, 0.1654 -2.0683 0.1969, 0.3268 -1.9948 0.1969, 0.1654 -1.9948 0.1969, 0.3268 -2.1155 0.1513, 0.1654 -2.1155 0.1513, 0.3268 -2.1135 0.1632, 0.1654 -2.1135 0.1632, 0.3268 -2.1086 0.1742, 0.1654 -2.1086 0.1742, 0.3268 -2.1011 0.1836, 0.1654 -2.1011 0.1836, 0.3268 -2.0914 0.1908, 0.1654 -2.0914 0.1908, 0.3268 -2.0802 0.1953, 0.1654 -2.0802 0.1953, 0.3268 -2.1181 0.076, 0.1654 -2.1181 0.076, 0.3268 -2.0 0.2559, 0.3268 -2.1769 0.0026, 0.3268 -2.1582 0.0101, 0.3268 -2.1421 0.0221, 0.3268 -2.1295 0.0378, 0.3268 -2.1214 0.0562, 0.1654 -2.1769 0.0026, 0.1654 -2.1582 0.0101, 0.1654 -2.1421 0.0221, 0.1654 -2.1295 0.0378, 0.1654 -2.1214 0.0562, 0.1654 -2.0 0.2559, 0.6654 -2.0683 0.2598, 0.8268 -2.0683 0.2598, 0.6654 -1.9997 0.2598, 0.8268 -1.9997 0.2598, 0.8268 -2.1968 0.0, 0.8268 -2.315 0.0, 0.6654 -2.1968 0.0, 0.6654 -2.315 0.0, 0.8268 -2.315 0.063, 0.6654 -2.315 0.063, 0.8268 -2.1968 0.063, 0.6654 -2.1968 0.063, 0.8268 -2.1811 0.0782, 0.6654 -2.1811 0.0782, 0.8268 -2.1817 0.0742, 0.6654 -2.1817 0.0742, 0.8268 -2.1834 0.0706, 0.6654 -2.1834 0.0706, 0.8268 -2.1859 0.0674, 0.6654 -2.1859 0.0674, 0.8268 -2.1891 0.065, 0.6654 -2.1891 0.065, 0.8268 -2.1928 0.0635, 0.6654 -2.1928 0.0635, 0.8268 -2.1784 0.1535, 0.6654 -2.1784 0.1535, 0.6654 -2.0962 0.2563, 0.8268 -2.0962 0.2563, 0.6654 -2.1223 0.2457, 0.8268 -2.1223 0.2457, 0.6654 -2.1448 0.2289, 0.8268 -2.1448 0.2289, 0.6654 -2.1624 0.2069, 0.8268 -2.1624 0.2069, 0.6654 -2.1739 0.1812, 0.8268 -2.1739 0.1812, 0.8268 -2.0683 0.1969, 0.6654 -2.0683 0.1969, 0.8268 -1.9948 0.1969, 0.6654 -1.9948 0.1969, 0.8268 -2.1155 0.1513, 0.6654 -2.1155 0.1513, 0.8268 -2.1135 0.1632, 0.6654 -2.1135 0.1632, 0.8268 -2.1086 0.1742, 0.6654 -2.1086 0.1742, 0.8268 -2.1011 0.1836, 0.6654 -2.1011 0.1836, 0.8268 -2.0914 0.1908, 0.6654 -2.0914 0.1908, 0.8268 -2.0802 0.1953, 0.6654 -2.0802 0.1953, 0.8268 -2.1181 0.076, 0.6654 -2.1181 0.076, 0.8268 -2.0 0.2559, 0.8268 -2.1769 0.0026, 0.8268 -2.1582 0.0101, 0.8268 -2.1421 0.0221, 0.8268 -2.1295 0.0378, 0.8268 -2.1214 0.0562, 0.6654 -2.1769 0.0026, 0.6654 -2.1582 0.0101, 0.6654 -2.1421 0.0221, 0.6654 -2.1295 0.0378, 0.6654 -2.1214 0.0562, 0.6654 -2.0 0.2559, 1.1654 -2.0683 0.2598, 1.3268 -2.0683 0.2598, 1.1654 -1.9997 0.2598, 1.3268 -1.9997 0.2598, 1.3268 -2.1968 0.0, 1.3268 -2.315 0.0, 1.1654 -2.1968 0.0, 1.1654 -2.315 0.0, 1.3268 -2.315 0.063, 1.1654 -2.315 0.063, 1.3268 -2.1968 0.063, 1.1654 -2.1968 0.063, 1.3268 -2.1811 0.0782, 1.1654 -2.1811 0.0782, 1.3268 -2.1817 0.0742, 1.1654 -2.1817 0.0742, 1.3268 -2.1834 0.0706, 1.1654 -2.1834 0.0706, 1.3268 -2.1859 0.0674, 1.1654 -2.1859 0.0674, 1.3268 -2.1891 0.065, 1.1654 -2.1891 0.065, 1.3268 -2.1928 0.0635, 1.1654 -2.1928 0.0635, 1.3268 -2.1784 0.1535, 1.1654 -2.1784 0.1535, 1.1654 -2.0962 0.2563, 1.3268 -2.0962 0.2563, 1.1654 -2.1223 0.2457, 1.3268 -2.1223 0.2457, 1.1654 -2.1448 0.2289, 1.3268 -2.1448 0.2289, 1.1654 -2.1624 0.2069, 1.3268 -2.1624 0.2069, 1.1654 -2.1739 0.1812, 1.3268 -2.1739 0.1812, 1.3268 -2.0683 0.1969, 1.1654 -2.0683 0.1969, 1.3268 -1.9948 0.1969, 1.1654 -1.9948 0.1969, 1.3268 -2.1155 0.1513, 1.1654 -2.1155 0.1513, 1.3268 -2.1135 0.1632, 1.1654 -2.1135 0.1632, 1.3268 -2.1086 0.1742, 1.1654 -2.1086 0.1742, 1.3268 -2.1011 0.1836, 1.1654 -2.1011 0.1836, 1.3268 -2.0914 0.1908, 1.1654 -2.0914 0.1908, 1.3268 -2.0802 0.1953, 1.1654 -2.0802 0.1953, 1.3268 -2.1181 0.076, 1.1654 -2.1181 0.076, 1.3268 -2.0 0.2559, 1.3268 -2.1769 0.0026, 1.3268 -2.1582 0.0101, 1.3268 -2.1421 0.0221, 1.3268 -2.1295 0.0378, 1.3268 -2.1214 0.0562, 1.1654 -2.1769 0.0026, 1.1654 -2.1582 0.0101, 1.1654 -2.1421 0.0221, 1.1654 -2.1295 0.0378, 1.1654 -2.1214 0.0562, 1.1654 -2.0 0.2559, 1.6654 -2.0683 0.2598, 1.8268 -2.0683 0.2598, 1.6654 -1.9997 0.2598, 1.8268 -1.9997 0.2598, 1.8268 -2.1968 0.0, 1.8268 -2.315 0.0, 1.6654 -2.1968 0.0, 1.6654 -2.315 0.0, 1.8268 -2.315 0.063, 1.6654 -2.315 0.063, 1.8268 -2.1968 0.063, 1.6654 -2.1968 0.063, 1.8268 -2.1811 0.0782, 1.6654 -2.1811 0.0782, 1.8268 -2.1817 0.0742, 1.6654 -2.1817 0.0742, 1.8268 -2.1834 0.0706, 1.6654 -2.1834 0.0706, 1.8268 -2.1859 0.0674, 1.6654 -2.1859 0.0674, 1.8268 -2.1891 0.065, 1.6654 -2.1891 0.065, 1.8268 -2.1928 0.0635, 1.6654 -2.1928 0.0635, 1.8268 -2.1784 0.1535, 1.6654 -2.1784 0.1535, 1.6654 -2.0962 0.2563, 1.8268 -2.0962 0.2563, 1.6654 -2.1223 0.2457, 1.8268 -2.1223 0.2457, 1.6654 -2.1448 0.2289, 1.8268 -2.1448 0.2289, 1.6654 -2.1624 0.2069, 1.8268 -2.1624 0.2069, 1.6654 -2.1739 0.1812, 1.8268 -2.1739 0.1812, 1.8268 -2.0683 0.1969, 1.6654 -2.0683 0.1969, 1.8268 -1.9948 0.1969, 1.6654 -1.9948 0.1969, 1.8268 -2.1155 0.1513, 1.6654 -2.1155 0.1513, 1.8268 -2.1135 0.1632, 1.6654 -2.1135 0.1632, 1.8268 -2.1086 0.1742, 1.6654 -2.1086 0.1742, 1.8268 -2.1011 0.1836, 1.6654 -2.1011 0.1836, 1.8268 -2.0914 0.1908, 1.6654 -2.0914 0.1908, 1.8268 -2.0802 0.1953, 1.6654 -2.0802 0.1953, 1.8268 -2.1181 0.076, 1.6654 -2.1181 0.076, 1.8268 -2.0 0.2559, 1.8268 -2.1769 0.0026, 1.8268 -2.1582 0.0101, 1.8268 -2.1421 0.0221, 1.8268 -2.1295 0.0378, 1.8268 -2.1214 0.0562, 1.6654 -2.1769 0.0026, 1.6654 -2.1582 0.0101, 1.6654 -2.1421 0.0221, 1.6654 -2.1295 0.0378, 1.6654 -2.1214 0.0562, 1.6654 -2.0 0.2559, 2.1654 -2.0683 0.2598, 2.3268 -2.0683 0.2598, 2.1654 -1.9997 0.2598, 2.3268 -1.9997 0.2598, 2.3268 -2.1968 0.0, 2.3268 -2.315 0.0, 2.1654 -2.1968 0.0, 2.1654 -2.315 0.0, 2.3268 -2.315 0.063, 2.1654 -2.315 0.063, 2.3268 -2.1968 0.063, 2.1654 -2.1968 0.063, 2.3268 -2.1811 0.0782, 2.1654 -2.1811 0.0782, 2.3268 -2.1817 0.0742, 2.1654 -2.1817 0.0742, 2.3268 -2.1834 0.0706, 2.1654 -2.1834 0.0706, 2.3268 -2.1859 0.0674, 2.1654 -2.1859 0.0674, 2.3268 -2.1891 0.065, 2.1654 -2.1891 0.065, 2.3268 -2.1928 0.0635, 2.1654 -2.1928 0.0635, 2.3268 -2.1784 0.1535, 2.1654 -2.1784 0.1535, 2.1654 -2.0962 0.2563, 2.3268 -2.0962 0.2563, 2.1654 -2.1223 0.2457, 2.3268 -2.1223 0.2457, 2.1654 -2.1448 0.2289, 2.3268 -2.1448 0.2289, 2.1654 -2.1624 0.2069, 2.3268 -2.1624 0.2069, 2.1654 -2.1739 0.1812, 2.3268 -2.1739 0.1812, 2.3268 -2.0683 0.1969, 2.1654 -2.0683 0.1969, 2.3268 -1.9948 0.1969, 2.1654 -1.9948 0.1969, 2.3268 -2.1155 0.1513, 2.1654 -2.1155 0.1513, 2.3268 -2.1135 0.1632, 2.1654 -2.1135 0.1632, 2.3268 -2.1086 0.1742, 2.1654 -2.1086 0.1742, 2.3268 -2.1011 0.1836, 2.1654 -2.1011 0.1836, 2.3268 -2.0914 0.1908, 2.1654 -2.0914 0.1908, 2.3268 -2.0802 0.1953, 2.1654 -2.0802 0.1953, 2.3268 -2.1181 0.076, 2.1654 -2.1181 0.076, 2.3268 -2.0 0.2559, 2.3268 -2.1769 0.0026, 2.3268 -2.1582 0.0101, 2.3268 -2.1421 0.0221, 2.3268 -2.1295 0.0378, 2.3268 -2.1214 0.0562, 2.1654 -2.1769 0.0026, 2.1654 -2.1582 0.0101, 2.1654 -2.1421 0.0221, 2.1654 -2.1295 0.0378, 2.1654 -2.1214 0.0562, 2.1654 -2.0 0.2559, 2.6654 -2.0683 0.2598, 2.8268 -2.0683 0.2598, 2.6654 -1.9997 0.2598, 2.8268 -1.9997 0.2598, 2.8268 -2.1968 0.0, 2.8268 -2.315 0.0, 2.6654 -2.1968 0.0, 2.6654 -2.315 0.0, 2.8268 -2.315 0.063, 2.6654 -2.315 0.063, 2.8268 -2.1968 0.063, 2.6654 -2.1968 0.063, 2.8268 -2.1811 0.0782, 2.6654 -2.1811 0.0782, 2.8268 -2.1817 0.0742, 2.6654 -2.1817 0.0742, 2.8268 -2.1834 0.0706, 2.6654 -2.1834 0.0706, 2.8268 -2.1859 0.0674, 2.6654 -2.1859 0.0674, 2.8268 -2.1891 0.065, 2.6654 -2.1891 0.065, 2.8268 -2.1928 0.0635, 2.6654 -2.1928 0.0635, 2.8268 -2.1784 0.1535, 2.6654 -2.1784 0.1535, 2.6654 -2.0962 0.2563, 2.8268 -2.0962 0.2563, 2.6654 -2.1223 0.2457, 2.8268 -2.1223 0.2457, 2.6654 -2.1448 0.2289, 2.8268 -2.1448 0.2289, 2.6654 -2.1624 0.2069, 2.8268 -2.1624 0.2069, 2.6654 -2.1739 0.1812, 2.8268 -2.1739 0.1812, 2.8268 -2.0683 0.1969, 2.6654 -2.0683 0.1969, 2.8268 -1.9948 0.1969, 2.6654 -1.9948 0.1969, 2.8268 -2.1155 0.1513, 2.6654 -2.1155 0.1513, 2.8268 -2.1135 0.1632, 2.6654 -2.1135 0.1632, 2.8268 -2.1086 0.1742, 2.6654 -2.1086 0.1742, 2.8268 -2.1011 0.1836, 2.6654 -2.1011 0.1836, 2.8268 -2.0914 0.1908, 2.6654 -2.0914 0.1908, 2.8268 -2.0802 0.1953, 2.6654 -2.0802 0.1953, 2.8268 -2.1181 0.076, 2.6654 -2.1181 0.076, 2.8268 -2.0 0.2559, 2.8268 -2.1769 0.0026, 2.8268 -2.1582 0.0101, 2.8268 -2.1421 0.0221, 2.8268 -2.1295 0.0378, 2.8268 -2.1214 0.0562, 2.6654 -2.1769 0.0026, 2.6654 -2.1582 0.0101, 2.6654 -2.1421 0.0221, 2.6654 -2.1295 0.0378, 2.6654 -2.1214 0.0562, 2.6654 -2.0 0.2559, 3.1654 -2.0683 0.2598, 3.3268 -2.0683 0.2598, 3.1654 -1.9997 0.2598, 3.3268 -1.9997 0.2598, 3.3268 -2.1968 0.0, 3.3268 -2.315 0.0, 3.1654 -2.1968 0.0, 3.1654 -2.315 0.0, 3.3268 -2.315 0.063, 3.1654 -2.315 0.063, 3.3268 -2.1968 0.063, 3.1654 -2.1968 0.063, 3.3268 -2.1811 0.0782, 3.1654 -2.1811 0.0782, 3.3268 -2.1817 0.0742, 3.1654 -2.1817 0.0742, 3.3268 -2.1834 0.0706, 3.1654 -2.1834 0.0706, 3.3268 -2.1859 0.0674, 3.1654 -2.1859 0.0674, 3.3268 -2.1891 0.065, 3.1654 -2.1891 0.065, 3.3268 -2.1928 0.0635, 3.1654 -2.1928 0.0635, 3.3268 -2.1784 0.1535, 3.1654 -2.1784 0.1535, 3.1654 -2.0962 0.2563, 3.3268 -2.0962 0.2563, 3.1654 -2.1223 0.2457, 3.3268 -2.1223 0.2457, 3.1654 -2.1448 0.2289, 3.3268 -2.1448 0.2289, 3.1654 -2.1624 0.2069, 3.3268 -2.1624 0.2069, 3.1654 -2.1739 0.1812, 3.3268 -2.1739 0.1812, 3.3268 -2.0683 0.1969, 3.1654 -2.0683 0.1969, 3.3268 -1.9948 0.1969, 3.1654 -1.9948 0.1969, 3.3268 -2.1155 0.1513, 3.1654 -2.1155 0.1513, 3.3268 -2.1135 0.1632, 3.1654 -2.1135 0.1632, 3.3268 -2.1086 0.1742, 3.1654 -2.1086 0.1742, 3.3268 -2.1011 0.1836, 3.1654 -2.1011 0.1836, 3.3268 -2.0914 0.1908, 3.1654 -2.0914 0.1908, 3.3268 -2.0802 0.1953, 3.1654 -2.0802 0.1953, 3.3268 -2.1181 0.076, 3.1654 -2.1181 0.076, 3.3268 -2.0 0.2559, 3.3268 -2.1769 0.0026, 3.3268 -2.1582 0.0101, 3.3268 -2.1421 0.0221, 3.3268 -2.1295 0.0378, 3.3268 -2.1214 0.0562, 3.1654 -2.1769 0.0026, 3.1654 -2.1582 0.0101, 3.1654 -2.1421 0.0221, 3.1654 -2.1295 0.0378, 3.1654 -2.1214 0.0562, 3.1654 -2.0 0.2559, 3.6654 -2.0683 0.2598, 3.8268 -2.0683 0.2598, 3.6654 -1.9997 0.2598, 3.8268 -1.9997 0.2598, 3.8268 -2.1968 0.0, 3.8268 -2.315 0.0, 3.6654 -2.1968 0.0, 3.6654 -2.315 0.0, 3.8268 -2.315 0.063, 3.6654 -2.315 0.063, 3.8268 -2.1968 0.063, 3.6654 -2.1968 0.063, 3.8268 -2.1811 0.0782, 3.6654 -2.1811 0.0782, 3.8268 -2.1817 0.0742, 3.6654 -2.1817 0.0742, 3.8268 -2.1834 0.0706, 3.6654 -2.1834 0.0706, 3.8268 -2.1859 0.0674, 3.6654 -2.1859 0.0674, 3.8268 -2.1891 0.065, 3.6654 -2.1891 0.065, 3.8268 -2.1928 0.0635, 3.6654 -2.1928 0.0635, 3.8268 -2.1784 0.1535, 3.6654 -2.1784 0.1535, 3.6654 -2.0962 0.2563, 3.8268 -2.0962 0.2563, 3.6654 -2.1223 0.2457, 3.8268 -2.1223 0.2457, 3.6654 -2.1448 0.2289, 3.8268 -2.1448 0.2289, 3.6654 -2.1624 0.2069, 3.8268 -2.1624 0.2069, 3.6654 -2.1739 0.1812, 3.8268 -2.1739 0.1812, 3.8268 -2.0683 0.1969, 3.6654 -2.0683 0.1969, 3.8268 -1.9948 0.1969, 3.6654 -1.9948 0.1969, 3.8268 -2.1155 0.1513, 3.6654 -2.1155 0.1513, 3.8268 -2.1135 0.1632, 3.6654 -2.1135 0.1632, 3.8268 -2.1086 0.1742, 3.6654 -2.1086 0.1742, 3.8268 -2.1011 0.1836, 3.6654 -2.1011 0.1836, 3.8268 -2.0914 0.1908, 3.6654 -2.0914 0.1908, 3.8268 -2.0802 0.1953, 3.6654 -2.0802 0.1953, 3.8268 -2.1181 0.076, 3.6654 -2.1181 0.076, 3.8268 -2.0 0.2559, 3.8268 -2.1769 0.0026, 3.8268 -2.1582 0.0101, 3.8268 -2.1421 0.0221, 3.8268 -2.1295 0.0378, 3.8268 -2.1214 0.0562, 3.6654 -2.1769 0.0026, 3.6654 -2.1582 0.0101, 3.6654 -2.1421 0.0221, 3.6654 -2.1295 0.0378, 3.6654 -2.1214 0.0562, 3.6654 -2.0 0.2559, -0.3346 -2.0683 0.2598, -0.1732 -2.0683 0.2598, -0.3346 -1.9997 0.2598, -0.1732 -1.9997 0.2598, -0.1732 -2.1968 0.0, -0.1732 -2.315 0.0, -0.3346 -2.1968 0.0, -0.3346 -2.315 0.0, -0.1732 -2.315 0.063, -0.3346 -2.315 0.063, -0.1732 -2.1968 0.063, -0.3346 -2.1968 0.063, -0.1732 -2.1811 0.0782, -0.3346 -2.1811 0.0782, -0.1732 -2.1817 0.0742, -0.3346 -2.1817 0.0742, -0.1732 -2.1834 0.0706, -0.3346 -2.1834 0.0706, -0.1732 -2.1859 0.0674, -0.3346 -2.1859 0.0674, -0.1732 -2.1891 0.065, -0.3346 -2.1891 0.065, -0.1732 -2.1928 0.0635, -0.3346 -2.1928 0.0635, -0.1732 -2.1784 0.1535, -0.3346 -2.1784 0.1535, -0.3346 -2.0962 0.2563, -0.1732 -2.0962 0.2563, -0.3346 -2.1223 0.2457, -0.1732 -2.1223 0.2457, -0.3346 -2.1448 0.2289, -0.1732 -2.1448 0.2289, -0.3346 -2.1624 0.2069, -0.1732 -2.1624 0.2069, -0.3346 -2.1739 0.1812, -0.1732 -2.1739 0.1812, -0.1732 -2.0683 0.1969, -0.3346 -2.0683 0.1969, -0.1732 -1.9948 0.1969, -0.3346 -1.9948 0.1969, -0.1732 -2.1155 0.1513, -0.3346 -2.1155 0.1513, -0.1732 -2.1135 0.1632, -0.3346 -2.1135 0.1632, -0.1732 -2.1086 0.1742, -0.3346 -2.1086 0.1742, -0.1732 -2.1011 0.1836, -0.3346 -2.1011 0.1836, -0.1732 -2.0914 0.1908, -0.3346 -2.0914 0.1908, -0.1732 -2.0802 0.1953, -0.3346 -2.0802 0.1953, -0.1732 -2.1181 0.076, -0.3346 -2.1181 0.076, -0.1732 -2.0 0.2559, -0.1732 -2.1769 0.0026, -0.1732 -2.1582 0.0101, -0.1732 -2.1421 0.0221, -0.1732 -2.1295 0.0378, -0.1732 -2.1214 0.0562, -0.3346 -2.1769 0.0026, -0.3346 -2.1582 0.0101, -0.3346 -2.1421 0.0221, -0.3346 -2.1295 0.0378, -0.3346 -2.1214 0.0562, -0.3346 -2.0 0.2559, -0.8346 -2.0683 0.2598, -0.6732 -2.0683 0.2598, -0.8346 -1.9997 0.2598, -0.6732 -1.9997 0.2598, -0.6732 -2.1968 0.0, -0.6732 -2.315 0.0, -0.8346 -2.1968 0.0, -0.8346 -2.315 0.0, -0.6732 -2.315 0.063, -0.8346 -2.315 0.063, -0.6732 -2.1968 0.063, -0.8346 -2.1968 0.063, -0.6732 -2.1811 0.0782, -0.8346 -2.1811 0.0782, -0.6732 -2.1817 0.0742, -0.8346 -2.1817 0.0742, -0.6732 -2.1834 0.0706, -0.8346 -2.1834 0.0706, -0.6732 -2.1859 0.0674, -0.8346 -2.1859 0.0674, -0.6732 -2.1891 0.065, -0.8346 -2.1891 0.065, -0.6732 -2.1928 0.0635, -0.8346 -2.1928 0.0635, -0.6732 -2.1784 0.1535, -0.8346 -2.1784 0.1535, -0.8346 -2.0962 0.2563, -0.6732 -2.0962 0.2563, -0.8346 -2.1223 0.2457, -0.6732 -2.1223 0.2457, -0.8346 -2.1448 0.2289, -0.6732 -2.1448 0.2289, -0.8346 -2.1624 0.2069, -0.6732 -2.1624 0.2069, -0.8346 -2.1739 0.1812, -0.6732 -2.1739 0.1812, -0.6732 -2.0683 0.1969, -0.8346 -2.0683 0.1969, -0.6732 -1.9948 0.1969, -0.8346 -1.9948 0.1969, -0.6732 -2.1155 0.1513, -0.8346 -2.1155 0.1513, -0.6732 -2.1135 0.1632, -0.8346 -2.1135 0.1632, -0.6732 -2.1086 0.1742, -0.8346 -2.1086 0.1742, -0.6732 -2.1011 0.1836, -0.8346 -2.1011 0.1836, -0.6732 -2.0914 0.1908, -0.8346 -2.0914 0.1908, -0.6732 -2.0802 0.1953, -0.8346 -2.0802 0.1953, -0.6732 -2.1181 0.076, -0.8346 -2.1181 0.076, -0.6732 -2.0 0.2559, -0.6732 -2.1769 0.0026, -0.6732 -2.1582 0.0101, -0.6732 -2.1421 0.0221, -0.6732 -2.1295 0.0378, -0.6732 -2.1214 0.0562, -0.8346 -2.1769 0.0026, -0.8346 -2.1582 0.0101, -0.8346 -2.1421 0.0221, -0.8346 -2.1295 0.0378, -0.8346 -2.1214 0.0562, -0.8346 -2.0 0.2559, -1.3346 -2.0683 0.2598, -1.1732 -2.0683 0.2598, -1.3346 -1.9997 0.2598, -1.1732 -1.9997 0.2598, -1.1732 -2.1968 0.0, -1.1732 -2.315 0.0, -1.3346 -2.1968 0.0, -1.3346 -2.315 0.0, -1.1732 -2.315 0.063, -1.3346 -2.315 0.063, -1.1732 -2.1968 0.063, -1.3346 -2.1968 0.063, -1.1732 -2.1811 0.0782, -1.3346 -2.1811 0.0782, -1.1732 -2.1817 0.0742, -1.3346 -2.1817 0.0742, -1.1732 -2.1834 0.0706, -1.3346 -2.1834 0.0706, -1.1732 -2.1859 0.0674, -1.3346 -2.1859 0.0674, -1.1732 -2.1891 0.065, -1.3346 -2.1891 0.065, -1.1732 -2.1928 0.0635, -1.3346 -2.1928 0.0635, -1.1732 -2.1784 0.1535, -1.3346 -2.1784 0.1535, -1.3346 -2.0962 0.2563, -1.1732 -2.0962 0.2563, -1.3346 -2.1223 0.2457, -1.1732 -2.1223 0.2457, -1.3346 -2.1448 0.2289, -1.1732 -2.1448 0.2289, -1.3346 -2.1624 0.2069, -1.1732 -2.1624 0.2069, -1.3346 -2.1739 0.1812, -1.1732 -2.1739 0.1812, -1.1732 -2.0683 0.1969, -1.3346 -2.0683 0.1969, -1.1732 -1.9948 0.1969, -1.3346 -1.9948 0.1969, -1.1732 -2.1155 0.1513, -1.3346 -2.1155 0.1513, -1.1732 -2.1135 0.1632, -1.3346 -2.1135 0.1632, -1.1732 -2.1086 0.1742, -1.3346 -2.1086 0.1742, -1.1732 -2.1011 0.1836, -1.3346 -2.1011 0.1836, -1.1732 -2.0914 0.1908, -1.3346 -2.0914 0.1908, -1.1732 -2.0802 0.1953, -1.3346 -2.0802 0.1953, -1.1732 -2.1181 0.076, -1.3346 -2.1181 0.076, -1.1732 -2.0 0.2559, -1.1732 -2.1769 0.0026, -1.1732 -2.1582 0.0101, -1.1732 -2.1421 0.0221, -1.1732 -2.1295 0.0378, -1.1732 -2.1214 0.0562, -1.3346 -2.1769 0.0026, -1.3346 -2.1582 0.0101, -1.3346 -2.1421 0.0221, -1.3346 -2.1295 0.0378, -1.3346 -2.1214 0.0562, -1.3346 -2.0 0.2559, -1.8346 -2.0683 0.2598, -1.6732 -2.0683 0.2598, -1.8346 -1.9997 0.2598, -1.6732 -1.9997 0.2598, -1.6732 -2.1968 0.0, -1.6732 -2.315 0.0, -1.8346 -2.1968 0.0, -1.8346 -2.315 0.0, -1.6732 -2.315 0.063, -1.8346 -2.315 0.063, -1.6732 -2.1968 0.063, -1.8346 -2.1968 0.063, -1.6732 -2.1811 0.0782, -1.8346 -2.1811 0.0782, -1.6732 -2.1817 0.0742, -1.8346 -2.1817 0.0742, -1.6732 -2.1834 0.0706, -1.8346 -2.1834 0.0706, -1.6732 -2.1859 0.0674, -1.8346 -2.1859 0.0674, -1.6732 -2.1891 0.065, -1.8346 -2.1891 0.065, -1.6732 -2.1928 0.0635, -1.8346 -2.1928 0.0635, -1.6732 -2.1784 0.1535, -1.8346 -2.1784 0.1535, -1.8346 -2.0962 0.2563, -1.6732 -2.0962 0.2563, -1.8346 -2.1223 0.2457, -1.6732 -2.1223 0.2457, -1.8346 -2.1448 0.2289, -1.6732 -2.1448 0.2289, -1.8346 -2.1624 0.2069, -1.6732 -2.1624 0.2069, -1.8346 -2.1739 0.1812, -1.6732 -2.1739 0.1812, -1.6732 -2.0683 0.1969, -1.8346 -2.0683 0.1969, -1.6732 -1.9948 0.1969, -1.8346 -1.9948 0.1969, -1.6732 -2.1155 0.1513, -1.8346 -2.1155 0.1513, -1.6732 -2.1135 0.1632, -1.8346 -2.1135 0.1632, -1.6732 -2.1086 0.1742, -1.8346 -2.1086 0.1742, -1.6732 -2.1011 0.1836, -1.8346 -2.1011 0.1836, -1.6732 -2.0914 0.1908, -1.8346 -2.0914 0.1908, -1.6732 -2.0802 0.1953, -1.8346 -2.0802 0.1953, -1.6732 -2.1181 0.076, -1.8346 -2.1181 0.076, -1.6732 -2.0 0.2559, -1.6732 -2.1769 0.0026, -1.6732 -2.1582 0.0101, -1.6732 -2.1421 0.0221, -1.6732 -2.1295 0.0378, -1.6732 -2.1214 0.0562, -1.8346 -2.1769 0.0026, -1.8346 -2.1582 0.0101, -1.8346 -2.1421 0.0221, -1.8346 -2.1295 0.0378, -1.8346 -2.1214 0.0562, -1.8346 -2.0 0.2559, -2.3346 -2.0683 0.2598, -2.1732 -2.0683 0.2598, -2.3346 -1.9997 0.2598, -2.1732 -1.9997 0.2598, -2.1732 -2.1968 0.0, -2.1732 -2.315 0.0, -2.3346 -2.1968 0.0, -2.3346 -2.315 0.0, -2.1732 -2.315 0.063, -2.3346 -2.315 0.063, -2.1732 -2.1968 0.063, -2.3346 -2.1968 0.063, -2.1732 -2.1811 0.0782, -2.3346 -2.1811 0.0782, -2.1732 -2.1817 0.0742, -2.3346 -2.1817 0.0742, -2.1732 -2.1834 0.0706, -2.3346 -2.1834 0.0706, -2.1732 -2.1859 0.0674, -2.3346 -2.1859 0.0674, -2.1732 -2.1891 0.065, -2.3346 -2.1891 0.065, -2.1732 -2.1928 0.0635, -2.3346 -2.1928 0.0635, -2.1732 -2.1784 0.1535, -2.3346 -2.1784 0.1535, -2.3346 -2.0962 0.2563, -2.1732 -2.0962 0.2563, -2.3346 -2.1223 0.2457, -2.1732 -2.1223 0.2457, -2.3346 -2.1448 0.2289, -2.1732 -2.1448 0.2289, -2.3346 -2.1624 0.2069, -2.1732 -2.1624 0.2069, -2.3346 -2.1739 0.1812, -2.1732 -2.1739 0.1812, -2.1732 -2.0683 0.1969, -2.3346 -2.0683 0.1969, -2.1732 -1.9948 0.1969, -2.3346 -1.9948 0.1969, -2.1732 -2.1155 0.1513, -2.3346 -2.1155 0.1513, -2.1732 -2.1135 0.1632, -2.3346 -2.1135 0.1632, -2.1732 -2.1086 0.1742, -2.3346 -2.1086 0.1742, -2.1732 -2.1011 0.1836, -2.3346 -2.1011 0.1836, -2.1732 -2.0914 0.1908, -2.3346 -2.0914 0.1908, -2.1732 -2.0802 0.1953, -2.3346 -2.0802 0.1953, -2.1732 -2.1181 0.076, -2.3346 -2.1181 0.076, -2.1732 -2.0 0.2559, -2.1732 -2.1769 0.0026, -2.1732 -2.1582 0.0101, -2.1732 -2.1421 0.0221, -2.1732 -2.1295 0.0378, -2.1732 -2.1214 0.0562, -2.3346 -2.1769 0.0026, -2.3346 -2.1582 0.0101, -2.3346 -2.1421 0.0221, -2.3346 -2.1295 0.0378, -2.3346 -2.1214 0.0562, -2.3346 -2.0 0.2559, -2.8346 -2.0683 0.2598, -2.6732 -2.0683 0.2598, -2.8346 -1.9997 0.2598, -2.6732 -1.9997 0.2598, -2.6732 -2.1968 0.0, -2.6732 -2.315 0.0, -2.8346 -2.1968 0.0, -2.8346 -2.315 0.0, -2.6732 -2.315 0.063, -2.8346 -2.315 0.063, -2.6732 -2.1968 0.063, -2.8346 -2.1968 0.063, -2.6732 -2.1811 0.0782, -2.8346 -2.1811 0.0782, -2.6732 -2.1817 0.0742, -2.8346 -2.1817 0.0742, -2.6732 -2.1834 0.0706, -2.8346 -2.1834 0.0706, -2.6732 -2.1859 0.0674, -2.8346 -2.1859 0.0674, -2.6732 -2.1891 0.065, -2.8346 -2.1891 0.065, -2.6732 -2.1928 0.0635, -2.8346 -2.1928 0.0635, -2.6732 -2.1784 0.1535, -2.8346 -2.1784 0.1535, -2.8346 -2.0962 0.2563, -2.6732 -2.0962 0.2563, -2.8346 -2.1223 0.2457, -2.6732 -2.1223 0.2457, -2.8346 -2.1448 0.2289, -2.6732 -2.1448 0.2289, -2.8346 -2.1624 0.2069, -2.6732 -2.1624 0.2069, -2.8346 -2.1739 0.1812, -2.6732 -2.1739 0.1812, -2.6732 -2.0683 0.1969, -2.8346 -2.0683 0.1969, -2.6732 -1.9948 0.1969, -2.8346 -1.9948 0.1969, -2.6732 -2.1155 0.1513, -2.8346 -2.1155 0.1513, -2.6732 -2.1135 0.1632, -2.8346 -2.1135 0.1632, -2.6732 -2.1086 0.1742, -2.8346 -2.1086 0.1742, -2.6732 -2.1011 0.1836, -2.8346 -2.1011 0.1836, -2.6732 -2.0914 0.1908, -2.8346 -2.0914 0.1908, -2.6732 -2.0802 0.1953, -2.8346 -2.0802 0.1953, -2.6732 -2.1181 0.076, -2.8346 -2.1181 0.076, -2.6732 -2.0 0.2559, -2.6732 -2.1769 0.0026, -2.6732 -2.1582 0.0101, -2.6732 -2.1421 0.0221, -2.6732 -2.1295 0.0378, -2.6732 -2.1214 0.0562, -2.8346 -2.1769 0.0026, -2.8346 -2.1582 0.0101, -2.8346 -2.1421 0.0221, -2.8346 -2.1295 0.0378, -2.8346 -2.1214 0.0562, -2.8346 -2.0 0.2559, -3.3346 -2.0683 0.2598, -3.1732 -2.0683 0.2598, -3.3346 -1.9997 0.2598, -3.1732 -1.9997 0.2598, -3.1732 -2.1968 0.0, -3.1732 -2.315 0.0, -3.3346 -2.1968 0.0, -3.3346 -2.315 0.0, -3.1732 -2.315 0.063, -3.3346 -2.315 0.063, -3.1732 -2.1968 0.063, -3.3346 -2.1968 0.063, -3.1732 -2.1811 0.0782, -3.3346 -2.1811 0.0782, -3.1732 -2.1817 0.0742, -3.3346 -2.1817 0.0742, -3.1732 -2.1834 0.0706, -3.3346 -2.1834 0.0706, -3.1732 -2.1859 0.0674, -3.3346 -2.1859 0.0674, -3.1732 -2.1891 0.065, -3.3346 -2.1891 0.065, -3.1732 -2.1928 0.0635, -3.3346 -2.1928 0.0635, -3.1732 -2.1784 0.1535, -3.3346 -2.1784 0.1535, -3.3346 -2.0962 0.2563, -3.1732 -2.0962 0.2563, -3.3346 -2.1223 0.2457, -3.1732 -2.1223 0.2457, -3.3346 -2.1448 0.2289, -3.1732 -2.1448 0.2289, -3.3346 -2.1624 0.2069, -3.1732 -2.1624 0.2069, -3.3346 -2.1739 0.1812, -3.1732 -2.1739 0.1812, -3.1732 -2.0683 0.1969, -3.3346 -2.0683 0.1969, -3.1732 -1.9948 0.1969, -3.3346 -1.9948 0.1969, -3.1732 -2.1155 0.1513, -3.3346 -2.1155 0.1513, -3.1732 -2.1135 0.1632, -3.3346 -2.1135 0.1632, -3.1732 -2.1086 0.1742, -3.3346 -2.1086 0.1742, -3.1732 -2.1011 0.1836, -3.3346 -2.1011 0.1836, -3.1732 -2.0914 0.1908, -3.3346 -2.0914 0.1908, -3.1732 -2.0802 0.1953, -3.3346 -2.0802 0.1953, -3.1732 -2.1181 0.076, -3.3346 -2.1181 0.076, -3.1732 -2.0 0.2559, -3.1732 -2.1769 0.0026, -3.1732 -2.1582 0.0101, -3.1732 -2.1421 0.0221, -3.1732 -2.1295 0.0378, -3.1732 -2.1214 0.0562, -3.3346 -2.1769 0.0026, -3.3346 -2.1582 0.0101, -3.3346 -2.1421 0.0221, -3.3346 -2.1295 0.0378, -3.3346 -2.1214 0.0562, -3.3346 -2.0 0.2559, -3.8346 -2.0683 0.2598, -3.6732 -2.0683 0.2598, -3.8346 -1.9997 0.2598, -3.6732 -1.9997 0.2598, -3.6732 -2.1968 0.0, -3.6732 -2.315 0.0, -3.8346 -2.1968 0.0, -3.8346 -2.315 0.0, -3.6732 -2.315 0.063, -3.8346 -2.315 0.063, -3.6732 -2.1968 0.063, -3.8346 -2.1968 0.063, -3.6732 -2.1811 0.0782, -3.8346 -2.1811 0.0782, -3.6732 -2.1817 0.0742, -3.8346 -2.1817 0.0742, -3.6732 -2.1834 0.0706, -3.8346 -2.1834 0.0706, -3.6732 -2.1859 0.0674, -3.8346 -2.1859 0.0674, -3.6732 -2.1891 0.065, -3.8346 -2.1891 0.065, -3.6732 -2.1928 0.0635, -3.8346 -2.1928 0.0635, -3.6732 -2.1784 0.1535, -3.8346 -2.1784 0.1535, -3.8346 -2.0962 0.2563, -3.6732 -2.0962 0.2563, -3.8346 -2.1223 0.2457, -3.6732 -2.1223 0.2457, -3.8346 -2.1448 0.2289, -3.6732 -2.1448 0.2289, -3.8346 -2.1624 0.2069, -3.6732 -2.1624 0.2069, -3.8346 -2.1739 0.1812, -3.6732 -2.1739 0.1812, -3.6732 -2.0683 0.1969, -3.8346 -2.0683 0.1969, -3.6732 -1.9948 0.1969, -3.8346 -1.9948 0.1969, -3.6732 -2.1155 0.1513, -3.8346 -2.1155 0.1513, -3.6732 -2.1135 0.1632, -3.8346 -2.1135 0.1632, -3.6732 -2.1086 0.1742, -3.8346 -2.1086 0.1742, -3.6732 -2.1011 0.1836, -3.8346 -2.1011 0.1836, -3.6732 -2.0914 0.1908, -3.8346 -2.0914 0.1908, -3.6732 -2.0802 0.1953, -3.8346 -2.0802 0.1953, -3.6732 -2.1181 0.076, -3.8346 -2.1181 0.076, -3.6732 -2.0 0.2559, -3.6732 -2.1769 0.0026, -3.6732 -2.1582 0.0101, -3.6732 -2.1421 0.0221, -3.6732 -2.1295 0.0378, -3.6732 -2.1214 0.0562, -3.8346 -2.1769 0.0026, -3.8346 -2.1582 0.0101, -3.8346 -2.1421 0.0221, -3.8346 -2.1295 0.0378, -3.8346 -2.1214 0.0562, -3.8346 -2.0 0.2559
            ]
        }
        coordIndex [
            0,1,2,-1,2,1,3,-1,4,5,6,-1,6,5,7,-1,8,4,9,-1,9,4,6,-1,10,8,11,-1,11,8,9,-1,10,11,12,-1,12,11,13,-1,12,13,14,-1,14,13,15,-1,14,15,16,-1,16,15,17,-1,16,17,18,-1,18,17,19,-1,18,19,20,-1,20,19,21,-1,20,21,22,-1,22,21,23,-1,24,22,25,-1,25,22,23,-1,24,25,26,-1,24,26,27,-1,27,26,28,-1,27,28,29,-1,29,28,30,-1,29,30,31,-1,31,30,32,-1,31,32,33,-1,33,32,34,-1,33,34,35,-1,35,34,1,-1,35,1,0,-1,36,37,38,-1,38,37,39,-1,37,36,40,-1,40,36,41,-1,40,41,42,-1,42,41,43,-1,42,43,44,-1,44,43,45,-1,44,45,46,-1,46,45,47,-1,46,47,48,-1,48,47,49,-1,48,49,50,-1,50,49,51,-1,52,50,53,-1,53,50,51,-1,52,53,54,-1,52,54,55,-1,55,54,56,-1,55,56,57,-1,57,56,58,-1,57,58,59,-1,59,58,60,-1,59,60,61,-1,61,60,62,-1,61,62,63,-1,63,62,7,-1,63,7,5,-1,39,35,64,-1,64,35,0,-1,64,0,2,-1,4,8,5,-1,5,8,10,-1,5,10,63,-1,63,10,12,-1,63,12,61,-1,61,12,14,-1,61,14,59,-1,59,14,16,-1,59,16,57,-1,57,16,18,-1,57,18,55,-1,55,18,20,-1,55,20,52,-1,52,20,22,-1,52,22,50,-1,50,22,24,-1,50,24,48,-1,48,24,27,-1,48,27,46,-1,46,27,29,-1,46,29,44,-1,44,29,31,-1,44,31,42,-1,42,31,33,-1,42,33,40,-1,40,33,35,-1,40,35,37,-1,37,35,39,-1,34,65,1,-1,1,65,3,-1,9,6,11,-1,11,6,7,-1,11,7,13,-1,13,7,62,-1,13,62,15,-1,15,62,60,-1,15,60,17,-1,17,60,58,-1,17,58,19,-1,19,58,56,-1,19,56,21,-1,21,56,54,-1,21,54,23,-1,23,54,53,-1,23,53,25,-1,25,53,51,-1,25,51,26,-1,26,51,49,-1,26,49,28,-1,28,49,47,-1,28,47,30,-1,30,47,45,-1,30,45,32,-1,32,45,43,-1,32,43,34,-1,38,65,36,-1,36,65,34,-1,36,34,41,-1,41,34,43,-1,66,67,68,-1,68,67,69,-1,70,71,72,-1,72,71,73,-1,74,70,75,-1,75,70,72,-1,76,74,77,-1,77,74,75,-1,76,77,78,-1,78,77,79,-1,78,79,80,-1,80,79,81,-1,80,81,82,-1,82,81,83,-1,82,83,84,-1,84,83,85,-1,84,85,86,-1,86,85,87,-1,86,87,88,-1,88,87,89,-1,90,88,91,-1,91,88,89,-1,90,91,92,-1,90,92,93,-1,93,92,94,-1,93,94,95,-1,95,94,96,-1,95,96,97,-1,97,96,98,-1,97,98,99,-1,99,98,100,-1,99,100,101,-1,101,100,67,-1,101,67,66,-1,102,103,104,-1,104,103,105,-1,103,102,106,-1,106,102,107,-1,106,107,108,-1,108,107,109,-1,108,109,110,-1,110,109,111,-1,110,111,112,-1,112,111,113,-1,112,113,114,-1,114,113,115,-1,114,115,116,-1,116,115,117,-1,118,116,119,-1,119,116,117,-1,105,101,120,-1,120,101,66,-1,120,66,68,-1,70,74,71,-1,71,74,76,-1,71,76,121,-1,121,76,78,-1,121,78,122,-1,122,78,80,-1,122,80,123,-1,123,80,82,-1,123,82,124,-1,124,82,84,-1,124,84,125,-1,125,84,86,-1,125,86,118,-1,118,86,88,-1,118,88,116,-1,116,88,90,-1,116,90,114,-1,114,90,93,-1,114,93,112,-1,112,93,95,-1,112,95,110,-1,110,95,97,-1,110,97,108,-1,108,97,99,-1,108,99,106,-1,106,99,101,-1,106,101,103,-1,103,101,105,-1,118,119,126,-1,118,126,125,-1,125,126,127,-1,125,127,124,-1,124,127,128,-1,124,128,123,-1,123,128,129,-1,123,129,122,-1,122,129,130,-1,122,130,121,-1,121,130,73,-1,121,73,71,-1,100,131,67,-1,67,131,69,-1,75,72,77,-1,77,72,73,-1,77,73,79,-1,79,73,130,-1,79,130,81,-1,81,130,129,-1,81,129,83,-1,83,129,128,-1,83,128,85,-1,85,128,127,-1,85,127,87,-1,87,127,126,-1,87,126,89,-1,89,126,119,-1,89,119,91,-1,91,119,117,-1,91,117,92,-1,92,117,115,-1,92,115,94,-1,94,115,113,-1,94,113,96,-1,96,113,111,-1,96,111,98,-1,98,111,109,-1,98,109,100,-1,104,131,102,-1,102,131,100,-1,102,100,107,-1,107,100,109,-1,132,133,134,-1,134,133,135,-1,136,137,138,-1,138,137,139,-1,140,136,141,-1,141,136,138,-1,142,140,143,-1,143,140,141,-1,142,143,144,-1,144,143,145,-1,144,145,146,-1,146,145,147,-1,146,147,148,-1,148,147,149,-1,148,149,150,-1,150,149,151,-1,150,151,152,-1,152,151,153,-1,152,153,154,-1,154,153,155,-1,156,154,157,-1,157,154,155,-1,156,157,158,-1,156,158,159,-1,159,158,160,-1,159,160,161,-1,161,160,162,-1,161,162,163,-1,163,162,164,-1,163,164,165,-1,165,164,166,-1,165,166,167,-1,167,166,133,-1,167,133,132,-1,168,169,170,-1,170,169,171,-1,169,168,172,-1,172,168,173,-1,172,173,174,-1,174,173,175,-1,174,175,176,-1,176,175,177,-1,176,177,178,-1,178,177,179,-1,178,179,180,-1,180,179,181,-1,180,181,182,-1,182,181,183,-1,184,182,185,-1,185,182,183,-1,171,167,186,-1,186,167,132,-1,186,132,134,-1,136,140,137,-1,137,140,142,-1,137,142,187,-1,187,142,144,-1,187,144,188,-1,188,144,146,-1,188,146,189,-1,189,146,148,-1,189,148,190,-1,190,148,150,-1,190,150,191,-1,191,150,152,-1,191,152,184,-1,184,152,154,-1,184,154,182,-1,182,154,156,-1,182,156,180,-1,180,156,159,-1,180,159,178,-1,178,159,161,-1,178,161,176,-1,176,161,163,-1,176,163,174,-1,174,163,165,-1,174,165,172,-1,172,165,167,-1,172,167,169,-1,169,167,171,-1,184,185,192,-1,184,192,191,-1,191,192,193,-1,191,193,190,-1,190,193,194,-1,190,194,189,-1,189,194,195,-1,189,195,188,-1,188,195,196,-1,188,196,187,-1,187,196,139,-1,187,139,137,-1,166,197,133,-1,133,197,135,-1,141,138,143,-1,143,138,139,-1,143,139,145,-1,145,139,196,-1,145,196,147,-1,147,196,195,-1,147,195,149,-1,149,195,194,-1,149,194,151,-1,151,194,193,-1,151,193,153,-1,153,193,192,-1,153,192,155,-1,155,192,185,-1,155,185,157,-1,157,185,183,-1,157,183,158,-1,158,183,181,-1,158,181,160,-1,160,181,179,-1,160,179,162,-1,162,179,177,-1,162,177,164,-1,164,177,175,-1,164,175,166,-1,170,197,168,-1,168,197,166,-1,168,166,173,-1,173,166,175,-1,198,199,200,-1,200,199,201,-1,202,203,204,-1,204,203,205,-1,206,202,207,-1,207,202,204,-1,208,206,209,-1,209,206,207,-1,208,209,210,-1,210,209,211,-1,210,211,212,-1,212,211,213,-1,212,213,214,-1,214,213,215,-1,214,215,216,-1,216,215,217,-1,216,217,218,-1,218,217,219,-1,218,219,220,-1,220,219,221,-1,222,220,223,-1,223,220,221,-1,222,223,224,-1,222,224,225,-1,225,224,226,-1,225,226,227,-1,227,226,228,-1,227,228,229,-1,229,228,230,-1,229,230,231,-1,231,230,232,-1,231,232,233,-1,233,232,199,-1,233,199,198,-1,234,235,236,-1,236,235,237,-1,235,234,238,-1,238,234,239,-1,238,239,240,-1,240,239,241,-1,240,241,242,-1,242,241,243,-1,242,243,244,-1,244,243,245,-1,244,245,246,-1,246,245,247,-1,246,247,248,-1,248,247,249,-1,250,248,251,-1,251,248,249,-1,237,233,252,-1,252,233,198,-1,252,198,200,-1,202,206,203,-1,203,206,208,-1,203,208,253,-1,253,208,210,-1,253,210,254,-1,254,210,212,-1,254,212,255,-1,255,212,214,-1,255,214,256,-1,256,214,216,-1,256,216,257,-1,257,216,218,-1,257,218,250,-1,250,218,220,-1,250,220,248,-1,248,220,222,-1,248,222,246,-1,246,222,225,-1,246,225,244,-1,244,225,227,-1,244,227,242,-1,242,227,229,-1,242,229,240,-1,240,229,231,-1,240,231,238,-1,238,231,233,-1,238,233,235,-1,235,233,237,-1,250,251,258,-1,250,258,257,-1,257,258,259,-1,257,259,256,-1,256,259,260,-1,256,260,255,-1,255,260,261,-1,255,261,254,-1,254,261,262,-1,254,262,253,-1,253,262,205,-1,253,205,203,-1,232,263,199,-1,199,263,201,-1,207,204,209,-1,209,204,205,-1,209,205,211,-1,211,205,262,-1,211,262,213,-1,213,262,261,-1,213,261,215,-1,215,261,260,-1,215,260,217,-1,217,260,259,-1,217,259,219,-1,219,259,258,-1,219,258,221,-1,221,258,251,-1,221,251,223,-1,223,251,249,-1,223,249,224,-1,224,249,247,-1,224,247,226,-1,226,247,245,-1,226,245,228,-1,228,245,243,-1,228,243,230,-1,230,243,241,-1,230,241,232,-1,236,263,234,-1,234,263,232,-1,234,232,239,-1,239,232,241,-1,264,265,266,-1,266,265,267,-1,268,269,270,-1,270,269,271,-1,272,268,273,-1,273,268,270,-1,274,272,275,-1,275,272,273,-1,274,275,276,-1,276,275,277,-1,276,277,278,-1,278,277,279,-1,278,279,280,-1,280,279,281,-1,280,281,282,-1,282,281,283,-1,282,283,284,-1,284,283,285,-1,284,285,286,-1,286,285,287,-1,288,286,289,-1,289,286,287,-1,288,289,290,-1,288,290,291,-1,291,290,292,-1,291,292,293,-1,293,292,294,-1,293,294,295,-1,295,294,296,-1,295,296,297,-1,297,296,298,-1,297,298,299,-1,299,298,265,-1,299,265,264,-1,300,301,302,-1,302,301,303,-1,301,300,304,-1,304,300,305,-1,304,305,306,-1,306,305,307,-1,306,307,308,-1,308,307,309,-1,308,309,310,-1,310,309,311,-1,310,311,312,-1,312,311,313,-1,312,313,314,-1,314,313,315,-1,316,314,317,-1,317,314,315,-1,303,299,318,-1,318,299,264,-1,318,264,266,-1,268,272,269,-1,269,272,274,-1,269,274,319,-1,319,274,276,-1,319,276,320,-1,320,276,278,-1,320,278,321,-1,321,278,280,-1,321,280,322,-1,322,280,282,-1,322,282,323,-1,323,282,284,-1,323,284,316,-1,316,284,286,-1,316,286,314,-1,314,286,288,-1,314,288,312,-1,312,288,291,-1,312,291,310,-1,310,291,293,-1,310,293,308,-1,308,293,295,-1,308,295,306,-1,306,295,297,-1,306,297,304,-1,304,297,299,-1,304,299,301,-1,301,299,303,-1,316,317,324,-1,316,324,323,-1,323,324,325,-1,323,325,322,-1,322,325,326,-1,322,326,321,-1,321,326,327,-1,321,327,320,-1,320,327,328,-1,320,328,319,-1,319,328,271,-1,319,271,269,-1,298,329,265,-1,265,329,267,-1,273,270,275,-1,275,270,271,-1,275,271,277,-1,277,271,328,-1,277,328,279,-1,279,328,327,-1,279,327,281,-1,281,327,326,-1,281,326,283,-1,283,326,325,-1,283,325,285,-1,285,325,324,-1,285,324,287,-1,287,324,317,-1,287,317,289,-1,289,317,315,-1,289,315,290,-1,290,315,313,-1,290,313,292,-1,292,313,311,-1,292,311,294,-1,294,311,309,-1,294,309,296,-1,296,309,307,-1,296,307,298,-1,302,329,300,-1,300,329,298,-1,300,298,305,-1,305,298,307,-1,330,331,332,-1,332,331,333,-1,334,335,336,-1,336,335,337,-1,338,334,339,-1,339,334,336,-1,340,338,341,-1,341,338,339,-1,340,341,342,-1,342,341,343,-1,342,343,344,-1,344,343,345,-1,344,345,346,-1,346,345,347,-1,346,347,348,-1,348,347,349,-1,348,349,350,-1,350,349,351,-1,350,351,352,-1,352,351,353,-1,354,352,355,-1,355,352,353,-1,354,355,356,-1,354,356,357,-1,357,356,358,-1,357,358,359,-1,359,358,360,-1,359,360,361,-1,361,360,362,-1,361,362,363,-1,363,362,364,-1,363,364,365,-1,365,364,331,-1,365,331,330,-1,366,367,368,-1,368,367,369,-1,367,366,370,-1,370,366,371,-1,370,371,372,-1,372,371,373,-1,372,373,374,-1,374,373,375,-1,374,375,376,-1,376,375,377,-1,376,377,378,-1,378,377,379,-1,378,379,380,-1,380,379,381,-1,382,380,383,-1,383,380,381,-1,369,365,384,-1,384,365,330,-1,384,330,332,-1,334,338,335,-1,335,338,340,-1,335,340,385,-1,385,340,342,-1,385,342,386,-1,386,342,344,-1,386,344,387,-1,387,344,346,-1,387,346,388,-1,388,346,348,-1,388,348,389,-1,389,348,350,-1,389,350,382,-1,382,350,352,-1,382,352,380,-1,380,352,354,-1,380,354,378,-1,378,354,357,-1,378,357,376,-1,376,357,359,-1,376,359,374,-1,374,359,361,-1,374,361,372,-1,372,361,363,-1,372,363,370,-1,370,363,365,-1,370,365,367,-1,367,365,369,-1,382,383,390,-1,382,390,389,-1,389,390,391,-1,389,391,388,-1,388,391,392,-1,388,392,387,-1,387,392,393,-1,387,393,386,-1,386,393,394,-1,386,394,385,-1,385,394,337,-1,385,337,335,-1,395,333,331,-1,331,364,395,-1,395,364,366,-1,395,366,368,-1,339,336,341,-1,341,336,337,-1,341,337,343,-1,343,337,394,-1,343,394,345,-1,345,394,393,-1,345,393,347,-1,347,393,392,-1,347,392,349,-1,349,392,391,-1,349,391,351,-1,351,391,390,-1,351,390,353,-1,353,390,383,-1,353,383,355,-1,355,383,381,-1,355,381,356,-1,356,381,379,-1,356,379,358,-1,358,379,377,-1,358,377,360,-1,360,377,375,-1,360,375,362,-1,362,375,373,-1,362,373,364,-1,364,373,371,-1,364,371,366,-1,396,397,398,-1,398,397,399,-1,400,401,402,-1,402,401,403,-1,404,400,405,-1,405,400,402,-1,406,404,407,-1,407,404,405,-1,406,407,408,-1,408,407,409,-1,408,409,410,-1,410,409,411,-1,410,411,412,-1,412,411,413,-1,412,413,414,-1,414,413,415,-1,414,415,416,-1,416,415,417,-1,416,417,418,-1,418,417,419,-1,420,418,421,-1,421,418,419,-1,420,421,422,-1,420,422,423,-1,423,422,424,-1,423,424,425,-1,425,424,426,-1,425,426,427,-1,427,426,428,-1,427,428,429,-1,429,428,430,-1,429,430,431,-1,431,430,397,-1,431,397,396,-1,432,433,434,-1,434,433,435,-1,433,432,436,-1,436,432,437,-1,436,437,438,-1,438,437,439,-1,438,439,440,-1,440,439,441,-1,440,441,442,-1,442,441,443,-1,442,443,444,-1,444,443,445,-1,444,445,446,-1,446,445,447,-1,448,446,449,-1,449,446,447,-1,435,431,450,-1,450,431,396,-1,450,396,398,-1,400,404,401,-1,401,404,406,-1,401,406,451,-1,451,406,408,-1,451,408,452,-1,452,408,410,-1,452,410,453,-1,453,410,412,-1,453,412,454,-1,454,412,414,-1,454,414,455,-1,455,414,416,-1,455,416,448,-1,448,416,418,-1,448,418,446,-1,446,418,420,-1,446,420,444,-1,444,420,423,-1,444,423,442,-1,442,423,425,-1,442,425,440,-1,440,425,427,-1,440,427,438,-1,438,427,429,-1,438,429,436,-1,436,429,431,-1,436,431,433,-1,433,431,435,-1,448,449,456,-1,448,456,455,-1,455,456,457,-1,455,457,454,-1,454,457,458,-1,454,458,453,-1,453,458,459,-1,453,459,452,-1,452,459,460,-1,452,460,451,-1,451,460,403,-1,451,403,401,-1,461,399,397,-1,397,430,461,-1,461,430,432,-1,461,432,434,-1,405,402,407,-1,407,402,403,-1,407,403,409,-1,409,403,460,-1,409,460,411,-1,411,460,459,-1,411,459,413,-1,413,459,458,-1,413,458,415,-1,415,458,457,-1,415,457,417,-1,417,457,456,-1,417,456,419,-1,419,456,449,-1,419,449,421,-1,421,449,447,-1,421,447,422,-1,422,447,445,-1,422,445,424,-1,424,445,443,-1,424,443,426,-1,426,443,441,-1,426,441,428,-1,428,441,439,-1,428,439,430,-1,430,439,437,-1,430,437,432,-1,462,463,464,-1,464,463,465,-1,466,467,468,-1,468,467,469,-1,470,466,471,-1,471,466,468,-1,472,470,473,-1,473,470,471,-1,472,473,474,-1,474,473,475,-1,474,475,476,-1,476,475,477,-1,476,477,478,-1,478,477,479,-1,478,479,480,-1,480,479,481,-1,480,481,482,-1,482,481,483,-1,482,483,484,-1,484,483,485,-1,486,484,487,-1,487,484,485,-1,486,487,488,-1,486,488,489,-1,489,488,490,-1,489,490,491,-1,491,490,492,-1,491,492,493,-1,493,492,494,-1,493,494,495,-1,495,494,496,-1,495,496,497,-1,497,496,463,-1,497,463,462,-1,498,499,500,-1,500,499,501,-1,499,498,502,-1,502,498,503,-1,502,503,504,-1,504,503,505,-1,504,505,506,-1,506,505,507,-1,506,507,508,-1,508,507,509,-1,508,509,510,-1,510,509,511,-1,510,511,512,-1,512,511,513,-1,514,512,515,-1,515,512,513,-1,501,497,516,-1,516,497,462,-1,516,462,464,-1,466,470,467,-1,467,470,472,-1,467,472,517,-1,517,472,474,-1,517,474,518,-1,518,474,476,-1,518,476,519,-1,519,476,478,-1,519,478,520,-1,520,478,480,-1,520,480,521,-1,521,480,482,-1,521,482,514,-1,514,482,484,-1,514,484,512,-1,512,484,486,-1,512,486,510,-1,510,486,489,-1,510,489,508,-1,508,489,491,-1,508,491,506,-1,506,491,493,-1,506,493,504,-1,504,493,495,-1,504,495,502,-1,502,495,497,-1,502,497,499,-1,499,497,501,-1,514,515,522,-1,514,522,521,-1,521,522,523,-1,521,523,520,-1,520,523,524,-1,520,524,519,-1,519,524,525,-1,519,525,518,-1,518,525,526,-1,518,526,517,-1,517,526,469,-1,517,469,467,-1,527,465,463,-1,463,496,527,-1,527,496,498,-1,527,498,500,-1,471,468,473,-1,473,468,469,-1,473,469,475,-1,475,469,526,-1,475,526,477,-1,477,526,525,-1,477,525,479,-1,479,525,524,-1,479,524,481,-1,481,524,523,-1,481,523,483,-1,483,523,522,-1,483,522,485,-1,485,522,515,-1,485,515,487,-1,487,515,513,-1,487,513,488,-1,488,513,511,-1,488,511,490,-1,490,511,509,-1,490,509,492,-1,492,509,507,-1,492,507,494,-1,494,507,505,-1,494,505,496,-1,496,505,503,-1,496,503,498,-1,528,529,530,-1,530,529,531,-1,532,533,534,-1,534,533,535,-1,536,532,537,-1,537,532,534,-1,538,536,539,-1,539,536,537,-1,538,539,540,-1,540,539,541,-1,540,541,542,-1,542,541,543,-1,542,543,544,-1,544,543,545,-1,544,545,546,-1,546,545,547,-1,546,547,548,-1,548,547,549,-1,548,549,550,-1,550,549,551,-1,552,550,553,-1,553,550,551,-1,552,553,554,-1,552,554,555,-1,555,554,556,-1,555,556,557,-1,557,556,558,-1,557,558,559,-1,559,558,560,-1,559,560,561,-1,561,560,562,-1,561,562,563,-1,563,562,529,-1,563,529,528,-1,564,565,566,-1,566,565,567,-1,565,564,568,-1,568,564,569,-1,568,569,570,-1,570,569,571,-1,570,571,572,-1,572,571,573,-1,572,573,574,-1,574,573,575,-1,574,575,576,-1,576,575,577,-1,576,577,578,-1,578,577,579,-1,580,578,581,-1,581,578,579,-1,567,563,582,-1,582,563,528,-1,582,528,530,-1,532,536,533,-1,533,536,538,-1,533,538,583,-1,583,538,540,-1,583,540,584,-1,584,540,542,-1,584,542,585,-1,585,542,544,-1,585,544,586,-1,586,544,546,-1,586,546,587,-1,587,546,548,-1,587,548,580,-1,580,548,550,-1,580,550,578,-1,578,550,552,-1,578,552,576,-1,576,552,555,-1,576,555,574,-1,574,555,557,-1,574,557,572,-1,572,557,559,-1,572,559,570,-1,570,559,561,-1,570,561,568,-1,568,561,563,-1,568,563,565,-1,565,563,567,-1,580,581,588,-1,580,588,587,-1,587,588,589,-1,587,589,586,-1,586,589,590,-1,586,590,585,-1,585,590,591,-1,585,591,584,-1,584,591,592,-1,584,592,583,-1,583,592,535,-1,583,535,533,-1,562,593,529,-1,529,593,531,-1,537,534,539,-1,539,534,535,-1,539,535,541,-1,541,535,592,-1,541,592,543,-1,543,592,591,-1,543,591,545,-1,545,591,590,-1,545,590,547,-1,547,590,589,-1,547,589,549,-1,549,589,588,-1,549,588,551,-1,551,588,581,-1,551,581,553,-1,553,581,579,-1,553,579,554,-1,554,579,577,-1,554,577,556,-1,556,577,575,-1,556,575,558,-1,558,575,573,-1,558,573,560,-1,560,573,571,-1,560,571,562,-1,566,593,564,-1,564,593,562,-1,564,562,569,-1,569,562,571,-1,594,595,596,-1,596,595,597,-1,598,599,600,-1,600,599,601,-1,602,598,603,-1,603,598,600,-1,604,602,605,-1,605,602,603,-1,604,605,606,-1,606,605,607,-1,606,607,608,-1,608,607,609,-1,608,609,610,-1,610,609,611,-1,610,611,612,-1,612,611,613,-1,612,613,614,-1,614,613,615,-1,614,615,616,-1,616,615,617,-1,618,616,619,-1,619,616,617,-1,618,619,620,-1,618,620,621,-1,621,620,622,-1,621,622,623,-1,623,622,624,-1,623,624,625,-1,625,624,626,-1,625,626,627,-1,627,626,628,-1,627,628,629,-1,629,628,595,-1,629,595,594,-1,630,631,632,-1,632,631,633,-1,631,630,634,-1,634,630,635,-1,634,635,636,-1,636,635,637,-1,636,637,638,-1,638,637,639,-1,638,639,640,-1,640,639,641,-1,640,641,642,-1,642,641,643,-1,642,643,644,-1,644,643,645,-1,646,644,647,-1,647,644,645,-1,633,629,648,-1,648,629,594,-1,648,594,596,-1,598,602,599,-1,599,602,604,-1,599,604,649,-1,649,604,606,-1,649,606,650,-1,650,606,608,-1,650,608,651,-1,651,608,610,-1,651,610,652,-1,652,610,612,-1,652,612,653,-1,653,612,614,-1,653,614,646,-1,646,614,616,-1,646,616,644,-1,644,616,618,-1,644,618,642,-1,642,618,621,-1,642,621,640,-1,640,621,623,-1,640,623,638,-1,638,623,625,-1,638,625,636,-1,636,625,627,-1,636,627,634,-1,634,627,629,-1,634,629,631,-1,631,629,633,-1,646,647,654,-1,646,654,653,-1,653,654,655,-1,653,655,652,-1,652,655,656,-1,652,656,651,-1,651,656,657,-1,651,657,650,-1,650,657,658,-1,650,658,649,-1,649,658,601,-1,649,601,599,-1,628,659,595,-1,595,659,597,-1,603,600,605,-1,605,600,601,-1,605,601,607,-1,607,601,658,-1,607,658,609,-1,609,658,657,-1,609,657,611,-1,611,657,656,-1,611,656,613,-1,613,656,655,-1,613,655,615,-1,615,655,654,-1,615,654,617,-1,617,654,647,-1,617,647,619,-1,619,647,645,-1,619,645,620,-1,620,645,643,-1,620,643,622,-1,622,643,641,-1,622,641,624,-1,624,641,639,-1,624,639,626,-1,626,639,637,-1,626,637,628,-1,632,659,630,-1,630,659,628,-1,630,628,635,-1,635,628,637,-1,660,661,662,-1,662,661,663,-1,664,665,666,-1,666,665,667,-1,668,664,669,-1,669,664,666,-1,670,668,671,-1,671,668,669,-1,670,671,672,-1,672,671,673,-1,672,673,674,-1,674,673,675,-1,674,675,676,-1,676,675,677,-1,676,677,678,-1,678,677,679,-1,678,679,680,-1,680,679,681,-1,680,681,682,-1,682,681,683,-1,684,682,685,-1,685,682,683,-1,684,685,686,-1,684,686,687,-1,687,686,688,-1,687,688,689,-1,689,688,690,-1,689,690,691,-1,691,690,692,-1,691,692,693,-1,693,692,694,-1,693,694,695,-1,695,694,661,-1,695,661,660,-1,696,697,698,-1,698,697,699,-1,697,696,700,-1,700,696,701,-1,700,701,702,-1,702,701,703,-1,702,703,704,-1,704,703,705,-1,704,705,706,-1,706,705,707,-1,706,707,708,-1,708,707,709,-1,708,709,710,-1,710,709,711,-1,712,710,713,-1,713,710,711,-1,699,695,714,-1,714,695,660,-1,714,660,662,-1,664,668,665,-1,665,668,670,-1,665,670,715,-1,715,670,672,-1,715,672,716,-1,716,672,674,-1,716,674,717,-1,717,674,676,-1,717,676,718,-1,718,676,678,-1,718,678,719,-1,719,678,680,-1,719,680,712,-1,712,680,682,-1,712,682,710,-1,710,682,684,-1,710,684,708,-1,708,684,687,-1,708,687,706,-1,706,687,689,-1,706,689,704,-1,704,689,691,-1,704,691,702,-1,702,691,693,-1,702,693,700,-1,700,693,695,-1,700,695,697,-1,697,695,699,-1,712,713,720,-1,712,720,719,-1,719,720,721,-1,719,721,718,-1,718,721,722,-1,718,722,717,-1,717,722,723,-1,717,723,716,-1,716,723,724,-1,716,724,715,-1,715,724,667,-1,715,667,665,-1,694,725,661,-1,661,725,663,-1,669,666,671,-1,671,666,667,-1,671,667,673,-1,673,667,724,-1,673,724,675,-1,675,724,723,-1,675,723,677,-1,677,723,722,-1,677,722,679,-1,679,722,721,-1,679,721,681,-1,681,721,720,-1,681,720,683,-1,683,720,713,-1,683,713,685,-1,685,713,711,-1,685,711,686,-1,686,711,709,-1,686,709,688,-1,688,709,707,-1,688,707,690,-1,690,707,705,-1,690,705,692,-1,692,705,703,-1,692,703,694,-1,698,725,696,-1,696,725,694,-1,696,694,701,-1,701,694,703,-1,726,727,728,-1,728,727,729,-1,730,731,732,-1,732,731,733,-1,734,730,735,-1,735,730,732,-1,736,734,737,-1,737,734,735,-1,736,737,738,-1,738,737,739,-1,738,739,740,-1,740,739,741,-1,740,741,742,-1,742,741,743,-1,742,743,744,-1,744,743,745,-1,744,745,746,-1,746,745,747,-1,746,747,748,-1,748,747,749,-1,750,748,751,-1,751,748,749,-1,750,751,752,-1,750,752,753,-1,753,752,754,-1,753,754,755,-1,755,754,756,-1,755,756,757,-1,757,756,758,-1,757,758,759,-1,759,758,760,-1,759,760,761,-1,761,760,727,-1,761,727,726,-1,762,763,764,-1,764,763,765,-1,763,762,766,-1,766,762,767,-1,766,767,768,-1,768,767,769,-1,768,769,770,-1,770,769,771,-1,770,771,772,-1,772,771,773,-1,772,773,774,-1,774,773,775,-1,774,775,776,-1,776,775,777,-1,778,776,779,-1,779,776,777,-1,765,761,780,-1,780,761,726,-1,780,726,728,-1,730,734,731,-1,731,734,736,-1,731,736,781,-1,781,736,738,-1,781,738,782,-1,782,738,740,-1,782,740,783,-1,783,740,742,-1,783,742,784,-1,784,742,744,-1,784,744,785,-1,785,744,746,-1,785,746,778,-1,778,746,748,-1,778,748,776,-1,776,748,750,-1,776,750,774,-1,774,750,753,-1,774,753,772,-1,772,753,755,-1,772,755,770,-1,770,755,757,-1,770,757,768,-1,768,757,759,-1,768,759,766,-1,766,759,761,-1,766,761,763,-1,763,761,765,-1,778,779,786,-1,778,786,785,-1,785,786,787,-1,785,787,784,-1,784,787,788,-1,784,788,783,-1,783,788,789,-1,783,789,782,-1,782,789,790,-1,782,790,781,-1,781,790,733,-1,781,733,731,-1,760,791,727,-1,727,791,729,-1,735,732,737,-1,737,732,733,-1,737,733,739,-1,739,733,790,-1,739,790,741,-1,741,790,789,-1,741,789,743,-1,743,789,788,-1,743,788,745,-1,745,788,787,-1,745,787,747,-1,747,787,786,-1,747,786,749,-1,749,786,779,-1,749,779,751,-1,751,779,777,-1,751,777,752,-1,752,777,775,-1,752,775,754,-1,754,775,773,-1,754,773,756,-1,756,773,771,-1,756,771,758,-1,758,771,769,-1,758,769,760,-1,764,791,762,-1,762,791,760,-1,762,760,767,-1,767,760,769,-1,792,793,794,-1,794,793,795,-1,796,797,798,-1,798,797,799,-1,800,796,801,-1,801,796,798,-1,802,800,803,-1,803,800,801,-1,802,803,804,-1,804,803,805,-1,804,805,806,-1,806,805,807,-1,806,807,808,-1,808,807,809,-1,808,809,810,-1,810,809,811,-1,810,811,812,-1,812,811,813,-1,812,813,814,-1,814,813,815,-1,816,814,817,-1,817,814,815,-1,816,817,818,-1,816,818,819,-1,819,818,820,-1,819,820,821,-1,821,820,822,-1,821,822,823,-1,823,822,824,-1,823,824,825,-1,825,824,826,-1,825,826,827,-1,827,826,793,-1,827,793,792,-1,828,829,830,-1,830,829,831,-1,829,828,832,-1,832,828,833,-1,832,833,834,-1,834,833,835,-1,834,835,836,-1,836,835,837,-1,836,837,838,-1,838,837,839,-1,838,839,840,-1,840,839,841,-1,840,841,842,-1,842,841,843,-1,844,842,845,-1,845,842,843,-1,831,827,846,-1,846,827,792,-1,846,792,794,-1,796,800,797,-1,797,800,802,-1,797,802,847,-1,847,802,804,-1,847,804,848,-1,848,804,806,-1,848,806,849,-1,849,806,808,-1,849,808,850,-1,850,808,810,-1,850,810,851,-1,851,810,812,-1,851,812,844,-1,844,812,814,-1,844,814,842,-1,842,814,816,-1,842,816,840,-1,840,816,819,-1,840,819,838,-1,838,819,821,-1,838,821,836,-1,836,821,823,-1,836,823,834,-1,834,823,825,-1,834,825,832,-1,832,825,827,-1,832,827,829,-1,829,827,831,-1,844,845,852,-1,844,852,851,-1,851,852,853,-1,851,853,850,-1,850,853,854,-1,850,854,849,-1,849,854,855,-1,849,855,848,-1,848,855,856,-1,848,856,847,-1,847,856,799,-1,847,799,797,-1,826,857,793,-1,793,857,795,-1,801,798,803,-1,803,798,799,-1,803,799,805,-1,805,799,856,-1,805,856,807,-1,807,856,855,-1,807,855,809,-1,809,855,854,-1,809,854,811,-1,811,854,853,-1,811,853,813,-1,813,853,852,-1,813,852,815,-1,815,852,845,-1,815,845,817,-1,817,845,843,-1,817,843,818,-1,818,843,841,-1,818,841,820,-1,820,841,839,-1,820,839,822,-1,822,839,837,-1,822,837,824,-1,824,837,835,-1,824,835,826,-1,830,857,828,-1,828,857,826,-1,828,826,833,-1,833,826,835,-1,858,859,860,-1,860,859,861,-1,862,863,864,-1,864,863,865,-1,866,862,867,-1,867,862,864,-1,868,866,869,-1,869,866,867,-1,868,869,870,-1,870,869,871,-1,870,871,872,-1,872,871,873,-1,872,873,874,-1,874,873,875,-1,874,875,876,-1,876,875,877,-1,876,877,878,-1,878,877,879,-1,878,879,880,-1,880,879,881,-1,882,880,883,-1,883,880,881,-1,882,883,884,-1,882,884,885,-1,885,884,886,-1,885,886,887,-1,887,886,888,-1,887,888,889,-1,889,888,890,-1,889,890,891,-1,891,890,892,-1,891,892,893,-1,893,892,859,-1,893,859,858,-1,894,895,896,-1,896,895,897,-1,895,894,898,-1,898,894,899,-1,898,899,900,-1,900,899,901,-1,900,901,902,-1,902,901,903,-1,902,903,904,-1,904,903,905,-1,904,905,906,-1,906,905,907,-1,906,907,908,-1,908,907,909,-1,910,908,911,-1,911,908,909,-1,897,893,912,-1,912,893,858,-1,912,858,860,-1,862,866,863,-1,863,866,868,-1,863,868,913,-1,913,868,870,-1,913,870,914,-1,914,870,872,-1,914,872,915,-1,915,872,874,-1,915,874,916,-1,916,874,876,-1,916,876,917,-1,917,876,878,-1,917,878,910,-1,910,878,880,-1,910,880,908,-1,908,880,882,-1,908,882,906,-1,906,882,885,-1,906,885,904,-1,904,885,887,-1,904,887,902,-1,902,887,889,-1,902,889,900,-1,900,889,891,-1,900,891,898,-1,898,891,893,-1,898,893,895,-1,895,893,897,-1,910,911,918,-1,910,918,917,-1,917,918,919,-1,917,919,916,-1,916,919,920,-1,916,920,915,-1,915,920,921,-1,915,921,914,-1,914,921,922,-1,914,922,913,-1,913,922,865,-1,913,865,863,-1,892,923,859,-1,859,923,861,-1,867,864,869,-1,869,864,865,-1,869,865,871,-1,871,865,922,-1,871,922,873,-1,873,922,921,-1,873,921,875,-1,875,921,920,-1,875,920,877,-1,877,920,919,-1,877,919,879,-1,879,919,918,-1,879,918,881,-1,881,918,911,-1,881,911,883,-1,883,911,909,-1,883,909,884,-1,884,909,907,-1,884,907,886,-1,886,907,905,-1,886,905,888,-1,888,905,903,-1,888,903,890,-1,890,903,901,-1,890,901,892,-1,896,923,894,-1,894,923,892,-1,894,892,899,-1,899,892,901,-1,924,925,926,-1,926,925,927,-1,928,929,930,-1,930,929,931,-1,932,928,933,-1,933,928,930,-1,934,932,935,-1,935,932,933,-1,934,935,936,-1,936,935,937,-1,936,937,938,-1,938,937,939,-1,938,939,940,-1,940,939,941,-1,940,941,942,-1,942,941,943,-1,942,943,944,-1,944,943,945,-1,944,945,946,-1,946,945,947,-1,948,946,949,-1,949,946,947,-1,948,949,950,-1,948,950,951,-1,951,950,952,-1,951,952,953,-1,953,952,954,-1,953,954,955,-1,955,954,956,-1,955,956,957,-1,957,956,958,-1,957,958,959,-1,959,958,925,-1,959,925,924,-1,960,961,962,-1,962,961,963,-1,961,960,964,-1,964,960,965,-1,964,965,966,-1,966,965,967,-1,966,967,968,-1,968,967,969,-1,968,969,970,-1,970,969,971,-1,970,971,972,-1,972,971,973,-1,972,973,974,-1,974,973,975,-1,976,974,977,-1,977,974,975,-1,963,959,978,-1,978,959,924,-1,978,924,926,-1,928,932,929,-1,929,932,934,-1,929,934,979,-1,979,934,936,-1,979,936,980,-1,980,936,938,-1,980,938,981,-1,981,938,940,-1,981,940,982,-1,982,940,942,-1,982,942,983,-1,983,942,944,-1,983,944,976,-1,976,944,946,-1,976,946,974,-1,974,946,948,-1,974,948,972,-1,972,948,951,-1,972,951,970,-1,970,951,953,-1,970,953,968,-1,968,953,955,-1,968,955,966,-1,966,955,957,-1,966,957,964,-1,964,957,959,-1,964,959,961,-1,961,959,963,-1,976,977,984,-1,976,984,983,-1,983,984,985,-1,983,985,982,-1,982,985,986,-1,982,986,981,-1,981,986,987,-1,981,987,980,-1,980,987,988,-1,980,988,979,-1,979,988,931,-1,979,931,929,-1,958,989,925,-1,925,989,927,-1,933,930,935,-1,935,930,931,-1,935,931,937,-1,937,931,988,-1,937,988,939,-1,939,988,987,-1,939,987,941,-1,941,987,986,-1,941,986,943,-1,943,986,985,-1,943,985,945,-1,945,985,984,-1,945,984,947,-1,947,984,977,-1,947,977,949,-1,949,977,975,-1,949,975,950,-1,950,975,973,-1,950,973,952,-1,952,973,971,-1,952,971,954,-1,954,971,969,-1,954,969,956,-1,956,969,967,-1,956,967,958,-1,962,989,960,-1,960,989,958,-1,960,958,965,-1,965,958,967,-1,990,991,992,-1,992,991,993,-1,994,995,996,-1,996,995,997,-1,998,994,999,-1,999,994,996,-1,1000,998,1001,-1,1001,998,999,-1,1000,1001,1002,-1,1002,1001,1003,-1,1002,1003,1004,-1,1004,1003,1005,-1,1004,1005,1006,-1,1006,1005,1007,-1,1006,1007,1008,-1,1008,1007,1009,-1,1008,1009,1010,-1,1010,1009,1011,-1,1010,1011,1012,-1,1012,1011,1013,-1,1014,1012,1015,-1,1015,1012,1013,-1,1014,1015,1016,-1,1014,1016,1017,-1,1017,1016,1018,-1,1017,1018,1019,-1,1019,1018,1020,-1,1019,1020,1021,-1,1021,1020,1022,-1,1021,1022,1023,-1,1023,1022,1024,-1,1023,1024,1025,-1,1025,1024,991,-1,1025,991,990,-1,1026,1027,1028,-1,1028,1027,1029,-1,1027,1026,1030,-1,1030,1026,1031,-1,1030,1031,1032,-1,1032,1031,1033,-1,1032,1033,1034,-1,1034,1033,1035,-1,1034,1035,1036,-1,1036,1035,1037,-1,1036,1037,1038,-1,1038,1037,1039,-1,1038,1039,1040,-1,1040,1039,1041,-1,1042,1040,1043,-1,1043,1040,1041,-1,1029,1025,1044,-1,1044,1025,990,-1,1044,990,992,-1,994,998,995,-1,995,998,1000,-1,995,1000,1045,-1,1045,1000,1002,-1,1045,1002,1046,-1,1046,1002,1004,-1,1046,1004,1047,-1,1047,1004,1006,-1,1047,1006,1048,-1,1048,1006,1008,-1,1048,1008,1049,-1,1049,1008,1010,-1,1049,1010,1042,-1,1042,1010,1012,-1,1042,1012,1040,-1,1040,1012,1014,-1,1040,1014,1038,-1,1038,1014,1017,-1,1038,1017,1036,-1,1036,1017,1019,-1,1036,1019,1034,-1,1034,1019,1021,-1,1034,1021,1032,-1,1032,1021,1023,-1,1032,1023,1030,-1,1030,1023,1025,-1,1030,1025,1027,-1,1027,1025,1029,-1,1042,1043,1050,-1,1042,1050,1049,-1,1049,1050,1051,-1,1049,1051,1048,-1,1048,1051,1052,-1,1048,1052,1047,-1,1047,1052,1053,-1,1047,1053,1046,-1,1046,1053,1054,-1,1046,1054,1045,-1,1045,1054,997,-1,1045,997,995,-1,1024,1055,991,-1,991,1055,993,-1,999,996,1001,-1,1001,996,997,-1,1001,997,1003,-1,1003,997,1054,-1,1003,1054,1005,-1,1005,1054,1053,-1,1005,1053,1007,-1,1007,1053,1052,-1,1007,1052,1009,-1,1009,1052,1051,-1,1009,1051,1011,-1,1011,1051,1050,-1,1011,1050,1013,-1,1013,1050,1043,-1,1013,1043,1015,-1,1015,1043,1041,-1,1015,1041,1016,-1,1016,1041,1039,-1,1016,1039,1018,-1,1018,1039,1037,-1,1018,1037,1020,-1,1020,1037,1035,-1,1020,1035,1022,-1,1022,1035,1033,-1,1022,1033,1024,-1,1028,1055,1026,-1,1026,1055,1024,-1,1026,1024,1031,-1,1031,1024,1033,-1,1056,1057,1058,-1,1058,1057,1059,-1,1060,1061,1062,-1,1062,1061,1063,-1,1061,1064,1063,-1,1063,1064,1065,-1,1064,1066,1065,-1,1065,1066,1067,-1,1068,1069,1070,-1,1070,1069,1071,-1,1070,1071,1072,-1,1072,1071,1073,-1,1072,1073,1074,-1,1074,1073,1075,-1,1074,1075,1076,-1,1076,1075,1077,-1,1076,1077,1078,-1,1078,1077,1079,-1,1078,1079,1066,-1,1066,1079,1067,-1,1068,1080,1069,-1,1069,1080,1081,-1,1057,1056,1082,-1,1057,1082,1083,-1,1083,1082,1084,-1,1083,1084,1085,-1,1085,1084,1086,-1,1085,1086,1087,-1,1087,1086,1088,-1,1087,1088,1089,-1,1089,1088,1090,-1,1089,1090,1091,-1,1091,1090,1081,-1,1091,1081,1080,-1,1092,1093,1094,-1,1094,1093,1095,-1,1096,1097,1098,-1,1098,1097,1099,-1,1098,1099,1100,-1,1100,1099,1101,-1,1100,1101,1102,-1,1102,1101,1103,-1,1102,1103,1104,-1,1104,1103,1105,-1,1104,1105,1106,-1,1106,1105,1107,-1,1106,1107,1092,-1,1092,1107,1093,-1,1096,1108,1097,-1,1097,1108,1109,-1,1083,1110,1057,-1,1057,1110,1059,-1,1064,1061,1066,-1,1066,1061,1060,-1,1066,1060,1078,-1,1078,1060,1111,-1,1078,1111,1076,-1,1076,1111,1112,-1,1076,1112,1074,-1,1074,1112,1113,-1,1074,1113,1072,-1,1072,1113,1114,-1,1072,1114,1070,-1,1070,1114,1115,-1,1070,1115,1068,-1,1068,1115,1108,-1,1068,1108,1080,-1,1080,1108,1096,-1,1080,1096,1091,-1,1091,1096,1098,-1,1091,1098,1089,-1,1089,1098,1100,-1,1089,1100,1087,-1,1087,1100,1102,-1,1087,1102,1085,-1,1085,1102,1104,-1,1085,1104,1083,-1,1094,1110,1092,-1,1092,1110,1083,-1,1092,1083,1106,-1,1106,1083,1104,-1,1060,1062,1116,-1,1060,1116,1111,-1,1111,1116,1117,-1,1111,1117,1112,-1,1112,1117,1118,-1,1112,1118,1113,-1,1113,1118,1119,-1,1113,1119,1114,-1,1114,1119,1120,-1,1114,1120,1115,-1,1115,1120,1109,-1,1115,1109,1108,-1,1095,1082,1121,-1,1121,1082,1056,-1,1121,1056,1058,-1,1063,1065,1062,-1,1062,1065,1067,-1,1062,1067,1116,-1,1116,1067,1079,-1,1116,1079,1117,-1,1117,1079,1077,-1,1117,1077,1118,-1,1118,1077,1075,-1,1118,1075,1119,-1,1119,1075,1073,-1,1119,1073,1120,-1,1120,1073,1071,-1,1120,1071,1109,-1,1109,1071,1069,-1,1109,1069,1097,-1,1097,1069,1081,-1,1097,1081,1099,-1,1099,1081,1090,-1,1099,1090,1101,-1,1101,1090,1088,-1,1101,1088,1103,-1,1103,1088,1086,-1,1103,1086,1105,-1,1105,1086,1084,-1,1105,1084,1107,-1,1107,1084,1082,-1,1107,1082,1093,-1,1093,1082,1095,-1,1122,1123,1124,-1,1124,1123,1125,-1,1126,1127,1128,-1,1128,1127,1129,-1,1127,1130,1129,-1,1129,1130,1131,-1,1130,1132,1131,-1,1131,1132,1133,-1,1134,1135,1136,-1,1136,1135,1137,-1,1136,1137,1138,-1,1138,1137,1139,-1,1138,1139,1140,-1,1140,1139,1141,-1,1140,1141,1142,-1,1142,1141,1143,-1,1142,1143,1144,-1,1144,1143,1145,-1,1144,1145,1132,-1,1132,1145,1133,-1,1134,1146,1135,-1,1135,1146,1147,-1,1123,1122,1148,-1,1123,1148,1149,-1,1149,1148,1150,-1,1149,1150,1151,-1,1151,1150,1152,-1,1151,1152,1153,-1,1153,1152,1154,-1,1153,1154,1155,-1,1155,1154,1156,-1,1155,1156,1157,-1,1157,1156,1147,-1,1157,1147,1146,-1,1158,1159,1160,-1,1160,1159,1161,-1,1162,1163,1164,-1,1164,1163,1165,-1,1164,1165,1166,-1,1166,1165,1167,-1,1166,1167,1168,-1,1168,1167,1169,-1,1168,1169,1170,-1,1170,1169,1171,-1,1170,1171,1172,-1,1172,1171,1173,-1,1172,1173,1158,-1,1158,1173,1159,-1,1162,1174,1163,-1,1163,1174,1175,-1,1149,1176,1123,-1,1123,1176,1125,-1,1130,1127,1132,-1,1132,1127,1126,-1,1132,1126,1144,-1,1144,1126,1177,-1,1144,1177,1142,-1,1142,1177,1178,-1,1142,1178,1140,-1,1140,1178,1179,-1,1140,1179,1138,-1,1138,1179,1180,-1,1138,1180,1136,-1,1136,1180,1181,-1,1136,1181,1134,-1,1134,1181,1174,-1,1134,1174,1146,-1,1146,1174,1162,-1,1146,1162,1157,-1,1157,1162,1164,-1,1157,1164,1155,-1,1155,1164,1166,-1,1155,1166,1153,-1,1153,1166,1168,-1,1153,1168,1151,-1,1151,1168,1170,-1,1151,1170,1149,-1,1160,1176,1158,-1,1158,1176,1149,-1,1158,1149,1172,-1,1172,1149,1170,-1,1126,1128,1182,-1,1126,1182,1177,-1,1177,1182,1183,-1,1177,1183,1178,-1,1178,1183,1184,-1,1178,1184,1179,-1,1179,1184,1185,-1,1179,1185,1180,-1,1180,1185,1186,-1,1180,1186,1181,-1,1181,1186,1175,-1,1181,1175,1174,-1,1161,1148,1187,-1,1187,1148,1122,-1,1187,1122,1124,-1,1129,1131,1128,-1,1128,1131,1133,-1,1128,1133,1182,-1,1182,1133,1145,-1,1182,1145,1183,-1,1183,1145,1143,-1,1183,1143,1184,-1,1184,1143,1141,-1,1184,1141,1185,-1,1185,1141,1139,-1,1185,1139,1186,-1,1186,1139,1137,-1,1186,1137,1175,-1,1175,1137,1135,-1,1175,1135,1163,-1,1163,1135,1147,-1,1163,1147,1165,-1,1165,1147,1156,-1,1165,1156,1167,-1,1167,1156,1154,-1,1167,1154,1169,-1,1169,1154,1152,-1,1169,1152,1171,-1,1171,1152,1150,-1,1171,1150,1173,-1,1173,1150,1148,-1,1173,1148,1159,-1,1159,1148,1161,-1,1188,1189,1190,-1,1190,1189,1191,-1,1192,1193,1194,-1,1194,1193,1195,-1,1193,1196,1195,-1,1195,1196,1197,-1,1196,1198,1197,-1,1197,1198,1199,-1,1200,1201,1202,-1,1202,1201,1203,-1,1202,1203,1204,-1,1204,1203,1205,-1,1204,1205,1206,-1,1206,1205,1207,-1,1206,1207,1208,-1,1208,1207,1209,-1,1208,1209,1210,-1,1210,1209,1211,-1,1210,1211,1198,-1,1198,1211,1199,-1,1200,1212,1201,-1,1201,1212,1213,-1,1189,1188,1214,-1,1189,1214,1215,-1,1215,1214,1216,-1,1215,1216,1217,-1,1217,1216,1218,-1,1217,1218,1219,-1,1219,1218,1220,-1,1219,1220,1221,-1,1221,1220,1222,-1,1221,1222,1223,-1,1223,1222,1213,-1,1223,1213,1212,-1,1224,1225,1226,-1,1226,1225,1227,-1,1228,1229,1230,-1,1230,1229,1231,-1,1230,1231,1232,-1,1232,1231,1233,-1,1232,1233,1234,-1,1234,1233,1235,-1,1234,1235,1236,-1,1236,1235,1237,-1,1236,1237,1238,-1,1238,1237,1239,-1,1238,1239,1224,-1,1224,1239,1225,-1,1228,1240,1229,-1,1229,1240,1241,-1,1215,1242,1189,-1,1189,1242,1191,-1,1196,1193,1198,-1,1198,1193,1192,-1,1198,1192,1210,-1,1210,1192,1243,-1,1210,1243,1208,-1,1208,1243,1244,-1,1208,1244,1206,-1,1206,1244,1245,-1,1206,1245,1204,-1,1204,1245,1246,-1,1204,1246,1202,-1,1202,1246,1247,-1,1202,1247,1200,-1,1200,1247,1240,-1,1200,1240,1212,-1,1212,1240,1228,-1,1212,1228,1223,-1,1223,1228,1230,-1,1223,1230,1221,-1,1221,1230,1232,-1,1221,1232,1219,-1,1219,1232,1234,-1,1219,1234,1217,-1,1217,1234,1236,-1,1217,1236,1215,-1,1226,1242,1224,-1,1224,1242,1215,-1,1224,1215,1238,-1,1238,1215,1236,-1,1192,1194,1248,-1,1192,1248,1243,-1,1243,1248,1249,-1,1243,1249,1244,-1,1244,1249,1250,-1,1244,1250,1245,-1,1245,1250,1251,-1,1245,1251,1246,-1,1246,1251,1252,-1,1246,1252,1247,-1,1247,1252,1241,-1,1247,1241,1240,-1,1227,1214,1253,-1,1253,1214,1188,-1,1253,1188,1190,-1,1195,1197,1194,-1,1194,1197,1199,-1,1194,1199,1248,-1,1248,1199,1211,-1,1248,1211,1249,-1,1249,1211,1209,-1,1249,1209,1250,-1,1250,1209,1207,-1,1250,1207,1251,-1,1251,1207,1205,-1,1251,1205,1252,-1,1252,1205,1203,-1,1252,1203,1241,-1,1241,1203,1201,-1,1241,1201,1229,-1,1229,1201,1213,-1,1229,1213,1231,-1,1231,1213,1222,-1,1231,1222,1233,-1,1233,1222,1220,-1,1233,1220,1235,-1,1235,1220,1218,-1,1235,1218,1237,-1,1237,1218,1216,-1,1237,1216,1239,-1,1239,1216,1214,-1,1239,1214,1225,-1,1225,1214,1227,-1,1254,1255,1256,-1,1256,1255,1257,-1,1258,1259,1260,-1,1260,1259,1261,-1,1259,1262,1261,-1,1261,1262,1263,-1,1262,1264,1263,-1,1263,1264,1265,-1,1266,1267,1268,-1,1268,1267,1269,-1,1268,1269,1270,-1,1270,1269,1271,-1,1270,1271,1272,-1,1272,1271,1273,-1,1272,1273,1274,-1,1274,1273,1275,-1,1274,1275,1276,-1,1276,1275,1277,-1,1276,1277,1264,-1,1264,1277,1265,-1,1266,1278,1267,-1,1267,1278,1279,-1,1255,1254,1280,-1,1255,1280,1281,-1,1281,1280,1282,-1,1281,1282,1283,-1,1283,1282,1284,-1,1283,1284,1285,-1,1285,1284,1286,-1,1285,1286,1287,-1,1287,1286,1288,-1,1287,1288,1289,-1,1289,1288,1279,-1,1289,1279,1278,-1,1290,1291,1292,-1,1292,1291,1293,-1,1294,1295,1296,-1,1296,1295,1297,-1,1296,1297,1298,-1,1298,1297,1299,-1,1298,1299,1300,-1,1300,1299,1301,-1,1300,1301,1302,-1,1302,1301,1303,-1,1302,1303,1304,-1,1304,1303,1305,-1,1304,1305,1290,-1,1290,1305,1291,-1,1294,1306,1295,-1,1295,1306,1307,-1,1281,1308,1255,-1,1255,1308,1257,-1,1262,1259,1264,-1,1264,1259,1258,-1,1264,1258,1276,-1,1276,1258,1309,-1,1276,1309,1274,-1,1274,1309,1310,-1,1274,1310,1272,-1,1272,1310,1311,-1,1272,1311,1270,-1,1270,1311,1312,-1,1270,1312,1268,-1,1268,1312,1313,-1,1268,1313,1266,-1,1266,1313,1306,-1,1266,1306,1278,-1,1278,1306,1294,-1,1278,1294,1289,-1,1289,1294,1296,-1,1289,1296,1287,-1,1287,1296,1298,-1,1287,1298,1285,-1,1285,1298,1300,-1,1285,1300,1283,-1,1283,1300,1302,-1,1283,1302,1281,-1,1292,1308,1290,-1,1290,1308,1281,-1,1290,1281,1304,-1,1304,1281,1302,-1,1258,1260,1314,-1,1258,1314,1309,-1,1309,1314,1315,-1,1309,1315,1310,-1,1310,1315,1316,-1,1310,1316,1311,-1,1311,1316,1317,-1,1311,1317,1312,-1,1312,1317,1318,-1,1312,1318,1313,-1,1313,1318,1307,-1,1313,1307,1306,-1,1293,1280,1319,-1,1319,1280,1254,-1,1319,1254,1256,-1,1261,1263,1260,-1,1260,1263,1265,-1,1260,1265,1314,-1,1314,1265,1277,-1,1314,1277,1315,-1,1315,1277,1275,-1,1315,1275,1316,-1,1316,1275,1273,-1,1316,1273,1317,-1,1317,1273,1271,-1,1317,1271,1318,-1,1318,1271,1269,-1,1318,1269,1307,-1,1307,1269,1267,-1,1307,1267,1295,-1,1295,1267,1279,-1,1295,1279,1297,-1,1297,1279,1288,-1,1297,1288,1299,-1,1299,1288,1286,-1,1299,1286,1301,-1,1301,1286,1284,-1,1301,1284,1303,-1,1303,1284,1282,-1,1303,1282,1305,-1,1305,1282,1280,-1,1305,1280,1291,-1,1291,1280,1293,-1,1320,1321,1322,-1,1322,1321,1323,-1,1324,1325,1326,-1,1326,1325,1327,-1,1325,1328,1327,-1,1327,1328,1329,-1,1328,1330,1329,-1,1329,1330,1331,-1,1332,1333,1334,-1,1334,1333,1335,-1,1334,1335,1336,-1,1336,1335,1337,-1,1336,1337,1338,-1,1338,1337,1339,-1,1338,1339,1340,-1,1340,1339,1341,-1,1340,1341,1342,-1,1342,1341,1343,-1,1342,1343,1330,-1,1330,1343,1331,-1,1332,1344,1333,-1,1333,1344,1345,-1,1321,1320,1346,-1,1321,1346,1347,-1,1347,1346,1348,-1,1347,1348,1349,-1,1349,1348,1350,-1,1349,1350,1351,-1,1351,1350,1352,-1,1351,1352,1353,-1,1353,1352,1354,-1,1353,1354,1355,-1,1355,1354,1345,-1,1355,1345,1344,-1,1356,1357,1358,-1,1358,1357,1359,-1,1360,1361,1362,-1,1362,1361,1363,-1,1362,1363,1364,-1,1364,1363,1365,-1,1364,1365,1366,-1,1366,1365,1367,-1,1366,1367,1368,-1,1368,1367,1369,-1,1368,1369,1370,-1,1370,1369,1371,-1,1370,1371,1356,-1,1356,1371,1357,-1,1360,1372,1361,-1,1361,1372,1373,-1,1347,1374,1321,-1,1321,1374,1323,-1,1328,1325,1330,-1,1330,1325,1324,-1,1330,1324,1342,-1,1342,1324,1375,-1,1342,1375,1340,-1,1340,1375,1376,-1,1340,1376,1338,-1,1338,1376,1377,-1,1338,1377,1336,-1,1336,1377,1378,-1,1336,1378,1334,-1,1334,1378,1379,-1,1334,1379,1332,-1,1332,1379,1372,-1,1332,1372,1344,-1,1344,1372,1360,-1,1344,1360,1355,-1,1355,1360,1362,-1,1355,1362,1353,-1,1353,1362,1364,-1,1353,1364,1351,-1,1351,1364,1366,-1,1351,1366,1349,-1,1349,1366,1368,-1,1349,1368,1347,-1,1358,1374,1356,-1,1356,1374,1347,-1,1356,1347,1370,-1,1370,1347,1368,-1,1324,1326,1380,-1,1324,1380,1375,-1,1375,1380,1381,-1,1375,1381,1376,-1,1376,1381,1382,-1,1376,1382,1377,-1,1377,1382,1383,-1,1377,1383,1378,-1,1378,1383,1384,-1,1378,1384,1379,-1,1379,1384,1373,-1,1379,1373,1372,-1,1359,1346,1385,-1,1385,1346,1320,-1,1385,1320,1322,-1,1327,1329,1326,-1,1326,1329,1331,-1,1326,1331,1380,-1,1380,1331,1343,-1,1380,1343,1381,-1,1381,1343,1341,-1,1381,1341,1382,-1,1382,1341,1339,-1,1382,1339,1383,-1,1383,1339,1337,-1,1383,1337,1384,-1,1384,1337,1335,-1,1384,1335,1373,-1,1373,1335,1333,-1,1373,1333,1361,-1,1361,1333,1345,-1,1361,1345,1363,-1,1363,1345,1354,-1,1363,1354,1365,-1,1365,1354,1352,-1,1365,1352,1367,-1,1367,1352,1350,-1,1367,1350,1369,-1,1369,1350,1348,-1,1369,1348,1371,-1,1371,1348,1346,-1,1371,1346,1357,-1,1357,1346,1359,-1,1386,1387,1388,-1,1388,1387,1389,-1,1390,1391,1392,-1,1392,1391,1393,-1,1391,1394,1393,-1,1393,1394,1395,-1,1394,1396,1395,-1,1395,1396,1397,-1,1398,1399,1400,-1,1400,1399,1401,-1,1400,1401,1402,-1,1402,1401,1403,-1,1402,1403,1404,-1,1404,1403,1405,-1,1404,1405,1406,-1,1406,1405,1407,-1,1406,1407,1408,-1,1408,1407,1409,-1,1408,1409,1396,-1,1396,1409,1397,-1,1398,1410,1399,-1,1399,1410,1411,-1,1387,1386,1412,-1,1387,1412,1413,-1,1413,1412,1414,-1,1413,1414,1415,-1,1415,1414,1416,-1,1415,1416,1417,-1,1417,1416,1418,-1,1417,1418,1419,-1,1419,1418,1420,-1,1419,1420,1421,-1,1421,1420,1411,-1,1421,1411,1410,-1,1422,1423,1424,-1,1424,1423,1425,-1,1426,1427,1428,-1,1428,1427,1429,-1,1428,1429,1430,-1,1430,1429,1431,-1,1430,1431,1432,-1,1432,1431,1433,-1,1432,1433,1434,-1,1434,1433,1435,-1,1434,1435,1436,-1,1436,1435,1437,-1,1436,1437,1422,-1,1422,1437,1423,-1,1426,1438,1427,-1,1427,1438,1439,-1,1440,1389,1387,-1,1387,1413,1440,-1,1440,1413,1422,-1,1440,1422,1424,-1,1394,1391,1396,-1,1396,1391,1390,-1,1396,1390,1408,-1,1408,1390,1441,-1,1408,1441,1406,-1,1406,1441,1442,-1,1406,1442,1404,-1,1404,1442,1443,-1,1404,1443,1402,-1,1402,1443,1444,-1,1402,1444,1400,-1,1400,1444,1445,-1,1400,1445,1398,-1,1398,1445,1438,-1,1398,1438,1410,-1,1410,1438,1426,-1,1410,1426,1421,-1,1421,1426,1428,-1,1421,1428,1419,-1,1419,1428,1430,-1,1419,1430,1417,-1,1417,1430,1432,-1,1417,1432,1415,-1,1415,1432,1434,-1,1415,1434,1413,-1,1413,1434,1436,-1,1413,1436,1422,-1,1390,1392,1446,-1,1390,1446,1441,-1,1441,1446,1447,-1,1441,1447,1442,-1,1442,1447,1448,-1,1442,1448,1443,-1,1443,1448,1449,-1,1443,1449,1444,-1,1444,1449,1450,-1,1444,1450,1445,-1,1445,1450,1439,-1,1445,1439,1438,-1,1425,1412,1451,-1,1451,1412,1386,-1,1451,1386,1388,-1,1393,1395,1392,-1,1392,1395,1397,-1,1392,1397,1446,-1,1446,1397,1409,-1,1446,1409,1447,-1,1447,1409,1407,-1,1447,1407,1448,-1,1448,1407,1405,-1,1448,1405,1449,-1,1449,1405,1403,-1,1449,1403,1450,-1,1450,1403,1401,-1,1450,1401,1439,-1,1439,1401,1399,-1,1439,1399,1427,-1,1427,1399,1411,-1,1427,1411,1429,-1,1429,1411,1420,-1,1429,1420,1431,-1,1431,1420,1418,-1,1431,1418,1433,-1,1433,1418,1416,-1,1433,1416,1435,-1,1435,1416,1414,-1,1435,1414,1437,-1,1437,1414,1412,-1,1437,1412,1423,-1,1423,1412,1425,-1,1452,1453,1454,-1,1454,1453,1455,-1,1456,1457,1458,-1,1458,1457,1459,-1,1457,1460,1459,-1,1459,1460,1461,-1,1460,1462,1461,-1,1461,1462,1463,-1,1464,1465,1466,-1,1466,1465,1467,-1,1466,1467,1468,-1,1468,1467,1469,-1,1468,1469,1470,-1,1470,1469,1471,-1,1470,1471,1472,-1,1472,1471,1473,-1,1472,1473,1474,-1,1474,1473,1475,-1,1474,1475,1462,-1,1462,1475,1463,-1,1464,1476,1465,-1,1465,1476,1477,-1,1453,1452,1478,-1,1453,1478,1479,-1,1479,1478,1480,-1,1479,1480,1481,-1,1481,1480,1482,-1,1481,1482,1483,-1,1483,1482,1484,-1,1483,1484,1485,-1,1485,1484,1486,-1,1485,1486,1487,-1,1487,1486,1477,-1,1487,1477,1476,-1,1488,1489,1490,-1,1490,1489,1491,-1,1492,1493,1494,-1,1494,1493,1495,-1,1494,1495,1496,-1,1496,1495,1497,-1,1496,1497,1498,-1,1498,1497,1499,-1,1498,1499,1500,-1,1500,1499,1501,-1,1500,1501,1502,-1,1502,1501,1503,-1,1502,1503,1488,-1,1488,1503,1489,-1,1492,1504,1493,-1,1493,1504,1505,-1,1506,1455,1453,-1,1453,1479,1506,-1,1506,1479,1488,-1,1506,1488,1490,-1,1460,1457,1462,-1,1462,1457,1456,-1,1462,1456,1474,-1,1474,1456,1507,-1,1474,1507,1472,-1,1472,1507,1508,-1,1472,1508,1470,-1,1470,1508,1509,-1,1470,1509,1468,-1,1468,1509,1510,-1,1468,1510,1466,-1,1466,1510,1511,-1,1466,1511,1464,-1,1464,1511,1504,-1,1464,1504,1476,-1,1476,1504,1492,-1,1476,1492,1487,-1,1487,1492,1494,-1,1487,1494,1485,-1,1485,1494,1496,-1,1485,1496,1483,-1,1483,1496,1498,-1,1483,1498,1481,-1,1481,1498,1500,-1,1481,1500,1479,-1,1479,1500,1502,-1,1479,1502,1488,-1,1456,1458,1512,-1,1456,1512,1507,-1,1507,1512,1513,-1,1507,1513,1508,-1,1508,1513,1514,-1,1508,1514,1509,-1,1509,1514,1515,-1,1509,1515,1510,-1,1510,1515,1516,-1,1510,1516,1511,-1,1511,1516,1505,-1,1511,1505,1504,-1,1491,1478,1517,-1,1517,1478,1452,-1,1517,1452,1454,-1,1459,1461,1458,-1,1458,1461,1463,-1,1458,1463,1512,-1,1512,1463,1475,-1,1512,1475,1513,-1,1513,1475,1473,-1,1513,1473,1514,-1,1514,1473,1471,-1,1514,1471,1515,-1,1515,1471,1469,-1,1515,1469,1516,-1,1516,1469,1467,-1,1516,1467,1505,-1,1505,1467,1465,-1,1505,1465,1493,-1,1493,1465,1477,-1,1493,1477,1495,-1,1495,1477,1486,-1,1495,1486,1497,-1,1497,1486,1484,-1,1497,1484,1499,-1,1499,1484,1482,-1,1499,1482,1501,-1,1501,1482,1480,-1,1501,1480,1503,-1,1503,1480,1478,-1,1503,1478,1489,-1,1489,1478,1491,-1,1518,1519,1520,-1,1520,1519,1521,-1,1522,1523,1524,-1,1524,1523,1525,-1,1523,1526,1525,-1,1525,1526,1527,-1,1526,1528,1527,-1,1527,1528,1529,-1,1530,1531,1532,-1,1532,1531,1533,-1,1532,1533,1534,-1,1534,1533,1535,-1,1534,1535,1536,-1,1536,1535,1537,-1,1536,1537,1538,-1,1538,1537,1539,-1,1538,1539,1540,-1,1540,1539,1541,-1,1540,1541,1528,-1,1528,1541,1529,-1,1530,1542,1531,-1,1531,1542,1543,-1,1519,1518,1544,-1,1519,1544,1545,-1,1545,1544,1546,-1,1545,1546,1547,-1,1547,1546,1548,-1,1547,1548,1549,-1,1549,1548,1550,-1,1549,1550,1551,-1,1551,1550,1552,-1,1551,1552,1553,-1,1553,1552,1543,-1,1553,1543,1542,-1,1554,1555,1556,-1,1556,1555,1557,-1,1558,1559,1560,-1,1560,1559,1561,-1,1560,1561,1562,-1,1562,1561,1563,-1,1562,1563,1564,-1,1564,1563,1565,-1,1564,1565,1566,-1,1566,1565,1567,-1,1566,1567,1568,-1,1568,1567,1569,-1,1568,1569,1554,-1,1554,1569,1555,-1,1558,1570,1559,-1,1559,1570,1571,-1,1572,1521,1519,-1,1519,1545,1572,-1,1572,1545,1554,-1,1572,1554,1556,-1,1526,1523,1528,-1,1528,1523,1522,-1,1528,1522,1540,-1,1540,1522,1573,-1,1540,1573,1538,-1,1538,1573,1574,-1,1538,1574,1536,-1,1536,1574,1575,-1,1536,1575,1534,-1,1534,1575,1576,-1,1534,1576,1532,-1,1532,1576,1577,-1,1532,1577,1530,-1,1530,1577,1570,-1,1530,1570,1542,-1,1542,1570,1558,-1,1542,1558,1553,-1,1553,1558,1560,-1,1553,1560,1551,-1,1551,1560,1562,-1,1551,1562,1549,-1,1549,1562,1564,-1,1549,1564,1547,-1,1547,1564,1566,-1,1547,1566,1545,-1,1545,1566,1568,-1,1545,1568,1554,-1,1522,1524,1578,-1,1522,1578,1573,-1,1573,1578,1579,-1,1573,1579,1574,-1,1574,1579,1580,-1,1574,1580,1575,-1,1575,1580,1581,-1,1575,1581,1576,-1,1576,1581,1582,-1,1576,1582,1577,-1,1577,1582,1571,-1,1577,1571,1570,-1,1557,1544,1583,-1,1583,1544,1518,-1,1583,1518,1520,-1,1525,1527,1524,-1,1524,1527,1529,-1,1524,1529,1578,-1,1578,1529,1541,-1,1578,1541,1579,-1,1579,1541,1539,-1,1579,1539,1580,-1,1580,1539,1537,-1,1580,1537,1581,-1,1581,1537,1535,-1,1581,1535,1582,-1,1582,1535,1533,-1,1582,1533,1571,-1,1571,1533,1531,-1,1571,1531,1559,-1,1559,1531,1543,-1,1559,1543,1561,-1,1561,1543,1552,-1,1561,1552,1563,-1,1563,1552,1550,-1,1563,1550,1565,-1,1565,1550,1548,-1,1565,1548,1567,-1,1567,1548,1546,-1,1567,1546,1569,-1,1569,1546,1544,-1,1569,1544,1555,-1,1555,1544,1557,-1,1584,1585,1586,-1,1586,1585,1587,-1,1588,1589,1590,-1,1590,1589,1591,-1,1589,1592,1591,-1,1591,1592,1593,-1,1592,1594,1593,-1,1593,1594,1595,-1,1596,1597,1598,-1,1598,1597,1599,-1,1598,1599,1600,-1,1600,1599,1601,-1,1600,1601,1602,-1,1602,1601,1603,-1,1602,1603,1604,-1,1604,1603,1605,-1,1604,1605,1606,-1,1606,1605,1607,-1,1606,1607,1594,-1,1594,1607,1595,-1,1596,1608,1597,-1,1597,1608,1609,-1,1585,1584,1610,-1,1585,1610,1611,-1,1611,1610,1612,-1,1611,1612,1613,-1,1613,1612,1614,-1,1613,1614,1615,-1,1615,1614,1616,-1,1615,1616,1617,-1,1617,1616,1618,-1,1617,1618,1619,-1,1619,1618,1609,-1,1619,1609,1608,-1,1620,1621,1622,-1,1622,1621,1623,-1,1624,1625,1626,-1,1626,1625,1627,-1,1626,1627,1628,-1,1628,1627,1629,-1,1628,1629,1630,-1,1630,1629,1631,-1,1630,1631,1632,-1,1632,1631,1633,-1,1632,1633,1634,-1,1634,1633,1635,-1,1634,1635,1620,-1,1620,1635,1621,-1,1624,1636,1625,-1,1625,1636,1637,-1,1611,1638,1585,-1,1585,1638,1587,-1,1592,1589,1594,-1,1594,1589,1588,-1,1594,1588,1606,-1,1606,1588,1639,-1,1606,1639,1604,-1,1604,1639,1640,-1,1604,1640,1602,-1,1602,1640,1641,-1,1602,1641,1600,-1,1600,1641,1642,-1,1600,1642,1598,-1,1598,1642,1643,-1,1598,1643,1596,-1,1596,1643,1636,-1,1596,1636,1608,-1,1608,1636,1624,-1,1608,1624,1619,-1,1619,1624,1626,-1,1619,1626,1617,-1,1617,1626,1628,-1,1617,1628,1615,-1,1615,1628,1630,-1,1615,1630,1613,-1,1613,1630,1632,-1,1613,1632,1611,-1,1622,1638,1620,-1,1620,1638,1611,-1,1620,1611,1634,-1,1634,1611,1632,-1,1588,1590,1644,-1,1588,1644,1639,-1,1639,1644,1645,-1,1639,1645,1640,-1,1640,1645,1646,-1,1640,1646,1641,-1,1641,1646,1647,-1,1641,1647,1642,-1,1642,1647,1648,-1,1642,1648,1643,-1,1643,1648,1637,-1,1643,1637,1636,-1,1623,1610,1649,-1,1649,1610,1584,-1,1649,1584,1586,-1,1591,1593,1590,-1,1590,1593,1595,-1,1590,1595,1644,-1,1644,1595,1607,-1,1644,1607,1645,-1,1645,1607,1605,-1,1645,1605,1646,-1,1646,1605,1603,-1,1646,1603,1647,-1,1647,1603,1601,-1,1647,1601,1648,-1,1648,1601,1599,-1,1648,1599,1637,-1,1637,1599,1597,-1,1637,1597,1625,-1,1625,1597,1609,-1,1625,1609,1627,-1,1627,1609,1618,-1,1627,1618,1629,-1,1629,1618,1616,-1,1629,1616,1631,-1,1631,1616,1614,-1,1631,1614,1633,-1,1633,1614,1612,-1,1633,1612,1635,-1,1635,1612,1610,-1,1635,1610,1621,-1,1621,1610,1623,-1,1650,1651,1652,-1,1652,1651,1653,-1,1654,1655,1656,-1,1656,1655,1657,-1,1655,1658,1657,-1,1657,1658,1659,-1,1658,1660,1659,-1,1659,1660,1661,-1,1662,1663,1664,-1,1664,1663,1665,-1,1664,1665,1666,-1,1666,1665,1667,-1,1666,1667,1668,-1,1668,1667,1669,-1,1668,1669,1670,-1,1670,1669,1671,-1,1670,1671,1672,-1,1672,1671,1673,-1,1672,1673,1660,-1,1660,1673,1661,-1,1662,1674,1663,-1,1663,1674,1675,-1,1651,1650,1676,-1,1651,1676,1677,-1,1677,1676,1678,-1,1677,1678,1679,-1,1679,1678,1680,-1,1679,1680,1681,-1,1681,1680,1682,-1,1681,1682,1683,-1,1683,1682,1684,-1,1683,1684,1685,-1,1685,1684,1675,-1,1685,1675,1674,-1,1686,1687,1688,-1,1688,1687,1689,-1,1690,1691,1692,-1,1692,1691,1693,-1,1692,1693,1694,-1,1694,1693,1695,-1,1694,1695,1696,-1,1696,1695,1697,-1,1696,1697,1698,-1,1698,1697,1699,-1,1698,1699,1700,-1,1700,1699,1701,-1,1700,1701,1686,-1,1686,1701,1687,-1,1690,1702,1691,-1,1691,1702,1703,-1,1677,1704,1651,-1,1651,1704,1653,-1,1658,1655,1660,-1,1660,1655,1654,-1,1660,1654,1672,-1,1672,1654,1705,-1,1672,1705,1670,-1,1670,1705,1706,-1,1670,1706,1668,-1,1668,1706,1707,-1,1668,1707,1666,-1,1666,1707,1708,-1,1666,1708,1664,-1,1664,1708,1709,-1,1664,1709,1662,-1,1662,1709,1702,-1,1662,1702,1674,-1,1674,1702,1690,-1,1674,1690,1685,-1,1685,1690,1692,-1,1685,1692,1683,-1,1683,1692,1694,-1,1683,1694,1681,-1,1681,1694,1696,-1,1681,1696,1679,-1,1679,1696,1698,-1,1679,1698,1677,-1,1688,1704,1686,-1,1686,1704,1677,-1,1686,1677,1700,-1,1700,1677,1698,-1,1654,1656,1710,-1,1654,1710,1705,-1,1705,1710,1711,-1,1705,1711,1706,-1,1706,1711,1712,-1,1706,1712,1707,-1,1707,1712,1713,-1,1707,1713,1708,-1,1708,1713,1714,-1,1708,1714,1709,-1,1709,1714,1703,-1,1709,1703,1702,-1,1689,1676,1715,-1,1715,1676,1650,-1,1715,1650,1652,-1,1657,1659,1656,-1,1656,1659,1661,-1,1656,1661,1710,-1,1710,1661,1673,-1,1710,1673,1711,-1,1711,1673,1671,-1,1711,1671,1712,-1,1712,1671,1669,-1,1712,1669,1713,-1,1713,1669,1667,-1,1713,1667,1714,-1,1714,1667,1665,-1,1714,1665,1703,-1,1703,1665,1663,-1,1703,1663,1691,-1,1691,1663,1675,-1,1691,1675,1693,-1,1693,1675,1684,-1,1693,1684,1695,-1,1695,1684,1682,-1,1695,1682,1697,-1,1697,1682,1680,-1,1697,1680,1699,-1,1699,1680,1678,-1,1699,1678,1701,-1,1701,1678,1676,-1,1701,1676,1687,-1,1687,1676,1689,-1,1716,1717,1718,-1,1718,1717,1719,-1,1720,1721,1722,-1,1722,1721,1723,-1,1721,1724,1723,-1,1723,1724,1725,-1,1724,1726,1725,-1,1725,1726,1727,-1,1728,1729,1730,-1,1730,1729,1731,-1,1730,1731,1732,-1,1732,1731,1733,-1,1732,1733,1734,-1,1734,1733,1735,-1,1734,1735,1736,-1,1736,1735,1737,-1,1736,1737,1738,-1,1738,1737,1739,-1,1738,1739,1726,-1,1726,1739,1727,-1,1728,1740,1729,-1,1729,1740,1741,-1,1717,1716,1742,-1,1717,1742,1743,-1,1743,1742,1744,-1,1743,1744,1745,-1,1745,1744,1746,-1,1745,1746,1747,-1,1747,1746,1748,-1,1747,1748,1749,-1,1749,1748,1750,-1,1749,1750,1751,-1,1751,1750,1741,-1,1751,1741,1740,-1,1752,1753,1754,-1,1754,1753,1755,-1,1756,1757,1758,-1,1758,1757,1759,-1,1758,1759,1760,-1,1760,1759,1761,-1,1760,1761,1762,-1,1762,1761,1763,-1,1762,1763,1764,-1,1764,1763,1765,-1,1764,1765,1766,-1,1766,1765,1767,-1,1766,1767,1752,-1,1752,1767,1753,-1,1756,1768,1757,-1,1757,1768,1769,-1,1743,1770,1717,-1,1717,1770,1719,-1,1724,1721,1726,-1,1726,1721,1720,-1,1726,1720,1738,-1,1738,1720,1771,-1,1738,1771,1736,-1,1736,1771,1772,-1,1736,1772,1734,-1,1734,1772,1773,-1,1734,1773,1732,-1,1732,1773,1774,-1,1732,1774,1730,-1,1730,1774,1775,-1,1730,1775,1728,-1,1728,1775,1768,-1,1728,1768,1740,-1,1740,1768,1756,-1,1740,1756,1751,-1,1751,1756,1758,-1,1751,1758,1749,-1,1749,1758,1760,-1,1749,1760,1747,-1,1747,1760,1762,-1,1747,1762,1745,-1,1745,1762,1764,-1,1745,1764,1743,-1,1754,1770,1752,-1,1752,1770,1743,-1,1752,1743,1766,-1,1766,1743,1764,-1,1720,1722,1776,-1,1720,1776,1771,-1,1771,1776,1777,-1,1771,1777,1772,-1,1772,1777,1778,-1,1772,1778,1773,-1,1773,1778,1779,-1,1773,1779,1774,-1,1774,1779,1780,-1,1774,1780,1775,-1,1775,1780,1769,-1,1775,1769,1768,-1,1755,1742,1781,-1,1781,1742,1716,-1,1781,1716,1718,-1,1723,1725,1722,-1,1722,1725,1727,-1,1722,1727,1776,-1,1776,1727,1739,-1,1776,1739,1777,-1,1777,1739,1737,-1,1777,1737,1778,-1,1778,1737,1735,-1,1778,1735,1779,-1,1779,1735,1733,-1,1779,1733,1780,-1,1780,1733,1731,-1,1780,1731,1769,-1,1769,1731,1729,-1,1769,1729,1757,-1,1757,1729,1741,-1,1757,1741,1759,-1,1759,1741,1750,-1,1759,1750,1761,-1,1761,1750,1748,-1,1761,1748,1763,-1,1763,1748,1746,-1,1763,1746,1765,-1,1765,1746,1744,-1,1765,1744,1767,-1,1767,1744,1742,-1,1767,1742,1753,-1,1753,1742,1755,-1,1782,1783,1784,-1,1784,1783,1785,-1,1786,1787,1788,-1,1788,1787,1789,-1,1787,1790,1789,-1,1789,1790,1791,-1,1790,1792,1791,-1,1791,1792,1793,-1,1794,1795,1796,-1,1796,1795,1797,-1,1796,1797,1798,-1,1798,1797,1799,-1,1798,1799,1800,-1,1800,1799,1801,-1,1800,1801,1802,-1,1802,1801,1803,-1,1802,1803,1804,-1,1804,1803,1805,-1,1804,1805,1792,-1,1792,1805,1793,-1,1794,1806,1795,-1,1795,1806,1807,-1,1783,1782,1808,-1,1783,1808,1809,-1,1809,1808,1810,-1,1809,1810,1811,-1,1811,1810,1812,-1,1811,1812,1813,-1,1813,1812,1814,-1,1813,1814,1815,-1,1815,1814,1816,-1,1815,1816,1817,-1,1817,1816,1807,-1,1817,1807,1806,-1,1818,1819,1820,-1,1820,1819,1821,-1,1822,1823,1824,-1,1824,1823,1825,-1,1824,1825,1826,-1,1826,1825,1827,-1,1826,1827,1828,-1,1828,1827,1829,-1,1828,1829,1830,-1,1830,1829,1831,-1,1830,1831,1832,-1,1832,1831,1833,-1,1832,1833,1818,-1,1818,1833,1819,-1,1822,1834,1823,-1,1823,1834,1835,-1,1809,1836,1783,-1,1783,1836,1785,-1,1790,1787,1792,-1,1792,1787,1786,-1,1792,1786,1804,-1,1804,1786,1837,-1,1804,1837,1802,-1,1802,1837,1838,-1,1802,1838,1800,-1,1800,1838,1839,-1,1800,1839,1798,-1,1798,1839,1840,-1,1798,1840,1796,-1,1796,1840,1841,-1,1796,1841,1794,-1,1794,1841,1834,-1,1794,1834,1806,-1,1806,1834,1822,-1,1806,1822,1817,-1,1817,1822,1824,-1,1817,1824,1815,-1,1815,1824,1826,-1,1815,1826,1813,-1,1813,1826,1828,-1,1813,1828,1811,-1,1811,1828,1830,-1,1811,1830,1809,-1,1820,1836,1818,-1,1818,1836,1809,-1,1818,1809,1832,-1,1832,1809,1830,-1,1786,1788,1842,-1,1786,1842,1837,-1,1837,1842,1843,-1,1837,1843,1838,-1,1838,1843,1844,-1,1838,1844,1839,-1,1839,1844,1845,-1,1839,1845,1840,-1,1840,1845,1846,-1,1840,1846,1841,-1,1841,1846,1835,-1,1841,1835,1834,-1,1821,1808,1847,-1,1847,1808,1782,-1,1847,1782,1784,-1,1789,1791,1788,-1,1788,1791,1793,-1,1788,1793,1842,-1,1842,1793,1805,-1,1842,1805,1843,-1,1843,1805,1803,-1,1843,1803,1844,-1,1844,1803,1801,-1,1844,1801,1845,-1,1845,1801,1799,-1,1845,1799,1846,-1,1846,1799,1797,-1,1846,1797,1835,-1,1835,1797,1795,-1,1835,1795,1823,-1,1823,1795,1807,-1,1823,1807,1825,-1,1825,1807,1816,-1,1825,1816,1827,-1,1827,1816,1814,-1,1827,1814,1829,-1,1829,1814,1812,-1,1829,1812,1831,-1,1831,1812,1810,-1,1831,1810,1833,-1,1833,1810,1808,-1,1833,1808,1819,-1,1819,1808,1821,-1,1848,1849,1850,-1,1850,1849,1851,-1,1852,1853,1854,-1,1854,1853,1855,-1,1853,1856,1855,-1,1855,1856,1857,-1,1856,1858,1857,-1,1857,1858,1859,-1,1860,1861,1862,-1,1862,1861,1863,-1,1862,1863,1864,-1,1864,1863,1865,-1,1864,1865,1866,-1,1866,1865,1867,-1,1866,1867,1868,-1,1868,1867,1869,-1,1868,1869,1870,-1,1870,1869,1871,-1,1870,1871,1858,-1,1858,1871,1859,-1,1860,1872,1861,-1,1861,1872,1873,-1,1849,1848,1874,-1,1849,1874,1875,-1,1875,1874,1876,-1,1875,1876,1877,-1,1877,1876,1878,-1,1877,1878,1879,-1,1879,1878,1880,-1,1879,1880,1881,-1,1881,1880,1882,-1,1881,1882,1883,-1,1883,1882,1873,-1,1883,1873,1872,-1,1884,1885,1886,-1,1886,1885,1887,-1,1888,1889,1890,-1,1890,1889,1891,-1,1890,1891,1892,-1,1892,1891,1893,-1,1892,1893,1894,-1,1894,1893,1895,-1,1894,1895,1896,-1,1896,1895,1897,-1,1896,1897,1898,-1,1898,1897,1899,-1,1898,1899,1884,-1,1884,1899,1885,-1,1888,1900,1889,-1,1889,1900,1901,-1,1875,1902,1849,-1,1849,1902,1851,-1,1856,1853,1858,-1,1858,1853,1852,-1,1858,1852,1870,-1,1870,1852,1903,-1,1870,1903,1868,-1,1868,1903,1904,-1,1868,1904,1866,-1,1866,1904,1905,-1,1866,1905,1864,-1,1864,1905,1906,-1,1864,1906,1862,-1,1862,1906,1907,-1,1862,1907,1860,-1,1860,1907,1900,-1,1860,1900,1872,-1,1872,1900,1888,-1,1872,1888,1883,-1,1883,1888,1890,-1,1883,1890,1881,-1,1881,1890,1892,-1,1881,1892,1879,-1,1879,1892,1894,-1,1879,1894,1877,-1,1877,1894,1896,-1,1877,1896,1875,-1,1886,1902,1884,-1,1884,1902,1875,-1,1884,1875,1898,-1,1898,1875,1896,-1,1852,1854,1908,-1,1852,1908,1903,-1,1903,1908,1909,-1,1903,1909,1904,-1,1904,1909,1910,-1,1904,1910,1905,-1,1905,1910,1911,-1,1905,1911,1906,-1,1906,1911,1912,-1,1906,1912,1907,-1,1907,1912,1901,-1,1907,1901,1900,-1,1887,1874,1913,-1,1913,1874,1848,-1,1913,1848,1850,-1,1855,1857,1854,-1,1854,1857,1859,-1,1854,1859,1908,-1,1908,1859,1871,-1,1908,1871,1909,-1,1909,1871,1869,-1,1909,1869,1910,-1,1910,1869,1867,-1,1910,1867,1911,-1,1911,1867,1865,-1,1911,1865,1912,-1,1912,1865,1863,-1,1912,1863,1901,-1,1901,1863,1861,-1,1901,1861,1889,-1,1889,1861,1873,-1,1889,1873,1891,-1,1891,1873,1882,-1,1891,1882,1893,-1,1893,1882,1880,-1,1893,1880,1895,-1,1895,1880,1878,-1,1895,1878,1897,-1,1897,1878,1876,-1,1897,1876,1899,-1,1899,1876,1874,-1,1899,1874,1885,-1,1885,1874,1887,-1,1914,1915,1916,-1,1916,1915,1917,-1,1918,1919,1920,-1,1920,1919,1921,-1,1919,1922,1921,-1,1921,1922,1923,-1,1922,1924,1923,-1,1923,1924,1925,-1,1926,1927,1928,-1,1928,1927,1929,-1,1928,1929,1930,-1,1930,1929,1931,-1,1930,1931,1932,-1,1932,1931,1933,-1,1932,1933,1934,-1,1934,1933,1935,-1,1934,1935,1936,-1,1936,1935,1937,-1,1936,1937,1924,-1,1924,1937,1925,-1,1926,1938,1927,-1,1927,1938,1939,-1,1915,1914,1940,-1,1915,1940,1941,-1,1941,1940,1942,-1,1941,1942,1943,-1,1943,1942,1944,-1,1943,1944,1945,-1,1945,1944,1946,-1,1945,1946,1947,-1,1947,1946,1948,-1,1947,1948,1949,-1,1949,1948,1939,-1,1949,1939,1938,-1,1950,1951,1952,-1,1952,1951,1953,-1,1954,1955,1956,-1,1956,1955,1957,-1,1956,1957,1958,-1,1958,1957,1959,-1,1958,1959,1960,-1,1960,1959,1961,-1,1960,1961,1962,-1,1962,1961,1963,-1,1962,1963,1964,-1,1964,1963,1965,-1,1964,1965,1950,-1,1950,1965,1951,-1,1954,1966,1955,-1,1955,1966,1967,-1,1941,1968,1915,-1,1915,1968,1917,-1,1922,1919,1924,-1,1924,1919,1918,-1,1924,1918,1936,-1,1936,1918,1969,-1,1936,1969,1934,-1,1934,1969,1970,-1,1934,1970,1932,-1,1932,1970,1971,-1,1932,1971,1930,-1,1930,1971,1972,-1,1930,1972,1928,-1,1928,1972,1973,-1,1928,1973,1926,-1,1926,1973,1966,-1,1926,1966,1938,-1,1938,1966,1954,-1,1938,1954,1949,-1,1949,1954,1956,-1,1949,1956,1947,-1,1947,1956,1958,-1,1947,1958,1945,-1,1945,1958,1960,-1,1945,1960,1943,-1,1943,1960,1962,-1,1943,1962,1941,-1,1952,1968,1950,-1,1950,1968,1941,-1,1950,1941,1964,-1,1964,1941,1962,-1,1918,1920,1974,-1,1918,1974,1969,-1,1969,1974,1975,-1,1969,1975,1970,-1,1970,1975,1976,-1,1970,1976,1971,-1,1971,1976,1977,-1,1971,1977,1972,-1,1972,1977,1978,-1,1972,1978,1973,-1,1973,1978,1967,-1,1973,1967,1966,-1,1953,1940,1979,-1,1979,1940,1914,-1,1979,1914,1916,-1,1921,1923,1920,-1,1920,1923,1925,-1,1920,1925,1974,-1,1974,1925,1937,-1,1974,1937,1975,-1,1975,1937,1935,-1,1975,1935,1976,-1,1976,1935,1933,-1,1976,1933,1977,-1,1977,1933,1931,-1,1977,1931,1978,-1,1978,1931,1929,-1,1978,1929,1967,-1,1967,1929,1927,-1,1967,1927,1955,-1,1955,1927,1939,-1,1955,1939,1957,-1,1957,1939,1948,-1,1957,1948,1959,-1,1959,1948,1946,-1,1959,1946,1961,-1,1961,1946,1944,-1,1961,1944,1963,-1,1963,1944,1942,-1,1963,1942,1965,-1,1965,1942,1940,-1,1965,1940,1951,-1,1951,1940,1953,-1,1980,1981,1982,-1,1982,1981,1983,-1,1984,1985,1986,-1,1986,1985,1987,-1,1985,1988,1987,-1,1987,1988,1989,-1,1988,1990,1989,-1,1989,1990,1991,-1,1992,1993,1994,-1,1994,1993,1995,-1,1994,1995,1996,-1,1996,1995,1997,-1,1996,1997,1998,-1,1998,1997,1999,-1,1998,1999,2000,-1,2000,1999,2001,-1,2000,2001,2002,-1,2002,2001,2003,-1,2002,2003,1990,-1,1990,2003,1991,-1,1992,2004,1993,-1,1993,2004,2005,-1,1981,1980,2006,-1,1981,2006,2007,-1,2007,2006,2008,-1,2007,2008,2009,-1,2009,2008,2010,-1,2009,2010,2011,-1,2011,2010,2012,-1,2011,2012,2013,-1,2013,2012,2014,-1,2013,2014,2015,-1,2015,2014,2005,-1,2015,2005,2004,-1,2016,2017,2018,-1,2018,2017,2019,-1,2020,2021,2022,-1,2022,2021,2023,-1,2022,2023,2024,-1,2024,2023,2025,-1,2024,2025,2026,-1,2026,2025,2027,-1,2026,2027,2028,-1,2028,2027,2029,-1,2028,2029,2030,-1,2030,2029,2031,-1,2030,2031,2016,-1,2016,2031,2017,-1,2020,2032,2021,-1,2021,2032,2033,-1,2007,2034,1981,-1,1981,2034,1983,-1,1988,1985,1990,-1,1990,1985,1984,-1,1990,1984,2002,-1,2002,1984,2035,-1,2002,2035,2000,-1,2000,2035,2036,-1,2000,2036,1998,-1,1998,2036,2037,-1,1998,2037,1996,-1,1996,2037,2038,-1,1996,2038,1994,-1,1994,2038,2039,-1,1994,2039,1992,-1,1992,2039,2032,-1,1992,2032,2004,-1,2004,2032,2020,-1,2004,2020,2015,-1,2015,2020,2022,-1,2015,2022,2013,-1,2013,2022,2024,-1,2013,2024,2011,-1,2011,2024,2026,-1,2011,2026,2009,-1,2009,2026,2028,-1,2009,2028,2007,-1,2018,2034,2016,-1,2016,2034,2007,-1,2016,2007,2030,-1,2030,2007,2028,-1,1984,1986,2040,-1,1984,2040,2035,-1,2035,2040,2041,-1,2035,2041,2036,-1,2036,2041,2042,-1,2036,2042,2037,-1,2037,2042,2043,-1,2037,2043,2038,-1,2038,2043,2044,-1,2038,2044,2039,-1,2039,2044,2033,-1,2039,2033,2032,-1,2019,2006,2045,-1,2045,2006,1980,-1,2045,1980,1982,-1,1987,1989,1986,-1,1986,1989,1991,-1,1986,1991,2040,-1,2040,1991,2003,-1,2040,2003,2041,-1,2041,2003,2001,-1,2041,2001,2042,-1,2042,2001,1999,-1,2042,1999,2043,-1,2043,1999,1997,-1,2043,1997,2044,-1,2044,1997,1995,-1,2044,1995,2033,-1,2033,1995,1993,-1,2033,1993,2021,-1,2021,1993,2005,-1,2021,2005,2023,-1,2023,2005,2014,-1,2023,2014,2025,-1,2025,2014,2012,-1,2025,2012,2027,-1,2027,2012,2010,-1,2027,2010,2029,-1,2029,2010,2008,-1,2029,2008,2031,-1,2031,2008,2006,-1,2031,2006,2017,-1,2017,2006,2019,-1,2046,2047,2048,-1,2048,2047,2049,-1,2050,2051,2052,-1,2052,2051,2053,-1,2051,2054,2053,-1,2053,2054,2055,-1,2054,2056,2055,-1,2055,2056,2057,-1,2058,2059,2060,-1,2060,2059,2061,-1,2060,2061,2062,-1,2062,2061,2063,-1,2062,2063,2064,-1,2064,2063,2065,-1,2064,2065,2066,-1,2066,2065,2067,-1,2066,2067,2068,-1,2068,2067,2069,-1,2068,2069,2056,-1,2056,2069,2057,-1,2058,2070,2059,-1,2059,2070,2071,-1,2047,2046,2072,-1,2047,2072,2073,-1,2073,2072,2074,-1,2073,2074,2075,-1,2075,2074,2076,-1,2075,2076,2077,-1,2077,2076,2078,-1,2077,2078,2079,-1,2079,2078,2080,-1,2079,2080,2081,-1,2081,2080,2071,-1,2081,2071,2070,-1,2082,2083,2084,-1,2084,2083,2085,-1,2086,2087,2088,-1,2088,2087,2089,-1,2088,2089,2090,-1,2090,2089,2091,-1,2090,2091,2092,-1,2092,2091,2093,-1,2092,2093,2094,-1,2094,2093,2095,-1,2094,2095,2096,-1,2096,2095,2097,-1,2096,2097,2082,-1,2082,2097,2083,-1,2086,2098,2087,-1,2087,2098,2099,-1,2073,2100,2047,-1,2047,2100,2049,-1,2054,2051,2056,-1,2056,2051,2050,-1,2056,2050,2068,-1,2068,2050,2101,-1,2068,2101,2066,-1,2066,2101,2102,-1,2066,2102,2064,-1,2064,2102,2103,-1,2064,2103,2062,-1,2062,2103,2104,-1,2062,2104,2060,-1,2060,2104,2105,-1,2060,2105,2058,-1,2058,2105,2098,-1,2058,2098,2070,-1,2070,2098,2086,-1,2070,2086,2081,-1,2081,2086,2088,-1,2081,2088,2079,-1,2079,2088,2090,-1,2079,2090,2077,-1,2077,2090,2092,-1,2077,2092,2075,-1,2075,2092,2094,-1,2075,2094,2073,-1,2084,2100,2082,-1,2082,2100,2073,-1,2082,2073,2096,-1,2096,2073,2094,-1,2050,2052,2106,-1,2050,2106,2101,-1,2101,2106,2107,-1,2101,2107,2102,-1,2102,2107,2108,-1,2102,2108,2103,-1,2103,2108,2109,-1,2103,2109,2104,-1,2104,2109,2110,-1,2104,2110,2105,-1,2105,2110,2099,-1,2105,2099,2098,-1,2085,2072,2111,-1,2111,2072,2046,-1,2111,2046,2048,-1,2053,2055,2052,-1,2052,2055,2057,-1,2052,2057,2106,-1,2106,2057,2069,-1,2106,2069,2107,-1,2107,2069,2067,-1,2107,2067,2108,-1,2108,2067,2065,-1,2108,2065,2109,-1,2109,2065,2063,-1,2109,2063,2110,-1,2110,2063,2061,-1,2110,2061,2099,-1,2099,2061,2059,-1,2099,2059,2087,-1,2087,2059,2071,-1,2087,2071,2089,-1,2089,2071,2080,-1,2089,2080,2091,-1,2091,2080,2078,-1,2091,2078,2093,-1,2093,2078,2076,-1,2093,2076,2095,-1,2095,2076,2074,-1,2095,2074,2097,-1,2097,2074,2072,-1,2097,2072,2083,-1,2083,2072,2085,-1,
        ]
    }
}
Shape{
    appearance Appearance {
        material  Material 	{
            diffuseColor 0.7529411764705882 0.7529411764705882 0.7529411764705882
            specularColor 0.3764705882352941 0.3764705882352941 0.3764705882352941
            ambientIntensity 0.7529
            transparency 0.0
            shininess 0.5
        }
    }
    geometry IndexedFaceSet {
        ccw TRUE
        solid FALSE
        coord DEF co Coordinate {
            point [
                -0.7514 0.1659 0.0398, -0.9051 -0.2278 0.0398, -0.7514 0.1659 0.0394, -0.9051 -0.2278 0.0394, -0.8475 -0.2278 0.0398, -0.8475 -0.2278 0.0394, -0.8076 -0.1174 0.0398, -0.8076 -0.1174 0.0394, -0.645 -0.1174 0.0398, -0.645 -0.1174 0.0394, -0.6074 -0.2278 0.0398, -0.6074 -0.2278 0.0394, -0.5498 -0.2278 0.0398, -0.5498 -0.2278 0.0394, -0.6986 0.1659 0.0398, -0.6986 0.1659 0.0394, -0.6583 -0.0741 0.0398, -0.7899 -0.0741 0.0398, -0.717 0.0903 0.0398, -0.7208 0.104 0.0398, -0.7233 0.1179 0.0398, -0.7246 0.1179 0.0398, -0.7271 0.104 0.0398, -0.7306 0.0903 0.0398, -0.6583 -0.0741 0.0394, -0.7899 -0.0741 0.0394, -0.717 0.0903 0.0394, -0.7208 0.104 0.0394, -0.7233 0.1179 0.0394, -0.7246 0.1179 0.0394, -0.7271 0.104 0.0394, -0.7306 0.0903 0.0394, -0.3111 -0.2278 0.0398, -0.2041 -0.2278 0.0398, -0.3111 -0.2278 0.0394, -0.2041 -0.2278 0.0394, -0.2041 0.1659 0.0398, -0.2041 0.1659 0.0394, -0.3152 0.1659 0.0398, -0.3152 0.1659 0.0394, -0.521 -0.026 0.0398, -0.521 -0.026 0.0394, -0.5181 0.0111 0.0394, -0.5181 0.0111 0.0398, -0.5075 0.0499 0.0394, -0.5075 0.0499 0.0398, -0.4892 0.0837 0.0394, -0.4892 0.0837 0.0398, -0.4614 0.1146 0.0394, -0.4614 0.1146 0.0398, -0.461 0.1149 0.0394, -0.461 0.1149 0.0398, -0.4181 0.1437 0.0394, -0.4181 0.1437 0.0398, -0.3721 0.1598 0.0394, -0.3721 0.1598 0.0398, -0.3599 -0.2235 0.0394, -0.3599 -0.2235 0.0398, -0.4052 -0.21 0.0394, -0.4052 -0.21 0.0398, -0.4463 -0.1861 0.0394, -0.4463 -0.1861 0.0398, -0.4787 -0.1551 0.0394, -0.4787 -0.1551 0.0398, -0.5013 -0.1199 0.0394, -0.5013 -0.1199 0.0398, -0.5154 -0.0787 0.0394, -0.5154 -0.0787 0.0398, -0.4419 0.0675 0.0398, -0.4228 0.0878 0.0398, -0.3941 0.1064 0.0398, -0.3616 0.1178 0.0398, -0.315 0.1227 0.0398, -0.2569 0.1227 0.0398, -0.2569 -0.1846 0.0398, -0.3128 -0.1846 0.0398, -0.3543 -0.1807 0.0398, -0.3875 -0.1704 0.0398, -0.4143 -0.1544 0.0398, -0.4364 -0.1326 0.0398, -0.453 -0.1055 0.0398, -0.4645 -0.0685 0.0398, -0.4682 -0.0271 0.0398, -0.4648 0.0121 0.0398, -0.4556 0.0432 0.0398, -0.315 0.1227 0.0394, -0.2569 0.1227 0.0394, -0.3616 0.1178 0.0394, -0.3941 0.1064 0.0394, -0.4228 0.0878 0.0394, -0.4419 0.0675 0.0394, -0.4556 0.0432 0.0394, -0.4648 0.0121 0.0394, -0.4682 -0.0271 0.0394, -0.4645 -0.0685 0.0394, -0.453 -0.1055 0.0394, -0.4364 -0.1326 0.0394, -0.4143 -0.1544 0.0394, -0.3875 -0.1704 0.0394, -0.3543 -0.1807 0.0394, -0.3128 -0.1846 0.0394, -0.2569 -0.1846 0.0394, -0.1273 -0.1846 0.0398, -0.1273 -0.2278 0.0398, -0.1273 -0.1846 0.0394, -0.1273 -0.2278 0.0394, 0.084 -0.2278 0.0398, 0.084 -0.2278 0.0394, 0.084 0.1659 0.0398, 0.084 0.1659 0.0394, -0.1177 0.1659 0.0398, -0.1177 0.1659 0.0394, -0.1177 0.1227 0.0398, -0.1177 0.1227 0.0394, 0.0312 0.1227 0.0398, 0.0312 0.1227 0.0394, 0.0312 -0.0069 0.0398, 0.0312 -0.0069 0.0394, -0.1081 -0.0069 0.0398, -0.1081 -0.0069 0.0394, -0.1081 -0.0501 0.0398, -0.1081 -0.0501 0.0394, 0.0312 -0.0501 0.0398, 0.0312 -0.0501 0.0394, 0.0312 -0.1846 0.0398, 0.0312 -0.1846 0.0394, 0.1608 -0.1642 0.0398, 0.1608 -0.2074 0.0398, 0.1608 -0.1642 0.0394, 0.1608 -0.2074 0.0394, 0.2028 -0.2246 0.0398, 0.2691 -0.2326 0.0398, 0.2691 -0.2326 0.0394, 0.2584 -0.2324 0.0394, 0.2584 -0.2324 0.0398, 0.2426 -0.2302 0.0394, 0.2028 -0.2246 0.0394, 0.2923 -0.2302 0.0394, 0.3177 -0.2276 0.0398, 0.3177 -0.2276 0.0394, 0.3558 -0.2144 0.0398, 0.3558 -0.2144 0.0394, 0.3875 -0.1942 0.0398, 0.3875 -0.1942 0.0394, 0.4171 -0.1631 0.0398, 0.4171 -0.1631 0.0394, 0.438 -0.1256 0.0398, 0.438 -0.1256 0.0394, 0.4499 -0.084 0.0398, 0.4499 -0.084 0.0394, 0.4537 -0.0384 0.0398, 0.4537 -0.0384 0.0394, 0.2535 0.1707 0.0398, 0.2535 0.1707 0.0394, 0.293 0.1675 0.0394, 0.293 0.1675 0.0398, 0.3369 0.1547 0.0394, 0.3369 0.1547 0.0398, 0.3743 0.1332 0.0394, 0.3743 0.1332 0.0398, 0.4098 0.099 0.0394, 0.4098 0.099 0.0398, 0.4329 0.0622 0.0394, 0.4329 0.0622 0.0398, 0.448 0.0176 0.0394, 0.448 0.0176 0.0398, 0.1608 0.1551 0.0398, 0.1608 0.1551 0.0394, 0.2063 0.1675 0.0394, 0.2063 0.1675 0.0398, 0.1608 0.1023 0.0398, 0.1608 0.1023 0.0394, 0.253 0.1275 0.0398, 0.253 0.1275 0.0394, 0.2052 0.1213 0.0394, 0.2052 0.1213 0.0398, 0.4009 -0.0351 0.0398, 0.4009 -0.0351 0.0394, 0.399 -0.0045 0.0394, 0.399 -0.0045 0.0398, 0.3885 0.0376 0.0394, 0.3885 0.0376 0.0398, 0.3723 0.068 0.0394, 0.3723 0.068 0.0398, 0.3485 0.0943 0.0394, 0.3485 0.0943 0.0398, 0.3212 0.1125 0.0394, 0.3212 0.1125 0.0398, 0.2918 0.1232 0.0394, 0.2918 0.1232 0.0398, 0.2619 -0.1894 0.0398, 0.2619 -0.1894 0.0394, 0.2986 -0.1853 0.0394, 0.2986 -0.1853 0.0398, 0.3273 -0.1747 0.0394, 0.3273 -0.1747 0.0398, 0.3514 -0.1584 0.0394, 0.3514 -0.1584 0.0398, 0.3699 -0.1389 0.0394, 0.3699 -0.1389 0.0398, 0.3862 -0.1116 0.0394, 0.3862 -0.1116 0.0398, 0.3969 -0.0778 0.0394, 0.3969 -0.0778 0.0398, 0.1679 -0.1681 0.0394, 0.1679 -0.1681 0.0398, 0.2096 -0.1836 0.0394, 0.2096 -0.1836 0.0398, 0.4873 -0.1846 0.0398, 0.4873 -0.2278 0.0398, 0.4873 -0.1846 0.0394, 0.4873 -0.2278 0.0394, 0.6889 -0.2278 0.0398, 0.6889 -0.2278 0.0394, 0.6889 0.1659 0.0398, 0.6889 0.1659 0.0394, 0.6361 0.1659 0.0398, 0.6361 0.1659 0.0394, 0.6361 -0.1846 0.0398, 0.6361 -0.1846 0.0394
            ]
        }
        coordIndex [
            0,1,2,-1,2,1,3,-1,1,4,3,-1,3,4,5,-1,4,6,5,-1,5,6,7,-1,6,8,7,-1,7,8,9,-1,8,10,9,-1,9,10,11,-1,10,12,11,-1,11,12,13,-1,12,14,13,-1,13,14,15,-1,14,0,15,-1,15,0,2,-1,16,8,17,-1,17,8,6,-1,18,14,16,-1,16,14,12,-1,16,12,8,-1,8,12,10,-1,18,19,14,-1,14,19,20,-1,14,20,0,-1,0,20,21,-1,0,21,22,-1,22,23,0,-1,0,23,17,-1,0,17,1,-1,1,17,6,-1,1,6,4,-1,16,17,24,-1,24,17,25,-1,18,16,26,-1,26,16,24,-1,18,26,27,-1,18,27,19,-1,19,27,28,-1,19,28,20,-1,21,20,29,-1,29,20,28,-1,21,29,30,-1,21,30,22,-1,22,30,31,-1,22,31,23,-1,17,23,25,-1,25,23,31,-1,32,33,34,-1,34,33,35,-1,33,36,35,-1,35,36,37,-1,36,38,37,-1,37,38,39,-1,40,41,42,-1,40,42,43,-1,43,42,44,-1,43,44,45,-1,45,44,46,-1,45,46,47,-1,47,46,48,-1,47,48,49,-1,49,48,50,-1,49,50,51,-1,51,50,52,-1,51,52,53,-1,53,52,54,-1,53,54,55,-1,55,54,39,-1,55,39,38,-1,32,34,56,-1,32,56,57,-1,57,56,58,-1,57,58,59,-1,59,58,60,-1,59,60,61,-1,61,60,62,-1,61,62,63,-1,63,62,64,-1,63,64,65,-1,65,64,66,-1,65,66,67,-1,67,66,41,-1,67,41,40,-1,45,47,68,-1,68,47,49,-1,68,49,69,-1,69,49,51,-1,69,51,70,-1,70,51,53,-1,70,53,71,-1,71,53,55,-1,71,55,72,-1,72,55,38,-1,72,38,73,-1,73,38,36,-1,73,36,74,-1,74,36,33,-1,74,33,75,-1,75,33,32,-1,75,32,76,-1,76,32,57,-1,76,57,77,-1,77,57,59,-1,77,59,78,-1,78,59,61,-1,78,61,79,-1,79,61,63,-1,79,63,80,-1,80,63,65,-1,80,65,81,-1,81,65,67,-1,81,67,82,-1,82,67,40,-1,82,40,83,-1,83,40,43,-1,83,43,84,-1,84,43,45,-1,84,45,68,-1,72,73,85,-1,85,73,86,-1,72,85,87,-1,72,87,71,-1,71,87,88,-1,71,88,70,-1,70,88,89,-1,70,89,69,-1,69,89,90,-1,69,90,68,-1,68,90,91,-1,68,91,84,-1,84,91,92,-1,84,92,83,-1,83,92,93,-1,83,93,82,-1,82,93,94,-1,82,94,81,-1,81,94,95,-1,81,95,80,-1,80,95,96,-1,80,96,79,-1,79,96,97,-1,79,97,78,-1,78,97,98,-1,78,98,77,-1,77,98,99,-1,77,99,76,-1,76,99,100,-1,76,100,75,-1,74,75,101,-1,101,75,100,-1,73,74,86,-1,86,74,101,-1,102,103,104,-1,104,103,105,-1,103,106,105,-1,105,106,107,-1,106,108,107,-1,107,108,109,-1,108,110,109,-1,109,110,111,-1,110,112,111,-1,111,112,113,-1,112,114,113,-1,113,114,115,-1,114,116,115,-1,115,116,117,-1,116,118,117,-1,117,118,119,-1,118,120,119,-1,119,120,121,-1,120,122,121,-1,121,122,123,-1,122,124,123,-1,123,124,125,-1,124,102,125,-1,125,102,104,-1,106,103,102,-1,102,124,106,-1,106,124,122,-1,106,122,108,-1,112,110,114,-1,114,110,108,-1,114,108,116,-1,116,108,122,-1,116,122,118,-1,118,122,120,-1,126,127,128,-1,128,127,129,-1,129,127,130,-1,131,132,133,-1,131,133,134,-1,134,133,135,-1,134,135,130,-1,130,135,136,-1,130,136,129,-1,132,131,137,-1,137,131,138,-1,137,138,139,-1,139,138,140,-1,139,140,141,-1,141,140,142,-1,141,142,143,-1,143,142,144,-1,143,144,145,-1,145,144,146,-1,145,146,147,-1,147,146,148,-1,147,148,149,-1,149,148,150,-1,149,150,151,-1,152,153,154,-1,152,154,155,-1,155,154,156,-1,155,156,157,-1,157,156,158,-1,157,158,159,-1,159,158,160,-1,159,160,161,-1,161,160,162,-1,161,162,163,-1,163,162,164,-1,163,164,165,-1,165,164,151,-1,165,151,150,-1,166,167,168,-1,166,168,169,-1,169,168,153,-1,169,153,152,-1,166,170,167,-1,167,170,171,-1,172,173,174,-1,172,174,175,-1,175,174,171,-1,175,171,170,-1,176,177,178,-1,176,178,179,-1,179,178,180,-1,179,180,181,-1,181,180,182,-1,181,182,183,-1,183,182,184,-1,183,184,185,-1,185,184,186,-1,185,186,187,-1,187,186,188,-1,187,188,189,-1,189,188,173,-1,189,173,172,-1,190,191,192,-1,190,192,193,-1,193,192,194,-1,193,194,195,-1,195,194,196,-1,195,196,197,-1,197,196,198,-1,197,198,199,-1,199,198,200,-1,199,200,201,-1,201,200,202,-1,201,202,203,-1,203,202,177,-1,203,177,176,-1,126,128,204,-1,126,204,205,-1,205,204,206,-1,205,206,207,-1,207,206,191,-1,207,191,190,-1,193,131,190,-1,190,131,134,-1,190,134,207,-1,207,134,130,-1,207,130,205,-1,205,130,127,-1,205,127,126,-1,170,166,175,-1,175,166,169,-1,175,169,172,-1,172,169,152,-1,172,152,189,-1,189,152,155,-1,189,155,187,-1,187,155,157,-1,187,157,185,-1,185,157,159,-1,185,159,183,-1,183,159,161,-1,183,161,181,-1,181,161,163,-1,181,163,179,-1,179,163,165,-1,179,165,176,-1,176,165,150,-1,176,150,203,-1,203,150,148,-1,203,148,201,-1,201,148,146,-1,201,146,199,-1,199,146,144,-1,199,144,197,-1,197,144,142,-1,197,142,195,-1,195,142,140,-1,195,140,193,-1,193,140,138,-1,193,138,131,-1,208,209,210,-1,210,209,211,-1,209,212,211,-1,211,212,213,-1,212,214,213,-1,213,214,215,-1,214,216,215,-1,215,216,217,-1,216,218,217,-1,217,218,219,-1,218,208,219,-1,219,208,210,-1,216,214,218,-1,218,214,212,-1,218,212,208,-1,208,212,209,-1,
        ]
    }
}
Shape{
    appearance Appearance {
        material  Material 	{
            diffuseColor 0.2235294117647059 0.2235294117647059 0.2235294117647059
            specularColor 0.11372549019607843 0.11372549019607843 0.11372549019607843
            ambientIntensity 0.2235
            transparency 0.0
            shininess 0.5
        }
    }
    geometry IndexedFaceSet {
        ccw TRUE
        solid FALSE
        coord DEF co Coordinate {
            point [
                -0.6583 -0.0741 0.0394, -0.7899 -0.0741 0.0394, -0.717 0.0903 0.0394, -0.7306 0.0903 0.0394, -0.7208 0.104 0.0394, -0.7271 0.104 0.0394, -0.7233 0.1179 0.0394, -0.7246 0.1179 0.0394, -0.2569 0.1227 0.0394, -0.2569 -0.1846 0.0394, -0.315 0.1227 0.0394, -0.3128 -0.1846 0.0394, -0.3543 -0.1807 0.0394, -0.4682 -0.0271 0.0394, -0.4648 0.0121 0.0394, -0.4556 0.0432 0.0394, -0.3616 0.1178 0.0394, -0.3875 -0.1704 0.0394, -0.4143 -0.1544 0.0394, -0.4364 -0.1326 0.0394, -0.453 -0.1055 0.0394, -0.4645 -0.0685 0.0394, -0.4419 0.0675 0.0394, -0.4228 0.0878 0.0394, -0.3941 0.1064 0.0394
            ]
        }
        coordIndex [
            0,1,2,-1,2,1,3,-1,2,3,4,-1,4,3,5,-1,4,5,6,-1,6,5,7,-1,8,9,10,-1,10,9,11,-1,10,11,12,-1,13,14,10,-1,10,14,15,-1,10,15,16,-1,12,17,10,-1,10,17,18,-1,10,18,19,-1,19,20,10,-1,10,20,21,-1,10,21,13,-1,22,23,15,-1,15,23,24,-1,15,24,16,-1,
        ]
    }
}